symbol,date,open,high,low,close,adj_close,volume
VOO,2010-09-09,102.5,102.5,101.13999938964844,101.31999969482422,76.31314849853516,26500
VOO,2010-09-10,101.68000030517578,101.86000061035156,101.30000305175781,101.77999877929688,76.65961456298828,8600
VOO,2010-09-13,102.95999908447266,103.13999938964844,102.5,103.05999755859375,77.62364959716797,33750
VOO,2010-09-14,102.83999633789062,103.4800033569336,102.37999725341797,103.04000091552734,77.60862731933594,59400
VOO,2010-09-15,102.62000274658203,103.37999725341797,102.4000015258789,103.30000305175781,77.80442810058594,9250
VOO,2010-09-16,103.0199966430664,103.31999969482422,102.69999694824219,103.26000213623047,77.77432250976562,59550
VOO,2010-09-17,103.87999725341797,103.87999725341797,103.0199966430664,103.36000061035156,77.84963989257812,49350
VOO,2010-09-20,103.73999786376953,105.04000091552734,103.45999908447266,105.04000091552734,79.11498260498047,19000
VOO,2010-09-21,105.0199966430664,105.44000244140625,104.27999877929688,104.72000122070312,78.87398529052734,19250
VOO,2010-09-22,104.55999755859375,105.04000091552734,103.95999908447266,104.16000366210938,78.45215606689453,18100
VOO,2010-09-23,103.31999969482422,104.33999633789062,103.12000274658203,103.30000305175781,77.80442810058594,33350
VOO,2010-09-24,103.94000244140625,104.9000015258789,103.86000061035156,104.83999633789062,79.39321899414062,24100
VOO,2010-09-27,104.9800033569336,104.9800033569336,104.33999633789062,104.33999633789062,79.01459503173828,15000
VOO,2010-09-28,104.31999969482422,105.0199966430664,103.41999816894531,105.0199966430664,79.5295181274414,49850
VOO,2010-09-29,104.58000183105469,104.91999816894531,104.22000122070312,104.5199966430664,79.1509017944336,15900
VOO,2010-09-30,105.19999694824219,105.68000030517578,103.95999908447266,104.36000061035156,79.02971649169922,44750
VOO,2010-10-01,105.08000183105469,105.16000366210938,104.16000366210938,104.72000122070312,79.30235290527344,17100
VOO,2010-10-04,105.26000213623047,105.26000213623047,103.5,103.83999633789062,78.63589477539062,88700
VOO,2010-10-05,105.0199966430664,106.19999694824219,104.81999969482422,106.12000274658203,80.36251831054688,19850
VOO,2010-10-06,106.12000274658203,106.27999877929688,105.62000274658203,105.94000244140625,80.22622680664062,276900
VOO,2010-10-07,106.5,106.5,105.31999969482422,105.87999725341797,80.18079376220703,49900
VOO,2010-10-08,106.0199966430664,106.73999786376953,105.66000366210938,106.68000030517578,80.78661346435547,61550
VOO,2010-10-11,106.72000122070312,106.83999633789062,106.27999877929688,106.5,80.65029907226562,14200
VOO,2010-10-12,106.37999725341797,107.23999786376953,105.73999786376953,107.12000274658203,81.11981201171875,42050
VOO,2010-10-13,107.58000183105469,108.27999877929688,107.23999786376953,107.76000213623047,81.6044692993164,74450
VOO,2010-10-14,107.69999694824219,107.81999969482422,106.80000305175781,107.36000061035156,81.30155181884766,19100
VOO,2010-10-15,108.04000091552734,108.08000183105469,106.72000122070312,107.55999755859375,81.45301818847656,54950
VOO,2010-10-18,107.62000274658203,108.44000244140625,107.44000244140625,108.33999633789062,82.04368591308594,22850
VOO,2010-10-19,107.13999938964844,107.68000030517578,106.0199966430664,106.62000274658203,80.74116516113281,38550
VOO,2010-10-20,106.94000244140625,108.16000366210938,106.94000244140625,107.76000213623047,81.6044692993164,22800
VOO,2010-10-21,108.26000213623047,108.76000213623047,107.30000305175781,107.91999816894531,81.72564697265625,29400
VOO,2010-10-22,108.16000366210938,108.19999694824219,107.94000244140625,108.18000030517578,81.92252349853516,24850
VOO,2010-10-25,109.0199966430664,109.27999877929688,108.45999908447266,108.5,82.16486358642578,29600
VOO,2010-10-26,107.91999816894531,108.55999755859375,107.87999725341797,108.4800033569336,82.14970397949219,15000
VOO,2010-10-27,107.73999786376953,108.22000122070312,107.22000122070312,108.13999938964844,81.89222717285156,17150
VOO,2010-10-28,108.76000213623047,108.81999969482422,107.76000213623047,108.22000122070312,81.95282745361328,19250
VOO,2010-10-29,108.0999984741211,108.41999816894531,108.0,108.30000305175781,82.0134048461914,13400
VOO,2010-11-01,108.91999816894531,109.41999816894531,107.76000213623047,108.36000061035156,82.05883026123047,51550
VOO,2010-11-02,109.22000122070312,109.41999816894531,108.86000061035156,109.19999694824219,82.6949462890625,26100
VOO,2010-11-03,109.41999816894531,109.66000366210938,108.31999969482422,109.66000366210938,83.04328918457031,31850
VOO,2010-11-04,110.9000015258789,111.80000305175781,110.73999786376953,111.72000122070312,84.6032943725586,49000
VOO,2010-11-05,111.9000015258789,112.30000305175781,111.68000030517578,112.16000366210938,84.93653106689453,48300
VOO,2010-11-08,111.87999725341797,112.08000183105469,111.5,112.0199966430664,84.8304672241211,43400
VOO,2010-11-09,112.18000030517578,112.30000305175781,110.80000305175781,111.13999938964844,84.16407775878906,35700
VOO,2010-11-10,111.16000366210938,111.5999984741211,110.31999969482422,111.55999755859375,84.48211669921875,28200
VOO,2010-11-11,110.68000030517578,111.27999877929688,110.41999816894531,111.19999694824219,84.20948791503906,24000
VOO,2010-11-12,110.4000015258789,110.86000061035156,109.37999725341797,109.81999969482422,83.16448211669922,39450
VOO,2010-11-15,110.30000305175781,110.5199966430664,109.63999938964844,109.72000122070312,83.08875274658203,202750
VOO,2010-11-16,109.0199966430664,109.0199966430664,107.4800033569336,107.95999908447266,81.75590515136719,32850
VOO,2010-11-17,108.05999755859375,108.45999908447266,107.77999877929688,108.04000091552734,81.81648254394531,42450
VOO,2010-11-18,109.08000183105469,109.91999816894531,109.08000183105469,109.63999938964844,83.02818298339844,26100
VOO,2010-11-19,109.5,109.94000244140625,109.04000091552734,109.9000015258789,83.22506713867188,20250
VOO,2010-11-22,109.41999816894531,109.80000305175781,108.58000183105469,109.80000305175781,83.14933013916016,25350
VOO,2010-11-23,108.55999755859375,108.63999938964844,107.91999816894531,108.26000213623047,81.98312377929688,142400
VOO,2010-11-24,108.94000244140625,109.77999877929688,108.94000244140625,109.66000366210938,83.04328918457031,30100
VOO,2010-11-26,108.95999908447266,109.4000015258789,108.81999969482422,109.04000091552734,82.57382202148438,32650
VOO,2010-11-29,108.36000061035156,109.16000366210938,107.66000366210938,108.94000244140625,82.49805450439453,46000
VOO,2010-11-30,107.95999908447266,108.86000061035156,107.81999969482422,108.18000030517578,81.92252349853516,91950
VOO,2010-12-01,109.91999816894531,110.73999786376953,109.87999725341797,110.62000274658203,83.77029418945312,33350
VOO,2010-12-02,110.73999786376953,112.0999984741211,110.73999786376953,112.05999755859375,84.86077880859375,60650
VOO,2010-12-03,111.66000366210938,112.45999908447266,111.63999938964844,112.33999633789062,85.07279968261719,184100
VOO,2010-12-06,112.16000366210938,112.41999816894531,112.0,112.19999694824219,84.96675872802734,64150
VOO,2010-12-07,113.33999633789062,113.37999725341797,112.19999694824219,112.23999786376953,84.99707794189453,109000
VOO,2010-12-08,112.4000015258789,112.73999786376953,111.95999908447266,112.69999694824219,85.34542846679688,69050
VOO,2010-12-09,113.33999633789062,113.33999633789062,112.66000366210938,113.12000274658203,85.66346740722656,54850
VOO,2010-12-10,113.4800033569336,113.87999725341797,113.22000122070312,113.80000305175781,86.17845153808594,73950
VOO,2010-12-13,114.31999969482422,114.44000244140625,113.81999969482422,113.86000061035156,86.22388458251953,77050
VOO,2010-12-14,114.12000274658203,114.36000061035156,113.66000366210938,113.91999816894531,86.26931762695312,59650
VOO,2010-12-15,113.73999786376953,114.19999694824219,113.23999786376953,113.41999816894531,85.89068603515625,43600
VOO,2010-12-16,113.55999755859375,114.16000366210938,113.12000274658203,114.08000183105469,86.39045715332031,60600
VOO,2010-12-17,114.0,114.33999633789062,113.81999969482422,114.23999786376953,86.51163482666016,59150
VOO,2010-12-20,114.58000183105469,114.73999786376953,113.95999908447266,114.4800033569336,86.69337463378906,72600
VOO,2010-12-21,114.86000061035156,115.30000305175781,114.77999877929688,115.18000030517578,87.22349548339844,76200
VOO,2010-12-22,115.33999633789062,115.5999984741211,115.23999786376953,115.5999984741211,87.54154968261719,108250
VOO,2010-12-23,115.44000244140625,115.5199966430664,115.16000366210938,115.41999816894531,87.40522766113281,57400
VOO,2010-12-27,114.45999908447266,115.0199966430664,114.4000015258789,114.9800033569336,87.47067260742188,71800
VOO,2010-12-28,115.22000122070312,115.22000122070312,114.80000305175781,115.0999984741211,87.56196594238281,56650
VOO,2010-12-29,115.31999969482422,115.44000244140625,115.19999694824219,115.19999694824219,87.63799285888672,53600
VOO,2010-12-30,115.12000274658203,115.26000213623047,114.87999725341797,115.0199966430664,87.5010986328125,78900
VOO,2010-12-31,114.86000061035156,115.13999938964844,114.68000030517578,115.13999938964844,87.59239196777344,145750
VOO,2011-01-03,115.94000244140625,116.66000366210938,115.9000015258789,116.22000122070312,88.4139633178711,119200
VOO,2011-01-04,116.55999755859375,116.55999755859375,115.5,116.12000274658203,88.3379135131836,108350
VOO,2011-01-05,115.86000061035156,116.80000305175781,115.72000122070312,116.73999786376953,88.80956268310547,717750
VOO,2011-01-06,116.83999633789062,116.91999816894531,116.22000122070312,116.54000091552734,88.6574478149414,72450
VOO,2011-01-07,116.69999694824219,116.86000061035156,115.4800033569336,116.30000305175781,88.47484588623047,82250
VOO,2011-01-10,115.87999725341797,116.27999877929688,115.4800033569336,116.19999694824219,88.39877319335938,124500
VOO,2011-01-11,116.66000366210938,116.83999633789062,116.12000274658203,116.58000183105469,88.68782043457031,131700
VOO,2011-01-12,117.31999969482422,117.72000122070312,117.0999984741211,117.62000274658203,89.47904205322266,107350
VOO,2011-01-13,117.68000030517578,117.73999786376953,117.16000366210938,117.45999908447266,89.35731506347656,96050
VOO,2011-01-14,117.30000305175781,118.33999633789062,117.26000213623047,118.30000305175781,89.99633026123047,193400
VOO,2011-01-18,118.26000213623047,118.58000183105469,118.04000091552734,118.5,90.14848327636719,194900
VOO,2011-01-19,118.44000244140625,118.5,117.0199966430664,117.31999969482422,89.25079345703125,111950
VOO,2011-01-20,117.08000183105469,117.37999725341797,116.31999969482422,117.18000030517578,89.14430236816406,103450
VOO,2011-01-21,117.9000015258789,118.13999938964844,117.31999969482422,117.44000244140625,89.34210968017578,117950
VOO,2011-01-24,117.4000015258789,118.19999694824219,117.37999725341797,118.16000366210938,89.88983917236328,455900
VOO,2011-01-25,117.80000305175781,118.19999694824219,117.19999694824219,118.12000274658203,89.85938262939453,226550
VOO,2011-01-26,118.44000244140625,118.94000244140625,118.23999786376953,118.73999786376953,90.3310546875,109250
VOO,2011-01-27,118.68000030517578,119.0999984741211,118.4800033569336,118.9000015258789,90.45276641845703,297250
VOO,2011-01-28,119.08000183105469,119.22000122070312,116.68000030517578,116.80000305175781,88.85520935058594,891400
VOO,2011-01-31,117.22000122070312,117.80000305175781,116.94000244140625,117.69999694824219,89.53990173339844,140550
VOO,2011-02-01,118.4800033569336,119.77999877929688,118.37999725341797,119.54000091552734,90.93965911865234,147400
VOO,2011-02-02,119.23999786376953,119.66000366210938,119.23999786376953,119.33999633789062,90.7874984741211,91000
VOO,2011-02-03,119.19999694824219,119.80000305175781,118.5,119.63999938964844,91.0157699584961,72250
VOO,2011-02-04,119.69999694824219,120.0199966430664,119.13999938964844,119.95999908447266,91.25919342041016,97050
VOO,2011-02-07,120.30000305175781,121.12000274658203,120.26000213623047,120.72000122070312,91.83736419677734,118050
VOO,2011-02-08,120.87999725341797,121.30000305175781,120.5999984741211,121.27999877929688,92.26335144042969,153500
VOO,2011-02-09,120.9800033569336,121.27999877929688,120.45999908447266,120.9800033569336,92.03514862060547,139650
VOO,2011-02-10,120.4000015258789,121.16000366210938,120.16000366210938,121.0199966430664,92.06556701660156,125200
VOO,2011-02-11,120.5999984741211,121.91999816894531,120.55999755859375,121.77999877929688,92.64371490478516,149200
VOO,2011-02-14,121.72000122070312,122.13999938964844,121.58000183105469,122.08000183105469,92.8719482421875,92200
VOO,2011-02-15,121.72000122070312,121.86000061035156,121.37999725341797,121.63999938964844,92.53722381591797,82150
VOO,2011-02-16,122.0999984741211,122.5999984741211,121.9800033569336,122.41999816894531,93.13058471679688,94300
VOO,2011-02-17,122.05999755859375,122.95999908447266,121.95999908447266,122.87999725341797,93.48053741455078,158250
VOO,2011-02-18,122.95999908447266,123.22000122070312,122.68000030517578,123.08000183105469,93.63270568847656,120800
VOO,2011-02-22,121.68000030517578,122.37999725341797,120.23999786376953,120.55999755859375,91.71562957763672,288400
VOO,2011-02-23,120.5,120.76000213623047,119.0999984741211,119.87999725341797,91.19828796386719,276000
VOO,2011-02-24,119.66000366210938,120.16000366210938,118.66000366210938,119.76000213623047,91.10704040527344,241300
VOO,2011-02-25,120.33999633789062,121.12000274658203,120.19999694824219,121.05999755859375,92.09598541259766,106350
VOO,2011-02-28,121.54000091552734,121.94000244140625,121.16000366210938,121.77999877929688,92.64371490478516,208350
VOO,2011-03-01,122.27999877929688,122.30000305175781,119.69999694824219,119.69999694824219,91.06134796142578,235350
VOO,2011-03-02,119.62000274658203,120.55999755859375,119.5,120.04000091552734,91.32003784179688,176350
VOO,2011-03-03,121.08000183105469,122.23999786376953,121.08000183105469,122.0999984741211,92.88717651367188,136450
VOO,2011-03-04,122.05999755859375,122.05999755859375,120.4000015258789,121.19999694824219,92.20252227783203,168250
VOO,2011-03-07,121.5999984741211,121.73999786376953,119.5999984741211,120.13999938964844,91.39612579345703,155200
VOO,2011-03-08,120.41999816894531,121.62000274658203,119.95999908447266,121.26000213623047,92.2481689453125,106350
VOO,2011-03-09,121.05999755859375,121.37999725341797,120.5,121.12000274658203,92.14163970947266,116450
VOO,2011-03-10,119.87999725341797,119.87999725341797,118.76000213623047,118.9000015258789,90.45276641845703,267850
VOO,2011-03-11,118.4000015258789,120.13999938964844,118.4000015258789,119.69999694824219,91.06134796142578,134350
VOO,2011-03-14,118.95999908447266,119.26000213623047,118.05999755859375,119.0,90.52885437011719,146100
VOO,2011-03-15,115.81999969482422,118.23999786376953,115.62000274658203,117.68000030517578,89.52469635009766,346800
VOO,2011-03-16,117.26000213623047,117.55999755859375,114.63999938964844,115.44000244140625,87.8205795288086,339900
VOO,2011-03-17,117.13999938964844,117.4000015258789,116.23999786376953,116.87999725341797,88.91606903076172,176200
VOO,2011-03-18,118.4000015258789,118.4000015258789,117.13999938964844,117.37999725341797,89.29644012451172,127700
VOO,2011-03-21,118.83999633789062,119.37999725341797,118.68000030517578,119.16000366210938,90.65058135986328,136100
VOO,2011-03-22,119.18000030517578,119.30000305175781,118.69999694824219,118.73999786376953,90.3310546875,137800
VOO,2011-03-23,118.5199966430664,119.41999816894531,117.94000244140625,119.12000274658203,90.62017059326172,204150
VOO,2011-03-24,119.81999969482422,120.37999725341797,119.19999694824219,120.23999786376953,91.47218322753906,110800
VOO,2011-03-25,120.0199966430664,120.58000183105469,119.77999877929688,120.05999755859375,91.74420166015625,134300
VOO,2011-03-28,120.37999725341797,120.63999938964844,119.76000213623047,119.80000305175781,91.54553985595703,166150
VOO,2011-03-29,119.69999694824219,120.62000274658203,119.30000305175781,120.58000183105469,92.14157104492188,110950
VOO,2011-03-30,121.23999786376953,121.73999786376953,121.12000274658203,121.4000015258789,92.7682113647461,105550
VOO,2011-03-31,121.30000305175781,121.55999755859375,121.0999984741211,121.23999786376953,92.64593505859375,127500
VOO,2011-04-01,122.12000274658203,122.33999633789062,121.5,121.80000305175781,93.07386016845703,70400
VOO,2011-04-04,122.0999984741211,122.26000213623047,121.5199966430664,121.86000061035156,93.11969757080078,78800
VOO,2011-04-05,121.55999755859375,122.31999969482422,121.55999755859375,121.86000061035156,93.11969757080078,204950
VOO,2011-04-06,122.4800033569336,122.5,121.77999877929688,122.22000122070312,93.39474487304688,142900
VOO,2011-04-07,122.05999755859375,122.5,121.36000061035156,122.0,93.22667694091797,107150
VOO,2011-04-08,122.5,122.5199966430664,121.0199966430664,121.54000091552734,92.87516021728516,86850
VOO,2011-04-11,121.68000030517578,122.0199966430664,120.91999816894531,121.12000274658203,92.55421447753906,139650
VOO,2011-04-12,120.5,120.5999984741211,119.80000305175781,120.23999786376953,91.88177490234375,104800
VOO,2011-04-13,120.83999633789062,120.9000015258789,119.80000305175781,120.27999877929688,91.91232299804688,185100
VOO,2011-04-14,119.58000183105469,120.5,119.16000366210938,120.30000305175781,91.92761993408203,78450
VOO,2011-04-15,120.5,121.04000091552734,120.22000122070312,120.72000122070312,92.24857330322266,79700
VOO,2011-04-18,119.30000305175781,119.5999984741211,118.44000244140625,119.4000015258789,91.2398681640625,151650
VOO,2011-04-19,119.62000274658203,120.13999938964844,119.31999969482422,120.13999938964844,91.8053207397461,78900
VOO,2011-04-20,121.58000183105469,121.9800033569336,121.4800033569336,121.76000213623047,93.04326629638672,173250
VOO,2011-04-21,122.37999725341797,122.37999725341797,121.94000244140625,122.30000305175781,93.45592498779297,197850
VOO,2011-04-25,122.31999969482422,122.4000015258789,121.81999969482422,122.18000030517578,93.36424255371094,99000
VOO,2011-04-26,122.62000274658203,123.5,122.5199966430664,123.23999786376953,94.1741943359375,85050
VOO,2011-04-27,123.55999755859375,124.23999786376953,123.0,124.04000091552734,94.78555297851562,72850
VOO,2011-04-28,123.9000015258789,124.5999984741211,123.86000061035156,124.44000244140625,95.0912094116211,66050
VOO,2011-04-29,124.5,124.87999725341797,124.41999816894531,124.80000305175781,95.36634063720703,99000
VOO,2011-05-02,125.44000244140625,125.44000244140625,124.31999969482422,124.5199966430664,95.15231323242188,131000
VOO,2011-05-03,124.36000061035156,124.5199966430664,123.5,124.12000274658203,94.84671020507812,66500
VOO,2011-05-04,124.0999984741211,124.0999984741211,122.77999877929688,123.27999877929688,94.20480346679688,107000
VOO,2011-05-05,122.62000274658203,123.36000061035156,121.63999938964844,122.19999694824219,93.37952423095703,98950
VOO,2011-05-06,123.4800033569336,124.0,122.27999877929688,122.77999877929688,93.82273864746094,138550
VOO,2011-05-09,122.80000305175781,123.58000183105469,122.58000183105469,123.27999877929688,94.20480346679688,66000
VOO,2011-05-10,123.66000366210938,124.4800033569336,123.5199966430664,124.30000305175781,94.9842300415039,175550
VOO,2011-05-11,124.12000274658203,124.12000274658203,122.41999816894531,122.9800033569336,93.97557067871094,174400
VOO,2011-05-12,122.68000030517578,123.73999786376953,122.0199966430664,123.63999938964844,94.47989654541016,113500
VOO,2011-05-13,123.62000274658203,123.69999694824219,122.19999694824219,122.55999755859375,93.65460968017578,126400
VOO,2011-05-16,122.19999694824219,123.0199966430664,121.62000274658203,121.80000305175781,93.07386016845703,113500
VOO,2011-05-17,121.36000061035156,121.86000061035156,120.91999816894531,121.77999877929688,93.0585708618164,142400
VOO,2011-05-18,121.9000015258789,122.9800033569336,121.68000030517578,122.91999816894531,93.92972564697266,70550
VOO,2011-05-19,123.33999633789062,123.45999908447266,122.63999938964844,123.08000183105469,94.0519790649414,266650
VOO,2011-05-20,122.86000061035156,123.0,122.0,122.26000213623047,93.42534637451172,95450
VOO,2011-05-23,120.69999694824219,121.16000366210938,120.4000015258789,120.80000305175781,92.30970001220703,136200
VOO,2011-05-24,121.16000366210938,121.36000061035156,120.5199966430664,120.69999694824219,92.23329162597656,89650
VOO,2011-05-25,120.16000366210938,121.5,120.16000366210938,121.0999984741211,92.53893280029297,62300
VOO,2011-05-26,120.77999877929688,121.80000305175781,120.54000091552734,121.58000183105469,92.90575408935547,60450
VOO,2011-05-27,121.9800033569336,122.4000015258789,121.86000061035156,122.12000274658203,93.31837463378906,47600
VOO,2011-05-31,123.30000305175781,123.36000061035156,122.41999816894531,123.33999633789062,94.2506332397461,172500
VOO,2011-06-01,123.04000091552734,123.04000091552734,120.54000091552734,120.5999984741211,92.1568832397461,222000
VOO,2011-06-02,120.69999694824219,120.91999816894531,119.81999969482422,120.45999908447266,92.04988861083984,211800
VOO,2011-06-03,119.0,120.18000030517578,119.0,119.30000305175781,91.16346740722656,148450
VOO,2011-06-06,119.05999755859375,119.18000030517578,117.94000244140625,118.04000091552734,90.20063781738281,113250
VOO,2011-06-07,118.5199966430664,118.94000244140625,117.86000061035156,117.87999725341797,90.07838439941406,203700
VOO,2011-06-08,117.69999694824219,118.08000183105469,117.26000213623047,117.4000015258789,89.71156311035156,87600
VOO,2011-06-09,117.77999877929688,118.77999877929688,117.45999908447266,118.30000305175781,90.39933776855469,43350
VOO,2011-06-10,117.83999633789062,117.86000061035156,116.4000015258789,116.63999938964844,89.13082885742188,106750
VOO,2011-06-13,116.9000015258789,117.22000122070312,116.18000030517578,116.72000122070312,89.19194030761719,77900
VOO,2011-06-14,117.81999969482422,118.66000366210938,117.81999969482422,118.22000122070312,90.33816528320312,75400
VOO,2011-06-15,117.27999877929688,117.55999755859375,115.9000015258789,116.16000366210938,88.76405334472656,79700
VOO,2011-06-16,116.19999694824219,116.9000015258789,115.54000091552734,116.37999725341797,88.93213653564453,66050
VOO,2011-06-17,117.4800033569336,117.5,116.37999725341797,116.69999694824219,89.17665100097656,58800
VOO,2011-06-20,116.33999633789062,117.55999755859375,116.31999969482422,117.36000061035156,89.6810302734375,53700
VOO,2011-06-21,117.94000244140625,119.16000366210938,117.83999633789062,118.95999908447266,90.90367126464844,132450
VOO,2011-06-22,118.66000366210938,119.26000213623047,118.19999694824219,118.26000213623047,90.36878967285156,106050
VOO,2011-06-23,116.83999633789062,117.9000015258789,116.0,117.86000061035156,90.06306457519531,260750
VOO,2011-06-24,117.31999969482422,117.36000061035156,115.80000305175781,116.0,89.07257843017578,114500
VOO,2011-06-27,116.08000183105469,117.41999816894531,115.81999969482422,116.9800033569336,89.82504272460938,77850
VOO,2011-06-28,117.4800033569336,118.5199966430664,117.36000061035156,118.4800033569336,90.97683715820312,59500
VOO,2011-06-29,119.0999984741211,119.69999694824219,118.66000366210938,119.54000091552734,91.79078674316406,125350
VOO,2011-06-30,119.94000244140625,120.83999633789062,119.81999969482422,120.68000030517578,92.66616821289062,124850
VOO,2011-07-01,120.73999786376953,122.5999984741211,120.54000091552734,122.5,94.06368255615234,139550
VOO,2011-07-05,122.4000015258789,122.5999984741211,122.0,122.30000305175781,93.91009521484375,91850
VOO,2011-07-06,122.08000183105469,122.63999938964844,121.76000213623047,122.4800033569336,94.0483169555664,94850
VOO,2011-07-07,123.58000183105469,124.0999984741211,123.37999725341797,123.81999969482422,95.07726287841797,195400
VOO,2011-07-08,122.4000015258789,122.9800033569336,122.0199966430664,122.9800033569336,94.43225860595703,105600
VOO,2011-07-11,121.44000244140625,121.83999633789062,120.44000244140625,120.69999694824219,92.68151092529297,92750
VOO,2011-07-12,120.45999908447266,121.41999816894531,120.16000366210938,120.16000366210938,92.266845703125,132400
VOO,2011-07-13,120.81999969482422,121.81999969482422,120.31999969482422,120.58000183105469,92.58937072753906,129700
VOO,2011-07-14,120.91999816894531,121.37999725341797,119.5199966430664,119.80000305175781,91.9904556274414,55900
VOO,2011-07-15,120.45999908447266,120.58000183105469,119.63999938964844,120.45999908447266,92.49722290039062,40350
VOO,2011-07-18,119.94000244140625,120.0199966430664,118.55999755859375,119.44000244140625,91.71398162841797,94000
VOO,2011-07-19,120.13999938964844,121.4800033569336,120.08000183105469,121.37999725341797,93.20366668701172,233300
VOO,2011-07-20,121.76000213623047,121.77999877929688,121.16000366210938,121.37999725341797,93.20366668701172,90750
VOO,2011-07-21,122.0,123.23999786376953,121.77999877929688,123.0,94.4476089477539,234250
VOO,2011-07-22,123.0,123.19999694824219,122.4000015258789,123.0999984741211,94.52436065673828,90250
VOO,2011-07-25,121.87999725341797,123.0,121.80000305175781,122.4000015258789,93.98688507080078,183650
VOO,2011-07-26,122.31999969482422,122.5,121.68000030517578,121.87999725341797,93.5876235961914,138850
VOO,2011-07-27,121.19999694824219,121.23999786376953,119.30000305175781,119.45999908447266,91.72935485839844,470300
VOO,2011-07-28,119.41999816894531,120.4800033569336,118.95999908447266,119.12000274658203,91.46829223632812,169150
VOO,2011-07-29,117.95999908447266,119.36000061035156,117.44000244140625,118.19999694824219,90.7618408203125,194600
VOO,2011-08-01,119.77999877929688,119.81999969482422,116.68000030517578,117.77999877929688,90.4393539428711,435950
VOO,2011-08-02,116.95999908447266,117.5,114.77999877929688,114.83999633789062,88.18182373046875,258400
VOO,2011-08-03,114.95999908447266,115.54000091552734,112.9800033569336,115.41999816894531,88.62718200683594,380550
VOO,2011-08-04,113.87999725341797,113.95999908447266,109.83999633789062,110.0199966430664,84.4806900024414,504200
VOO,2011-08-05,111.37999725341797,111.66000366210938,106.94000244140625,109.77999877929688,84.29641723632812,538450
VOO,2011-08-08,106.0199966430664,108.23999786376953,102.54000091552734,102.73999786376953,78.89063262939453,790300
VOO,2011-08-09,104.4000015258789,107.4000015258789,100.91999816894531,107.33999633789062,82.42279052734375,579800
VOO,2011-08-10,105.45999908447266,106.30000305175781,102.4800033569336,102.68000030517578,78.84456634521484,403100
VOO,2011-08-11,103.72000122070312,108.69999694824219,103.26000213623047,107.18000030517578,82.29997253417969,919300
VOO,2011-08-12,108.4800033569336,109.0,107.31999969482422,108.04000091552734,82.96031951904297,307200
VOO,2011-08-15,109.0999984741211,110.4000015258789,108.86000061035156,110.26000213623047,84.66498565673828,225950
VOO,2011-08-16,109.22000122070312,110.36000061035156,108.23999786376953,109.31999969482422,83.94318389892578,263800
VOO,2011-08-17,110.0,110.80000305175781,108.5999984741211,109.44000244140625,84.03531646728516,160550
VOO,2011-08-18,106.58000183105469,106.69999694824219,103.73999786376953,104.9000015258789,80.54922485351562,524000
VOO,2011-08-19,103.36000061035156,105.81999969482422,102.83999633789062,102.9000015258789,79.01348114013672,1438400
VOO,2011-08-22,105.31999969482422,105.37999725341797,102.77999877929688,102.9800033569336,79.07490539550781,246400
VOO,2011-08-23,103.5199966430664,106.58000183105469,103.0,106.54000091552734,81.80850982666016,301950
VOO,2011-08-24,106.31999969482422,108.08000183105469,106.05999755859375,108.0,82.92962646484375,151000
VOO,2011-08-25,108.72000122070312,109.18000030517578,105.62000274658203,106.37999725341797,81.6856689453125,294150
VOO,2011-08-26,105.66000366210938,108.27999877929688,104.0199966430664,107.77999877929688,82.76065826416016,197500
VOO,2011-08-29,109.33999633789062,110.95999908447266,109.23999786376953,110.91999816894531,85.17179107666016,159000
VOO,2011-08-30,110.5,111.91999816894531,109.66000366210938,111.12000274658203,85.32534790039062,129900
VOO,2011-08-31,111.9800033569336,112.9000015258789,110.91999816894531,111.68000030517578,85.75534057617188,214950
VOO,2011-09-01,111.73999786376953,112.80000305175781,110.54000091552734,110.5999984741211,84.92607116699219,274900
VOO,2011-09-02,108.31999969482422,108.83999633789062,107.4000015258789,107.73999786376953,82.7299575805664,150350
VOO,2011-09-06,104.72000122070312,107.13999938964844,104.63999938964844,107.0,82.16177368164062,197950
VOO,2011-09-07,108.72000122070312,110.04000091552734,108.30000305175781,110.0199966430664,84.4806900024414,199700
VOO,2011-09-08,109.33999633789062,110.58000183105469,108.68000030517578,108.86000061035156,83.5899429321289,115650
VOO,2011-09-09,107.66000366210938,107.94000244140625,105.44000244140625,106.0,81.39390563964844,174200
VOO,2011-09-12,104.69999694824219,106.76000213623047,104.36000061035156,106.76000213623047,81.9774398803711,161350
VOO,2011-09-13,107.0999984741211,108.05999755859375,106.37999725341797,107.63999938964844,82.65320587158203,193500
VOO,2011-09-14,108.26000213623047,110.45999908447266,106.76000213623047,109.16000366210938,83.82034301757812,459000
VOO,2011-09-15,110.33999633789062,111.0999984741211,109.41999816894531,111.04000091552734,85.2639389038086,128700
VOO,2011-09-16,111.44000244140625,112.05999755859375,110.69999694824219,111.69999694824219,85.77069854736328,79000
VOO,2011-09-19,109.86000061035156,111.0999984741211,109.18000030517578,110.66000366210938,84.97212982177734,82150
VOO,2011-09-20,111.12000274658203,112.13999938964844,110.44000244140625,110.4800033569336,84.83391571044922,154550
VOO,2011-09-21,110.5999984741211,110.86000061035156,107.13999938964844,107.13999938964844,82.26922607421875,139000
VOO,2011-09-22,104.19999694824219,105.0,102.37999725341797,103.77999877929688,79.68921661376953,420500
VOO,2011-09-23,102.5999984741211,104.31999969482422,102.45999908447266,103.68000030517578,80.05982208251953,329200
VOO,2011-09-26,104.72000122070312,106.33999633789062,103.31999969482422,106.19999694824219,82.00578308105469,193850
VOO,2011-09-27,108.44000244140625,109.27999877929688,106.86000061035156,107.41999816894531,82.94782257080078,617550
VOO,2011-09-28,107.69999694824219,108.23999786376953,105.08000183105469,105.27999877929688,81.29534149169922,197300
VOO,2011-09-29,107.05999755859375,107.45999908447266,104.16000366210938,106.04000091552734,81.88223266601562,119300
VOO,2011-09-30,104.55999755859375,105.4800033569336,103.37999725341797,103.5199966430664,79.93629455566406,183300
VOO,2011-10-03,102.81999969482422,104.08000183105469,100.33999633789062,100.33999633789062,77.48077392578125,333100
VOO,2011-10-04,99.13999938964844,102.81999969482422,98.23999786376953,102.54000091552734,79.17955780029297,285650
VOO,2011-10-05,102.87999725341797,104.81999969482422,102.0,104.58000183105469,80.75482940673828,281000
VOO,2011-10-06,104.5199966430664,106.62000274658203,103.76000213623047,106.5999984741211,82.31462097167969,583800
VOO,2011-10-07,107.16000366210938,107.16000366210938,105.18000030517578,105.77999877929688,81.68144989013672,627150
VOO,2011-10-10,107.73999786376953,109.36000061035156,107.66000366210938,109.36000061035156,84.44586944580078,168200
VOO,2011-10-11,108.76000213623047,109.72000122070312,108.5999984741211,109.31999969482422,84.41493225097656,663200
VOO,2011-10-12,110.27999877929688,111.5999984741211,110.0,110.31999969482422,85.18714904785156,509150
VOO,2011-10-13,109.69999694824219,110.44000244140625,108.9000015258789,110.16000366210938,85.06361389160156,364000
VOO,2011-10-14,111.5,112.05999755859375,110.91999816894531,111.9800033569336,86.46896362304688,423450
VOO,2011-10-17,111.4800033569336,111.5999984741211,109.63999938964844,109.87999725341797,84.84739685058594,309650
VOO,2011-10-18,109.83999633789062,112.83999633789062,109.0,112.08000183105469,86.54618835449219,259100
VOO,2011-10-19,111.83999633789062,112.4800033569336,110.4000015258789,110.68000030517578,85.46511840820312,107900
VOO,2011-10-20,111.0,111.4800033569336,109.5999984741211,111.18000030517578,85.85123443603516,68200
VOO,2011-10-21,112.5,113.41999816894531,112.23999786376953,113.31999969482422,87.50369262695312,87200
VOO,2011-10-24,113.55999755859375,114.95999908447266,113.44000244140625,114.76000213623047,88.61563110351562,138550
VOO,2011-10-25,114.18000030517578,114.18000030517578,112.23999786376953,112.54000091552734,86.90138244628906,102400
VOO,2011-10-26,113.76000213623047,114.05999755859375,111.80000305175781,113.62000274658203,87.73533630371094,1922200
VOO,2011-10-27,116.77999877929688,118.30000305175781,115.80000305175781,117.54000091552734,90.76233673095703,309200
VOO,2011-10-28,117.04000091552734,117.77999877929688,116.87999725341797,117.66000366210938,90.85496520996094,693650
VOO,2011-10-31,116.26000213623047,116.33999633789062,114.63999938964844,114.63999938964844,88.52298736572266,153450
VOO,2011-11-01,111.54000091552734,112.9000015258789,111.16000366210938,111.5999984741211,86.17556762695312,307150
VOO,2011-11-02,113.26000213623047,113.76000213623047,112.31999969482422,113.36000061035156,87.5345687866211,122650
VOO,2011-11-03,114.63999938964844,115.68000030517578,113.04000091552734,115.45999908447266,89.1561508178711,173650
VOO,2011-11-04,114.45999908447266,114.9000015258789,113.41999816894531,114.80000305175781,88.64654541015625,147450
VOO,2011-11-07,114.63999938964844,115.5199966430664,113.63999938964844,115.45999908447266,89.1561508178711,79500
VOO,2011-11-08,116.0999984741211,117.0199966430664,115.0199966430664,116.83999633789062,90.22176361083984,135700
VOO,2011-11-09,114.23999786376953,114.72000122070312,112.4000015258789,112.62000274658203,86.96317291259766,246850
VOO,2011-11-10,114.0999984741211,114.19999694824219,112.62000274658203,113.63999938964844,87.75082397460938,121800
VOO,2011-11-11,115.04000091552734,116.0999984741211,115.0199966430664,115.86000061035156,89.46504211425781,132650
VOO,2011-11-14,115.41999816894531,115.4800033569336,114.22000122070312,114.73999786376953,88.60018920898438,359550
VOO,2011-11-15,114.5199966430664,115.91999816894531,114.12000274658203,115.33999633789062,89.06349182128906,402200
VOO,2011-11-16,114.19999694824219,115.45999908447266,113.31999969482422,113.4800033569336,87.62723541259766,91900
VOO,2011-11-17,113.26000213623047,113.54000091552734,110.91999816894531,111.66000366210938,86.22188568115234,989950
VOO,2011-11-18,112.0199966430664,112.18000030517578,111.0999984741211,111.5,86.09831237792969,188150
VOO,2011-11-21,109.9000015258789,110.05999755859375,108.4800033569336,109.5,84.55397033691406,236700
VOO,2011-11-22,109.19999694824219,109.80000305175781,108.37999725341797,108.91999816894531,84.1061019897461,263300
VOO,2011-11-23,108.0,108.0199966430664,106.5999984741211,106.62000274658203,82.33008575439453,249100
VOO,2011-11-25,106.4000015258789,107.58000183105469,106.30000305175781,106.30000305175781,82.08299255371094,75650
VOO,2011-11-28,109.26000213623047,109.81999969482422,108.63999938964844,109.4800033569336,84.53852081298828,155550
VOO,2011-11-29,109.76000213623047,110.5,109.4000015258789,109.80000305175781,84.7856216430664,134950
VOO,2011-11-30,112.9000015258789,114.4800033569336,112.62000274658203,114.30000305175781,88.26042175292969,424450
VOO,2011-12-01,114.13999938964844,114.83999633789062,113.81999969482422,114.22000122070312,88.19864654541016,107350
VOO,2011-12-02,115.4000015258789,115.68000030517578,114.13999938964844,114.16000366210938,88.15235137939453,127300
VOO,2011-12-05,116.0,116.27999877929688,114.72000122070312,115.4000015258789,89.10984802246094,194500
VOO,2011-12-06,115.37999725341797,116.19999694824219,115.0199966430664,115.5,89.1870346069336,67600
VOO,2011-12-07,115.0999984741211,116.31999969482422,114.36000061035156,115.87999725341797,89.48046875,86600
VOO,2011-12-08,115.0199966430664,115.26000213623047,113.08000183105469,113.37999725341797,87.55004119873047,93450
VOO,2011-12-09,113.87999725341797,115.54000091552734,113.80000305175781,115.30000305175781,89.0326156616211,882200
VOO,2011-12-12,114.27999877929688,114.27999877929688,112.66000366210938,113.63999938964844,87.75082397460938,127200
VOO,2011-12-13,114.22000122070312,114.76000213623047,112.0,112.55999755859375,86.9168472290039,162800
VOO,2011-12-14,112.0999984741211,112.5,111.0999984741211,111.30000305175781,85.94389343261719,945150
VOO,2011-12-15,112.5199966430664,112.62000274658203,111.55999755859375,111.72000122070312,86.26819610595703,82550
VOO,2011-12-16,112.5199966430664,113.0999984741211,111.63999938964844,111.80000305175781,86.32996368408203,1480000
VOO,2011-12-19,112.27999877929688,112.5,110.44000244140625,110.66000366210938,85.44971466064453,454150
VOO,2011-12-20,112.33999633789062,114.16000366210938,112.33999633789062,113.95999908447266,87.99789428710938,143850
VOO,2011-12-21,113.9000015258789,114.37999725341797,113.0199966430664,114.30000305175781,88.26042175292969,182650
VOO,2011-12-22,114.69999694824219,115.37999725341797,114.5,115.37999725341797,89.09441375732422,1439800
VOO,2011-12-23,114.95999908447266,115.68000030517578,114.76000213623047,115.5999984741211,89.79817199707031,256450
VOO,2011-12-27,115.37999725341797,118.0,115.36000061035156,115.72000122070312,89.891357421875,388650
VOO,2011-12-28,115.72000122070312,115.72000122070312,114.0999984741211,114.30000305175781,88.78831481933594,180300
VOO,2011-12-29,114.62000274658203,118.16000366210938,114.5199966430664,115.33999633789062,89.59619140625,259100
VOO,2011-12-30,115.31999969482422,115.55999755859375,114.9000015258789,114.9000015258789,89.25443267822266,254300
VOO,2012-01-03,116.9000015258789,117.45999908447266,116.5999984741211,116.5999984741211,90.574951171875,163250
VOO,2012-01-04,116.44000244140625,116.91999816894531,115.95999908447266,116.80000305175781,90.7303695678711,448450
VOO,2012-01-05,116.27999877929688,117.30000305175781,115.68000030517578,117.18000030517578,91.02552032470703,253500
VOO,2012-01-06,117.30000305175781,117.30000305175781,116.4800033569336,116.94000244140625,90.8390884399414,166900
VOO,2012-01-09,117.13999938964844,117.23999786376953,116.54000091552734,117.12000274658203,90.97892761230469,177000
VOO,2012-01-10,118.36000061035156,118.54000091552734,117.9800033569336,118.12000274658203,91.75570678710938,261200
VOO,2012-01-11,117.77999877929688,118.33999633789062,117.55999755859375,118.23999786376953,91.84891510009766,203800
VOO,2012-01-12,118.5199966430664,118.63999938964844,117.58000183105469,118.5,92.05091094970703,202250
VOO,2012-01-13,117.69999694824219,118.0,116.81999969482422,118.0,91.6624755859375,147200
VOO,2012-01-17,118.9800033569336,119.18000030517578,118.05999755859375,118.31999969482422,91.91107940673828,324250
VOO,2012-01-18,118.31999969482422,119.63999938964844,118.0999984741211,119.63999938964844,92.93643951416016,172100
VOO,2012-01-19,120.0,120.33999633789062,119.72000122070312,120.27999877929688,93.43359375,224500
VOO,2012-01-20,120.08000183105469,120.33999633789062,119.77999877929688,120.27999877929688,93.43359375,345200
VOO,2012-01-23,120.27999877929688,120.9800033569336,119.86000061035156,120.4000015258789,93.52684020996094,130950
VOO,2012-01-24,119.68000030517578,120.30000305175781,119.4800033569336,120.22000122070312,93.38699340820312,203100
VOO,2012-01-25,120.08000183105469,121.54000091552734,119.63999938964844,121.27999877929688,94.21039581298828,254050
VOO,2012-01-26,121.86000061035156,122.0,120.16000366210938,120.66000366210938,93.72879791259766,137600
VOO,2012-01-27,120.04000091552734,120.77999877929688,120.0,120.5,93.6045150756836,104100
VOO,2012-01-30,119.4000015258789,120.19999694824219,118.9800033569336,120.0999984741211,93.29378509521484,329650
VOO,2012-01-31,120.80000305175781,120.91999816894531,119.5999984741211,120.04000091552734,93.24717712402344,157450
VOO,2012-02-01,121.0,121.73999786376953,120.86000061035156,121.18000030517578,94.13272857666016,99050
VOO,2012-02-02,121.44000244140625,121.66000366210938,120.95999908447266,121.41999816894531,94.31912231445312,143050
VOO,2012-02-03,122.5999984741211,123.13999938964844,122.37999725341797,123.13999938964844,95.65523529052734,223150
VOO,2012-02-06,122.58000183105469,123.0199966430664,122.4000015258789,122.95999908447266,95.51542663574219,150200
VOO,2012-02-07,122.76000213623047,123.5199966430664,122.27999877929688,123.33999633789062,95.81059265136719,164250
VOO,2012-02-08,123.4000015258789,123.69999694824219,122.87999725341797,123.5999984741211,96.01258087158203,259750
VOO,2012-02-09,123.9000015258789,124.0199966430664,123.13999938964844,123.73999786376953,96.12133026123047,259000
VOO,2012-02-10,122.68000030517578,123.0,122.44000244140625,122.9000015258789,95.46884155273438,123500
VOO,2012-02-13,123.77999877929688,123.9800033569336,123.30000305175781,123.83999633789062,96.19902038574219,230400
VOO,2012-02-14,123.5,123.72000122070312,122.86000061035156,123.66000366210938,96.0591812133789,203400
VOO,2012-02-15,124.0999984741211,124.23999786376953,122.87999725341797,123.12000274658203,95.63973236083984,188100
VOO,2012-02-16,123.12000274658203,124.54000091552734,122.91999816894531,124.45999908447266,96.68062591552734,438550
VOO,2012-02-17,124.9000015258789,124.91999816894531,124.31999969482422,124.76000213623047,96.91368865966797,604200
VOO,2012-02-21,125.0999984741211,125.36000061035156,124.45999908447266,124.83999633789062,96.97579956054688,758200
VOO,2012-02-22,124.5999984741211,124.87999725341797,124.23999786376953,124.41999816894531,96.64956665039062,190900
VOO,2012-02-23,124.37999725341797,125.08000183105469,123.95999908447266,125.0199966430664,97.11561584472656,328050
VOO,2012-02-24,125.27999877929688,125.5,125.0,125.19999694824219,97.25548553466797,162950
VOO,2012-02-27,124.44000244140625,125.80000305175781,124.22000122070312,125.41999816894531,97.42634582519531,267800
VOO,2012-02-28,125.54000091552734,125.9000015258789,125.27999877929688,125.86000061035156,97.76812744140625,141900
VOO,2012-02-29,126.04000091552734,126.4000015258789,125.12000274658203,125.18000030517578,97.23990631103516,229600
VOO,2012-03-01,125.63999938964844,126.22000122070312,125.19999694824219,126.0,97.87689208984375,193450
VOO,2012-03-02,125.95999908447266,126.05999755859375,125.36000061035156,125.66000366210938,97.61278533935547,142800
VOO,2012-03-05,125.41999816894531,125.4800033569336,124.66000366210938,125.12000274658203,97.19329833984375,667900
VOO,2012-03-06,123.80000305175781,123.86000061035156,122.9000015258789,123.16000366210938,95.6707763671875,411100
VOO,2012-03-07,123.58000183105469,124.31999969482422,123.45999908447266,124.13999938964844,96.43204498291016,170350
VOO,2012-03-08,124.91999816894531,125.5999984741211,124.63999938964844,125.33999633789062,97.36421203613281,253600
VOO,2012-03-09,125.62000274658203,126.13999938964844,125.4800033569336,125.81999969482422,97.73709106445312,152950
VOO,2012-03-12,125.86000061035156,126.0199966430664,125.41999816894531,125.87999725341797,97.78367614746094,174700
VOO,2012-03-13,126.58000183105469,128.17999267578125,126.36000061035156,128.13999938964844,99.53926849365234,192100
VOO,2012-03-14,128.1999969482422,128.4600067138672,127.63999938964844,128.0399932861328,99.46156311035156,709950
VOO,2012-03-15,128.22000122070312,128.8000030517578,127.87999725341797,128.6999969482422,99.97428131103516,501650
VOO,2012-03-16,129.02000427246094,129.10000610351562,128.6999969482422,128.8800048828125,100.11408996582031,272250
VOO,2012-03-19,128.8800048828125,129.83999633789062,128.75999450683594,129.4199981689453,100.53355407714844,143500
VOO,2012-03-20,128.72000122070312,129.1999969482422,128.36000061035156,129.05999755859375,100.25390625,1310800
VOO,2012-03-21,129.10000610351562,129.24000549316406,128.60000610351562,128.86000061035156,100.09855651855469,162100
VOO,2012-03-22,127.9000015258789,128.24000549316406,127.54000091552734,127.86000061035156,99.32174682617188,633200
VOO,2012-03-23,128.05999755859375,128.44000244140625,127.31999969482422,128.36000061035156,99.71015167236328,111950
VOO,2012-03-26,128.67999267578125,129.52000427246094,128.66000366210938,129.52000427246094,101.06001281738281,203000
VOO,2012-03-27,129.6999969482422,129.77999877929688,129.10000610351562,129.16000366210938,100.77912139892578,573550
VOO,2012-03-28,129.1199951171875,129.27999877929688,127.80000305175781,128.5399932861328,100.29533386230469,201350
VOO,2012-03-29,127.77999877929688,128.4600067138672,127.26000213623047,128.32000732421875,100.12370300292969,2612050
VOO,2012-03-30,128.9199981689453,129.0399932861328,128.24000549316406,128.74000549316406,100.45143127441406,270750
VOO,2012-04-02,128.74000549316406,130.1199951171875,128.47999572753906,129.77999877929688,101.26288604736328,374700
VOO,2012-04-03,129.5399932861328,129.82000732421875,128.5,129.27999877929688,100.87274169921875,333850
VOO,2012-04-04,128.25999450683594,128.3800048828125,127.54000091552734,127.91999816894531,99.81156921386719,383000
VOO,2012-04-05,127.5199966430664,128.27999877929688,127.4000015258789,127.87999725341797,99.78034973144531,722350
VOO,2012-04-09,126.30000305175781,126.9800033569336,126.13999938964844,126.45999908447266,98.6723861694336,474850
VOO,2012-04-10,126.22000122070312,126.55999755859375,124.22000122070312,124.26000213623047,96.95582580566406,392650
VOO,2012-04-11,125.66000366210938,125.81999969482422,125.13999938964844,125.27999877929688,97.75167846679688,172850
VOO,2012-04-12,125.41999816894531,127.05999755859375,125.4000015258789,127.0,99.09371185302734,105550
VOO,2012-04-13,126.69999694824219,126.69999694824219,125.36000061035156,125.4800033569336,97.90773010253906,2416850
VOO,2012-04-16,126.16000366210938,126.30000305175781,124.94000244140625,125.33999633789062,97.79853057861328,826850
VOO,2012-04-17,126.16000366210938,127.5199966430664,126.08000183105469,127.26000213623047,99.2966079711914,497450
VOO,2012-04-18,126.72000122070312,127.23999786376953,126.5999984741211,126.81999969482422,98.95328521728516,420750
VOO,2012-04-19,126.86000061035156,127.30000305175781,125.44000244140625,126.0,98.3134765625,831200
VOO,2012-04-20,126.58000183105469,126.9800033569336,126.16000366210938,126.19999694824219,98.46952056884766,112100
VOO,2012-04-23,124.94000244140625,125.26000213623047,124.4000015258789,125.12000274658203,97.62684631347656,324950
VOO,2012-04-24,125.23999786376953,125.91999816894531,125.19999694824219,125.58000183105469,97.98576354980469,469300
VOO,2012-04-25,126.83999633789062,127.37999725341797,126.76000213623047,127.33999633789062,99.35901641845703,171750
VOO,2012-04-26,127.12000274658203,128.3800048828125,127.0,128.22000122070312,100.04568481445312,157100
VOO,2012-04-27,128.66000366210938,128.82000732421875,127.94000244140625,128.47999572753906,100.24855041503906,185050
VOO,2012-04-30,128.22000122070312,128.25999450683594,127.63999938964844,127.91999816894531,99.81156921386719,247600
VOO,2012-05-01,127.95999908447266,129.60000610351562,127.80000305175781,128.75999450683594,100.4670181274414,527450
VOO,2012-05-02,128.05999755859375,128.52000427246094,127.62000274658203,128.36000061035156,100.15489959716797,154250
VOO,2012-05-03,128.4600067138672,128.5,127.19999694824219,127.41999816894531,99.42146301269531,177000
VOO,2012-05-04,126.76000213623047,126.83999633789062,125.30000305175781,125.33999633789062,97.79853057861328,365200
VOO,2012-05-07,124.9000015258789,125.86000061035156,124.86000061035156,125.44000244140625,97.87654876708984,990350
VOO,2012-05-08,124.69999694824219,125.12000274658203,123.4800033569336,124.9000015258789,97.45518493652344,403050
VOO,2012-05-09,123.5999984741211,124.9800033569336,123.04000091552734,124.19999694824219,96.90901947021484,373700
VOO,2012-05-10,125.13999938964844,125.18000030517578,124.23999786376953,124.41999816894531,97.08065795898438,130100
VOO,2012-05-11,123.69999694824219,125.19999694824219,123.63999938964844,124.0199966430664,96.7685546875,365300
VOO,2012-05-14,122.86000061035156,123.54000091552734,122.54000091552734,122.69999694824219,95.73859405517578,953250
VOO,2012-05-15,122.58000183105469,123.31999969482422,121.81999969482422,122.0199966430664,95.20802307128906,1532500
VOO,2012-05-16,122.5199966430664,123.0199966430664,121.5,121.5,94.8022689819336,331350
VOO,2012-05-17,121.58000183105469,121.68000030517578,119.66000366210938,119.66000366210938,93.36660766601562,288750
VOO,2012-05-18,120.16000366210938,120.4000015258789,118.55999755859375,118.72000122070312,92.6331558227539,760350
VOO,2012-05-21,119.04000091552734,120.77999877929688,118.9000015258789,120.72000122070312,94.19367980957031,271550
VOO,2012-05-22,121.08000183105469,121.87999725341797,120.18000030517578,120.9800033569336,94.39655303955078,654450
VOO,2012-05-23,120.0999984741211,121.13999938964844,118.91999816894531,120.9800033569336,94.39655303955078,176000
VOO,2012-05-24,121.37999725341797,121.5,120.23999786376953,121.19999694824219,94.56817626953125,112050
VOO,2012-05-25,121.22000122070312,121.5,120.62000274658203,120.91999816894531,94.34973907470703,336400
VOO,2012-05-29,121.87999725341797,122.54000091552734,121.45999908447266,122.30000305175781,95.426513671875,306600
VOO,2012-05-30,121.30000305175781,121.33999633789062,120.30000305175781,120.54000091552734,94.05321502685547,809500
VOO,2012-05-31,120.54000091552734,121.13999938964844,119.26000213623047,120.23999786376953,93.81915283203125,424150
VOO,2012-06-01,118.33999633789062,118.76000213623047,117.23999786376953,117.30000305175781,91.52516174316406,641850
VOO,2012-06-04,117.44000244140625,117.76000213623047,116.33999633789062,117.26000213623047,91.49395751953125,213600
VOO,2012-06-05,116.95999908447266,118.22000122070312,116.9000015258789,117.94000244140625,92.02454376220703,252350
VOO,2012-06-06,118.91999816894531,120.77999877929688,118.86000061035156,120.76000213623047,94.22489929199219,254650
VOO,2012-06-07,122.12000274658203,122.16000366210938,120.58000183105469,120.73999786376953,94.20928955078125,201000
VOO,2012-06-08,120.5999984741211,121.80000305175781,120.0999984741211,121.73999786376953,94.98951721191406,219550
VOO,2012-06-11,122.80000305175781,122.83999633789062,120.12000274658203,120.26000213623047,93.83474731445312,304600
VOO,2012-06-12,120.58000183105469,121.66000366210938,120.0,121.66000366210938,94.92711639404297,168300
VOO,2012-06-13,121.23999786376953,121.94000244140625,120.41999816894531,120.86000061035156,94.30289459228516,144900
VOO,2012-06-14,121.08000183105469,122.5999984741211,120.83999633789062,122.19999694824219,95.34848022460938,2181350
VOO,2012-06-15,122.62000274658203,123.44000244140625,122.41999816894531,123.27999877929688,96.19116973876953,229250
VOO,2012-06-18,122.87999725341797,123.9000015258789,122.58000183105469,123.54000091552734,96.39402770996094,482500
VOO,2012-06-19,124.19999694824219,125.30000305175781,124.13999938964844,124.80000305175781,97.37715148925781,175200
VOO,2012-06-20,124.83999633789062,125.18000030517578,123.69999694824219,124.5999984741211,97.22111511230469,235700
VOO,2012-06-21,124.77999877929688,124.81999969482422,121.72000122070312,121.86000061035156,95.08319854736328,155400
VOO,2012-06-22,122.4800033569336,122.95999908447266,122.0,122.73999786376953,95.76981353759766,285800
VOO,2012-06-25,120.83999633789062,120.86000061035156,119.72000122070312,120.16000366210938,94.24815368652344,283200
VOO,2012-06-26,120.4800033569336,121.0999984741211,119.81999969482422,120.73999786376953,94.70308685302734,352750
VOO,2012-06-27,121.16000366210938,122.05999755859375,121.0999984741211,121.81999969482422,95.55018615722656,301100
VOO,2012-06-28,121.04000091552734,121.63999938964844,120.13999938964844,121.54000091552734,95.33056640625,171750
VOO,2012-06-29,123.72000122070312,124.62000274658203,123.37999725341797,124.55999755859375,97.6993179321289,305000
VOO,2012-07-02,124.9000015258789,125.0199966430664,124.04000091552734,124.9000015258789,97.96600341796875,258700
VOO,2012-07-03,124.9000015258789,125.80000305175781,124.76000213623047,125.72000122070312,98.60918426513672,161050
VOO,2012-07-05,125.33999633789062,125.69999694824219,124.72000122070312,125.18000030517578,98.18563079833984,308900
VOO,2012-07-06,123.9800033569336,124.19999694824219,123.36000061035156,124.0199966430664,97.2757797241211,478350
VOO,2012-07-09,123.94000244140625,124.0199966430664,123.26000213623047,123.86000061035156,97.15029907226562,177800
VOO,2012-07-10,124.45999908447266,124.5999984741211,122.31999969482422,122.72000122070312,96.25609588623047,322300
VOO,2012-07-11,122.77999877929688,123.0999984741211,122.05999755859375,122.73999786376953,96.27181243896484,199700
VOO,2012-07-12,122.04000091552734,122.68000030517578,121.31999969482422,122.0999984741211,95.76982879638672,432700
VOO,2012-07-13,122.4800033569336,124.30000305175781,122.4800033569336,124.18000030517578,97.4012451171875,480650
VOO,2012-07-16,123.9000015258789,124.26000213623047,123.45999908447266,123.9000015258789,97.1816635131836,164400
VOO,2012-07-17,124.4000015258789,125.0,123.12000274658203,124.77999877929688,97.8718490600586,293450
VOO,2012-07-18,124.4800033569336,125.91999816894531,124.4000015258789,125.68000030517578,98.57780456542969,242900
VOO,2012-07-19,125.9800033569336,126.4000015258789,125.55999755859375,126.0,98.82877349853516,516500
VOO,2012-07-20,125.30000305175781,125.4800033569336,124.73999786376953,124.83999633789062,97.91896057128906,606900
VOO,2012-07-23,123.0199966430664,123.94000244140625,122.4800033569336,123.5999984741211,96.94635009765625,451450
VOO,2012-07-24,123.69999694824219,123.69999694824219,121.72000122070312,122.62000274658203,96.17764282226562,533700
VOO,2012-07-25,122.81999969482422,123.0999984741211,121.91999816894531,122.54000091552734,96.11492156982422,509100
VOO,2012-07-26,124.37999725341797,124.81999969482422,123.76000213623047,124.54000091552734,97.68363952636719,412450
VOO,2012-07-27,125.26000213623047,127.23999786376953,125.04000091552734,126.94000244140625,99.56609344482422,901950
VOO,2012-07-30,126.76000213623047,127.45999908447266,126.5,126.87999725341797,99.51902770996094,348300
VOO,2012-07-31,126.72000122070312,127.05999755859375,126.05999755859375,126.05999755859375,98.87584686279297,681600
VOO,2012-08-01,126.87999725341797,126.91999816894531,125.72000122070312,125.91999816894531,98.76604461669922,526450
VOO,2012-08-02,125.0,125.86000061035156,124.08000183105469,125.04000091552734,98.0758285522461,478100
VOO,2012-08-03,126.83999633789062,127.73999786376953,126.73999786376953,127.4800033569336,99.98966979980469,239850
VOO,2012-08-06,127.87999725341797,128.25999450683594,127.72000122070312,127.81999969482422,100.25634002685547,547200
VOO,2012-08-07,128.3000030517578,128.94000244140625,128.25999450683594,128.39999389648438,100.71125793457031,380200
VOO,2012-08-08,127.95999908447266,128.6999969482422,127.95999908447266,128.5399932861328,100.82102966308594,322000
VOO,2012-08-09,128.4199981689453,128.9199981689453,128.25999450683594,128.67999267578125,100.93087005615234,360650
VOO,2012-08-10,128.1999969482422,128.94000244140625,127.94000244140625,128.8800048828125,101.08773803710938,336450
VOO,2012-08-13,128.66000366210938,128.86000061035156,128.13999938964844,128.77999877929688,101.00932312011719,329900
VOO,2012-08-14,129.27999877929688,129.33999633789062,128.4600067138672,128.83999633789062,101.05635070800781,456950
VOO,2012-08-15,128.75999450683594,129.17999267578125,128.67999267578125,128.97999572753906,101.16616821289062,213000
VOO,2012-08-16,129.13999938964844,130.10000610351562,128.86000061035156,129.86000061035156,101.85639953613281,632400
VOO,2012-08-17,130.13999938964844,130.22000122070312,129.8000030517578,130.16000366210938,102.09170532226562,355350
VOO,2012-08-20,129.97999572753906,130.13999938964844,129.5800018310547,130.1199951171875,102.06034088134766,288100
VOO,2012-08-21,130.44000244140625,130.94000244140625,129.4600067138672,129.72000122070312,101.74656677246094,304100
VOO,2012-08-22,129.3800048828125,129.94000244140625,129.10000610351562,129.74000549316406,101.76229858398438,350050
VOO,2012-08-23,129.5,129.5,128.5,128.72000122070312,100.96222686767578,159950
VOO,2012-08-24,128.4600067138672,129.77999877929688,128.33999633789062,129.52000427246094,101.58975219726562,410950
VOO,2012-08-27,129.86000061035156,130.0,129.36000061035156,129.52000427246094,101.58975219726562,221650
VOO,2012-08-28,129.22000122070312,129.8000030517578,129.0,129.39999389648438,101.49560546875,193400
VOO,2012-08-29,129.5,129.83999633789062,129.13999938964844,129.52000427246094,101.58975219726562,176900
VOO,2012-08-30,128.9199981689453,128.94000244140625,128.3000030517578,128.5399932861328,100.82102966308594,148950
VOO,2012-08-31,129.3000030517578,129.75999450683594,128.47999572753906,129.22000122070312,101.35442352294922,805400
VOO,2012-09-04,129.13999938964844,129.4199981689453,128.24000549316406,128.8800048828125,101.08773803710938,347800
VOO,2012-09-05,129.16000366210938,129.4600067138672,128.72000122070312,128.8800048828125,101.08773803710938,417050
VOO,2012-09-06,129.74000549316406,131.55999755859375,129.74000549316406,131.55999755859375,103.18982696533203,261200
VOO,2012-09-07,131.8000030517578,132.10000610351562,131.67999267578125,132.10000610351562,103.61335754394531,513200
VOO,2012-09-10,131.97999572753906,132.1999969482422,131.27999877929688,131.32000732421875,103.00157928466797,187450
VOO,2012-09-11,131.4600067138672,132.1199951171875,131.3800048828125,131.67999267578125,103.28392028808594,348400
VOO,2012-09-12,132.1999969482422,132.27999877929688,131.74000549316406,132.10000610351562,103.61335754394531,290700
VOO,2012-09-13,132.16000366210938,134.5800018310547,131.9600067138672,134.1999969482422,105.26050567626953,335050
VOO,2012-09-14,134.44000244140625,135.5800018310547,134.36000061035156,134.75999450683594,105.69973754882812,855800
VOO,2012-09-17,134.5,134.6999969482422,133.97999572753906,134.36000061035156,105.385986328125,338400
VOO,2012-09-18,134.13999938964844,134.36000061035156,133.8800048828125,134.22000122070312,105.27620697021484,216950
VOO,2012-09-19,134.3800048828125,134.6999969482422,134.0399932861328,134.32000732421875,105.35464477539062,397500
VOO,2012-09-20,133.67999267578125,134.36000061035156,133.3000030517578,134.3000030517578,105.33893585205078,448550
VOO,2012-09-21,134.9600067138672,134.9600067138672,134.1999969482422,134.22000122070312,105.27620697021484,1295000
VOO,2012-09-24,132.89999389648438,133.63999938964844,132.8000030517578,133.36000061035156,105.13899230957031,489850
VOO,2012-09-25,133.66000366210938,133.8800048828125,131.9199981689453,132.0,104.06683349609375,287900
VOO,2012-09-26,131.89999389648438,131.9199981689453,130.86000061035156,131.16000366210938,103.40457916259766,175550
VOO,2012-09-27,131.75999450683594,132.74000549316406,131.4199981689453,132.44000244140625,104.41372680664062,586850
VOO,2012-09-28,131.94000244140625,132.33999633789062,131.39999389648438,131.83999633789062,103.94068145751953,263900
VOO,2012-10-01,132.3000030517578,133.33999633789062,131.86000061035156,132.0800018310547,104.12986755371094,493550
VOO,2012-10-02,132.6999969482422,132.8800048828125,131.6999969482422,132.25999450683594,104.27180480957031,272950
VOO,2012-10-03,132.66000366210938,133.13999938964844,131.97999572753906,132.8000030517578,104.69751739501953,149150
VOO,2012-10-04,133.33999633789062,133.9199981689453,133.17999267578125,133.82000732421875,105.50169372558594,226600
VOO,2012-10-05,134.47999572753906,134.72000122070312,133.39999389648438,133.77999877929688,105.47012329101562,251250
VOO,2012-10-08,133.32000732421875,133.5399932861328,133.10000610351562,133.3800048828125,105.1548080444336,139750
VOO,2012-10-09,133.24000549316406,133.3000030517578,131.97999572753906,132.0800018310547,104.12986755371094,360050
VOO,2012-10-10,131.9600067138672,132.0800018310547,131.02000427246094,131.17999267578125,103.42033386230469,291950
VOO,2012-10-11,132.0800018310547,132.27999877929688,131.25999450683594,131.25999450683594,103.48340606689453,436200
VOO,2012-10-12,131.3000030517578,131.75999450683594,130.5399932861328,130.8000030517578,103.12075805664062,503150
VOO,2012-10-15,131.1199951171875,132.02000427246094,130.72000122070312,131.89999389648438,103.98799133300781,361350
VOO,2012-10-16,132.5,133.33999633789062,132.4600067138672,133.24000549316406,105.0444564819336,839250
VOO,2012-10-17,133.33999633789062,133.9600067138672,133.1999969482422,133.86000061035156,105.53324127197266,163500
VOO,2012-10-18,133.5,134.13999938964844,133.05999755859375,133.52000427246094,105.26517486572266,211900
VOO,2012-10-19,133.24000549316406,133.24000549316406,130.97999572753906,131.24000549316406,103.46763610839844,353600
VOO,2012-10-22,131.0800018310547,131.5,130.25999450683594,131.32000732421875,103.53076171875,503500
VOO,2012-10-23,129.9199981689453,130.0399932861328,128.9600067138672,129.39999389648438,102.01702880859375,519000
VOO,2012-10-24,129.89999389648438,130.10000610351562,128.9199981689453,129.1199951171875,101.79627990722656,365650
VOO,2012-10-25,130.0800018310547,130.24000549316406,128.72000122070312,129.47999572753906,102.0801010131836,485500
VOO,2012-10-26,129.33999633789062,129.83999633789062,128.5399932861328,129.3800048828125,102.00126647949219,307100
VOO,2012-10-31,129.94000244140625,130.02000427246094,128.8000030517578,129.25999450683594,101.9066390991211,586700
VOO,2012-11-01,129.72000122070312,130.89999389648438,129.6199951171875,130.77999877929688,103.1050033569336,317650
VOO,2012-11-02,131.5800018310547,131.5800018310547,129.5,129.60000610351562,102.17469787597656,902700
VOO,2012-11-05,129.39999389648438,130.13999938964844,129.05999755859375,129.89999389648438,102.41120910644531,371250
VOO,2012-11-06,130.24000549316406,131.36000061035156,130.13999938964844,130.86000061035156,103.16806030273438,275100
VOO,2012-11-07,129.72000122070312,129.72000122070312,127.31999969482422,128.0,100.91325378417969,1039850
VOO,2012-11-08,127.9000015258789,128.5399932861328,126.30000305175781,126.30000305175781,99.57302856445312,819250
VOO,2012-11-09,126.0,127.66000366210938,125.91999816894531,126.44000244140625,99.68341064453125,1032750
VOO,2012-11-12,126.87999725341797,127.05999755859375,126.33999633789062,126.62000274658203,99.82530975341797,179700
VOO,2012-11-13,125.91999816894531,127.45999908447266,125.76000213623047,126.16000366210938,99.46265411376953,438750
VOO,2012-11-14,126.55999755859375,126.69999694824219,124.16000366210938,124.62000274658203,98.2485580444336,340050
VOO,2012-11-15,124.5,124.94000244140625,123.76000213623047,124.13999938964844,97.8700942993164,615400
VOO,2012-11-16,124.44000244140625,125.08000183105469,123.37999725341797,124.77999877929688,98.37466430664062,403450
VOO,2012-11-19,126.26000213623047,127.36000061035156,126.19999694824219,127.31999969482422,100.37718200683594,334250
VOO,2012-11-20,127.18000030517578,127.62000274658203,126.41999816894531,127.45999908447266,100.48755645751953,368750
VOO,2012-11-21,127.54000091552734,127.77999877929688,127.30000305175781,127.73999786376953,100.70830535888672,143850
VOO,2012-11-23,128.32000732421875,129.44000244140625,128.22000122070312,129.36000061035156,101.9854736328125,182700
VOO,2012-11-26,128.8000030517578,129.1999969482422,128.36000061035156,129.1999969482422,101.85935974121094,396800
VOO,2012-11-27,129.02000427246094,129.44000244140625,128.39999389648438,128.5800018310547,101.37053680419922,294950
VOO,2012-11-28,127.9800033569336,129.5800018310547,127.27999877929688,129.5399932861328,102.12738800048828,253350
VOO,2012-11-29,130.05999755859375,130.52000427246094,129.47999572753906,130.1199951171875,102.58466339111328,293200
VOO,2012-11-30,130.16000366210938,130.3800048828125,129.72000122070312,130.0,102.49005126953125,387400
VOO,2012-12-03,130.74000549316406,130.82000732421875,129.39999389648438,129.5399932861328,102.12738800048828,406950
VOO,2012-12-04,129.5399932861328,129.8800048828125,128.9600067138672,129.3000030517578,101.93818664550781,243700
VOO,2012-12-05,129.4600067138672,130.1199951171875,128.55999755859375,129.5800018310547,102.15892028808594,256950
VOO,2012-12-06,129.4600067138672,130.05999755859375,129.3000030517578,129.97999572753906,102.4742660522461,119900
VOO,2012-12-07,130.5399932861328,130.66000366210938,129.74000549316406,130.3800048828125,102.78963470458984,295350
VOO,2012-12-10,130.24000549316406,130.75999450683594,130.17999267578125,130.4600067138672,102.85272216796875,231750
VOO,2012-12-11,131.02000427246094,131.94000244140625,130.9600067138672,131.3000030517578,103.51496124267578,586950
VOO,2012-12-12,131.89999389648438,132.36000061035156,131.27999877929688,131.39999389648438,103.59378814697266,353600
VOO,2012-12-13,131.3800048828125,131.6999969482422,130.27999877929688,130.60000610351562,102.96310424804688,354800
VOO,2012-12-14,130.32000732421875,130.55999755859375,129.9199981689453,130.17999267578125,102.63194274902344,316050
VOO,2012-12-17,130.44000244140625,131.74000549316406,130.44000244140625,131.74000549316406,103.86186218261719,457200
VOO,2012-12-18,131.8800048828125,133.25999450683594,131.6999969482422,133.0800018310547,104.91825866699219,802550
VOO,2012-12-19,133.32000732421875,133.32000732421875,132.10000610351562,132.10000610351562,104.14566040039062,1522250
VOO,2012-12-20,132.22000122070312,132.94000244140625,131.8800048828125,132.9199981689453,104.7921371459961,1862200
VOO,2012-12-21,131.10000610351562,131.94000244140625,130.9600067138672,131.67999267578125,103.81452178955078,747750
VOO,2012-12-24,130.5399932861328,130.5399932861328,130.22000122070312,130.36000061035156,103.5128173828125,257950
VOO,2012-12-26,130.60000610351562,130.67999267578125,129.4600067138672,129.74000549316406,103.0204849243164,389650
VOO,2012-12-27,129.82000732421875,130.0800018310547,128.16000366210938,129.6199951171875,102.92517852783203,716400
VOO,2012-12-28,128.86000061035156,129.5,128.13999938964844,128.17999267578125,101.78176879882812,543150
VOO,2012-12-31,127.91999816894531,130.5399932861328,127.80000305175781,130.3800048828125,103.52867889404297,1265050
VOO,2013-01-02,132.94000244140625,133.6999969482422,132.55999755859375,133.60000610351562,106.08553314208984,2166600
VOO,2013-01-03,133.63999938964844,133.97999572753906,133.0399932861328,133.47999572753906,105.990234375,1146100
VOO,2013-01-04,133.6199951171875,134.22000122070312,133.36000061035156,134.0399932861328,106.43492126464844,574300
VOO,2013-01-07,133.5399932861328,133.77999877929688,133.13999938964844,133.67999267578125,106.14901733398438,598200
VOO,2013-01-08,133.44000244140625,133.60000610351562,132.75999450683594,133.27999877929688,105.83145904541016,476100
VOO,2013-01-09,133.5800018310547,133.97999572753906,133.4199981689453,133.67999267578125,106.14901733398438,1214600
VOO,2013-01-10,134.4199981689453,134.72000122070312,133.67999267578125,134.66000366210938,106.92723083496094,508050
VOO,2013-01-11,134.6999969482422,134.72000122070312,134.25999450683594,134.72000122070312,106.97484588623047,562500
VOO,2013-01-14,134.55999755859375,134.67999267578125,134.10000610351562,134.60000610351562,106.87954711914062,475600
VOO,2013-01-15,133.9600067138672,134.8000030517578,133.8800048828125,134.66000366210938,106.92723083496094,532350
VOO,2013-01-16,134.3800048828125,134.86000061035156,134.25999450683594,134.66000366210938,106.92723083496094,399400
VOO,2013-01-17,135.25999450683594,135.89999389648438,135.0,135.5,107.59428405761719,605700
VOO,2013-01-18,135.52000427246094,135.9600067138672,135.02000427246094,135.8800048828125,107.89595794677734,2081350
VOO,2013-01-22,135.86000061035156,136.5399932861328,135.52000427246094,136.5399932861328,108.42003631591797,1458050
VOO,2013-01-23,136.60000610351562,136.89999389648438,136.33999633789062,136.74000549316406,108.578857421875,812900
VOO,2013-01-24,136.55999755859375,137.4600067138672,136.4600067138672,136.82000732421875,108.64234161376953,1635550
VOO,2013-01-25,137.3000030517578,137.5800018310547,136.89999389648438,137.5800018310547,109.24584197998047,613600
VOO,2013-01-28,137.63999938964844,137.63999938964844,136.9600067138672,137.4199981689453,109.11880493164062,1188650
VOO,2013-01-29,137.17999267578125,138.13999938964844,137.10000610351562,137.97999572753906,109.56346130371094,680750
VOO,2013-01-30,137.97999572753906,138.1999969482422,137.32000732421875,137.44000244140625,109.13471221923828,754750
VOO,2013-01-31,137.3000030517578,137.6999969482422,137.0,137.1199951171875,108.88056945800781,443950
VOO,2013-02-01,137.97999572753906,138.66000366210938,137.75999450683594,138.44000244140625,109.9287109375,2253350
VOO,2013-02-04,137.67999267578125,137.8800048828125,136.86000061035156,136.9199981689453,108.7217788696289,541400
VOO,2013-02-05,137.72000122070312,138.72000122070312,137.63999938964844,138.32000732421875,109.83345794677734,416600
VOO,2013-02-06,137.86000061035156,138.52000427246094,137.77999877929688,138.44000244140625,109.9287109375,415650
VOO,2013-02-07,138.47999572753906,138.55999755859375,137.25999450683594,138.25999450683594,109.78581237792969,480050
VOO,2013-02-08,138.52000427246094,139.0800018310547,138.52000427246094,139.02000427246094,110.38928985595703,441050
VOO,2013-02-11,139.0,139.10000610351562,138.67999267578125,138.9600067138672,110.34165954589844,288100
VOO,2013-02-12,139.02000427246094,139.47999572753906,138.86000061035156,139.17999267578125,110.516357421875,409550
VOO,2013-02-13,139.52000427246094,139.74000549316406,138.9600067138672,139.3000030517578,110.61161041259766,1064700
VOO,2013-02-14,138.94000244140625,139.63999938964844,138.75999450683594,139.5,110.7703857421875,272850
VOO,2013-02-15,139.6199951171875,139.72000122070312,138.77999877929688,139.32000732421875,110.62751770019531,331350
VOO,2013-02-19,139.5399932861328,140.36000061035156,139.52000427246094,140.27999877929688,111.38980102539062,363800
VOO,2013-02-20,140.24000549316406,140.27999877929688,138.5399932861328,138.5399932861328,110.00812530517578,1033200
VOO,2013-02-21,138.1999969482422,138.22000122070312,137.32000732421875,137.8800048828125,109.48407745361328,1410350
VOO,2013-02-22,138.44000244140625,139.0800018310547,138.0800018310547,139.0800018310547,110.4369125366211,1352350
VOO,2013-02-25,139.82000732421875,139.97999572753906,136.4600067138672,136.4600067138672,108.35648345947266,1063400
VOO,2013-02-26,137.10000610351562,137.5399932861328,136.22000122070312,137.3800048828125,109.08707427978516,1571400
VOO,2013-02-27,137.25999450683594,139.5,137.16000366210938,139.10000610351562,110.45283508300781,783400
VOO,2013-02-28,139.10000610351562,139.97999572753906,138.6199951171875,138.94000244140625,110.32575988769531,2426700
VOO,2013-03-01,138.32000732421875,139.5,137.74000549316406,139.3000030517578,110.61161041259766,1540500
VOO,2013-03-04,139.0,140.0800018310547,138.77999877929688,140.0800018310547,111.23097229003906,536550
VOO,2013-03-05,140.75999450683594,141.67999267578125,140.74000549316406,141.27999877929688,112.18385314941406,532500
VOO,2013-03-06,141.83999633789062,141.86000061035156,141.22000122070312,141.5399932861328,112.39030456542969,1884400
VOO,2013-03-07,141.74000549316406,141.94000244140625,141.55999755859375,141.8000030517578,112.59677124023438,454300
VOO,2013-03-08,142.36000061035156,142.5399932861328,141.67999267578125,142.36000061035156,113.04141998291016,714350
VOO,2013-03-11,142.27999877929688,142.9199981689453,142.0800018310547,142.8800048828125,113.4543228149414,360050
VOO,2013-03-12,142.82000732421875,142.9600067138672,142.13999938964844,142.55999755859375,113.20024108886719,489850
VOO,2013-03-13,142.66000366210938,142.97999572753906,142.1999969482422,142.75999450683594,113.35907745361328,456800
VOO,2013-03-14,143.17999267578125,143.6199951171875,143.10000610351562,143.52000427246094,113.9625244140625,670500
VOO,2013-03-15,143.39999389648438,143.5800018310547,142.89999389648438,143.32000732421875,113.80371856689453,767850
VOO,2013-03-18,142.0,143.17999267578125,141.86000061035156,142.5399932861328,113.18437194824219,819550
VOO,2013-03-19,142.86000061035156,143.02000427246094,141.3000030517578,142.1999969482422,112.91441345214844,603900
VOO,2013-03-20,143.02000427246094,143.4199981689453,142.83999633789062,143.17999267578125,113.69255828857422,1279950
VOO,2013-03-21,142.32000732421875,142.83999633789062,141.75999450683594,142.02000427246094,112.77145385742188,312100
VOO,2013-03-22,141.77999877929688,142.39999389648438,141.67999267578125,142.3800048828125,113.59318542480469,437050
VOO,2013-03-25,142.86000061035156,143.10000610351562,141.32000732421875,141.97999572753906,113.27410125732422,615400
VOO,2013-03-26,142.52000427246094,143.05999755859375,142.33999633789062,143.0399932861328,114.11976623535156,1374550
VOO,2013-03-27,142.1999969482422,143.05999755859375,141.89999389648438,142.9600067138672,114.05596160888672,392950
VOO,2013-03-28,142.9600067138672,143.6199951171875,142.75999450683594,143.27999877929688,114.31122589111328,366400
VOO,2013-04-01,143.39999389648438,144.1999969482422,142.5399932861328,142.8800048828125,113.99215698242188,618150
VOO,2013-04-02,143.3800048828125,143.9199981689453,143.1999969482422,143.5800018310547,114.55060577392578,799350
VOO,2013-04-03,143.72000122070312,143.8000030517578,141.77999877929688,142.13999938964844,113.4017333984375,771900
VOO,2013-04-04,142.3000030517578,142.97999572753906,142.0399932861328,142.6999969482422,113.8485107421875,975050
VOO,2013-04-05,141.0,142.25999450683594,140.8000030517578,142.13999938964844,113.4017333984375,642150
VOO,2013-04-08,142.1999969482422,143.0399932861328,141.6999969482422,143.02000427246094,114.10379028320312,315950
VOO,2013-04-09,143.32000732421875,144.05999755859375,142.8800048828125,143.5399932861328,114.51866149902344,369050
VOO,2013-04-10,143.94000244140625,145.44000244140625,143.89999389648438,145.3000030517578,115.92284393310547,1110200
VOO,2013-04-11,145.32000732421875,146.22000122070312,145.17999267578125,145.77999877929688,116.30583190917969,450400
VOO,2013-04-12,145.32000732421875,145.63999938964844,144.6199951171875,145.4600067138672,116.05046844482422,1241200
VOO,2013-04-15,144.67999267578125,144.77999877929688,142.0399932861328,142.13999938964844,113.4017333984375,671850
VOO,2013-04-16,143.16000366210938,144.17999267578125,142.75999450683594,144.13999938964844,114.99735260009766,673400
VOO,2013-04-17,143.13999938964844,143.13999938964844,141.27999877929688,142.02000427246094,113.30597686767578,767850
VOO,2013-04-18,142.27999877929688,142.27999877929688,140.5800018310547,140.86000061035156,112.38055419921875,3966900
VOO,2013-04-19,141.4199981689453,142.4199981689453,141.1199951171875,142.36000061035156,113.57723999023438,731400
VOO,2013-04-22,142.63999938964844,143.3000030517578,141.6999969482422,143.0,114.08786010742188,527900
VOO,2013-04-23,143.6999969482422,144.60000610351562,143.0,144.52000427246094,115.3005599975586,875050
VOO,2013-04-24,144.52000427246094,144.9600067138672,144.25999450683594,144.55999755859375,115.33244323730469,1775750
VOO,2013-04-25,144.97999572753906,145.83999633789062,144.77999877929688,145.1999969482422,115.8430404663086,300450
VOO,2013-04-26,144.9600067138672,145.22000122070312,144.44000244140625,144.8800048828125,115.58777618408203,259750
VOO,2013-04-29,145.3000030517578,146.17999267578125,145.0800018310547,145.82000732421875,116.3377456665039,519050
VOO,2013-04-30,145.86000061035156,146.27999877929688,145.25999450683594,146.27999877929688,116.7046890258789,486350
VOO,2013-05-01,145.9199981689453,145.9600067138672,144.77999877929688,144.9600067138672,115.65158081054688,462400
VOO,2013-05-02,145.36000061035156,146.39999389648438,145.1999969482422,146.25999450683594,116.68876647949219,404700
VOO,2013-05-03,147.5800018310547,148.24000549316406,147.5,147.63999938964844,117.78971099853516,475850
VOO,2013-05-06,147.89999389648438,148.3800048828125,147.82000732421875,148.10000610351562,118.15674591064453,699750
VOO,2013-05-07,148.47999572753906,148.9600067138672,148.05999755859375,148.86000061035156,118.76305389404297,391950
VOO,2013-05-08,148.77999877929688,149.63999938964844,148.67999267578125,149.63999938964844,119.38538360595703,294900
VOO,2013-05-09,149.5399932861328,149.9199981689453,148.82000732421875,149.1999969482422,119.03433227539062,397550
VOO,2013-05-10,149.33999633789062,149.74000549316406,148.8800048828125,149.72000122070312,119.44922637939453,671150
VOO,2013-05-13,149.47999572753906,150.0,149.1199951171875,149.6999969482422,119.4332046508789,1208650
VOO,2013-05-14,149.94000244140625,151.4199981689453,149.89999389648438,151.27999877929688,120.69384002685547,363000
VOO,2013-05-15,151.10000610351562,152.44000244140625,151.0399932861328,152.13999938964844,121.3799057006836,707050
VOO,2013-05-16,151.86000061035156,152.33999633789062,151.22000122070312,151.44000244140625,120.82140350341797,676650
VOO,2013-05-17,152.02000427246094,152.97999572753906,151.82000732421875,152.8800048828125,121.97028350830078,660750
VOO,2013-05-20,152.75999450683594,153.5,152.6199951171875,152.8800048828125,121.97028350830078,665450
VOO,2013-05-21,153.05999755859375,153.67999267578125,152.52000427246094,153.0800018310547,122.12984466552734,481200
VOO,2013-05-22,153.32000732421875,154.86000061035156,151.3000030517578,152.05999755859375,121.3160629272461,978050
VOO,2013-05-23,150.33999633789062,151.9199981689453,150.13999938964844,151.52000427246094,120.88520812988281,1134700
VOO,2013-05-24,150.60000610351562,151.39999389648438,150.1999969482422,151.32000732421875,120.7257080078125,684800
VOO,2013-05-28,153.13999938964844,153.67999267578125,151.8800048828125,152.39999389648438,121.58734893798828,566800
VOO,2013-05-29,151.5,151.83999633789062,150.52000427246094,151.24000549316406,120.66185760498047,881200
VOO,2013-05-30,151.4199981689453,152.5800018310547,151.36000061035156,151.89999389648438,121.18840789794922,444800
VOO,2013-05-31,151.47999572753906,152.27999877929688,149.5,149.67999267578125,119.41724395751953,814800
VOO,2013-06-03,150.05999755859375,150.60000610351562,148.9600067138672,150.4600067138672,120.03955078125,1002250
VOO,2013-06-04,150.5800018310547,151.22000122070312,149.0399932861328,150.0,119.67255401611328,1190650
VOO,2013-06-05,149.3800048828125,149.63999938964844,147.5800018310547,147.6999969482422,117.83761596679688,1122300
VOO,2013-06-06,147.66000366210938,148.97999572753906,146.75999450683594,148.86000061035156,118.76305389404297,1172500
VOO,2013-06-07,150.0800018310547,151.05999755859375,149.4199981689453,150.94000244140625,120.4225082397461,1464650
VOO,2013-06-10,151.4600067138672,151.4600067138672,150.5399932861328,150.8800048828125,120.37469482421875,1841250
VOO,2013-06-11,149.52000427246094,150.67999267578125,148.97999572753906,149.33999633789062,119.14598846435547,1502800
VOO,2013-06-12,150.4199981689453,150.52000427246094,148.0,148.17999267578125,118.22051239013672,1058300
VOO,2013-06-13,148.02000427246094,150.60000610351562,147.72000122070312,150.32000732421875,119.92789459228516,1280150
VOO,2013-06-14,150.17999267578125,150.77999877929688,149.16000366210938,149.39999389648438,119.19385528564453,1172650
VOO,2013-06-17,150.47999572753906,151.27999877929688,149.77999877929688,150.60000610351562,120.1512451171875,1048100
VOO,2013-06-18,150.6999969482422,152.0,150.6999969482422,151.75999450683594,121.07671356201172,1033300
VOO,2013-06-19,151.67999267578125,151.94000244140625,149.66000366210938,149.74000549316406,119.46513366699219,990950
VOO,2013-06-20,148.22000122070312,148.44000244140625,145.55999755859375,145.94000244140625,116.4334487915039,1686200
VOO,2013-06-21,146.9600067138672,147.10000610351562,144.97999572753906,146.39999389648438,116.80039978027344,1565400
VOO,2013-06-24,144.1999969482422,145.1199951171875,142.66000366210938,143.82000732421875,115.32341003417969,1863750
VOO,2013-06-25,145.17999267578125,145.75999450683594,144.22000122070312,145.25999450683594,116.47809600830078,1520750
VOO,2013-06-26,146.44000244140625,147.0,145.8800048828125,146.6199951171875,117.5686264038086,1710800
VOO,2013-06-27,147.5800018310547,148.24000549316406,147.4600067138672,147.60000610351562,118.35442352294922,756150
VOO,2013-06-28,147.16000366210938,147.86000061035156,146.4600067138672,146.67999267578125,117.61673736572266,1026450
VOO,2013-07-01,147.74000549316406,148.8000030517578,147.5399932861328,147.77999877929688,118.49876403808594,1394400
VOO,2013-07-02,147.55999755859375,148.66000366210938,147.0,147.55999755859375,118.32235717773438,1208750
VOO,2013-07-03,147.05999755859375,148.16000366210938,146.75999450683594,147.6999969482422,118.43465423583984,513250
VOO,2013-07-05,148.8800048828125,149.39999389648438,147.77999877929688,149.33999633789062,119.74966430664062,626450
VOO,2013-07-08,150.1199951171875,150.5800018310547,149.83999633789062,150.1199951171875,120.37512969970703,836550
VOO,2013-07-09,151.10000610351562,151.4600067138672,150.47999572753906,151.25999450683594,121.28919219970703,792000
VOO,2013-07-10,151.17999267578125,151.82000732421875,150.82000732421875,151.3000030517578,121.32131958007812,771550
VOO,2013-07-11,153.0800018310547,153.5399932861328,152.5800018310547,153.44000244140625,123.03727722167969,1298350
VOO,2013-07-12,153.39999389648438,153.77999877929688,153.1199951171875,153.47999572753906,123.06939697265625,971450
VOO,2013-07-15,153.83999633789062,154.22000122070312,153.6199951171875,154.0399932861328,123.5184326171875,643900
VOO,2013-07-16,154.1199951171875,154.1999969482422,153.0399932861328,153.4600067138672,123.05333709716797,698900
VOO,2013-07-17,154.0399932861328,154.27999877929688,153.66000366210938,153.83999633789062,123.35807037353516,702400
VOO,2013-07-18,154.17999267578125,155.05999755859375,154.13999938964844,154.72000122070312,124.06367492675781,432700
VOO,2013-07-19,154.39999389648438,155.0,154.17999267578125,155.0,124.28820037841797,367600
VOO,2013-07-22,155.1999969482422,155.5,154.83999633789062,155.27999877929688,124.51271057128906,420100
VOO,2013-07-23,155.5800018310547,155.6199951171875,154.86000061035156,154.9600067138672,124.25613403320312,1034850
VOO,2013-07-24,155.5800018310547,155.60000610351562,154.0800018310547,154.3800048828125,123.79102325439453,790000
VOO,2013-07-25,154.05999755859375,154.86000061035156,153.86000061035156,154.66000366210938,124.01557159423828,314200
VOO,2013-07-26,154.0800018310547,154.9600067138672,153.4600067138672,154.86000061035156,124.17591094970703,876850
VOO,2013-07-29,154.52000427246094,154.86000061035156,153.97999572753906,154.39999389648438,123.8070297241211,927100
VOO,2013-07-30,154.9600067138672,155.0800018310547,154.10000610351562,154.4199981689453,123.82315826416016,446950
VOO,2013-07-31,154.75999450683594,155.5800018310547,154.33999633789062,154.4600067138672,123.85518646240234,623550
VOO,2013-08-01,155.67999267578125,156.4600067138672,155.63999938964844,156.33999633789062,125.36267852783203,491850
VOO,2013-08-02,156.02000427246094,156.60000610351562,155.77999877929688,156.5800018310547,125.55511474609375,558650
VOO,2013-08-05,156.33999633789062,156.6199951171875,156.0800018310547,156.47999572753906,125.4748764038086,317900
VOO,2013-08-06,156.1199951171875,156.1999969482422,155.16000366210938,155.5399932861328,124.72118377685547,413650
VOO,2013-08-07,155.0,155.1999969482422,154.44000244140625,155.0,124.28820037841797,431150
VOO,2013-08-08,155.72000122070312,155.86000061035156,154.72000122070312,155.5399932861328,124.72118377685547,499050
VOO,2013-08-09,155.36000061035156,155.82000732421875,154.60000610351562,155.10000610351562,124.36837005615234,618400
VOO,2013-08-12,154.33999633789062,155.10000610351562,154.27999877929688,154.89999389648438,124.2080078125,330550
VOO,2013-08-13,155.16000366210938,155.6199951171875,154.27999877929688,155.5,124.6890869140625,2052850
VOO,2013-08-14,155.32000732421875,155.5399932861328,154.5399932861328,154.6199951171875,123.98347473144531,496300
VOO,2013-08-15,153.32000732421875,153.32000732421875,152.16000366210938,152.36000061035156,122.17125701904297,750750
VOO,2013-08-16,152.1199951171875,152.6199951171875,151.5800018310547,151.9199981689453,121.81844329833984,615000
VOO,2013-08-19,151.6999969482422,152.22000122070312,150.94000244140625,150.9600067138672,121.04872131347656,825050
VOO,2013-08-20,151.1999969482422,152.22000122070312,151.02000427246094,151.55999755859375,121.52982330322266,933300
VOO,2013-08-21,151.25999450683594,152.05999755859375,150.39999389648438,150.77999877929688,120.90435028076172,498450
VOO,2013-08-22,151.0399932861328,152.32000732421875,151.0399932861328,152.10000610351562,121.96282196044922,635800
VOO,2013-08-23,152.5800018310547,152.8000030517578,151.86000061035156,152.60000610351562,122.3637466430664,424400
VOO,2013-08-26,152.8000030517578,153.25999450683594,151.9600067138672,152.1199951171875,121.97883605957031,704050
VOO,2013-08-27,150.5800018310547,151.1199951171875,149.5,149.6199951171875,119.9742202758789,803600
VOO,2013-08-28,149.5399932861328,150.63999938964844,149.33999633789062,150.1199951171875,120.37512969970703,665900
VOO,2013-08-29,149.77999877929688,151.13999938964844,149.6999969482422,150.36000061035156,120.56761932373047,923100
VOO,2013-08-30,150.63999938964844,150.63999938964844,149.4600067138672,149.6999969482422,120.03834533691406,870300
VOO,2013-09-03,151.32000732421875,151.63999938964844,149.94000244140625,150.5800018310547,120.74398040771484,1569400
VOO,2013-09-04,150.6199951171875,152.05999755859375,150.36000061035156,151.83999633789062,121.75432586669922,700250
VOO,2013-09-05,151.89999389648438,152.39999389648438,151.8000030517578,151.8000030517578,121.72225952148438,692800
VOO,2013-09-06,152.5399932861328,152.94000244140625,150.66000366210938,152.05999755859375,121.93070983886719,1109250
VOO,2013-09-09,152.5,153.6199951171875,152.5,153.55999755859375,123.13350677490234,1185400
VOO,2013-09-10,154.47999572753906,154.72000122070312,154.16000366210938,154.72000122070312,124.06367492675781,1038650
VOO,2013-09-11,154.5,155.1999969482422,154.22000122070312,155.1999969482422,124.44857788085938,807650
VOO,2013-09-12,155.16000366210938,155.33999633789062,154.55999755859375,154.82000732421875,124.14388275146484,855500
VOO,2013-09-13,154.9199981689453,155.25999450683594,154.60000610351562,155.13999938964844,124.40045928955078,540000
VOO,2013-09-16,156.82000732421875,156.8800048828125,155.77999877929688,156.0800018310547,125.15422058105469,693950
VOO,2013-09-17,156.16000366210938,156.72000122070312,156.16000366210938,156.72000122070312,125.66741180419922,2351450
VOO,2013-09-18,156.67999267578125,158.9600067138672,156.27999877929688,158.60000610351562,127.17491149902344,990900
VOO,2013-09-19,158.9600067138672,159.0399932861328,158.1199951171875,158.33999633789062,126.9664535522461,2964000
VOO,2013-09-20,158.66000366210938,158.66000366210938,157.05999755859375,157.10000610351562,125.97208404541016,611450
VOO,2013-09-23,156.16000366210938,156.3000030517578,155.16000366210938,155.74000549316406,125.50951385498047,1400700
VOO,2013-09-24,155.63999938964844,156.22000122070312,155.02000427246094,155.39999389648438,125.23554992675781,1632400
VOO,2013-09-25,155.39999389648438,155.66000366210938,154.72000122070312,154.89999389648438,124.83258056640625,789000
VOO,2013-09-26,155.1199951171875,155.86000061035156,154.86000061035156,155.52000427246094,125.33222961425781,622250
VOO,2013-09-27,154.6999969482422,154.94000244140625,154.33999633789062,154.86000061035156,124.80032348632812,1405950
VOO,2013-09-30,153.39999389648438,154.3800048828125,153.10000610351562,154.0,124.1072769165039,1521800
VOO,2013-10-01,154.0399932861328,155.25999450683594,153.9199981689453,155.17999267578125,125.05817413330078,1110450
VOO,2013-10-02,154.17999267578125,155.0,153.74000549316406,154.97999572753906,124.89702606201172,1253600
VOO,2013-10-03,154.60000610351562,154.72000122070312,152.83999633789062,153.60000610351562,123.7849349975586,1447700
VOO,2013-10-04,153.67999267578125,154.86000061035156,153.47999572753906,154.72000122070312,124.6875228881836,538450
VOO,2013-10-07,153.36000061035156,154.3000030517578,153.22000122070312,153.39999389648438,123.62370300292969,690850
VOO,2013-10-08,153.33999633789062,153.52000427246094,151.47999572753906,151.6199951171875,122.18927001953125,2071600
VOO,2013-10-09,151.89999389648438,152.24000549316406,150.72000122070312,151.6199951171875,122.18927001953125,1340100
VOO,2013-10-10,153.1999969482422,155.0399932861328,153.1999969482422,155.0399932861328,124.94535827636719,1441200
VOO,2013-10-11,154.74000549316406,156.02000427246094,154.6199951171875,155.9600067138672,125.68682098388672,1235900
VOO,2013-10-14,155.02000427246094,156.6999969482422,154.8800048828125,156.63999938964844,126.23480987548828,1408450
VOO,2013-10-15,156.17999267578125,156.75999450683594,155.25999450683594,155.47999572753906,125.30003356933594,1655750
VOO,2013-10-16,156.36000061035156,157.6999969482422,156.3000030517578,157.60000610351562,127.00843048095703,3102850
VOO,2013-10-17,157.0,158.75999450683594,156.97999572753906,158.67999267578125,127.87885284423828,2548900
VOO,2013-10-18,159.24000549316406,159.86000061035156,158.9600067138672,159.74000549316406,128.73309326171875,1671950
VOO,2013-10-21,159.83999633789062,160.05999755859375,159.4199981689453,159.82000732421875,128.7975311279297,1009100
VOO,2013-10-22,160.25999450683594,161.13999938964844,160.02000427246094,160.67999267578125,129.4906463623047,1364950
VOO,2013-10-23,160.16000366210938,160.1999969482422,159.3800048828125,159.94000244140625,128.89425659179688,948250
VOO,2013-10-24,160.22000122070312,160.63999938964844,159.86000061035156,160.4600067138672,129.31332397460938,795600
VOO,2013-10-25,160.8000030517578,161.1999969482422,160.47999572753906,161.1999969482422,129.9097137451172,1019700
VOO,2013-10-28,161.14999389648438,161.6699981689453,160.9600067138672,161.39999389648438,130.07086181640625,1155000
VOO,2013-10-29,161.7899932861328,162.38999938964844,161.58999633789062,162.38999938964844,130.86874389648438,844500
VOO,2013-10-30,162.52999877929688,162.6199951171875,160.92999267578125,161.47999572753906,130.1353302001953,3362100
VOO,2013-10-31,161.39999389648438,162.0399932861328,160.8000030517578,160.8800048828125,129.6518096923828,1437500
VOO,2013-11-01,161.27999877929688,161.77999877929688,160.52999877929688,161.33999633789062,130.02249145507812,1341300
VOO,2013-11-04,161.91000366210938,162.07000732421875,161.3800048828125,162.07000732421875,130.61082458496094,2940900
VOO,2013-11-05,161.33999633789062,161.91000366210938,160.83999633789062,161.5800018310547,130.21591186523438,1147000
VOO,2013-11-06,162.2100067138672,162.58999633789062,161.72999572753906,162.3300018310547,130.8203125,1510400
VOO,2013-11-07,162.64999389648438,162.74000549316406,160.10000610351562,160.25,129.1440887451172,1242100
VOO,2013-11-08,160.22000122070312,162.4499969482422,160.17999267578125,162.4499969482422,130.91702270507812,1629500
VOO,2013-11-11,162.27999877929688,162.6199951171875,162.08999633789062,162.4199981689453,130.89283752441406,1109900
VOO,2013-11-12,162.08999633789062,162.47000122070312,161.5800018310547,162.1300048828125,130.65916442871094,929600
VOO,2013-11-13,161.3300018310547,163.44000244140625,161.3300018310547,163.3800048828125,131.66656494140625,1336300
VOO,2013-11-14,163.61000061035156,164.3800048828125,163.32000732421875,164.2899932861328,132.39981079101562,1720600
VOO,2013-11-15,164.5,165.0,164.32000732421875,165.0,132.97207641601562,710300
VOO,2013-11-18,165.27999877929688,165.3699951171875,164.00999450683594,164.38999938964844,132.48046875,1319800
VOO,2013-11-19,164.27999877929688,164.77999877929688,163.74000549316406,164.07000732421875,132.22259521484375,1156500
VOO,2013-11-20,164.33999633789062,164.82000732421875,163.0800018310547,163.5500030517578,131.80357360839844,1468000
VOO,2013-11-21,164.0,164.9499969482422,163.8800048828125,164.8300018310547,132.83509826660156,2121600
VOO,2013-11-22,164.91000366210938,165.6699981689453,164.72000122070312,165.6699981689453,133.5120391845703,1405200
VOO,2013-11-25,165.92999267578125,165.97000122070312,165.25999450683594,165.57000732421875,133.43145751953125,810000
VOO,2013-11-26,165.58999633789062,166.00999450683594,165.2899932861328,165.49000549316406,133.36700439453125,773300
VOO,2013-11-27,165.6999969482422,166.0399932861328,165.50999450683594,165.94000244140625,133.72958374023438,826300
VOO,2013-11-29,166.10000610351562,166.50999450683594,165.64999389648438,165.6999969482422,133.5361785888672,614400
VOO,2013-12-02,165.9499969482422,166.22000122070312,165.14999389648438,165.44000244140625,133.32669067382812,1409000
VOO,2013-12-03,164.88999938964844,165.25999450683594,164.16000366210938,164.8000030517578,132.81092834472656,1076900
VOO,2013-12-04,164.10000610351562,165.33999633789062,163.38999938964844,164.61000061035156,132.65782165527344,1374100
VOO,2013-12-05,164.39999389648438,164.64999389648438,163.8000030517578,163.97999572753906,132.15005493164062,1168500
VOO,2013-12-06,165.5500030517578,165.9199981689453,165.05999755859375,165.83999633789062,133.64901733398438,1208700
VOO,2013-12-09,166.25,166.42999267578125,165.99000549316406,166.22000122070312,133.9552764892578,1586300
VOO,2013-12-10,165.82000732421875,166.1699981689453,165.50999450683594,165.64999389648438,133.49588012695312,1747700
VOO,2013-12-11,165.6699981689453,165.6999969482422,163.5399932861328,163.77000427246094,131.98080444335938,1079100
VOO,2013-12-12,163.63999938964844,163.85000610351562,162.8699951171875,163.22999572753906,131.54566955566406,3453800
VOO,2013-12-13,163.52999877929688,163.67999267578125,162.8800048828125,163.17999267578125,131.5053253173828,2151000
VOO,2013-12-16,163.9600067138672,164.72000122070312,163.89999389648438,164.22000122070312,132.34347534179688,1838100
VOO,2013-12-17,164.3300018310547,164.36000061035156,163.30999755859375,163.63999938964844,131.87606811523438,1479800
VOO,2013-12-18,163.9199981689453,166.50999450683594,162.00999450683594,166.49000549316406,134.17286682128906,3112400
VOO,2013-12-19,166.02999877929688,166.47000122070312,165.57000732421875,166.33999633789062,134.05197143554688,1242900
VOO,2013-12-20,166.44000244140625,167.64999389648438,166.44000244140625,167.17999267578125,134.72891235351562,1303500
VOO,2013-12-23,168.07000732421875,168.9499969482422,167.75,168.9499969482422,136.15542602539062,1480200
VOO,2013-12-24,167.22999572753906,167.6699981689453,167.22000122070312,167.64999389648438,135.84255981445312,585700
VOO,2013-12-26,167.9499969482422,168.52999877929688,167.9499969482422,168.42999267578125,136.4745635986328,968100
VOO,2013-12-27,168.72000122070312,168.75999450683594,168.27000427246094,168.44000244140625,136.4827117919922,929700
VOO,2013-12-30,168.4600067138672,168.55999755859375,168.1999969482422,168.3699951171875,136.42601013183594,1112800
VOO,2013-12-31,168.66000366210938,169.22999572753906,168.52000427246094,169.14999389648438,137.05801391601562,774400
VOO,2014-01-02,168.52999877929688,168.61000061035156,167.1999969482422,167.6300048828125,135.82638549804688,1731300
VOO,2014-01-03,167.8800048828125,168.2100067138672,167.3300018310547,167.47999572753906,135.704833984375,1710500
VOO,2014-01-06,168.11000061035156,168.16000366210938,166.82000732421875,167.05999755859375,135.364501953125,1339000
VOO,2014-01-07,167.72999572753906,168.3699951171875,167.6300048828125,168.10000610351562,136.20721435546875,824700
VOO,2014-01-08,168.07000732421875,168.39999389648438,167.5500030517578,168.1699981689453,136.263916015625,3147500
VOO,2014-01-09,168.6699981689453,168.67999267578125,167.49000549316406,168.27000427246094,136.34494018554688,1117200
VOO,2014-01-10,168.5500030517578,168.75,167.66000366210938,168.66000366210938,136.66094970703125,990200
VOO,2014-01-13,168.2899932861328,168.74000549316406,166.14999389648438,166.52000427246094,134.9269561767578,1338500
VOO,2014-01-14,167.02999877929688,168.36000061035156,166.7100067138672,168.25,136.32875061035156,866000
VOO,2014-01-15,168.6300048828125,169.42999267578125,168.58999633789062,169.1999969482422,137.09848022460938,943100
VOO,2014-01-16,168.82000732421875,169.0,168.4199981689453,168.94000244140625,136.88783264160156,778500
VOO,2014-01-17,168.6999969482422,168.99000549316406,167.97000122070312,168.2100067138672,136.2963104248047,904300
VOO,2014-01-21,169.22000122070312,169.27999877929688,167.7100067138672,168.74000549316406,136.72579956054688,1366400
VOO,2014-01-22,169.05999755859375,169.0800018310547,168.49000549316406,168.83999633789062,136.80677795410156,751200
VOO,2014-01-23,168.00999450683594,168.00999450683594,166.58999633789062,167.47999572753906,135.704833984375,1294000
VOO,2014-01-24,166.3699951171875,166.4199981689453,163.8699951171875,163.8800048828125,132.78782653808594,1828900
VOO,2014-01-27,164.07000732421875,164.4499969482422,162.2899932861328,163.0800018310547,132.13961791992188,2882100
VOO,2014-01-28,163.24000549316406,164.25,163.17999267578125,164.08999633789062,132.95803833007812,1067400
VOO,2014-01-29,162.75,163.57000732421875,162.07000732421875,162.3800048828125,131.5723876953125,1346400
VOO,2014-01-30,163.88999938964844,164.72000122070312,163.3300018310547,164.1999969482422,133.04713439941406,2086700
VOO,2014-01-31,162.14999389648438,164.25,162.10000610351562,163.17999267578125,132.22067260742188,1322100
VOO,2014-02-03,163.02000427246094,163.41000366210938,159.25999450683594,159.61000061035156,129.32798767089844,2969400
VOO,2014-02-04,160.2899932861328,161.0800018310547,159.72999572753906,160.69000244140625,130.20306396484375,1116700
VOO,2014-02-05,160.10000610351562,160.82000732421875,159.17999267578125,160.4199981689453,129.98428344726562,1701400
VOO,2014-02-06,160.91000366210938,162.58999633789062,160.8800048828125,162.57000732421875,131.7263946533203,1109600
VOO,2014-02-07,163.3699951171875,164.77999877929688,162.85000610351562,164.6699981689453,133.42800903320312,1258200
VOO,2014-02-10,164.63999938964844,164.9600067138672,164.1999969482422,164.92999267578125,133.63858032226562,937400
VOO,2014-02-11,165.1199951171875,167.1300048828125,164.97000122070312,166.75,135.11334228515625,1497400
VOO,2014-02-12,166.99000549316406,167.5,166.47999572753906,166.89999389648438,135.23487854003906,1855000
VOO,2014-02-13,165.6999969482422,167.83999633789062,165.6999969482422,167.72000122070312,135.89930725097656,1336600
VOO,2014-02-14,167.55999755859375,168.91000366210938,167.3699951171875,168.61000061035156,136.62045288085938,917200
VOO,2014-02-18,168.74000549316406,169.0399932861328,168.27000427246094,168.86000061035156,136.82302856445312,1174300
VOO,2014-02-19,168.4199981689453,169.47999572753906,167.57000732421875,167.6999969482422,135.88307189941406,1928100
VOO,2014-02-20,167.92999267578125,169.07000732421875,167.3300018310547,168.64999389648438,136.65286254882812,1080000
VOO,2014-02-21,169.02000427246094,169.41000366210938,168.4199981689453,168.57000732421875,136.58807373046875,706200
VOO,2014-02-24,168.8699951171875,170.57000732421875,168.77999877929688,169.3699951171875,137.2362518310547,978600
VOO,2014-02-25,169.5800018310547,170.02999877929688,168.83999633789062,169.30999755859375,137.18759155273438,1001000
VOO,2014-02-26,169.58999633789062,170.0399932861328,168.91000366210938,169.30999755859375,137.18759155273438,709000
VOO,2014-02-27,169.14999389648438,170.27000427246094,168.97000122070312,170.25,137.94924926757812,1034200
VOO,2014-02-28,170.22000122070312,171.47000122070312,169.57000732421875,170.6300048828125,138.2572021484375,853900
VOO,2014-03-03,169.19000244140625,169.88999938964844,168.3800048828125,169.4600067138672,137.30917358398438,2235900
VOO,2014-03-04,171.1699981689453,172.22999572753906,171.1300048828125,171.8800048828125,139.27005004882812,1281500
VOO,2014-03-05,172.0,172.30999755859375,171.7899932861328,171.91000366210938,139.2943878173828,983100
VOO,2014-03-06,172.5399932861328,172.83999633789062,172.19000244140625,172.4600067138672,139.74002075195312,1037000
VOO,2014-03-07,173.0800018310547,173.1300048828125,171.7899932861328,172.4199981689453,139.70762634277344,1205600
VOO,2014-03-10,172.24000549316406,172.47999572753906,171.47000122070312,172.4499969482422,139.73191833496094,885300
VOO,2014-03-11,172.72999572753906,172.9199981689453,171.1699981689453,171.5,138.96209716796875,945700
VOO,2014-03-12,170.75,171.64999389648438,170.36000061035156,171.6199951171875,139.0593719482422,1065000
VOO,2014-03-13,172.13999938964844,172.24000549316406,169.2100067138672,169.72000122070312,137.51988220214844,1659400
VOO,2014-03-14,169.35000610351562,170.22000122070312,169.0,169.22999572753906,137.1228485107422,1323500
VOO,2014-03-17,170.05999755859375,171.13999938964844,169.99000549316406,170.75,138.3544158935547,1695400
VOO,2014-03-18,171.07000732421875,172.17999267578125,170.92999267578125,171.9600067138672,139.33493041992188,779700
VOO,2014-03-19,172.02999877929688,172.22999572753906,169.99000549316406,171.02000427246094,138.57318115234375,1166300
VOO,2014-03-20,170.67999267578125,172.16000366210938,170.3699951171875,171.99000549316406,139.35916137695312,818200
VOO,2014-03-21,172.80999755859375,173.19000244140625,171.24000549316406,171.4199981689453,138.89730834960938,825200
VOO,2014-03-24,171.19000244140625,171.38999938964844,169.16000366210938,169.9199981689453,138.31045532226562,2004900
VOO,2014-03-25,170.77999877929688,171.25,169.77999877929688,170.75,138.9860076904297,1202100
VOO,2014-03-26,171.38999938964844,171.63999938964844,169.4499969482422,169.49000549316406,137.96043395996094,1155600
VOO,2014-03-27,169.32000732421875,169.77999877929688,168.47999572753906,169.14999389648438,137.68370056152344,980700
VOO,2014-03-28,169.6300048828125,170.7899932861328,169.5,169.89999389648438,138.2941131591797,548900
VOO,2014-03-31,171.0399932861328,171.58999633789062,170.8699951171875,171.35000610351562,139.4744110107422,822000
VOO,2014-04-01,171.8699951171875,172.58999633789062,171.75999450683594,172.5,140.4104461669922,1247500
VOO,2014-04-02,172.72000122070312,173.2899932861328,172.39999389648438,173.08999633789062,140.8907470703125,1972800
VOO,2014-04-03,173.3300018310547,173.3699951171875,172.32000732421875,172.82000732421875,140.6709747314453,718300
VOO,2014-04-04,173.77000427246094,173.82000732421875,170.52999877929688,170.74000549316406,138.97787475585938,2270800
VOO,2014-04-07,170.36000061035156,170.64999389648438,168.57000732421875,168.89999389648438,137.48016357421875,1645000
VOO,2014-04-08,168.7899932861328,169.8800048828125,168.22000122070312,169.60000610351562,138.05001831054688,2064000
VOO,2014-04-09,170.0800018310547,171.4600067138672,169.61000061035156,171.42999267578125,139.53952026367188,768800
VOO,2014-04-10,171.4199981689453,171.49000549316406,167.6199951171875,167.77000427246094,136.56040954589844,1286900
VOO,2014-04-11,166.9199981689453,168.0500030517578,166.11000061035156,166.25999450683594,135.3312530517578,1762400
VOO,2014-04-14,167.5800018310547,168.0,166.25999450683594,167.60000610351562,136.42208862304688,1456600
VOO,2014-04-15,167.97999572753906,168.8699951171875,166.3300018310547,168.75999450683594,137.36624145507812,2160100
VOO,2014-04-16,169.9199981689453,170.5500030517578,169.19000244140625,170.5399932861328,138.8151092529297,2410000
VOO,2014-04-17,170.35000610351562,171.24000549316406,170.02999877929688,170.74000549316406,138.97787475585938,925500
VOO,2014-04-21,170.85000610351562,171.4199981689453,170.66000366210938,171.3699951171875,139.4906768798828,804400
VOO,2014-04-22,171.57000732421875,172.6199951171875,171.49000549316406,172.1199951171875,140.1011962890625,1053300
VOO,2014-04-23,172.08999633789062,172.16000366210938,171.64999389648438,171.7100067138672,139.7674560546875,724500
VOO,2014-04-24,172.6300048828125,172.6300048828125,171.3000030517578,172.08999633789062,140.07679748535156,543900
VOO,2014-04-25,171.5500030517578,171.6300048828125,170.32000732421875,170.7100067138672,138.95347595214844,1357900
VOO,2014-04-28,171.38999938964844,171.9600067138672,169.49000549316406,171.22999572753906,139.376708984375,647800
VOO,2014-04-29,171.7899932861328,172.2899932861328,171.42999267578125,172.0500030517578,140.04425048828125,1065900
VOO,2014-04-30,171.75,172.7100067138672,171.5,172.58999633789062,140.48373413085938,605300
VOO,2014-05-01,172.5,173.02999877929688,172.02999877929688,172.60000610351562,140.4918975830078,623900
VOO,2014-05-02,172.55999755859375,173.25999450683594,172.05999755859375,172.32000732421875,140.26394653320312,754800
VOO,2014-05-05,171.49000549316406,172.72000122070312,171.02000427246094,172.67999267578125,140.5570068359375,792600
VOO,2014-05-06,172.27000427246094,172.3800048828125,171.11000061035156,171.17999267578125,139.33602905273438,567700
VOO,2014-05-07,171.72999572753906,172.22000122070312,170.44000244140625,172.19000244140625,140.1581573486328,1160600
VOO,2014-05-08,171.9600067138672,173.1999969482422,171.42999267578125,171.97999572753906,139.9872589111328,1390700
VOO,2014-05-09,171.97999572753906,172.2899932861328,171.1999969482422,172.27999877929688,140.23143005371094,955400
VOO,2014-05-12,172.9600067138672,173.97999572753906,172.9600067138672,173.91000366210938,141.5581512451172,780100
VOO,2014-05-13,174.08999633789062,174.49000549316406,173.88999938964844,174.07000732421875,141.68836975097656,994800
VOO,2014-05-14,173.91000366210938,173.97000122070312,173.0,173.22999572753906,141.00466918945312,1335700
VOO,2014-05-15,172.89999389648438,172.92999267578125,170.8699951171875,171.6699981689453,139.73492431640625,3191100
VOO,2014-05-16,171.8000030517578,172.36000061035156,171.10000610351562,172.33999633789062,140.2802276611328,699600
VOO,2014-05-19,171.97999572753906,173.10000610351562,171.80999755859375,172.92999267578125,140.76051330566406,926900
VOO,2014-05-20,172.86000061035156,172.8800048828125,171.41000366210938,171.7899932861328,139.83253479003906,669400
VOO,2014-05-21,172.36000061035156,173.3699951171875,172.30999755859375,173.27999877929688,141.04534912109375,991300
VOO,2014-05-22,173.35000610351562,174.05999755859375,173.05999755859375,173.75,141.42794799804688,859000
VOO,2014-05-23,173.91000366210938,174.5399932861328,173.82000732421875,174.47000122070312,142.01402282714844,613900
VOO,2014-05-27,175.08999633789062,175.5500030517578,175.0,175.5,142.85240173339844,890000
VOO,2014-05-28,175.52000427246094,175.7899932861328,175.08999633789062,175.32000732421875,142.7059326171875,990900
VOO,2014-05-29,175.82000732421875,176.32000732421875,175.3699951171875,176.32000732421875,143.51983642578125,541000
VOO,2014-05-30,176.16000366210938,176.69000244140625,175.97999572753906,176.5500030517578,143.70706176757812,874700
VOO,2014-06-02,176.8300018310547,176.85000610351562,175.94000244140625,176.7899932861328,143.90245056152344,1620200
VOO,2014-06-03,176.35000610351562,176.7899932861328,176.22000122070312,176.67999267578125,143.8129119873047,1252900
VOO,2014-06-04,176.3699951171875,177.14999389648438,176.1999969482422,177.0,144.07337951660156,984900
VOO,2014-06-05,177.24000549316406,178.3800048828125,176.6300048828125,178.1999969482422,145.05020141601562,853600
VOO,2014-06-06,178.6199951171875,179.08999633789062,178.52000427246094,179.0500030517578,145.7420196533203,586800
VOO,2014-06-09,179.0399932861328,179.69000244140625,178.8699951171875,179.22999572753906,145.8885040283203,461800
VOO,2014-06-10,179.02999877929688,179.3000030517578,178.66000366210938,179.27000427246094,145.9210662841797,959900
VOO,2014-06-11,178.63999938964844,178.82000732421875,178.25,178.69000244140625,145.44894409179688,558100
VOO,2014-06-12,178.4199981689453,178.52000427246094,176.97999572753906,177.36000061035156,144.36643981933594,891400
VOO,2014-06-13,177.72999572753906,178.07000732421875,177.1699981689453,177.9199981689453,144.82225036621094,731200
VOO,2014-06-16,177.69000244140625,178.41000366210938,177.5,178.07000732421875,144.94435119628906,756700
VOO,2014-06-17,177.8300018310547,178.67999267578125,177.6300048828125,178.5399932861328,145.32687377929688,2934400
VOO,2014-06-18,178.58999633789062,179.97000122070312,178.1699981689453,179.8699951171875,146.4094696044922,501900
VOO,2014-06-19,180.0399932861328,180.2100067138672,179.50999450683594,180.08999633789062,146.5885467529297,746900
VOO,2014-06-20,180.50999450683594,180.57000732421875,180.25,180.4499969482422,146.8816375732422,830300
VOO,2014-06-23,179.6999969482422,179.72999572753906,179.27000427246094,179.55999755859375,146.8153533935547,737700
VOO,2014-06-24,179.2899932861328,180.13999938964844,178.30999755859375,178.5,145.94862365722656,391700
VOO,2014-06-25,178.13999938964844,179.49000549316406,178.1300048828125,179.25999450683594,146.5701141357422,586000
VOO,2014-06-26,179.36000061035156,179.3800048828125,177.97999572753906,179.1699981689453,146.49647521972656,676800
VOO,2014-06-27,178.7899932861328,179.55999755859375,178.69000244140625,179.47999572753906,146.74989318847656,1032300
VOO,2014-06-30,179.42999267578125,179.82000732421875,179.27999877929688,179.42999267578125,146.70909118652344,1261200
VOO,2014-07-01,179.8800048828125,181.19000244140625,179.8300018310547,180.69000244140625,147.73924255371094,1199000
VOO,2014-07-02,180.6699981689453,181.02999877929688,180.57000732421875,180.82000732421875,147.84555053710938,511500
VOO,2014-07-03,181.30999755859375,181.77999877929688,181.1999969482422,181.72999572753906,148.58961486816406,327900
VOO,2014-07-07,181.3800048828125,181.5,180.83999633789062,181.13999938964844,148.10723876953125,1151800
VOO,2014-07-08,180.77000427246094,180.82000732421875,179.5,179.97000122070312,147.15057373046875,749400
VOO,2014-07-09,180.36000061035156,180.8800048828125,180.0,180.72000122070312,147.76377868652344,930300
VOO,2014-07-10,179.00999450683594,180.47000122070312,178.83999633789062,180.02999877929688,147.1996612548828,614600
VOO,2014-07-11,179.94000244140625,180.36000061035156,179.50999450683594,180.27000427246094,147.39585876464844,520400
VOO,2014-07-14,181.1999969482422,181.41000366210938,181.02000427246094,181.16000366210938,148.1235809326172,493100
VOO,2014-07-15,181.25,181.6300048828125,180.05999755859375,180.85000610351562,147.8701171875,1207000
VOO,2014-07-16,181.64999389648438,181.75999450683594,181.00999450683594,181.5399932861328,148.4342803955078,539400
VOO,2014-07-17,180.9600067138672,181.6199951171875,179.19000244140625,179.41000366210938,146.69273376464844,1103900
VOO,2014-07-18,180.02000427246094,181.44000244140625,179.94000244140625,181.3000030517578,148.238037109375,571500
VOO,2014-07-21,180.7100067138672,181.0800018310547,180.1300048828125,180.91000366210938,147.9191436767578,866000
VOO,2014-07-22,181.5800018310547,182.0399932861328,181.4199981689453,181.72000122070312,148.5814971923828,1509500
VOO,2014-07-23,182.0,182.32000732421875,181.63999938964844,182.14999389648438,148.93301391601562,750900
VOO,2014-07-24,182.36000061035156,182.5,181.97000122070312,182.14999389648438,148.93301391601562,535800
VOO,2014-07-25,181.64999389648438,181.77000427246094,180.94000244140625,181.27999877929688,148.22166442871094,635700
VOO,2014-07-28,181.35000610351562,181.60000610351562,180.27999877929688,181.36000061035156,148.2871551513672,485700
VOO,2014-07-29,181.6999969482422,181.88999938964844,180.57000732421875,180.58999633789062,147.65756225585938,639000
VOO,2014-07-30,181.22000122070312,181.44000244140625,179.86000061035156,180.58999633789062,147.65756225585938,1128500
VOO,2014-07-31,179.35000610351562,179.5,176.9600067138672,176.9600067138672,144.6895294189453,2430500
VOO,2014-08-01,176.52000427246094,177.6199951171875,175.64999389648438,176.52999877929688,144.33795166015625,3398000
VOO,2014-08-04,176.80999755859375,178.11000061035156,176.07000732421875,177.77000427246094,145.351806640625,2212000
VOO,2014-08-05,177.0399932861328,177.47999572753906,175.39999389648438,175.97000122070312,143.8800506591797,1251300
VOO,2014-08-06,175.1999969482422,176.82000732421875,175.17999267578125,176.0800018310547,143.96998596191406,1185800
VOO,2014-08-07,176.89999389648438,177.0399932861328,174.6999969482422,175.1300048828125,143.1931915283203,1527100
VOO,2014-08-08,175.49000549316406,177.27000427246094,175.10000610351562,177.16000366210938,144.8529815673828,1209900
VOO,2014-08-11,177.8699951171875,178.47000122070312,177.61000061035156,177.66000366210938,145.2618408203125,1191200
VOO,2014-08-12,177.47000122070312,177.99000549316406,176.89999389648438,177.4499969482422,145.09014892578125,513900
VOO,2014-08-13,178.14999389648438,178.8300018310547,177.8699951171875,178.6999969482422,146.1121826171875,781600
VOO,2014-08-14,178.9199981689453,179.47999572753906,178.77000427246094,179.47999572753906,146.74989318847656,842000
VOO,2014-08-15,180.14999389648438,180.3000030517578,178.17999267578125,179.42999267578125,146.70909118652344,1694300
VOO,2014-08-18,180.4600067138672,181.02999877929688,180.33999633789062,180.9199981689453,147.92733764648438,1039100
VOO,2014-08-19,181.39999389648438,182.02999877929688,181.22999572753906,181.8800048828125,148.7122802734375,583000
VOO,2014-08-20,181.66000366210938,182.61000061035156,181.64999389648438,182.3800048828125,149.12107849121094,1507800
VOO,2014-08-21,182.5800018310547,183.1699981689453,182.4199981689453,182.89999389648438,149.54624938964844,756600
VOO,2014-08-22,182.8000030517578,183.08999633789062,182.24000549316406,182.61000061035156,149.30911254882812,656500
VOO,2014-08-25,183.5399932861328,183.86000061035156,183.27000427246094,183.55999755859375,150.08592224121094,1097200
VOO,2014-08-26,183.72000122070312,184.1699981689453,183.64999389648438,183.7100067138672,150.20860290527344,749500
VOO,2014-08-27,183.80999755859375,183.89999389648438,183.33999633789062,183.67999267578125,150.18405151367188,602600
VOO,2014-08-28,183.02000427246094,183.6199951171875,182.85000610351562,183.5399932861328,150.06954956054688,447700
VOO,2014-08-29,183.8300018310547,184.05999755859375,183.22999572753906,183.99000549316406,150.43753051757812,617200
VOO,2014-09-02,184.3000030517578,184.3000030517578,183.27000427246094,183.94000244140625,150.39662170410156,553800
VOO,2014-09-03,184.64999389648438,184.67999267578125,183.58999633789062,183.86000061035156,150.3312225341797,627600
VOO,2014-09-04,184.1199951171875,184.82000732421875,183.10000610351562,183.55999755859375,150.08592224121094,536700
VOO,2014-09-05,183.52999877929688,184.47000122070312,182.8800048828125,184.44000244140625,150.80540466308594,502300
VOO,2014-09-08,184.24000549316406,184.4600067138672,183.39999389648438,183.97000122070312,150.42115783691406,635900
VOO,2014-09-09,183.7899932861328,183.8800048828125,182.41000366210938,182.77999877929688,149.4481201171875,515300
VOO,2014-09-10,182.88999938964844,183.5500030517578,182.27000427246094,183.5,150.03688049316406,849800
VOO,2014-09-11,182.75,183.6999969482422,182.61000061035156,183.6699981689453,150.1758575439453,525700
VOO,2014-09-12,183.49000549316406,183.50999450683594,182.0800018310547,182.5800018310547,149.2846221923828,724000
VOO,2014-09-15,182.63999938964844,182.74000549316406,181.88999938964844,182.4600067138672,149.18653869628906,1021700
VOO,2014-09-16,182.11000061035156,184.1199951171875,182.0,183.82000732421875,150.29852294921875,565100
VOO,2014-09-17,184.11000061035156,184.9199981689453,183.1999969482422,184.0800018310547,150.51109313964844,975000
VOO,2014-09-18,184.64999389648438,185.05999755859375,184.42999267578125,185.0399932861328,151.29595947265625,740000
VOO,2014-09-19,185.63999938964844,185.83999633789062,184.5800018310547,184.86000061035156,151.1488494873047,964000
VOO,2014-09-22,183.6999969482422,183.74000549316406,182.22999572753906,182.55999755859375,149.97897338867188,836700
VOO,2014-09-23,181.9499969482422,182.6999969482422,181.50999450683594,181.52999877929688,149.1328582763672,752200
VOO,2014-09-24,181.6199951171875,183.07000732421875,181.1199951171875,182.99000549316406,150.33216857910156,968500
VOO,2014-09-25,182.5,182.52000427246094,179.99000549316406,180.0500030517578,147.9169464111328,1603000
VOO,2014-09-26,180.36000061035156,181.8800048828125,180.1300048828125,181.5,149.108154296875,916900
VOO,2014-09-29,179.92999267578125,181.4499969482422,179.77000427246094,181.13999938964844,148.81239318847656,1482800
VOO,2014-09-30,181.3000030517578,181.80999755859375,180.2899932861328,180.58999633789062,148.36056518554688,767700
VOO,2014-10-01,180.33999633789062,180.4199981689453,177.80999755859375,178.22000122070312,146.41351318359375,2380200
VOO,2014-10-02,178.0500030517578,178.8300018310547,176.39999389648438,178.2100067138672,146.4053497314453,1263800
VOO,2014-10-03,179.47999572753906,180.5500030517578,178.8800048828125,180.1999969482422,148.04014587402344,1217400
VOO,2014-10-06,180.94000244140625,181.17999267578125,179.36000061035156,179.97999572753906,147.85943603515625,1307000
VOO,2014-10-07,179.0500030517578,179.4499969482422,177.1999969482422,177.22000122070312,145.59201049804688,930600
VOO,2014-10-08,177.3300018310547,180.5399932861328,176.3800048828125,180.32000732421875,148.1387481689453,1897500
VOO,2014-10-09,180.0,180.22000122070312,176.60000610351562,176.67999267578125,145.14842224121094,1428600
VOO,2014-10-10,176.64999389648438,177.5500030517578,174.66000366210938,174.6999969482422,143.5217742919922,2469900
VOO,2014-10-13,174.6300048828125,175.25,171.72999572753906,171.8300018310547,141.1639404296875,2109200
VOO,2014-10-14,172.72999572753906,174.02000427246094,171.5,172.11000061035156,141.3939666748047,2431300
VOO,2014-10-15,169.8000030517578,171.3000030517578,166.85000610351562,170.8300018310547,140.34243774414062,5460300
VOO,2014-10-16,167.82000732421875,171.9499969482422,167.67999267578125,170.72000122070312,140.25201416015625,4452600
VOO,2014-10-17,172.72999572753906,173.97999572753906,172.0399932861328,172.8300018310547,141.9854736328125,2259400
VOO,2014-10-20,172.52999877929688,174.60000610351562,172.4499969482422,174.52999877929688,143.382080078125,1379400
VOO,2014-10-21,175.77999877929688,178.0399932861328,175.58999633789062,177.9199981689453,146.16705322265625,2884200
VOO,2014-10-22,178.2899932861328,178.72000122070312,176.61000061035156,176.7100067138672,145.17300415039062,2374200
VOO,2014-10-23,178.4499969482422,179.85000610351562,178.1699981689453,178.74000549316406,146.84072875976562,1812400
VOO,2014-10-24,179.02999877929688,180.1699981689453,178.36000061035156,180.0800018310547,147.94155883789062,1152600
VOO,2014-10-27,179.50999450683594,180.1300048828125,178.8699951171875,179.85000610351562,147.752685546875,1476000
VOO,2014-10-28,180.49000549316406,181.94000244140625,180.39999389648438,181.9199981689453,149.45321655273438,1330000
VOO,2014-10-29,182.02999877929688,182.5800018310547,180.47000122070312,181.7100067138672,149.2806854248047,1600700
VOO,2014-10-30,181.1699981689453,183.3300018310547,181.0500030517578,182.86000061035156,150.22547912597656,1588900
VOO,2014-10-31,185.02000427246094,185.0500030517578,184.10000610351562,184.92999267578125,151.9259796142578,1946100
VOO,2014-11-03,185.1999969482422,185.6199951171875,184.60000610351562,185.0399932861328,152.01637268066406,2270000
VOO,2014-11-04,184.55999755859375,184.85000610351562,183.4499969482422,184.3800048828125,151.4741668701172,1639400
VOO,2014-11-05,185.74000549316406,185.77999877929688,184.74000549316406,185.58999633789062,152.46826171875,1826500
VOO,2014-11-06,185.57000732421875,186.3800048828125,184.89999389648438,186.33999633789062,153.0843505859375,1758600
VOO,2014-11-07,186.33999633789062,186.67999267578125,185.8000030517578,186.5,153.21585083007812,1396400
VOO,2014-11-10,186.47999572753906,187.10000610351562,186.27000427246094,187.05999755859375,153.67587280273438,1876400
VOO,2014-11-11,187.13999938964844,187.33999633789062,186.77999877929688,187.24000549316406,153.82376098632812,1031600
VOO,2014-11-12,186.49000549316406,187.27999877929688,186.4600067138672,187.08999633789062,153.70053100585938,2742900
VOO,2014-11-13,187.24000549316406,187.83999633789062,186.3800048828125,187.25999450683594,153.8402099609375,1163600
VOO,2014-11-14,187.19000244140625,187.52999877929688,186.85000610351562,187.3300018310547,153.8976593017578,1464500
VOO,2014-11-17,186.92999267578125,187.58999633789062,186.75999450683594,187.42999267578125,153.97988891601562,584600
VOO,2014-11-18,187.47999572753906,188.82000732421875,187.47999572753906,188.50999450683594,154.86708068847656,1252600
VOO,2014-11-19,188.25,188.47999572753906,187.3699951171875,188.1699981689453,154.58778381347656,1880800
VOO,2014-11-20,187.2899932861328,188.63999938964844,187.2899932861328,188.50999450683594,154.86708068847656,866800
VOO,2014-11-21,190.42999267578125,190.47999572753906,188.9499969482422,189.57000732421875,155.73789978027344,1586200
VOO,2014-11-24,190.02000427246094,190.2100067138672,189.77000427246094,190.05999755859375,156.14047241210938,1365900
VOO,2014-11-25,190.33999633789062,190.55999755859375,189.66000366210938,190.0,156.09120178222656,1736700
VOO,2014-11-26,190.10000610351562,190.52000427246094,189.8800048828125,190.44000244140625,156.4527130126953,824400
VOO,2014-11-28,190.3000030517578,190.6300048828125,189.75999450683594,190.02999877929688,156.11585998535156,430200
VOO,2014-12-01,189.2899932861328,189.38999938964844,188.36000061035156,188.72999572753906,155.0478057861328,2083600
VOO,2014-12-02,188.7100067138672,190.1300048828125,188.7100067138672,189.9199981689453,156.02542114257812,1446800
VOO,2014-12-03,190.10000610351562,190.8800048828125,189.97000122070312,190.64999389648438,156.6251678466797,2240100
VOO,2014-12-04,190.35000610351562,190.99000549316406,189.57000732421875,190.4600067138672,156.4691162109375,1573000
VOO,2014-12-05,190.64999389648438,191.19000244140625,190.35000610351562,190.8000030517578,156.74839782714844,2215900
VOO,2014-12-08,190.35000610351562,190.8300018310547,188.85000610351562,189.5,155.68038940429688,1527800
VOO,2014-12-09,187.42999267578125,189.47000122070312,186.97999572753906,189.35000610351562,155.55718994140625,1763100
VOO,2014-12-10,188.86000061035156,188.86000061035156,186.10000610351562,186.3800048828125,153.1172637939453,1749800
VOO,2014-12-11,186.97999572753906,189.07000732421875,186.80999755859375,187.25,153.83200073242188,1972600
VOO,2014-12-12,186.0,186.89999389648438,184.1699981689453,184.2100067138672,151.3345184326172,2614400
VOO,2014-12-15,185.25999450683594,185.72000122070312,182.27000427246094,182.92999267578125,150.2829132080078,2801400
VOO,2014-12-16,182.10000610351562,185.5399932861328,181.44000244140625,181.52000427246094,149.1245880126953,3837500
VOO,2014-12-17,181.97000122070312,185.5500030517578,181.83999633789062,185.17999267578125,152.13137817382812,5588600
VOO,2014-12-18,186.74000549316406,188.5800018310547,186.0,188.5500030517578,154.8999481201172,3820200
VOO,2014-12-19,189.2899932861328,190.1300048828125,188.58999633789062,189.4199981689453,155.61473083496094,1800800
VOO,2014-12-22,189.57000732421875,190.25999450683594,189.33999633789062,190.25999450683594,156.3047637939453,3005800
VOO,2014-12-23,190.94000244140625,190.97000122070312,190.3000030517578,190.5500030517578,156.54298400878906,1926800
VOO,2014-12-24,190.80999755859375,191.0500030517578,190.5,190.52999877929688,156.52659606933594,952700
VOO,2014-12-26,191.05999755859375,191.52000427246094,190.99000549316406,191.14999389648438,157.03594970703125,650300
VOO,2014-12-29,190.97000122070312,191.6300048828125,190.89999389648438,191.4199981689453,157.2577667236328,878600
VOO,2014-12-30,190.9499969482422,191.08999633789062,190.3000030517578,190.3800048828125,156.40333557128906,3224500
VOO,2014-12-31,190.75,190.91000366210938,188.3800048828125,188.39999389648438,154.77674865722656,1366000
VOO,2015-01-02,189.2899932861328,189.72000122070312,187.25999450683594,188.39999389648438,154.77674865722656,1865000
VOO,2015-01-05,187.25999450683594,187.41000366210938,184.66000366210938,185.08999633789062,152.05743408203125,2734700
VOO,2015-01-06,185.3699951171875,185.8800048828125,182.36000061035156,183.27000427246094,150.56227111816406,2245300
VOO,2015-01-07,184.72999572753906,185.91000366210938,184.22999572753906,185.55999755859375,152.44361877441406,2305600
VOO,2015-01-08,187.1300048828125,189.0500030517578,187.07000732421875,188.82000732421875,155.12181091308594,1740600
VOO,2015-01-09,189.3000030517578,189.33999633789062,186.64999389648438,187.22999572753906,153.81553649902344,2525200
VOO,2015-01-12,187.4600067138672,187.60000610351562,185.19000244140625,185.83999633789062,152.67364501953125,1847500
VOO,2015-01-13,187.22000122070312,188.41000366210938,183.89999389648438,185.35000610351562,152.27102661132812,2158500
VOO,2015-01-14,183.10000610351562,184.39999389648438,182.11000061035156,184.25999450683594,151.3756103515625,5216300
VOO,2015-01-15,184.8800048828125,185.25,182.39999389648438,182.5399932861328,149.9625701904297,1940700
VOO,2015-01-16,182.30999755859375,185.0800018310547,182.08999633789062,184.8000030517578,151.81922912597656,1472800
VOO,2015-01-20,185.6199951171875,185.89999389648438,183.5800018310547,185.25999450683594,152.1971435546875,1637600
VOO,2015-01-21,184.77000427246094,186.74000549316406,184.3000030517578,186.22999572753906,152.99403381347656,1586500
VOO,2015-01-22,187.08999633789062,189.14999389648438,185.60000610351562,189.0800018310547,155.33538818359375,6074900
VOO,2015-01-23,188.72000122070312,189.02000427246094,187.7899932861328,188.0399932861328,154.4810028076172,3109800
VOO,2015-01-26,187.7899932861328,188.50999450683594,186.92999267578125,188.41000366210938,154.78492736816406,2018000
VOO,2015-01-27,186.13999938964844,187.17999267578125,185.02000427246094,185.94000244140625,152.7557830810547,1979100
VOO,2015-01-28,187.27000427246094,187.32000732421875,183.35000610351562,183.49000549316406,150.74302673339844,2530800
VOO,2015-01-29,183.74000549316406,185.52999877929688,182.2100067138672,185.27000427246094,152.20535278320312,4338200
VOO,2015-01-30,183.9600067138672,185.3800048828125,182.6300048828125,182.99000549316406,150.33216857910156,2302500
VOO,2015-02-02,183.5,185.25999450683594,181.47000122070312,185.08999633789062,152.05743408203125,3397800
VOO,2015-02-03,186.1300048828125,187.86000061035156,185.7899932861328,187.7899932861328,154.275634765625,1435000
VOO,2015-02-04,187.02999877929688,188.35000610351562,186.64999389648438,187.14999389648438,153.74984741210938,1861200
VOO,2015-02-05,187.88999938964844,189.19000244140625,187.85000610351562,189.0500030517578,155.31069946289062,1033800
VOO,2015-02-06,189.49000549316406,190.0500030517578,187.94000244140625,188.52000427246094,154.87533569335938,1454700
VOO,2015-02-09,187.80999755859375,188.58999633789062,187.22000122070312,187.66000366210938,154.1688232421875,2289300
VOO,2015-02-10,188.82000732421875,189.92999267578125,187.85000610351562,189.66000366210938,155.81187438964844,1798000
VOO,2015-02-11,189.50999450683594,190.22999572753906,188.77999877929688,189.7899932861328,155.918701171875,1744400
VOO,2015-02-12,190.6999969482422,191.64999389648438,190.47000122070312,191.5500030517578,157.36456298828125,2008500
VOO,2015-02-13,191.72000122070312,192.44000244140625,191.4600067138672,192.38999938964844,158.05462646484375,1073100
VOO,2015-02-17,192.07000732421875,192.8800048828125,191.7899932861328,192.6999969482422,158.30935668945312,1700400
VOO,2015-02-18,192.27999877929688,192.77999877929688,192.0,192.74000549316406,158.34219360351562,1863000
VOO,2015-02-19,192.08999633789062,192.97000122070312,191.88999938964844,192.61000061035156,158.23541259765625,1017600
VOO,2015-02-20,192.1300048828125,193.82000732421875,191.4499969482422,193.77999877929688,159.1965789794922,1374000
VOO,2015-02-23,193.49000549316406,193.72999572753906,193.02999877929688,193.72999572753906,159.15548706054688,1497700
VOO,2015-02-24,193.69000244140625,194.49000549316406,193.42999267578125,194.3000030517578,159.62379455566406,1244200
VOO,2015-02-25,194.13999938964844,194.64999389648438,193.7100067138672,194.08999633789062,159.45127868652344,1983600
VOO,2015-02-26,193.99000549316406,194.14999389648438,193.2100067138672,193.8699951171875,159.27053833007812,994200
VOO,2015-02-27,193.77000427246094,194.0500030517578,193.19000244140625,193.1999969482422,158.7200927734375,966600
VOO,2015-03-02,193.30999755859375,194.47000122070312,193.3000030517578,194.47000122070312,159.76344299316406,1016600
VOO,2015-03-03,193.9600067138672,194.02000427246094,192.69000244140625,193.63999938964844,159.08155822753906,1388100
VOO,2015-03-04,193.0,193.0500030517578,191.72999572753906,192.8300018310547,158.4160614013672,1497500
VOO,2015-03-05,193.14999389648438,193.3300018310547,192.47999572753906,193.0399932861328,158.588623046875,1135800
VOO,2015-03-06,192.0,192.5500030517578,189.94000244140625,190.30999755859375,156.34579467773438,1815600
VOO,2015-03-09,190.52000427246094,191.47000122070312,190.4199981689453,191.1199951171875,157.0113525390625,1132000
VOO,2015-03-10,189.57000732421875,189.6300048828125,187.97000122070312,187.97999572753906,154.4316864013672,2390500
VOO,2015-03-11,188.25999450683594,188.47000122070312,187.47000122070312,187.5399932861328,154.0701904296875,1857500
VOO,2015-03-12,188.2100067138672,190.0,188.1999969482422,189.9600067138672,156.05833435058594,2646900
VOO,2015-03-13,189.67999267578125,189.7899932861328,187.6199951171875,188.8000030517578,155.10531616210938,1792200
VOO,2015-03-16,189.58999633789062,191.3800048828125,189.5500030517578,191.3800048828125,157.2249298095703,1054700
VOO,2015-03-17,190.47999572753906,191.1300048828125,189.8300018310547,190.72999572753906,156.69090270996094,1460900
VOO,2015-03-18,190.1699981689453,193.75999450683594,189.49000549316406,193.0,158.55577087402344,2287400
VOO,2015-03-19,192.55999755859375,192.85000610351562,191.75,192.11000061035156,157.82461547851562,1372000
VOO,2015-03-20,193.19000244140625,194.38999938964844,193.1300048828125,193.85000610351562,159.2541046142578,1350100
VOO,2015-03-23,192.85000610351562,193.49000549316406,192.49000549316406,192.52000427246094,158.96832275390625,707100
VOO,2015-03-24,192.3800048828125,192.85000610351562,191.3300018310547,191.39999389648438,158.04359436035156,1587700
VOO,2015-03-25,191.63999938964844,191.8699951171875,188.57000732421875,188.61000061035156,155.7397918701172,1216700
VOO,2015-03-26,187.8800048828125,189.14999389648438,187.14999389648438,188.13999938964844,155.3516845703125,1906200
VOO,2015-03-27,188.0399932861328,188.77999877929688,187.8300018310547,188.52999877929688,155.6737060546875,1837000
VOO,2015-03-30,189.75,191.19000244140625,189.72000122070312,190.8800048828125,157.6142120361328,1414700
VOO,2015-03-31,189.97999572753906,191.77999877929688,189.1699981689453,189.1999969482422,156.22695922851562,2765200
VOO,2015-04-01,189.1699981689453,189.1699981689453,187.47000122070312,188.58999633789062,155.72329711914062,3379900
VOO,2015-04-02,188.47000122070312,189.69000244140625,188.27000427246094,189.14999389648438,156.18565368652344,1803500
VOO,2015-04-06,188.22999572753906,191.0399932861328,188.08999633789062,190.47999572753906,157.283935546875,1242500
VOO,2015-04-07,190.47999572753906,191.3300018310547,189.97000122070312,189.97000122070312,156.86279296875,1372300
VOO,2015-04-08,190.24000549316406,191.05999755859375,189.80999755859375,190.66000366210938,157.43251037597656,1412100
VOO,2015-04-09,190.4499969482422,191.7100067138672,189.9600067138672,191.49000549316406,158.11788940429688,794800
VOO,2015-04-10,191.74000549316406,192.57000732421875,191.5399932861328,192.5399932861328,158.9849090576172,1056900
VOO,2015-04-13,192.36000061035156,193.0399932861328,191.60000610351562,191.6699981689453,158.2665252685547,1227800
VOO,2015-04-14,191.4199981689453,192.22000122070312,190.77000427246094,192.02000427246094,158.55551147460938,2647800
VOO,2015-04-15,192.5399932861328,193.4199981689453,192.4499969482422,192.89999389648438,159.2821807861328,934900
VOO,2015-04-16,192.5500030517578,193.3699951171875,192.3000030517578,192.8300018310547,159.22430419921875,823300
VOO,2015-04-17,191.52999877929688,191.77000427246094,189.75,190.58999633789062,157.374755859375,2059300
VOO,2015-04-20,191.6699981689453,192.6999969482422,191.5500030517578,192.3300018310547,158.81155395507812,1430300
VOO,2015-04-21,193.11000061035156,193.25999450683594,191.8000030517578,192.13999938964844,158.6546173095703,1089500
VOO,2015-04-22,192.49000549316406,193.27999877929688,191.5,193.08999633789062,159.43902587890625,1125400
VOO,2015-04-23,192.64999389648438,194.25999450683594,192.5,193.58999633789062,159.85195922851562,956400
VOO,2015-04-24,194.02000427246094,194.2899932861328,193.52000427246094,193.97999572753906,160.17396545410156,978300
VOO,2015-04-27,194.6300048828125,194.74000549316406,193.0,193.2100067138672,159.5381622314453,898200
VOO,2015-04-28,193.1699981689453,193.85000610351562,191.94000244140625,193.80999755859375,160.0335693359375,1103800
VOO,2015-04-29,192.80999755859375,193.66000366210938,192.13999938964844,193.02000427246094,159.3812713623047,1408900
VOO,2015-04-30,192.39999389648438,192.8000030517578,190.32000732421875,191.10000610351562,157.79586791992188,2506100
VOO,2015-05-01,191.9600067138672,193.17999267578125,191.85000610351562,193.10000610351562,159.4473419189453,1921200
VOO,2015-05-04,193.63999938964844,194.30999755859375,193.5,193.6999969482422,159.94273376464844,1060000
VOO,2015-05-05,193.39999389648438,193.8000030517578,191.3300018310547,191.44000244140625,158.07662963867188,1138300
VOO,2015-05-06,192.08999633789062,192.38999938964844,189.52999877929688,190.6699981689453,157.44078063964844,1588100
VOO,2015-05-07,190.58999633789062,191.89999389648438,190.24000549316406,191.44000244140625,158.07662963867188,1320700
VOO,2015-05-08,193.3000030517578,194.17999267578125,193.22999572753906,193.9499969482422,160.1491241455078,1322900
VOO,2015-05-11,193.92999267578125,194.1999969482422,192.9600067138672,193.02000427246094,159.3812713623047,1090100
VOO,2015-05-12,192.14999389648438,193.07000732421875,191.22999572753906,192.4600067138672,158.91880798339844,1852700
VOO,2015-05-13,192.9600067138672,193.61000061035156,192.25999450683594,192.52000427246094,158.96832275390625,589000
VOO,2015-05-14,193.63999938964844,194.60000610351562,193.3300018310547,194.52999877929688,160.62811279296875,902300
VOO,2015-05-15,194.67999267578125,194.8800048828125,194.22000122070312,194.72999572753906,160.7931671142578,719000
VOO,2015-05-18,194.6300048828125,195.6199951171875,194.47999572753906,195.3300018310547,161.28868103027344,984500
VOO,2015-05-19,195.44000244140625,195.77000427246094,194.9600067138672,195.22999572753906,161.20611572265625,980400
VOO,2015-05-20,195.3699951171875,195.9499969482422,194.8000030517578,195.10000610351562,161.09873962402344,3401300
VOO,2015-05-21,195.0500030517578,195.92999267578125,194.8300018310547,195.69000244140625,161.5859832763672,756200
VOO,2015-05-22,195.30999755859375,195.75,195.19000244140625,195.25999450683594,161.23085021972656,831600
VOO,2015-05-26,194.72999572753906,194.77000427246094,192.6999969482422,193.16000366210938,159.49684143066406,1235300
VOO,2015-05-27,193.66000366210938,195.24000549316406,193.3000030517578,194.94000244140625,160.96665954589844,1420100
VOO,2015-05-28,194.66000366210938,194.8699951171875,194.0,194.75999450683594,160.81800842285156,1114500
VOO,2015-05-29,194.6699981689453,194.72000122070312,193.25,193.49000549316406,159.7693328857422,1530900
VOO,2015-06-01,194.22999572753906,194.63999938964844,193.08999633789062,193.94000244140625,160.1409454345703,1157400
VOO,2015-06-02,193.42999267578125,194.5,192.75,193.74000549316406,159.97573852539062,1094400
VOO,2015-06-03,194.30999755859375,194.92999267578125,193.74000549316406,194.27000427246094,160.41342163085938,1213800
VOO,2015-06-04,193.52000427246094,194.1300048828125,192.27999877929688,192.69000244140625,159.1087188720703,1383400
VOO,2015-06-05,192.47999572753906,193.02000427246094,191.5800018310547,192.3000030517578,158.78671264648438,1567800
VOO,2015-06-08,192.1699981689453,192.32000732421875,191.02000427246094,191.11000061035156,157.80413818359375,1130100
VOO,2015-06-09,191.10000610351562,191.64999389648438,190.3699951171875,191.05999755859375,157.7628936767578,1466100
VOO,2015-06-10,191.9600067138672,193.77999877929688,191.8800048828125,193.3300018310547,159.6372528076172,1247700
VOO,2015-06-11,193.9499969482422,194.3699951171875,193.6300048828125,193.92999267578125,160.1326446533203,724700
VOO,2015-06-12,193.00999450683594,193.22000122070312,192.2100067138672,192.50999450683594,158.96011352539062,2147700
VOO,2015-06-15,191.22000122070312,191.97000122070312,190.47000122070312,191.6199951171875,158.2252197265625,1392600
VOO,2015-06-16,191.5,192.80999755859375,191.33999633789062,192.74000549316406,159.1500701904297,819800
VOO,2015-06-17,193.05999755859375,193.69000244140625,191.9499969482422,193.07000732421875,159.42254638671875,1170600
VOO,2015-06-18,193.61000061035156,195.52999877929688,193.60000610351562,194.97999572753906,160.99972534179688,1041600
VOO,2015-06-19,194.8000030517578,194.85000610351562,193.85000610351562,193.85000610351562,160.06663513183594,691400
VOO,2015-06-22,194.3699951171875,194.9199981689453,194.0500030517578,194.27000427246094,161.163330078125,1027000
VOO,2015-06-23,194.47999572753906,194.75999450683594,194.0,194.41000366210938,161.27947998046875,1727200
VOO,2015-06-24,194.17999267578125,194.52000427246094,192.99000549316406,193.02000427246094,160.12635803222656,2160600
VOO,2015-06-25,193.50999450683594,193.69000244140625,192.36000061035156,192.4199981689453,159.62855529785156,2287600
VOO,2015-06-26,192.82000732421875,193.07000732421875,191.8000030517578,192.4199981689453,159.62855529785156,1631900
VOO,2015-06-29,190.77999877929688,191.42999267578125,188.25999450683594,188.35000610351562,156.25221252441406,2746800
VOO,2015-06-30,190.17999267578125,190.17999267578125,188.24000549316406,188.83999633789062,156.65866088867188,2679400
VOO,2015-07-01,190.64999389648438,190.75,189.4499969482422,190.27000427246094,157.84500122070312,2782300
VOO,2015-07-02,190.85000610351562,191.0,189.67999267578125,190.1300048828125,157.7288360595703,3087100
VOO,2015-07-06,188.72000122070312,190.39999389648438,188.47999572753906,189.5800018310547,157.27252197265625,1741100
VOO,2015-07-07,189.86000061035156,190.89999389648438,187.19000244140625,190.75,158.2432098388672,3507500
VOO,2015-07-08,189.36000061035156,189.58999633789062,187.30999755859375,187.50999450683594,155.5552978515625,1874000
VOO,2015-07-09,189.89999389648438,190.1300048828125,187.8300018310547,187.85000610351562,155.83740234375,2224900
VOO,2015-07-10,190.17999267578125,190.7100067138672,189.35000610351562,190.24000549316406,157.820068359375,1648600
VOO,2015-07-13,191.58999633789062,192.47999572753906,191.5800018310547,192.3699951171875,159.58712768554688,1026100
VOO,2015-07-14,192.3699951171875,193.52999877929688,192.27000427246094,193.22000122070312,160.29226684570312,1128900
VOO,2015-07-15,193.2899932861328,193.72999572753906,192.6199951171875,193.13999938964844,160.22589111328125,1174800
VOO,2015-07-16,194.30999755859375,194.6699981689453,194.0500030517578,194.6199951171875,161.4536590576172,949500
VOO,2015-07-17,194.67999267578125,194.9199981689453,194.24000549316406,194.85000610351562,161.6444549560547,872100
VOO,2015-07-20,195.08999633789062,195.4600067138672,194.60000610351562,194.94000244140625,161.7191619873047,1103500
VOO,2015-07-21,194.82000732421875,195.0500030517578,193.86000061035156,194.1699981689453,161.08030700683594,772400
VOO,2015-07-22,193.3800048828125,194.16000366210938,193.3800048828125,193.7899932861328,160.76507568359375,1193800
VOO,2015-07-23,194.0,194.02999877929688,192.33999633789062,192.67999267578125,159.8442840576172,899300
VOO,2015-07-24,192.86000061035156,192.88999938964844,190.36000061035156,190.6699981689453,158.17678833007812,1589100
VOO,2015-07-27,189.77999877929688,190.32000732421875,189.14999389648438,189.58999633789062,157.2808380126953,1745600
VOO,2015-07-28,190.58999633789062,192.10000610351562,189.6300048828125,191.88999938964844,159.18885803222656,931300
VOO,2015-07-29,192.07000732421875,193.5,191.91000366210938,193.25,160.3171844482422,2471200
VOO,2015-07-30,192.77000427246094,193.47999572753906,192.02000427246094,193.27999877929688,160.342041015625,924400
VOO,2015-07-31,193.9199981689453,193.9199981689453,192.7100067138672,192.9499969482422,160.06826782226562,1437200
VOO,2015-08-03,193.0,193.00999450683594,191.3300018310547,192.35000610351562,159.5705108642578,3081700
VOO,2015-08-04,192.35000610351562,192.75999450683594,191.4600067138672,191.97000122070312,159.25526428222656,1601700
VOO,2015-08-05,193.0399932861328,193.75,192.30999755859375,192.63999938964844,159.8111114501953,1369900
VOO,2015-08-06,192.77000427246094,192.92999267578125,190.38999938964844,191.1699981689453,158.5915985107422,1321200
VOO,2015-08-07,190.8800048828125,190.99000549316406,189.69000244140625,190.6699981689453,158.17678833007812,1854100
VOO,2015-08-10,191.89999389648438,193.14999389648438,191.89999389648438,193.08999633789062,160.18438720703125,1346700
VOO,2015-08-11,191.63999938964844,192.0399932861328,190.5,191.32000732421875,158.71604919433594,4996300
VOO,2015-08-12,189.8800048828125,191.75999450683594,188.3000030517578,191.49000549316406,158.8570556640625,3758700
VOO,2015-08-13,191.4199981689453,192.1199951171875,190.77000427246094,191.27999877929688,158.68284606933594,1155900
VOO,2015-08-14,191.1199951171875,192.0800018310547,190.97999572753906,192.02000427246094,159.29672241210938,742500
VOO,2015-08-17,191.4199981689453,193.08999633789062,190.86000061035156,193.08999633789062,160.18438720703125,1926300
VOO,2015-08-18,192.83999633789062,193.16000366210938,192.27999877929688,192.5,159.6949462890625,1023800
VOO,2015-08-19,191.77999877929688,192.5500030517578,190.1199951171875,190.97999572753906,158.43397521972656,1771900
VOO,2015-08-20,189.36000061035156,189.92999267578125,186.9499969482422,186.97000122070312,155.10733032226562,4195700
VOO,2015-08-21,185.0800018310547,186.02999877929688,181.0399932861328,181.0399932861328,150.18789672851562,6145900
VOO,2015-08-24,172.0,179.5399932861328,168.0800018310547,173.66000366210938,144.0655975341797,12325000
VOO,2015-08-25,179.16000366210938,179.8000030517578,171.3699951171875,171.5500030517578,142.31517028808594,8132200
VOO,2015-08-26,176.22999572753906,178.50999450683594,172.67999267578125,178.36000061035156,147.96458435058594,7086100
VOO,2015-08-27,180.8000030517578,182.8000030517578,178.94000244140625,182.72000122070312,151.5816192626953,7168800
VOO,2015-08-28,181.97000122070312,183.19000244140625,181.42999267578125,182.72000122070312,151.5816192626953,2945000
VOO,2015-08-31,181.67999267578125,182.5399932861328,180.60000610351562,181.11000061035156,150.2459716796875,1923000
VOO,2015-09-01,177.11000061035156,178.5,174.8300018310547,175.5800018310547,145.65838623046875,8531800
VOO,2015-09-02,178.47999572753906,179.1300048828125,176.39999389648438,179.1199951171875,148.59512329101562,2424000
VOO,2015-09-03,179.9600067138672,181.5399932861328,178.7100067138672,179.27000427246094,148.71958923339844,2420200
VOO,2015-09-04,176.8800048828125,177.69000244140625,175.63999938964844,176.49000549316406,146.41331481933594,2317700
VOO,2015-09-08,179.6699981689453,181.14999389648438,178.9199981689453,181.00999450683594,150.16299438476562,2248500
VOO,2015-09-09,182.8000030517578,182.85000610351562,178.1699981689453,178.57000732421875,148.13882446289062,2125500
VOO,2015-09-10,178.25,180.77999877929688,178.07000732421875,179.57000732421875,148.9684600830078,1774400
VOO,2015-09-11,179.08999633789062,180.4199981689453,178.3300018310547,180.32000732421875,149.59063720703125,2185000
VOO,2015-09-14,180.5800018310547,180.5800018310547,179.17999267578125,179.63999938964844,149.02647399902344,905300
VOO,2015-09-15,180.22000122070312,182.4199981689453,179.77000427246094,181.97999572753906,150.96774291992188,1641500
VOO,2015-09-16,182.33999633789062,183.72000122070312,181.91000366210938,183.57000732421875,152.28680419921875,2098900
VOO,2015-09-17,183.39999389648438,185.99000549316406,182.74000549316406,183.08999633789062,151.88858032226562,3106200
VOO,2015-09-18,180.41000366210938,182.0399932861328,179.69000244140625,180.1300048828125,149.4330291748047,3205200
VOO,2015-09-21,180.14999389648438,181.1999969482422,178.94000244140625,180.10000610351562,150.2027587890625,1467600
VOO,2015-09-22,177.8000030517578,178.25,176.5399932861328,177.75,148.24285888671875,2469500
VOO,2015-09-23,177.99000549316406,178.4499969482422,176.85000610351562,177.42999267578125,147.97605895996094,1670300
VOO,2015-09-24,176.0500030517578,177.30999755859375,174.69000244140625,176.8800048828125,147.51731872558594,2562400
VOO,2015-09-25,178.47999572753906,178.7100067138672,175.8300018310547,176.75999450683594,147.41720581054688,3436300
VOO,2015-09-28,175.86000061035156,175.8699951171875,172.02000427246094,172.30999755859375,143.7059326171875,3732900
VOO,2015-09-29,172.6699981689453,173.9199981689453,171.36000061035156,172.39999389648438,143.7809600830078,3219500
VOO,2015-09-30,174.55999755859375,175.83999633789062,173.6699981689453,175.7100067138672,146.54156494140625,4123600
VOO,2015-10-01,175.97000122070312,176.42999267578125,174.0,176.1999969482422,146.95018005371094,3948400
VOO,2015-10-02,174.0,178.75,173.35000610351562,178.75,149.07688903808594,2307200
VOO,2015-10-05,180.13999938964844,182.17999267578125,180.0,181.9600067138672,151.75401306152344,2049100
VOO,2015-10-06,181.8800048828125,182.41000366210938,180.58999633789062,181.35000610351562,151.2452850341797,1325400
VOO,2015-10-07,182.39999389648438,183.19000244140625,181.0500030517578,182.8699951171875,152.51296997070312,1693800
VOO,2015-10-08,182.44000244140625,184.77999877929688,182.0800018310547,184.47999572753906,153.8556671142578,3109600
VOO,2015-10-09,184.66000366210938,185.0800018310547,183.91000366210938,184.5800018310547,153.9390411376953,1651000
VOO,2015-10-12,184.67999267578125,184.92999267578125,184.17999267578125,184.8000030517578,154.12255859375,885100
VOO,2015-10-13,183.97999572753906,185.30999755859375,183.38999938964844,183.57000732421875,153.09677124023438,1022300
VOO,2015-10-14,183.4499969482422,184.1300048828125,182.38999938964844,182.7100067138672,152.37948608398438,1184100
VOO,2015-10-15,183.39999389648438,185.49000549316406,183.02000427246094,185.4499969482422,154.66461181640625,2523100
VOO,2015-10-16,185.9199981689453,186.33999633789062,185.1199951171875,186.1999969482422,155.2901611328125,1241200
VOO,2015-10-19,185.66000366210938,186.42999267578125,185.30999755859375,186.4199981689453,155.47361755371094,768900
VOO,2015-10-20,186.02000427246094,186.8699951171875,185.6999969482422,186.17999267578125,155.27349853515625,1151200
VOO,2015-10-21,186.7899932861328,186.80999755859375,184.86000061035156,184.97000122070312,154.2643585205078,1556900
VOO,2015-10-22,186.02000427246094,188.3800048828125,185.97000122070312,188.1699981689453,156.93313598632812,1498300
VOO,2015-10-23,190.0,190.6300048828125,189.13999938964844,190.22000122070312,158.642822265625,1624300
VOO,2015-10-26,190.11000061035156,190.1199951171875,189.38999938964844,189.77000427246094,158.26754760742188,1150500
VOO,2015-10-27,189.0800018310547,189.75999450683594,188.64999389648438,189.39999389648438,157.9589385986328,1442400
VOO,2015-10-28,189.83999633789062,191.60000610351562,189.05999755859375,191.60000610351562,159.79371643066406,2251900
VOO,2015-10-29,191.0399932861328,191.85000610351562,190.88999938964844,191.52999877929688,159.7353515625,1779000
VOO,2015-10-30,191.82000732421875,192.0,190.55999755859375,190.55999755859375,158.92633056640625,2011600
VOO,2015-11-02,190.97999572753906,193.08999633789062,190.85000610351562,192.82000732421875,160.81118774414062,2403500
VOO,2015-11-03,192.5399932861328,194.05999755859375,192.27999877929688,193.42999267578125,161.3199462890625,3920400
VOO,2015-11-04,193.77000427246094,193.89999389648438,192.27999877929688,192.8800048828125,160.8612823486328,1786700
VOO,2015-11-05,192.99000549316406,193.44000244140625,191.7100067138672,192.63999938964844,160.6610870361328,2185100
VOO,2015-11-06,192.25999450683594,192.8300018310547,191.1199951171875,192.55999755859375,160.5944061279297,2172600
VOO,2015-11-09,191.88999938964844,192.00999450683594,189.75,190.75999450683594,159.0931396484375,2127800
VOO,2015-11-10,190.25999450683594,191.25,189.91000366210938,191.1199951171875,159.39341735839844,1257500
VOO,2015-11-11,191.47999572753906,191.5500030517578,190.38999938964844,190.38999938964844,158.78457641601562,1114700
VOO,2015-11-12,189.36000061035156,189.80999755859375,187.77999877929688,187.83999633789062,156.65786743164062,2454900
VOO,2015-11-13,187.35000610351562,187.6199951171875,185.5800018310547,185.6699981689453,154.84812927246094,3224000
VOO,2015-11-16,185.5,188.5500030517578,185.36000061035156,188.52000427246094,157.22508239746094,1687100
VOO,2015-11-17,188.86000061035156,189.7899932861328,187.8300018310547,188.2899932861328,157.03318786621094,1879900
VOO,2015-11-18,188.91000366210938,191.50999450683594,188.88999938964844,191.32000732421875,159.5602569580078,2858600
VOO,2015-11-19,191.3000030517578,191.67999267578125,190.89999389648438,191.22000122070312,159.47679138183594,2154800
VOO,2015-11-20,192.00999450683594,192.66000366210938,191.5,191.92999267578125,160.0689697265625,1317600
VOO,2015-11-23,191.88999938964844,192.5399932861328,191.1999969482422,191.7100067138672,159.88543701171875,1308100
VOO,2015-11-24,190.6300048828125,192.3800048828125,190.17999267578125,192.02000427246094,160.14402770996094,1572000
VOO,2015-11-25,192.14999389648438,192.30999755859375,191.6699981689453,191.9600067138672,160.093994140625,758700
VOO,2015-11-27,192.0800018310547,192.3800048828125,191.5,192.14999389648438,160.2523956298828,894500
VOO,2015-11-30,192.4499969482422,192.47000122070312,191.24000549316406,191.3699951171875,159.6019287109375,1551000
VOO,2015-12-01,192.0500030517578,193.3000030517578,191.77999877929688,193.22000122070312,161.14480590820312,1812900
VOO,2015-12-02,193.17999267578125,193.4499969482422,190.9199981689453,191.17999267578125,159.44346618652344,1999600
VOO,2015-12-03,191.55999755859375,191.75,187.72999572753906,188.4600067138672,157.17498779296875,2724400
VOO,2015-12-04,188.99000549316406,192.52000427246094,188.83999633789062,192.16000366210938,160.2607421875,2900700
VOO,2015-12-07,191.8800048828125,191.8800048828125,189.97999572753906,190.9499969482422,159.25164794921875,1752800
VOO,2015-12-08,189.25,190.72000122070312,188.6699981689453,189.72999572753906,158.23416137695312,1721700
VOO,2015-12-09,189.1199951171875,191.32000732421875,187.1999969482422,188.30999755859375,157.04991149902344,4500300
VOO,2015-12-10,188.5,190.17999267578125,188.10000610351562,188.74000549316406,157.4084930419922,4083800
VOO,2015-12-11,186.44000244140625,187.14999389648438,184.75,184.97999572753906,154.27267456054688,3084400
VOO,2015-12-14,185.32000732421875,186.08999633789062,183.30999755859375,186.08999633789062,155.19839477539062,2722600
VOO,2015-12-15,187.75,188.9600067138672,187.52999877929688,188.02999877929688,156.81634521484375,3799300
VOO,2015-12-16,189.27999877929688,191.0800018310547,187.6999969482422,190.6699981689453,159.0181427001953,6361700
VOO,2015-12-17,191.13999938964844,191.16000366210938,187.82000732421875,187.88999938964844,156.69961547851562,3096000
VOO,2015-12-18,186.9499969482422,187.0800018310547,184.39999389648438,184.39999389648438,153.7889404296875,4531400
VOO,2015-12-21,184.74000549316406,185.07000732421875,183.47000122070312,184.92999267578125,155.14974975585938,2168400
VOO,2015-12-22,185.85000610351562,186.88999938964844,184.8000030517578,186.60000610351562,156.5508575439453,2423300
VOO,2015-12-23,187.75,188.94000244140625,187.57000732421875,188.83999633789062,158.4300994873047,2275500
VOO,2015-12-24,188.69000244140625,189.1699981689453,188.33999633789062,188.50999450683594,158.15330505371094,1170800
VOO,2015-12-28,187.85000610351562,188.17999267578125,187.0,188.10000610351562,157.80931091308594,2668300
VOO,2015-12-29,189.42999267578125,190.50999450683594,189.33999633789062,190.1999969482422,159.5711212158203,1757100
VOO,2015-12-30,189.97000122070312,189.99000549316406,188.6699981689453,188.8000030517578,158.39654541015625,2535800
VOO,2015-12-31,188.1199951171875,188.75999450683594,186.92999267578125,186.92999267578125,156.82769775390625,2395200
VOO,2016-01-04,183.77000427246094,184.32000732421875,182.0800018310547,184.30999755859375,154.6295928955078,4193500
VOO,2016-01-05,184.57000732421875,185.1199951171875,183.42999267578125,184.63999938964844,154.90646362304688,2882500
VOO,2016-01-06,181.92999267578125,183.3800048828125,181.19000244140625,182.3000030517578,152.9432830810547,2755100
VOO,2016-01-07,179.14999389648438,181.0,177.5,177.86000061035156,149.21829223632812,4952500
VOO,2016-01-08,178.97000122070312,179.52999877929688,175.64999389648438,175.97000122070312,147.6326141357422,7357300
VOO,2016-01-11,177.0399932861328,177.32000732421875,174.05999755859375,175.99000549316406,147.6494140625,4493300
VOO,2016-01-12,177.75,178.36000061035156,175.25999450683594,177.4499969482422,148.87428283691406,2998800
VOO,2016-01-13,178.42999267578125,178.63999938964844,172.72000122070312,173.11000061035156,145.2332305908203,4125700
VOO,2016-01-14,173.7899932861328,177.17999267578125,172.05999755859375,175.9199981689453,147.59071350097656,5081400
VOO,2016-01-15,171.1999969482422,173.05999755859375,170.10000610351562,172.14999389648438,144.4277801513672,8087300
VOO,2016-01-19,174.1999969482422,174.2899932861328,170.72000122070312,172.33999633789062,144.5872039794922,5863300
VOO,2016-01-20,169.58999633789062,171.8800048828125,165.9600067138672,170.32000732421875,142.8925018310547,8577600
VOO,2016-01-21,170.7899932861328,173.13999938964844,169.3300018310547,171.14999389648438,143.58885192871094,3004600
VOO,2016-01-22,174.02999877929688,174.86000061035156,173.17999267578125,174.66000366210938,146.53359985351562,2611700
VOO,2016-01-25,174.10000610351562,174.3300018310547,171.8300018310547,172.07000732421875,144.36065673828125,2756400
VOO,2016-01-26,172.85000610351562,174.66000366210938,172.38999938964844,174.39999389648438,146.31539916992188,2263700
VOO,2016-01-27,173.88999938964844,175.6199951171875,171.5,172.4199981689453,144.65426635742188,3543000
VOO,2016-01-28,174.1300048828125,174.35000610351562,171.64999389648438,173.36000061035156,145.44290161132812,2616400
VOO,2016-01-29,174.33999633789062,177.75,174.0800018310547,177.75,149.12603759765625,4453100
VOO,2016-02-01,176.61000061035156,178.38999938964844,175.91000366210938,177.58999633789062,148.99172973632812,3923200
VOO,2016-02-02,175.86000061035156,176.08999633789062,173.8000030517578,174.3699951171875,146.29025268554688,5101200
VOO,2016-02-03,175.47000122070312,175.80999755859375,171.57000732421875,175.38999938964844,147.1460418701172,3871000
VOO,2016-02-04,174.9499969482422,176.6999969482422,174.22999572753906,175.61000061035156,147.33062744140625,3562200
VOO,2016-02-05,175.0399932861328,175.19000244140625,171.64999389648438,172.30999755859375,144.56198120117188,2371900
VOO,2016-02-08,170.2899932861328,170.6199951171875,167.6199951171875,169.94000244140625,142.5736846923828,3402000
VOO,2016-02-09,168.17999267578125,171.3699951171875,167.97000122070312,169.99000549316406,142.61561584472656,2360700
VOO,2016-02-10,170.92999267578125,172.64999389648438,169.72000122070312,169.8800048828125,142.52337646484375,1953600
VOO,2016-02-11,167.25999450683594,168.72000122070312,166.0500030517578,167.6999969482422,140.69436645507812,3439200
VOO,2016-02-12,169.5399932861328,171.13999938964844,168.6999969482422,171.13999938964844,143.5804443359375,1800300
VOO,2016-02-16,173.1999969482422,174.00999450683594,172.0500030517578,174.00999450683594,145.98828125,2361000
VOO,2016-02-17,175.32000732421875,177.25,175.1199951171875,176.86000061035156,148.37930297851562,2265400
VOO,2016-02-18,177.1999969482422,177.22000122070312,175.8000030517578,176.11000061035156,147.75013732910156,1646000
VOO,2016-02-19,175.27999877929688,176.1999969482422,174.64999389648438,176.07000732421875,147.7165069580078,1136900
VOO,2016-02-22,177.77999877929688,178.75,177.7100067138672,178.58999633789062,149.8307342529297,2603100
VOO,2016-02-23,177.9199981689453,178.19000244140625,176.22000122070312,176.35000610351562,147.95143127441406,2076000
VOO,2016-02-24,174.7899932861328,177.4499969482422,173.60000610351562,177.17999267578125,148.64776611328125,2599800
VOO,2016-02-25,177.6999969482422,179.30999755859375,176.8300018310547,179.30999755859375,150.43475341796875,2546000
VOO,2016-02-26,180.1999969482422,180.36000061035156,178.74000549316406,178.97999572753906,150.1579132080078,2560800
VOO,2016-02-29,178.94000244140625,179.9499969482422,177.3800048828125,177.3800048828125,148.8155517578125,3128400
VOO,2016-03-01,178.83999633789062,181.75,178.3300018310547,181.75,152.48184204101562,3041400
VOO,2016-03-02,181.36000061035156,182.5399932861328,180.91000366210938,182.52000427246094,153.12791442871094,3839200
VOO,2016-03-03,182.27000427246094,183.22999572753906,181.6999969482422,183.19000244140625,153.68991088867188,3150400
VOO,2016-03-04,183.4499969482422,184.66000366210938,182.5500030517578,183.77999877929688,154.18496704101562,2821000
VOO,2016-03-07,182.85000610351562,184.38999938964844,182.75,183.97999572753906,154.35272216796875,3449900
VOO,2016-03-08,182.8300018310547,183.3300018310547,181.77999877929688,181.91000366210938,152.61610412597656,3385400
VOO,2016-03-09,182.85000610351562,183.22000122070312,182.00999450683594,182.91000366210938,153.45504760742188,1641600
VOO,2016-03-10,183.3800048828125,184.38999938964844,181.02999877929688,183.00999450683594,153.5389862060547,2090500
VOO,2016-03-11,184.57000732421875,186.00999450683594,184.4600067138672,185.97999572753906,156.0306854248047,2231000
VOO,2016-03-14,185.39999389648438,186.1999969482422,185.07000732421875,185.6999969482422,155.79579162597656,1412800
VOO,2016-03-15,184.6999969482422,185.4600067138672,184.4199981689453,185.4600067138672,155.5944061279297,1325300
VOO,2016-03-16,184.8800048828125,186.92999267578125,184.86000061035156,186.57000732421875,156.52565002441406,2700700
VOO,2016-03-17,186.4199981689453,188.24000549316406,186.0,187.75,157.51568603515625,1937300
VOO,2016-03-18,188.35000610351562,188.7899932861328,187.91000366210938,188.4499969482422,158.1029052734375,2623400
VOO,2016-03-21,187.17999267578125,187.94000244140625,186.91000366210938,187.72999572753906,158.34413146972656,1535400
VOO,2016-03-22,186.88999938964844,188.2100067138672,186.7100067138672,187.6300048828125,158.25982666015625,1521600
VOO,2016-03-23,187.17999267578125,187.36000061035156,186.17999267578125,186.42999267578125,157.24761962890625,1633300
VOO,2016-03-24,185.25,186.32000732421875,185.00999450683594,186.3000030517578,157.137939453125,1874800
VOO,2016-03-28,186.75999450683594,186.94000244140625,185.9199981689453,186.42999267578125,157.24761962890625,1271200
VOO,2016-03-29,185.99000549316406,188.22000122070312,185.6300048828125,188.22000122070312,158.7574462890625,1604900
VOO,2016-03-30,189.1699981689453,189.72000122070312,188.5800018310547,189.00999450683594,159.4237518310547,1908400
VOO,2016-03-31,188.85000610351562,189.2899932861328,188.32000732421875,188.55999755859375,159.04420471191406,3007800
VOO,2016-04-01,187.39999389648438,189.9600067138672,187.10000610351562,189.77000427246094,160.0648193359375,2971800
VOO,2016-04-04,189.74000549316406,189.89999389648438,188.8300018310547,189.1699981689453,159.55874633789062,1259500
VOO,2016-04-05,187.74000549316406,188.2100067138672,187.0,187.25,157.93931579589844,1737500
VOO,2016-04-06,187.38999938964844,189.3800048828125,187.08999633789062,189.2899932861328,159.65992736816406,1860800
VOO,2016-04-07,188.1699981689453,188.5,186.25999450683594,187.05999755859375,157.77902221679688,2635300
VOO,2016-04-08,188.30999755859375,188.77000427246094,186.99000549316406,187.57000732421875,158.20921325683594,2043800
VOO,2016-04-11,188.25999450683594,188.99000549316406,187.02999877929688,187.0800018310547,157.79588317871094,1355300
VOO,2016-04-12,187.2899932861328,189.17999267578125,186.8300018310547,188.89999389648438,159.33096313476562,1590700
VOO,2016-04-13,189.8800048828125,190.85000610351562,189.7100067138672,190.7899932861328,160.92515563964844,1972900
VOO,2016-04-14,190.83999633789062,191.30999755859375,190.41000366210938,190.77000427246094,160.90829467773438,3214800
VOO,2016-04-15,190.8000030517578,190.85000610351562,190.22000122070312,190.55999755859375,160.73110961914062,2059700
VOO,2016-04-18,189.99000549316406,191.94000244140625,189.85000610351562,191.94000244140625,161.8951416015625,2345300
VOO,2016-04-19,192.36000061035156,192.77999877929688,191.63999938964844,192.52000427246094,162.38436889648438,1633300
VOO,2016-04-20,192.60000610351562,193.42999267578125,192.0500030517578,192.67999267578125,162.519287109375,1636800
VOO,2016-04-21,192.6999969482422,192.82000732421875,191.3699951171875,191.61000061035156,161.61680603027344,1814700
VOO,2016-04-22,191.3000030517578,191.94000244140625,190.69000244140625,191.66000366210938,161.6589813232422,1863900
VOO,2016-04-25,191.07000732421875,191.36000061035156,190.35000610351562,191.35000610351562,161.39752197265625,2368000
VOO,2016-04-26,191.72000122070312,192.16000366210938,191.13999938964844,191.6300048828125,161.63365173339844,1715300
VOO,2016-04-27,191.2100067138672,192.44000244140625,190.8000030517578,192.02999877929688,161.97105407714844,1971700
VOO,2016-04-28,191.22000122070312,192.39999389648438,189.85000610351562,190.3000030517578,160.51182556152344,1578800
VOO,2016-04-29,189.6199951171875,189.97999572753906,188.0500030517578,189.22000122070312,159.60092163085938,2785500
VOO,2016-05-02,189.80999755859375,190.9499969482422,189.33999633789062,190.72999572753906,160.87451171875,1638900
VOO,2016-05-03,189.44000244140625,189.66000366210938,188.27999877929688,189.10000610351562,159.49964904785156,2351900
VOO,2016-05-04,187.99000549316406,188.77999877929688,187.47000122070312,187.99000549316406,158.5634002685547,2079600
VOO,2016-05-05,188.57000732421875,188.89999389648438,187.57000732421875,187.97000122070312,158.5465850830078,1611600
VOO,2016-05-06,187.2100067138672,188.72000122070312,187.0,188.64999389648438,159.12017822265625,1551400
VOO,2016-05-09,188.5500030517578,189.27000427246094,188.36000061035156,188.85000610351562,159.2888641357422,1569000
VOO,2016-05-10,189.61000061035156,191.2100067138672,189.5399932861328,191.19000244140625,161.26254272460938,1021100
VOO,2016-05-11,190.7100067138672,191.07000732421875,189.38999938964844,189.39999389648438,159.75270080566406,2725500
VOO,2016-05-12,190.13999938964844,190.2899932861328,188.36000061035156,189.50999450683594,159.84556579589844,1783200
VOO,2016-05-13,189.10000610351562,189.7100067138672,187.4600067138672,187.75999450683594,158.3694610595703,1658700
VOO,2016-05-16,187.97999572753906,190.16000366210938,187.92999267578125,189.6300048828125,159.9467315673828,1075000
VOO,2016-05-17,189.35000610351562,189.64999389648438,187.3300018310547,187.9600067138672,158.5381317138672,3327100
VOO,2016-05-18,187.5,189.1999969482422,186.77999877929688,187.92999267578125,158.5128936767578,1942000
VOO,2016-05-19,187.14999389648438,187.58999633789062,185.97000122070312,187.32000732421875,157.9983367919922,1796000
VOO,2016-05-20,187.97000122070312,189.0500030517578,187.89999389648438,188.49000549316406,158.9851837158203,1588700
VOO,2016-05-23,188.47999572753906,188.77999877929688,188.02000427246094,188.24000549316406,158.7743682861328,1415400
VOO,2016-05-24,189.1300048828125,191.00999450683594,189.0800018310547,190.6300048828125,160.7901611328125,1985400
VOO,2016-05-25,191.3800048828125,192.4199981689453,191.36000061035156,191.92999267578125,161.88670349121094,2006700
VOO,2016-05-26,192.13999938964844,192.36000061035156,191.67999267578125,192.02000427246094,161.96261596679688,1225300
VOO,2016-05-27,192.19000244140625,192.8300018310547,192.16000366210938,192.77000427246094,162.59521484375,988600
VOO,2016-05-31,193.16000366210938,193.27000427246094,191.8800048828125,192.5399932861328,162.40121459960938,2821900
VOO,2016-06-01,191.8800048828125,193.05999755859375,191.6300048828125,192.89999389648438,162.70484924316406,2375500
VOO,2016-06-02,192.4499969482422,193.47999572753906,191.9199981689453,193.47999572753906,163.19412231445312,1601700
VOO,2016-06-03,192.85000610351562,193.25999450683594,191.58999633789062,192.9199981689453,162.7217254638672,1897100
VOO,2016-06-06,193.2899932861328,194.24000549316406,193.1199951171875,193.85000610351562,163.50616455078125,1177600
VOO,2016-06-07,194.0500030517578,194.77999877929688,194.02000427246094,194.1999969482422,163.8013916015625,1551200
VOO,2016-06-08,194.33999633789062,194.9499969482422,194.2100067138672,194.83999633789062,164.3411407470703,1041100
VOO,2016-06-09,194.02000427246094,194.69000244140625,193.75,194.5399932861328,164.0881805419922,1521600
VOO,2016-06-10,193.07000732421875,193.42999267578125,192.1199951171875,192.6699981689453,162.5108642578125,1932900
VOO,2016-06-13,192.02999877929688,192.97000122070312,191.1199951171875,191.22000122070312,161.287841796875,2318200
VOO,2016-06-14,190.8300018310547,191.4499969482422,189.8000030517578,190.8000030517578,160.93360900878906,2051200
VOO,2016-06-15,191.25999450683594,191.9600067138672,190.36000061035156,190.52000427246094,160.6974639892578,1590700
VOO,2016-06-16,189.60000610351562,191.3300018310547,188.57000732421875,191.13999938964844,161.22036743164062,2744400
VOO,2016-06-17,191.10000610351562,191.10000610351562,189.72999572753906,190.42999267578125,160.6215057373047,1701000
VOO,2016-06-20,192.55999755859375,193.25999450683594,191.55999755859375,191.64999389648438,161.6505126953125,1192800
VOO,2016-06-21,191.14999389648438,191.64999389648438,190.64999389648438,191.24000549316406,162.11090087890625,1826500
VOO,2016-06-22,191.4499969482422,192.2100067138672,190.77999877929688,190.9199981689453,161.8395538330078,2245900
VOO,2016-06-23,192.52000427246094,193.44000244140625,192.0,193.38999938964844,163.93336486816406,2582200
VOO,2016-06-24,187.0,189.82000732421875,186.0,186.33999633789062,157.9571990966797,10310500
VOO,2016-06-27,185.05999755859375,185.05999755859375,182.27000427246094,183.0500030517578,155.16830444335938,7717000
VOO,2016-06-28,184.8699951171875,186.44000244140625,184.52999877929688,186.42999267578125,158.033447265625,4475900
VOO,2016-06-29,187.9499969482422,189.86000061035156,187.86000061035156,189.63999938964844,160.7545623779297,4147800
VOO,2016-06-30,190.1300048828125,192.24000549316406,189.52999877929688,192.1999969482422,162.9246368408203,3822200
VOO,2016-07-01,192.08999633789062,193.1199951171875,192.07000732421875,192.60000610351562,163.26368713378906,2170900
VOO,2016-07-05,191.72999572753906,191.82000732421875,190.57000732421875,191.25,162.1193084716797,2233000
VOO,2016-07-06,190.7100067138672,192.49000549316406,189.97000122070312,192.3800048828125,163.0771942138672,2197800
VOO,2016-07-07,192.55999755859375,193.25999450683594,191.44000244140625,192.25,162.96701049804688,1704900
VOO,2016-07-08,193.6300048828125,195.36000061035156,193.41000366210938,195.1699981689453,165.44224548339844,2048200
VOO,2016-07-11,195.6199951171875,196.41000366210938,195.41000366210938,195.85000610351562,166.0186309814453,3590400
VOO,2016-07-12,196.83999633789062,197.5399932861328,196.58999633789062,197.22999572753906,167.1884307861328,2356700
VOO,2016-07-13,197.69000244140625,197.69000244140625,196.69000244140625,197.16000366210938,167.12913513183594,2767300
VOO,2016-07-14,198.5800018310547,198.8000030517578,197.88999938964844,198.30999755859375,168.10394287109375,3691100
VOO,2016-07-15,198.92999267578125,198.92999267578125,197.55999755859375,198.00999450683594,167.84963989257812,2346500
VOO,2016-07-18,198.14999389648438,198.74000549316406,197.89999389648438,198.5800018310547,168.33277893066406,1155700
VOO,2016-07-19,198.1300048828125,198.38999938964844,197.8800048828125,198.36000061035156,168.14633178710938,1003200
VOO,2016-07-20,198.9199981689453,199.44000244140625,198.41000366210938,199.16000366210938,168.824462890625,1096900
VOO,2016-07-21,199.07000732421875,199.32000732421875,197.97000122070312,198.41000366210938,168.18870544433594,4509800
VOO,2016-07-22,198.6199951171875,199.3800048828125,198.3000030517578,199.3300018310547,168.9685821533203,1678900
VOO,2016-07-25,199.10000610351562,199.1699981689453,198.1699981689453,198.85000610351562,168.56166076660156,1172600
VOO,2016-07-26,198.6999969482422,199.25,197.97000122070312,198.83999633789062,168.55319213867188,1405300
VOO,2016-07-27,199.2899932861328,199.33999633789062,197.85000610351562,198.7100067138672,168.44300842285156,2120100
VOO,2016-07-28,198.49000549316406,199.2100067138672,197.97999572753906,198.92999267578125,168.62950134277344,937200
VOO,2016-07-29,198.6300048828125,199.60000610351562,198.32000732421875,199.27999877929688,168.92620849609375,1758600
VOO,2016-08-01,199.3300018310547,199.7100067138672,198.5800018310547,199.0500030517578,168.73123168945312,2111500
VOO,2016-08-02,198.7899932861328,198.94000244140625,196.8800048828125,197.80999755859375,167.68011474609375,4085800
VOO,2016-08-03,197.74000549316406,198.4199981689453,197.39999389648438,198.3800048828125,168.16331481933594,2057500
VOO,2016-08-04,198.5,198.89999389648438,198.0500030517578,198.57000732421875,168.32435607910156,1384700
VOO,2016-08-05,199.33999633789062,200.22000122070312,199.19000244140625,200.1699981689453,169.6806640625,1818600
VOO,2016-08-08,200.41000366210938,200.50999450683594,199.7899932861328,200.07000732421875,169.59591674804688,1441900
VOO,2016-08-09,200.19000244140625,200.72999572753906,199.86000061035156,200.1999969482422,169.70608520507812,1821100
VOO,2016-08-10,200.33999633789062,200.39999389648438,199.3300018310547,199.69000244140625,169.2737274169922,1222300
VOO,2016-08-11,200.30999755859375,200.88999938964844,200.0,200.6699981689453,170.1044921875,1644700
VOO,2016-08-12,200.32000732421875,200.6999969482422,200.0399932861328,200.47000122070312,169.93499755859375,1718400
VOO,2016-08-15,200.88999938964844,201.41000366210938,200.85000610351562,201.0500030517578,170.42662048339844,1051100
VOO,2016-08-16,200.61000061035156,200.66000366210938,200.0,200.00999450683594,169.54501342773438,1731200
VOO,2016-08-17,200.0500030517578,200.52999877929688,199.13999938964844,200.33999633789062,169.8247528076172,3157700
VOO,2016-08-18,200.3699951171875,200.86000061035156,200.25,200.82000732421875,170.23159790039062,5211200
VOO,2016-08-19,200.33999633789062,200.72000122070312,199.80999755859375,200.5399932861328,169.99427795410156,1190800
VOO,2016-08-22,200.3000030517578,200.75,199.8800048828125,200.52000427246094,169.97731018066406,880300
VOO,2016-08-23,201.17999267578125,201.50999450683594,200.86000061035156,200.88999938964844,170.29095458984375,1214400
VOO,2016-08-24,200.77999877929688,200.8699951171875,199.4600067138672,199.9199981689453,169.46876525878906,1161300
VOO,2016-08-25,199.47999572753906,200.2100067138672,199.3300018310547,199.75999450683594,169.3330078125,1262600
VOO,2016-08-26,199.9600067138672,201.0500030517578,198.44000244140625,199.3800048828125,169.01097106933594,2890600
VOO,2016-08-29,199.52999877929688,200.64999389648438,199.49000549316406,200.38999938964844,169.86712646484375,1140700
VOO,2016-08-30,200.27999877929688,200.57000732421875,199.4499969482422,200.00999450683594,169.54501342773438,1407400
VOO,2016-08-31,199.6999969482422,199.82000732421875,198.64999389648438,199.52000427246094,169.129638671875,2343900
VOO,2016-09-01,199.5,199.7899932861328,198.24000549316406,199.47999572753906,169.09573364257812,2196100
VOO,2016-09-02,200.41000366210938,200.8300018310547,199.77999877929688,200.3699951171875,169.8501434326172,1555800
VOO,2016-09-06,200.69000244140625,201.0399932861328,199.9199981689453,201.0,170.3842010498047,1589600
VOO,2016-09-07,200.82000732421875,201.14999389648438,200.32000732421875,200.99000549316406,170.37571716308594,1455400
VOO,2016-09-08,200.6199951171875,200.9199981689453,200.19000244140625,200.52000427246094,169.97731018066406,2180400
VOO,2016-09-09,199.0800018310547,199.17999267578125,195.6699981689453,195.67999267578125,165.87452697753906,3435600
VOO,2016-09-12,194.8800048828125,198.9499969482422,194.8000030517578,198.47999572753906,168.248046875,2799900
VOO,2016-09-13,196.25,196.50999450683594,194.1199951171875,194.77999877929688,165.84942626953125,3365300
VOO,2016-09-14,194.8300018310547,196.1199951171875,194.1199951171875,194.66000366210938,165.74732971191406,2967100
VOO,2016-09-15,194.50999450683594,197.07000732421875,194.3699951171875,196.66000366210938,167.4502410888672,1874400
VOO,2016-09-16,196.02000427246094,196.19000244140625,195.1699981689453,195.88999938964844,166.79457092285156,1774100
VOO,2016-09-19,196.6300048828125,197.27999877929688,195.63999938964844,195.9499969482422,166.8456573486328,2061400
VOO,2016-09-20,196.86000061035156,197.02999877929688,195.92999267578125,195.97000122070312,166.86273193359375,1294100
VOO,2016-09-21,196.69000244140625,198.33999633789062,195.97999572753906,198.1699981689453,168.73594665527344,2238800
VOO,2016-09-22,199.25999450683594,199.7100067138672,198.97999572753906,199.36000061035156,169.74925231933594,2215200
VOO,2016-09-23,198.97999572753906,199.11000061035156,198.22000122070312,198.2899932861328,168.83810424804688,1413400
VOO,2016-09-26,197.47000122070312,197.60000610351562,196.5,196.7100067138672,167.49281311035156,2451600
VOO,2016-09-27,196.52999877929688,198.00999450683594,196.16000366210938,197.91000366210938,168.5145721435547,1468000
VOO,2016-09-28,198.17999267578125,199.07000732421875,197.1300048828125,198.97999572753906,169.4256134033203,1419900
VOO,2016-09-29,198.7100067138672,199.11000061035156,196.5399932861328,197.11000061035156,167.83334350585938,2074600
VOO,2016-09-30,198.00999450683594,199.33999633789062,197.75,198.69000244140625,169.17869567871094,3147400
VOO,2016-10-03,198.17999267578125,198.35000610351562,197.4499969482422,198.05999755859375,168.6422882080078,2136000
VOO,2016-10-04,198.25,198.47000122070312,196.47999572753906,197.13999938964844,167.8589324951172,2846600
VOO,2016-10-05,197.77000427246094,198.44000244140625,197.72000122070312,197.9600067138672,168.55722045898438,1126700
VOO,2016-10-06,197.74000549316406,198.33999633789062,197.16000366210938,198.19000244140625,168.7530059814453,1117400
VOO,2016-10-07,198.4199981689453,198.60000610351562,196.64999389648438,197.4600067138672,168.1313934326172,1795100
VOO,2016-10-10,197.4600067138672,198.9499969482422,197.4600067138672,198.3699951171875,168.90625,1297400
VOO,2016-10-11,198.0,198.07000732421875,195.19000244140625,195.9600067138672,166.8541717529297,2643500
VOO,2016-10-12,196.1199951171875,196.74000549316406,195.58999633789062,196.2100067138672,167.06707763671875,1458700
VOO,2016-10-13,194.8300018310547,196.11000061035156,193.9199981689453,195.5800018310547,166.53062438964844,2407100
VOO,2016-10-14,196.64999389648438,197.1199951171875,195.61000061035156,195.6300048828125,166.57322692871094,1218800
VOO,2016-10-17,195.63999938964844,195.92999267578125,194.80999755859375,195.0500030517578,166.07937622070312,1323200
VOO,2016-10-18,196.6999969482422,196.75999450683594,195.82000732421875,196.1999969482422,167.0585479736328,1263300
VOO,2016-10-19,196.49000549316406,197.0800018310547,196.1300048828125,196.74000549316406,167.5183563232422,1041300
VOO,2016-10-20,196.3699951171875,196.97000122070312,195.6999969482422,196.4199981689453,167.24586486816406,1309600
VOO,2016-10-21,195.5399932861328,196.57000732421875,195.3800048828125,196.47000122070312,167.28848266601562,1376300
VOO,2016-10-24,197.3699951171875,197.64999389648438,196.9499969482422,197.27000427246094,167.96963500976562,817000
VOO,2016-10-25,197.1300048828125,197.38999938964844,196.47999572753906,196.7100067138672,167.49281311035156,1465300
VOO,2016-10-26,195.75999450683594,196.86000061035156,195.52999877929688,196.27000427246094,167.1181182861328,1202300
VOO,2016-10-27,197.0399932861328,197.07000732421875,195.64999389648438,195.75,166.6754150390625,1635500
VOO,2016-10-28,195.7100067138672,196.39999389648438,194.39999389648438,195.1300048828125,166.14752197265625,2632000
VOO,2016-10-31,195.49000549316406,195.74000549316406,194.97999572753906,195.1300048828125,166.14752197265625,1816300
VOO,2016-11-01,195.52000427246094,195.5399932861328,192.4499969482422,193.77000427246094,164.98947143554688,2456600
VOO,2016-11-02,193.4199981689453,193.80999755859375,192.10000610351562,192.49000549316406,163.89962768554688,3395900
VOO,2016-11-03,192.7899932861328,193.0,191.38999938964844,191.74000549316406,163.26097106933594,1512200
VOO,2016-11-04,191.8000030517578,192.7100067138672,191.32000732421875,191.47999572753906,163.0396270751953,2221300
VOO,2016-11-07,194.1699981689453,195.74000549316406,194.00999450683594,195.67999267578125,166.61578369140625,2699100
VOO,2016-11-08,195.30999755859375,197.17999267578125,195.02000427246094,196.5800018310547,167.38211059570312,3055900
VOO,2016-11-09,194.94000244140625,199.33999633789062,194.9199981689453,198.67999267578125,169.17022705078125,6119100
VOO,2016-11-10,199.52999877929688,200.44000244140625,197.61000061035156,199.13999938964844,169.56192016601562,5126400
VOO,2016-11-11,198.4199981689453,198.9600067138672,197.6999969482422,198.77000427246094,169.24684143066406,1954200
VOO,2016-11-14,199.3000030517578,199.49000549316406,198.05999755859375,198.8000030517578,169.27239990234375,2651000
VOO,2016-11-15,199.2899932861328,200.4199981689453,199.07000732421875,200.41000366210938,170.64324951171875,2532400
VOO,2016-11-16,199.77999877929688,200.2899932861328,199.64999389648438,200.07000732421875,170.3538055419922,1195000
VOO,2016-11-17,200.2100067138672,201.1300048828125,200.1199951171875,201.02000427246094,171.1626434326172,1178200
VOO,2016-11-18,201.16000366210938,201.32000732421875,200.44000244140625,200.66000366210938,170.8560791015625,1668300
VOO,2016-11-21,201.25,202.17999267578125,201.11000061035156,202.13999938964844,172.11631774902344,2641300
VOO,2016-11-22,202.5800018310547,202.72999572753906,201.77000427246094,202.50999450683594,172.4313201904297,2773400
VOO,2016-11-23,202.13999938964844,202.7100067138672,201.77000427246094,202.69000244140625,172.58462524414062,1466300
VOO,2016-11-25,203.0800018310547,203.5,202.9600067138672,203.5,173.27427673339844,1843100
VOO,2016-11-28,203.07000732421875,203.3699951171875,202.35000610351562,202.5399932861328,172.45684814453125,2193000
VOO,2016-11-29,202.50999450683594,203.35000610351562,202.1699981689453,202.86000061035156,172.72935485839844,1689600
VOO,2016-11-30,203.52999877929688,203.69000244140625,202.30999755859375,202.39999389648438,172.33761596679688,2360100
VOO,2016-12-01,202.67999267578125,202.7100067138672,201.24000549316406,201.61000061035156,171.66502380371094,3284100
VOO,2016-12-02,201.6999969482422,202.22999572753906,201.35000610351562,201.75,171.78421020507812,2118900
VOO,2016-12-05,202.63999938964844,203.3000030517578,202.4199981689453,202.91000366210938,172.7719268798828,2070500
VOO,2016-12-06,203.1699981689453,203.6300048828125,202.63999938964844,203.6199951171875,173.37646484375,2413300
VOO,2016-12-07,203.4499969482422,206.32000732421875,203.3000030517578,206.1999969482422,175.57327270507812,2253900
VOO,2016-12-08,206.25,207.27000427246094,205.9499969482422,206.74000549316406,176.03298950195312,2983000
VOO,2016-12-09,207.02000427246094,208.02999877929688,206.97999572753906,208.0,177.10592651367188,1972000
VOO,2016-12-12,207.9199981689453,208.4199981689453,207.33999633789062,207.77000427246094,176.91012573242188,2419600
VOO,2016-12-13,208.52999877929688,209.6999969482422,208.47000122070312,209.19000244140625,178.11917114257812,2670200
VOO,2016-12-14,208.83999633789062,209.58999633789062,206.97999572753906,207.4600067138672,176.64608764648438,4232900
VOO,2016-12-15,207.72000122070312,209.22999572753906,207.5800018310547,208.22999572753906,177.30172729492188,2812500
VOO,2016-12-16,208.82000732421875,208.83999633789062,207.5500030517578,207.8699951171875,176.99522399902344,3074000
VOO,2016-12-19,208.10000610351562,208.8000030517578,207.92999267578125,208.33999633789062,177.3954315185547,2042000
VOO,2016-12-20,208.9199981689453,209.30999755859375,208.67999267578125,209.13999938964844,178.07656860351562,3195300
VOO,2016-12-21,209.05999755859375,209.1999969482422,208.57000732421875,208.57000732421875,177.59120178222656,1546600
VOO,2016-12-22,207.16000366210938,207.24000549316406,206.5,207.00999450683594,177.36502075195312,1863700
VOO,2016-12-23,206.97999572753906,207.22000122070312,206.77000427246094,207.19000244140625,177.5192413330078,1278900
VOO,2016-12-27,207.47999572753906,208.14999389648438,207.47999572753906,207.6999969482422,177.95619201660156,1818500
VOO,2016-12-28,208.0,208.07000732421875,205.91000366210938,206.05999755859375,176.5510711669922,2228000
VOO,2016-12-29,206.10000610351562,206.47000122070312,205.50999450683594,206.02000427246094,176.51681518554688,1772700
VOO,2016-12-30,206.3699951171875,206.42999267578125,204.50999450683594,205.30999755859375,175.90841674804688,4251000
VOO,2017-01-03,206.67999267578125,207.3300018310547,205.55999755859375,206.74000549316406,177.13368225097656,4750200
VOO,2017-01-04,207.1999969482422,208.17999267578125,207.1199951171875,207.9600067138672,178.1790313720703,4622400
VOO,2017-01-05,207.75,208.0399932861328,207.00999450683594,207.8000030517578,178.0419464111328,2772100
VOO,2017-01-06,207.99000549316406,209.08999633789062,207.39999389648438,208.61000061035156,178.73594665527344,2194600
VOO,2017-01-09,208.33999633789062,208.47999572753906,207.88999938964844,207.9499969482422,178.17041015625,1705200
VOO,2017-01-10,207.89999389648438,208.82000732421875,207.50999450683594,207.9199981689453,178.14476013183594,2189400
VOO,2017-01-11,207.83999633789062,208.50999450683594,207.1199951171875,208.50999450683594,178.6502227783203,5677600
VOO,2017-01-12,207.97000122070312,208.19000244140625,206.5399932861328,208.0500030517578,178.256103515625,3244600
VOO,2017-01-13,208.17999267578125,208.77999877929688,208.1300048828125,208.4600067138672,178.60740661621094,2822700
VOO,2017-01-17,207.7899932861328,208.2100067138672,207.3300018310547,207.72000122070312,177.97337341308594,1690000
VOO,2017-01-18,208.00999450683594,208.22000122070312,207.4199981689453,208.16000366210938,178.35035705566406,1980500
VOO,2017-01-19,208.27000427246094,208.42999267578125,206.97000122070312,207.4600067138672,177.75064086914062,1666900
VOO,2017-01-20,208.13999938964844,208.6999969482422,207.55999755859375,208.1300048828125,178.3246612548828,2082500
VOO,2017-01-23,207.83999633789062,208.2100067138672,206.8300018310547,207.64999389648438,177.9133758544922,4586600
VOO,2017-01-24,207.86000061035156,209.39999389648438,207.75,208.97000122070312,179.04437255859375,1940100
VOO,2017-01-25,209.97999572753906,210.77000427246094,209.7899932861328,210.7100067138672,180.53524780273438,2873000
VOO,2017-01-26,210.64999389648438,210.89999389648438,210.25,210.5500030517578,180.39810180664062,2485100
VOO,2017-01-27,210.64999389648438,210.75999450683594,210.02999877929688,210.25,180.1410369873047,1428200
VOO,2017-01-30,209.47999572753906,209.52000427246094,207.8800048828125,208.97999572753906,179.0529327392578,2782300
VOO,2017-01-31,208.33999633789062,208.97000122070312,207.7899932861328,208.97000122070312,179.04437255859375,3787100
VOO,2017-02-01,209.6199951171875,209.86000061035156,208.3699951171875,209.0,179.070068359375,2698800
VOO,2017-02-02,208.58999633789062,209.39999389648438,208.22999572753906,209.08999633789062,179.14723205566406,1661300
VOO,2017-02-03,210.0800018310547,210.72999572753906,209.77000427246094,210.63999938964844,180.4752197265625,4264400
VOO,2017-02-06,210.1199951171875,210.5399932861328,209.83999633789062,210.1999969482422,180.0981903076172,1345500
VOO,2017-02-07,210.64999389648438,210.83999633789062,209.99000549316406,210.25,180.1410369873047,1194600
VOO,2017-02-08,210.25,210.61000061035156,209.6300048828125,210.52000427246094,180.3723907470703,1096100
VOO,2017-02-09,210.52000427246094,212.0399932861328,210.52000427246094,211.72000122070312,181.4005584716797,1237100
VOO,2017-02-10,212.1300048828125,212.8000030517578,212.00999450683594,212.57000732421875,182.12884521484375,1412400
VOO,2017-02-13,213.11000061035156,214.0,213.07000732421875,213.6999969482422,183.09698486328125,1756300
VOO,2017-02-14,213.5500030517578,214.58999633789062,213.16000366210938,214.58999633789062,183.85952758789062,2528100
VOO,2017-02-15,214.33999633789062,215.88999938964844,214.30999755859375,215.67999267578125,184.79342651367188,2050200
VOO,2017-02-16,215.74000549316406,215.89999389648438,214.72999572753906,215.50999450683594,184.64781188964844,1920100
VOO,2017-02-17,214.83999633789062,215.83999633789062,214.7899932861328,215.83999633789062,184.93055725097656,1452600
VOO,2017-02-21,216.32000732421875,217.32000732421875,216.25,217.11000061035156,186.01869201660156,1893000
VOO,2017-02-22,216.72000122070312,217.19000244140625,216.5500030517578,217.00999450683594,185.93296813964844,1471400
VOO,2017-02-23,217.5399932861328,217.5399932861328,216.3000030517578,217.1300048828125,186.03579711914062,1717200
VOO,2017-02-24,216.22000122070312,217.4199981689453,216.16000366210938,217.38999938964844,186.25856018066406,1637700
VOO,2017-02-27,217.32000732421875,217.89999389648438,217.02000427246094,217.7100067138672,186.53271484375,1942200
VOO,2017-02-28,217.33999633789062,217.5800018310547,216.72000122070312,217.07000732421875,185.98440551757812,2181000
VOO,2017-03-01,218.89999389648438,220.66000366210938,218.8699951171875,220.14999389648438,188.62332153320312,3325500
VOO,2017-03-02,219.99000549316406,220.02000427246094,218.75,218.86000061035156,187.51806640625,1657100
VOO,2017-03-03,218.6999969482422,219.08999633789062,218.30999755859375,218.97999572753906,187.620849609375,1765900
VOO,2017-03-06,218.07000732421875,218.64999389648438,217.6300048828125,218.3000030517578,187.0382537841797,1530600
VOO,2017-03-07,217.97999572753906,218.3300018310547,217.4199981689453,217.63999938964844,186.47276306152344,1743200
VOO,2017-03-08,217.9499969482422,218.1999969482422,217.07000732421875,217.17999267578125,186.07858276367188,1784400
VOO,2017-03-09,217.3300018310547,217.83999633789062,216.4600067138672,217.41000366210938,186.27572631835938,1636200
VOO,2017-03-10,218.5500030517578,218.55999755859375,217.25999450683594,218.1699981689453,186.9268798828125,1819900
VOO,2017-03-13,218.17999267578125,218.41000366210938,217.86000061035156,218.3000030517578,187.0382537841797,1388100
VOO,2017-03-14,217.77000427246094,217.80999755859375,216.88999938964844,217.55999755859375,186.40423583984375,1428400
VOO,2017-03-15,218.1300048828125,219.85000610351562,217.8699951171875,219.3699951171875,187.9550018310547,3358800
VOO,2017-03-16,219.61000061035156,219.64999389648438,218.64999389648438,219.0,187.63804626464844,1710900
VOO,2017-03-17,219.3000030517578,219.44000244140625,218.55999755859375,218.55999755859375,187.26104736328125,1588500
VOO,2017-03-20,218.58999633789062,218.88999938964844,217.97999572753906,218.3699951171875,187.0981903076172,1035900
VOO,2017-03-21,219.0,219.1300048828125,215.41000366210938,215.5800018310547,184.707763671875,3468700
VOO,2017-03-22,214.5800018310547,215.33999633789062,213.9499969482422,215.02000427246094,185.08480834960938,2600300
VOO,2017-03-23,214.8000030517578,216.02000427246094,214.44000244140625,214.8000030517578,184.89540100097656,2436700
VOO,2017-03-24,215.13999938964844,215.77000427246094,213.8800048828125,214.72999572753906,184.83518981933594,2647600
VOO,2017-03-27,212.8699951171875,214.72000122070312,212.6199951171875,214.3800048828125,184.5338897705078,2082900
VOO,2017-03-28,214.16000366210938,216.4600067138672,214.0500030517578,215.97000122070312,185.90255737304688,3057200
VOO,2017-03-29,215.72000122070312,216.47000122070312,215.47999572753906,216.2899932861328,186.17800903320312,1748500
VOO,2017-03-30,216.1699981689453,217.1300048828125,215.97999572753906,216.8699951171875,186.6772003173828,2494800
VOO,2017-03-31,216.55999755859375,217.11000061035156,216.35000610351562,216.35000610351562,186.22967529296875,1331400
VOO,2017-04-03,216.50999450683594,216.69000244140625,214.74000549316406,216.0800018310547,185.99722290039062,2843700
VOO,2017-04-04,215.7100067138672,216.25,215.3300018310547,216.1999969482422,186.1005096435547,2481600
VOO,2017-04-05,216.88999938964844,217.92999267578125,215.33999633789062,215.5399932861328,185.5323944091797,2311800
VOO,2017-04-06,215.7100067138672,216.67999267578125,215.22000122070312,216.10000610351562,186.01441955566406,1635500
VOO,2017-04-07,215.86000061035156,216.63999938964844,215.39999389648438,215.91000366210938,185.85086059570312,1835900
VOO,2017-04-10,216.05999755859375,216.8800048828125,215.5,216.05999755859375,185.98001098632812,1311900
VOO,2017-04-11,215.6300048828125,215.8800048828125,214.25,215.7899932861328,185.7476043701172,1787300
VOO,2017-04-12,215.49000549316406,215.69000244140625,214.6199951171875,214.89999389648438,184.9815216064453,2002700
VOO,2017-04-13,214.5,215.24000549316406,213.47000122070312,213.47000122070312,183.75059509277344,1806800
VOO,2017-04-17,214.0,215.35000610351562,213.8000030517578,215.33999633789062,185.36021423339844,1746900
VOO,2017-04-18,214.5500030517578,215.24000549316406,213.97999572753906,214.75,184.85238647460938,2695900
VOO,2017-04-19,215.30999755859375,215.6999969482422,214.05999755859375,214.27999877929688,184.44781494140625,2032400
VOO,2017-04-20,214.97999572753906,216.5,214.6199951171875,216.02999877929688,185.95419311523438,2734000
VOO,2017-04-21,215.97000122070312,216.02000427246094,214.92999267578125,215.39999389648438,185.41189575195312,2594400
VOO,2017-04-24,217.75,217.9499969482422,217.22999572753906,217.6999969482422,187.39173889160156,2366400
VOO,2017-04-25,218.41000366210938,219.36000061035156,218.2899932861328,219.00999450683594,188.5193328857422,1745100
VOO,2017-04-26,218.9600067138672,219.89999389648438,218.80999755859375,218.85000610351562,188.38160705566406,2824500
VOO,2017-04-27,219.1999969482422,219.36000061035156,218.47000122070312,219.02000427246094,188.5279541015625,1154200
VOO,2017-04-28,219.3300018310547,219.33999633789062,218.42999267578125,218.60000610351562,188.16636657714844,1257600
VOO,2017-05-01,219.16000366210938,219.57000732421875,218.64999389648438,219.1300048828125,188.6226043701172,1506700
VOO,2017-05-02,219.2899932861328,219.3800048828125,218.77000427246094,219.1999969482422,188.68287658691406,2573000
VOO,2017-05-03,218.77999877929688,219.1699981689453,218.24000549316406,218.97999572753906,188.4934539794922,1654600
VOO,2017-05-04,219.27000427246094,219.35000610351562,218.30999755859375,219.17999267578125,188.66555786132812,1439100
VOO,2017-05-05,219.55999755859375,220.05999755859375,219.1199951171875,220.05999755859375,189.4231414794922,1729700
VOO,2017-05-08,220.1300048828125,220.25,219.57000732421875,220.07000732421875,189.43174743652344,2225000
VOO,2017-05-09,220.2899932861328,220.49000549316406,219.44000244140625,219.7899932861328,189.1907196044922,1636900
VOO,2017-05-10,219.75999450683594,220.22000122070312,219.5500030517578,220.1999969482422,189.54360961914062,1066900
VOO,2017-05-11,219.74000549316406,219.92999267578125,218.6199951171875,219.75,189.15625,1855700
VOO,2017-05-12,219.5,219.60000610351562,219.1199951171875,219.41000366210938,188.86358642578125,1056500
VOO,2017-05-15,219.8800048828125,220.72000122070312,219.8300018310547,220.52000427246094,189.81907653808594,1440600
VOO,2017-05-16,220.8800048828125,220.94000244140625,220.0,220.47999572753906,189.7846221923828,2452500
VOO,2017-05-17,218.61000061035156,219.07000732421875,216.4199981689453,216.57000732421875,186.4189910888672,3507700
VOO,2017-05-18,216.3300018310547,218.24000549316406,216.1300048828125,217.36000061035156,187.0989990234375,2894500
VOO,2017-05-19,217.8800048828125,219.47000122070312,217.8300018310547,218.7100067138672,188.26107788085938,2436500
VOO,2017-05-22,219.25999450683594,220.0500030517578,219.22999572753906,219.92999267578125,189.31121826171875,1865000
VOO,2017-05-23,220.30999755859375,220.5399932861328,219.89999389648438,220.36000061035156,189.68136596679688,1259000
VOO,2017-05-24,220.63999938964844,221.0,220.27999877929688,220.88999938964844,190.13758850097656,1453900
VOO,2017-05-25,221.42999267578125,222.24000549316406,221.2100067138672,221.9199981689453,191.024169921875,1564600
VOO,2017-05-26,221.75999450683594,222.07000732421875,221.6699981689453,221.92999267578125,191.03269958496094,1196000
VOO,2017-05-30,221.55999755859375,221.97000122070312,221.4199981689453,221.72000122070312,190.8520050048828,1511700
VOO,2017-05-31,222.0399932861328,222.0800018310547,220.9199981689453,221.6699981689453,190.80897521972656,2326200
VOO,2017-06-01,222.13999938964844,223.4499969482422,221.86000061035156,223.39999389648438,192.298095703125,2112900
VOO,2017-06-02,223.47999572753906,224.32000732421875,223.1699981689453,224.10000610351562,192.9007110595703,1857600
VOO,2017-06-05,223.99000549316406,224.27999877929688,223.80999755859375,223.9499969482422,192.77157592773438,1831200
VOO,2017-06-06,223.3699951171875,223.9499969482422,223.1999969482422,223.30999755859375,192.2206268310547,1449400
VOO,2017-06-07,223.69000244140625,223.92999267578125,222.92999267578125,223.67999267578125,192.5391387939453,1328800
VOO,2017-06-08,223.82000732421875,224.30999755859375,223.24000549316406,223.75999450683594,192.6079864501953,1116100
VOO,2017-06-09,224.1199951171875,224.92999267578125,222.10000610351562,223.5,192.3842315673828,2117600
VOO,2017-06-12,223.2100067138672,223.47999572753906,222.50999450683594,223.41000366210938,192.30677795410156,1812100
VOO,2017-06-13,223.99000549316406,224.57000732421875,223.63999938964844,224.5,193.24497985839844,2170700
VOO,2017-06-14,224.82000732421875,224.83999633789062,223.3800048828125,224.25999450683594,193.03842163085938,1886000
VOO,2017-06-15,222.86000061035156,223.92999267578125,222.50999450683594,223.80999755859375,192.6510772705078,2170900
VOO,2017-06-16,224.0,224.05999755859375,222.94000244140625,223.8699951171875,192.70269775390625,1603600
VOO,2017-06-19,224.72999572753906,225.77000427246094,224.6199951171875,225.6999969482422,194.27789306640625,1433100
VOO,2017-06-20,225.36000061035156,225.36000061035156,224.17999267578125,224.22000122070312,193.00396728515625,1366000
VOO,2017-06-21,224.57000732421875,224.6999969482422,223.63999938964844,224.1300048828125,192.926513671875,1422000
VOO,2017-06-22,224.1699981689453,224.66000366210938,223.8699951171875,224.0,192.81459045410156,1344400
VOO,2017-06-23,223.1199951171875,223.64999389648438,222.72000122070312,223.3699951171875,193.1431427001953,1257400
VOO,2017-06-26,224.0,224.4499969482422,223.24000549316406,223.44000244140625,193.20370483398438,1321700
VOO,2017-06-27,223.2100067138672,223.52000427246094,221.6300048828125,221.66000366210938,191.66456604003906,3476700
VOO,2017-06-28,222.72999572753906,223.83999633789062,222.5,223.6199951171875,193.3593292236328,2875800
VOO,2017-06-29,223.80999755859375,223.9199981689453,220.4199981689453,221.69000244140625,191.69052124023438,4613000
VOO,2017-06-30,222.57000732421875,222.91000366210938,221.86000061035156,222.05999755859375,192.01043701171875,2982300
VOO,2017-07-03,223.08999633789062,223.52999877929688,222.47000122070312,222.5500030517578,192.43414306640625,1762500
VOO,2017-07-05,222.83999633789062,223.1699981689453,222.0,222.94000244140625,192.77142333984375,2043800
VOO,2017-07-06,222.16000366210938,222.25,220.72000122070312,220.94000244140625,191.04197692871094,2540700
VOO,2017-07-07,221.52000427246094,222.52000427246094,221.3800048828125,222.33999633789062,192.25254821777344,2148000
VOO,2017-07-10,222.1999969482422,222.99000549316406,222.0399932861328,222.57000732421875,192.451416015625,1800100
VOO,2017-07-11,222.4199981689453,222.75999450683594,221.22000122070312,222.39999389648438,192.30441284179688,1638700
VOO,2017-07-12,223.47000122070312,224.27999877929688,223.47000122070312,224.07000732421875,193.7484588623047,1492100
VOO,2017-07-13,224.16000366210938,224.61000061035156,223.88999938964844,224.4499969482422,194.0770263671875,1485500
VOO,2017-07-14,224.52000427246094,225.89999389648438,224.38999938964844,225.47000122070312,194.95896911621094,1642400
VOO,2017-07-17,225.4499969482422,225.86000061035156,225.33999633789062,225.5,194.98492431640625,1176200
VOO,2017-07-18,225.1300048828125,225.69000244140625,224.72999572753906,225.6699981689453,195.1319122314453,3146500
VOO,2017-07-19,225.97999572753906,226.86000061035156,225.9600067138672,226.86000061035156,196.16091918945312,1255300
VOO,2017-07-20,227.1300048828125,227.25,226.39999389648438,226.92999267578125,196.22142028808594,1698100
VOO,2017-07-21,226.36000061035156,226.77999877929688,226.11000061035156,226.77000427246094,196.08309936523438,2461700
VOO,2017-07-24,226.6699981689453,226.8300018310547,226.22000122070312,226.69000244140625,196.013916015625,1278200
VOO,2017-07-25,227.50999450683594,227.58999633789062,227.02000427246094,227.22999572753906,196.48080444335938,1349500
VOO,2017-07-26,227.57000732421875,227.58999633789062,226.97999572753906,227.3000030517578,196.54135131835938,1574100
VOO,2017-07-27,227.75,227.77999877929688,225.64999389648438,227.02999877929688,196.30787658691406,1834500
VOO,2017-07-28,226.5399932861328,226.9199981689453,226.08999633789062,226.77000427246094,196.08309936523438,2364100
VOO,2017-07-31,227.22999572753906,227.3000030517578,226.44000244140625,226.63999938964844,195.97064208984375,3020000
VOO,2017-08-01,227.3000030517578,227.32000732421875,226.67999267578125,227.14999389648438,196.41165161132812,1674500
VOO,2017-08-02,227.30999755859375,227.4199981689453,226.2899932861328,227.27999877929688,196.52403259277344,1889300
VOO,2017-08-03,227.17999267578125,227.17999267578125,226.5500030517578,226.8800048828125,196.17822265625,1266400
VOO,2017-08-04,227.36000061035156,227.58999633789062,226.83999633789062,227.25999450683594,196.50677490234375,1039800
VOO,2017-08-07,227.3300018310547,227.66000366210938,227.1999969482422,227.6300048828125,196.8267059326172,848500
VOO,2017-08-08,227.33999633789062,228.6199951171875,226.72999572753906,227.17999267578125,196.43753051757812,1064700
VOO,2017-08-09,226.35000610351562,227.14999389648438,226.0,227.0500030517578,196.3251953125,1536600
VOO,2017-08-10,226.24000549316406,226.35000610351562,223.85000610351562,223.92999267578125,193.6273651123047,3043300
VOO,2017-08-11,224.1300048828125,224.82000732421875,223.8699951171875,224.22999572753906,193.88677978515625,1584300
VOO,2017-08-14,225.55999755859375,226.6699981689453,225.55999755859375,226.42999267578125,195.78907775878906,2201900
VOO,2017-08-15,226.83999633789062,226.8699951171875,226.10000610351562,226.4499969482422,195.80642700195312,1309700
VOO,2017-08-16,226.9499969482422,227.38999938964844,226.3699951171875,226.80999755859375,196.11764526367188,1531400
VOO,2017-08-17,226.19000244140625,226.5,223.27999877929688,223.27999877929688,193.06532287597656,3396200
VOO,2017-08-18,223.08999633789062,224.27000427246094,222.4499969482422,222.8699951171875,192.71083068847656,2691100
VOO,2017-08-21,222.85000610351562,223.36000061035156,222.1199951171875,223.13999938964844,192.94430541992188,1281300
VOO,2017-08-22,223.72000122070312,225.60000610351562,223.69000244140625,225.39999389648438,194.89840698242188,1455700
VOO,2017-08-23,224.4600067138672,225.05999755859375,224.25999450683594,224.6300048828125,194.23268127441406,1462900
VOO,2017-08-24,225.0399932861328,225.1699981689453,223.8800048828125,224.11000061035156,193.78305053710938,1345100
VOO,2017-08-25,224.9499969482422,225.5800018310547,224.47000122070312,224.60000610351562,194.2067413330078,1220800
VOO,2017-08-28,225.16000366210938,225.2100067138672,224.19000244140625,224.67999267578125,194.2759246826172,801000
VOO,2017-08-29,223.25,225.16000366210938,223.14999389648438,224.85000610351562,194.42291259765625,1397400
VOO,2017-08-30,224.86000061035156,226.24000549316406,224.69000244140625,225.97000122070312,195.39134216308594,1377800
VOO,2017-08-31,226.6300048828125,227.5800018310547,226.5500030517578,227.3000030517578,196.54135131835938,2202700
VOO,2017-09-01,227.75999450683594,228.11000061035156,227.50999450683594,227.69000244140625,196.8785858154297,1393700
VOO,2017-09-05,227.10000610351562,227.35000610351562,224.97999572753906,226.00999450683594,195.4259033203125,2222300
VOO,2017-09-06,226.75999450683594,227.13999938964844,226.19000244140625,226.8000030517578,196.10903930664062,1523300
VOO,2017-09-07,227.1300048828125,227.1300048828125,226.33999633789062,226.75,196.06582641601562,1620300
VOO,2017-09-08,226.4499969482422,226.97999572753906,226.25,226.39999389648438,195.7631378173828,1896900
VOO,2017-09-11,227.85000610351562,229.00999450683594,227.83999633789062,228.8699951171875,197.8988800048828,2007200
VOO,2017-09-12,229.32000732421875,229.72000122070312,229.1300048828125,229.7100067138672,198.62522888183594,1535000
VOO,2017-09-13,229.3699951171875,229.85000610351562,229.27999877929688,229.85000610351562,198.74630737304688,1155800
VOO,2017-09-14,229.47000122070312,229.94000244140625,229.30999755859375,229.77000427246094,198.67710876464844,1857300
VOO,2017-09-15,229.6199951171875,230.1300048828125,229.49000549316406,230.08999633789062,198.9538116455078,1419700
VOO,2017-09-18,230.4600067138672,230.89999389648438,230.1199951171875,230.49000549316406,199.29959106445312,1325200
VOO,2017-09-19,230.7899932861328,230.85000610351562,230.44000244140625,230.77000427246094,199.54176330566406,1302400
VOO,2017-09-20,229.67999267578125,229.77999877929688,228.6300048828125,229.72000122070312,199.65126037597656,1850500
VOO,2017-09-21,229.5399932861328,229.5800018310547,228.8699951171875,229.07000732421875,199.08642578125,1899900
VOO,2017-09-22,228.75,229.25999450683594,228.72000122070312,229.0399932861328,199.060302734375,1599200
VOO,2017-09-25,228.82000732421875,229.1999969482422,227.86000061035156,228.6999969482422,198.7647705078125,1523300
VOO,2017-09-26,229.08999633789062,229.32000732421875,228.52999877929688,228.77999877929688,198.8342742919922,2335000
VOO,2017-09-27,229.52999877929688,230.05999755859375,228.60000610351562,229.6699981689453,199.6078338623047,2103600
VOO,2017-09-28,229.36000061035156,230.00999450683594,229.2899932861328,229.94000244140625,199.84246826171875,1084700
VOO,2017-09-29,229.91000366210938,230.8300018310547,229.74000549316406,230.75999450683594,200.55514526367188,1726200
VOO,2017-10-02,231.0,231.72999572753906,230.91000366210938,231.72999572753906,201.398193359375,1960600
VOO,2017-10-03,231.89999389648438,232.25,231.6699981689453,232.1999969482422,201.80673217773438,1316400
VOO,2017-10-04,232.1199951171875,232.77999877929688,231.97999572753906,232.52000427246094,202.08477783203125,1006700
VOO,2017-10-05,232.86000061035156,233.92999267578125,232.75999450683594,233.89999389648438,203.28414916992188,1471800
VOO,2017-10-06,233.4600067138672,233.6999969482422,233.17999267578125,233.67999267578125,203.09295654296875,1101500
VOO,2017-10-09,233.9199981689453,233.92999267578125,232.97999572753906,233.27000427246094,202.73660278320312,768300
VOO,2017-10-10,233.83999633789062,234.25,233.2899932861328,233.86000061035156,203.24942016601562,1027600
VOO,2017-10-11,233.74000549316406,234.24000549316406,233.60000610351562,234.24000549316406,203.5796661376953,1036400
VOO,2017-10-12,233.8699951171875,234.27000427246094,233.63999938964844,233.8800048828125,203.2667694091797,1079400
VOO,2017-10-13,234.3699951171875,234.47000122070312,234.02000427246094,234.13999938964844,203.49270629882812,1067900
VOO,2017-10-16,234.41000366210938,234.69000244140625,234.0399932861328,234.50999450683594,203.81431579589844,1767300
VOO,2017-10-17,234.47000122070312,234.69000244140625,234.22000122070312,234.66000366210938,203.94471740722656,1332100
VOO,2017-10-18,235.05999755859375,235.08999633789062,234.67999267578125,234.8699951171875,204.12713623046875,1527800
VOO,2017-10-19,234.02999877929688,234.99000549316406,233.6199951171875,234.99000549316406,204.23146057128906,1653600
VOO,2017-10-20,235.8000030517578,236.19000244140625,235.52999877929688,236.16000366210938,205.24835205078125,1296300
VOO,2017-10-23,236.49000549316406,236.49000549316406,235.14999389648438,235.3000030517578,204.50094604492188,1101000
VOO,2017-10-24,235.67999267578125,235.88999938964844,235.27000427246094,235.6300048828125,204.78768920898438,1818400
VOO,2017-10-25,235.3000030517578,235.41000366210938,233.2899932861328,234.5,203.80564880371094,1943400
VOO,2017-10-26,235.10000610351562,235.41000366210938,234.6699981689453,234.72000122070312,203.99685668945312,3298200
VOO,2017-10-27,235.6300048828125,236.8800048828125,235.3000030517578,236.72000122070312,205.7350616455078,2825000
VOO,2017-10-30,235.6300048828125,236.6199951171875,235.52999877929688,235.86000061035156,204.98756408691406,1292500
VOO,2017-10-31,236.25999450683594,236.47000122070312,235.89999389648438,236.1300048828125,205.22230529785156,1357600
VOO,2017-11-01,237.02999877929688,237.38999938964844,236.1300048828125,236.5399932861328,205.57859802246094,2078300
VOO,2017-11-02,236.4499969482422,236.77000427246094,235.32000732421875,236.63999938964844,205.66546630859375,1908100
VOO,2017-11-03,236.8300018310547,237.44000244140625,236.33999633789062,237.42999267578125,206.35214233398438,1934200
VOO,2017-11-06,237.24000549316406,237.88999938964844,237.2100067138672,237.7899932861328,206.66494750976562,1688600
VOO,2017-11-07,237.88999938964844,238.22000122070312,237.11000061035156,237.69000244140625,206.5780792236328,1502700
VOO,2017-11-08,237.41000366210938,238.1199951171875,237.14999389648438,238.0399932861328,206.8822784423828,4711000
VOO,2017-11-09,236.72999572753906,237.33999633789062,235.47999572753906,237.17999267578125,206.1348419189453,1644100
VOO,2017-11-10,236.72000122070312,237.17999267578125,236.39999389648438,237.0399932861328,206.01316833496094,1019000
VOO,2017-11-13,236.3300018310547,237.52000427246094,236.30999755859375,237.32000732421875,206.25648498535156,900000
VOO,2017-11-14,236.44000244140625,236.85000610351562,235.63999938964844,236.74000549316406,205.75245666503906,2763300
VOO,2017-11-15,235.74000549316406,236.24000549316406,234.82000732421875,235.52999877929688,204.7008056640625,2436200
VOO,2017-11-16,236.52000427246094,237.92999267578125,236.5,237.5399932861328,206.4477081298828,1072300
VOO,2017-11-17,237.1699981689453,237.38999938964844,236.7899932861328,236.89999389648438,205.89151000976562,1370500
VOO,2017-11-20,237.1199951171875,237.47000122070312,236.86000061035156,237.2100067138672,206.16094970703125,1420400
VOO,2017-11-21,238.05999755859375,239.0,238.0,238.7899932861328,207.53411865234375,1151500
VOO,2017-11-22,238.86000061035156,238.9499969482422,238.44000244140625,238.6199951171875,207.38632202148438,2143500
VOO,2017-11-24,239.1199951171875,239.27999877929688,238.99000549316406,239.1199951171875,207.82089233398438,1219300
VOO,2017-11-27,239.19000244140625,239.52999877929688,238.8300018310547,239.0500030517578,207.76007080078125,2654000
VOO,2017-11-28,239.58999633789062,241.47999572753906,239.44000244140625,241.4199981689453,209.8198699951172,1800500
VOO,2017-11-29,241.60000610351562,242.17999267578125,240.83999633789062,241.3300018310547,209.74163818359375,2442100
VOO,2017-11-30,242.3000030517578,244.39999389648438,242.22999572753906,243.35000610351562,211.49722290039062,5451700
VOO,2017-12-01,243.25,243.7100067138672,239.52000427246094,242.89999389648438,211.10614013671875,3775600
VOO,2017-12-04,244.6999969482422,245.07000732421875,242.58999633789062,242.63999938964844,210.88018798828125,2162000
VOO,2017-12-05,242.91000366210938,243.5800018310547,241.6300048828125,241.77999877929688,210.1327667236328,1886300
VOO,2017-12-06,241.72999572753906,242.25999450683594,241.3300018310547,241.77000427246094,210.1240692138672,1204800
VOO,2017-12-07,241.69000244140625,242.91000366210938,241.5500030517578,242.57000732421875,210.81930541992188,2670000
VOO,2017-12-08,243.4499969482422,243.9199981689453,243.1999969482422,243.88999938964844,211.966552734375,1685700
VOO,2017-12-11,244.02000427246094,244.7100067138672,243.89999389648438,244.67999267578125,212.6531219482422,2513300
VOO,2017-12-12,244.94000244140625,245.5800018310547,244.69000244140625,245.10000610351562,213.0182342529297,1855000
VOO,2017-12-13,245.36000061035156,245.8000030517578,244.97000122070312,245.0399932861328,212.9659881591797,1808300
VOO,2017-12-14,245.39999389648438,245.47999572753906,244.0,244.07000732421875,212.12301635742188,1932900
VOO,2017-12-15,245.14999389648438,246.5500030517578,245.07000732421875,246.1199951171875,213.9046173095703,3170800
VOO,2017-12-18,247.52000427246094,248.00999450683594,247.4499969482422,247.64999389648438,215.234375,2089600
VOO,2017-12-19,247.9199981689453,247.9499969482422,246.6300048828125,246.75,214.45217895507812,3170300
VOO,2017-12-20,247.72000122070312,247.77000427246094,246.27000427246094,246.55999755859375,214.28704833984375,2570000
VOO,2017-12-21,247.22000122070312,247.80999755859375,246.82000732421875,247.05999755859375,214.72164916992188,2262400
VOO,2017-12-22,247.08999633789062,247.1300048828125,246.44000244140625,247.00999450683594,214.67813110351562,1888500
VOO,2017-12-26,245.66000366210938,245.7100067138672,245.25999450683594,245.5399932861328,214.4284210205078,1492300
VOO,2017-12-27,245.7100067138672,246.02000427246094,245.3800048828125,245.67999267578125,214.55062866210938,1379100
VOO,2017-12-28,246.1300048828125,246.2100067138672,245.77000427246094,246.13999938964844,214.95236206054688,2346700
VOO,2017-12-29,246.75999450683594,246.77000427246094,245.02999877929688,245.2899932861328,214.21011352539062,2326700
VOO,2018-01-02,246.14999389648438,247.08999633789062,245.74000549316406,247.08999633789062,215.78196716308594,2784300
VOO,2018-01-03,247.24000549316406,248.6999969482422,247.17999267578125,248.55999755859375,217.06573486328125,2917700
VOO,2018-01-04,249.27000427246094,250.1199951171875,249.1699981689453,249.64999389648438,218.0176239013672,2918000
VOO,2018-01-05,250.4600067138672,251.39999389648438,249.9499969482422,251.25,219.4148712158203,2190200
VOO,2018-01-08,251.16000366210938,251.8800048828125,250.8699951171875,251.77000427246094,219.86898803710938,2476200
VOO,2018-01-09,252.17999267578125,252.94000244140625,251.91000366210938,252.3000030517578,220.33181762695312,2129800
VOO,2018-01-10,251.50999450683594,252.1699981689453,250.82000732421875,251.8699951171875,219.95631408691406,1953600
VOO,2018-01-11,252.47000122070312,253.72999572753906,252.3300018310547,253.72999572753906,221.5806884765625,2280300
VOO,2018-01-12,254.02999877929688,255.55999755859375,253.89999389648438,255.41000366210938,223.0478057861328,2054900
VOO,2018-01-16,256.7900085449219,257.3999938964844,253.8000030517578,254.47999572753906,222.23562622070312,3719600
VOO,2018-01-17,255.5,257.3500061035156,254.74000549316406,256.94000244140625,224.38392639160156,1867700
VOO,2018-01-18,256.8399963378906,257.2699890136719,256.0199890136719,256.5899963378906,224.07826232910156,3154200
VOO,2018-01-19,257.1499938964844,257.69000244140625,256.5299987792969,257.67999267578125,225.0301513671875,2541200
VOO,2018-01-22,257.45001220703125,259.7799987792969,257.45001220703125,259.75,226.837890625,1607800
VOO,2018-01-23,259.8399963378906,260.6300048828125,259.510009765625,260.3399963378906,227.35311889648438,2161100
VOO,2018-01-24,261.0299987792969,261.6300048828125,259.0199890136719,260.2099914550781,227.23960876464844,2935500
VOO,2018-01-25,261.1700134277344,261.2200012207031,259.5299987792969,260.3299865722656,227.34439086914062,3585600
VOO,2018-01-26,261.3299865722656,263.3699951171875,260.9700012207031,263.3599853515625,229.99049377441406,2857300
VOO,2018-01-29,262.8299865722656,263.25,261.4800109863281,261.5400085449219,228.40106201171875,5145000
VOO,2018-01-30,259.6700134277344,260.3500061035156,258.4599914550781,258.75,225.964599609375,6678900
VOO,2018-01-31,259.8299865722656,260.3800048828125,257.95001220703125,258.989990234375,226.1741943359375,5585800
VOO,2018-02-01,258.2900085449219,260.1199951171875,257.95001220703125,258.7300109863281,225.94711303710938,3125700
VOO,2018-02-02,257.3699951171875,257.5,253.08999633789062,253.19000244140625,221.1090545654297,5532200
VOO,2018-02-05,251.25999450683594,253.47000122070312,241.9199981689453,242.7899932861328,212.02682495117188,8559200
VOO,2018-02-06,238.8000030517578,247.80999755859375,237.6699981689453,247.27999877929688,215.9478759765625,11701700
VOO,2018-02-07,246.7100067138672,250.27999877929688,245.9199981689453,245.92999267578125,214.7689666748047,6240200
VOO,2018-02-08,246.25,246.42999267578125,236.6999969482422,236.7899932861328,206.78709411621094,6985700
VOO,2018-02-09,239.60000610351562,242.1999969482422,232.4199981689453,240.44000244140625,209.97459411621094,9713100
VOO,2018-02-12,242.5,245.32000732421875,240.66000366210938,243.74000549316406,212.8564453125,4236200
VOO,2018-02-13,242.6300048828125,245.0,241.97000122070312,244.55999755859375,213.57254028320312,3077700
VOO,2018-02-14,243.0,248.1199951171875,242.83999633789062,247.75999450683594,216.36709594726562,3650800
VOO,2018-02-15,249.60000610351562,250.97000122070312,246.97999572753906,250.97000122070312,219.17034912109375,2923800
VOO,2018-02-16,250.27000427246094,253.0,250.1699981689453,250.94000244140625,219.14418029785156,3007500
VOO,2018-02-20,250.0,251.50999450683594,248.60000610351562,249.4199981689453,217.81675720214844,3454400
VOO,2018-02-21,249.86000061035156,252.44000244140625,248.11000061035156,248.11000061035156,216.67279052734375,2798000
VOO,2018-02-22,249.1699981689453,250.89999389648438,247.80999755859375,248.41000366210938,216.9347686767578,3177700
VOO,2018-02-23,249.82000732421875,252.49000549316406,249.3000030517578,252.49000549316406,220.49781799316406,2923100
VOO,2018-02-26,253.55999755859375,255.5,252.99000549316406,255.39999389648438,223.03904724121094,1892000
VOO,2018-02-27,255.6300048828125,256.3399963378906,252.13999938964844,252.13999938964844,220.19212341308594,2947100
VOO,2018-02-28,253.3699951171875,253.82000732421875,249.33999633789062,249.33999633789062,217.74693298339844,2716600
VOO,2018-03-01,249.52999877929688,251.02999877929688,244.4499969482422,246.0500030517578,214.873779296875,5182300
VOO,2018-03-02,244.24000549316406,247.86000061035156,243.3300018310547,247.36000061035156,216.01779174804688,3276500
VOO,2018-03-05,246.02000427246094,250.7899932861328,245.9499969482422,250.1999969482422,218.49794006347656,3024600
VOO,2018-03-06,251.22000122070312,251.25,249.22999572753906,250.8300018310547,219.0481414794922,1932000
VOO,2018-03-07,248.5399932861328,251.07000732421875,248.36000061035156,250.72000122070312,218.95204162597656,2730200
VOO,2018-03-08,251.39999389648438,252.02000427246094,250.36000061035156,251.88999938964844,219.9738311767578,3021600
VOO,2018-03-09,253.39999389648438,256.260009765625,253.0500030517578,256.25,223.7813720703125,2450800
VOO,2018-03-12,256.6400146484375,257.25,255.5800018310547,256.0,223.5630645751953,2029200
VOO,2018-03-13,257.20001220703125,257.7099914550781,253.7100067138672,254.30999755859375,222.08717346191406,3080600
VOO,2018-03-14,255.3300018310547,255.50999450683594,252.4600067138672,252.97000122070312,220.91700744628906,2352700
VOO,2018-03-15,253.5500030517578,254.2100067138672,252.22000122070312,252.72999572753906,220.70730590820312,2161500
VOO,2018-03-16,253.22999572753906,254.0800018310547,252.97000122070312,252.99000549316406,220.93446350097656,1554600
VOO,2018-03-19,252.25,252.25999450683594,247.8699951171875,249.61000061035156,217.98269653320312,2715800
VOO,2018-03-20,249.99000549316406,250.66000366210938,249.3300018310547,250.0500030517578,218.36695861816406,1991400
VOO,2018-03-21,249.94000244140625,252.1199951171875,249.30999755859375,249.47000122070312,217.8604278564453,2777300
VOO,2018-03-22,247.11000061035156,248.0800018310547,243.02999877929688,243.27000427246094,212.44602966308594,3589400
VOO,2018-03-23,243.74000549316406,244.08999633789062,237.9199981689453,238.08999633789062,207.92234802246094,3815500
VOO,2018-03-26,240.82000732421875,243.80999755859375,238.32000732421875,243.52999877929688,213.64576721191406,5529000
VOO,2018-03-27,244.47000122070312,245.0399932861328,237.77000427246094,239.30999755859375,209.94361877441406,3363600
VOO,2018-03-28,239.4600067138672,241.22000122070312,237.52999877929688,238.63999938964844,209.35585021972656,4384100
VOO,2018-03-29,239.85000610351562,243.61000061035156,239.0800018310547,242.0800018310547,212.3737335205078,2910800
VOO,2018-04-02,241.19000244140625,241.6999969482422,233.9199981689453,236.47999572753906,207.4608612060547,4696400
VOO,2018-04-03,237.80999755859375,240.0,235.92999267578125,239.47999572753906,210.09275817871094,3287900
VOO,2018-04-04,235.8699951171875,242.80999755859375,235.6999969482422,242.24000549316406,212.51409912109375,4598000
VOO,2018-04-05,243.89999389648438,244.88999938964844,242.8000030517578,243.99000549316406,214.04934692382812,3436600
VOO,2018-04-06,241.94000244140625,243.50999450683594,236.97999572753906,238.6199951171875,209.33831787109375,4931600
VOO,2018-04-09,240.14999389648438,243.25,239.32000732421875,239.58999633789062,210.18927001953125,2956000
VOO,2018-04-10,242.75,244.3800048828125,241.57000732421875,243.5399932861328,213.65455627441406,2903800
VOO,2018-04-11,242.0,243.99000549316406,241.9499969482422,242.25,212.5228729248047,2068300
VOO,2018-04-12,243.7100067138672,245.25,243.47000122070312,244.27999877929688,214.3037567138672,1723600
VOO,2018-04-13,245.83999633789062,245.83999633789062,242.5,243.60000610351562,213.7072296142578,2887700
VOO,2018-04-16,245.27000427246094,246.35000610351562,244.41000366210938,245.5800018310547,215.44422912597656,2149200
VOO,2018-04-17,247.4199981689453,248.80999755859375,246.8800048828125,248.22000122070312,217.76023864746094,2301800
VOO,2018-04-18,248.66000366210938,249.22000122070312,247.94000244140625,248.36000061035156,217.88307189941406,1365100
VOO,2018-04-19,247.6199951171875,247.88999938964844,245.9600067138672,247.0,216.68997192382812,1997100
VOO,2018-04-20,246.9499969482422,247.1300048828125,243.97000122070312,245.0,214.93539428710938,2103900
VOO,2018-04-23,245.5500030517578,246.0800018310547,243.75,244.88999938964844,214.83889770507812,1472600
VOO,2018-04-24,245.97000122070312,246.1199951171875,240.00999450683594,241.5500030517578,211.9087677001953,3653500
VOO,2018-04-25,241.50999450683594,242.6300048828125,239.60000610351562,242.1699981689453,212.45266723632812,2354800
VOO,2018-04-26,243.22000122070312,245.47000122070312,242.77000427246094,244.66000366210938,214.63711547851562,2106800
VOO,2018-04-27,245.22999572753906,245.57000732421875,243.88999938964844,244.9199981689453,214.86520385742188,2178600
VOO,2018-04-30,245.50999450683594,246.0500030517578,242.85000610351562,242.9199981689453,213.11062622070312,2146100
VOO,2018-05-01,242.4499969482422,243.52000427246094,240.75999450683594,243.44000244140625,213.56687927246094,2323100
VOO,2018-05-02,243.2100067138672,244.02000427246094,241.36000061035156,241.77999877929688,212.11053466796875,1636400
VOO,2018-05-03,240.8800048828125,241.89999389648438,237.9199981689453,241.2100067138672,211.61048889160156,2666500
VOO,2018-05-04,240.25,245.05999755859375,239.88999938964844,244.41000366210938,214.4177703857422,1785200
VOO,2018-05-07,245.19000244140625,246.19000244140625,244.4600067138672,245.1699981689453,215.0845489501953,3127200
VOO,2018-05-08,244.8300018310547,245.52999877929688,243.57000732421875,245.16000366210938,215.0757598876953,1924500
VOO,2018-05-09,245.86000061035156,247.89999389648438,245.36000061035156,247.5399932861328,217.1636962890625,1506200
VOO,2018-05-10,248.36000061035156,250.1999969482422,248.25,249.86000061035156,219.19895935058594,1537600
VOO,2018-05-11,250.0399932861328,250.9199981689453,249.47999572753906,250.47000122070312,219.7341766357422,1703500
VOO,2018-05-14,251.1199951171875,251.75999450683594,250.2100067138672,250.75,219.97984313964844,1478200
VOO,2018-05-15,249.5,249.52000427246094,248.05999755859375,249.02999877929688,218.47088623046875,2600600
VOO,2018-05-16,249.0800018310547,250.5399932861328,249.07000732421875,250.08999633789062,219.40081787109375,2588700
VOO,2018-05-17,249.7899932861328,250.99000549316406,249.0800018310547,249.8800048828125,219.21658325195312,1714200
VOO,2018-05-18,249.52999877929688,249.85000610351562,248.88999938964844,249.25999450683594,218.67263793945312,1702800
VOO,2018-05-21,250.77000427246094,251.67999267578125,250.42999267578125,251.08999633789062,220.27804565429688,1262900
VOO,2018-05-22,251.6699981689453,251.94000244140625,250.10000610351562,250.3699951171875,219.64642333984375,1055400
VOO,2018-05-23,249.1199951171875,251.14999389648438,248.9499969482422,251.14999389648438,220.33070373535156,1484100
VOO,2018-05-24,250.74000549316406,251.0,248.75999450683594,250.6699981689453,219.9096221923828,2025300
VOO,2018-05-25,250.0399932861328,250.63999938964844,249.49000549316406,250.0399932861328,219.35690307617188,1654700
VOO,2018-05-29,248.27999877929688,249.0800018310547,245.97000122070312,247.14999389648438,216.8215789794922,4465800
VOO,2018-05-30,248.52999877929688,250.8800048828125,248.42999267578125,250.41000366210938,219.6814727783203,1359700
VOO,2018-05-31,249.99000549316406,250.3000030517578,248.27999877929688,248.7899932861328,218.26034545898438,2378800
VOO,2018-06-01,250.22999572753906,251.64999389648438,250.1699981689453,251.41000366210938,220.55880737304688,1953900
VOO,2018-06-04,252.1699981689453,252.8000030517578,251.9600067138672,252.52000427246094,221.5325927734375,2031500
VOO,2018-06-05,252.66000366210938,253.1300048828125,251.8699951171875,252.8699951171875,221.83966064453125,1491200
VOO,2018-06-06,253.3699951171875,254.9600067138672,252.72000122070312,254.88999938964844,223.61175537109375,2763200
VOO,2018-06-07,255.3699951171875,255.6999969482422,253.8800048828125,254.77000427246094,223.50650024414062,2615900
VOO,2018-06-08,254.36000061035156,255.6199951171875,254.19000244140625,255.57000732421875,224.20831298828125,1517500
VOO,2018-06-11,255.7899932861328,256.6700134277344,255.6999969482422,255.89999389648438,224.49786376953125,2648000
VOO,2018-06-12,256.3900146484375,256.6300048828125,255.60000610351562,256.3299865722656,224.8750457763672,1182200
VOO,2018-06-13,256.5299987792969,256.7699890136719,255.22999572753906,255.30999755859375,223.98020935058594,2507800
VOO,2018-06-14,256.30999755859375,256.6199951171875,255.4600067138672,256.04998779296875,224.62939453125,1913800
VOO,2018-06-15,255.27000427246094,256.07000732421875,254.1300048828125,255.8300018310547,224.4364013671875,2000100
VOO,2018-06-18,254.17999267578125,255.36000061035156,253.7100067138672,255.22000122070312,223.90130615234375,2015800
VOO,2018-06-19,252.8300018310547,254.4600067138672,252.4199981689453,254.25,223.05027770996094,1863300
VOO,2018-06-20,254.97000122070312,255.3699951171875,254.32000732421875,254.7100067138672,223.45387268066406,1578200
VOO,2018-06-21,254.66000366210938,254.6699981689453,252.5800018310547,253.1199951171875,222.05899047851562,4037600
VOO,2018-06-22,254.39999389648438,254.52000427246094,253.32000732421875,253.57000732421875,222.45376586914062,3092000
VOO,2018-06-25,252.3699951171875,252.50999450683594,248.35000610351562,250.05999755859375,219.3744354248047,6690000
VOO,2018-06-26,250.66000366210938,251.52999877929688,249.91000366210938,250.61000061035156,219.85699462890625,2968600
VOO,2018-06-27,251.27000427246094,252.72999572753906,248.42999267578125,248.52999877929688,218.03219604492188,3433800
VOO,2018-06-28,247.3000030517578,249.60000610351562,246.6300048828125,248.8800048828125,219.36050415039062,2638400
VOO,2018-06-29,249.97999572753906,251.36000061035156,249.10000610351562,249.50999450683594,219.915771484375,3711600
VOO,2018-07-02,247.55999755859375,249.88999938964844,247.32000732421875,249.8000030517578,220.1713409423828,1943100
VOO,2018-07-03,250.67999267578125,250.75999450683594,248.44000244140625,248.7899932861328,219.28114318847656,1157900
VOO,2018-07-05,250.07000732421875,250.94000244140625,248.91000366210938,250.9199981689453,221.15850830078125,1948100
VOO,2018-07-06,250.91000366210938,253.38999938964844,250.52000427246094,253.00999450683594,223.0006103515625,2622200
VOO,2018-07-09,254.0500030517578,255.32000732421875,254.00999450683594,255.25,224.9749298095703,3979500
VOO,2018-07-10,255.75,256.29998779296875,255.4499969482422,256.1400146484375,225.7593994140625,1314500
VOO,2018-07-11,254.60000610351562,255.41000366210938,254.02999877929688,254.38999938964844,224.2169189453125,2335100
VOO,2018-07-12,255.66000366210938,256.6600036621094,255.00999450683594,256.57000732421875,226.13836669921875,2874000
VOO,2018-07-13,256.489990234375,257.1600036621094,255.99000549316406,256.7900085449219,226.33229064941406,1814500
VOO,2018-07-16,256.8900146484375,257.010009765625,256.1600036621094,256.6300048828125,226.19125366210938,993500
VOO,2018-07-17,255.85000610351562,258.05999755859375,255.8000030517578,257.7300109863281,227.16079711914062,1825900
VOO,2018-07-18,257.760009765625,258.32000732421875,257.2799987792969,258.20001220703125,227.57505798339844,2606800
VOO,2018-07-19,257.5,257.8999938964844,256.75,257.2200012207031,226.71127319335938,2050500
VOO,2018-07-20,257.0,257.6499938964844,256.7799987792969,256.9800109863281,226.499755859375,2710700
VOO,2018-07-23,256.7300109863281,257.6099853515625,256.3999938964844,257.4700012207031,226.93162536621094,1447000
VOO,2018-07-24,258.8399963378906,259.57000732421875,257.82000732421875,258.67999267578125,227.99807739257812,2916000
VOO,2018-07-25,258.5400085449219,261.25,258.42999267578125,261.04998779296875,230.08694458007812,2608700
VOO,2018-07-26,260.1400146484375,261.010009765625,260.1000061035156,260.2799987792969,229.4082794189453,2166500
VOO,2018-07-27,260.7300109863281,260.739990234375,257.5799865722656,258.5899963378906,227.9187774658203,2666200
VOO,2018-07-30,258.6000061035156,258.7799987792969,256.6400146484375,257.1000061035156,226.60549926757812,1601400
VOO,2018-07-31,258.0199890136719,259.0899963378906,257.6000061035156,258.3999938964844,227.75128173828125,1992500
VOO,2018-08-01,258.6400146484375,259.19000244140625,257.3500061035156,258.0799865722656,227.4692840576172,1651700
VOO,2018-08-02,256.7300109863281,259.6000061035156,256.4800109863281,259.3900146484375,228.62391662597656,1767300
VOO,2018-08-03,259.6000061035156,260.6600036621094,259.3900146484375,260.6600036621094,229.74330139160156,2017600
VOO,2018-08-06,260.55999755859375,261.8299865722656,260.20001220703125,261.6400146484375,230.60699462890625,1843000
VOO,2018-08-07,262.20001220703125,262.7799987792969,262.0799865722656,262.3699951171875,231.2504119873047,2619200
VOO,2018-08-08,262.2300109863281,262.6700134277344,261.7900085449219,262.2300109863281,231.12704467773438,1560400
VOO,2018-08-09,262.3299865722656,262.739990234375,261.760009765625,261.8999938964844,230.83624267578125,1084400
VOO,2018-08-10,260.3599853515625,260.9599914550781,259.42999267578125,260.1199951171875,229.26730346679688,2395500
VOO,2018-08-13,260.4100036621094,261.07000732421875,258.8999938964844,259.1400146484375,228.40357971191406,3684700
VOO,2018-08-14,259.94000244140625,261.07000732421875,259.54998779296875,260.80999755859375,229.87538146972656,1531800
VOO,2018-08-15,259.42999267578125,259.54998779296875,257.3900146484375,258.8900146484375,228.18316650390625,2587800
VOO,2018-08-16,260.3599853515625,261.8900146484375,260.3500061035156,260.989990234375,230.0341339111328,1693100
VOO,2018-08-17,260.7099914550781,262.3800048828125,260.3500061035156,261.8599853515625,230.80084228515625,2278800
VOO,2018-08-20,262.3999938964844,262.739990234375,261.8999938964844,262.44000244140625,231.3121337890625,1245500
VOO,2018-08-21,263.010009765625,263.9700012207031,262.8599853515625,263.010009765625,231.8145751953125,1937900
VOO,2018-08-22,262.6400146484375,263.45001220703125,262.3900146484375,262.92999267578125,231.74398803710938,1708100
VOO,2018-08-23,262.67999267578125,263.6300048828125,262.2099914550781,262.54998779296875,231.40908813476562,2308100
VOO,2018-08-24,263.1600036621094,264.2900085449219,263.1099853515625,264.20001220703125,232.86338806152344,2328900
VOO,2018-08-27,265.3800048828125,266.3500061035156,265.260009765625,266.19000244140625,234.6173095703125,2371000
VOO,2018-08-28,266.760009765625,266.8299865722656,265.8900146484375,266.3399963378906,234.7495574951172,3026900
VOO,2018-08-29,266.5899963378906,268.04998779296875,266.3399963378906,267.79998779296875,236.03640747070312,2116100
VOO,2018-08-30,267.30999755859375,267.7099914550781,266.1199951171875,266.7099914550781,235.07562255859375,2625500
VOO,2018-08-31,266.3299865722656,267.2200012207031,265.8299865722656,266.7200012207031,235.08447265625,3172400
VOO,2018-09-04,266.3500061035156,266.6600036621094,265.260009765625,266.3500061035156,234.7583465576172,3623300
VOO,2018-09-05,265.9100036621094,266.1300048828125,264.5199890136719,265.6000061035156,234.09735107421875,4595500
VOO,2018-09-06,265.69000244140625,265.989990234375,263.70001220703125,264.82000732421875,233.4098663330078,1687900
VOO,2018-09-07,263.6300048828125,265.260009765625,263.45001220703125,264.17999267578125,232.84567260742188,2634100
VOO,2018-09-10,265.2799987792969,265.57000732421875,264.510009765625,264.67999267578125,233.28646850585938,2832700
VOO,2018-09-11,264.0299987792969,266.04998779296875,263.67999267578125,265.67999267578125,234.16783142089844,3420400
VOO,2018-09-12,265.6099853515625,266.260009765625,264.8299865722656,265.7099914550781,234.19430541992188,3019800
VOO,2018-09-13,266.7799987792969,267.4200134277344,266.4700012207031,267.2200012207031,235.525146484375,2087500
VOO,2018-09-14,267.4700012207031,267.6199951171875,266.4700012207031,267.3599853515625,235.64857482910156,1861000
VOO,2018-09-17,267.2200012207031,267.260009765625,265.5899963378906,265.8500061035156,234.31765747070312,2515300
VOO,2018-09-18,266.1000061035156,267.9200134277344,266.0899963378906,267.29998779296875,235.59573364257812,1823600
VOO,2018-09-19,267.3500061035156,268.0299987792969,267.2300109863281,267.6000061035156,235.86009216308594,2077500
VOO,2018-09-20,268.8900146484375,270.1000061035156,268.7900085449219,269.75,237.75515747070312,3349700
VOO,2018-09-21,270.54998779296875,270.6700134277344,269.3699951171875,269.55999755859375,237.58758544921875,1352500
VOO,2018-09-24,268.92999267578125,269.07000732421875,268.0199890136719,268.6600036621094,236.79443359375,2070900
VOO,2018-09-25,269.1000061035156,269.1700134277344,268.1499938964844,268.3299865722656,236.5035400390625,2360400
VOO,2018-09-26,267.32000732421875,268.5400085449219,265.95001220703125,266.3399963378906,235.810302734375,2568400
VOO,2018-09-27,266.8800048828125,268.239990234375,266.6000061035156,267.0799865722656,236.46542358398438,3077500
VOO,2018-09-28,266.5,267.6499938964844,266.42999267578125,267.04998779296875,236.4388427734375,1774300
VOO,2018-10-01,268.4599914550781,269.17999267578125,267.3900146484375,268.0400085449219,237.31541442871094,1968800
VOO,2018-10-02,267.9700012207031,268.6700134277344,267.54998779296875,268.010009765625,237.28884887695312,3034100
VOO,2018-10-03,269.0199890136719,269.4700012207031,267.7200012207031,268.239990234375,237.49244689941406,2505800
VOO,2018-10-04,267.57000732421875,267.6600036621094,264.3699951171875,266.0400085449219,235.544677734375,5004400
VOO,2018-10-05,266.19000244140625,266.7699890136719,263.0199890136719,264.5400085449219,234.2165985107422,2564700
VOO,2018-10-08,263.7699890136719,264.8500061035156,262.3800048828125,264.4700012207031,234.1546173095703,3219600
VOO,2018-10-09,264.1000061035156,265.45001220703125,263.54998779296875,264.1300048828125,233.85357666015625,2078000
VOO,2018-10-10,263.6199951171875,263.6199951171875,255.3699951171875,255.60000610351562,226.30137634277344,5803900
VOO,2018-10-11,254.80999755859375,256.2900085449219,248.4499969482422,250.22000122070312,221.53805541992188,9037000
VOO,2018-10-12,254.38999938964844,254.63999938964844,250.3000030517578,253.60000610351562,224.5306396484375,7116700
VOO,2018-10-15,253.19000244140625,254.55999755859375,252.0399932861328,252.2100067138672,223.29995727539062,3306200
VOO,2018-10-16,254.13999938964844,258.1000061035156,253.6999969482422,257.5799865722656,228.0543975830078,3308500
VOO,2018-10-17,257.75,258.3399963378906,255.07000732421875,257.6700134277344,228.13414001464844,2845800
VOO,2018-10-18,256.75,257.3500061035156,252.69000244140625,254.0500030517578,224.9290313720703,3046800
VOO,2018-10-19,254.6699981689453,256.6199951171875,253.14999389648438,253.85000610351562,224.7519989013672,2684200
VOO,2018-10-22,254.5500030517578,254.86000061035156,252.1699981689453,252.8000030517578,223.82232666015625,2102000
VOO,2018-10-23,249.0,252.5800018310547,246.83999633789062,251.27999877929688,222.47650146484375,5206500
VOO,2018-10-24,251.19000244140625,251.5500030517578,243.25,243.77999877929688,215.83624267578125,4065700
VOO,2018-10-25,245.7100067138672,249.7899932861328,244.6699981689453,248.14999389648438,219.705322265625,4443800
VOO,2018-10-26,244.33999633789062,246.97999572753906,241.0399932861328,243.75999450683594,215.8185272216797,5278700
VOO,2018-10-29,247.02999877929688,248.35000610351562,238.7899932861328,242.5,214.7029266357422,5126200
VOO,2018-10-30,242.30999755859375,246.3800048828125,241.8000030517578,246.2100067138672,217.98770141601562,3619100
VOO,2018-10-31,248.72000122070312,251.0800018310547,248.27000427246094,248.7899932861328,220.27191162109375,4073400
VOO,2018-11-01,249.6300048828125,251.5399932861328,248.4600067138672,251.3699951171875,222.5562286376953,2870700
VOO,2018-11-02,252.44000244140625,252.89999389648438,247.75,249.80999755859375,221.17507934570312,3184500
VOO,2018-11-05,250.32000732421875,251.7899932861328,249.38999938964844,251.22999572753906,222.43228149414062,1912100
VOO,2018-11-06,251.17999267578125,252.97999572753906,251.1199951171875,252.82000732421875,223.8400115966797,2255200
VOO,2018-11-07,255.07000732421875,258.32000732421875,254.64999389648438,258.1600036621094,228.5679168701172,3090800
VOO,2018-11-08,257.489990234375,258.44000244140625,256.6499938964844,257.7200012207031,228.1783447265625,2466900
VOO,2018-11-09,256.5,256.6400146484375,253.80999755859375,255.33999633789062,226.0711212158203,3078700
VOO,2018-11-12,254.69000244140625,254.9600067138672,249.9499969482422,250.41000366210938,221.7062530517578,2710200
VOO,2018-11-13,250.9600067138672,253.00999450683594,249.27999877929688,249.99000549316406,221.3343963623047,3097000
VOO,2018-11-14,251.9600067138672,252.33999633789062,246.66000366210938,248.27999877929688,219.82044982910156,3619900
VOO,2018-11-15,247.02000427246094,251.38999938964844,245.42999267578125,250.85000610351562,222.0958251953125,3911900
VOO,2018-11-16,249.77000427246094,252.47000122070312,249.25999450683594,251.49000549316406,222.66246032714844,2342800
VOO,2018-11-19,250.94000244140625,251.2100067138672,246.35000610351562,247.32000732421875,218.97044372558594,2973700
VOO,2018-11-20,243.83999633789062,245.32000732421875,241.8300018310547,242.77000427246094,214.94203186035156,5000900
VOO,2018-11-21,244.24000549316406,245.44000244140625,243.52000427246094,243.5800018310547,215.65919494628906,2425500
VOO,2018-11-23,241.8000030517578,243.35000610351562,241.72999572753906,242.00999450683594,214.26913452148438,830900
VOO,2018-11-26,244.22999572753906,245.83999633789062,243.85000610351562,245.8000030517578,217.6247100830078,2498500
VOO,2018-11-27,244.72999572753906,246.60000610351562,244.1199951171875,246.57000732421875,218.3064422607422,2849700
VOO,2018-11-28,247.72000122070312,252.3300018310547,246.75,252.3300018310547,223.40614318847656,3723300
VOO,2018-11-29,251.5399932861328,253.25,250.36000061035156,251.80999755859375,222.94578552246094,3279400
VOO,2018-11-30,251.63999938964844,253.94000244140625,251.35000610351562,253.47999572753906,224.42437744140625,2992800
VOO,2018-12-03,257.6499938964844,257.739990234375,255.05999755859375,256.6099853515625,227.19557189941406,3943500
VOO,2018-12-04,255.85000610351562,256.2699890136719,248.05999755859375,248.64999389648438,220.14804077148438,3837400
VOO,2018-12-06,244.4199981689453,248.08999633789062,241.1300048828125,248.02000427246094,219.59024047851562,7712700
VOO,2018-12-07,247.6300048828125,249.24000549316406,241.3699951171875,242.25999450683594,214.49049377441406,3928400
VOO,2018-12-10,242.0,243.6199951171875,237.6199951171875,242.5500030517578,214.7472381591797,5983700
VOO,2018-12-11,245.9499969482422,246.1199951171875,241.19000244140625,242.6199951171875,214.80921936035156,4543200
VOO,2018-12-12,245.8000030517578,247.16000366210938,243.85000610351562,243.9600067138672,215.99562072753906,4117000
VOO,2018-12-13,244.86000061035156,245.75999450683594,242.6999969482422,243.8800048828125,215.92477416992188,2610800
VOO,2018-12-14,241.64999389648438,242.6300048828125,238.77000427246094,239.3800048828125,211.9406280517578,5088500
VOO,2018-12-17,237.05999755859375,238.22000122070312,231.67999267578125,233.22999572753906,207.61351013183594,6127200
VOO,2018-12-18,235.0,235.67999267578125,231.47999572753906,233.13999938964844,207.5333709716797,4691400
VOO,2018-12-19,233.2100067138672,237.0,227.77999877929688,229.4199981689453,204.22198486328125,8215600
VOO,2018-12-20,228.35000610351562,229.89999389648438,223.5399932861328,225.64999389648438,200.8660430908203,12141900
VOO,2018-12-21,226.74000549316406,229.4600067138672,220.57000732421875,221.16000366210938,196.86920166015625,11811600
VOO,2018-12-24,219.74000549316406,220.8000030517578,215.07000732421875,215.07000732421875,191.44810485839844,8493500
VOO,2018-12-26,216.8800048828125,226.10000610351562,214.8300018310547,225.9499969482422,201.1331024169922,11598000
VOO,2018-12-27,222.9600067138672,228.1199951171875,219.60000610351562,228.0500030517578,203.00241088867188,9578400
VOO,2018-12-28,229.32000732421875,231.07000732421875,226.52000427246094,227.75999450683594,202.7443084716797,7436100
VOO,2018-12-31,229.30999755859375,229.97000122070312,227.4499969482422,229.80999755859375,204.5691680908203,6683900
VOO,2019-01-02,226.17999267578125,230.85000610351562,226.02000427246094,229.99000549316406,204.72940063476562,4891300
VOO,2019-01-03,228.10000610351562,228.4199981689453,223.97000122070312,224.5,199.84237670898438,3329600
VOO,2019-01-04,227.5399932861328,232.6199951171875,227.14999389648438,231.91000366210938,206.4384765625,5100100
VOO,2019-01-07,232.2899932861328,235.22999572753906,231.32000732421875,233.64999389648438,207.98739624023438,3706000
VOO,2019-01-08,236.0500030517578,236.4600067138672,233.42999267578125,235.9199981689453,210.008056640625,3546600
VOO,2019-01-09,236.7100067138672,237.94000244140625,235.4600067138672,237.00999450683594,210.9783172607422,4565000
VOO,2019-01-10,235.64999389648438,238.1699981689453,234.85000610351562,238.0,211.859619140625,2813500
VOO,2019-01-11,236.85000610351562,238.0,236.24000549316406,237.88999938964844,211.76165771484375,2551000
VOO,2019-01-14,236.10000610351562,237.38999938964844,235.69000244140625,236.5800018310547,210.59556579589844,2653400
VOO,2019-01-15,236.97000122070312,239.58999633789062,236.97000122070312,239.35000610351562,213.06129455566406,5103700
VOO,2019-01-16,239.72000122070312,240.77000427246094,239.52000427246094,239.8800048828125,213.5331268310547,4066700
VOO,2019-01-17,239.0,242.5500030517578,238.9499969482422,241.6699981689453,215.1265411376953,3059000
VOO,2019-01-18,243.55999755859375,245.3699951171875,242.75999450683594,244.9199981689453,218.01953125,4943300
VOO,2019-01-22,243.38999938964844,243.5800018310547,239.97000122070312,241.66000366210938,215.11756896972656,5786300
VOO,2019-01-23,242.67999267578125,243.33999633789062,239.5800018310547,242.02000427246094,215.43807983398438,3076400
VOO,2019-01-24,241.89999389648438,242.82000732421875,240.91000366210938,242.25999450683594,215.65170288085938,2197100
VOO,2019-01-25,244.11000061035156,245.11000061035156,243.6699981689453,244.32000732421875,217.48544311523438,3677500
VOO,2019-01-28,242.08999633789062,242.49000549316406,240.6300048828125,242.42999267578125,215.8030242919922,2407800
VOO,2019-01-29,242.5500030517578,243.1199951171875,241.27000427246094,242.1300048828125,215.5360107421875,2436900
VOO,2019-01-30,243.66000366210938,246.77999877929688,242.8800048828125,245.9600067138672,218.9453125,6028400
VOO,2019-01-31,245.86000061035156,248.52999877929688,245.67999267578125,248.00999450683594,220.77015686035156,5308100
VOO,2019-02-01,248.30999755859375,249.2899932861328,247.4600067138672,248.22000122070312,220.95709228515625,3718500
VOO,2019-02-04,248.3000030517578,250.02000427246094,247.58999633789062,249.99000549316406,222.53271484375,2541700
VOO,2019-02-05,250.44000244140625,251.3300018310547,249.9199981689453,251.10000610351562,223.5207977294922,3613300
VOO,2019-02-06,250.75,251.22000122070312,249.9499969482422,250.7899932861328,223.2448272705078,2052200
VOO,2019-02-07,249.0399932861328,249.5800018310547,246.6199951171875,248.3300018310547,221.05499267578125,3907800
VOO,2019-02-08,247.00999450683594,248.7100067138672,246.1999969482422,248.64999389648438,221.33985900878906,2512600
VOO,2019-02-11,249.27999877929688,249.50999450683594,248.22000122070312,248.77999877929688,221.4556427001953,2986600
VOO,2019-02-12,250.3800048828125,252.36000061035156,250.33999633789062,252.0,224.3218994140625,5980500
VOO,2019-02-13,252.82000732421875,253.66000366210938,252.38999938964844,252.75999450683594,224.99847412109375,3569100
VOO,2019-02-14,251.64999389648438,253.36000061035156,250.8300018310547,252.1999969482422,224.49996948242188,3247800
VOO,2019-02-15,254.02999877929688,255.0,253.80999755859375,254.97999572753906,226.9746551513672,2806600
VOO,2019-02-19,254.14999389648438,256.0899963378906,254.14999389648438,255.4199981689453,227.36630249023438,2509300
VOO,2019-02-20,255.41000366210938,256.3800048828125,254.88999938964844,256.010009765625,227.89149475097656,2156300
VOO,2019-02-21,255.3300018310547,255.63999938964844,254.0399932861328,255.0800018310547,227.0636444091797,2020000
VOO,2019-02-22,255.69000244140625,256.80999755859375,255.4499969482422,256.6099853515625,228.42559814453125,2119400
VOO,2019-02-25,258.0899963378906,258.6099853515625,256.8800048828125,256.989990234375,228.76385498046875,2941300
VOO,2019-02-26,256.54998779296875,257.6400146484375,256.4100036621094,256.79998779296875,228.59469604492188,4629600
VOO,2019-02-27,256.05999755859375,257.0199890136719,255.10000610351562,256.6700134277344,228.47903442382812,2136400
VOO,2019-02-28,256.4200134277344,256.8800048828125,255.85000610351562,256.07000732421875,227.94488525390625,2207000
VOO,2019-03-01,257.80999755859375,258.2099914550781,256.3299865722656,257.8299865722656,229.5115966796875,2867000
VOO,2019-03-04,258.8699951171875,259.1000061035156,254.49000549316406,256.8399963378906,228.63031005859375,3384200
VOO,2019-03-05,256.989990234375,257.1700134277344,255.9600067138672,256.5400085449219,228.36329650878906,2475900
VOO,2019-03-06,256.6199951171875,256.6199951171875,254.60000610351562,254.89999389648438,226.90338134765625,2514900
VOO,2019-03-07,254.47999572753906,254.60000610351562,251.9499969482422,252.85000610351562,225.07859802246094,6441200
VOO,2019-03-08,250.8800048828125,252.4499969482422,250.33999633789062,252.33999633789062,224.62452697753906,4522300
VOO,2019-03-11,253.0399932861328,256.1199951171875,253.02000427246094,256.0199890136719,227.90040588378906,1884200
VOO,2019-03-12,256.5199890136719,257.4599914550781,256.3699951171875,256.92999267578125,228.71044921875,2271900
VOO,2019-03-13,257.8399963378906,259.5899963378906,257.69000244140625,258.67999267578125,230.2681884765625,1974300
VOO,2019-03-14,258.67999267578125,259.1199951171875,258.0400085449219,258.5899963378906,230.18809509277344,1557500
VOO,2019-03-15,259.0199890136719,260.57000732421875,258.8699951171875,259.8500061035156,231.30975341796875,3151200
VOO,2019-03-18,260.0,260.989990234375,259.7699890136719,260.7799987792969,232.1376190185547,1830000
VOO,2019-03-19,261.80999755859375,262.5899963378906,259.8800048828125,260.8599853515625,232.2088165283203,4061800
VOO,2019-03-20,260.5400085449219,261.7699890136719,258.8399963378906,259.92999267578125,231.3809356689453,3415200
VOO,2019-03-21,257.67999267578125,261.8599853515625,257.67999267578125,261.42999267578125,234.02615356445312,2968300
VOO,2019-03-22,260.07000732421875,260.6099853515625,256.3699951171875,256.4599914550781,229.57713317871094,4317400
VOO,2019-03-25,256.0899963378906,257.2799987792969,254.9499969482422,256.2300109863281,229.3712921142578,2893600
VOO,2019-03-26,258.010009765625,259.1199951171875,256.7300109863281,258.0799865722656,231.02735900878906,3177600
VOO,2019-03-27,258.1499938964844,258.7300109863281,255.22999572753906,256.8800048828125,229.95314025878906,2714300
VOO,2019-03-28,257.45001220703125,258.2200012207031,256.2699890136719,257.8800048828125,230.84832763671875,1716700
VOO,2019-03-29,259.3399963378906,259.7200012207031,258.17999267578125,259.5400085449219,232.33433532714844,2831100
VOO,2019-04-01,261.4599914550781,262.7799987792969,261.19000244140625,262.5299987792969,235.01089477539062,3303900
VOO,2019-04-02,262.6700134277344,262.8500061035156,261.80999755859375,262.6199951171875,235.09146118164062,1512600
VOO,2019-04-03,263.8699951171875,264.25,262.3999938964844,263.1099853515625,235.53004455566406,1933900
VOO,2019-04-04,263.3699951171875,263.9599914550781,262.6700134277344,263.739990234375,236.09405517578125,1738500
VOO,2019-04-05,264.4200134277344,265.05999755859375,264.1199951171875,265.010009765625,237.23095703125,1505000
VOO,2019-04-08,264.57000732421875,265.30999755859375,263.9100036621094,265.239990234375,237.4368438720703,1720100
VOO,2019-04-09,264.2200012207031,264.5400085449219,263.2900085449219,263.8299865722656,236.17457580566406,2016900
VOO,2019-04-10,264.25,264.8399963378906,263.8500061035156,264.739990234375,236.98922729492188,2990600
VOO,2019-04-11,265.239990234375,265.239990234375,264.0899963378906,264.69000244140625,236.94448852539062,1567700
VOO,2019-04-12,266.3299865722656,266.7699890136719,265.6300048828125,266.4800109863281,238.546875,1903400
VOO,2019-04-15,266.57000732421875,266.6400146484375,265.4700012207031,266.29998779296875,238.38568115234375,1584500
VOO,2019-04-16,267.20001220703125,267.239990234375,265.8599853515625,266.489990234375,238.55581665039062,2447700
VOO,2019-04-17,267.5899963378906,267.6099853515625,265.3999938964844,265.8399963378906,237.97398376464844,1872400
VOO,2019-04-18,266.44000244140625,266.6000061035156,265.0799865722656,266.3399963378906,238.42152404785156,2788900
VOO,2019-04-22,265.55999755859375,266.7099914550781,265.4700012207031,266.6000061035156,238.654296875,1126500
VOO,2019-04-23,266.9599914550781,269.19000244140625,266.7099914550781,268.8999938964844,240.7132110595703,2618300
VOO,2019-04-24,268.8900146484375,269.2099914550781,268.2300109863281,268.3699951171875,240.23873901367188,1393400
VOO,2019-04-25,268.2799987792969,268.8800048828125,266.9800109863281,268.2699890136719,240.14918518066406,1237400
VOO,2019-04-26,268.2799987792969,269.5400085449219,267.4599914550781,269.5,241.25030517578125,2172600
VOO,2019-04-29,269.55999755859375,270.4100036621094,269.4599914550781,269.8399963378906,241.55459594726562,1892500
VOO,2019-04-30,269.55999755859375,270.30999755859375,268.1099853515625,270.010009765625,241.706787109375,2024600
VOO,2019-05-01,270.67999267578125,270.8699951171875,268.0,268.0400085449219,239.94332885742188,2669400
VOO,2019-05-02,267.8800048828125,268.79998779296875,265.92999267578125,267.510009765625,239.4689178466797,3009000
VOO,2019-05-03,268.9200134277344,270.32000732421875,268.70001220703125,270.04998779296875,241.7425994873047,1969000
VOO,2019-05-06,265.6499938964844,269.3599853515625,265.30999755859375,268.9800109863281,240.78472900390625,3966900
VOO,2019-05-07,266.4800109863281,267.0799865722656,262.4800109863281,264.6199951171875,236.88182067871094,4752500
VOO,2019-05-08,264.1400146484375,265.82000732421875,263.4700012207031,264.1000061035156,236.41636657714844,2662500
VOO,2019-05-09,261.94000244140625,263.8399963378906,260.20001220703125,263.2900085449219,235.69125366210938,3094800
VOO,2019-05-10,262.3699951171875,265.3800048828125,259.2699890136719,264.5199890136719,236.7923126220703,3131900
VOO,2019-05-13,259.3699951171875,260.3399963378906,257.07000732421875,258.0299987792969,230.9826202392578,5548200
VOO,2019-05-14,258.989990234375,261.82000732421875,258.8399963378906,260.2699890136719,232.98780822753906,4702600
VOO,2019-05-15,258.6300048828125,262.45001220703125,258.3999938964844,261.80999755859375,234.36634826660156,2444100
VOO,2019-05-16,262.4700012207031,265.6000061035156,262.45001220703125,264.2099914550781,236.51480102539062,3221500
VOO,2019-05-17,261.8900146484375,265.0199890136719,261.8599853515625,262.6099853515625,235.0824737548828,2719500
VOO,2019-05-20,260.8999938964844,262.1099853515625,260.0199890136719,260.82000732421875,233.48011779785156,2762600
VOO,2019-05-21,262.5,263.510009765625,262.25,263.0299987792969,235.45851135253906,2760500
VOO,2019-05-22,262.1199951171875,263.2900085449219,261.8699951171875,262.30999755859375,234.81394958496094,3421500
VOO,2019-05-23,260.0799865722656,260.1000061035156,257.67999267578125,259.239990234375,232.06576538085938,3813200
VOO,2019-05-24,260.6000061035156,260.989990234375,259.05999755859375,259.69000244140625,232.46861267089844,1833100
VOO,2019-05-28,259.9599914550781,260.9599914550781,257.2900085449219,257.3599853515625,230.38279724121094,2565900
VOO,2019-05-29,256.1300048828125,256.5199890136719,254.10000610351562,255.58999633789062,228.79833984375,4593500
VOO,2019-05-30,256.2799987792969,257.17999267578125,255.13999938964844,256.29998779296875,229.43392944335938,2977200
VOO,2019-05-31,253.6300048828125,254.49000549316406,252.77000427246094,252.8699951171875,226.3634796142578,3698600
VOO,2019-06-03,252.8300018310547,253.9600067138672,250.77000427246094,252.1199951171875,225.69212341308594,3825600
VOO,2019-06-04,254.47999572753906,257.760009765625,254.02999877929688,257.6700134277344,230.66033935546875,3536300
VOO,2019-06-05,259.239990234375,259.8800048828125,257.4200134277344,259.8500061035156,232.61183166503906,2646500
VOO,2019-06-06,260.1700134277344,262.260009765625,259.510009765625,261.5400085449219,234.1247100830078,2277500
VOO,2019-06-07,262.6199951171875,265.2900085449219,262.45001220703125,264.1499938964844,236.4610595703125,1877400
VOO,2019-06-10,265.760009765625,267.1000061035156,265.29998779296875,265.3900146484375,237.5711212158203,2845900
VOO,2019-06-11,267.25,267.6499938964844,264.69000244140625,265.3399963378906,237.5264129638672,1894500
VOO,2019-06-12,265.1199951171875,265.70001220703125,264.3599853515625,264.8399963378906,237.0787811279297,1711900
VOO,2019-06-13,265.82000732421875,266.3599853515625,265.1099853515625,266.0199890136719,238.1350555419922,1813700
VOO,2019-06-14,265.7099914550781,266.2900085449219,264.9100036621094,265.6199951171875,237.77703857421875,1203300
VOO,2019-06-17,265.94000244140625,266.55999755859375,265.6199951171875,265.8599853515625,237.99185180664062,1782500
VOO,2019-06-18,267.6499938964844,269.6600036621094,267.29998779296875,268.510009765625,240.3640899658203,2340700
VOO,2019-06-19,268.739990234375,269.7200012207031,267.760009765625,269.2200012207031,240.99951171875,1684500
VOO,2019-06-20,271.94000244140625,272.19000244140625,269.7300109863281,271.7300109863281,243.24655151367188,3288100
VOO,2019-06-21,271.5299987792969,272.7900085449219,271.1700134277344,271.4100036621094,242.96006774902344,2226000
VOO,2019-06-24,271.5899963378906,271.9200134277344,270.8999938964844,271.05999755859375,242.64683532714844,3518400
VOO,2019-06-25,271.1000061035156,271.1300048828125,268.2699890136719,268.3800048828125,240.2477264404297,2287100
VOO,2019-06-26,269.29998779296875,269.82000732421875,268.0199890136719,268.1199951171875,240.0149688720703,2988700
VOO,2019-06-27,267.489990234375,268.19000244140625,267.1700134277344,267.6700134277344,240.85714721679688,2054600
VOO,2019-06-28,268.70001220703125,269.54998779296875,268.17999267578125,269.1499938964844,242.18896484375,2883300
VOO,2019-07-01,272.4599914550781,272.6499938964844,270.29998779296875,271.44000244140625,244.24957275390625,4497900
VOO,2019-07-02,271.4700012207031,272.25,270.6199951171875,272.2300109863281,244.96044921875,3040700
VOO,2019-07-03,272.9100036621094,274.3699951171875,272.760009765625,274.32000732421875,246.8410186767578,2335800
VOO,2019-07-05,273.1400146484375,274.25,271.8599853515625,273.9700012207031,246.52613830566406,3362500
VOO,2019-07-08,272.7900085449219,273.05999755859375,272.0299987792969,272.6000061035156,245.2933349609375,3131800
VOO,2019-07-09,271.3999938964844,273.2200012207031,271.3399963378906,272.94000244140625,245.5992431640625,2532900
VOO,2019-07-10,274.0199890136719,275.19000244140625,273.4599914550781,274.2099914550781,246.74200439453125,2853200
VOO,2019-07-11,274.8699951171875,275.1099853515625,273.8500061035156,274.760009765625,247.23704528808594,2249400
VOO,2019-07-12,275.3900146484375,276.19000244140625,275.05999755859375,276.1099853515625,248.45162963867188,2932300
VOO,2019-07-15,276.5299987792969,276.54998779296875,275.7099914550781,276.17999267578125,248.51470947265625,1466200
VOO,2019-07-16,276.1199951171875,276.2699890136719,274.989990234375,275.2799987792969,247.7048797607422,1564000
VOO,2019-07-17,275.2799987792969,275.3999938964844,273.4200134277344,273.4200134277344,246.03125,1758100
VOO,2019-07-18,272.9100036621094,274.7900085449219,272.4700012207031,274.4200134277344,246.93104553222656,3461100
VOO,2019-07-19,275.5199890136719,275.5400085449219,272.70001220703125,272.95001220703125,245.60826110839844,2319400
VOO,2019-07-22,273.32000732421875,274.1099853515625,272.7900085449219,273.6099853515625,246.20217895507812,1304100
VOO,2019-07-23,274.7099914550781,275.5,273.8900146484375,275.489990234375,247.89381408691406,1753000
VOO,2019-07-24,274.7799987792969,276.7900085449219,274.6700134277344,276.760009765625,249.03660583496094,1669900
VOO,2019-07-25,276.4100036621094,276.4100036621094,274.67999267578125,275.4100036621094,247.82183837890625,1874200
VOO,2019-07-26,276.20001220703125,277.54998779296875,276.1000061035156,277.3800048828125,249.5945281982422,1796900
VOO,2019-07-29,277.2300109863281,277.2699890136719,276.260009765625,276.8800048828125,249.1446075439453,2925900
VOO,2019-07-30,275.45001220703125,276.55999755859375,275.0400085449219,276.2099914550781,248.541748046875,1751100
VOO,2019-07-31,276.3900146484375,276.6099853515625,271.07000732421875,273.0799865722656,245.7252655029297,4910000
VOO,2019-08-01,273.2799987792969,276.2799987792969,269.94000244140625,270.7900085449219,243.6646270751953,6921000
VOO,2019-08-02,269.8900146484375,270.0799865722656,267.1499938964844,268.80999755859375,241.88291931152344,5310400
VOO,2019-08-05,264.57000732421875,264.67999267578125,258.70001220703125,260.8800048828125,234.747314453125,7354000
VOO,2019-08-06,262.5299987792969,264.4700012207031,261.05999755859375,264.239990234375,237.770751953125,4366800
VOO,2019-08-07,261.1600036621094,265.2300109863281,258.989990234375,264.4200134277344,237.93272399902344,4261200
VOO,2019-08-08,266.0,269.5899963378906,265.3999938964844,269.5799865722656,242.5758056640625,3618800
VOO,2019-08-09,268.7200012207031,269.2900085449219,266.0,267.70001220703125,240.8842010498047,2616300
VOO,2019-08-12,266.239990234375,266.7900085449219,263.57000732421875,264.55999755859375,238.05873107910156,2104500
VOO,2019-08-13,264.2200012207031,270.1000061035156,263.9100036621094,268.6600036621094,241.748046875,3402300
VOO,2019-08-14,264.55999755859375,265.1499938964844,260.57000732421875,260.57000732421875,234.46844482421875,4354800
VOO,2019-08-15,261.6199951171875,262.2699890136719,259.3399963378906,261.3900146484375,235.20626831054688,2775200
VOO,2019-08-16,263.07000732421875,265.67999267578125,263.0199890136719,265.2200012207031,238.65261840820312,2432700
VOO,2019-08-19,268.3599853515625,269.1400146484375,267.6400146484375,268.4800109863281,241.58602905273438,1430800
VOO,2019-08-20,267.9800109863281,268.489990234375,266.2900085449219,266.3999938964844,239.7144012451172,1865000
VOO,2019-08-21,268.5799865722656,268.92999267578125,267.9200134277344,268.55999755859375,241.6580352783203,2007400
VOO,2019-08-22,269.2799987792969,269.9100036621094,266.70001220703125,268.4599914550781,241.56802368164062,1883700
VOO,2019-08-23,267.19000244140625,268.8399963378906,260.3299865722656,261.57000732421875,235.3682403564453,4184200
VOO,2019-08-26,263.80999755859375,264.4700012207031,262.2699890136719,264.4700012207031,237.97772216796875,2260000
VOO,2019-08-27,265.9200134277344,266.260009765625,262.7099914550781,263.42999267578125,237.0419158935547,2490400
VOO,2019-08-28,262.7300109863281,265.45001220703125,262.0,265.260009765625,238.68862915039062,3124000
VOO,2019-08-29,267.9100036621094,269.2300109863281,266.8999938964844,268.7099914550781,241.79306030273438,3128700
VOO,2019-08-30,270.1499938964844,270.2099914550781,267.6600036621094,268.6000061035156,241.69403076171875,4209200
VOO,2019-09-03,266.8299865722656,267.79998779296875,265.67999267578125,267.1099853515625,240.35324096679688,3368500
VOO,2019-09-04,269.25,270.05999755859375,268.4800109863281,269.9700012207031,242.92677307128906,1486100
VOO,2019-09-05,272.57000732421875,274.44000244140625,272.4599914550781,273.5400085449219,246.13922119140625,1755800
VOO,2019-09-06,273.92999267578125,274.3900146484375,273.19000244140625,273.739990234375,246.3191680908203,1890800
VOO,2019-09-09,274.79998779296875,274.8299865722656,272.9599914550781,273.80999755859375,246.38211059570312,2158500
VOO,2019-09-10,273.1099853515625,273.8800048828125,271.8699951171875,273.8699951171875,246.4360809326172,1870400
VOO,2019-09-11,274.1499938964844,275.8399963378906,273.5,275.8399963378906,248.2088165283203,2080300
VOO,2019-09-12,276.7099914550781,277.79998779296875,275.94000244140625,276.6499938964844,248.9376220703125,2433700
VOO,2019-09-13,277.2099914550781,277.5400085449219,276.1499938964844,276.5799865722656,248.8746337890625,2292000
VOO,2019-09-16,275.3800048828125,276.1000061035156,275.0400085449219,275.6700134277344,248.05580139160156,1432400
VOO,2019-09-17,275.4599914550781,276.4800109863281,275.3399963378906,276.4200134277344,248.7306671142578,1789200
VOO,2019-09-18,276.0,276.67999267578125,273.95001220703125,276.5899963378906,248.88369750976562,2028700
VOO,2019-09-19,277.0,277.9800109863281,276.2300109863281,276.5299987792969,248.82960510253906,2267900
VOO,2019-09-20,277.17999267578125,277.4100036621094,274.5,275.04998779296875,247.49790954589844,2052700
VOO,2019-09-23,274.5899963378906,275.8999938964844,274.3299865722656,275.239990234375,247.66888427734375,1286400
VOO,2019-09-24,276.30999755859375,276.67999267578125,272.05999755859375,272.9599914550781,245.6172637939453,5124900
VOO,2019-09-25,273.0799865722656,275.0799865722656,271.6000061035156,274.6300048828125,247.11996459960938,2649200
VOO,2019-09-26,273.3399963378906,273.54998779296875,271.3500061035156,272.7900085449219,246.63267517089844,2355000
VOO,2019-09-27,273.55999755859375,273.5899963378906,269.7200012207031,271.260009765625,245.24940490722656,2836500
VOO,2019-09-30,271.82000732421875,273.2699890136719,271.7900085449219,272.6000061035156,246.4608612060547,2735200
VOO,2019-10-01,273.44000244140625,274.0799865722656,269.0899963378906,269.32000732421875,243.49534606933594,3696000
VOO,2019-10-02,267.7300109863281,267.7300109863281,263.25,264.57000732421875,239.2008819580078,4463500
VOO,2019-10-03,264.3500061035156,266.7300109863281,261.5899963378906,266.6700134277344,241.0994873046875,2988800
VOO,2019-10-04,267.45001220703125,270.55999755859375,267.3599853515625,270.3699951171875,244.44467163085938,1907800
VOO,2019-10-07,269.55999755859375,271.1600036621094,268.8999938964844,269.2099914550781,243.3959503173828,1821900
VOO,2019-10-08,267.2799987792969,268.0199890136719,264.9599914550781,265.0299987792969,239.61679077148438,2153100
VOO,2019-10-09,267.0400085449219,268.44000244140625,266.3900146484375,267.5,241.8498992919922,1921200
VOO,2019-10-10,267.4200134277344,270.20001220703125,267.25,269.32000732421875,243.49534606933594,1559300
VOO,2019-10-11,272.1000061035156,274.3500061035156,271.94000244140625,272.1300048828125,246.03591918945312,2806500
VOO,2019-10-14,271.7900085449219,272.45001220703125,271.4800109863281,271.8800048828125,245.80995178222656,1215500
VOO,2019-10-15,272.8699951171875,275.25,272.7699890136719,274.510009765625,248.1877899169922,1783800
VOO,2019-10-16,274.07000732421875,274.7300109863281,273.6199951171875,274.0799865722656,247.79898071289062,1150800
VOO,2019-10-17,275.239990234375,275.7200012207031,274.19000244140625,274.82000732421875,248.468017578125,3100600
VOO,2019-10-18,274.3599853515625,274.9700012207031,272.80999755859375,273.69000244140625,247.4464569091797,1152200
VOO,2019-10-21,275.04998779296875,275.7200012207031,274.57000732421875,275.6000061035156,249.17324829101562,3017500
VOO,2019-10-22,276.0899963378906,276.3299865722656,274.5199890136719,274.6300048828125,248.29617309570312,1601500
VOO,2019-10-23,274.4100036621094,275.4800109863281,274.17999267578125,275.44000244140625,249.028564453125,1296500
VOO,2019-10-24,276.3800048828125,276.510009765625,275.04998779296875,275.8900146484375,249.4354248046875,2220600
VOO,2019-10-25,275.3299865722656,277.5400085449219,275.2799987792969,277.0400085449219,250.4751434326172,5500900
VOO,2019-10-28,278.2200012207031,279.07000732421875,278.2200012207031,278.6499938964844,251.93077087402344,1795900
VOO,2019-10-29,278.32000732421875,279.42999267578125,278.17999267578125,278.4700012207031,251.76800537109375,1599200
VOO,2019-10-30,278.69000244140625,279.69000244140625,277.3800048828125,279.45001220703125,252.65399169921875,1811300
VOO,2019-10-31,279.3500061035156,279.3500061035156,277.1499938964844,278.54998779296875,251.84034729003906,2312100
VOO,2019-11-01,280.04998779296875,281.2099914550781,279.9100036621094,281.20001220703125,254.23631286621094,2361900
VOO,2019-11-04,282.7900085449219,282.8999938964844,281.9599914550781,282.32000732421875,255.2488555908203,3797500
VOO,2019-11-05,282.5799865722656,282.82000732421875,281.7099914550781,281.9599914550781,254.92343139648438,2995600
VOO,2019-11-06,282.0400085449219,282.3399963378906,281.1199951171875,282.1099853515625,255.05899047851562,1457200
VOO,2019-11-07,283.4599914550781,284.2300109863281,282.5799865722656,283.1099853515625,255.9630889892578,2689600
VOO,2019-11-08,282.739990234375,283.79998779296875,282.0,283.79998779296875,256.5869445800781,2328700
VOO,2019-11-11,282.42999267578125,283.3699951171875,282.239990234375,283.25,256.08966064453125,1123700
VOO,2019-11-12,283.5799865722656,284.7200012207031,283.0299987792969,283.80999755859375,256.59600830078125,1737600
VOO,2019-11-13,282.8299865722656,284.32000732421875,282.5899963378906,283.92999267578125,256.70452880859375,1721400
VOO,2019-11-14,283.6400146484375,284.3999938964844,282.989990234375,284.30999755859375,257.048095703125,2244000
VOO,2019-11-15,285.6400146484375,286.42999267578125,285.0,286.42999267578125,258.9647216796875,1892400
VOO,2019-11-18,286.17999267578125,286.8500061035156,285.7099914550781,286.6099853515625,259.1275329589844,2278500
VOO,2019-11-19,287.239990234375,287.239990234375,285.8800048828125,286.4700012207031,259.0008850097656,3212500
VOO,2019-11-20,285.9100036621094,286.4200134277344,283.8900146484375,285.4599914550781,258.0877685546875,2816300
VOO,2019-11-21,285.5199890136719,285.6400146484375,284.1700134277344,285.0199890136719,257.68988037109375,2307200
VOO,2019-11-22,285.75,285.8599853515625,284.6000061035156,285.6499938964844,258.25958251953125,1266500
VOO,2019-11-25,286.6000061035156,287.8399963378906,286.57000732421875,287.82000732421875,260.2214660644531,2040300
VOO,2019-11-26,287.9100036621094,288.67999267578125,287.57000732421875,288.3999938964844,260.7459411621094,1795700
VOO,2019-11-27,289.05999755859375,289.7799987792969,288.760009765625,289.760009765625,261.9754943847656,1631500
VOO,2019-11-29,289.25,289.4800109863281,288.4800109863281,288.6499938964844,260.9719543457031,1988500
VOO,2019-12-02,289.0299987792969,289.0299987792969,285.8399963378906,286.29998779296875,258.84716796875,4416100
VOO,2019-12-03,283.5199890136719,284.42999267578125,282.1000061035156,284.2900085449219,257.030029296875,3236000
VOO,2019-12-04,285.4100036621094,286.70001220703125,285.07000732421875,286.1099853515625,258.6753845214844,3188800
VOO,2019-12-05,286.8299865722656,286.8299865722656,285.2900085449219,286.6400146484375,259.15460205078125,1597200
VOO,2019-12-06,288.5799865722656,289.6499938964844,288.54998779296875,289.19000244140625,261.46002197265625,1609400
VOO,2019-12-09,288.8699951171875,289.5199890136719,288.2699890136719,288.30999755859375,260.6644592285156,1478900
VOO,2019-12-10,288.30999755859375,288.94000244140625,287.3500061035156,288.0400085449219,260.4203796386719,1822700
VOO,2019-12-11,288.45001220703125,289.0799865722656,288.0799865722656,288.7900085449219,261.098388671875,1835400
VOO,2019-12-12,288.8500061035156,292.1000061035156,288.6099853515625,291.3299865722656,263.3948974609375,3276600
VOO,2019-12-13,291.0899963378906,292.760009765625,290.29998779296875,291.44000244140625,263.49432373046875,3519600
VOO,2019-12-16,293.260009765625,294.1099853515625,293.2200012207031,293.5,265.3567810058594,3141900
VOO,2019-12-17,293.989990234375,294.19000244140625,293.5,293.55999755859375,265.4111022949219,3658200
VOO,2019-12-18,294.0199890136719,294.2200012207031,293.57000732421875,293.5799865722656,265.4291076660156,3294400
VOO,2019-12-19,293.7799987792969,294.8800048828125,293.75,294.79998779296875,266.5320739746094,2331600
VOO,2019-12-20,295.8900146484375,296.760009765625,295.7799987792969,296.29998779296875,267.8883972167969,4985600
VOO,2019-12-23,295.489990234375,295.5299987792969,294.989990234375,295.1600036621094,268.1508483886719,2325200
VOO,2019-12-24,295.3599853515625,295.3999938964844,294.8500061035156,295.1600036621094,268.1508483886719,1305900
VOO,2019-12-26,295.55999755859375,296.69000244140625,295.5199890136719,296.6700134277344,269.52276611328125,2390300
VOO,2019-12-27,297.510009765625,297.510009765625,296.1499938964844,296.6700134277344,269.52276611328125,2225400
VOO,2019-12-30,296.75,296.8399963378906,294.510009765625,295.0400085449219,268.0418395996094,2345400
VOO,2019-12-31,294.5299987792969,295.989990234375,294.1700134277344,295.79998779296875,268.7322692871094,2512700
VOO,2020-01-02,297.2900085449219,298.45001220703125,296.3399963378906,298.4200134277344,271.11260986328125,3142400
VOO,2020-01-03,295.2200012207031,297.3599853515625,295.0400085449219,296.239990234375,269.132080078125,3247900
VOO,2020-01-06,294.4200134277344,297.4200134277344,294.3500061035156,297.3500061035156,270.1405029296875,2777100
VOO,2020-01-07,296.82000732421875,297.2699890136719,296.05999755859375,296.5299987792969,269.39556884765625,2251800
VOO,2020-01-08,296.7099914550781,299.30999755859375,296.4700012207031,298.05999755859375,270.7855224609375,3719500
VOO,2020-01-09,299.7300109863281,300.19000244140625,299.0899963378906,300.1199951171875,272.6569519042969,2168500
VOO,2020-01-10,300.739990234375,300.8599853515625,298.7900085449219,299.260009765625,271.8757629394531,3666800
VOO,2020-01-13,299.9100036621094,301.32000732421875,299.4800109863281,301.239990234375,273.67449951171875,2728000
VOO,2020-01-14,300.8900146484375,301.9100036621094,300.32000732421875,300.8399963378906,273.31109619140625,2620100
VOO,2020-01-15,300.80999755859375,302.29998779296875,300.69000244140625,301.510009765625,273.919921875,2822300
VOO,2020-01-16,302.94000244140625,304.0400085449219,302.7099914550781,304.0299987792969,276.209228515625,2582600
VOO,2020-01-17,304.7699890136719,305.20001220703125,304.20001220703125,305.05999755859375,277.1449890136719,2218000
VOO,2020-01-21,304.0799865722656,305.2200012207031,304.0,304.42999267578125,276.5726623535156,2757900
VOO,2020-01-22,305.30999755859375,305.9200134277344,304.32000732421875,304.510009765625,276.6452941894531,2765300
VOO,2020-01-23,303.8399963378906,304.9700012207031,302.6600036621094,304.80999755859375,276.9178161621094,2673100
VOO,2020-01-24,305.4200134277344,305.5199890136719,300.80999755859375,302.0299987792969,274.3921813964844,3448200
VOO,2020-01-27,296.8399963378906,298.7300109863281,296.45001220703125,297.2300109863281,270.03143310546875,4302000
VOO,2020-01-28,298.70001220703125,301.2200012207031,298.2200012207031,300.45001220703125,272.95684814453125,3562500
VOO,2020-01-29,301.7799987792969,301.94000244140625,299.9200134277344,300.1499938964844,272.684326171875,2739400
VOO,2020-01-30,298.0400085449219,301.2900085449219,297.29998779296875,301.0899963378906,273.5382385253906,4432700
VOO,2020-01-31,300.44000244140625,300.6000061035156,294.7200012207031,295.69000244140625,268.6324768066406,6184700
VOO,2020-02-03,297.1199951171875,299.6700134277344,297.0299987792969,297.8399963378906,270.5856628417969,3205200
VOO,2020-02-04,301.5,303.2300109863281,301.1600036621094,302.42999267578125,274.7556457519531,2292800
VOO,2020-02-05,305.3999938964844,306.0799865722656,303.8699951171875,305.8500061035156,277.8626708984375,3049900
VOO,2020-02-06,306.79998779296875,307.0799865722656,305.80999755859375,306.8900146484375,278.80743408203125,1925500
VOO,2020-02-07,305.8299865722656,306.5899963378906,304.739990234375,305.3299865722656,277.39019775390625,2249000
VOO,2020-02-10,304.3900146484375,307.55999755859375,304.3500061035156,307.5199890136719,279.3798828125,2246900
VOO,2020-02-11,308.92999267578125,309.69000244140625,307.6099853515625,308.0799865722656,279.8885803222656,2438800
VOO,2020-02-12,309.55999755859375,310.2699890136719,309.1700134277344,310.05999755859375,281.6874694824219,2115800
VOO,2020-02-13,308.6000061035156,310.7200012207031,308.3599853515625,309.760009765625,281.414794921875,2043400
VOO,2020-02-14,310.1099853515625,310.3299865722656,309.0,310.2799987792969,281.8873596191406,1637000
VOO,2020-02-18,309.239990234375,309.82000732421875,308.0299987792969,309.42999267578125,281.11505126953125,3000300
VOO,2020-02-19,310.4200134277344,311.5899963378906,310.1199951171875,310.9200134277344,282.46868896484375,2257500
VOO,2020-02-20,310.3500061035156,311.19000244140625,306.6700134277344,309.70001220703125,281.3603515625,4617300
VOO,2020-02-21,308.29998779296875,308.5799865722656,305.6199951171875,306.489990234375,278.4441223144531,2678000
VOO,2020-02-24,296.9599914550781,299.3800048828125,295.1700134277344,296.239990234375,269.132080078125,7097000
VOO,2020-02-25,297.7300109863281,298.2300109863281,286.3599853515625,287.3399963378906,261.04644775390625,8465800
VOO,2020-02-26,288.6099853515625,292.2799987792969,285.4800109863281,286.07000732421875,259.89263916015625,10233700
VOO,2020-02-27,280.57000732421875,284.4800109863281,273.3599853515625,273.3900146484375,248.3730010986328,14897000
VOO,2020-02-28,265.32000732421875,272.9200134277344,262.25,271.739990234375,246.87393188476562,23179600
VOO,2020-03-02,274.0,284.0400085449219,270.489990234375,283.8699951171875,257.8940124511719,12428600
VOO,2020-03-03,284.3399963378906,288.32000732421875,273.3599853515625,276.0400085449219,250.78053283691406,9805900
VOO,2020-03-04,281.2300109863281,287.6499938964844,278.70001220703125,287.4800109863281,261.17364501953125,5253900
VOO,2020-03-05,280.29998779296875,283.4100036621094,275.6099853515625,277.8500061035156,252.4248504638672,6220000
VOO,2020-03-06,269.32000732421875,274.4599914550781,266.6000061035156,273.19000244140625,248.19125366210938,6669100
VOO,2020-03-09,253.88999938964844,260.989990234375,251.14999389648438,252.11000061035156,229.040283203125,16425900
VOO,2020-03-10,260.4800109863281,263.80999755859375,250.0,263.80999755859375,240.79476928710938,10879100
VOO,2020-03-11,256.6600036621094,257.7200012207031,247.6199951171875,250.72999572753906,228.85586547851562,11480100
VOO,2020-03-12,234.94000244140625,243.67999267578125,225.80999755859375,226.47999572753906,206.7214813232422,24669300
VOO,2020-03-13,240.66000366210938,247.77999877929688,228.10000610351562,247.63999938964844,226.03546142578125,19533600
VOO,2020-03-16,222.85000610351562,234.77000427246094,218.13999938964844,218.57000732421875,199.5015869140625,17271500
VOO,2020-03-17,223.75,233.9499969482422,216.60000610351562,232.8800048828125,212.56312561035156,15115500
VOO,2020-03-18,216.0800018310547,224.74000549316406,208.30999755859375,220.14999389648438,200.94371032714844,20177500
VOO,2020-03-19,218.42999267578125,226.0,212.11000061035156,220.33999633789062,201.11715698242188,12441200
VOO,2020-03-20,222.8000030517578,224.55999755859375,210.0500030517578,210.74000549316406,192.3546905517578,11533200
VOO,2020-03-23,209.6300048828125,210.77999877929688,200.5500030517578,204.27000427246094,186.44911193847656,14128200
VOO,2020-03-24,216.38999938964844,224.3000030517578,214.8300018310547,223.75,204.2296600341797,13160800
VOO,2020-03-25,225.0,235.50999450683594,220.32000732421875,226.6199951171875,206.84925842285156,11876400
VOO,2020-03-26,229.27000427246094,241.44000244140625,228.85000610351562,240.24000549316406,219.281005859375,12411100
VOO,2020-03-27,232.6999969482422,239.63999938964844,230.66000366210938,232.86000061035156,212.54486083984375,11170600
VOO,2020-03-30,234.9199981689453,241.10000610351562,232.97000122070312,240.38999938964844,219.4179229736328,8727800
VOO,2020-03-31,239.4499969482422,241.94000244140625,235.44000244140625,236.82000732421875,216.159423828125,10386300
VOO,2020-04-01,227.9199981689453,231.0500030517578,224.1300048828125,226.14999389648438,206.42025756835938,13710100
VOO,2020-04-02,225.3300018310547,232.17999267578125,224.72000122070312,231.44000244140625,211.248779296875,6547000
VOO,2020-04-03,230.42999267578125,232.7100067138672,225.33999633789062,228.02000427246094,208.1271209716797,5490200
VOO,2020-04-06,236.9600067138672,245.3000030517578,235.92999267578125,243.52999877929688,222.2839813232422,7624000
VOO,2020-04-07,251.9199981689453,252.8000030517578,243.4600067138672,243.66000366210938,222.4026641845703,12936600
VOO,2020-04-08,246.24000549316406,253.0500030517578,244.0500030517578,251.92999267578125,229.95115661621094,6958600
VOO,2020-04-09,255.1199951171875,258.3900146484375,253.13999938964844,255.6699981689453,233.36488342285156,8812600
VOO,2020-04-13,254.63999938964844,254.9499969482422,249.3800048828125,253.19000244140625,231.1012725830078,7666400
VOO,2020-04-14,258.239990234375,261.6300048828125,257.2099914550781,260.9200134277344,238.15689086914062,6631100
VOO,2020-04-15,255.0800018310547,256.8999938964844,253.11000061035156,255.24000549316406,232.97239685058594,4888900
VOO,2020-04-16,256.510009765625,257.29998779296875,253.39999389648438,256.5299987792969,234.14988708496094,6165700
VOO,2020-04-17,262.30999755859375,264.0,259.5,263.6099853515625,240.61216735839844,6738800
VOO,2020-04-20,259.6499938964844,263.1000061035156,258.5799865722656,258.8599853515625,236.2765655517578,6498700
VOO,2020-04-21,254.25,255.49000549316406,250.0,250.9499969482422,229.05665588378906,6526100
VOO,2020-04-22,255.8300018310547,258.2300109863281,254.47999572753906,256.4700012207031,234.0951385498047,5626800
VOO,2020-04-23,257.75,260.8999938964844,256.20001220703125,256.4200134277344,234.04945373535156,7665400
VOO,2020-04-24,258.0,260.70001220703125,255.94000244140625,260.1400146484375,237.44491577148438,4768200
VOO,2020-04-27,262.010009765625,264.9100036621094,261.57000732421875,263.8999938964844,240.87684631347656,3892200
VOO,2020-04-28,267.4800109863281,267.7900085449219,262.29998779296875,262.67999267578125,239.76333618164062,5849500
VOO,2020-04-29,267.9800109863281,271.0,266.9100036621094,269.45001220703125,245.94273376464844,6773100
VOO,2020-04-30,268.0799865722656,268.5799865722656,265.2300109863281,267.1000061035156,243.79776000976562,7386600
VOO,2020-05-01,262.1400146484375,262.8500061035156,258.739990234375,259.82000732421875,237.1528778076172,4790700
VOO,2020-05-04,257.9200134277344,260.8999938964844,256.5299987792969,260.6400146484375,237.9012908935547,4128900
VOO,2020-05-05,263.45001220703125,265.80999755859375,262.6000061035156,263.0400085449219,240.0919189453125,4437200
VOO,2020-05-06,264.7099914550781,265.1099853515625,261.1400146484375,261.2699890136719,238.476318359375,3021400
VOO,2020-05-07,264.45001220703125,266.29998779296875,263.8999938964844,264.3599853515625,241.2967529296875,3410200
VOO,2020-05-08,267.5299987792969,269.1400146484375,266.3800048828125,268.7799987792969,245.3311767578125,3201100
VOO,2020-05-11,266.7799987792969,270.20001220703125,266.42999267578125,268.82000732421875,245.36758422851562,3469300
VOO,2020-05-12,269.9800109863281,270.3999938964844,263.3299865722656,263.4100036621094,240.42967224121094,5159900
VOO,2020-05-13,262.8699951171875,263.8999938964844,256.3599853515625,258.739990234375,236.1670684814453,5617500
VOO,2020-05-14,256.3299865722656,262.0,253.97000122070312,261.8599853515625,239.01492309570312,7737600
VOO,2020-05-15,259.5400085449219,263.1099853515625,258.55999755859375,263.0400085449219,240.0919189453125,3385900
VOO,2020-05-18,269.32000732421875,272.70001220703125,269.05999755859375,271.0799865722656,247.43052673339844,6759200
VOO,2020-05-19,270.6099853515625,272.25,268.3399963378906,268.5199890136719,245.09378051757812,4921100
VOO,2020-05-20,271.9200134277344,273.7900085449219,271.69000244140625,272.8999938964844,249.09169006347656,4896200
VOO,2020-05-21,272.79998779296875,273.5899963378906,269.95001220703125,270.94000244140625,247.30271911621094,3581300
VOO,2020-05-22,270.760009765625,271.7200012207031,269.5,271.54998779296875,247.8594970703125,2296400
VOO,2020-05-26,277.5299987792969,277.739990234375,274.54998779296875,275.0400085449219,251.0450439453125,4911800
VOO,2020-05-27,277.7799987792969,279.04998779296875,272.8599853515625,279.04998779296875,254.7051239013672,5152400
VOO,2020-05-28,280.0299987792969,282.0400085449219,277.80999755859375,278.5,254.2031707763672,4630600
VOO,2020-05-29,278.0299987792969,280.3500061035156,275.3599853515625,279.75,255.34414672851562,7049300
VOO,2020-06-01,279.07000732421875,281.489990234375,278.57000732421875,280.9700012207031,256.4576721191406,3888200
VOO,2020-06-02,281.7900085449219,283.2799987792969,280.4599914550781,283.2799987792969,258.56622314453125,4343900
VOO,2020-06-03,285.20001220703125,287.92999267578125,284.92999267578125,287.0199890136719,261.9798278808594,5568100
VOO,2020-06-04,286.0,287.75,284.20001220703125,286.2900085449219,261.3135986328125,3818600
VOO,2020-06-05,291.6300048828125,295.3800048828125,291.6099853515625,293.6099853515625,267.9949645996094,6015500
VOO,2020-06-08,294.42999267578125,297.32000732421875,293.8800048828125,297.1700134277344,271.2444152832031,5559700
VOO,2020-06-09,294.489990234375,296.3900146484375,293.6300048828125,295.05999755859375,269.3185119628906,4686400
VOO,2020-06-10,295.5299987792969,296.3900146484375,292.5899963378906,293.2200012207031,267.63897705078125,5602600
VOO,2020-06-11,286.3599853515625,286.9200134277344,275.79998779296875,276.32000732421875,252.21327209472656,7748200
VOO,2020-06-12,283.3500061035156,284.1499938964844,274.5,279.6499938964844,255.25282287597656,6232200
VOO,2020-06-15,273.9100036621094,283.3500061035156,272.7699890136719,282.20001220703125,257.5803527832031,4431400
VOO,2020-06-16,290.04998779296875,290.20001220703125,282.8299865722656,287.7200012207031,262.61883544921875,5295000
VOO,2020-06-17,288.7300109863281,289.0199890136719,285.8800048828125,286.3999938964844,261.4139404296875,2662800
VOO,2020-06-18,284.9700012207031,287.1199951171875,284.54998779296875,286.6600036621094,261.65130615234375,2756300
VOO,2020-06-19,290.0400085449219,290.2699890136719,283.6700134277344,284.9700012207031,260.1087341308594,3479500
VOO,2020-06-22,284.3500061035156,287.19000244140625,283.260009765625,286.8599853515625,261.83380126953125,2518000
VOO,2020-06-23,289.510009765625,290.42999267578125,287.760009765625,288.1600036621094,263.0203857421875,2503600
VOO,2020-06-24,286.0799865722656,286.70001220703125,278.9700012207031,280.7900085449219,256.29339599609375,4532300
VOO,2020-06-25,280.260009765625,284.1000061035156,278.2200012207031,283.760009765625,259.00421142578125,3897400
VOO,2020-06-26,282.7200012207031,282.9200134277344,276.5199890136719,277.1099853515625,252.93431091308594,4479000
VOO,2020-06-29,276.8900146484375,279.7200012207031,274.7200012207031,279.70001220703125,256.6255798339844,3464600
VOO,2020-06-30,279.2900085449219,284.95001220703125,279.1499938964844,283.42999267578125,260.0478820800781,5215700
VOO,2020-07-01,284.3699951171875,286.510009765625,283.95001220703125,285.3699951171875,261.8277587890625,3712600
VOO,2020-07-02,288.760009765625,290.04998779296875,286.17999267578125,286.80999755859375,263.14898681640625,3661100
VOO,2020-07-06,290.6700134277344,291.5799865722656,289.8999938964844,291.260009765625,267.2318420410156,3573800
VOO,2020-07-07,289.6700134277344,291.67999267578125,287.8900146484375,288.239990234375,264.46099853515625,3420300
VOO,2020-07-08,289.0,290.54998779296875,287.2900085449219,290.3800048828125,266.4244384765625,2434200
VOO,2020-07-09,291.0199890136719,291.29998779296875,285.4100036621094,288.8999938964844,265.0665588378906,3164600
VOO,2020-07-10,288.7200012207031,292.010009765625,287.3399963378906,291.79998779296875,267.7272644042969,2712400
VOO,2020-07-13,294.1000061035156,296.45001220703125,288.6099853515625,289.1600036621094,265.3052062988281,3657900
VOO,2020-07-14,287.7900085449219,293.32000732421875,286.6300048828125,293.0299987792969,268.8558654785156,4053100
VOO,2020-07-15,296.19000244140625,296.75,293.3500061035156,295.6300048828125,271.2413635253906,6601400
VOO,2020-07-16,293.79998779296875,295.1099853515625,293.1499938964844,294.7699890136719,270.452392578125,3082900
VOO,2020-07-17,295.7200012207031,296.3500061035156,293.75,295.54998779296875,271.1678771972656,2246000
VOO,2020-07-20,295.3299865722656,298.67999267578125,294.6000061035156,298.010009765625,273.4250793457031,2539900
VOO,2020-07-21,299.8599853515625,300.3500061035156,297.6600036621094,298.6300048828125,273.993896484375,3305500
VOO,2020-07-22,298.2200012207031,300.55999755859375,298.1099853515625,300.3299865722656,275.55364990234375,4121100
VOO,2020-07-23,299.92999267578125,300.6199951171875,295.3800048828125,296.739990234375,272.2597961425781,3487100
VOO,2020-07-24,294.8599853515625,295.80999755859375,293.29998779296875,294.82000732421875,270.49822998046875,2851000
VOO,2020-07-27,295.4800109863281,297.1199951171875,294.739990234375,296.9700012207031,272.4708557128906,2253300
VOO,2020-07-28,296.17999267578125,297.3299865722656,294.7900085449219,295.1300048828125,270.7826232910156,3135600
VOO,2020-07-29,296.0,299.260009765625,295.8999938964844,298.70001220703125,274.05804443359375,2370800
VOO,2020-07-30,295.739990234375,298.05999755859375,293.6700134277344,297.6099853515625,273.0580139160156,2951700
VOO,2020-07-31,299.45001220703125,300.1000061035156,295.239990234375,300.1000061035156,275.34259033203125,4460300
VOO,2020-08-03,301.6499938964844,302.82000732421875,301.1300048828125,301.989990234375,277.0767517089844,3767700
VOO,2020-08-04,301.2200012207031,303.260009765625,301.2200012207031,303.260009765625,278.2419738769531,2129200
VOO,2020-08-05,304.6099853515625,305.3999938964844,304.30999755859375,305.1499938964844,279.97607421875,2615100
VOO,2020-08-06,304.5799865722656,307.2900085449219,304.25,307.20001220703125,281.85687255859375,4088200
VOO,2020-08-07,306.2300109863281,307.6000061035156,305.32000732421875,307.3599853515625,282.0037841796875,3319600
VOO,2020-08-10,307.8800048828125,308.5,305.9200134277344,308.3399963378906,282.90289306640625,2118200
VOO,2020-08-11,309.5199890136719,310.1199951171875,305.07000732421875,305.8500061035156,280.6182861328125,3571200
VOO,2020-08-12,308.25,310.80999755859375,308.20001220703125,310.0400085449219,284.462646484375,2947400
VOO,2020-08-13,309.29998779296875,310.7799987792969,308.55999755859375,309.510009765625,283.9764099121094,4074200
VOO,2020-08-14,309.1499938964844,310.0199890136719,308.3399963378906,309.510009765625,283.9764099121094,2097600
VOO,2020-08-17,310.44000244140625,310.8699951171875,310.0899963378906,310.510009765625,284.8938293457031,2183400
VOO,2020-08-18,310.92999267578125,311.54998779296875,309.2799987792969,311.1600036621094,285.49017333984375,2415800
VOO,2020-08-19,311.54998779296875,312.2799987792969,309.30999755859375,309.8399963378906,284.27911376953125,2498300
VOO,2020-08-20,308.1099853515625,311.2699890136719,308.0199890136719,310.82000732421875,285.17822265625,2409300
VOO,2020-08-21,310.4800109863281,312.1000061035156,310.1700134277344,311.92999267578125,286.1966247558594,2316200
VOO,2020-08-24,314.3599853515625,315.1700134277344,313.3699951171875,315.1000061035156,289.1051025390625,2349600
VOO,2020-08-25,315.69000244140625,316.260009765625,314.5,316.20001220703125,290.1143493652344,2890800
VOO,2020-08-26,316.75,319.6300048828125,316.25,319.42999267578125,293.07794189453125,2606000
VOO,2020-08-27,320.2200012207031,321.5,318.4700012207031,320.07000732421875,293.6651306152344,2295900
VOO,2020-08-28,321.1400146484375,322.2799987792969,319.95001220703125,322.1499938964844,295.5735168457031,3538700
VOO,2020-08-31,321.9800109863281,322.8299865722656,320.79998779296875,321.0199890136719,294.5367431640625,5068000
VOO,2020-09-01,321.80999755859375,324.1000061035156,320.94000244140625,324.0199890136719,297.28936767578125,3008000
VOO,2020-09-02,325.94000244140625,329.6700134277344,324.7799987792969,328.739990234375,301.619873046875,5273100
VOO,2020-09-03,327.010009765625,327.510009765625,314.80999755859375,317.3599853515625,291.1787414550781,6892000
VOO,2020-09-04,317.7699890136719,319.6000061035156,306.8999938964844,314.82000732421875,288.84820556640625,5133900
VOO,2020-09-08,309.3500061035156,310.5899963378906,305.8500061035156,306.1700134277344,280.911865234375,4278300
VOO,2020-09-09,310.1499938964844,314.6600036621094,309.2900085449219,312.2099914550781,286.45361328125,3339800
VOO,2020-09-10,314.04998779296875,314.7099914550781,305.82000732421875,306.75,281.4440002441406,3589000
VOO,2020-09-11,308.54998779296875,309.5899963378906,304.1700134277344,306.9800109863281,281.65509033203125,3690100
VOO,2020-09-14,310.0799865722656,312.75,309.6099853515625,310.9700012207031,285.3158874511719,3056100
VOO,2020-09-15,313.4700012207031,314.260009765625,311.5199890136719,312.57000732421875,286.7838439941406,2570900
VOO,2020-09-16,313.80999755859375,315.17999267578125,311.0400085449219,311.30999755859375,285.62774658203125,2313400
VOO,2020-09-17,306.4800109863281,310.2699890136719,305.9599914550781,308.5899963378906,283.1322326660156,2848300
VOO,2020-09-18,309.44000244140625,309.4800109863281,302.54998779296875,305.0,279.83843994140625,3420800
VOO,2020-09-21,300.4700012207031,301.75,296.8299865722656,301.69000244140625,276.8014831542969,4536800
VOO,2020-09-22,303.1099853515625,305.239990234375,300.6700134277344,304.739990234375,279.5997619628906,2741500
VOO,2020-09-23,305.2799987792969,305.54998779296875,297.1700134277344,297.67999267578125,273.1222229003906,2755800
VOO,2020-09-24,296.30999755859375,301.4599914550781,295.0400085449219,298.5,273.8745422363281,3130700
VOO,2020-09-25,297.5799865722656,304.0400085449219,296.7200012207031,303.2799987792969,278.2603454589844,2683800
VOO,2020-09-28,307.4200134277344,309.0199890136719,306.42999267578125,308.3599853515625,282.9211730957031,2437900
VOO,2020-09-29,306.8399963378906,307.510009765625,304.6499938964844,305.29998779296875,281.3077697753906,2303900
VOO,2020-09-30,306.0400085449219,310.75,305.8500061035156,307.6499938964844,283.47314453125,4304500
VOO,2020-10-01,310.1600036621094,311.1099853515625,307.760009765625,309.6000061035156,285.26983642578125,3005700
VOO,2020-10-02,304.7200012207031,308.5799865722656,304.2099914550781,306.7200012207031,282.6162109375,3125100
VOO,2020-10-05,308.69000244140625,312.2900085449219,308.69000244140625,312.0799865722656,287.55499267578125,2364500
VOO,2020-10-06,312.25,314.32000732421875,307.17999267578125,307.7200012207031,283.5375671386719,3389800
VOO,2020-10-07,310.6099853515625,313.80999755859375,310.6000061035156,313.0,288.4027404785156,1707800
VOO,2020-10-08,314.9599914550781,315.8500061035156,314.04998779296875,315.7699890136719,290.9549865722656,1731700
VOO,2020-10-09,317.4700012207031,319.1000061035156,316.8500061035156,318.5799865722656,293.5440979003906,2794100
VOO,2020-10-12,321.1400146484375,325.2200012207031,320.6600036621094,323.7200012207031,298.2802429199219,2194300
VOO,2020-10-13,323.6400146484375,323.7300109863281,320.7099914550781,321.6499938964844,296.37286376953125,2229700
VOO,2020-10-14,322.2200012207031,323.29998779296875,318.92999267578125,319.6400146484375,294.5208435058594,1902100
VOO,2020-10-15,315.7099914550781,319.70001220703125,315.2300109863281,319.260009765625,294.17071533203125,2481700
VOO,2020-10-16,320.6499938964844,322.2099914550781,318.8999938964844,318.989990234375,293.92193603515625,1669600
VOO,2020-10-19,320.29998779296875,320.8900146484375,313.3299865722656,314.1700134277344,289.48065185546875,2229600
VOO,2020-10-20,315.4800109863281,318.6700134277344,314.7799987792969,315.4100036621094,290.6233215332031,3066600
VOO,2020-10-21,315.4100036621094,317.5199890136719,314.5899963378906,314.8399963378906,290.0981140136719,2607700
VOO,2020-10-22,315.05999755859375,317.1600036621094,312.989990234375,316.57000732421875,291.6920471191406,2362400
VOO,2020-10-23,317.8399963378906,317.8399963378906,315.239990234375,317.6499938964844,292.6872863769531,1429300
VOO,2020-10-26,314.30999755859375,315.0799865722656,308.3599853515625,311.79998779296875,287.2969970703125,3335800
VOO,2020-10-27,312.17999267578125,312.4700012207031,310.55999755859375,310.7699890136719,286.3479309082031,2196100
VOO,2020-10-28,305.1300048828125,305.739990234375,299.6199951171875,300.07000732421875,276.48870849609375,5650500
VOO,2020-10-29,300.32000732421875,306.25,298.69000244140625,303.2300109863281,279.4004821777344,5365200
VOO,2020-10-30,301.55999755859375,302.8599853515625,296.3699951171875,299.82000732421875,276.2584228515625,5892100
VOO,2020-11-02,303.3699951171875,305.30999755859375,300.6300048828125,303.30999755859375,279.47418212890625,4080400
VOO,2020-11-03,306.57000732421875,310.739990234375,306.0899963378906,308.6600036621094,284.4037780761719,3378300
VOO,2020-11-04,313.19000244140625,319.6499938964844,312.0,315.6099853515625,290.80755615234375,5750200
VOO,2020-11-05,320.94000244140625,323.54998779296875,320.5199890136719,321.7900085449219,296.5018615722656,3950300
VOO,2020-11-06,321.44000244140625,322.9200134277344,319.42999267578125,321.75,296.46502685546875,3640600
VOO,2020-11-09,334.3599853515625,335.20001220703125,325.2799987792969,325.760009765625,300.1599426269531,8097300
VOO,2020-11-10,324.7699890136719,326.29998779296875,322.05999755859375,325.3399963378906,299.77294921875,4120800
VOO,2020-11-11,327.4200134277344,328.5,326.1700134277344,327.6300048828125,301.883056640625,2773500
VOO,2020-11-12,326.739990234375,327.44000244140625,322.7300109863281,324.6000061035156,299.0910339355469,2532700
VOO,2020-11-13,326.45001220703125,329.7300109863281,325.8900146484375,329.010009765625,303.154541015625,1996100
VOO,2020-11-16,331.6499938964844,333.1199951171875,330.4100036621094,333.0,306.8309326171875,3018800
VOO,2020-11-17,330.7300109863281,332.5,329.25,331.3399963378906,305.3014221191406,3052100
VOO,2020-11-18,331.6300048828125,332.1400146484375,327.2900085449219,327.32000732421875,301.5973815917969,2647800
VOO,2020-11-19,326.760009765625,329.0899963378906,325.4100036621094,328.69000244140625,302.8597106933594,2962200
VOO,2020-11-20,328.4100036621094,328.6600036621094,326.3999938964844,326.489990234375,300.8325500488281,3516800
VOO,2020-11-23,328.2799987792969,329.6000061035156,326.05999755859375,328.4200134277344,302.6109313964844,2222600
VOO,2020-11-24,331.0199890136719,334.25,330.1000061035156,333.739990234375,307.5127868652344,2659700
VOO,2020-11-25,333.6700134277344,333.6700134277344,332.1499938964844,333.19000244140625,307.00604248046875,2256900
VOO,2020-11-27,334.2900085449219,334.6099853515625,333.17999267578125,334.1400146484375,307.88140869140625,984700
VOO,2020-11-30,333.3999938964844,333.6300048828125,330.0400085449219,332.6400146484375,306.49932861328125,4175700
VOO,2020-12-01,335.9200134277344,337.79998779296875,335.32000732421875,336.29998779296875,309.87164306640625,3224200
VOO,2020-12-02,335.2200012207031,337.1099853515625,334.6499938964844,337.010009765625,310.5259094238281,2270300
VOO,2020-12-03,336.9100036621094,338.29998779296875,335.8800048828125,336.9100036621094,310.4337463378906,2851100
VOO,2020-12-04,337.5,339.8399963378906,337.45001220703125,339.80999755859375,313.10577392578125,2907000
VOO,2020-12-07,339.07000732421875,339.6300048828125,337.9100036621094,339.17999267578125,312.5252990722656,1943100
VOO,2020-12-08,337.8900146484375,340.70001220703125,337.8500061035156,340.1600036621094,313.4283142089844,1948200
VOO,2020-12-09,340.7900085449219,340.92999267578125,336.260009765625,337.1400146484375,310.6456298828125,2545800
VOO,2020-12-10,335.739990234375,338.0,334.8399963378906,336.9800109863281,310.49822998046875,2738600
VOO,2020-12-11,335.30999755859375,336.79998779296875,333.7699890136719,336.54998779296875,310.1019592285156,2387900
VOO,2020-12-14,338.760009765625,339.7900085449219,334.8900146484375,335.010009765625,308.6829528808594,2654600
VOO,2020-12-15,337.6400146484375,339.6400146484375,336.239990234375,339.6400146484375,312.94921875,2757400
VOO,2020-12-16,339.8299865722656,341.0400085449219,338.9599914550781,340.1600036621094,313.4283142089844,2943200
VOO,2020-12-17,341.7699890136719,342.25,340.9599914550781,342.010009765625,315.13287353515625,2627000
VOO,2020-12-18,342.3900146484375,342.5,338.70001220703125,340.6400146484375,313.8705749511719,6025700
VOO,2020-12-21,336.8299865722656,340.3800048828125,334.1099853515625,339.5899963378906,312.903076171875,3918100
VOO,2020-12-22,338.4700012207031,338.54998779296875,336.4700012207031,337.5400085449219,312.2860107421875,2371900
VOO,2020-12-23,338.5400085449219,339.75,337.69000244140625,337.80999755859375,312.5357666015625,3682200
VOO,2020-12-24,338.3699951171875,339.17999267578125,337.7699890136719,339.1600036621094,313.7847900390625,1447500
VOO,2020-12-28,341.739990234375,342.4599914550781,341.0899963378906,342.1099853515625,316.5140686035156,2798800
VOO,2020-12-29,343.6300048828125,343.7699890136719,340.8699951171875,341.3900146484375,315.84796142578125,2555500
VOO,2020-12-30,342.2799987792969,342.9100036621094,341.57000732421875,341.8500061035156,316.2735290527344,2009100
VOO,2020-12-31,341.82000732421875,344.3699951171875,341.2300109863281,343.69000244140625,317.9758605957031,3507000
VOO,2021-01-04,345.0199890136719,345.0899963378906,335.3699951171875,339.0299987792969,313.6644592285156,5402600
VOO,2021-01-05,338.3999938964844,342.3900146484375,338.3900146484375,341.260009765625,315.7276306152344,3299700
VOO,2021-01-06,339.7900085449219,346.5,339.29998779296875,343.3299865722656,317.64276123046875,4805000
VOO,2021-01-07,345.739990234375,349.20001220703125,345.5400085449219,348.4599914550781,322.38897705078125,3638900
VOO,2021-01-08,349.8800048828125,350.6199951171875,346.6400146484375,350.4200134277344,324.20233154296875,3758500
VOO,2021-01-11,347.3599853515625,349.82000732421875,347.20001220703125,348.1300048828125,322.0836181640625,2975000
VOO,2021-01-12,348.29998779296875,349.1499938964844,345.9700012207031,348.1600036621094,322.1114196777344,2298400
VOO,2021-01-13,348.1099853515625,350.05999755859375,347.32000732421875,349.0299987792969,322.9162902832031,3039900
VOO,2021-01-14,349.8500061035156,350.32000732421875,347.54998779296875,347.8500061035156,321.8245849609375,3497400
VOO,2021-01-15,346.2699890136719,347.05999755859375,343.5299987792969,345.3699951171875,319.5301513671875,3622100
VOO,2021-01-19,347.79998779296875,348.5899963378906,346.3599853515625,348.1000061035156,322.05584716796875,3433800
VOO,2021-01-20,350.32000732421875,353.7099914550781,349.9700012207031,352.8299865722656,326.4320373535156,2920600
VOO,2021-01-21,353.4599914550781,353.8399963378906,352.29998779296875,353.1600036621094,326.7372741699219,2580800
VOO,2021-01-22,351.3800048828125,353.0400085449219,350.989990234375,351.8999938964844,325.5715026855469,1812200
VOO,2021-01-25,352.7099914550781,353.67999267578125,347.9700012207031,353.3299865722656,326.8946228027344,3549000
VOO,2021-01-26,354.2300109863281,354.6499938964844,352.6000061035156,352.79998779296875,326.404296875,2430200
VOO,2021-01-27,349.5400085449219,349.55999755859375,341.989990234375,344.239990234375,318.4847412109375,5010400
VOO,2021-01-28,345.9700012207031,351.07000732421875,345.5799865722656,347.1300048828125,321.15850830078125,3432200
VOO,2021-01-29,345.30999755859375,346.2200012207031,338.57000732421875,340.17999267578125,314.7284851074219,5803600
VOO,2021-02-01,343.6300048828125,346.8500061035156,341.3999938964844,345.7699890136719,319.90020751953125,3334000
VOO,2021-02-02,349.04998779296875,352.3399963378906,349.0,350.739990234375,324.4984436035156,2955200
VOO,2021-02-03,351.70001220703125,352.79998779296875,349.8800048828125,351.0899963378906,324.8222351074219,3392800
VOO,2021-02-04,352.1199951171875,355.0400085449219,351.9200134277344,355.0199890136719,328.45819091796875,1988300
VOO,2021-02-05,356.8999938964844,357.1300048828125,355.32000732421875,356.44000244140625,329.7719421386719,2091800
VOO,2021-02-08,357.9200134277344,359.07000732421875,357.05999755859375,359.07000732421875,332.2051696777344,3371100
VOO,2021-02-09,358.2200012207031,359.3299865722656,357.7699890136719,358.7799987792969,331.9367980957031,1891200
VOO,2021-02-10,360.5299987792969,360.6099853515625,356.29998779296875,358.6400146484375,331.8073425292969,2400000
VOO,2021-02-11,359.7099914550781,360.1000061035156,356.8399963378906,359.2200012207031,332.3439636230469,2237200
VOO,2021-02-12,358.45001220703125,361.19000244140625,358.3599853515625,361.04998779296875,334.0370178222656,2144500
VOO,2021-02-16,362.1499938964844,362.3699951171875,359.9800109863281,360.7099914550781,333.7224426269531,4408500
VOO,2021-02-17,359.0299987792969,360.9700012207031,357.9200134277344,360.7900085449219,333.7965087890625,3211800
VOO,2021-02-18,358.239990234375,359.92999267578125,356.489990234375,359.25,332.3717041015625,3010500
VOO,2021-02-19,360.4700012207031,360.7099914550781,358.1400146484375,358.5899963378906,331.7611083984375,2487100
VOO,2021-02-22,355.8399963378906,358.19000244140625,355.55999755859375,355.7699890136719,329.15203857421875,3291000
VOO,2021-02-23,353.69000244140625,357.55999755859375,349.5299987792969,356.2200012207031,329.5683898925781,5251100
VOO,2021-02-24,355.1499938964844,360.5799865722656,354.20001220703125,360.1600036621094,333.2136535644531,3301200
VOO,2021-02-25,359.0299987792969,360.2699890136719,350.0799865722656,351.5199890136719,325.22003173828125,7049200
VOO,2021-02-26,353.4700012207031,354.4700012207031,347.7099914550781,349.5899963378906,323.4344787597656,7579500
VOO,2021-03-01,354.54998779296875,359.3900146484375,354.5,358.1199951171875,331.3262023925781,3721100
VOO,2021-03-02,358.3800048828125,358.6300048828125,355.1600036621094,355.3500061035156,328.76348876953125,5462600
VOO,2021-03-03,354.70001220703125,355.6400146484375,350.55999755859375,350.6600036621094,324.4244079589844,6317600
VOO,2021-03-04,350.489990234375,353.0199890136719,341.9200134277344,346.3399963378906,320.4275817871094,6604500
VOO,2021-03-05,349.7699890136719,353.7300109863281,342.5899963378906,352.69000244140625,326.3025207519531,8721300
VOO,2021-03-08,353.6300048828125,356.3999938964844,350.6600036621094,350.9599914550781,324.70196533203125,5663500
VOO,2021-03-09,354.75,358.4599914550781,354.2300109863281,355.8699951171875,329.2445373535156,6075100
VOO,2021-03-10,358.29998779296875,359.8399963378906,356.8800048828125,358.07000732421875,331.27996826171875,7231400
VOO,2021-03-11,360.6600036621094,363.760009765625,360.1600036621094,361.8500061035156,334.77716064453125,3340700
VOO,2021-03-12,360.5,362.45001220703125,359.6700134277344,362.3599853515625,335.24896240234375,4847300
VOO,2021-03-15,362.6700134277344,364.75,360.45001220703125,364.4599914550781,337.1919250488281,3154800
VOO,2021-03-16,365.1199951171875,365.7799987792969,363.25,364.04998779296875,336.8126220703125,3698400
VOO,2021-03-17,362.8299865722656,366.04998779296875,361.6199951171875,365.239990234375,337.9135437011719,5011600
VOO,2021-03-18,362.7300109863281,364.760009765625,359.2799987792969,359.8699951171875,332.9453125,5067500
VOO,2021-03-19,359.6499938964844,361.1700134277344,357.1400146484375,359.2300109863281,332.3532409667969,5382800
VOO,2021-03-22,359.7900085449219,363.5,359.760009765625,362.07000732421875,334.9807434082031,3417600
VOO,2021-03-23,361.5299987792969,362.94000244140625,358.510009765625,359.4100036621094,332.5196838378906,4954600
VOO,2021-03-24,360.7099914550781,362.2699890136719,357.4200134277344,357.4200134277344,330.6785888671875,4099000
VOO,2021-03-25,356.0799865722656,360.239990234375,354.1400146484375,359.42999267578125,332.5382080078125,5487300
VOO,2021-03-26,359.3699951171875,364.3699951171875,358.75,364.010009765625,337.9631042480469,3322600
VOO,2021-03-29,362.57000732421875,364.67999267578125,361.1099853515625,363.7900085449219,337.75885009765625,3143300
VOO,2021-03-30,362.55999755859375,363.4700012207031,361.2699890136719,362.8599853515625,336.8953857421875,3696200
VOO,2021-03-31,363.3900146484375,365.82000732421875,363.3900146484375,364.29998779296875,338.23236083984375,7470300
VOO,2021-04-01,366.20001220703125,368.2900085449219,366.0299987792969,368.1600036621094,341.8161926269531,5132000
VOO,2021-04-05,370.8900146484375,374.07000732421875,370.80999755859375,373.4700012207031,346.7461853027344,3764100
VOO,2021-04-06,373.0400085449219,374.3299865722656,372.6700134277344,373.260009765625,346.5512390136719,3583500
VOO,2021-04-07,373.1400146484375,374.0799865722656,372.7200012207031,373.7300109863281,346.9875793457031,2768900
VOO,2021-04-08,374.9700012207031,375.55999755859375,374.05999755859375,375.54998779296875,348.6773986816406,3949400
VOO,2021-04-09,375.4200134277344,378.3999938964844,375.3299865722656,378.25,351.1841735839844,2627500
VOO,2021-04-12,377.70001220703125,378.6499938964844,377.0799865722656,378.4200134277344,351.342041015625,2747500
VOO,2021-04-13,378.3699951171875,380.1199951171875,377.9200134277344,379.45001220703125,352.2983093261719,2985500
VOO,2021-04-14,379.4599914550781,380.510009765625,377.70001220703125,378.2300109863281,351.16558837890625,3691100
VOO,2021-04-15,380.3299865722656,382.5400085449219,380.2799987792969,382.2900085449219,354.9350891113281,3573800
VOO,2021-04-16,383.55999755859375,384.1499938964844,382.19000244140625,383.6300048828125,356.17926025390625,3252500
VOO,2021-04-19,382.6199951171875,383.0899963378906,380.3699951171875,381.739990234375,354.42437744140625,3945700
VOO,2021-04-20,380.489990234375,381.1600036621094,377.4700012207031,378.94000244140625,351.82476806640625,4106700
VOO,2021-04-21,378.2799987792969,382.6700134277344,378.1400146484375,382.5,355.1300048828125,3640100
VOO,2021-04-22,382.32000732421875,383.1199951171875,377.9599914550781,378.989990234375,351.87127685546875,3965000
VOO,2021-04-23,379.57000732421875,384.4599914550781,379.4599914550781,383.0299987792969,355.6221618652344,3781100
VOO,2021-04-26,383.7300109863281,384.45001220703125,383.32000732421875,383.8599853515625,356.3927307128906,3125200
VOO,2021-04-27,384.20001220703125,384.3800048828125,382.7200012207031,383.739990234375,356.2812805175781,3370600
VOO,2021-04-28,384.1000061035156,385.1700134277344,383.239990234375,383.55999755859375,356.1142272949219,3960400
VOO,2021-04-29,386.3999938964844,386.739990234375,382.80999755859375,386.1199951171875,358.4910583496094,4209900
VOO,2021-04-30,383.9100036621094,384.760009765625,382.7300109863281,383.57000732421875,356.12347412109375,5219200
VOO,2021-05-03,385.55999755859375,385.94000244140625,383.9599914550781,384.44000244140625,356.93121337890625,4180800
VOO,2021-05-04,382.5199890136719,382.9599914550781,378.45001220703125,382.1000061035156,354.7586975097656,5485600
VOO,2021-05-05,383.7200012207031,383.9100036621094,381.44000244140625,382.1700134277344,354.8236999511719,4410700
VOO,2021-05-06,382.260009765625,385.3699951171875,380.2699890136719,385.2799987792969,357.71112060546875,4737300
VOO,2021-05-07,386.0199890136719,388.67999267578125,385.3299865722656,388.0299987792969,360.2643737792969,3516600
VOO,2021-05-10,388.4100036621094,388.6600036621094,384.0899963378906,384.2300109863281,356.73626708984375,5942700
VOO,2021-05-11,379.75,381.739990234375,376.95001220703125,380.8599853515625,353.6073913574219,7081500
VOO,2021-05-12,378.0400085449219,379.2699890136719,372.1300048828125,372.7300109863281,346.05914306640625,7707400
VOO,2021-05-13,374.2099914550781,379.04998779296875,374.1700134277344,377.1600036621094,350.1722106933594,7179100
VOO,2021-05-14,379.80999755859375,383.7900085449219,379.80999755859375,382.95001220703125,355.5478515625,5167900
VOO,2021-05-17,381.8999938964844,382.75,380.0,382.0299987792969,354.6936950683594,3781600
VOO,2021-05-18,382.25,382.4700012207031,378.5400085449219,378.7300109863281,351.62982177734375,3128300
VOO,2021-05-19,374.05999755859375,377.8399963378906,372.6199951171875,377.7300109863281,350.7013854980469,5086300
VOO,2021-05-20,378.57000732421875,382.989990234375,378.45001220703125,381.760009765625,354.4429931640625,4776700
VOO,2021-05-21,383.2300109863281,384.45001220703125,381.010009765625,381.4700012207031,354.17376708984375,3567500
VOO,2021-05-24,383.69000244140625,386.3999938964844,383.44000244140625,385.32000732421875,357.74822998046875,2962500
VOO,2021-05-25,386.3999938964844,386.760009765625,383.94000244140625,384.510009765625,356.9962158203125,4031800
VOO,2021-05-26,385.0899963378906,385.75,384.07000732421875,385.2099914550781,357.6460266113281,2642700
VOO,2021-05-27,386.2799987792969,386.7799987792969,385.32000732421875,385.3800048828125,357.80389404296875,3015900
VOO,2021-05-28,387.0299987792969,387.2699890136719,385.94000244140625,386.1300048828125,358.5002746582031,3370100
VOO,2021-06-01,388.5,388.6199951171875,385.3800048828125,385.8299865722656,358.2217712402344,4389000
VOO,2021-06-02,386.45001220703125,387.239990234375,385.4700012207031,386.4800109863281,358.8252868652344,3209200
VOO,2021-06-03,384.1700134277344,386.1099853515625,382.70001220703125,385.010009765625,357.4604187011719,3391000
VOO,2021-06-04,386.80999755859375,388.79998779296875,386.760009765625,388.5,360.70074462890625,2628100
VOO,2021-06-07,388.5199890136719,388.69000244140625,387.25,388.1700134277344,360.39434814453125,2500600
VOO,2021-06-08,389.0,389.0799865722656,386.44000244140625,388.2300109863281,360.4501037597656,2386600
VOO,2021-06-09,389.0799865722656,389.1300048828125,387.4100036621094,387.6199951171875,359.8836364746094,2968100
VOO,2021-06-10,388.8599853515625,390.3599853515625,387.5799865722656,389.4100036621094,361.5456237792969,2611800
VOO,2021-06-11,390.0,390.20001220703125,388.7300109863281,390.0899963378906,362.1768798828125,2241500
VOO,2021-06-14,390.2099914550781,391.07000732421875,389.0,391.07000732421875,363.0868225097656,2252200
VOO,2021-06-15,391.1499938964844,391.20001220703125,389.4100036621094,390.25,362.32550048828125,2405000
VOO,2021-06-16,390.4200134277344,390.5799865722656,386.0199890136719,388.1099853515625,360.338623046875,4194300
VOO,2021-06-17,387.6199951171875,388.9100036621094,385.5,387.9700012207031,360.2086181640625,4065300
VOO,2021-06-18,384.7900085449219,385.3800048828125,382.5199890136719,382.82000732421875,355.4272155761719,5211100
VOO,2021-06-21,384.5,388.3800048828125,383.6499938964844,388.17999267578125,360.403564453125,4389800
VOO,2021-06-22,388.239990234375,391.0899963378906,387.4700012207031,390.239990234375,362.31622314453125,2705400
VOO,2021-06-23,390.3500061035156,391.1400146484375,389.70001220703125,389.82000732421875,361.92626953125,2404200
VOO,2021-06-24,391.8900146484375,392.5199890136719,391.6700134277344,392.04998779296875,363.9967041015625,2987800
VOO,2021-06-25,392.8999938964844,393.9200134277344,392.5400085449219,393.5,365.3429260253906,2862800
VOO,2021-06-28,394.0299987792969,394.45001220703125,392.8299865722656,394.32000732421875,366.104248046875,2418500
VOO,2021-06-29,393.3500061035156,393.94000244140625,392.6600036621094,393.1600036621094,366.2654113769531,2927600
VOO,2021-06-30,392.7200012207031,394.1300048828125,392.7200012207031,393.5199890136719,366.6007995605469,3795900
VOO,2021-07-01,394.29998779296875,395.8500061035156,394.2099914550781,395.739990234375,368.66888427734375,3414500
VOO,2021-07-02,396.8500061035156,399.04998779296875,396.5299987792969,398.75,371.4730529785156,4363100
VOO,2021-07-06,398.7699890136719,398.989990234375,395.29998779296875,398.0,370.7743225097656,4331300
VOO,2021-07-07,398.6700134277344,399.6600036621094,396.67999267578125,399.3699951171875,372.0506286621094,4747800
VOO,2021-07-08,394.20001220703125,396.8800048828125,393.0199890136719,396.19000244140625,369.0881652832031,5817100
VOO,2021-07-09,397.6300048828125,400.6499938964844,397.4200134277344,400.3699951171875,372.982177734375,3332200
VOO,2021-07-12,400.29998779296875,402.0299987792969,399.8699951171875,401.82000732421875,374.3330078125,2929200
VOO,2021-07-13,401.0799865722656,402.5,400.17999267578125,400.4599914550781,373.0660705566406,4313100
VOO,2021-07-14,402.05999755859375,402.57000732421875,399.82000732421875,401.010009765625,373.57843017578125,3332200
VOO,2021-07-15,399.739990234375,400.3800048828125,397.80999755859375,399.7200012207031,372.3767395019531,4483900
VOO,2021-07-16,400.8399963378906,400.8800048828125,396.1400146484375,396.6099853515625,369.4794006347656,4516600
VOO,2021-07-19,391.7799987792969,392.260009765625,387.92999267578125,390.67999267578125,363.9551696777344,12336200
VOO,2021-07-20,391.3500061035156,397.5,390.010009765625,396.20001220703125,369.09747314453125,4043100
VOO,2021-07-21,397.4800109863281,399.6199951171875,397.2699890136719,399.5299987792969,372.1996154785156,2996600
VOO,2021-07-22,399.7099914550781,400.55999755859375,398.70001220703125,400.3800048828125,372.9915771484375,2575700
VOO,2021-07-23,402.1700134277344,404.75,401.5799865722656,404.3800048828125,376.7178649902344,3151900
VOO,2021-07-26,403.9200134277344,405.4200134277344,403.82000732421875,405.4100036621094,377.6773681640625,2374300
VOO,2021-07-27,404.45001220703125,404.45001220703125,400.79998779296875,403.6099853515625,376.0005798339844,3626100
VOO,2021-07-28,404.1700134277344,404.760009765625,402.0400085449219,403.3900146484375,375.795654296875,3763700
VOO,2021-07-29,404.3599853515625,406.1300048828125,404.3500061035156,405.1300048828125,377.41656494140625,2274200
VOO,2021-07-30,402.5899963378906,404.5299987792969,402.4700012207031,403.1499938964844,375.5720520019531,5204500
VOO,2021-08-02,404.7799987792969,405.3599853515625,401.94000244140625,402.3299865722656,374.80816650390625,5814700
VOO,2021-08-03,403.0799865722656,405.6600036621094,400.9200134277344,405.5799865722656,377.8358154296875,4129600
VOO,2021-08-04,404.30999755859375,404.8599853515625,403.3399963378906,403.6400146484375,376.0285339355469,3880200
VOO,2021-08-05,404.70001220703125,406.19000244140625,404.3800048828125,406.1600036621094,378.3761901855469,3052800
VOO,2021-08-06,406.44000244140625,407.17999267578125,406.1700134277344,406.8599853515625,379.02825927734375,2486900
VOO,2021-08-09,406.75,407.04998779296875,405.69000244140625,406.4700012207031,378.66497802734375,1984400
VOO,2021-08-10,406.9100036621094,407.6700134277344,406.2300109863281,406.9800109863281,379.14007568359375,2400700
VOO,2021-08-11,408.0,408.07000732421875,406.9100036621094,407.9599914550781,380.0530700683594,3554400
VOO,2021-08-12,407.82000732421875,409.3299865722656,406.9700012207031,409.1499938964844,381.16162109375,2319300
VOO,2021-08-13,409.6400146484375,409.9599914550781,409.17999267578125,409.9599914550781,381.91619873046875,2253800
VOO,2021-08-16,408.7099914550781,411.010009765625,407.1499938964844,410.94000244140625,382.8291320800781,3379100
VOO,2021-08-17,408.4100036621094,409.04998779296875,405.30999755859375,408.2300109863281,380.3045654296875,5186300
VOO,2021-08-18,407.2200012207031,408.75,403.5400085449219,403.8399963378906,376.2148132324219,4878300
VOO,2021-08-19,401.0899963378906,405.54998779296875,400.92999267578125,404.4100036621094,376.7458801269531,5505700
VOO,2021-08-20,404.67999267578125,407.9200134277344,404.260009765625,407.6099853515625,379.7269287109375,3263600
VOO,2021-08-23,409.25,412.0799865722656,409.2300109863281,411.2200012207031,383.0899963378906,3259400
VOO,2021-08-24,411.8999938964844,412.3599853515625,411.3500061035156,411.8699951171875,383.6955871582031,3006500
VOO,2021-08-25,412.05999755859375,413.2099914550781,411.6700134277344,412.6300048828125,384.40350341796875,3261400
VOO,2021-08-26,412.4100036621094,412.6600036621094,410.20001220703125,410.2200012207031,382.15838623046875,4707600
VOO,2021-08-27,411.0899963378906,414.3299865722656,411.0199890136719,413.8599853515625,385.5494079589844,3882200
VOO,2021-08-30,414.6600036621094,416.55999755859375,414.3900146484375,415.760009765625,387.3194885253906,2811800
VOO,2021-08-31,415.6600036621094,416.0199890136719,414.5799865722656,415.04998779296875,386.6580810546875,6062900
VOO,2021-09-01,416.04998779296875,416.5899963378906,415.1600036621094,415.489990234375,387.0679016113281,3256400
VOO,2021-09-02,416.79998779296875,417.44000244140625,415.5,416.7300109863281,388.22308349609375,2835500
VOO,2021-09-03,415.5799865722656,417.05999755859375,415.1600036621094,416.57000732421875,388.07403564453125,3740000
VOO,2021-09-07,416.2699890136719,416.2900085449219,414.4200134277344,415.0299987792969,386.6394348144531,3542500
VOO,2021-09-08,414.5299987792969,415.260009765625,412.6700134277344,414.6300048828125,386.2667236328125,4012600
VOO,2021-09-09,414.3399963378906,416.07000732421875,412.57000732421875,412.7699890136719,384.53387451171875,3887800
VOO,2021-09-10,414.69000244140625,415.1000061035156,409.4200134277344,409.5799865722656,381.5622253417969,4035500
VOO,2021-09-13,412.5199890136719,412.7099914550781,408.30999755859375,410.5400085449219,382.4565734863281,4738300
VOO,2021-09-14,412.0199890136719,412.17999267578125,407.489990234375,408.4100036621094,380.4722900390625,3657700
VOO,2021-09-15,408.7900085449219,412.260009765625,407.70001220703125,411.82000732421875,383.6490478515625,3891400
VOO,2021-09-16,411.2699890136719,412.19000244140625,408.2300109863281,411.1099853515625,382.9875183105469,3351500
VOO,2021-09-17,410.3500061035156,410.7799987792969,406.7699890136719,407.0799865722656,379.23321533203125,5396100
VOO,2021-09-20,401.1099853515625,402.6400146484375,395.57000732421875,400.42999267578125,373.0381164550781,10942700
VOO,2021-09-21,402.6600036621094,403.8999938964844,399.44000244140625,400.0400085449219,372.6748046875,6418100
VOO,2021-09-22,402.1700134277344,405.8500061035156,401.260009765625,403.8999938964844,376.270751953125,6004800
VOO,2021-09-23,405.7099914550781,410.32000732421875,405.4700012207031,408.7799987792969,380.81695556640625,4098000
VOO,2021-09-24,407.1700134277344,410.1300048828125,406.95001220703125,409.4599914550781,381.45037841796875,3417700
VOO,2021-09-27,408.4200134277344,409.57000732421875,407.5899963378906,408.29998779296875,380.3698425292969,3546600
VOO,2021-09-28,405.54998779296875,405.8699951171875,399.3299865722656,400.1400146484375,372.76800537109375,8234300
VOO,2021-09-29,400.1000061035156,401.7900085449219,398.8599853515625,399.4599914550781,373.3549499511719,4724200
VOO,2021-09-30,400.8500061035156,401.5199890136719,394.3399963378906,394.3999938964844,368.6255798339844,9511200
VOO,2021-10-01,396.2300109863281,400.8500061035156,392.7699890136719,399.1199951171875,373.0371398925781,8482200
VOO,2021-10-04,398.1199951171875,398.94000244140625,391.9599914550781,394.2099914550781,368.44805908203125,8820400
VOO,2021-10-05,395.55999755859375,400.3500061035156,394.7900085449219,398.0400085449219,372.0276794433594,5523200
VOO,2021-10-06,394.6499938964844,400.0199890136719,393.05999755859375,399.80999755859375,373.68206787109375,6590000
VOO,2021-10-07,403.07000732421875,406.04998779296875,402.8500061035156,403.25,376.897216796875,4409200
VOO,2021-10-08,404.0400085449219,404.3900146484375,401.94000244140625,402.489990234375,376.1869201660156,3960900
VOO,2021-10-11,401.9100036621094,404.739990234375,399.55999755859375,399.55999755859375,373.4483642578125,3695700
VOO,2021-10-12,400.54998779296875,400.9200134277344,397.8699951171875,398.760009765625,372.7006530761719,6201300
VOO,2021-10-13,399.6400146484375,400.8800048828125,396.75,400.0400085449219,373.89703369140625,6492400
VOO,2021-10-14,403.70001220703125,406.95001220703125,403.2200012207031,406.760009765625,380.1778564453125,3785200
VOO,2021-10-15,408.9200134277344,410.260009765625,408.2799987792969,409.92999267578125,383.1406555175781,3501600
VOO,2021-10-18,408.20001220703125,411.4599914550781,407.5299987792969,411.17999267578125,384.3089599609375,3402700
VOO,2021-10-19,412.739990234375,414.3800048828125,412.1400146484375,414.3800048828125,387.2999267578125,2838300
VOO,2021-10-20,414.739990234375,416.2200012207031,414.6499938964844,415.989990234375,388.8046569824219,3208200
VOO,2021-10-21,415.3800048828125,417.239990234375,414.94000244140625,417.010009765625,389.7579345703125,2579500
VOO,2021-10-22,416.5799865722656,418.0,414.70001220703125,416.5899963378906,389.3654479980469,3648900
VOO,2021-10-25,417.6400146484375,419.1400146484375,415.92999267578125,418.75,391.38433837890625,2511500
VOO,2021-10-26,420.2699890136719,421.5299987792969,418.8599853515625,419.1499938964844,391.75811767578125,3085300
VOO,2021-10-27,419.6600036621094,420.2900085449219,417.2799987792969,417.3299865722656,390.0570068359375,2873500
VOO,2021-10-28,418.7799987792969,421.44000244140625,418.75,421.4100036621094,393.8704528808594,3643600
VOO,2021-10-29,419.1499938964844,422.5199890136719,418.8699951171875,422.1600036621094,394.57147216796875,4637400
VOO,2021-11-01,423.19000244140625,423.57000732421875,421.2799987792969,423.04998779296875,395.4032897949219,3937300
VOO,2021-11-02,423.1499938964844,424.9599914550781,423.010009765625,424.69000244140625,396.9361267089844,2989200
VOO,2021-11-03,424.1400146484375,427.6600036621094,423.69000244140625,427.25,399.32879638671875,3562900
VOO,2021-11-04,427.8500061035156,429.3699951171875,427.5400085449219,429.25,401.1981506347656,4287300
VOO,2021-11-05,431.54998779296875,432.760009765625,429.29998779296875,430.7099914550781,402.5627136230469,4942900
VOO,2021-11-08,431.8800048828125,432.3399963378906,430.5,431.2300109863281,403.0487060546875,3511600
VOO,2021-11-09,431.55999755859375,431.75,428.3399963378906,429.7200012207031,401.6373291015625,4696000
VOO,2021-11-10,428.0899963378906,429.7300109863281,424.80999755859375,426.260009765625,398.4035339355469,6350700
VOO,2021-11-11,427.70001220703125,427.82000732421875,426.3900146484375,426.3999938964844,398.5343017578125,3634600
VOO,2021-11-12,427.6600036621094,430.1700134277344,426.7300109863281,429.57000732421875,401.4972229003906,3655500
VOO,2021-11-15,430.95001220703125,431.010009765625,428.6499938964844,429.7699890136719,401.68408203125,3122300
VOO,2021-11-16,429.5199890136719,432.5899963378906,429.4700012207031,431.4100036621094,403.2170104980469,3267000
VOO,2021-11-17,431.239990234375,431.3900146484375,429.8399963378906,430.3699951171875,402.24493408203125,3764900
VOO,2021-11-18,431.44000244140625,432.1700134277344,428.79998779296875,431.8599853515625,403.6375732421875,4732200
VOO,2021-11-19,431.8699951171875,432.989990234375,430.3800048828125,431.04998779296875,402.88043212890625,4886200
VOO,2021-11-22,432.92999267578125,435.4100036621094,429.7200012207031,429.9100036621094,401.8149108886719,4868300
VOO,2021-11-23,429.57000732421875,431.2900085449219,427.0400085449219,430.4700012207031,402.3383483886719,6795200
VOO,2021-11-24,428.55999755859375,431.75,427.7099914550781,431.5299987792969,403.3291015625,4569600
VOO,2021-11-26,425.19000244140625,426.5199890136719,420.8999938964844,422.1400146484375,394.5527648925781,7702500
VOO,2021-11-29,426.7099914550781,428.9800109863281,424.54998779296875,427.239990234375,399.3194580078125,6300800
VOO,2021-11-30,424.79998779296875,426.6300048828125,418.6300048828125,419.05999755859375,391.6740417480469,8657600
VOO,2021-12-01,424.4700012207031,427.2200012207031,413.9700012207031,414.239990234375,387.1690368652344,8337000
VOO,2021-12-02,414.4200134277344,422.05999755859375,414.0299987792969,420.55999755859375,393.075927734375,10417700
VOO,2021-12-03,422.1199951171875,423.19000244140625,412.7699890136719,416.8399963378906,389.5990905761719,10228900
VOO,2021-12-06,419.4100036621094,423.6600036621094,417.0,421.82000732421875,394.2536315917969,7289500
VOO,2021-12-07,426.9800109863281,431.1000061035156,426.94000244140625,430.489990234375,402.35711669921875,4731900
VOO,2021-12-08,430.95001220703125,432.1400146484375,429.239990234375,431.70001220703125,403.488037109375,4476500
VOO,2021-12-09,430.4599914550781,431.32000732421875,428.6099853515625,428.760009765625,400.7401428222656,5035400
VOO,2021-12-10,431.44000244140625,432.9599914550781,428.95001220703125,432.8500061035156,404.5628967285156,6238300
VOO,2021-12-13,432.3599853515625,432.6600036621094,428.75,429.010009765625,400.97369384765625,5923900
VOO,2021-12-14,425.79998779296875,428.239990234375,423.20001220703125,426.0899963378906,398.2445373535156,6522900
VOO,2021-12-15,426.1099853515625,432.9800109863281,423.6700134277344,432.75,404.4693908691406,6871300
VOO,2021-12-16,434.55999755859375,434.79998779296875,427.3500061035156,428.8399963378906,400.8148498535156,7159500
VOO,2021-12-17,425.8500061035156,428.7900085449219,422.6700134277344,424.3900146484375,396.65570068359375,8882700
VOO,2021-12-20,419.3900146484375,420.2200012207031,416.29998779296875,419.79998779296875,392.3656311035156,9903400
VOO,2021-12-21,421.6499938964844,425.8500061035156,419.5199890136719,425.69000244140625,399.3289794921875,6916700
VOO,2021-12-22,425.45001220703125,430.0899963378906,425.32000732421875,429.989990234375,403.3626708984375,4992200
VOO,2021-12-23,430.9100036621094,434.1000061035156,430.8699951171875,432.6400146484375,405.8486328125,5032700
VOO,2021-12-27,433.9800109863281,438.82000732421875,433.95001220703125,438.80999755859375,411.6365051269531,4986300
VOO,2021-12-28,439.2799987792969,440.19000244140625,437.6600036621094,438.4800109863281,411.3270263671875,4865800
VOO,2021-12-29,438.5,439.95001220703125,437.5400085449219,439.010009765625,411.8241271972656,4596700
VOO,2021-12-30,439.3900146484375,440.3599853515625,437.32000732421875,437.7699890136719,410.6609191894531,3751800
VOO,2021-12-31,437.2300109863281,438.3800048828125,436.3900146484375,436.57000732421875,409.5353088378906,5185600
VOO,2022-01-03,437.92999267578125,439.2699890136719,435.6400146484375,439.25,412.0492858886719,6017300
VOO,2022-01-04,440.5799865722656,441.260009765625,437.2200012207031,439.07000732421875,411.8804626464844,6262200
VOO,2022-01-05,438.7799987792969,439.4100036621094,430.5299987792969,430.6600036621094,403.99127197265625,7539600
VOO,2022-01-06,430.20001220703125,432.8299865722656,427.8999938964844,430.0799865722656,403.44708251953125,7971500
VOO,2022-01-07,430.2099914550781,431.3599853515625,427.20001220703125,428.5899963378906,402.0494079589844,6157500
VOO,2022-01-10,425.3800048828125,428.19000244140625,419.7699890136719,428.0299987792969,401.52410888671875,10481500
VOO,2022-01-11,427.67999267578125,431.95001220703125,424.7799987792969,431.7799987792969,405.0419006347656,7282400
VOO,2022-01-12,433.55999755859375,435.0400085449219,431.1400146484375,433.07000732421875,406.2520446777344,8270300
VOO,2022-01-13,434.0899963378906,434.7200012207031,426.0899963378906,427.1000061035156,400.65167236328125,7521300
VOO,2022-01-14,423.95001220703125,427.5799865722656,422.80999755859375,427.2300109863281,400.773681640625,9960800
VOO,2022-01-18,422.6199951171875,424.9800109863281,417.3299865722656,419.739990234375,393.7474060058594,10681500
VOO,2022-01-19,421.1700134277344,422.5400085449219,415.07000732421875,415.3299865722656,389.610595703125,8184100
VOO,2022-01-20,417.1700134277344,421.75,410.2900085449219,410.760009765625,385.3235778808594,8907600
VOO,2022-01-21,409.7099914550781,411.92999267578125,402.6600036621094,402.69000244140625,377.75323486328125,16225900
VOO,2022-01-24,397.260009765625,404.8800048828125,386.8399963378906,404.3699951171875,379.3292236328125,22970700
VOO,2022-01-25,398.1700134277344,404.260009765625,392.7300109863281,399.4599914550781,374.7232666015625,16836300
VOO,2022-01-26,405.6600036621094,408.20001220703125,394.3399963378906,398.55999755859375,373.8790588378906,14377300
VOO,2022-01-27,402.92999267578125,405.9700012207031,394.82000732421875,396.5400085449219,371.9841613769531,12455200
VOO,2022-01-28,397.82000732421875,406.3299865722656,393.29998779296875,406.260009765625,381.1022033691406,12096800
VOO,2022-01-31,405.6700134277344,413.9700012207031,404.3500061035156,413.69000244140625,388.07208251953125,9200400
VOO,2022-02-01,414.3399963378906,417.0400085449219,410.8999938964844,416.3900146484375,390.60491943359375,8154900
VOO,2022-02-02,418.9800109863281,421.17999267578125,416.5400085449219,420.3599853515625,394.32904052734375,6726500
VOO,2022-02-03,414.5899963378906,416.42999267578125,409.7900085449219,410.5899963378906,385.1640319824219,7658300
VOO,2022-02-04,410.3399963378906,416.239990234375,408.05999755859375,412.5199890136719,386.97454833984375,8210000
VOO,2022-02-07,413.2300109863281,414.6199951171875,409.8999938964844,411.1600036621094,385.6986999511719,5620900
VOO,2022-02-08,410.7200012207031,415.4599914550781,409.3500061035156,414.489990234375,388.82244873046875,5565700
VOO,2022-02-09,418.54998779296875,420.8699951171875,418.3500061035156,420.57000732421875,394.5260009765625,6284500
VOO,2022-02-10,414.92999267578125,420.79998779296875,411.1400146484375,413.17999267578125,387.5936584472656,9260500
VOO,2022-02-11,413.1499938964844,415.20001220703125,403.57000732421875,404.94000244140625,379.864013671875,10458600
VOO,2022-02-14,404.42999267578125,405.989990234375,400.239990234375,403.6199951171875,378.6257019042969,10167600
VOO,2022-02-15,408.17999267578125,410.2900085449219,407.4599914550781,410.1000061035156,384.7044372558594,6815000
VOO,2022-02-16,408.20001220703125,411.8900146484375,406.32000732421875,410.5899963378906,385.1640319824219,7743800
VOO,2022-02-17,407.489990234375,407.9800109863281,401.2300109863281,401.8599853515625,376.97467041015625,7541000
VOO,2022-02-18,402.1499938964844,403.30999755859375,397.0,399.2900085449219,374.5637512207031,10570800
VOO,2022-02-22,397.04998779296875,400.3699951171875,391.510009765625,394.9200134277344,370.46441650390625,10414700
VOO,2022-02-23,397.739990234375,398.32000732421875,387.3800048828125,387.80999755859375,363.7947692871094,12154900
VOO,2022-02-24,377.760009765625,394.1700134277344,377.5,393.7699890136719,369.3856201171875,21277200
VOO,2022-02-25,394.95001220703125,402.5199890136719,393.3999938964844,402.3699951171875,377.4530944824219,11665200
VOO,2022-02-28,397.17999267578125,402.8500061035156,396.0,401.3599853515625,376.5056457519531,11855900
VOO,2022-03-01,400.010009765625,401.9200134277344,392.7900085449219,395.3399963378906,370.85845947265625,9124400
VOO,2022-03-02,397.7200012207031,404.1000061035156,396.7799987792969,402.6000061035156,377.6688232421875,8185200
VOO,2022-03-03,405.0199890136719,405.5400085449219,398.8800048828125,400.5799865722656,375.7738952636719,8745300
VOO,2022-03-04,396.92999267578125,398.42999267578125,393.3699951171875,397.3399963378906,372.73455810546875,6317700
VOO,2022-03-07,396.7300109863281,397.0,385.55999755859375,385.6099853515625,361.73095703125,8411500
VOO,2022-03-08,385.760009765625,392.739990234375,381.6400146484375,382.70001220703125,359.001220703125,9356100
VOO,2022-03-09,390.8800048828125,394.8500061035156,388.7200012207031,392.8999938964844,368.569580078125,5812600
VOO,2022-03-10,388.44000244140625,392.010009765625,386.5299987792969,391.1499938964844,366.9278869628906,6394800
VOO,2022-03-11,393.6199951171875,394.19000244140625,385.67999267578125,386.1600036621094,362.24688720703125,5872800
VOO,2022-03-14,387.07000732421875,390.2699890136719,382.25,383.3399963378906,359.60150146484375,6455000
VOO,2022-03-15,385.8599853515625,392.3699951171875,384.6300048828125,391.75,367.49078369140625,5739400
VOO,2022-03-16,395.5,400.54998779296875,390.54998779296875,400.510009765625,375.708251953125,7407300
VOO,2022-03-17,398.6400146484375,405.55999755859375,398.29998779296875,405.4100036621094,380.3048400878906,5177500
VOO,2022-03-18,403.9800109863281,410.2799987792969,403.239990234375,409.8900146484375,384.5074462890625,5875000
VOO,2022-03-21,409.8399963378906,411.75,406.42999267578125,409.9100036621094,384.5262145996094,4159500
VOO,2022-03-22,411.20001220703125,415.5199890136719,411.20001220703125,414.6700134277344,388.9913635253906,4231700
VOO,2022-03-23,412.1600036621094,413.6199951171875,409.2900085449219,409.3299865722656,383.98211669921875,3742600
VOO,2022-03-24,409.8900146484375,414.1000061035156,408.80999755859375,414.0199890136719,389.6896667480469,2977300
VOO,2022-03-25,414.7900085449219,416.3599853515625,412.2099914550781,416.1199951171875,391.66632080078125,3638000
VOO,2022-03-28,415.5,419.04998779296875,413.69000244140625,418.989990234375,394.3677062988281,3395300
VOO,2022-03-29,422.9599914550781,424.7200012207031,420.25,424.2900085449219,399.3562316894531,5510600
VOO,2022-03-30,423.260009765625,424.010009765625,419.5899963378906,421.6499938964844,396.8712463378906,4794300
VOO,2022-03-31,420.9700012207031,421.6700134277344,415.04998779296875,415.1700134277344,390.7721862792969,5876600
VOO,2022-04-01,416.67999267578125,416.82000732421875,412.8699951171875,416.32000732421875,391.8546447753906,4663100
VOO,2022-04-04,416.45001220703125,419.9599914550781,415.7200012207031,419.8500061035156,395.1771545410156,5117200
VOO,2022-04-05,418.55999755859375,420.82000732421875,413.5,414.6600036621094,390.2921142578125,4112000
VOO,2022-04-06,410.760009765625,412.6600036621094,407.6400146484375,410.4599914550781,386.3388671875,5540700
VOO,2022-04-07,409.6000061035156,414.29998779296875,407.739990234375,412.5299987792969,388.2873229980469,4954100
VOO,2022-04-08,411.8500061035156,414.2200012207031,409.9800109863281,411.5299987792969,387.3460998535156,4752800
VOO,2022-04-11,408.5,409.05999755859375,403.92999267578125,404.3999938964844,380.63507080078125,3342800
VOO,2022-04-12,407.3299865722656,409.7099914550781,401.3699951171875,402.9200134277344,379.24200439453125,6615800
VOO,2022-04-13,402.57000732421875,408.20001220703125,402.4800109863281,407.4700012207031,383.5246276855469,4358700
VOO,2022-04-14,407.7200012207031,408.7799987792969,402.3399963378906,402.5199890136719,378.86553955078125,3735700
VOO,2022-04-18,401.54998779296875,404.2200012207031,400.44000244140625,402.5899963378906,378.93145751953125,4305900
VOO,2022-04-19,402.5799865722656,409.7699890136719,402.3599853515625,409.0199890136719,384.98358154296875,3841500
VOO,2022-04-20,410.82000732421875,411.3900146484375,407.6700134277344,408.7099914550781,384.6917724609375,5067100
VOO,2022-04-21,412.3800048828125,413.67999267578125,401.79998779296875,402.6499938964844,378.9879150390625,4670200
VOO,2022-04-22,401.6700134277344,401.8900146484375,391.1000061035156,391.6600036621094,368.64373779296875,6326400
VOO,2022-04-25,389.4200134277344,394.05999755859375,385.0,393.79998779296875,370.65802001953125,8141200
VOO,2022-04-26,391.3999938964844,391.5899963378906,382.44000244140625,382.5400085449219,360.0597229003906,8493000
VOO,2022-04-27,383.5,388.75,381.5,383.5299987792969,360.9915771484375,6415700
VOO,2022-04-28,388.2300109863281,394.8999938964844,383.8699951171875,393.1400146484375,370.0368347167969,7030200
VOO,2022-04-29,389.4200134277344,391.45001220703125,378.0,378.70001220703125,356.4453430175781,8221900
VOO,2022-05-02,378.7900085449219,382.2699890136719,372.3299865722656,381.0799865722656,358.68548583984375,10737000
VOO,2022-05-03,381.6199951171875,385.05999755859375,380.0,382.7300109863281,360.2385559082031,5607700
VOO,2022-05-04,383.3500061035156,394.92999267578125,380.2799987792969,394.3399963378906,371.1662292480469,7367500
VOO,2022-05-05,390.2200012207031,390.30999755859375,376.3500061035156,380.489990234375,358.130126953125,10477300
VOO,2022-05-06,378.010009765625,381.2799987792969,372.95001220703125,378.1000061035156,355.880615234375,7959600
VOO,2022-05-09,372.3599853515625,373.55999755859375,364.5,365.8999938964844,344.3975524902344,10793200
VOO,2022-05-10,371.8999938964844,373.2200012207031,362.9100036621094,366.8399963378906,345.2823486328125,7870800
VOO,2022-05-11,365.9700012207031,371.3599853515625,360.2699890136719,360.92999267578125,339.7196044921875,8026900
VOO,2022-05-12,357.8399963378906,363.75,354.0199890136719,360.6499938964844,339.4560546875,7679200
VOO,2022-05-13,364.7300109863281,370.5799865722656,363.6400146484375,369.1600036621094,347.4659729003906,5377400
VOO,2022-05-16,367.7099914550781,371.3500061035156,365.45001220703125,367.8399963378906,346.2235107421875,4719800
VOO,2022-05-17,373.6600036621094,375.55999755859375,370.0799865722656,375.20001220703125,353.1510925292969,4513300
VOO,2022-05-18,370.9800109863281,371.1600036621094,359.0,360.3399963378906,339.1642150878906,6883600
VOO,2022-05-19,357.1700134277344,362.2300109863281,355.8500061035156,357.92999267578125,336.8959045410156,6359500
VOO,2022-05-20,361.4100036621094,361.95001220703125,349.760009765625,358.0199890136719,336.9806213378906,8755900
VOO,2022-05-23,361.0899963378906,365.57000732421875,358.8500061035156,364.80999755859375,343.37164306640625,5254900
VOO,2022-05-24,360.8500061035156,363.2099914550781,355.70001220703125,362.17999267578125,340.8961486816406,5567300
VOO,2022-05-25,360.5400085449219,367.1600036621094,360.2699890136719,365.20001220703125,343.73870849609375,5704600
VOO,2022-05-26,366.45001220703125,374.1300048828125,366.2699890136719,372.4599914550781,350.572021484375,4248300
VOO,2022-05-27,374.94000244140625,381.8599853515625,374.79998779296875,381.79998779296875,359.3631896972656,3911800
VOO,2022-05-31,380.2300109863281,382.8500061035156,376.9200134277344,379.67999267578125,357.36773681640625,5016500
VOO,2022-06-01,381.6099853515625,382.6400146484375,374.1000061035156,376.5,354.3746337890625,4245800
VOO,2022-06-02,376.4100036621094,383.739990234375,374.20001220703125,383.6499938964844,361.1043701171875,3273700
VOO,2022-06-03,379.1099853515625,380.6000061035156,376.4800109863281,377.44000244140625,355.2593688964844,2749500
VOO,2022-06-06,381.3299865722656,382.9599914550781,377.4100036621094,378.4700012207031,356.2288818359375,2659500
VOO,2022-06-07,375.1600036621094,382.6099853515625,374.7099914550781,382.1700134277344,359.7114562988281,2649900
VOO,2022-06-08,380.5,382.2300109863281,377.260009765625,377.989990234375,355.77703857421875,3436400
VOO,2022-06-09,376.239990234375,378.44000244140625,369.0199890136719,369.1000061035156,347.4095764160156,3022000
VOO,2022-06-10,362.92999267578125,363.69000244140625,358.2300109863281,358.2699890136719,337.2159118652344,7629700
VOO,2022-06-13,349.1099853515625,350.8399963378906,343.05999755859375,344.4599914550781,324.21746826171875,10399700
VOO,2022-06-14,346.3699951171875,347.32000732421875,340.57000732421875,343.6000061035156,323.407958984375,7584200
VOO,2022-06-15,346.82000732421875,352.8399963378906,341.9700012207031,348.5199890136719,328.0389404296875,7887600
VOO,2022-06-16,340.4800109863281,340.8399963378906,334.57000732421875,337.07000732421875,317.2618103027344,8821900
VOO,2022-06-17,337.30999755859375,340.8699951171875,334.239990234375,337.95001220703125,318.0900573730469,7084000
VOO,2022-06-21,343.19000244140625,347.5,343.1099853515625,346.2300109863281,325.8834533691406,5628300
VOO,2022-06-22,342.0799865722656,349.510009765625,341.6300048828125,345.5,325.1963806152344,4876100
VOO,2022-06-23,347.6300048828125,349.6099853515625,344.1400146484375,349.1300048828125,328.61309814453125,6708800
VOO,2022-06-24,352.0299987792969,360.0199890136719,351.9700012207031,360.0,338.84423828125,5458600
VOO,2022-06-27,361.0,361.1499938964844,357.57000732421875,358.6499938964844,337.5735778808594,4608600
VOO,2022-06-28,360.0799865722656,362.8399963378906,350.8999938964844,350.8999938964844,330.2790222167969,8797800
VOO,2022-06-29,350.42999267578125,351.3599853515625,347.80999755859375,349.6400146484375,330.4415588378906,3775900
VOO,2022-06-30,345.8800048828125,349.8399963378906,342.45001220703125,346.8800048828125,327.8331604003906,7159600
VOO,2022-07-01,346.1600036621094,350.8299865722656,343.5899963378906,350.44000244140625,331.1976318359375,7481500
VOO,2022-07-05,345.4800109863281,351.1000061035156,342.7799987792969,351.05999755859375,331.78363037109375,6180600
VOO,2022-07-06,351.2300109863281,354.67999267578125,348.92999267578125,352.3299865722656,332.9839172363281,5450900
VOO,2022-07-07,354.010009765625,358.29998779296875,354.0,357.5,337.8700256347656,3737500
VOO,2022-07-08,355.9100036621094,359.04998779296875,354.4700012207031,357.2900085449219,337.6715393066406,4791300
VOO,2022-07-11,354.8399963378906,355.57000732421875,352.510009765625,353.25,333.8533630371094,3491700
VOO,2022-07-12,352.6000061035156,354.8999938964844,348.3800048828125,349.989990234375,330.77239990234375,4080300
VOO,2022-07-13,344.739990234375,351.0,344.3699951171875,348.3599853515625,329.23187255859375,5603500
VOO,2022-07-14,343.4100036621094,347.95001220703125,341.04998779296875,347.44000244140625,328.3624267578125,4624800
VOO,2022-07-15,351.7300109863281,354.1099853515625,349.79998779296875,354.010009765625,334.57159423828125,4520500
VOO,2022-07-18,356.9700012207031,357.6199951171875,349.9200134277344,351.0799865722656,331.8025817871094,3544900
VOO,2022-07-19,354.95001220703125,361.0899963378906,354.25,360.6099853515625,340.8092041015625,3620200
VOO,2022-07-20,360.70001220703125,364.239990234375,359.45001220703125,362.9200134277344,342.9924621582031,4270600
VOO,2022-07-21,362.3599853515625,366.6199951171875,360.010009765625,366.5899963378906,346.4609069824219,4604000
VOO,2022-07-22,366.69000244140625,367.8399963378906,361.010009765625,363.25,343.3043212890625,4533900
VOO,2022-07-25,363.8399963378906,364.44000244140625,361.45001220703125,363.6099853515625,343.6445007324219,3902200
VOO,2022-07-26,362.1199951171875,362.2099914550781,358.45001220703125,359.25,339.52386474609375,2987200
VOO,2022-07-27,362.489990234375,370.3299865722656,362.2200012207031,368.6600036621094,348.41729736328125,4500300
VOO,2022-07-28,369.4200134277344,373.9100036621094,365.9800109863281,373.32000732421875,352.82135009765625,4345300
VOO,2022-07-29,374.7300109863281,379.6600036621094,373.92999267578125,378.7900085449219,357.9910583496094,5246400
VOO,2022-08-01,376.1199951171875,380.010009765625,375.44000244140625,377.6499938964844,356.9136047363281,4421400
VOO,2022-08-02,376.1099853515625,379.6300048828125,373.95001220703125,375.2099914550781,354.60760498046875,4132600
VOO,2022-08-03,377.19000244140625,382.1000061035156,376.9100036621094,381.07000732421875,360.14581298828125,3854800
VOO,2022-08-04,380.8800048828125,381.5299987792969,379.19000244140625,380.7699890136719,359.8623352050781,3410600
VOO,2022-08-05,376.6499938964844,380.70001220703125,376.5400085449219,379.9800109863281,359.11572265625,2852100
VOO,2022-08-08,381.7799987792969,383.9100036621094,378.57000732421875,379.6400146484375,358.7943420410156,3450800
VOO,2022-08-09,379.0199890136719,379.4100036621094,377.1000061035156,378.1400146484375,357.3766784667969,2360500
VOO,2022-08-10,384.989990234375,386.2300109863281,383.1000061035156,386.05999755859375,364.86181640625,3651000
VOO,2022-08-11,388.8699951171875,390.6499938964844,385.3999938964844,386.05999755859375,364.86181640625,3575400
VOO,2022-08-12,387.95001220703125,392.7200012207031,387.0899963378906,392.6700134277344,371.10888671875,3664400
VOO,2022-08-15,390.489990234375,394.760009765625,390.4599914550781,394.3500061035156,372.69659423828125,3203900
VOO,2022-08-16,393.239990234375,396.8900146484375,392.44000244140625,395.0400085449219,373.3487854003906,3864800
VOO,2022-08-17,391.55999755859375,394.8500061035156,390.2900085449219,392.3399963378906,370.79693603515625,3222300
VOO,2022-08-18,392.4200134277344,394.0199890136719,391.1700134277344,393.54998779296875,371.9405212402344,3258100
VOO,2022-08-19,390.70001220703125,390.95001220703125,387.25,388.1199951171875,366.8086853027344,2899000
VOO,2022-08-22,383.42999267578125,383.5400085449219,379.0899963378906,379.94000244140625,359.0779113769531,4153700
VOO,2022-08-23,379.55999755859375,381.8699951171875,378.5199890136719,379.0400085449219,358.227294921875,2869200
VOO,2022-08-24,378.8999938964844,381.5799865722656,378.17999267578125,380.19000244140625,359.3141784667969,2241200
VOO,2022-08-25,381.760009765625,385.7300109863281,380.70001220703125,385.7300109863281,364.5499572753906,2631300
VOO,2022-08-26,385.54998779296875,386.04998779296875,372.510009765625,372.510009765625,352.0558776855469,5153200
VOO,2022-08-29,369.7699890136719,373.04998779296875,368.7799987792969,370.04998779296875,349.7308654785156,4953200
VOO,2022-08-30,371.29998779296875,371.45001220703125,364.0199890136719,366.0299987792969,345.9316101074219,5044500
VOO,2022-08-31,367.6099853515625,368.7900085449219,363.1099853515625,363.1499938964844,343.2098388671875,4062500
VOO,2022-09-01,361.1000061035156,364.70001220703125,358.510009765625,364.2699890136719,344.2682800292969,6126800
VOO,2022-09-02,367.95001220703125,369.1300048828125,358.7799987792969,360.45001220703125,340.6580505371094,4544200
VOO,2022-09-06,361.3599853515625,362.2799987792969,357.0,359.239990234375,339.5144348144531,5680300
VOO,2022-09-07,358.8599853515625,366.3800048828125,358.69000244140625,365.67999267578125,345.6008605957031,4137000
VOO,2022-09-08,363.3800048828125,368.4800109863281,362.2699890136719,368.07000732421875,347.859619140625,3692000
VOO,2022-09-09,370.239990234375,374.6099853515625,369.9800109863281,373.75,353.22772216796875,2621600
VOO,2022-09-12,375.82000732421875,378.510009765625,375.510009765625,377.8599853515625,357.112060546875,2961400
VOO,2022-09-13,369.3399963378906,370.5299987792969,360.2799987792969,361.3800048828125,341.5370178222656,5549200
VOO,2022-09-14,362.5799865722656,364.1700134277344,359.5299987792969,362.7300109863281,342.8128662109375,3555500
VOO,2022-09-15,361.1600036621094,363.9700012207031,357.3999938964844,358.67999267578125,338.9851989746094,3807500
VOO,2022-09-16,354.55999755859375,356.4800109863281,352.69000244140625,355.8599853515625,336.320068359375,4452300
VOO,2022-09-19,352.79998779296875,358.5899963378906,352.75,358.5899963378906,338.900146484375,3412600
VOO,2022-09-20,355.3800048828125,356.3800048828125,351.8299865722656,354.54998779296875,335.0820007324219,3624000
VOO,2022-09-21,356.3800048828125,359.29998779296875,348.30999755859375,348.30999755859375,329.18450927734375,5102400
VOO,2022-09-22,347.54998779296875,348.5400085449219,344.6700134277344,345.3699951171875,326.40606689453125,5555600
VOO,2022-09-23,342.0799865722656,342.0799865722656,335.30999755859375,339.6300048828125,320.9812316894531,10491500
VOO,2022-09-26,338.2300109863281,341.6600036621094,335.07000732421875,336.3399963378906,317.8718566894531,5405700
VOO,2022-09-27,339.7900085449219,341.8399963378906,333.0799865722656,335.3900146484375,316.97406005859375,5795700
VOO,2022-09-28,334.79998779296875,342.1000061035156,333.17999267578125,340.4800109863281,323.2001953125,8683900
VOO,2022-09-29,337.1499938964844,337.29998779296875,330.5299987792969,333.3800048828125,316.46051025390625,7230100
VOO,2022-09-30,332.57000732421875,336.19000244140625,328.1199951171875,328.29998779296875,311.6383056640625,7736600
VOO,2022-10-03,331.7900085449219,338.6600036621094,330.1000061035156,336.9800109863281,319.8778076171875,5739000
VOO,2022-10-04,342.1400146484375,347.3299865722656,342.1300048828125,347.2099914550781,329.588623046875,5110000
VOO,2022-10-05,343.1199951171875,348.6400146484375,340.8599853515625,346.6099853515625,329.01910400390625,4755800
VOO,2022-10-06,345.17999267578125,347.9800109863281,342.489990234375,342.9599914550781,325.5543212890625,3879600
VOO,2022-10-07,339.0799865722656,339.3399963378906,331.6499938964844,333.3299865722656,316.4130554199219,5168100
VOO,2022-10-10,334.4700012207031,334.6700134277344,328.6600036621094,330.8399963378906,314.04937744140625,3933900
VOO,2022-10-11,329.20001220703125,333.55999755859375,326.8500061035156,328.6600036621094,311.9801025390625,4968100
VOO,2022-10-12,329.1499938964844,330.5799865722656,327.44000244140625,327.6400146484375,311.01190185546875,3235100
VOO,2022-10-13,320.8399963378906,337.67999267578125,319.8699951171875,336.2200012207031,319.15631103515625,6396900
VOO,2022-10-14,338.6199951171875,340.19000244140625,328.0299987792969,328.6499938964844,311.9705810546875,4879400
VOO,2022-10-17,334.57000732421875,338.1000061035156,334.4599914550781,337.0,319.8968200683594,3889500
VOO,2022-10-18,344.67999267578125,345.0,337.7699890136719,340.9700012207031,323.66534423828125,4903300
VOO,2022-10-19,339.0400085449219,341.6700134277344,335.8999938964844,338.6099853515625,321.4250793457031,4403200
VOO,2022-10-20,338.1700134277344,342.4200134277344,335.04998779296875,335.8299865722656,318.7861633300781,3459100
VOO,2022-10-21,335.5,344.3900146484375,334.1300048828125,343.8999938964844,326.4466247558594,4362400
VOO,2022-10-24,345.45001220703125,349.2300109863281,342.8699951171875,348.0899963378906,330.4239196777344,5639400
VOO,2022-10-25,348.04998779296875,354.0299987792969,348.0299987792969,353.75,335.7967224121094,5203400
VOO,2022-10-26,350.70001220703125,356.1700134277344,350.44000244140625,351.1099853515625,333.29071044921875,4277700
VOO,2022-10-27,352.04998779296875,353.7900085449219,348.6000061035156,349.2300109863281,331.506103515625,4145300
VOO,2022-10-28,349.0400085449219,357.9800109863281,348.95001220703125,357.3800048828125,339.24249267578125,4388100
VOO,2022-10-31,355.1600036621094,356.9200134277344,354.04998779296875,354.95001220703125,336.93585205078125,6431000
VOO,2022-11-01,358.5299987792969,358.7699890136719,352.2900085449219,353.5199890136719,335.578369140625,8014300
VOO,2022-11-02,352.7799987792969,357.1300048828125,344.4100036621094,344.5,327.01617431640625,5022500
VOO,2022-11-03,341.3399963378906,343.80999755859375,338.8999938964844,340.8299865722656,323.5323791503906,4534800
VOO,2022-11-04,346.4100036621094,348.0199890136719,340.0,345.82000732421875,328.2691650390625,3655400
VOO,2022-11-07,347.05999755859375,349.7099914550781,345.1000061035156,349.1400146484375,331.42071533203125,3316600
VOO,2022-11-08,350.2099914550781,353.8699951171875,347.0799865722656,351.0400085449219,333.22430419921875,3237200
VOO,2022-11-09,349.0799865722656,350.2200012207031,343.3599853515625,343.8699951171875,326.4181213378906,3570800
VOO,2022-11-10,356.5199890136719,363.010009765625,354.4100036621094,362.69000244140625,344.282958984375,4603600
VOO,2022-11-11,363.69000244140625,367.0199890136719,361.739990234375,366.1600036621094,347.576904296875,4877400
VOO,2022-11-14,364.57000732421875,367.7900085449219,362.8900146484375,363.2200012207031,344.78607177734375,5274300
VOO,2022-11-15,368.6499938964844,369.739990234375,362.5899963378906,366.2200012207031,347.63385009765625,4597800
VOO,2022-11-16,364.70001220703125,365.5199890136719,362.8500061035156,363.44000244140625,344.9949645996094,2755100
VOO,2022-11-17,358.79998779296875,362.989990234375,358.57000732421875,362.3900146484375,343.99822998046875,3278500
VOO,2022-11-18,365.4599914550781,365.5899963378906,361.2300109863281,363.989990234375,345.5169677734375,2574400
VOO,2022-11-21,362.7699890136719,363.739990234375,360.8699951171875,362.7099914550781,344.3019714355469,2397900
VOO,2022-11-22,364.510009765625,367.67999267578125,363.2099914550781,367.5400085449219,348.8868713378906,2316000
VOO,2022-11-23,367.2099914550781,370.3599853515625,367.0199890136719,369.8399963378906,351.0700988769531,2590900
VOO,2022-11-25,369.3900146484375,370.3399963378906,369.05999755859375,369.79998779296875,351.0321350097656,1423400
VOO,2022-11-28,366.8599853515625,368.3800048828125,363.1499938964844,363.95001220703125,345.4790954589844,3553600
VOO,2022-11-29,363.92999267578125,365.17999267578125,361.4800109863281,363.30999755859375,344.87158203125,2507800
VOO,2022-11-30,363.45001220703125,374.5899963378906,361.6499938964844,374.489990234375,355.4841613769531,4748800
VOO,2022-12-01,375.8699951171875,377.0,372.04998779296875,374.5400085449219,355.5316162109375,4608600
VOO,2022-12-02,369.6600036621094,374.8800048828125,369.6600036621094,374.0,355.0190124511719,3596000
VOO,2022-12-05,371.2799987792969,372.19000244140625,365.989990234375,367.3399963378906,348.6969909667969,3707000
VOO,2022-12-06,367.0899963378906,367.6099853515625,359.92999267578125,362.0299987792969,343.6564636230469,3911000
VOO,2022-12-07,361.04998779296875,363.6099853515625,360.30999755859375,361.3299865722656,342.9920654296875,3338000
VOO,2022-12-08,363.1300048828125,365.1499938964844,361.6000061035156,364.17999267578125,345.69732666015625,3604500
VOO,2022-12-09,363.0,365.44000244140625,361.3399963378906,361.5199890136719,343.1723937988281,4271400
VOO,2022-12-12,362.2799987792969,366.67999267578125,361.5799865722656,366.67999267578125,348.0704650878906,2946200
VOO,2022-12-13,377.1099853515625,377.19000244140625,366.79998779296875,369.3900146484375,350.6429748535156,6161800
VOO,2022-12-14,369.1000061035156,372.79998779296875,364.25,367.1600036621094,348.5261535644531,4707100
VOO,2022-12-15,362.4700012207031,363.239990234375,356.4599914550781,358.1300048828125,339.9544372558594,5126800
VOO,2022-12-16,355.6499938964844,356.8299865722656,351.7900085449219,353.8599853515625,335.901123046875,4533100
VOO,2022-12-19,354.1300048828125,354.3399963378906,349.25,350.80999755859375,333.0058898925781,5538500
VOO,2022-12-20,348.45001220703125,351.1700134277344,347.2099914550781,349.6700134277344,333.5133361816406,5068200
VOO,2022-12-21,352.20001220703125,355.95001220703125,351.70001220703125,354.8999938964844,338.5016784667969,3832400
VOO,2022-12-22,351.9800109863281,352.25,344.3399963378906,349.9100036621094,333.7423095703125,6458200
VOO,2022-12-23,348.92999267578125,351.95001220703125,347.3500061035156,351.8699951171875,335.6116638183594,4572000
VOO,2022-12-27,351.760009765625,352.0400085449219,348.8500061035156,350.4700012207031,334.2763671875,4303200
VOO,2022-12-28,350.4200134277344,352.20001220703125,345.8999938964844,346.1700134277344,330.17510986328125,4464600
VOO,2022-12-29,348.9100036621094,353.1300048828125,348.4700012207031,352.30999755859375,336.0313415527344,4086600
VOO,2022-12-30,349.7900085449219,351.489990234375,347.760009765625,351.3399963378906,335.10614013671875,5325400
VOO,2023-01-03,353.17999267578125,355.0400085449219,347.19000244140625,349.989990234375,333.8185729980469,4957300
VOO,2023-01-04,352.1000061035156,354.55999755859375,349.20001220703125,352.510009765625,336.22210693359375,3119100
VOO,2023-01-05,350.7300109863281,350.79998779296875,348.05999755859375,348.6600036621094,332.5499572753906,3216500
VOO,2023-01-06,351.5899963378906,357.6700134277344,348.739990234375,356.5899963378906,340.1136169433594,3464800
VOO,2023-01-09,358.7300109863281,361.7300109863281,356.2200012207031,356.3299865722656,339.8656005859375,3775300
VOO,2023-01-10,355.8399963378906,358.95001220703125,354.9599914550781,358.8699951171875,342.2881774902344,3495700
VOO,2023-01-11,360.4100036621094,363.510009765625,359.6600036621094,363.45001220703125,346.6566467285156,5710500
VOO,2023-01-12,364.4800109863281,366.1499938964844,360.6000061035156,364.80999755859375,347.9538269042969,4743500
VOO,2023-01-13,361.67999267578125,366.7300109863281,361.4700012207031,366.2300109863281,349.3082275390625,3015200
VOO,2023-01-17,366.19000244140625,367.7200012207031,364.8699951171875,365.6700134277344,348.7741394042969,4942000
VOO,2023-01-18,366.6700134277344,367.6600036621094,359.5799865722656,359.7300109863281,343.1084899902344,3931800
VOO,2023-01-19,357.760009765625,359.3599853515625,355.8500061035156,357.1400146484375,340.6381530761719,3569900
VOO,2023-01-20,358.45001220703125,363.9100036621094,356.8800048828125,363.7099914550781,346.9045715332031,3265100
VOO,2023-01-23,364.510009765625,370.0,363.6499938964844,368.1400146484375,351.1299743652344,3243300
VOO,2023-01-24,366.57000732421875,368.6099853515625,365.4200134277344,367.75,350.7579650878906,2702400
VOO,2023-01-25,363.7799987792969,368.1600036621094,361.6600036621094,367.8800048828125,350.8819580078125,3061700
VOO,2023-01-26,370.4599914550781,372.05999755859375,367.6099853515625,371.80999755859375,354.6303405761719,3460900
VOO,2023-01-27,370.8900146484375,375.0799865722656,370.760009765625,372.8699951171875,355.641357421875,5549500
VOO,2023-01-30,370.1499938964844,372.2900085449219,367.8599853515625,368.2099914550781,351.1967468261719,3280600
VOO,2023-01-31,368.6099853515625,373.5400085449219,368.3299865722656,373.44000244140625,356.1850280761719,4181700
VOO,2023-02-01,372.44000244140625,380.1600036621094,369.760009765625,377.5299987792969,360.0860900878906,4941700
VOO,2023-02-02,381.25,384.4100036621094,379.3999938964844,382.94000244140625,365.2460632324219,5207900
VOO,2023-02-03,378.2300109863281,383.20001220703125,377.7900085449219,378.8500061035156,361.3450927734375,6472500
VOO,2023-02-06,376.5799865722656,377.92999267578125,375.0199890136719,376.6600036621094,359.25628662109375,2880100
VOO,2023-02-07,375.7900085449219,382.75,374.6199951171875,381.5199890136719,363.8916320800781,4504600
VOO,2023-02-08,379.69000244140625,380.92999267578125,376.7300109863281,377.3399963378906,359.90484619140625,2921500
VOO,2023-02-09,380.9700012207031,381.0,372.95001220703125,374.1099853515625,356.8240966796875,3327700
VOO,2023-02-10,373.0,375.3900146484375,372.20001220703125,375.0199890136719,357.6920471191406,3256700
VOO,2023-02-13,375.6499938964844,379.44000244140625,375.20001220703125,379.3500061035156,361.8219299316406,2980600
VOO,2023-02-14,377.9599914550781,381.4200134277344,375.45001220703125,379.2099914550781,361.68841552734375,4718000
VOO,2023-02-15,377.1499938964844,380.5299987792969,376.3299865722656,380.4800109863281,362.8997497558594,2820200
VOO,2023-02-16,375.6600036621094,379.42999267578125,375.0899963378906,375.19000244140625,357.8542175292969,3077500
VOO,2023-02-17,373.17999267578125,374.45001220703125,371.32000732421875,374.2200012207031,356.92901611328125,3285300
VOO,2023-02-21,370.3999938964844,371.3399963378906,366.4800109863281,366.7900085449219,349.84234619140625,3109200
VOO,2023-02-22,367.17999267578125,368.6000061035156,364.8399963378906,366.3299865722656,349.4035339355469,3872000
VOO,2023-02-23,369.07000732421875,369.57000732421875,364.1300048828125,368.1700134277344,351.1585693359375,2867200
VOO,2023-02-24,363.30999755859375,365.0299987792969,361.7300109863281,364.2300109863281,347.4006042480469,4055000
VOO,2023-02-27,367.489990234375,368.7699890136719,364.5899963378906,365.489990234375,348.60235595703125,3300100
VOO,2023-02-28,365.010009765625,366.8599853515625,364.04998779296875,364.1099853515625,347.2861633300781,3022200
VOO,2023-03-01,363.3399963378906,364.510009765625,361.45001220703125,362.7799987792969,346.0176086425781,3764700
VOO,2023-03-02,360.80999755859375,366.3599853515625,360.5299987792969,365.489990234375,348.60235595703125,2727200
VOO,2023-03-03,367.2900085449219,371.6700134277344,366.70001220703125,371.2799987792969,354.12481689453125,4913600
VOO,2023-03-06,372.260009765625,374.44000244140625,371.29998779296875,371.7300109863281,354.5540771484375,2638300
VOO,2023-03-07,371.6300048828125,371.8900146484375,365.3900146484375,365.9800109863281,349.0696716308594,3546100
VOO,2023-03-08,366.1099853515625,367.29998779296875,364.44000244140625,366.54998779296875,349.61334228515625,2906300
VOO,2023-03-09,367.3500061035156,368.8800048828125,358.8500061035156,359.8399963378906,343.21337890625,4409600
VOO,2023-03-10,359.3299865722656,361.239990234375,353.1400146484375,354.67999267578125,338.2918701171875,8360400
VOO,2023-03-13,350.760009765625,358.6700134277344,349.760009765625,354.0799865722656,337.7195129394531,6478700
VOO,2023-03-14,358.8800048828125,361.510009765625,355.6300048828125,359.9599914550781,343.32781982421875,4798800
VOO,2023-03-15,354.4599914550781,357.8800048828125,352.57000732421875,357.739990234375,341.21044921875,6610400
VOO,2023-03-16,355.5400085449219,364.260009765625,354.989990234375,363.8599853515625,347.04766845703125,5016700
VOO,2023-03-17,362.760009765625,363.7900085449219,358.4200134277344,359.8800048828125,343.2515563964844,5189900
VOO,2023-03-20,360.4700012207031,363.5799865722656,359.82000732421875,363.1300048828125,346.3514404296875,3099800
VOO,2023-03-21,366.4200134277344,368.4100036621094,364.8800048828125,367.8800048828125,350.8819580078125,4117600
VOO,2023-03-22,367.7799987792969,371.2200012207031,361.6600036621094,361.7799987792969,345.0638427734375,4094800
VOO,2023-03-23,364.4800109863281,368.2900085449219,360.1199951171875,362.6400146484375,345.8840637207031,4787200
VOO,2023-03-24,359.9800109863281,363.6300048828125,357.7200012207031,363.55999755859375,348.1893005371094,3740400
VOO,2023-03-27,365.7300109863281,366.42999267578125,363.3999938964844,364.1600036621094,348.7639465332031,4144800
VOO,2023-03-28,363.5400085449219,364.20001220703125,361.67999267578125,363.5199890136719,348.1509094238281,2413700
VOO,2023-03-29,367.3999938964844,368.94000244140625,366.2900085449219,368.69000244140625,353.1024169921875,3636100
VOO,2023-03-30,371.2300109863281,371.4800109863281,369.1000061035156,370.8900146484375,355.2094421386719,3316700
VOO,2023-03-31,371.7799987792969,376.3399963378906,371.6499938964844,376.07000732421875,360.17041015625,4159800
VOO,2023-04-03,375.6000061035156,377.9100036621094,375.2200012207031,377.55999755859375,361.5973815917969,3525300
VOO,2023-04-04,378.19000244140625,378.3999938964844,374.1300048828125,375.42999267578125,359.5574645996094,2713300
VOO,2023-04-05,374.7099914550781,375.4200134277344,372.8900146484375,374.5199890136719,358.6859130859375,3227700
VOO,2023-04-06,373.6700134277344,376.19000244140625,372.7200012207031,375.95001220703125,360.0554504394531,3076200
VOO,2023-04-10,373.54998779296875,376.3900146484375,372.9599914550781,376.3599853515625,360.4481201171875,2671100
VOO,2023-04-11,376.8999938964844,377.760009765625,375.69000244140625,376.4100036621094,360.49603271484375,3069000
VOO,2023-04-12,378.3999938964844,378.6199951171875,374.32000732421875,374.9100036621094,359.0594177246094,3624200
VOO,2023-04-13,375.9100036621094,380.1700134277344,375.44000244140625,379.7699890136719,363.7139892578125,2680900
VOO,2023-04-14,379.2699890136719,381.3299865722656,376.7200012207031,378.989990234375,362.9668884277344,2981700
VOO,2023-04-17,378.8399963378906,380.32000732421875,377.67999267578125,380.2799987792969,364.2023620605469,2721000
VOO,2023-04-18,381.8399963378906,381.9200134277344,379.239990234375,380.5400085449219,364.4513854980469,3019300
VOO,2023-04-19,378.7300109863281,381.3299865722656,378.6700134277344,380.5199890136719,364.4322204589844,2671300
VOO,2023-04-20,377.7799987792969,380.07000732421875,376.94000244140625,378.3699951171875,362.3731384277344,2953200
VOO,2023-04-21,378.67999267578125,379.1000061035156,376.82000732421875,378.5899963378906,362.58380126953125,2762300
VOO,2023-04-24,378.4800109863281,379.4700012207031,377.2300109863281,379.0899963378906,363.062744140625,2310400
VOO,2023-04-25,377.17999267578125,377.70001220703125,373.0199890136719,373.1000061035156,357.32598876953125,3795400
VOO,2023-04-26,373.6600036621094,374.67999267578125,370.9800109863281,371.44000244140625,355.7361145019531,3766900
VOO,2023-04-27,373.8900146484375,379.1300048828125,373.6700134277344,378.80999755859375,362.7945251464844,4302400
VOO,2023-04-28,378.0400085449219,382.1199951171875,378.0,382.04998779296875,365.8975830078125,3386900
VOO,2023-05-01,381.7300109863281,383.6400146484375,381.5199890136719,381.7900085449219,365.6485595703125,3069300
VOO,2023-05-02,381.05999755859375,381.1099853515625,374.6700134277344,377.510009765625,361.5495910644531,4311600
VOO,2023-05-03,377.9100036621094,380.20001220703125,374.6000061035156,374.8800048828125,359.03070068359375,5513000
VOO,2023-05-04,373.8399963378906,374.1099853515625,370.9200134277344,372.1400146484375,356.4065856933594,4421500
VOO,2023-05-05,375.739990234375,380.0899963378906,375.42999267578125,378.9700012207031,362.9477233886719,3139400
VOO,2023-05-08,379.4100036621094,379.6199951171875,377.8800048828125,379.17999267578125,363.1488952636719,2957600
VOO,2023-05-09,377.7099914550781,378.5799865722656,377.3299865722656,377.5400085449219,361.5782775878906,2271000
VOO,2023-05-10,380.2799987792969,380.8299865722656,375.6400146484375,379.19000244140625,363.1584777832031,3512900
VOO,2023-05-11,378.4700012207031,378.8800048828125,376.6700134277344,378.6600036621094,362.6509094238281,2676600
VOO,2023-05-12,379.8500061035156,380.010009765625,375.8399963378906,378.1499938964844,362.1624450683594,2531000
VOO,2023-05-15,378.739990234375,379.8399963378906,376.9100036621094,379.4599914550781,363.4170837402344,3882600
VOO,2023-05-16,378.3900146484375,379.2799987792969,376.9100036621094,376.95001220703125,361.0132141113281,2275300
VOO,2023-05-17,378.8500061035156,382.0899963378906,377.2799987792969,381.45001220703125,365.32293701171875,3222600
VOO,2023-05-18,381.260009765625,385.57000732421875,381.0,385.17999267578125,368.89520263671875,3340600
VOO,2023-05-19,386.0199890136719,386.5400085449219,383.44000244140625,384.57000732421875,368.3110046386719,3649000
VOO,2023-05-22,384.6600036621094,386.2300109863281,383.4700012207031,384.7799987792969,368.5121765136719,2784000
VOO,2023-05-23,383.19000244140625,384.1099853515625,380.0799865722656,380.4800109863281,364.3939208984375,2887300
VOO,2023-05-24,378.9100036621094,379.25,376.57000732421875,377.6300048828125,361.6644287109375,3611600
VOO,2023-05-25,380.989990234375,382.2799987792969,378.9200134277344,380.9200134277344,364.8153381347656,3315900
VOO,2023-05-26,381.6400146484375,386.57000732421875,381.5400085449219,385.8699951171875,369.55609130859375,3042800
VOO,2023-05-30,387.760009765625,388.260009765625,384.760009765625,385.989990234375,369.6710510253906,3968500
VOO,2023-05-31,384.30999755859375,385.1600036621094,382.4200134277344,383.8900146484375,367.6597900390625,4205300
VOO,2023-06-01,384.20001220703125,388.57000732421875,382.9700012207031,387.57000732421875,371.1841735839844,3563600
VOO,2023-06-02,390.0799865722656,393.9599914550781,389.5400085449219,393.260009765625,376.6336364746094,7368900
VOO,2023-06-05,393.5400085449219,394.7699890136719,391.7900085449219,392.5,375.90576171875,3481200
VOO,2023-06-06,392.04998779296875,393.7900085449219,391.4100036621094,393.30999755859375,376.6815490722656,2894700
VOO,2023-06-07,393.6700134277344,394.760009765625,391.5400085449219,392.0199890136719,375.446044921875,3942900
VOO,2023-06-08,391.9599914550781,394.7300109863281,391.2900085449219,394.3699951171875,377.6967468261719,3455400
VOO,2023-06-09,395.04998779296875,396.92999267578125,394.0799865722656,395.0299987792969,378.32879638671875,3060100
VOO,2023-06-12,395.9800109863281,398.69000244140625,395.29998779296875,398.6600036621094,381.8053283691406,3792700
VOO,2023-06-13,400.0199890136719,401.8500061035156,399.3999938964844,401.2900085449219,384.32415771484375,3913100
VOO,2023-06-14,401.6099853515625,403.44000244140625,398.4599914550781,401.6000061035156,384.6210021972656,5161300
VOO,2023-06-15,401.0,407.92999267578125,400.8900146484375,406.75,389.55328369140625,5285000
VOO,2023-06-16,408.69000244140625,408.760009765625,404.8900146484375,405.25,388.1166687011719,5141900
VOO,2023-06-20,403.489990234375,404.32000732421875,401.260009765625,403.3800048828125,386.3257751464844,4242900
VOO,2023-06-21,402.30999755859375,403.05999755859375,400.6700134277344,401.1700134277344,384.20928955078125,3423500
VOO,2023-06-22,400.2799987792969,402.7200012207031,399.95001220703125,402.6300048828125,385.6075134277344,3141000
VOO,2023-06-23,399.3299865722656,401.2799987792969,398.92999267578125,399.6099853515625,382.7151794433594,4215300
VOO,2023-06-26,399.0400085449219,400.8599853515625,397.7300109863281,397.9599914550781,381.13494873046875,3250700
VOO,2023-06-27,398.79998779296875,402.92999267578125,398.3900146484375,402.3699951171875,385.3584899902344,4302400
VOO,2023-06-28,401.3500061035156,403.489990234375,400.7099914550781,402.54998779296875,385.5308532714844,4320700
VOO,2023-06-29,400.6000061035156,402.6700134277344,400.19000244140625,402.510009765625,387.00775146484375,3914800
VOO,2023-06-30,405.3999938964844,408.2200012207031,405.2900085449219,407.2799987792969,391.5940246582031,5173700
VOO,2023-07-03,406.9200134277344,408.05999755859375,406.67999267578125,408.05999755859375,392.343994140625,2372000
VOO,2023-07-05,406.010009765625,407.8399963378906,406.010009765625,407.1499938964844,391.468994140625,4230100
VOO,2023-07-06,403.7799987792969,404.3500061035156,401.55999755859375,403.8299865722656,388.2768249511719,6040300
VOO,2023-07-07,403.0299987792969,406.67999267578125,402.7099914550781,402.8900146484375,387.3730773925781,3673200
VOO,2023-07-10,402.6300048828125,404.1099853515625,402.05999755859375,403.9700012207031,388.4114685058594,3362300
VOO,2023-07-11,404.7699890136719,407.0,403.7699890136719,406.55999755859375,390.9017028808594,3177800
VOO,2023-07-12,410.19000244140625,411.1300048828125,408.7900085449219,409.760009765625,393.97845458984375,4246400
VOO,2023-07-13,411.5400085449219,413.80999755859375,411.1300048828125,413.1000061035156,397.18988037109375,3273400
VOO,2023-07-14,413.94000244140625,414.7099914550781,412.0799865722656,412.7699890136719,396.87255859375,3680900
VOO,2023-07-17,412.6499938964844,415.25,412.6300048828125,414.2099914550781,398.2571105957031,2963700
VOO,2023-07-18,413.9100036621094,417.92999267578125,413.5400085449219,417.3500061035156,401.2761535644531,3594000
VOO,2023-07-19,418.07000732421875,419.3699951171875,417.489990234375,418.25,402.1414489746094,3494900
VOO,2023-07-20,417.29998779296875,418.1600036621094,414.82000732421875,415.5199890136719,399.5166320800781,4085000
VOO,2023-07-21,417.1099853515625,417.29998779296875,415.4800109863281,415.57000732421875,399.56475830078125,3176700
VOO,2023-07-24,416.5799865722656,418.1000061035156,416.0199890136719,417.3299865722656,401.2569580078125,3471100
VOO,2023-07-25,417.0799865722656,419.6499938964844,417.07000732421875,418.55999755859375,402.4395751953125,3949300
VOO,2023-07-26,417.6199951171875,419.8900146484375,416.5799865722656,418.6600036621094,402.53570556640625,6138800
VOO,2023-07-27,421.7900085449219,422.1499938964844,414.9200134277344,415.82000732421875,399.8050842285156,4149400
VOO,2023-07-28,418.92999267578125,420.6199951171875,418.1600036621094,419.8699951171875,403.69915771484375,2701200
VOO,2023-07-31,420.32000732421875,420.9700012207031,419.04998779296875,420.67999267578125,404.4779052734375,3452100
VOO,2023-08-01,419.260009765625,420.0799865722656,418.54998779296875,419.3800048828125,403.22796630859375,3118000
VOO,2023-08-02,416.4599914550781,416.70001220703125,412.8800048828125,413.57000732421875,397.6416931152344,4973700
VOO,2023-08-03,411.67999267578125,414.19000244140625,411.0899963378906,412.3999938964844,396.51678466796875,3022300
VOO,2023-08-04,414.1499938964844,416.1300048828125,410.0299987792969,410.3800048828125,394.5745849609375,5717300
VOO,2023-08-07,412.2900085449219,414.239990234375,411.6400146484375,414.0799865722656,398.1321105957031,2598000
VOO,2023-08-08,411.760009765625,412.739990234375,409.1300048828125,412.2900085449219,396.4110107421875,3780100
VOO,2023-08-09,412.6600036621094,412.7300109863281,408.8500061035156,409.54998779296875,393.776611328125,3145900
VOO,2023-08-10,411.79998779296875,415.04998779296875,408.6199951171875,409.7900085449219,394.00732421875,4588300
VOO,2023-08-11,407.95001220703125,410.4100036621094,407.3399963378906,409.4100036621094,393.6419982910156,2918900
VOO,2023-08-14,408.55999755859375,411.739990234375,408.30999755859375,411.7200012207031,395.8630676269531,2772900
VOO,2023-08-15,410.0899963378906,411.7099914550781,406.4100036621094,407.0,391.3248291015625,4686100
VOO,2023-08-16,406.5899963378906,408.1099853515625,403.8699951171875,403.989990234375,388.4306945800781,3353700
VOO,2023-08-17,405.3299865722656,405.5799865722656,400.3699951171875,400.7200012207031,385.2866516113281,7102500
VOO,2023-08-18,398.1700134277344,402.0199890136719,397.8500061035156,401.0899963378906,385.64239501953125,4157700
VOO,2023-08-21,402.1400146484375,404.3900146484375,399.989990234375,403.739990234375,388.1903381347656,3292400
VOO,2023-08-22,405.3500061035156,405.3999938964844,402.05999755859375,402.6099853515625,387.1038818359375,2646100
VOO,2023-08-23,403.55999755859375,407.6700134277344,403.4700012207031,406.95001220703125,391.2767028808594,3250000
VOO,2023-08-24,408.6000061035156,409.0799865722656,401.3999938964844,401.5400085449219,386.0750732421875,3458800
VOO,2023-08-25,403.0799865722656,405.79998779296875,399.7099914550781,404.20001220703125,388.63262939453125,4417800
VOO,2023-08-28,406.3599853515625,407.44000244140625,405.1000061035156,406.8599853515625,391.1901550292969,3236700
VOO,2023-08-29,406.7799987792969,412.9800109863281,406.57000732421875,412.6400146484375,396.7475891113281,3482700
VOO,2023-08-30,413.0299987792969,415.0299987792969,412.3999938964844,414.3599853515625,398.4013366699219,3004500
VOO,2023-08-31,414.9800109863281,416.1199951171875,413.6600036621094,413.8299865722656,397.8917541503906,4751100
VOO,2023-09-01,416.4599914550781,416.8800048828125,413.2099914550781,414.7099914550781,398.73779296875,3588000
VOO,2023-09-05,414.20001220703125,414.4700012207031,412.7699890136719,412.8999938964844,396.99755859375,4426700
VOO,2023-09-06,412.1000061035156,412.1300048828125,407.8299865722656,410.04998779296875,394.2572937011719,3744100
VOO,2023-09-07,407.1700134277344,409.42999267578125,406.8599853515625,408.8299865722656,393.0842590332031,2245800
VOO,2023-09-08,408.82000732421875,410.8399963378906,408.489990234375,409.3900146484375,393.6227722167969,4124400
VOO,2023-09-11,411.8800048828125,412.3800048828125,410.2900085449219,412.0799865722656,396.20916748046875,3346600
VOO,2023-09-12,410.70001220703125,412.1499938964844,409.2900085449219,409.8699951171875,394.0841979980469,7595300
VOO,2023-09-13,410.0299987792969,411.3999938964844,408.989990234375,410.3500061035156,394.5458068847656,2529700
VOO,2023-09-14,412.6700134277344,414.510009765625,411.4200134277344,413.8999938964844,397.9590148925781,3660900
VOO,2023-09-15,412.3399963378906,412.6700134277344,408.4800109863281,408.739990234375,392.997802734375,4004000
VOO,2023-09-18,408.5799865722656,410.3399963378906,408.1600036621094,409.19000244140625,393.43048095703125,3014600
VOO,2023-09-19,408.2200012207031,408.80999755859375,405.7099914550781,408.3699951171875,392.6420593261719,3623300
VOO,2023-09-20,409.4599914550781,409.8399963378906,404.3299865722656,404.54998779296875,388.9691467285156,4009400
VOO,2023-09-21,401.79998779296875,402.04998779296875,397.69000244140625,397.9200134277344,382.594482421875,4633100
VOO,2023-09-22,398.79998779296875,400.3299865722656,396.55999755859375,396.9599914550781,381.67144775390625,7204200
VOO,2023-09-25,395.760009765625,398.6400146484375,395.3699951171875,398.6099853515625,383.2579345703125,3227900
VOO,2023-09-26,395.7200012207031,396.3599853515625,391.9599914550781,392.760009765625,377.6332092285156,5734700
VOO,2023-09-27,393.8399963378906,394.3900146484375,389.45001220703125,392.8500061035156,377.7197570800781,4837700
VOO,2023-09-28,390.8699951171875,395.2699890136719,390.3299865722656,393.6400146484375,379.9232482910156,4065800
VOO,2023-09-29,396.6199951171875,396.739990234375,391.29998779296875,392.70001220703125,379.0159606933594,5766600
VOO,2023-10-02,391.8999938964844,393.760009765625,389.9700012207031,392.6700134277344,378.9870300292969,5886200
VOO,2023-10-03,390.5799865722656,391.92999267578125,386.0299987792969,387.3900146484375,373.8910217285156,6886700
VOO,2023-10-04,387.7300109863281,390.8500061035156,386.3999938964844,390.239990234375,376.64166259765625,4333700
VOO,2023-10-05,389.8900146484375,390.7900085449219,386.95001220703125,389.9100036621094,376.3232421875,3329100
VOO,2023-10-06,387.69000244140625,396.0899963378906,386.4100036621094,394.55999755859375,380.8111572265625,4897200
VOO,2023-10-09,392.7699890136719,397.69000244140625,392.30999755859375,397.19000244140625,383.3494873046875,2959500
VOO,2023-10-10,397.7699890136719,401.67999267578125,397.3900146484375,399.239990234375,385.3280334472656,3289600
VOO,2023-10-11,400.2699890136719,401.0899963378906,397.989990234375,400.92999267578125,386.95916748046875,4181800
VOO,2023-10-12,401.4800109863281,401.79998779296875,396.20001220703125,398.5199890136719,384.6331481933594,3872900
VOO,2023-10-13,399.80999755859375,400.9599914550781,394.9599914550781,396.4200134277344,382.60638427734375,3769800
VOO,2023-10-16,398.57000732421875,401.6000061035156,398.3399963378906,400.57000732421875,386.6117248535156,5150900
VOO,2023-10-17,397.6300048828125,402.5,397.30999755859375,400.5799865722656,386.6213684082031,4214600
VOO,2023-10-18,398.8900146484375,399.80999755859375,394.2200012207031,395.2200012207031,381.4482116699219,7329300
VOO,2023-10-19,395.9700012207031,397.6000061035156,391.1400146484375,391.8699951171875,378.21490478515625,6708900
VOO,2023-10-20,391.3800048828125,391.82000732421875,386.8399963378906,386.989990234375,373.5049743652344,7549600
VOO,2023-10-23,385.4800109863281,389.94000244140625,383.8500061035156,386.30999755859375,372.8486328125,5537100
VOO,2023-10-24,388.2799987792969,390.260009765625,386.54998779296875,389.20001220703125,375.6379699707031,4451500
VOO,2023-10-25,387.6000061035156,387.67999267578125,383.1199951171875,383.7099914550781,370.3392028808594,5471200
VOO,2023-10-26,382.6300048828125,383.3999938964844,378.1499938964844,379.0,365.7933349609375,6959400
VOO,2023-10-27,380.5299987792969,380.8900146484375,375.95001220703125,377.32000732421875,364.1719055175781,5638800
VOO,2023-10-30,379.9100036621094,382.79998779296875,378.7099914550781,381.8599853515625,368.55364990234375,5795800
VOO,2023-10-31,382.3500061035156,384.4800109863281,380.55999755859375,384.1700134277344,370.7831726074219,4523200
VOO,2023-11-01,385.0899963378906,389.0799865722656,384.6199951171875,388.3999938964844,374.8657531738281,5549200
VOO,2023-11-02,391.92999267578125,395.9100036621094,391.9200134277344,395.7799987792969,381.9886779785156,4752200
VOO,2023-11-03,397.9200134277344,400.8500061035156,397.8399963378906,399.44000244140625,385.5211486816406,5981400
VOO,2023-11-06,400.1199951171875,400.7300109863281,398.4599914550781,400.2099914550781,386.2642822265625,4007100
VOO,2023-11-07,400.260009765625,402.0400085449219,399.2300109863281,401.3399963378906,387.3548583984375,3358600
VOO,2023-11-08,401.989990234375,402.5,399.55999755859375,401.6700134277344,387.67340087890625,3731900
VOO,2023-11-09,402.80999755859375,402.8800048828125,398.2099914550781,398.6400146484375,384.7489929199219,4145600
VOO,2023-11-10,400.5899963378906,405.1099853515625,399.1400146484375,404.8599853515625,390.7522888183594,3992800
VOO,2023-11-13,403.5899963378906,405.489990234375,402.82000732421875,404.45001220703125,390.3565673828125,2872900
VOO,2023-11-14,410.0400085449219,413.510009765625,409.8900146484375,412.2200012207031,397.8556823730469,6973100
VOO,2023-11-15,413.5400085449219,414.7200012207031,412.3699951171875,413.1199951171875,398.7244567871094,4414800
VOO,2023-11-16,412.739990234375,413.95001220703125,411.75,413.70001220703125,399.2842102050781,3798900
VOO,2023-11-17,413.94000244140625,414.7900085449219,412.8699951171875,414.30999755859375,399.8729553222656,4696200
VOO,2023-11-20,413.989990234375,418.20001220703125,413.9800109863281,417.42999267578125,402.88421630859375,3517600
VOO,2023-11-21,416.3999938964844,416.8399963378906,415.29998779296875,416.3399963378906,401.83221435546875,5248200
VOO,2023-11-22,418.07000732421875,419.30999755859375,417.05999755859375,418.1400146484375,403.5694580078125,3692800
VOO,2023-11-24,418.19000244140625,418.489990234375,417.8399963378906,418.3699951171875,403.79144287109375,1351300
VOO,2023-11-27,417.7900085449219,418.5299987792969,417.2300109863281,417.6400146484375,403.0868835449219,3632600
VOO,2023-11-28,417.25,419.25,416.7099914550781,418.04998779296875,403.48260498046875,3382400
VOO,2023-11-29,420.05999755859375,421.1199951171875,417.3699951171875,417.7799987792969,403.2220458984375,4092600
VOO,2023-11-30,418.5400085449219,419.70001220703125,416.57000732421875,419.3999938964844,404.7855224609375,4405700
VOO,2023-12-01,418.8299865722656,422.3699951171875,418.25,421.8599853515625,407.15985107421875,4973600
VOO,2023-12-04,418.6499938964844,419.8699951171875,417.5,419.739990234375,405.11370849609375,5806100
VOO,2023-12-05,418.3399963378906,420.4700012207031,418.0,419.6099853515625,404.9882507324219,3419300
VOO,2023-12-06,421.6099853515625,421.6700134277344,417.4599914550781,417.8599853515625,403.29925537109375,4201800
VOO,2023-12-07,419.80999755859375,421.6700134277344,419.2799987792969,421.1300048828125,406.4552917480469,3248300
VOO,2023-12-08,420.3699951171875,423.3699951171875,420.1499938964844,422.9200134277344,408.1828918457031,5125300
VOO,2023-12-11,422.4100036621094,424.7099914550781,422.2200012207031,424.55999755859375,409.7658386230469,5247100
VOO,2023-12-12,424.2200012207031,426.6700134277344,423.2699890136719,426.6700134277344,411.80230712890625,5982600
VOO,2023-12-13,426.8800048828125,432.6099853515625,426.510009765625,432.4800109863281,417.4098205566406,8659100
VOO,2023-12-14,434.2200012207031,435.3599853515625,431.239990234375,433.75,418.635498046875,8349100
VOO,2023-12-15,433.19000244140625,434.25,432.239990234375,433.0899963378906,417.99853515625,5326000
VOO,2023-12-18,434.6400146484375,436.3999938964844,434.45001220703125,435.5400085449219,420.3631591796875,4280500
VOO,2023-12-19,436.0400085449219,438.2200012207031,435.95001220703125,438.19000244140625,422.92083740234375,4061500
VOO,2023-12-20,435.510009765625,437.30999755859375,429.8999938964844,430.0899963378906,416.8161926269531,5783200
VOO,2023-12-21,433.1300048828125,434.6400146484375,430.8599853515625,434.2799987792969,420.87689208984375,4621600
VOO,2023-12-22,435.4599914550781,436.8399963378906,433.4800109863281,435.2900085449219,421.85577392578125,4037800
VOO,2023-12-26,435.6700134277344,437.9200134277344,435.5799865722656,437.1000061035156,423.60986328125,3835800
VOO,2023-12-27,436.8999938964844,438.0199890136719,436.4200134277344,437.8999938964844,424.38519287109375,4271000
VOO,2023-12-28,438.25,438.8399963378906,437.6600036621094,437.9700012207031,424.45306396484375,4703700
VOO,2023-12-29,437.8699951171875,438.3399963378906,434.94000244140625,436.79998779296875,423.3191223144531,4376900
VOO,2024-01-02,433.9100036621094,435.2699890136719,432.3599853515625,434.010009765625,420.6152648925781,9076000
VOO,2024-01-03,432.32000732421875,433.0,430.25,430.7900085449219,417.4945983886719,4805000
VOO,2024-01-04,430.3299865722656,432.7799987792969,429.2099914550781,429.42999267578125,416.1766052246094,3945300
VOO,2024-01-05,429.5899963378906,432.29998779296875,428.6400146484375,429.9800109863281,416.7096862792969,5724600
VOO,2024-01-08,430.45001220703125,436.2699890136719,430.3699951171875,436.1300048828125,422.6697998046875,7222400
VOO,2024-01-09,433.6199951171875,436.42999267578125,433.1600036621094,435.07000732421875,421.6425476074219,7939600
VOO,2024-01-10,435.7699890136719,438.739990234375,435.4800109863281,437.94000244140625,424.4239501953125,4278800
VOO,2024-01-11,438.94000244140625,439.3599853515625,434.0,437.7900085449219,424.2785949707031,4796600
VOO,2024-01-12,439.1099853515625,439.79998779296875,436.7300109863281,437.989990234375,424.472412109375,5182700
VOO,2024-01-16,436.7900085449219,437.9800109863281,434.739990234375,436.5,423.0284118652344,5730800
VOO,2024-01-17,433.6000061035156,434.4800109863281,431.80999755859375,434.07000732421875,420.6734313964844,6044600
VOO,2024-01-18,435.5799865722656,438.3900146484375,434.1600036621094,437.92999267578125,424.41424560546875,4331300
VOO,2024-01-19,439.0,443.6099853515625,438.30999755859375,443.2900085449219,429.6088562011719,4836800
VOO,2024-01-22,444.7699890136719,445.9200134277344,443.67999267578125,444.29998779296875,430.5876770019531,5870400
VOO,2024-01-23,444.8299865722656,445.82000732421875,443.7799987792969,445.6199951171875,431.866943359375,3251600
VOO,2024-01-24,448.32000732421875,449.19000244140625,445.75,445.989990234375,432.2254943847656,4568200
VOO,2024-01-25,448.1400146484375,448.760009765625,446.1099853515625,448.5,434.6579895019531,4167100
VOO,2024-01-26,448.1000061035156,449.510009765625,447.1600036621094,448.2300109863281,434.3964538574219,6404000
VOO,2024-01-29,448.2300109863281,451.6099853515625,447.7099914550781,451.489990234375,437.5557861328125,4543300
VOO,2024-01-30,450.8399963378906,451.80999755859375,450.44000244140625,451.1700134277344,437.2456970214844,3410000
VOO,2024-01-31,449.0400085449219,449.4700012207031,443.75,443.82000732421875,430.1225280761719,7108000
VOO,2024-02-01,445.3500061035156,449.6600036621094,444.6499938964844,449.6600036621094,435.7822265625,6138400
VOO,2024-02-02,450.010009765625,455.8800048828125,449.69000244140625,454.2799987792969,440.2596740722656,6253500
VOO,2024-02-05,453.7300109863281,454.1499938964844,450.5400085449219,452.6199951171875,438.6509094238281,7101900
VOO,2024-02-06,453.5799865722656,454.2900085449219,452.2099914550781,454.0299987792969,440.0173645019531,4383600
VOO,2024-02-07,456.1499938964844,458.17999267578125,455.2699890136719,457.760009765625,443.6322326660156,6763400
VOO,2024-02-08,457.80999755859375,458.3299865722656,457.0299987792969,458.07000732421875,443.93267822265625,4184600
VOO,2024-02-09,458.5400085449219,461.0299987792969,458.1700134277344,460.6700134277344,446.4525146484375,4002600
VOO,2024-02-12,460.6099853515625,462.739990234375,459.75,460.4599914550781,446.24896240234375,4564200
VOO,2024-02-13,454.4800109863281,455.70001220703125,451.0,453.9700012207031,439.959228515625,8152200
VOO,2024-02-14,456.5799865722656,458.6700134277344,454.3999938964844,458.2900085449219,444.14593505859375,5624000
VOO,2024-02-15,458.8999938964844,461.5400085449219,458.42999267578125,461.3900146484375,447.15020751953125,5695700
VOO,2024-02-16,461.0799865722656,462.1499938964844,458.3999938964844,459.0299987792969,444.863037109375,5527900
VOO,2024-02-20,457.44000244140625,458.05999755859375,454.42999267578125,456.510009765625,442.42083740234375,5306800
VOO,2024-02-21,455.32000732421875,457.1199951171875,453.6000061035156,456.9700012207031,442.86669921875,4208600
VOO,2024-02-22,463.2200012207031,467.3299865722656,462.32000732421875,466.57000732421875,452.17041015625,4328500
VOO,2024-02-23,468.0899963378906,468.8699951171875,466.0899963378906,466.7799987792969,452.37384033203125,4050600
VOO,2024-02-26,467.19000244140625,467.5899963378906,464.94000244140625,465.07000732421875,450.7166442871094,3450800
VOO,2024-02-27,465.7099914550781,466.1199951171875,463.9100036621094,465.92999267578125,451.5500793457031,3586900
VOO,2024-02-28,464.489990234375,465.8299865722656,464.1099853515625,465.2099914550781,450.8523254394531,2800600
VOO,2024-02-29,466.9700012207031,468.489990234375,464.4700012207031,466.92999267578125,452.5192565917969,7332900
VOO,2024-03-01,467.8299865722656,471.7699890136719,467.42999267578125,471.42999267578125,456.88031005859375,4839400
VOO,2024-03-04,470.6099853515625,472.6000061035156,470.6000061035156,470.8699951171875,456.337646484375,3970200
VOO,2024-03-05,468.95001220703125,469.3800048828125,464.05999755859375,466.1499938964844,451.7633361816406,4616500
VOO,2024-03-06,469.25,470.6600036621094,467.32000732421875,468.6199951171875,454.1571044921875,5325100
VOO,2024-03-07,471.6300048828125,474.19000244140625,470.7799987792969,473.260009765625,458.6539001464844,7149800
VOO,2024-03-08,473.7699890136719,476.29998779296875,469.82000732421875,470.3900146484375,455.87249755859375,6285600
VOO,2024-03-11,469.20001220703125,470.4599914550781,467.3900146484375,470.0,455.4945068359375,5323900
VOO,2024-03-12,471.9200134277344,475.54998779296875,469.57000732421875,475.0299987792969,460.3692626953125,4811000
VOO,2024-03-13,475.30999755859375,475.4700012207031,472.8999938964844,474.30999755859375,459.6714782714844,3544500
VOO,2024-03-14,475.1600036621094,475.3299865722656,470.45001220703125,473.2699890136719,458.66357421875,5153000
VOO,2024-03-15,470.4100036621094,471.7799987792969,468.7200012207031,470.010009765625,455.50421142578125,6807100
VOO,2024-03-18,473.95001220703125,475.2799987792969,472.5,472.95001220703125,458.35345458984375,3939100
VOO,2024-03-19,472.20001220703125,475.739990234375,471.2900085449219,475.6000061035156,460.92169189453125,4550200
VOO,2024-03-20,475.5400085449219,480.0199890136719,474.92999267578125,479.75,464.943603515625,6179400
VOO,2024-03-21,482.6199951171875,483.239990234375,481.2099914550781,481.3500061035156,466.49420166015625,5044700
VOO,2024-03-22,479.8699951171875,480.32000732421875,478.82000732421875,479.17999267578125,465.88458251953125,5881500
VOO,2024-03-25,477.7300109863281,478.7900085449219,477.54998779296875,477.94000244140625,464.6789855957031,6081300
VOO,2024-03-26,479.05999755859375,479.3699951171875,476.42999267578125,476.6000061035156,463.3761901855469,8073500
VOO,2024-03-27,479.510009765625,480.8699951171875,477.45001220703125,480.760009765625,467.4208068847656,4951400
VOO,2024-03-28,480.8699951171875,482.1600036621094,480.5,480.70001220703125,467.3623962402344,4065000
VOO,2024-04-01,481.44000244140625,481.9599914550781,478.8299865722656,480.07000732421875,466.74993896484375,5734000
VOO,2024-04-02,476.3299865722656,476.989990234375,474.7099914550781,476.92999267578125,463.6969909667969,4817800
VOO,2024-04-03,475.8399963378906,478.79998779296875,475.7900085449219,477.3599853515625,464.1151123046875,6224800
VOO,2024-04-04,481.20001220703125,481.4800109863281,471.2699890136719,471.4800109863281,458.3982238769531,6871200
VOO,2024-04-05,472.8500061035156,478.3299865722656,472.4200134277344,476.489990234375,463.2691955566406,5588200
VOO,2024-04-08,477.1499938964844,478.07000732421875,475.9700012207031,476.67999267578125,463.4539489746094,4736800
VOO,2024-04-09,478.3800048828125,478.6000061035156,472.739990234375,477.2699890136719,464.0276184082031,5250400
VOO,2024-04-10,471.9100036621094,474.3900146484375,470.6700134277344,472.6499938964844,459.5357666015625,6933400
VOO,2024-04-11,473.9800109863281,477.42999267578125,470.6700134277344,476.05999755859375,462.85113525390625,5109900
VOO,2024-04-12,472.7699890136719,474.04998779296875,467.9100036621094,469.57000732421875,456.541259765625,6959700
VOO,2024-04-15,473.4700012207031,473.5899963378906,462.8500061035156,463.6099853515625,450.74658203125,9530000
VOO,2024-04-16,464.04998779296875,465.510009765625,461.5899963378906,462.7799987792969,449.93963623046875,6761400
VOO,2024-04-17,465.1099853515625,465.239990234375,458.7300109863281,459.989990234375,447.2269592285156,7156200
VOO,2024-04-18,461.3599853515625,463.29998779296875,458.2099914550781,458.94000244140625,446.2061767578125,5637300
VOO,2024-04-19,458.989990234375,459.94000244140625,453.8999938964844,455.1000061035156,442.4727478027344,9787500
VOO,2024-04-22,457.54998779296875,461.7300109863281,455.3500061035156,459.04998779296875,446.3130798339844,5818100
VOO,2024-04-23,461.17999267578125,465.1300048828125,460.6700134277344,464.8399963378906,451.94244384765625,4257400
VOO,2024-04-24,465.57000732421875,466.30999755859375,462.44000244140625,464.5,451.6119079589844,7687800
VOO,2024-04-25,458.7699890136719,463.4599914550781,457.260009765625,462.5799865722656,449.74517822265625,4876200
VOO,2024-04-26,465.3299865722656,468.6300048828125,464.80999755859375,467.2099914550781,454.2467041015625,4907100
VOO,2024-04-29,468.8399963378906,469.4200134277344,466.2099914550781,468.8399963378906,455.8315124511719,3253200
VOO,2024-04-30,467.4200134277344,468.3399963378906,461.3599853515625,461.42999267578125,448.6270751953125,4364800
VOO,2024-05-01,460.7699890136719,467.07000732421875,459.44000244140625,459.92999267578125,447.1687316894531,6115400
VOO,2024-05-02,463.3599853515625,464.95001220703125,459.1600036621094,464.2200012207031,451.3396301269531,3972400
VOO,2024-05-03,469.760009765625,471.0,467.44000244140625,469.9800109863281,456.9398498535156,4586900
VOO,2024-05-06,472.2200012207031,474.80999755859375,471.82000732421875,474.7200012207031,461.54833984375,4782500
VOO,2024-05-07,475.70001220703125,476.6400146484375,474.7099914550781,475.3999938964844,462.20947265625,3451300
VOO,2024-05-08,473.5899963378906,475.8599853515625,473.5,475.4200134277344,462.22894287109375,3214900
VOO,2024-05-09,475.5899963378906,478.1499938964844,474.94000244140625,478.1499938964844,464.8831787109375,3486000
VOO,2024-05-10,479.69000244140625,480.3900146484375,477.5899963378906,478.739990234375,465.456787109375,3347200
VOO,2024-05-13,480.3500061035156,480.4200134277344,477.7300109863281,478.7699890136719,465.4859313964844,3108400
VOO,2024-05-14,478.9800109863281,481.4700012207031,478.4800109863281,481.0400085449219,467.6929931640625,3257700
VOO,2024-05-15,483.3399963378906,487.2300109863281,482.739990234375,486.8999938964844,473.390380859375,4399500
VOO,2024-05-16,487.04998779296875,488.57000732421875,485.8299865722656,485.9700012207031,472.4861755371094,3347400
VOO,2024-05-17,486.0899963378906,486.7300109863281,484.70001220703125,486.69000244140625,473.1861877441406,3274000
VOO,2024-05-20,486.7799987792969,488.6099853515625,486.45001220703125,487.1700134277344,473.65289306640625,2599600
VOO,2024-05-21,486.5299987792969,488.5799865722656,486.3500061035156,488.4800109863281,474.92657470703125,2453600
VOO,2024-05-22,487.7900085449219,488.42999267578125,484.94000244140625,487.05999755859375,473.5459289550781,3250600
VOO,2024-05-23,489.9100036621094,489.989990234375,482.2900085449219,483.44000244140625,470.0263671875,3811300
VOO,2024-05-24,485.17999267578125,487.3999938964844,484.3299865722656,486.7300109863281,473.2251281738281,2555200
VOO,2024-05-28,487.3999938964844,487.6499938964844,484.5299987792969,487.1199951171875,473.604248046875,4034700
VOO,2024-05-29,483.19000244140625,484.67999267578125,482.9599914550781,483.69000244140625,470.2694396972656,5605000
VOO,2024-05-30,482.1199951171875,482.75,479.20001220703125,480.44000244140625,467.1096496582031,3386800
VOO,2024-05-31,481.239990234375,484.9100036621094,476.4800109863281,484.6199951171875,471.17364501953125,5334000
VOO,2024-06-03,486.29998779296875,486.4100036621094,480.3999938964844,485.1499938964844,471.68896484375,4211300
VOO,2024-06-04,484.0,486.4100036621094,482.55999755859375,485.739990234375,472.2625732421875,2560300
VOO,2024-06-05,487.8699951171875,491.54998779296875,486.05999755859375,491.54998779296875,477.911376953125,3026100
VOO,2024-06-06,491.8399963378906,492.17999267578125,489.6400146484375,491.44000244140625,477.8044128417969,21344000
VOO,2024-06-07,490.54998779296875,493.5299987792969,489.5400085449219,490.79998779296875,477.1821594238281,3063600
VOO,2024-06-10,490.1700134277344,492.69000244140625,489.55999755859375,492.4100036621094,478.7475280761719,3461900
VOO,2024-06-11,490.989990234375,493.6600036621094,489.1099853515625,493.5299987792969,479.83642578125,4028400
VOO,2024-06-12,497.92999267578125,500.1499938964844,496.7099914550781,497.6400146484375,483.8324279785156,3698800
VOO,2024-06-13,499.29998779296875,499.45001220703125,496.05999755859375,498.5799865722656,484.7462463378906,8808900
VOO,2024-06-14,497.260009765625,499.0400085449219,496.2900085449219,498.9800109863281,485.1352233886719,5812000
VOO,2024-06-17,498.4800109863281,504.17999267578125,497.9100036621094,502.94000244140625,488.9853515625,4609500
VOO,2024-06-18,503.04998779296875,504.3599853515625,502.6300048828125,504.2799987792969,490.2881164550781,3431700
VOO,2024-06-20,505.1400146484375,505.739990234375,501.19000244140625,502.8800048828125,488.9270324707031,4810900
VOO,2024-06-21,502.1000061035156,503.2200012207031,500.8500061035156,501.7799987792969,487.8575439453125,4338100
VOO,2024-06-24,502.0299987792969,504.44000244140625,500.42999267578125,500.42999267578125,486.5449523925781,7022800
VOO,2024-06-25,501.7099914550781,502.8299865722656,500.32000732421875,502.510009765625,488.5672607421875,6325200
VOO,2024-06-26,501.4700012207031,503.7699890136719,500.8900146484375,503.07000732421875,489.1117858886719,3202700
VOO,2024-06-27,503.0,504.4800109863281,502.32000732421875,503.8500061035156,489.8700866699219,3619700
VOO,2024-06-28,502.9700012207031,505.7300109863281,499.010009765625,500.1300048828125,487.9811096191406,5598600
VOO,2024-07-01,501.489990234375,501.67999267578125,498.6000061035156,501.2799987792969,489.10321044921875,4368500
VOO,2024-07-02,499.69000244140625,504.6099853515625,499.6099853515625,504.5299987792969,492.2742004394531,4210100
VOO,2024-07-03,504.2200012207031,507.1400146484375,504.2200012207031,506.80999755859375,494.4988098144531,2131100
VOO,2024-07-05,507.1300048828125,510.1000061035156,506.489990234375,509.8399963378906,497.4552917480469,3156900
VOO,2024-07-08,510.5,511.2099914550781,509.32000732421875,510.3299865722656,497.9333190917969,3143400
VOO,2024-07-09,511.2099914550781,512.010009765625,510.5400085449219,510.8900146484375,498.47979736328125,3140600
VOO,2024-07-10,511.9800109863281,516.1799926757812,511.69000244140625,515.8099975585938,503.2802734375,3446900
VOO,2024-07-11,516.0,516.7899780273438,510.8299865722656,511.3900146484375,498.9676513671875,5537800
VOO,2024-07-12,512.489990234375,518.030029296875,512.1699829101562,514.5499877929688,502.0508117675781,5238200
VOO,2024-07-15,516.5800170898438,519.1199951171875,514.3400268554688,516.1099853515625,503.57293701171875,7771500
VOO,2024-07-16,517.3300170898438,519.4000244140625,516.5999755859375,519.0399780273438,506.4317321777344,4164300
VOO,2024-07-17,513.5599975585938,515.1099853515625,511.55999755859375,511.7900085449219,499.35784912109375,4984300
VOO,2024-07-18,513.25,514.1900024414062,505.8699951171875,507.94000244140625,495.6014099121094,5055900
VOO,2024-07-19,507.6400146484375,509.20001220703125,503.55999755859375,504.54998779296875,492.293701171875,4039400
VOO,2024-07-22,508.2699890136719,510.32000732421875,506.44000244140625,509.7900085449219,497.406494140625,4342900
VOO,2024-07-23,509.6600036621094,511.6499938964844,508.489990234375,508.94000244140625,496.5771179199219,3116000
VOO,2024-07-24,504.42999267578125,504.70001220703125,496.54998779296875,497.2900085449219,485.2100830078125,6157400
VOO,2024-07-25,497.54998779296875,503.1400146484375,493.9200134277344,494.7799987792969,482.7610778808594,5646600
VOO,2024-07-26,498.3599853515625,502.8900146484375,497.6700134277344,500.3299865722656,488.1762390136719,3636000
VOO,2024-07-29,501.82000732421875,502.7699890136719,498.7699890136719,500.70001220703125,488.5373229980469,3096200
VOO,2024-07-30,502.04998779296875,503.010009765625,494.9200134277344,498.0799865722656,485.98089599609375,3817800
VOO,2024-07-31,504.4800109863281,508.6499938964844,503.30999755859375,505.92999267578125,493.6402282714844,5367600
VOO,2024-08-01,507.8399963378906,509.8999938964844,495.75,499.0299987792969,486.9078369140625,6939200
VOO,2024-08-02,492.4100036621094,493.5199890136719,485.79998779296875,489.9100036621094,478.0093688964844,8561200
VOO,2024-08-05,470.1700134277344,481.17999267578125,468.8900146484375,475.20001220703125,463.65667724609375,15244300
VOO,2024-08-06,477.3900146484375,486.8599853515625,475.94000244140625,479.94000244140625,468.28155517578125,8255000
VOO,2024-08-07,485.70001220703125,488.54998779296875,476.1099853515625,476.6099853515625,465.032470703125,5976400
VOO,2024-08-08,481.489990234375,488.2699890136719,479.6400146484375,487.7300109863281,475.8823547363281,4177200
VOO,2024-08-09,486.92999267578125,491.2099914550781,485.82000732421875,489.82000732421875,477.92156982421875,7661300
VOO,2024-08-12,490.94000244140625,492.3500061035156,487.9800109863281,490.07000732421875,478.1654968261719,3578100
VOO,2024-08-13,493.1400146484375,498.3800048828125,492.9200134277344,498.2099914550781,486.10772705078125,3247900
VOO,2024-08-14,498.9200134277344,500.8500061035156,496.4800109863281,499.79998779296875,487.6590881347656,3700500
VOO,2024-08-15,505.0899963378906,508.5899963378906,504.489990234375,508.3800048828125,496.03070068359375,4279000
VOO,2024-08-16,506.8399963378906,510.1099853515625,506.6499938964844,509.45001220703125,497.07476806640625,3449300
VOO,2024-08-19,509.8599853515625,514.3499755859375,509.05999755859375,514.3499755859375,501.85565185546875,3804300
VOO,2024-08-20,513.9199829101562,515.47998046875,512.25,513.5,501.0263671875,3156000
VOO,2024-08-21,514.469970703125,516.6599731445312,512.8499755859375,515.2999877929688,502.7826232910156,3344100
VOO,2024-08-22,517.0499877929688,517.6300048828125,510.1000061035156,511.1300048828125,498.7138977050781,3677100
VOO,2024-08-23,514.3300170898438,517.5499877929688,512.25,516.6599731445312,504.10955810546875,5102800
VOO,2024-08-26,517.6400146484375,518.2899780273438,513.8800048828125,515.3900146484375,502.8704833984375,3398600
VOO,2024-08-27,514.260009765625,516.5900268554688,513.1599731445312,516.0800170898438,503.5436706542969,3031800
VOO,2024-08-28,515.7999877929688,516.22998046875,510.1600036621094,513.1300048828125,500.6653747558594,3940400
VOO,2024-08-29,514.989990234375,518.0900268554688,512.1300048828125,513.2100219726562,500.74346923828125,3487100
VOO,2024-08-30,515.4199829101562,518.5800170898438,512.1199951171875,518.0399780273438,505.4560241699219,5637700
VOO,2024-09-03,515.1199951171875,515.4299926757812,505.1000061035156,507.55999755859375,495.2306213378906,5866400
VOO,2024-09-04,505.67999267578125,509.5299987792969,505.0199890136719,506.29998779296875,494.0012512207031,3601400
VOO,2024-09-05,506.3599853515625,508.94000244140625,502.8399963378906,505.04998779296875,492.78155517578125,3425600
VOO,2024-09-06,505.3399963378906,506.94000244140625,495.79998779296875,496.6400146484375,484.575927734375,7411400
VOO,2024-09-09,500.6000061035156,503.3699951171875,498.75,502.2300109863281,490.0301513671875,3656800
VOO,2024-09-10,503.95001220703125,504.7099914550781,499.5,504.29998779296875,492.0498046875,2975400
VOO,2024-09-11,504.30999755859375,510.44000244140625,496.25,509.4599914550781,497.0845031738281,5956900
VOO,2024-09-12,510.0899963378906,514.1400146484375,508.05999755859375,513.8400268554688,501.35809326171875,4092900
VOO,2024-09-13,514.4299926757812,517.530029296875,514.22998046875,516.5700073242188,504.0218505859375,4416600
VOO,2024-09-16,516.3400268554688,517.5900268554688,514.6500244140625,517.3499755859375,504.7828063964844,4256300
VOO,2024-09-17,519.4400024414062,520.739990234375,515.5,517.5900268554688,505.0169982910156,8150000
VOO,2024-09-18,518.1799926757812,522.72998046875,515.469970703125,515.9099731445312,503.3778381347656,6921300
VOO,2024-09-19,524.8800048828125,526.5999755859375,522.1900024414062,524.9099731445312,512.1591796875,5558400
VOO,2024-09-20,523.510009765625,524.9199829101562,521.1199951171875,523.8800048828125,511.1541748046875,5612700
VOO,2024-09-23,525.0,525.8300170898438,523.8300170898438,525.1699829101562,512.412841796875,29289200
VOO,2024-09-24,526.010009765625,526.8400268554688,523.3800048828125,526.6799926757812,513.8862915039062,4650600
VOO,2024-09-25,526.6099853515625,527.2999877929688,524.6500244140625,525.6099853515625,512.8422241210938,35418000
VOO,2024-09-26,529.6699829101562,529.9199829101562,525.489990234375,527.7000122070312,514.8814086914062,5273900
VOO,2024-09-27,527.0900268554688,527.77001953125,524.3200073242188,525.3800048828125,514.21484375,5598600
VOO,2024-09-30,524.3200073242188,527.9600219726562,522.1900024414062,527.6699829101562,516.4561767578125,8013000
VOO,2024-10-01,527.0399780273438,527.0999755859375,520.22998046875,522.739990234375,511.63092041015625,9198700
VOO,2024-10-02,521.8499755859375,523.8499755859375,519.5800170898438,522.8300170898438,511.71917724609375,3270600
VOO,2024-10-03,521.5599975585938,523.760009765625,519.8200073242188,521.8400268554688,510.75018310546875,4008000
VOO,2024-10-04,526.1599731445312,527.02001953125,522.2999877929688,526.6500244140625,515.4580078125,5354400
VOO,2024-10-07,525.1400146484375,525.719970703125,520.8099975585938,521.9099731445312,510.81854248046875,3970500
VOO,2024-10-08,524.3200073242188,527.3800048828125,523.5,526.8499755859375,515.6536254882812,2626700
VOO,2024-10-09,526.8699951171875,531.030029296875,526.3099975585938,530.4500122070312,519.1770629882812,2941800
VOO,2024-10-10,529.27001953125,530.9000244140625,528.0900268554688,529.5599975585938,518.3060302734375,3637600
VOO,2024-10-11,529.5,533.4299926757812,529.3900146484375,532.7100219726562,521.38916015625,5429200
VOO,2024-10-14,534.25,537.97998046875,533.969970703125,537.0700073242188,525.656494140625,2638900
VOO,2024-10-15,537.3800048828125,537.6099853515625,531.8200073242188,532.97998046875,521.6532592773438,4811300
VOO,2024-10-16,532.9299926757812,535.72998046875,532.219970703125,535.219970703125,523.8457641601562,3237200
VOO,2024-10-17,538.6199951171875,538.760009765625,535.1500244140625,535.2999877929688,523.924072265625,3225300
VOO,2024-10-18,536.9000244140625,538.0999755859375,535.5599975585938,537.3599853515625,525.9403686523438,5070400
VOO,2024-10-21,536.719970703125,537.6099853515625,533.7100219726562,536.530029296875,525.1279296875,3671400
VOO,2024-10-22,534.1099853515625,537.280029296875,533.469970703125,536.1599731445312,524.7658081054688,3366600
VOO,2024-10-23,534.280029296875,534.719970703125,528.02001953125,531.27001953125,519.979736328125,5227800
VOO,2024-10-24,533.1699829101562,533.1799926757812,530.0399780273438,532.469970703125,521.1542358398438,4477800
VOO,2024-10-25,534.6500244140625,537.260009765625,531.4099731445312,532.260009765625,520.9486694335938,4327200
VOO,2024-10-28,535.530029296875,535.5700073242188,533.6699829101562,533.9199829101562,522.5734252929688,3408000
VOO,2024-10-29,533.1199951171875,535.8200073242188,531.75,534.77001953125,523.4053955078125,3027600
VOO,2024-10-30,534.3499755859375,536.2000122070312,532.5900268554688,533.1599731445312,521.8294677734375,3067000
VOO,2024-10-31,529.0900268554688,529.22998046875,522.510009765625,522.6699829101562,511.5624694824219,7972800
VOO,2024-11-01,525.1599731445312,529.0800170898438,524.5399780273438,524.9400024414062,513.7842407226562,6106900
VOO,2024-11-04,525.0599975585938,526.280029296875,522.030029296875,523.7999877929688,512.66845703125,3681500
VOO,2024-11-05,524.719970703125,530.1699829101562,524.47998046875,530.0999755859375,518.8345336914062,3300300
VOO,2024-11-06,541.6500244140625,544.1400146484375,538.1699829101562,543.2999877929688,531.7540893554688,7483300
VOO,2024-11-07,545.219970703125,548.47998046875,545.1500244140625,547.530029296875,535.8941040039062,6051300
VOO,2024-11-08,548.0700073242188,551.239990234375,548.0599975585938,549.9500122070312,538.2628173828125,6798000
VOO,2024-11-11,551.4299926757812,551.72998046875,548.8499755859375,550.4000244140625,538.7032470703125,4893100
VOO,2024-11-12,550.3900146484375,550.9400024414062,546.4299926757812,548.75,537.0882568359375,4818600
VOO,2024-11-13,549.1599731445312,550.8800048828125,546.969970703125,549.030029296875,537.3623046875,3701600
VOO,2024-11-14,549.0999755859375,549.5700073242188,544.8800048828125,545.5399780273438,533.9464721679688,3940300
VOO,2024-11-15,542.1300048828125,542.5700073242188,536.75,538.5,527.05615234375,7360100
VOO,2024-11-18,538.9199829101562,541.9299926757812,538.1500244140625,540.72998046875,529.2386474609375,4494500
VOO,2024-11-19,537.5,543.3699951171875,536.9000244140625,542.7000122070312,531.166748046875,6978400
VOO,2024-11-20,542.780029296875,543.0700073242188,537.4400024414062,542.9000244140625,531.3626098632812,3949100
VOO,2024-11-21,545.5800170898438,547.0700073242188,540.0399780273438,545.6400146484375,534.04443359375,4530600
VOO,2024-11-22,545.8200073242188,548.0499877929688,545.3699951171875,547.469970703125,535.8353881835938,5574600
VOO,2024-11-25,551.2000122070312,552.3800048828125,547.2000122070312,549.22998046875,537.55810546875,4305000
VOO,2024-11-26,550.5,552.8200073242188,549.8499755859375,552.3099975585938,540.5725708007812,4438600
VOO,2024-11-27,552.0399780273438,552.3800048828125,549.1099853515625,550.5499877929688,538.8499755859375,3312200
VOO,2024-11-29,551.2899780273438,554.7000122070312,551.0700073242188,553.4500122070312,541.6883544921875,3988700
VOO,2024-12-02,554.3599853515625,555.5700073242188,553.8900146484375,555.010009765625,543.2152709960938,5441000
VOO,2024-12-03,554.7999877929688,555.4299926757812,553.7899780273438,555.1400146484375,543.3424682617188,4202900
VOO,2024-12-04,556.8300170898438,558.8800048828125,556.1699829101562,558.6400146484375,546.76806640625,5490300
VOO,2024-12-05,558.6300048828125,559.4099731445312,557.4600219726562,557.7100219726562,545.8578491210938,3021600
VOO,2024-12-06,558.469970703125,559.9600219726562,558.0800170898438,558.8200073242188,546.9442138671875,5134900
VOO,2024-12-09,558.7100219726562,558.8699951171875,555.3800048828125,555.9099731445312,544.0960693359375,4412300
VOO,2024-12-10,556.5800170898438,556.8800048828125,553.5700073242188,554.3300170898438,542.5496826171875,4110100
VOO,2024-12-11,556.9199829101562,559.3900146484375,556.6599731445312,558.530029296875,546.6604614257812,3514400
VOO,2024-12-12,557.6699829101562,558.2000122070312,555.6199951171875,555.6500244140625,543.8416748046875,4048600
VOO,2024-12-13,557.510009765625,558.1599731445312,554.2000122070312,555.6099853515625,543.8024291992188,4666900
VOO,2024-12-16,557.1300048828125,558.7999877929688,556.4199829101562,557.7899780273438,545.9360961914062,22846800
VOO,2024-12-17,555.469970703125,556.3900146484375,554.2899780273438,555.4500122070312,543.6459350585938,6110900
VOO,2024-12-18,555.2999877929688,557.530029296875,538.530029296875,539.1400146484375,527.6824340820312,24584900
VOO,2024-12-19,543.6900024414062,545.0999755859375,538.6500244140625,538.9400024414062,527.4866943359375,16792100
VOO,2024-12-20,536.6099853515625,549.5399780273438,535.8499755859375,545.0399780273438,533.4569702148438,9389400
VOO,2024-12-23,543.3099975585938,547.3599853515625,540.3200073242188,547.1900024414062,537.2755737304688,7063400
VOO,2024-12-24,548.0599975585938,552.9000244140625,547.5399780273438,552.8200073242188,542.8037109375,3439300
VOO,2024-12-26,551.2000122070312,553.969970703125,549.9199829101562,552.8099975585938,542.7937622070312,4492000
VOO,2024-12-27,549.3699951171875,549.6199951171875,543.2000122070312,547.0800170898438,537.1676635742188,7077100
VOO,2024-12-30,540.5599975585938,544.0900268554688,537.4000244140625,540.989990234375,531.1879272460938,6505100
VOO,2024-12-31,542.4500122070312,543.0700073242188,537.4000244140625,538.8099975585938,529.0474853515625,6040800
VOO,2025-01-02,542.02001953125,543.5399780273438,533.7899780273438,537.4600219726562,527.721923828125,7142700
VOO,2025-01-03,540.1900024414062,544.8800048828125,539.2000122070312,544.4000244140625,534.5361938476562,6416300
VOO,2025-01-06,548.280029296875,551.4299926757812,545.8200073242188,547.5700073242188,537.648681640625,5983400
VOO,2025-01-07,549.3200073242188,549.5999755859375,539.5599975585938,541.4099731445312,531.600341796875,5383200
VOO,2025-01-08,541.3200073242188,543.0,538.0800170898438,542.1400146484375,532.317138671875,4317000
VOO,2025-01-10,538.7100219726562,538.75,532.0,533.8900146484375,524.2166137695312,7935200
VOO,2025-01-13,529.4000244140625,534.9099731445312,529.02001953125,534.5800170898438,524.8941040039062,5621000
VOO,2025-01-14,537.3200073242188,537.9099731445312,531.8099975585938,535.260009765625,525.561767578125,8820000
VOO,2025-01-15,542.8400268554688,546.1300048828125,541.760009765625,545.0499877929688,535.17431640625,5307300
VOO,2025-01-16,546.3499755859375,546.510009765625,543.3900146484375,544.239990234375,534.3789672851562,3632800
VOO,2025-01-17,548.9199829101562,551.1199951171875,547.6799926757812,549.4600219726562,539.5045166015625,6558700
VOO,2025-01-21,552.3200073242188,554.4600219726562,550.5,554.4600219726562,544.4140014648438,5301700
VOO,2025-01-22,557.1900024414062,558.9299926757812,556.72998046875,557.6099853515625,547.5067749023438,4780000
VOO,2025-01-23,557.0399780273438,560.7000122070312,556.7999877929688,560.7000122070312,550.5408935546875,6217900
VOO,2025-01-24,560.760009765625,561.6599731445312,558.02001953125,559.010009765625,548.8814697265625,3612100
VOO,2025-01-27,546.9299926757812,551.3900146484375,546.8300170898438,551.22998046875,541.242431640625,7617400
VOO,2025-01-28,552.2999877929688,556.6500244140625,549.219970703125,555.8499755859375,545.7786865234375,4164700
VOO,2025-01-29,555.1699829101562,555.5,550.969970703125,553.4099731445312,543.3829956054688,4174500
VOO,2025-01-30,555.3699951171875,557.780029296875,552.3800048828125,556.2999877929688,546.220458984375,4296500
VOO,2025-01-31,558.6199951171875,560.8900146484375,552.7100219726562,553.3300170898438,543.304443359375,6233900
VOO,2025-02-03,544.989990234375,551.9600219726562,542.97998046875,549.7000122070312,539.7401733398438,7824000
VOO,2025-02-04,549.7000122070312,553.8300170898438,549.22998046875,553.3499755859375,543.3240356445312,4181400
VOO,2025-02-05,552.3400268554688,555.72998046875,550.4099731445312,555.6199951171875,545.5528564453125,3424200
VOO,2025-02-06,557.2899780273438,557.6500244140625,554.1900024414062,557.6199951171875,547.5166015625,3606300
VOO,2025-02-07,558.0999755859375,559.2000122070312,551.7899780273438,552.2000122070312,542.1948852539062,10161600
VOO,2025-02-10,555.4400024414062,556.780029296875,554.239990234375,556.1500244140625,546.0733642578125,3517600
VOO,2025-02-11,554.0999755859375,557.1199951171875,553.989990234375,556.6500244140625,546.564208984375,2752900
VOO,2025-02-12,551.0,555.9199829101562,550.3900146484375,554.8099975585938,544.7575073242188,3579500
VOO,2025-02-13,555.8699951171875,560.8800048828125,554.7000122070312,560.6699829101562,550.5112915039062,3388500
VOO,2025-02-14,560.9000244140625,561.8599853515625,560.0700073242188,560.6900024414062,550.5309448242188,3380600
VOO,2025-02-18,561.7999877929688,562.3099975585938,559.489990234375,562.3099975585938,552.12158203125,3844900
VOO,2025-02-19,561.02001953125,563.9199829101562,560.530029296875,563.6699829101562,553.45703125,3857600
VOO,2025-02-20,562.3900146484375,562.47998046875,558.219970703125,561.2999877929688,551.1299438476562,4446800
VOO,2025-02-21,561.0999755859375,561.2000122070312,551.27001953125,551.75,541.7529907226562,6148700
VOO,2025-02-24,553.6099853515625,554.510009765625,548.510009765625,549.1400146484375,539.1902465820312,4772300
VOO,2025-02-25,549.1799926757812,549.77001953125,542.1699829101562,546.4099731445312,536.509765625,5491500
VOO,2025-02-26,548.010009765625,551.3499755859375,544.25,546.75,536.8435668945312,4180800
VOO,2025-02-27,548.8300170898438,549.8800048828125,537.5999755859375,537.969970703125,528.22265625,5521400
VOO,2025-02-28,538.4199829101562,546.8900146484375,535.5800170898438,546.3300170898438,536.4312133789062,7328100
VOO,2025-03-03,548.2000122070312,549.2899780273438,533.25,536.9199829101562,527.1917114257812,7290000
VOO,2025-03-04,533.0599975585938,538.280029296875,526.1599731445312,530.4500122070312,520.8388671875,10477400
VOO,2025-03-05,530.25,537.7899780273438,526.9299926757812,536.4000244140625,526.68115234375,6221700
VOO,2025-03-06,529.1900024414062,533.4299926757812,524.219970703125,526.6699829101562,517.1273803710938,7228900
VOO,2025-03-07,524.9000244140625,530.8800048828125,520.1300048828125,529.510009765625,519.9159545898438,7308300
VOO,2025-03-10,521.9000244140625,523.7000122070312,510.8299865722656,515.510009765625,506.1696472167969,11176900
VOO,2025-03-11,514.3300170898438,517.530029296875,507.5299987792969,511.2799987792969,502.0162658691406,11208900
VOO,2025-03-12,516.8900146484375,517.739990234375,509.1000061035156,513.760009765625,504.4513244628906,8590600
VOO,2025-03-13,513.510009765625,514.0599975585938,505.4200134277344,507.04998779296875,497.8628845214844,21650000
VOO,2025-03-14,511.2799987792969,518.4199829101562,510.8399963378906,517.4600219726562,508.0843505859375,7412300
VOO,2025-03-17,517.4500122070312,523.8400268554688,517.0800170898438,521.4099731445312,511.9625549316406,6269800
VOO,2025-03-18,519.3200073242188,519.52001953125,514.0700073242188,515.9099731445312,506.5623474121094,6010600
VOO,2025-03-19,517.5399780273438,524.9600219726562,516.4199829101562,521.3300170898438,511.8842468261719,5373900
VOO,2025-03-20,517.9600219726562,524.6199951171875,517.3200073242188,520.1300048828125,510.7059326171875,6029700
VOO,2025-03-21,515.7899780273438,520.9500122070312,514.6599731445312,520.260009765625,510.83355712890625,5059000
VOO,2025-03-24,526.47998046875,530.3900146484375,525.8800048828125,529.3900146484375,519.798095703125,22376300
VOO,2025-03-25,530.5900268554688,531.5999755859375,529.1099853515625,530.6500244140625,521.0353393554688,6260200
VOO,2025-03-26,530.5599975585938,531.4099731445312,523.0999755859375,524.4600219726562,514.95751953125,4410200
VOO,2025-03-27,521.2899780273438,524.6799926757812,519.22998046875,521.2100219726562,513.5407104492188,5534900
VOO,2025-03-28,519.760009765625,520.4600219726562,510.1600036621094,510.79998779296875,503.2837829589844,5831800
VOO,2025-03-31,505.30999755859375,515.3300170898438,502.6400146484375,513.9099731445312,506.3480529785156,8196700
VOO,2025-04-01,512.3599853515625,517.3499755859375,508.8800048828125,515.7999877929688,508.2101745605469,7697000
VOO,2025-04-02,510.1400146484375,521.489990234375,509.92999267578125,518.9099731445312,511.2745056152344,6308600
VOO,2025-04-03,501.0,503.6600036621094,493.5,494.1600036621094,486.8886413574219,16226000
VOO,2025-04-04,481.2799987792969,483.29998779296875,464.239990234375,465.5199890136719,458.6700744628906,30966500
VOO,2025-04-07,449.5400085449219,480.760009765625,442.79998779296875,463.55999755859375,456.7389221191406,31285300
VOO,2025-04-08,479.67999267578125,482.489990234375,449.6000061035156,456.739990234375,450.0192565917969,19002700
VOO,2025-04-09,453.489990234375,502.05999755859375,453.1600036621094,499.1000061035156,491.7559509277344,29286600
VOO,2025-04-10,489.1499938964844,490.29998779296875,468.3299865722656,482.05999755859375,474.9667053222656,16651300
VOO,2025-04-11,480.69000244140625,493.0,478.0,490.54998779296875,483.331787109375,11541200
VOO,2025-04-14,500.04998779296875,500.260009765625,490.69000244140625,495.4800109863281,488.189208984375,7701500
VOO,2025-04-15,496.0299987792969,499.2699890136719,493.4200134277344,494.0899963378906,486.8196716308594,8200600
VOO,2025-04-16,488.6499938964844,491.7699890136719,478.2300109863281,483.2300109863281,476.1194763183594,6374900
VOO,2025-04-17,484.7900085449219,488.1600036621094,481.5,483.8999938964844,476.7795715332031,5638900
VOO,2025-04-21,479.0199890136719,479.489990234375,467.3299865722656,472.3699951171875,465.4192810058594,7762500
VOO,2025-04-22,478.07000732421875,486.4800109863281,477.19000244140625,484.2900085449219,477.16387939453125,6236300
VOO,2025-04-23,496.69000244140625,501.17999267578125,490.70001220703125,492.07000732421875,484.82940673828125,8047600
VOO,2025-04-24,493.260009765625,503.0,492.2200012207031,502.4100036621094,495.0172424316406,6184300
VOO,2025-04-25,502.44000244140625,506.5199890136719,499.75,506.1099853515625,498.6628112792969,6933400
VOO,2025-04-28,506.80999755859375,508.739990234375,500.9599914550781,506.4200134277344,498.96826171875,4210000
VOO,2025-04-29,504.5400085449219,510.54998779296875,504.260009765625,509.489990234375,501.9930725097656,6525500
VOO,2025-04-30,503.260009765625,511.5,497.760009765625,509.739990234375,502.2393798828125,7873700
VOO,2025-05-01,515.1300048828125,518.4400024414062,512.77001953125,513.3499755859375,505.7962341308594,5784500
VOO,2025-05-02,519.1199951171875,522.4099731445312,516.8900146484375,520.7100219726562,513.0479125976562,6285400
VOO,2025-05-05,517.0800170898438,520.8499755859375,516.27001953125,517.989990234375,510.36798095703125,4793500
VOO,2025-05-06,512.8900146484375,517.8300170898438,511.94000244140625,513.5800170898438,506.02288818359375,4694300
VOO,2025-05-07,514.9199829101562,518.1799926757812,511.1000061035156,515.9000244140625,508.30877685546875,5460000
VOO,2025-05-08,519.5399780273438,524.22998046875,516.3499755859375,519.3400268554688,511.6981201171875,5088200
VOO,2025-05-09,520.6900024414062,521.6300048828125,517.3599853515625,518.6500244140625,511.0183410644531,4739500
VOO,2025-05-12,534.5,535.9199829101562,530.3900146484375,535.9199829101562,528.0341796875,7793600
VOO,2025-05-13,536.3300170898438,541.47998046875,535.780029296875,539.4400024414062,531.5023193359375,7356800
VOO,2025-05-14,540.3699951171875,541.4199829101562,538.239990234375,540.1099853515625,532.1624145507812,5031300
VOO,2025-05-15,538.260009765625,543.25,537.8400268554688,542.760009765625,534.7735595703125,7362200
VOO,2025-05-16,543.469970703125,546.469970703125,541.7000122070312,546.260009765625,538.2220458984375,7255300
VOO,2025-05-19,540.6300048828125,547.4500122070312,540.5800170898438,546.8200073242188,538.7738037109375,7766100
VOO,2025-05-20,545.219970703125,546.0599975585938,541.989990234375,544.8800048828125,536.8623046875,7158200
VOO,2025-05-21,540.9099731445312,544.6900024414062,534.8200073242188,535.77001953125,527.8863525390625,6339500
VOO,2025-05-22,535.5999755859375,539.22998046875,534.4400024414062,536.02001953125,528.1327514648438,5816600
VOO,2025-05-23,529.4299926757812,534.8099975585938,529.1099853515625,532.4000244140625,524.56591796875,6455900
VOO,2025-05-27,538.719970703125,543.52001953125,537.1799926757812,543.3400268554688,535.3450927734375,6118100
VOO,2025-05-28,543.7899780273438,544.9000244140625,539.6099853515625,540.239990234375,532.29052734375,4910500
VOO,2025-05-29,545.1500244140625,545.280029296875,538.739990234375,542.3200073242188,534.3399658203125,4659500
VOO,2025-05-30,541.3499755859375,543.3900146484375,536.1599731445312,541.760009765625,533.7882690429688,6171500
VOO,2025-06-02,540.25,544.9099731445312,537.7999877929688,544.9099731445312,536.891845703125,5933500
VOO,2025-06-03,544.530029296875,548.8699951171875,544.0900268554688,548.0,539.9364624023438,4993600
VOO,2025-06-04,548.75,549.6500244140625,547.4400024414062,547.6500244140625,539.5916137695312,4543400
VOO,2025-06-05,549.47998046875,550.6300048828125,543.3400268554688,545.0900268554688,537.0692749023438,6372100
VOO,2025-06-06,550.2999877929688,552.3200073242188,548.7000122070312,550.6599731445312,542.5571899414062,4736000
VOO,2025-06-09,551.2999877929688,552.7000122070312,550.2000122070312,551.25,543.1386108398438,4516400
VOO,2025-06-10,551.780029296875,554.739990234375,550.739990234375,554.3900146484375,546.2323608398438,5984100
VOO,2025-06-11,555.4099731445312,556.22998046875,550.9099731445312,552.8599853515625,544.7249755859375,20800600
VOO,2025-06-12,551.5999755859375,555.0,551.1300048828125,554.9500122070312,546.7841186523438,8422900
VOO,2025-06-13,550.239990234375,553.25,547.4099731445312,548.77001953125,540.695068359375,7100600
VOO,2025-06-16,551.9400024414062,555.6900024414062,551.8699951171875,554.0700073242188,545.9171142578125,7421300
VOO,2025-06-17,551.7899780273438,553.1599731445312,548.6400146484375,549.3499755859375,541.2665405273438,4753300
VOO,2025-06-18,550.1599731445312,552.7100219726562,548.3900146484375,549.239990234375,541.1581420898438,4602300
VOO,2025-06-20,551.719970703125,552.719970703125,546.6199951171875,547.719970703125,539.6604614257812,9978500
VOO,2025-06-23,548.6599731445312,553.7000122070312,545.75,553.3599853515625,545.217529296875,9820200
VOO,2025-06-24,557.1799926757812,560.4299926757812,556.3699951171875,559.4400024414062,551.2081298828125,6770000
VOO,2025-06-25,560.52001953125,561.02001953125,558.3400268554688,559.719970703125,551.48388671875,16472300
VOO,2025-06-26,561.52001953125,564.5499877929688,560.9600219726562,564.1500244140625,555.8487548828125,6081400
VOO,2025-06-27,565.1099853515625,568.3300170898438,563.2100219726562,566.9500122070312,558.6076049804688,6056500
VOO,2025-06-30,567.5,569.1500244140625,565.3800048828125,568.030029296875,561.3995361328125,5750600
VOO,2025-07-01,566.5599975585938,568.7999877929688,565.7999877929688,567.77001953125,561.1426391601562,7412700
VOO,2025-07-02,567.3699951171875,570.3400268554688,566.8099975585938,570.2899780273438,563.6331787109375,6164000
VOO,2025-07-03,572.1799926757812,575.6699829101562,572.1300048828125,575.219970703125,568.5056762695312,4837000
VOO,2025-07-07,573.0,573.5900268554688,567.97998046875,570.6099853515625,563.949462890625,6417800
VOO,2025-07-08,571.1500244140625,571.8300170898438,569.47998046875,570.22998046875,563.5738525390625,6944600
VOO,2025-07-09,572.4600219726562,574.260009765625,570.760009765625,573.6099853515625,566.9144897460938,7156500
VOO,2025-07-10,573.780029296875,576.260009765625,572.7000122070312,575.2899780273438,568.5748291015625,4961700
VOO,2025-07-11,572.4500122070312,574.3800048828125,571.3699951171875,573.219970703125,566.5289916992188,4428900
VOO,2025-07-14,572.8499755859375,574.6799926757812,571.5800170898438,574.3499755859375,567.6458129882812,4747000
VOO,2025-07-15,576.8499755859375,577.1599731445312,571.8499755859375,571.8599853515625,565.1849365234375,5399000
VOO,2025-07-16,573.4000244140625,574.260009765625,568.1699829101562,573.739990234375,567.0429077148438,6141200
VOO,2025-07-17,574.02001953125,577.6500244140625,573.7999877929688,577.1799926757812,570.4428100585938,6495300
VOO,2025-07-18,578.469970703125,578.5,575.8400268554688,576.9199829101562,570.185791015625,4262400
VOO,2025-07-21,577.97998046875,580.530029296875,577.5900268554688,577.9500122070312,571.2037963867188,5913800
VOO,2025-07-22,578.280029296875,578.8400268554688,575.6400146484375,577.9500122070312,571.2037963867188,4767700
VOO,2025-07-23,580.5700073242188,582.9600219726562,578.8699951171875,582.8599853515625,576.0564575195312,4257300
VOO,2025-07-24,583.3400268554688,584.75,582.719970703125,583.260009765625,576.4518432617188,3840900
VOO,2025-07-25,583.8099975585938,586.0399780273438,583.5900268554688,585.5800170898438,578.7446899414062,4210100
VOO,2025-07-28,586.0399780273438,586.5,584.239990234375,585.4400024414062,578.6063842773438,4193100
VOO,2025-07-29,586.8200073242188,587.0800170898438,583.1199951171875,583.9199829101562,577.1041259765625,5053400
VOO,2025-07-30,584.6599731445312,586.1500244140625,580.5499877929688,583.2100219726562,576.4024047851562,6974700
VOO,2025-07-31,587.8300170898438,588.1599731445312,579.8400268554688,581.02001953125,574.2379760742188,7046800
VOO,2025-08-01,575.72998046875,575.739990234375,569.2899780273438,571.4500122070312,564.7797241210938,8781300
VOO,2025-08-04,575.1699829101562,580.2100219726562,575.0800170898438,580.1400146484375,573.3682861328125,6640100
VOO,2025-08-05,580.7899780273438,581.5,576.4000244140625,577.3499755859375,570.6107788085938,4647400
VOO,2025-08-06,578.25,582.27001953125,577.4099731445312,581.6400146484375,574.8507080078125,4545000
VOO,2025-08-07,584.8699951171875,585.52001953125,578.3099975585938,581.2899780273438,574.5048217773438,4594300
VOO,2025-08-08,582.9299926757812,586.1699829101562,582.5999755859375,585.739990234375,578.90283203125,4342300
VOO,2025-08-11,586.030029296875,587.3599853515625,583.4400024414062,584.5399780273438,577.7169189453125,5373900
VOO,2025-08-12,586.75,590.9600219726562,585.4299926757812,590.780029296875,583.8840942382812,5851900
VOO,2025-08-13,592.8599853515625,594.030029296875,590.8099975585938,592.8400268554688,585.9200439453125,5393000
VOO,2025-08-14,590.9199829101562,593.510009765625,590.5,592.8499755859375,585.9298706054688,6236700
VOO,2025-08-15,593.8599853515625,593.9500122070312,590.6599731445312,591.5700073242188,584.664794921875,7196300
VOO,2025-08-18,590.97998046875,592.02001953125,590.3499755859375,591.3599853515625,584.4572143554688,5311700
VOO,2025-08-19,591.25,592.1199951171875,586.9400024414062,588.1300048828125,581.2649536132812,6739300
VOO,2025-08-20,587.8099975585938,588.0,581.8499755859375,586.5800170898438,579.7330322265625,7113600
VOO,2025-08-21,584.9299926757812,586.4600219726562,582.6500244140625,584.27001953125,577.4500122070312,4807300
VOO,2025-08-22,586.27001953125,594.3200073242188,585.8400268554688,593.2100219726562,586.2857055664062,6389300
VOO,2025-08-25,592.0499877929688,593.22998046875,590.5499877929688,590.7000122070312,583.8049926757812,6483000
VOO,2025-08-26,590.3800048828125,593.4299926757812,589.7899780273438,593.0599975585938,586.1373901367188,4776600
VOO,2025-08-27,592.52001953125,595.1400146484375,592.4400024414062,594.4199829101562,587.4815673828125,6171400
VOO,2025-08-28,595.0700073242188,597.0700073242188,593.27001953125,596.52001953125,589.5570678710938,5058700
VOO,2025-08-29,595.239990234375,595.5499877929688,591.25,593.0800170898438,586.1572265625,7512000
VOO,2025-09-02,586.0599975585938,588.7999877929688,583.6699829101562,588.7100219726562,581.8381958007812,11116700
VOO,2025-09-03,590.8099975585938,592.22998046875,588.780029296875,591.719970703125,584.8130493164062,8205900
VOO,2025-09-04,592.469970703125,596.77001953125,591.5999755859375,596.5900268554688,589.626220703125,8045600
VOO,2025-09-05,598.9099731445312,599.5999755859375,591.4500122070312,594.9600219726562,588.0152587890625,6641500
VOO,2025-09-08,596.3099975585938,597.4099731445312,595.030029296875,596.5,589.5372924804688,9472200
VOO,2025-09-09,596.6099853515625,598.3699951171875,595.010009765625,597.9500122070312,590.9703369140625,7844800
VOO,2025-09-10,600.9199829101562,601.75,598.1599731445312,599.6799926757812,592.6801147460938,21641100
VOO,2025-09-11,601.4299926757812,605.22998046875,600.8900146484375,604.5700073242188,597.5131225585938,9109700
VOO,2025-09-12,604.5900268554688,605.97998046875,603.9500122070312,604.4400024414062,597.3846435546875,8130500
VOO,2025-09-15,606.469970703125,607.77001953125,606.2000122070312,607.5900268554688,600.4978637695312,7710700
VOO,2025-09-16,608.1599731445312,608.4199829101562,606.0599975585938,606.7899780273438,599.7070922851562,6393200
VOO,2025-09-17,606.8400268554688,608.3300170898438,601.5499877929688,606.0900268554688,599.0153198242188,11613600
VOO,2025-09-18,608.5499877929688,611.3099975585938,607.0700073242188,608.9400024414062,601.8320922851562,11057500
VOO,2025-09-19,610.6199951171875,612.6699829101562,608.8499755859375,611.780029296875,604.6389770507812,6065700
VOO,2025-09-22,610.52001953125,615.219970703125,610.510009765625,614.760009765625,607.5841064453125,11583800
VOO,2025-09-23,614.7100219726562,615.260009765625,610.3400268554688,611.5399780273438,604.4017333984375,10753000
VOO,2025-09-24,612.6300048828125,612.739990234375,608.1900024414062,609.5,602.3855590820312,23787300
VOO,2025-09-25,606.6199951171875,607.9299926757812,603.3499755859375,606.5900268554688,599.509521484375,6965700
VOO,2025-09-26,608.030029296875,610.7000122070312,606.5700073242188,610.1599731445312,603.037841796875,6438600
VOO,2025-09-29,610.7899780273438,611.6799926757812,608.47998046875,610.1300048828125,604.732666015625,5658800
VOO,2025-09-30,609.4299926757812,612.8599853515625,608.27001953125,612.3800048828125,606.9628295898438,6515700
VOO,2025-10-01,609.7000122070312,615.3900146484375,609.5700073242188,614.5700073242188,609.1334228515625,10020000
VOO,2025-10-02,616.4099731445312,616.47998046875,613.02001953125,615.25,609.8074340820312,7139500
VOO,2025-10-03,615.9500122070312,618.4199829101562,614.2899780273438,615.2999877929688,609.8569946289062,7210700
VOO,2025-10-06,617.4600219726562,618.280029296875,615.47998046875,617.4000244140625,611.9384155273438,6056400
VOO,2025-10-07,618.2999877929688,618.739990234375,613.8200073242188,615.2000122070312,609.7578735351562,7466300
VOO,2025-10-08,616.219970703125,618.9000244140625,615.4600219726562,618.77001953125,613.2962646484375,5035200
VOO,2025-10-09,619.22998046875,619.5900268554688,615.280029296875,617.0999755859375,611.6410522460938,5898500
VOO,2025-10-10,617.989990234375,619.5999755859375,600.22998046875,600.510009765625,595.1978149414062,13664200
VOO,2025-10-13,607.3699951171875,611.030029296875,606.5800170898438,609.6099853515625,604.21728515625,6968400
VOO,2025-10-14,604.2000122070312,612.1400146484375,600.510009765625,608.75,603.3649291992188,7493500
VOO,2025-10-15,613.0700073242188,616.2100219726562,605.8200073242188,611.4299926757812,606.0211791992188,6504900
VOO,2025-10-16,613.1099853515625,614.7999877929688,604.1400146484375,607.3900146484375,602.0169067382812,7594800
VOO,2025-10-17,606.3400268554688,612.02001953125,605.0999755859375,610.760009765625,605.3571166992188,6911000
VOO,2025-10-20,613.510009765625,618.010009765625,613.510009765625,617.1699829101562,611.7103881835938,4086200
VOO,2025-10-21,617.3300170898438,618.739990234375,615.97998046875,617.0900268554688,611.631103515625,4216200
VOO,2025-10-22,617.8300170898438,617.8300170898438,609.8300170898438,613.969970703125,608.5386962890625,6961600
VOO,2025-10-23,614.25,618.469970703125,613.989990234375,617.4400024414062,611.97802734375,5851800
VOO,2025-10-24,621.9199829101562,623.7899780273438,621.2100219726562,622.5499877929688,617.0427856445312,5694900
VOO,2025-10-27,627.739990234375,630.2899780273438,627.1599731445312,630.0,624.4269409179688,7804300
VOO,2025-10-28,631.7100219726562,633.3900146484375,629.6400146484375,631.6900024414062,626.1019287109375,5625600
VOO,2025-10-29,633.2100219726562,634.1300048828125,627.8699951171875,631.9500122070312,626.3596801757812,6104500
VOO,2025-10-30,628.8099975585938,630.6300048828125,625.0999755859375,625.239990234375,619.7090454101562,6243300
VOO,2025-10-31,629.8400268554688,629.9400024414062,624.5,627.0399780273438,621.4931030273438,7058600
VOO,2025-11-03,630.4199829101562,630.5399780273438,625.1599731445312,628.27001953125,622.7122802734375,5568100
VOO,2025-11-04,621.6500244140625,625.1699829101562,620.2000122070312,620.989990234375,615.49658203125,8390500
VOO,2025-11-05,620.5900268554688,626.0,619.8300170898438,622.8599853515625,617.35009765625,10323100
VOO,2025-11-06,621.9600219726562,622.7899780273438,614.8200073242188,616.239990234375,610.78857421875,7099400
VOO,2025-11-07,614.0900268554688,617.02001953125,607.9199829101562,616.8900146484375,611.4329833984375,7571300
VOO,2025-11-10,622.6900024414062,627.2100219726562,620.6599731445312,626.469970703125,620.9281005859375,8425000
VOO,2025-11-11,625.1599731445312,628.489990234375,624.0700073242188,627.9099731445312,622.3553466796875,5639200
VOO,2025-11-12,629.6500244140625,629.77001953125,626.0999755859375,628.219970703125,622.6626586914062,6090200
VOO,2025-11-13,625.6699829101562,626.02001953125,616.510009765625,617.989990234375,612.5231323242188,13065800
VOO,2025-11-14,611.75,621.219970703125,609.8300170898438,617.8300170898438,612.3645629882812,9681700
VOO,2025-11-17,615.739990234375,619.4500122070312,608.8099975585938,612.0399780273438,606.625732421875,8902500
VOO,2025-11-18,608.719970703125,611.510009765625,603.0,607.0,601.63037109375,8542600
VOO,2025-11-19,607.52001953125,613.5700073242188,605.6699829101562,609.2000122070312,603.8109130859375,7449400
VOO,2025-11-20,618.719970703125,621.1300048828125,599.3599853515625,599.9600219726562,594.6527099609375,13985000
VOO,2025-11-21,602.25,611.010009765625,598.3800048828125,605.9299926757812,600.56982421875,9821400
VOO,2025-11-24,609.280029296875,616.0900268554688,608.3099975585938,614.9400024414062,609.5001220703125,6242700
VOO,2025-11-25,614.780029296875,621.75,610.989990234375,620.6599731445312,615.1694946289062,7389500
VOO,2025-11-26,623.0599975585938,626.8099975585938,622.260009765625,624.9500122070312,619.4215698242188,5323200
VOO,2025-11-28,626.030029296875,628.6300048828125,625.7100219726562,628.4099731445312,622.8510131835938,2953200
VOO,2025-12-01,624.1699829101562,628.010009765625,624.0999755859375,625.52001953125,619.986572265625,9191600
VOO,2025-12-02,627.010009765625,628.77001953125,624.6199951171875,626.5800170898438,621.0372314453125,5280600
VOO,2025-12-03,625.77001953125,629.780029296875,624.9500122070312,628.77001953125,623.2078247070312,6338400
VOO,2025-12-04,630.1300048828125,630.1799926757812,626.47998046875,629.2999877929688,623.7330932617188,5147700
VOO,2025-12-05,630.2999877929688,632.97998046875,629.47998046875,630.47998046875,624.9026489257812,5693100
VOO,2025-12-08,631.3599853515625,631.469970703125,626.7000122070312,628.6099853515625,623.0491943359375,6876700
VOO,2025-12-09,628.1799926757812,630.2100219726562,627.6599731445312,628.0999755859375,622.543701171875,12849000
VOO,2025-12-10,627.6300048828125,633.510009765625,626.469970703125,632.1599731445312,626.5678100585938,22457400
VOO,2025-12-11,630.0,633.8699951171875,627.27001953125,633.7100219726562,628.1041259765625,33921000
VOO,2025-12-12,632.7999877929688,633.4299926757812,624.47998046875,626.8699951171875,621.3246459960938,8534700
VOO,2025-12-15,630.5599975585938,630.5599975585938,624.5700073242188,625.9600219726562,620.4227294921875,11337200
VOO,2025-12-16,624.5499877929688,626.219970703125,620.6500244140625,624.2100219726562,618.6881103515625,15819600
VOO,2025-12-17,625.1900024414062,625.6400146484375,617.1599731445312,617.3499755859375,611.8887939453125,21356900
VOO,2025-12-18,623.0499877929688,625.9400024414062,620.5700073242188,622.010009765625,616.5076293945312,37062400
VOO,2025-12-19,623.97998046875,628.1300048828125,623.8599853515625,627.5599975585938,622.0084838867188,10487000
VOO,2025-12-22,628.969970703125,630.27001953125,627.7999877929688,629.72998046875,625.9257202148438,9850100
VOO,2025-12-23,628.9400024414062,632.8800048828125,628.9199829101562,632.6699829101562,628.8479614257812,13798500
VOO,2025-12-24,632.6699829101562,635.3200073242188,632.5399780273438,634.780029296875,630.9451904296875,3275200
VOO,2025-12-26,635.1400146484375,636.0800170898438,633.8800048828125,634.8400268554688,631.0048828125,3852100
VOO,2025-12-29,632.2999877929688,633.7899780273438,630.9500122070312,632.5999755859375,628.7783203125,6579400
VOO,2025-12-30,632.2000122070312,633.2100219726562,631.4099731445312,631.719970703125,627.9036254882812,4180400
VOO,2025-12-31,631.9400024414062,632.1400146484375,626.9400024414062,627.1300048828125,623.3413696289062,5556800
VOO,2026-01-02,630.6400146484375,631.6599731445312,625.2100219726562,628.2999877929688,624.5043334960938,11337000
VOO,2026-01-05,631.3800048828125,634.0399780273438,631.22998046875,632.4600219726562,628.6392211914062,16175600
VOO,2026-01-06,632.6400146484375,636.6799926757812,632.530029296875,636.2100219726562,632.3665771484375,8672000
VOO,2026-01-07,636.5800170898438,638.219970703125,633.9299926757812,634.1699829101562,630.3388061523438,8820100
VOO,2026-01-08,633.47998046875,635.0999755859375,632.239990234375,634.0599975585938,630.2295532226562,9017400
VOO,2026-01-09,635.1500244140625,639.4400024414062,633.7999877929688,638.3099975585938,634.4539184570312,7864100
VOO,2026-01-12,635.1900024414062,640.1599731445312,635.1599731445312,639.3400268554688,635.4777221679688,7929800
VOO,2026-01-13,639.6799926757812,640.1500244140625,635.8200073242188,638.030029296875,634.1755981445312,8860000
VOO,2026-01-14,635.489990234375,636.1199951171875,631.0,634.9400024414062,631.104248046875,8683400
VOO,2026-01-15,638.77001953125,639.5800170898438,635.7000122070312,636.6199951171875,632.7741088867188,6937000
VOO,2026-01-16,637.9600219726562,638.510009765625,634.6799926757812,636.0900268554688,632.247314453125,6733700
VOO,2026-01-20,626.760009765625,629.760009765625,622.219970703125,623.1500244140625,619.385498046875,14877600
VOO,2026-01-21,625.02001953125,633.4000244140625,623.6500244140625,630.2899780273438,626.4822998046875,10403800
VOO,2026-01-22,634.4299926757812,635.6199951171875,631.75,633.5700073242188,629.7424926757812,6085500
VOO,2026-01-23,632.8800048828125,635.469970703125,631.969970703125,633.8300170898438,630.0009765625,5850400
VOO,2026-01-26,635.030029296875,638.3900146484375,634.52001953125,637.0900268554688,633.2412719726562,9007400
VOO,2026-01-27,638.4199829101562,640.5999755859375,637.8699951171875,639.7000122070312,635.83544921875,4339600
VOO,2026-01-28,641.0499877929688,641.8099975585938,638.219970703125,639.5999755859375,635.7360229492188,5568700
VOO,2026-01-29,640.4299926757812,641.0399780273438,629.8200073242188,638.27001953125,634.4141235351562,8697200
VOO,2026-01-30,636.25,638.4500122070312,631.9500122070312,636.219970703125,632.37646484375,6562300
VOO,2026-02-02,634.1799926757812,640.9600219726562,634.0700073242188,639.6799926757812,635.8155517578125,9490300
VOO,2026-02-03,640.3300170898438,641.0,629.1099853515625,634.1500244140625,630.3190307617188,9702800
VOO,2026-02-04,634.9299926757812,635.9199829101562,627.0,630.9099731445312,627.0985717773438,11322000
VOO,2026-02-05,626.239990234375,628.75,621.5,623.0999755859375,619.3357543945312,11714700
VOO,2026-02-06,626.719970703125,636.719970703125,626.2000122070312,635.239990234375,631.4024047851562,12987900
VOO,2026-02-09,634.0700073242188,639.989990234375,633.1099853515625,638.22998046875,634.3743286132812,8908500
VOO,2026-02-10,639.1400146484375,640.6199951171875,636.0800170898438,636.4400024414062,632.5951538085938,13645300
VOO,2026-02-11,640.489990234375,641.1500244140625,633.8400268554688,636.3499755859375,632.5056762695312,5345000
VOO,2026-02-12,638.510009765625,639.52001953125,625.760009765625,626.489990234375,622.7052612304688,8951100
VOO,2026-02-13,626.9299926757812,631.1699829101562,623.1199951171875,626.8900146484375,623.1029052734375,9312800
VOO,2026-02-17,625.5399780273438,629.9299926757812,621.510009765625,627.989990234375,624.1961669921875,8718600
VOO,2026-02-18,629.1099853515625,633.7999877929688,628.0,631.1500244140625,627.337158203125,9509200
VOO,2026-02-19,628.9500122070312,631.0800170898438,626.8099975585938,629.530029296875,625.7269287109375,5212400
VOO,2026-02-20,627.47998046875,634.5800170898438,627.030029296875,634.02001953125,630.1898193359375,7482000
VOO,2026-02-23,632.6099853515625,634.6099853515625,625.75,627.6300048828125,623.8384399414062,10868700
VOO,2026-02-24,627.1500244140625,633.0900268554688,625.4000244140625,632.2100219726562,628.3907470703125,6930300
VOO,2026-02-25,634.77001953125,638.0,634.739990234375,637.530029296875,633.6786499023438,12135200
VOO,2026-02-26,637.6500244140625,637.77001953125,629.4299926757812,633.9500122070312,630.1202392578125,9497700
VOO,2026-02-27,628.239990234375,631.6900024414062,626.9400024414062,631.0399780273438,627.2277221679688,10471100
VOO,2026-03-02,624.1900024414062,633.3400268554688,623.5999755859375,631.280029296875,627.4663696289062,9211400
VOO,2026-03-03,620.8099975585938,627.7899780273438,615.8800048828125,625.719970703125,621.9398803710938,18493400
VOO,2026-03-04,626.9199829101562,631.9600219726562,625.0700073242188,630.1799926757812,626.3729858398438,13489800
VOO,2026-03-05,627.2899780273438,630.5,621.4000244140625,626.8099975585938,623.0233764648438,12198800
VOO,2026-03-06,619.3400268554688,621.8200073242188,616.0,618.4299926757812,614.6939697265625,9739200
VOO,2026-03-09,612.8599853515625,625.3200073242188,609.2000122070312,623.7999877929688,620.0315551757812,13929200
VOO,2026-03-10,623.3200073242188,628.5,620.6300048828125,622.719970703125,618.9580078125,15570400
VOO,2026-03-11,623.2000122070312,625.4299926757812,619.2999877929688,622.030029296875,618.2722778320312,6433300
VOO,2026-03-12,617.219970703125,617.7100219726562,612.4199829101562,612.5,608.7997436523438,15487600
VOO,2026-03-13,615.5399780273438,618.3300170898438,608.25,609.0900268554688,605.4104614257812,25527500
VOO,2026-03-16,614.719970703125,618.0800170898438,613.5399780273438,615.1900024414062,611.4735107421875,8303200
VOO,2026-03-17,618.3699951171875,620.27001953125,616.27001953125,616.8900146484375,613.163330078125,9941800
VOO,2026-03-18,614.6900024414062,615.8900146484375,608.1300048828125,608.3800048828125,604.7046508789062,14276900
VOO,2026-03-19,604.1400146484375,609.6900024414062,602.5399780273438,606.75,603.0845336914062,10271900
VOO,2026-03-20,605.4299926757812,605.5999755859375,594.5700073242188,597.9400024414062,594.3277587890625,17685700
VOO,2026-03-23,606.8599853515625,611.030029296875,603.0599975585938,604.4299926757812,600.7785034179688,24014300
VOO,2026-03-24,600.6300048828125,605.9099731445312,599.3200073242188,602.3800048828125,598.740966796875,18363300
VOO,2026-03-25,607.4000244140625,609.4400024414062,603.3599853515625,605.6599731445312,602.0010986328125,23288300
VOO,2026-03-26,601.2999877929688,603.9099731445312,594.6799926757812,594.9199829101562,591.3259887695312,7712600
VOO,2026-03-27,590.6799926757812,590.8300170898438,582.030029296875,582.9600219726562,581.267333984375,11707700
VOO,2026-03-30,588.3900146484375,588.6699829101562,578.4600219726562,580.9299926757812,579.2431640625,11839200
VOO,2026-03-31,587.3499755859375,598.8499755859375,586.5,597.5499877929688,595.81494140625,12447300
VOO,2026-04-01,601.0599975585938,605.3499755859375,600.27001953125,602.2999877929688,600.5511474609375,11332500
VOO,2026-04-02,594.22998046875,604.7899780273438,593.030029296875,602.989990234375,601.2391357421875,12780100
VOO,2026-04-06,602.9199829101562,606.4400024414062,602.6099853515625,605.6699829101562,603.9113159179688,6316800
VOO,2026-04-07,603.5800170898438,606.3099975585938,598.5,606.0399780273438,604.2802734375,6690000
VOO,2026-04-08,621.7999877929688,622.489990234375,617.2999877929688,621.3400268554688,619.535888671875,9805100
VOO,2026-04-09,620.3400268554688,626.1699829101562,619.4000244140625,625.02001953125,623.2052001953125,5498300
VOO,2026-04-10,626.3300170898438,626.989990234375,623.719970703125,624.5999755859375,622.786376953125,4609400
VOO,2026-04-13,622.75,630.9000244140625,621.97998046875,630.719970703125,628.8886108398438,5158400
VOO,2026-04-14,632.22998046875,638.52001953125,632.219970703125,638.3499755859375,636.4964599609375,5042900
VOO,2026-04-15,639.1900024414062,643.7899780273438,638.22998046875,643.4500122070312,641.5816650390625,5165600
VOO,2026-04-16,644.510009765625,646.0700073242188,642.1500244140625,644.8599853515625,642.987548828125,5882400
VOO,2026-04-17,649.1799926757812,654.8800048828125,648.8599853515625,652.780029296875,650.8845825195312,7815300
VOO,2026-04-20,651.6199951171875,652.5999755859375,649.1699829101562,651.5399780273438,649.6481323242188,6384100
VOO,2026-04-21,652.9400024414062,653.8599853515625,645.9400024414062,647.25,645.37060546875,8514900
VOO,2026-04-22,651.97998046875,654.1900024414062,651.0900268554688,653.9000244140625,652.0013427734375,4537200
VOO,2026-04-23,652.22998046875,654.9000244140625,645.6599731445312,651.260009765625,649.3689575195312,6519500
VOO,2026-04-24,653.4000244140625,656.8200073242188,651.8200073242188,656.4199829101562,654.5139770507812,4793800
VOO,2026-04-27,655.6699829101562,657.9000244140625,654.8400268554688,657.5,655.5908813476562,5319200
VOO,2026-04-28,654.4099731445312,655.3900146484375,652.010009765625,654.260009765625,652.3602905273438,5527100
VOO,2026-04-29,653.6199951171875,654.719970703125,651.260009765625,654.239990234375,652.34033203125,6302000
VOO,2026-04-30,657.0,661.77001953125,653.1500244140625,660.5800170898438,658.6619262695312,5948400
VOO,2026-05-01,663.0900268554688,666.4199829101562,662.3800048828125,662.52001953125,660.5963134765625,5426500
VOO,2026-05-04,661.989990234375,663.8499755859375,657.3900146484375,660.1199951171875,658.2032470703125,5962400
VOO,2026-05-05,663.5800170898438,666.5499877929688,663.3300170898438,665.2999877929688,663.3682250976562,5052600
VOO,2026-05-06,669.4500122070312,675.3400268554688,669.1500244140625,674.6599731445312,672.7009887695312,6441500
VOO,2026-05-07,675.8200073242188,676.760009765625,670.9199829101562,672.5399780273438,670.587158203125,6260300
VOO,2026-05-08,675.7000122070312,678.530029296875,675.3699951171875,678.0399780273438,676.0711669921875,4348100
VOO,2026-05-11,677.0800170898438,681.0599975585938,677.0800170898438,679.52001953125,677.5469360351562,5693400
VOO,2026-05-12,677.469970703125,679.260009765625,672.7999877929688,678.6699829101562,676.6993408203125,6073400
VOO,2026-05-13,678.9000244140625,683.9099731445312,676.2000122070312,682.4099731445312,680.4285278320312,4918000
VOO,2026-05-14,683.739990234375,689.0999755859375,683.6599731445312,687.72998046875,685.7330322265625,5370000
VOO,2026-05-15,682.0399780273438,683.52001953125,678.4400024414062,679.4400024414062,677.4671630859375,6448500
VOO,2026-05-18,680.1799926757812,681.6099853515625,674.25,678.9099731445312,676.9386596679688,7585400
VOO,2026-05-19,675.5599975585938,678.1500244140625,672.5499877929688,674.5900268554688,672.6312866210938,5664200
VOO,2026-05-20,676.3200073242188,682.0,674.739990234375,681.5700073242188,679.5910034179688,5506800
VOO,2026-05-21,679.0800170898438,684.8300170898438,677.6199951171875,682.8400268554688,680.8572998046875,7335400
VOO,2026-05-22,686.0999755859375,688.5800170898438,684.47998046875,685.5499877929688,683.5593872070312,4319800
VOO,2026-05-26,689.6500244140625,691.510009765625,688.0800170898438,690.010009765625,688.0064697265625,6633800
VOO,2026-05-27,690.3599853515625,690.780029296875,687.9199829101562,689.9600219726562,687.9566040039062,7386500
VOO,2026-05-28,689.760009765625,694.2899780273438,688.8499755859375,693.9099731445312,691.8950805664062,8477100
VOO,2026-05-29,695.0,697.0,693.8900146484375,695.489990234375,693.4705200195312,5080400
VOO,2026-06-01,694.5399780273438,699.0599975585938,693.9400024414062,697.2999877929688,695.2752685546875,10051200
VOO,2026-06-02,696.0599975585938,699.1500244140625,695.780029296875,698.260009765625,696.2325439453125,4750700
VOO,2026-06-03,697.0800170898438,697.6500244140625,692.8499755859375,693.3599853515625,691.3467407226562,5970400
VOO,2026-06-04,691.489990234375,697.2000122070312,690.9000244140625,696.0599975585938,694.0388793945312,6630000
VOO,2026-06-05,691.7100219726562,692.1799926757812,676.25,678.0,676.0313110351562,10846500
VOO,2026-06-08,683.469970703125,685.2899780273438,678.7000122070312,679.6799926757812,677.7064208984375,8867200
VOO,2026-06-09,683.7100219726562,686.760009765625,664.3200073242188,677.7000122070312,675.7322387695312,16197200
VOO,2026-06-10,674.3200073242188,678.8800048828125,666.8800048828125,667.0499877929688,665.1130981445312,16472700
VOO,2026-06-11,670.0999755859375,680.3800048828125,666.0,678.22998046875,676.2606201171875,19974200
VOO,2026-06-12,681.0800170898438,684.4400024414062,675.8099975585938,681.9500122070312,679.9698486328125,6328000
VOO,2026-06-15,691.2999877929688,695.75,691.260009765625,693.8300170898438,691.8153686523438,14068900
VOO,2026-06-16,693.8300170898438,694.5700073242188,689.4400024414062,689.75,687.7471923828125,13324100
VOO,2026-06-17,690.760009765625,691.530029296875,679.6400146484375,681.4099731445312,679.431396484375,15029600
VOO,2026-06-18,689.2999877929688,689.7000122070312,685.7000122070312,688.1099853515625,686.1119384765625,17747900
VOO,2026-06-22,689.1699829101562,691.5,685.0,686.0999755859375,684.1077880859375,13367200
VOO,2026-06-23,676.3599853515625,681.72998046875,675.02001953125,676.3400268554688,674.3761596679688,17581700
VOO,2026-06-24,677.6799926757812,682.0700073242188,673.6799926757812,675.6900024414062,673.72802734375,9677000
VOO,2026-06-25,681.1400146484375,681.5399780273438,672.5800170898438,675.7100219726562,673.7479858398438,26266500
VOO,2026-06-26,669.9600219726562,676.9600219726562,668.0999755859375,670.260009765625,670.260009765625,6007600
VOO,2026-06-29,677.010009765625,681.5700073242188,672.9299926757812,681.010009765625,681.010009765625,5703800
VOO,2026-06-30,681.3200073242188,687.530029296875,680.989990234375,686.8099975585938,686.8099975585938,9892400
VOO,2026-07-01,684.72998046875,688.8300170898438,682.2999877929688,685.4600219726562,685.4600219726562,8659300
VOO,2026-07-02,686.97998046875,690.5,680.219970703125,684.8400268554688,684.8400268554688,6994700
VOO,2026-07-06,688.1099853515625,691.5800170898438,687.0,690.6199951171875,690.6199951171875,5610000
VOO,2026-07-07,689.5800170898438,690.239990234375,684.989990234375,687.0800170898438,687.0800170898438,4833600
VOO,2026-07-08,683.0999755859375,685.760009765625,679.75,684.9199829101562,684.9199829101562,4105999
