symbol,date,open,high,low,close,adj_close,volume
QCOM,1991-12-13,0.53125,0.59375,0.5234379768371582,0.5625,0.33862894773483276,143667200
QCOM,1991-12-16,0.5625,0.578125,0.5390629768371582,0.5546879768371582,0.3339260518550873,22585600
QCOM,1991-12-17,0.578125,0.578125,0.546875,0.5546879768371582,0.3339260518550873,16176000
QCOM,1991-12-18,0.5546879768371582,0.5703129768371582,0.5546879768371582,0.5703129768371582,0.3433324694633484,10899200
QCOM,1991-12-19,0.5703129768371582,0.5703129768371582,0.546875,0.546875,0.32922250032424927,7299200
QCOM,1991-12-20,0.546875,0.5703129768371582,0.546875,0.5625,0.33862894773483276,5235200
QCOM,1991-12-23,0.5703129768371582,0.5703129768371582,0.546875,0.5585939884185791,0.3362775146961212,7894400
QCOM,1991-12-24,0.5507810115814209,0.6015629768371582,0.546875,0.6015629768371582,0.36214524507522583,7129600
QCOM,1991-12-26,0.5859379768371582,0.6875,0.5859379768371582,0.6875,0.41387975215911865,8672000
QCOM,1991-12-27,0.6953129768371582,0.6953129768371582,0.6484379768371582,0.6640629768371582,0.3997706174850464,6396800
QCOM,1991-12-30,0.6640629768371582,0.6796879768371582,0.6484379768371582,0.6796879768371582,0.4091767966747284,6627200
QCOM,1991-12-31,0.6796879768371582,0.78125,0.671875,0.7734379768371582,0.4656151533126831,12572800
QCOM,1992-01-02,0.7734379768371582,0.8671879768371582,0.765625,0.8632810115814209,0.5197011828422546,22121600
QCOM,1992-01-03,0.8671879768371582,0.890625,0.84375,0.875,0.5267561078071594,6092800
QCOM,1992-01-06,0.8984379768371582,0.8984379768371582,0.7578129768371582,0.8203129768371582,0.49383413791656494,15987200
QCOM,1992-01-07,0.8125,0.8359379768371582,0.7890629768371582,0.796875,0.47972428798675537,4940800
QCOM,1992-01-08,0.8046879768371582,0.8046879768371582,0.6796879768371582,0.703125,0.4232858419418335,36828800
QCOM,1992-01-09,0.7265629768371582,0.7734379768371582,0.71875,0.7734379768371582,0.4656151533126831,20809600
QCOM,1992-01-10,0.78125,0.7890629768371582,0.7265629768371582,0.75,0.45150521397590637,7961600
QCOM,1992-01-13,0.765625,0.8359379768371582,0.7421879768371582,0.8125,0.4891303479671478,8499200
QCOM,1992-01-14,0.8359379768371582,0.8359379768371582,0.8046879768371582,0.8203129768371582,0.49383413791656494,3628800
QCOM,1992-01-15,0.8359379768371582,0.8515629768371582,0.8125,0.828125,0.49853694438934326,5910400
QCOM,1992-01-16,0.8359379768371582,0.84375,0.7734379768371582,0.8046879768371582,0.48442786931991577,3654400
QCOM,1992-01-17,0.7890629768371582,0.8125,0.7890629768371582,0.7890629768371582,0.475021630525589,1574400
QCOM,1992-01-20,0.78125,0.796875,0.7421879768371582,0.78125,0.470318078994751,3350400
QCOM,1992-01-21,0.796875,0.796875,0.734375,0.75,0.45150521397590637,3724800
QCOM,1992-01-22,0.75,0.78125,0.734375,0.78125,0.470318078994751,5132800
QCOM,1992-01-23,0.796875,0.796875,0.734375,0.734375,0.4420987665653229,3248000
QCOM,1992-01-24,0.734375,0.7578129768371582,0.734375,0.7421879768371582,0.4468022584915161,355200
QCOM,1992-01-27,0.7578129768371582,0.7578129768371582,0.7109379768371582,0.7265629768371582,0.43739596009254456,2675200
QCOM,1992-01-28,0.7265629768371582,0.7265629768371582,0.6875,0.703125,0.4232858419418335,3673600
QCOM,1992-01-29,0.7109379768371582,0.734375,0.6875,0.71875,0.4326925277709961,1702400
QCOM,1992-01-30,0.7109379768371582,0.765625,0.7109379768371582,0.7421879768371582,0.4468022584915161,2505600
QCOM,1992-01-31,0.7421879768371582,0.75,0.734375,0.75,0.45150521397590637,1702400
QCOM,1992-02-03,0.75,0.8046879768371582,0.7421879768371582,0.7695310115814209,0.46326306462287903,2611200
QCOM,1992-02-04,0.7734379768371582,0.8046879768371582,0.7578129768371582,0.78125,0.470318078994751,4233600
QCOM,1992-02-05,0.7734379768371582,0.7890629768371582,0.7734379768371582,0.7734379768371582,0.4656151533126831,3280000
QCOM,1992-02-06,0.796875,0.796875,0.7578129768371582,0.7578129768371582,0.45620858669281006,7232000
QCOM,1992-02-07,0.78125,0.78125,0.6796879768371582,0.734375,0.4420987665653229,8979200
QCOM,1992-02-10,0.7109379768371582,0.734375,0.6875,0.703125,0.4232858419418335,4940800
QCOM,1992-02-11,0.7109379768371582,0.734375,0.6953129768371582,0.7109379768371582,0.42798951268196106,1667200
QCOM,1992-02-12,0.7109379768371582,0.7734379768371582,0.6953129768371582,0.75,0.45150521397590637,3603200
QCOM,1992-02-13,0.765625,0.765625,0.7109379768371582,0.7109379768371582,0.42798951268196106,1398400
QCOM,1992-02-14,0.7265629768371582,0.7265629768371582,0.703125,0.7265629768371582,0.43739596009254456,2825600
QCOM,1992-02-18,0.7265629768371582,0.7265629768371582,0.6953129768371582,0.7109379768371582,0.42798951268196106,1078400
QCOM,1992-02-19,0.6875,0.7109379768371582,0.6796879768371582,0.6875,0.41387975215911865,1408000
QCOM,1992-02-20,0.6875,0.7265629768371582,0.6875,0.7265629768371582,0.43739596009254456,5705600
QCOM,1992-02-21,0.703125,0.7265629768371582,0.65625,0.65625,0.3950669765472412,3836800
QCOM,1992-02-24,0.65625,0.6796879768371582,0.578125,0.6132810115814209,0.3691995143890381,12384000
QCOM,1992-02-25,0.6328129768371582,0.6484379768371582,0.6015629768371582,0.625,0.37625420093536377,3513600
QCOM,1992-02-26,0.65625,0.65625,0.625,0.6484379768371582,0.3903641402721405,3200000
QCOM,1992-02-27,0.6484379768371582,0.6484379768371582,0.609375,0.6328129768371582,0.3809577226638794,1209600
QCOM,1992-02-28,0.640625,0.6484379768371582,0.6171879768371582,0.640625,0.38566067814826965,3011200
QCOM,1992-03-02,0.640625,0.6484379768371582,0.6171879768371582,0.640625,0.38566067814826965,1257600
QCOM,1992-03-03,0.6484379768371582,0.6640629768371582,0.6171879768371582,0.6171879768371582,0.3715515732765198,4022400
QCOM,1992-03-04,0.625,0.625,0.609375,0.609375,0.36684805154800415,5580800
QCOM,1992-03-05,0.6171879768371582,0.6171879768371582,0.5859379768371582,0.59375,0.35744157433509827,1920000
QCOM,1992-03-06,0.609375,0.609375,0.546875,0.578125,0.34803521633148193,6329600
QCOM,1992-03-09,0.5859379768371582,0.5859379768371582,0.546875,0.578125,0.34803521633148193,2809600
QCOM,1992-03-10,0.5859379768371582,0.6171879768371582,0.578125,0.6171879768371582,0.3715515732765198,1900800
QCOM,1992-03-11,0.6171879768371582,0.625,0.5703129768371582,0.578125,0.34803521633148193,5577600
QCOM,1992-03-12,0.5859379768371582,0.6171879768371582,0.5703129768371582,0.6015629768371582,0.36214524507522583,1644800
QCOM,1992-03-13,0.59375,0.625,0.5859379768371582,0.6015629768371582,0.36214524507522583,4976000
QCOM,1992-03-16,0.6015629768371582,0.6015629768371582,0.578125,0.578125,0.34803521633148193,739200
QCOM,1992-03-17,0.5859379768371582,0.609375,0.5859379768371582,0.5859379768371582,0.35273873805999756,1865600
QCOM,1992-03-18,0.6171879768371582,0.6484379768371582,0.609375,0.6367189884185791,0.3833092153072357,3753600
QCOM,1992-03-19,0.640625,0.6796879768371582,0.625,0.6796879768371582,0.4091767966747284,6108800
QCOM,1992-03-20,0.6875,0.7265629768371582,0.6875,0.6953129768371582,0.4185832440853119,5392000
QCOM,1992-03-23,0.7109379768371582,0.71875,0.6640629768371582,0.671875,0.4044733941555023,5219200
QCOM,1992-03-24,0.6953129768371582,0.703125,0.6640629768371582,0.671875,0.4044733941555023,5760000
QCOM,1992-03-25,0.6875,0.6953129768371582,0.671875,0.6875,0.41387975215911865,3718400
QCOM,1992-03-26,0.703125,0.703125,0.6796879768371582,0.6953129768371582,0.4185832440853119,2089600
QCOM,1992-03-27,0.6796879768371582,0.6953129768371582,0.671875,0.671875,0.4044733941555023,1456000
QCOM,1992-03-30,0.671875,0.6953129768371582,0.6484379768371582,0.671875,0.4044733941555023,2339200
QCOM,1992-03-31,0.6484379768371582,0.7265629768371582,0.6171879768371582,0.71875,0.4326925277709961,5353600
QCOM,1992-04-01,0.671875,0.71875,0.671875,0.6835939884185791,0.4115281403064728,3868800
QCOM,1992-04-02,0.6953129768371582,0.6953129768371582,0.609375,0.6484379768371582,0.3903641402721405,2947200
QCOM,1992-04-03,0.6328129768371582,0.6875,0.6328129768371582,0.6484379768371582,0.3903641402721405,3414400
QCOM,1992-04-06,0.65625,0.6640629768371582,0.6328129768371582,0.6601560115814209,0.3974185883998871,2742400
QCOM,1992-04-07,0.6796879768371582,0.6875,0.65625,0.6640629768371582,0.3997706174850464,2579200
QCOM,1992-04-08,0.6484379768371582,0.6875,0.6484379768371582,0.6640629768371582,0.3997706174850464,3123200
QCOM,1992-04-09,0.6640629768371582,0.671875,0.6445310115814209,0.65625,0.3950669765472412,4313600
QCOM,1992-04-10,0.671875,0.671875,0.65625,0.671875,0.4044733941555023,592000
QCOM,1992-04-13,0.671875,0.6953129768371582,0.65625,0.6875,0.41387975215911865,2115200
QCOM,1992-04-14,0.6953129768371582,0.7265629768371582,0.6875,0.703125,0.4232858419418335,1955200
QCOM,1992-04-15,0.734375,0.7421879768371582,0.6953129768371582,0.7265629768371582,0.43739596009254456,6112000
QCOM,1992-04-16,0.7421879768371582,0.75,0.7148439884185791,0.7148439884185791,0.4303410053253174,2646400
QCOM,1992-04-20,0.703125,0.765625,0.703125,0.71875,0.4326925277709961,3318400
QCOM,1992-04-21,0.75,0.75,0.71875,0.7265629768371582,0.43739596009254456,1952000
QCOM,1992-04-22,0.7421879768371582,0.75,0.71875,0.75,0.45150521397590637,2198400
QCOM,1992-04-23,0.734375,0.75,0.703125,0.7265629768371582,0.43739596009254456,1555200
QCOM,1992-04-24,0.7148439884185791,0.7265629768371582,0.7109379768371582,0.7109379768371582,0.42798951268196106,2112000
QCOM,1992-04-27,0.7265629768371582,0.7265629768371582,0.703125,0.703125,0.4232858419418335,1984000
QCOM,1992-04-28,0.7265629768371582,0.7265629768371582,0.6640629768371582,0.6640629768371582,0.3997706174850464,1923200
QCOM,1992-04-29,0.6796879768371582,0.6796879768371582,0.6640629768371582,0.6796879768371582,0.4091767966747284,563200
QCOM,1992-04-30,0.6796879768371582,0.6796879768371582,0.640625,0.65625,0.3950669765472412,3433600
QCOM,1992-05-01,0.6640629768371582,0.6640629768371582,0.6484379768371582,0.6640629768371582,0.3997706174850464,1120000
QCOM,1992-05-04,0.6640629768371582,0.6796879768371582,0.6484379768371582,0.6640629768371582,0.3997706174850464,3014400
QCOM,1992-05-05,0.6796879768371582,0.6875,0.6640629768371582,0.671875,0.4044733941555023,300800
QCOM,1992-05-06,0.6835939884185791,0.6875,0.6640629768371582,0.671875,0.4044733941555023,1779200
QCOM,1992-05-07,0.6875,0.6875,0.6640629768371582,0.6640629768371582,0.3997706174850464,412800
QCOM,1992-05-08,0.6640629768371582,0.6875,0.6640629768371582,0.6640629768371582,0.3997706174850464,179200
QCOM,1992-05-11,0.6875,0.6875,0.6484379768371582,0.6640629768371582,0.3997706174850464,1318400
QCOM,1992-05-12,0.6640629768371582,0.6640629768371582,0.625,0.625,0.37625420093536377,1654400
QCOM,1992-05-13,0.640625,0.640625,0.59375,0.6015629768371582,0.36214524507522583,3331200
QCOM,1992-05-14,0.6171879768371582,0.6171879768371582,0.5859379768371582,0.6015629768371582,0.36214524507522583,6102400
QCOM,1992-05-15,0.59375,0.6015629768371582,0.578125,0.5859379768371582,0.35273873805999756,1612800
QCOM,1992-05-18,0.6015629768371582,0.6015629768371582,0.578125,0.5820310115814209,0.3503866493701935,2275200
QCOM,1992-05-19,0.59375,0.59375,0.578125,0.578125,0.34803521633148193,1500800
QCOM,1992-05-20,0.59375,0.59375,0.546875,0.5546879768371582,0.3339260518550873,7673600
QCOM,1992-05-21,0.5625,0.578125,0.5390629768371582,0.5625,0.33862894773483276,4457600
QCOM,1992-05-22,0.5625,0.578125,0.546875,0.5703129768371582,0.3433324694633484,1846400
QCOM,1992-05-26,0.578125,0.5898439884185791,0.5546879768371582,0.5898439884185791,0.35509008169174194,3257600
QCOM,1992-05-27,0.59375,0.59375,0.5625,0.5664060115814209,0.3409803807735443,4080000
QCOM,1992-05-28,0.5625,0.578125,0.5625,0.5625,0.33862894773483276,630400
QCOM,1992-05-29,0.578125,0.578125,0.5625,0.5742189884185791,0.3456836938858032,1504000
QCOM,1992-06-01,0.578125,0.6015629768371582,0.5703129768371582,0.59375,0.35744157433509827,2649600
QCOM,1992-06-02,0.6015629768371582,0.6171879768371582,0.578125,0.578125,0.34803521633148193,2208000
QCOM,1992-06-03,0.6015629768371582,0.609375,0.5859379768371582,0.609375,0.36684805154800415,3337600
QCOM,1992-06-04,0.625,0.6484379768371582,0.6015629768371582,0.6328129768371582,0.3809577226638794,8780800
QCOM,1992-06-05,0.6328129768371582,0.640625,0.6171879768371582,0.6328129768371582,0.3809577226638794,1609600
QCOM,1992-06-08,0.6171879768371582,0.6328129768371582,0.5859379768371582,0.59375,0.35744157433509827,2060800
QCOM,1992-06-09,0.59375,0.59375,0.5625,0.5703129768371582,0.3433324694633484,2982400
QCOM,1992-06-10,0.5625,0.59375,0.546875,0.5546879768371582,0.3339260518550873,5728000
QCOM,1992-06-11,0.578125,0.59375,0.5546879768371582,0.5859379768371582,0.35273873805999756,11107200
QCOM,1992-06-12,0.6015629768371582,0.640625,0.5820310115814209,0.640625,0.38566067814826965,4480000
QCOM,1992-06-15,0.6171879768371582,0.6484379768371582,0.6132810115814209,0.640625,0.38566067814826965,3379200
QCOM,1992-06-16,0.6328129768371582,0.6328129768371582,0.609375,0.609375,0.36684805154800415,857600
QCOM,1992-06-17,0.609375,0.609375,0.5546879768371582,0.5703129768371582,0.3433324694633484,2147200
QCOM,1992-06-18,0.5703129768371582,0.5859379768371582,0.5546879768371582,0.5585939884185791,0.3362775146961212,4064000
QCOM,1992-06-19,0.5703129768371582,0.578125,0.5546879768371582,0.5625,0.33862894773483276,1315200
QCOM,1992-06-22,0.5546879768371582,0.578125,0.53125,0.5507810115814209,0.33157411217689514,2668800
QCOM,1992-06-23,0.5546879768371582,0.5625,0.5390629768371582,0.5625,0.33862894773483276,2051200
QCOM,1992-06-24,0.5625,0.5703129768371582,0.5546879768371582,0.5546879768371582,0.3339260518550873,496000
QCOM,1992-06-25,0.5703129768371582,0.578125,0.5625,0.5625,0.33862894773483276,1321600
QCOM,1992-06-26,0.578125,0.578125,0.5625,0.5625,0.33862894773483276,451200
QCOM,1992-06-29,0.5859379768371582,0.59375,0.578125,0.59375,0.35744157433509827,1881600
QCOM,1992-06-30,0.5859379768371582,0.609375,0.578125,0.609375,0.36684805154800415,1715200
QCOM,1992-07-01,0.609375,0.6210939884185791,0.5859379768371582,0.609375,0.36684805154800415,1414400
QCOM,1992-07-02,0.625,0.6328129768371582,0.5976560115814209,0.6015629768371582,0.36214524507522583,1993600
QCOM,1992-07-06,0.609375,0.609375,0.5859379768371582,0.5859379768371582,0.35273873805999756,710400
QCOM,1992-07-07,0.6015629768371582,0.6015629768371582,0.5859379768371582,0.59375,0.35744157433509827,752000
QCOM,1992-07-08,0.5859379768371582,0.609375,0.5859379768371582,0.6015629768371582,0.36214524507522583,774400
QCOM,1992-07-09,0.59375,0.609375,0.5859379768371582,0.59375,0.35744157433509827,777600
QCOM,1992-07-10,0.59375,0.609375,0.5859379768371582,0.59375,0.35744157433509827,2630400
QCOM,1992-07-13,0.59375,0.6015629768371582,0.5859379768371582,0.5859379768371582,0.35273873805999756,300800
QCOM,1992-07-14,0.6015629768371582,0.6015629768371582,0.5859379768371582,0.6015629768371582,0.36214524507522583,428800
QCOM,1992-07-15,0.6015629768371582,0.6015629768371582,0.5390629768371582,0.5585939884185791,0.3362775146961212,13004800
QCOM,1992-07-16,0.5546879768371582,0.578125,0.5546879768371582,0.5585939884185791,0.3362775146961212,1001600
QCOM,1992-07-17,0.5546879768371582,0.578125,0.5546879768371582,0.5585939884185791,0.3362775146961212,777600
QCOM,1992-07-20,0.5546879768371582,0.5546879768371582,0.53125,0.5390629768371582,0.3245196044445038,2838400
QCOM,1992-07-21,0.5546879768371582,0.5546879768371582,0.4765630066394806,0.4960939884185791,0.29865187406539917,8291200
QCOM,1992-07-22,0.5,0.5,0.46875,0.4726560115814209,0.2845422029495239,11747200
QCOM,1992-07-23,0.46875,0.5078129768371582,0.46875,0.5078129768371582,0.30570685863494873,1884800
QCOM,1992-07-24,0.5,0.5,0.484375,0.484375,0.2915971577167511,1491200
QCOM,1992-07-27,0.5,0.5078129768371582,0.4921880066394806,0.4921880066394806,0.2963007092475891,1593600
QCOM,1992-07-28,0.5078129768371582,0.546875,0.5,0.5390629768371582,0.3245196044445038,4758400
QCOM,1992-07-29,0.546875,0.5507810115814209,0.53125,0.5390629768371582,0.3245196044445038,4019200
QCOM,1992-07-30,0.53125,0.5546879768371582,0.53125,0.546875,0.32922250032424927,2569600
QCOM,1992-07-31,0.5546879768371582,0.5546879768371582,0.53125,0.5546879768371582,0.3339260518550873,5424000
QCOM,1992-08-03,0.5546879768371582,0.5703129768371582,0.546875,0.5546879768371582,0.3339260518550873,1891200
QCOM,1992-08-04,0.5703129768371582,0.5703129768371582,0.546875,0.546875,0.32922250032424927,1555200
QCOM,1992-08-05,0.53125,0.546875,0.515625,0.5195310115814209,0.3127613365650177,1139200
QCOM,1992-08-06,0.53125,0.53125,0.484375,0.484375,0.2915971577167511,2902400
QCOM,1992-08-07,0.484375,0.5078129768371582,0.484375,0.5078129768371582,0.30570685863494873,992000
QCOM,1992-08-10,0.5078129768371582,0.5078129768371582,0.4921880066394806,0.4921880066394806,0.2963007092475891,697600
QCOM,1992-08-11,0.5078129768371582,0.5078129768371582,0.4921880066394806,0.4921880066394806,0.2963007092475891,1587200
QCOM,1992-08-12,0.5078129768371582,0.5078129768371582,0.4921880066394806,0.5078129768371582,0.30570685863494873,1267200
QCOM,1992-08-13,0.5078129768371582,0.5078129768371582,0.4921880066394806,0.5078129768371582,0.30570685863494873,1209600
QCOM,1992-08-14,0.5078129768371582,0.5078129768371582,0.4921880066394806,0.5078129768371582,0.30570685863494873,528000
QCOM,1992-08-17,0.5,0.5234379768371582,0.4921880066394806,0.5,0.3010033965110779,1110400
QCOM,1992-08-18,0.515625,0.515625,0.4921880066394806,0.5,0.3010033965110779,246400
QCOM,1992-08-19,0.515625,0.515625,0.4765630066394806,0.484375,0.2915971577167511,1856000
QCOM,1992-08-20,0.5,0.5,0.4765630066394806,0.484375,0.2915971577167511,4016000
QCOM,1992-08-21,0.4921880066394806,0.5,0.4765630066394806,0.484375,0.2915971577167511,2390400
QCOM,1992-08-24,0.4765630066394806,0.5,0.4765630066394806,0.4765630066394806,0.28689420223236084,1260800
QCOM,1992-08-25,0.4765630066394806,0.5,0.4765630066394806,0.4804689884185791,0.28924560546875,659200
QCOM,1992-08-26,0.4765630066394806,0.5,0.4765630066394806,0.4765630066394806,0.28689420223236084,412800
QCOM,1992-08-27,0.5,0.5,0.4765630066394806,0.484375,0.2915971577167511,774400
QCOM,1992-08-28,0.5,0.5,0.4765630066394806,0.5,0.3010033965110779,134400
QCOM,1992-08-31,0.4882810115814209,0.5,0.4765630066394806,0.4804689884185791,0.28924560546875,486400
QCOM,1992-09-01,0.4921880066394806,0.4921880066394806,0.4765630066394806,0.484375,0.2915971577167511,2883200
QCOM,1992-09-02,0.4765630066394806,0.5078129768371582,0.4765630066394806,0.5078129768371582,0.30570685863494873,92800
QCOM,1992-09-03,0.484375,0.5078129768371582,0.484375,0.5039060115814209,0.3033549189567566,4720000
QCOM,1992-09-04,0.5078129768371582,0.5078129768371582,0.4921880066394806,0.4921880066394806,0.2963007092475891,1820800
QCOM,1992-09-08,0.4921880066394806,0.5078129768371582,0.484375,0.484375,0.2915971577167511,1862400
QCOM,1992-09-09,0.4921880066394806,0.5078129768371582,0.4804689884185791,0.4804689884185791,0.28924560546875,3600000
QCOM,1992-09-10,0.4765630066394806,0.4765630066394806,0.453125,0.4765630066394806,0.28689420223236084,6096000
QCOM,1992-09-11,0.453125,0.4765630066394806,0.453125,0.453125,0.27278438210487366,1609600
QCOM,1992-09-14,0.4765630066394806,0.4765630066394806,0.453125,0.4570310115814209,0.2751358151435852,2246400
QCOM,1992-09-15,0.46875,0.46875,0.4296880066394806,0.4375,0.2633780539035797,2947200
QCOM,1992-09-16,0.4375,0.4375,0.40625,0.421875,0.25397172570228577,5097600
QCOM,1992-09-17,0.4296880066394806,0.4453130066394806,0.4296880066394806,0.4296880066394806,0.25867506861686707,2224000
QCOM,1992-09-18,0.4453130066394806,0.453125,0.4296880066394806,0.4453130066394806,0.2680814862251282,2092800
QCOM,1992-09-21,0.4453130066394806,0.4453130066394806,0.4140630066394806,0.421875,0.25397172570228577,2947200
QCOM,1992-09-22,0.4140630066394806,0.4375,0.390625,0.4140630066394806,0.2492687702178955,3654400
QCOM,1992-09-23,0.4140630066394806,0.421875,0.390625,0.4101560115814209,0.24691680073738098,3980800
QCOM,1992-09-24,0.40625,0.4453130066394806,0.40625,0.4453130066394806,0.2680814862251282,4643200
QCOM,1992-09-25,0.4453130066394806,0.4453130066394806,0.421875,0.4335939884185791,0.2610265910625458,1804800
QCOM,1992-09-28,0.4453130066394806,0.4453130066394806,0.421875,0.4296880066394806,0.25867506861686707,4886400
QCOM,1992-09-29,0.4140630066394806,0.4375,0.4140630066394806,0.4296880066394806,0.25867506861686707,5763200
QCOM,1992-09-30,0.484375,0.5703129768371582,0.46875,0.5625,0.33862894773483276,29603200
QCOM,1992-10-01,0.5703129768371582,0.578125,0.53125,0.5390629768371582,0.3245196044445038,13654400
QCOM,1992-10-02,0.5546879768371582,0.5546879768371582,0.5078129768371582,0.53125,0.3198162317276001,1785600
QCOM,1992-10-05,0.53125,0.546875,0.5,0.5390629768371582,0.3245196044445038,3696000
QCOM,1992-10-06,0.546875,0.625,0.53125,0.6015629768371582,0.36214524507522583,7840000
QCOM,1992-10-07,0.625,0.6640629768371582,0.6015629768371582,0.6328129768371582,0.3809577226638794,15251200
QCOM,1992-10-08,0.6328129768371582,0.640625,0.609375,0.640625,0.38566067814826965,7385600
QCOM,1992-10-09,0.640625,0.640625,0.609375,0.6171879768371582,0.3715515732765198,7398400
QCOM,1992-10-12,0.6328129768371582,0.65625,0.609375,0.640625,0.38566067814826965,5132800
QCOM,1992-10-13,0.640625,0.65625,0.625,0.6328129768371582,0.3809577226638794,3923200
QCOM,1992-10-14,0.640625,0.640625,0.6171879768371582,0.6171879768371582,0.3715515732765198,1308800
QCOM,1992-10-15,0.640625,0.6640629768371582,0.6171879768371582,0.640625,0.38566067814826965,5321600
QCOM,1992-10-16,0.65625,0.7734379768371582,0.640625,0.734375,0.4420987665653229,15766400
QCOM,1992-10-19,0.75,0.7578129768371582,0.7109379768371582,0.7109379768371582,0.42798951268196106,5532800
QCOM,1992-10-20,0.7421879768371582,0.75,0.7109379768371582,0.7382810115814209,0.4444500803947449,4726400
QCOM,1992-10-21,0.75,0.7734379768371582,0.7265629768371582,0.7734379768371582,0.4656151533126831,6848000
QCOM,1992-10-22,0.7578129768371582,0.78125,0.75,0.78125,0.470318078994751,2755200
QCOM,1992-10-23,0.78125,0.7890629768371582,0.7578129768371582,0.7734379768371582,0.4656151533126831,13619200
QCOM,1992-10-26,0.7734379768371582,0.7890629768371582,0.7578129768371582,0.78125,0.470318078994751,1868800
QCOM,1992-10-27,0.7578129768371582,0.7734379768371582,0.6796879768371582,0.7109379768371582,0.42798951268196106,15824000
QCOM,1992-10-28,0.7109379768371582,0.78125,0.6875,0.765625,0.4609115421772003,6908800
QCOM,1992-10-29,0.78125,0.7890629768371582,0.7578129768371582,0.765625,0.4609115421772003,4691200
QCOM,1992-10-30,0.765625,0.7890629768371582,0.7421879768371582,0.765625,0.4609115421772003,3779200
QCOM,1992-11-02,0.7421879768371582,0.7734379768371582,0.71875,0.765625,0.4609115421772003,4521600
QCOM,1992-11-03,0.765625,0.7734379768371582,0.7421879768371582,0.7734379768371582,0.4656151533126831,3212800
QCOM,1992-11-04,0.765625,0.7890629768371582,0.765625,0.7890629768371582,0.475021630525589,5862400
QCOM,1992-11-05,0.78125,0.8359379768371582,0.78125,0.828125,0.49853694438934326,26240000
QCOM,1992-11-06,0.8359379768371582,0.8359379768371582,0.7578129768371582,0.78125,0.470318078994751,9027200
QCOM,1992-11-09,0.7578129768371582,0.796875,0.7578129768371582,0.7929689884185791,0.4773728549480438,3916800
QCOM,1992-11-10,0.796875,0.828125,0.796875,0.828125,0.49853694438934326,5200000
QCOM,1992-11-11,0.828125,0.84375,0.8046879768371582,0.84375,0.5079434514045715,6598400
QCOM,1992-11-12,0.84375,0.84375,0.796875,0.828125,0.49853694438934326,3888000
QCOM,1992-11-13,0.828125,0.84375,0.8125,0.8359379768371582,0.5032404661178589,4169600
QCOM,1992-11-16,0.84375,0.84375,0.8203129768371582,0.8359379768371582,0.5032404661178589,851200
QCOM,1992-11-17,0.8359379768371582,0.8515629768371582,0.8125,0.8359379768371582,0.5032404661178589,3420800
QCOM,1992-11-18,0.8515629768371582,0.8828129768371582,0.828125,0.8828129768371582,0.5314597487449646,7456000
QCOM,1992-11-19,0.890625,0.9140629768371582,0.8671879768371582,0.8828129768371582,0.5314597487449646,9804800
QCOM,1992-11-20,0.8828129768371582,0.8984379768371582,0.8671879768371582,0.8828129768371582,0.5314597487449646,6198400
QCOM,1992-11-23,0.8828129768371582,0.8984379768371582,0.8671879768371582,0.890625,0.5361624360084534,4044800
QCOM,1992-11-24,0.890625,0.890625,0.875,0.875,0.5267561078071594,3059200
QCOM,1992-11-25,0.890625,0.890625,0.8671879768371582,0.875,0.5267561078071594,4732800
QCOM,1992-11-27,0.890625,0.890625,0.875,0.890625,0.5361624360084534,659200
QCOM,1992-11-30,0.890625,0.8984379768371582,0.875,0.890625,0.5361624360084534,3782400
QCOM,1992-12-01,0.8984379768371582,0.8984379768371582,0.8671879768371582,0.8710939884185791,0.5244044661521912,6323200
QCOM,1992-12-02,0.8671879768371582,0.8828129768371582,0.8671879768371582,0.8671879768371582,0.5220531821250916,2726400
QCOM,1992-12-03,0.8828129768371582,0.8828129768371582,0.828125,0.828125,0.49853694438934326,6009600
QCOM,1992-12-04,0.84375,0.8515629768371582,0.7890629768371582,0.796875,0.47972428798675537,5097600
QCOM,1992-12-07,0.8125,0.8203129768371582,0.7890629768371582,0.8203129768371582,0.49383413791656494,2611200
QCOM,1992-12-08,0.8203129768371582,0.8359379768371582,0.796875,0.796875,0.47972428798675537,3811200
QCOM,1992-12-09,0.7890629768371582,0.8203129768371582,0.765625,0.78125,0.470318078994751,6736000
QCOM,1992-12-10,0.78125,0.8046879768371582,0.7734379768371582,0.7734379768371582,0.4656151533126831,2284800
QCOM,1992-12-11,0.796875,0.796875,0.7734379768371582,0.78125,0.470318078994751,838400
QCOM,1992-12-14,0.796875,0.796875,0.7734379768371582,0.78125,0.470318078994751,896000
QCOM,1992-12-15,0.7890629768371582,0.796875,0.7734379768371582,0.796875,0.47972428798675537,262400
QCOM,1992-12-16,0.7734379768371582,0.8046879768371582,0.7734379768371582,0.78125,0.470318078994751,2153600
QCOM,1992-12-17,0.7890629768371582,0.7890629768371582,0.75,0.7539060115814209,0.45385658740997314,1865600
QCOM,1992-12-18,0.7578129768371582,0.7578129768371582,0.7265629768371582,0.75,0.45150521397590637,1708800
QCOM,1992-12-21,0.75,0.7734379768371582,0.7265629768371582,0.7734379768371582,0.4656151533126831,5769600
QCOM,1992-12-22,0.7890629768371582,0.84375,0.78125,0.84375,0.5079434514045715,5027200
QCOM,1992-12-23,0.84375,0.875,0.828125,0.8515629768371582,0.5126469135284424,3059200
QCOM,1992-12-24,0.84375,0.875,0.84375,0.84375,0.5079434514045715,326400
QCOM,1992-12-28,0.875,0.875,0.828125,0.8515629768371582,0.5126469135284424,640000
QCOM,1992-12-29,0.828125,0.875,0.828125,0.8359379768371582,0.5032404661178589,2915200
QCOM,1992-12-30,0.8359379768371582,0.84375,0.765625,0.7890629768371582,0.475021630525589,4246400
QCOM,1992-12-31,0.78125,0.8046879768371582,0.7578129768371582,0.7578129768371582,0.45620858669281006,4342400
QCOM,1993-01-04,0.7578129768371582,0.78125,0.75,0.7578129768371582,0.45620858669281006,1990400
QCOM,1993-01-05,0.7578129768371582,0.8359379768371582,0.7578129768371582,0.7890629768371582,0.475021630525589,4985600
QCOM,1993-01-06,0.8046879768371582,0.8203129768371582,0.7890629768371582,0.8125,0.4891303479671478,5641600
QCOM,1993-01-07,0.8125,0.8125,0.7109379768371582,0.7265629768371582,0.43739596009254456,11129600
QCOM,1993-01-08,0.703125,0.7851560115814209,0.703125,0.7851560115814209,0.4726696014404297,7852800
QCOM,1993-01-11,0.78125,0.8046879768371582,0.765625,0.7929689884185791,0.4773728549480438,3814400
QCOM,1993-01-12,0.78125,0.8046879768371582,0.78125,0.78125,0.470318078994751,4086400
QCOM,1993-01-13,0.78125,0.9140629768371582,0.78125,0.90625,0.5455687642097473,10361600
QCOM,1993-01-14,0.9140629768371582,0.9921879768371582,0.90625,0.9921879768371582,0.5973037481307983,24108800
QCOM,1993-01-15,0.96875,1.0859379768371582,0.9609379768371582,1.0546879768371582,0.6349297761917114,18540800
QCOM,1993-01-18,1.046875,1.0703129768371582,1.0234379768371582,1.0546879768371582,0.6349297761917114,10560000
QCOM,1993-01-19,1.0703129768371582,1.09375,1.0390629768371582,1.0390629768371582,0.6255232691764832,11491200
QCOM,1993-01-20,1.03125,1.0546879768371582,1.015625,1.019531011581421,0.6137644648551941,5308800
QCOM,1993-01-21,1.0078129768371582,1.03125,0.9375,0.9765629768371582,0.5878978371620178,9964800
QCOM,1993-01-22,0.9609379768371582,0.984375,0.921875,0.921875,0.554975152015686,9174400
QCOM,1993-01-25,0.9453129768371582,1.0,0.921875,0.984375,0.5926006436347961,8764800
QCOM,1993-01-26,1.0078129768371582,1.0078129768371582,0.984375,1.0,0.6020067930221558,4806400
QCOM,1993-01-27,1.0,1.0,0.9609379768371582,0.984375,0.5926006436347961,7680000
QCOM,1993-01-28,0.984375,0.984375,0.953125,0.9765629768371582,0.5878978371620178,1424000
QCOM,1993-01-29,0.9765629768371582,0.984375,0.921875,0.921875,0.554975152015686,11961600
QCOM,1993-02-01,0.9375,0.953125,0.8984379768371582,0.9453129768371582,0.5690850615501404,14716800
QCOM,1993-02-02,0.9296879768371582,1.03125,0.9140629768371582,0.9726560115814209,0.5855455994606018,29603200
QCOM,1993-02-03,1.0078129768371582,1.03125,0.984375,1.015625,0.6114130616188049,17481600
QCOM,1993-02-04,1.03125,1.1171879768371582,1.015625,1.09375,0.6584450006484985,13545600
QCOM,1993-02-05,1.1171879768371582,1.1171879768371582,1.0234379768371582,1.046875,0.6302260160446167,7395200
QCOM,1993-02-08,1.046875,1.1328129768371582,1.046875,1.1328129768371582,0.6819612979888916,8662400
QCOM,1993-02-09,1.171875,1.171875,1.078125,1.09375,0.6584450006484985,9024000
QCOM,1993-02-10,1.0703129768371582,1.078125,1.015625,1.0390629768371582,0.6255232691764832,11305600
QCOM,1993-02-11,1.0390629768371582,1.0390629768371582,1.0,1.03125,0.6208197474479675,7273600
QCOM,1993-02-12,1.0390629768371582,1.0390629768371582,1.015625,1.0390629768371582,0.6255232691764832,4496000
QCOM,1993-02-16,1.0390629768371582,1.0390629768371582,0.90625,0.9375,0.5643814206123352,17241600
QCOM,1993-02-17,0.953125,0.953125,0.90625,0.9453129768371582,0.5690850615501404,11846400
QCOM,1993-02-18,0.96875,0.9765629768371582,0.9453129768371582,0.96875,0.5831943154335022,11756800
QCOM,1993-02-19,0.9921879768371582,1.0078129768371582,0.96875,0.9921879768371582,0.5973037481307983,10035200
QCOM,1993-02-22,1.0078129768371582,1.03125,0.9921879768371582,1.015625,0.6114130616188049,6908800
QCOM,1993-02-23,1.027343988418579,1.0625,1.0078129768371582,1.0078129768371582,0.6067102551460266,7737600
QCOM,1993-02-24,1.0390629768371582,1.0390629768371582,0.9921879768371582,0.9921879768371582,0.5973037481307983,10464000
QCOM,1993-02-25,0.9921879768371582,1.0078129768371582,0.96875,0.984375,0.5926006436347961,14732800
QCOM,1993-02-26,0.984375,0.984375,0.953125,0.984375,0.5926006436347961,8435200
QCOM,1993-03-01,0.984375,1.0078129768371582,0.9804689884185791,0.984375,0.5926006436347961,1292800
QCOM,1993-03-02,1.0,1.015625,0.984375,1.015625,0.6114130616188049,5552000
QCOM,1993-03-03,1.015625,1.125,1.0,1.1171879768371582,0.6725550293922424,33088000
QCOM,1993-03-04,1.171875,1.21875,1.160156011581421,1.1796879768371582,0.7101801633834839,29728000
QCOM,1993-03-05,1.1796879768371582,1.1796879768371582,1.140625,1.152343988418579,0.6937190294265747,11408000
QCOM,1993-03-08,1.1640629768371582,1.1796879768371582,1.140625,1.1796879768371582,0.7101801633834839,11772800
QCOM,1993-03-09,1.1796879768371582,1.265625,1.171875,1.265625,0.761914849281311,23737600
QCOM,1993-03-10,1.28125,1.2890629768371582,1.234375,1.2890629768371582,0.7760246992111206,12512000
QCOM,1993-03-11,1.2890629768371582,1.2890629768371582,1.203125,1.21875,0.7336961030960083,7155200
QCOM,1993-03-12,1.203125,1.2421879768371582,1.1796879768371582,1.21875,0.7336961030960083,6048000
QCOM,1993-03-15,1.2578129768371582,1.2734379768371582,1.234375,1.2734379768371582,0.7666184306144714,5283200
QCOM,1993-03-16,1.2890629768371582,1.296875,1.171875,1.234375,0.7431025505065918,13433600
QCOM,1993-03-17,1.234375,1.2734379768371582,1.2109379768371582,1.2578129768371582,0.7572119832038879,6918400
QCOM,1993-03-18,1.28125,1.386718988418579,1.2578129768371582,1.3671879768371582,0.8230562806129456,15148800
QCOM,1993-03-19,1.3828129768371582,1.4296879768371582,1.328125,1.3515629768371582,0.8136502504348755,12883200
QCOM,1993-03-22,1.3671879768371582,1.4453129768371582,1.3515629768371582,1.441406011581421,0.8677365779876709,20096000
QCOM,1993-03-23,1.4609379768371582,1.46875,1.3671879768371582,1.390625,0.8371658325195312,12422400
QCOM,1993-03-24,1.390625,1.3984379768371582,1.359375,1.375,0.8277595043182373,7116800
QCOM,1993-03-25,1.390625,1.3984379768371582,1.34375,1.3671879768371582,0.8230562806129456,7878400
QCOM,1993-03-26,1.359375,1.421875,1.359375,1.421875,0.8559786677360535,7209600
QCOM,1993-03-29,1.3984379768371582,1.5,1.3984379768371582,1.4765629768371582,0.8889007568359375,12752000
QCOM,1993-03-30,1.46875,1.5078129768371582,1.4609379768371582,1.5078129768371582,0.907713770866394,5254400
QCOM,1993-03-31,1.515625,1.5625,1.484375,1.53125,0.9218230843544006,10499200
QCOM,1993-04-01,1.5390629768371582,1.6328129768371582,1.515625,1.609375,0.9688550233840942,14499200
QCOM,1993-04-02,1.578125,1.5859379768371582,1.5078129768371582,1.5078129768371582,0.907713770866394,12304000
QCOM,1993-04-05,1.5390629768371582,1.5703129768371582,1.515625,1.5625,0.940636157989502,10569600
QCOM,1993-04-06,1.578125,1.609375,1.515625,1.519531011581421,0.9147682785987854,12422400
QCOM,1993-04-07,1.5390629768371582,1.5390629768371582,1.4375,1.441406011581421,0.8677365779876709,19984000
QCOM,1993-04-08,1.4609379768371582,1.5390629768371582,1.4375,1.5234379768371582,0.9171199202537537,7193600
QCOM,1993-04-12,1.53125,1.53125,1.46875,1.4765629768371582,0.8889007568359375,10230400
QCOM,1993-04-13,1.4921879768371582,1.4921879768371582,1.421875,1.453125,0.8747913241386414,10329600
QCOM,1993-04-14,1.4765629768371582,1.484375,1.4296879768371582,1.4375,0.8653850555419922,8492800
QCOM,1993-04-15,1.4296879768371582,1.453125,1.3359379768371582,1.3671879768371582,0.8230562806129456,15734400
QCOM,1993-04-16,1.328125,1.34375,1.234375,1.3046879768371582,0.7854309678077698,25494400
QCOM,1993-04-19,1.2421879768371582,1.2890629768371582,1.203125,1.28125,0.7713213562965393,18787200
QCOM,1993-04-20,1.28125,1.328125,1.2578129768371582,1.324218988418579,0.7971886396408081,8377600
QCOM,1993-04-21,1.3203129768371582,1.3828129768371582,1.3125,1.3828129768371582,0.8324629664421082,16643200
QCOM,1993-04-22,1.390625,1.484375,1.375,1.4375,0.8653850555419922,16496000
QCOM,1993-04-23,1.4453129768371582,1.4453129768371582,1.359375,1.375,0.8277595043182373,8585600
QCOM,1993-04-26,1.390625,1.390625,1.28125,1.3125,0.7901339530944824,9366400
QCOM,1993-04-27,1.3125,1.328125,1.28125,1.3203129768371582,0.7948375940322876,7961600
QCOM,1993-04-28,1.328125,1.3984379768371582,1.296875,1.3984379768371582,0.8418694138526917,7052800
QCOM,1993-04-29,1.3671879768371582,1.390625,1.34375,1.386718988418579,0.8348146080970764,6428800
QCOM,1993-04-30,1.3671879768371582,1.4453129768371582,1.3671879768371582,1.421875,0.8559786677360535,8009600
QCOM,1993-05-03,1.421875,1.4296879768371582,1.3984379768371582,1.40625,0.846571683883667,2115200
QCOM,1993-05-04,1.4296879768371582,1.4296879768371582,1.34375,1.34375,0.8089467883110046,5177600
QCOM,1993-05-05,1.3515629768371582,1.3828129768371582,1.2734379768371582,1.355468988418579,0.8160016536712646,8294400
QCOM,1993-05-06,1.359375,1.3984379768371582,1.3359379768371582,1.3515629768371582,0.8136502504348755,5888000
QCOM,1993-05-07,1.3515629768371582,1.3984379768371582,1.3515629768371582,1.3828129768371582,0.8324629664421082,10844800
QCOM,1993-05-10,1.4140629768371582,1.4375,1.375,1.4140629768371582,0.8512756824493408,7888000
QCOM,1993-05-11,1.4140629768371582,1.4921879768371582,1.4140629768371582,1.484375,0.8936038017272949,8115200
QCOM,1993-05-12,1.5,1.5,1.4453129768371582,1.484375,0.8936038017272949,4518400
QCOM,1993-05-13,1.4921879768371582,1.4921879768371582,1.4140629768371582,1.4453129768371582,0.8700879812240601,11145600
QCOM,1993-05-14,1.4296879768371582,1.4296879768371582,1.3125,1.34375,0.8089467883110046,16572800
QCOM,1993-05-17,1.3515629768371582,1.390625,1.2890629768371582,1.390625,0.8371658325195312,9830400
QCOM,1993-05-18,1.40625,1.421875,1.390625,1.40625,0.846571683883667,5046400
QCOM,1993-05-19,1.4296879768371582,1.46875,1.3984379768371582,1.453125,0.8747913241386414,9331200
QCOM,1993-05-20,1.4609379768371582,1.46875,1.40625,1.40625,0.846571683883667,3920000
QCOM,1993-05-21,1.421875,1.421875,1.375,1.3828129768371582,0.8324629664421082,2185600
QCOM,1993-05-24,1.3828129768371582,1.421875,1.34375,1.4140629768371582,0.8512756824493408,4563200
QCOM,1993-05-25,1.3984379768371582,1.453125,1.3984379768371582,1.4296879768371582,0.8606820106506348,2764800
QCOM,1993-05-26,1.453125,1.4765629768371582,1.4140629768371582,1.472656011581421,0.8865493535995483,4422400
QCOM,1993-05-27,1.4609379768371582,1.484375,1.421875,1.4296879768371582,0.8606820106506348,2896000
QCOM,1993-05-28,1.4453129768371582,1.4453129768371582,1.390625,1.4140629768371582,0.8512756824493408,3648000
QCOM,1993-06-01,1.390625,1.4140629768371582,1.3515629768371582,1.363281011581421,0.8207045793533325,6009600
QCOM,1993-06-02,1.359375,1.421875,1.359375,1.421875,0.8559786677360535,2278400
QCOM,1993-06-03,1.3984379768371582,1.4765629768371582,1.3984379768371582,1.46875,0.8841975331306458,5542400
QCOM,1993-06-04,1.453125,1.5,1.453125,1.480468988418579,0.8912526369094849,6563200
QCOM,1993-06-07,1.46875,1.484375,1.4453129768371582,1.457031011581421,0.8771427273750305,6304000
QCOM,1993-06-08,1.453125,1.4609379768371582,1.421875,1.453125,0.8747913241386414,3068800
QCOM,1993-06-09,1.46875,1.4921879768371582,1.4375,1.4765629768371582,0.8889007568359375,4003200
QCOM,1993-06-10,1.4765629768371582,1.4921879768371582,1.4765629768371582,1.484375,0.8936038017272949,4022400
QCOM,1993-06-11,1.5,1.5859379768371582,1.4921879768371582,1.5859379768371582,0.9547457098960876,15868800
QCOM,1993-06-14,1.5625,1.7265629768371582,1.5546879768371582,1.7265629768371582,1.0394028425216675,17100800
QCOM,1993-06-15,1.7421879768371582,1.8203129768371582,1.71875,1.78125,1.0723248720169067,34841600
QCOM,1993-06-16,1.78125,1.7890629768371582,1.640625,1.65625,0.9970738887786865,26976000
QCOM,1993-06-17,1.6796879768371582,1.734375,1.640625,1.7265629768371582,1.0394028425216675,6156800
QCOM,1993-06-18,1.734375,1.765625,1.6796879768371582,1.6796879768371582,1.0111840963363647,7856000
QCOM,1993-06-21,1.703125,1.7109379768371582,1.609375,1.609375,0.9688550233840942,8265600
QCOM,1993-06-22,1.6328129768371582,1.6484379768371582,1.5859379768371582,1.6484379768371582,0.9923707842826843,6371200
QCOM,1993-06-23,1.6484379768371582,1.671875,1.625,1.65625,0.9970738887786865,2729600
QCOM,1993-06-24,1.65625,1.7421879768371582,1.6484379768371582,1.734375,1.0441054105758667,4550400
QCOM,1993-06-25,1.734375,1.75,1.6796879768371582,1.7265629768371582,1.0394028425216675,6073600
QCOM,1993-06-28,1.7265629768371582,1.8125,1.7265629768371582,1.765625,1.062918782234192,8233600
QCOM,1993-06-29,1.7578129768371582,1.7578129768371582,1.734375,1.75,1.0535122156143188,54995200
QCOM,1993-06-30,1.7578129768371582,1.8125,1.7421879768371582,1.8125,1.0911375284194946,25257600
QCOM,1993-07-01,1.8203129768371582,1.875,1.765625,1.871093988418579,1.1264108419418335,23779200
QCOM,1993-07-02,1.84375,1.875,1.8203129768371582,1.8515629768371582,1.1146535873413086,9260800
QCOM,1993-07-06,1.8515629768371582,1.8515629768371582,1.8203129768371582,1.84375,1.109950304031372,8489600
QCOM,1993-07-07,1.8203129768371582,1.8515629768371582,1.8203129768371582,1.828125,1.1005439758300781,9708800
QCOM,1993-07-08,1.8359379768371582,1.8828129768371582,1.8359379768371582,1.878906011581421,1.1311143636703491,8176000
QCOM,1993-07-09,1.8828129768371582,1.9140629768371582,1.8359379768371582,1.8984379768371582,1.142872929573059,8604800
QCOM,1993-07-12,1.9140629768371582,1.9140629768371582,1.8671879768371582,1.8671879768371582,1.124060034751892,9161600
QCOM,1993-07-13,1.890625,1.890625,1.84375,1.8671879768371582,1.124060034751892,4982400
QCOM,1993-07-14,1.8671879768371582,1.875,1.8359379768371582,1.859375,1.119356632232666,4560000
QCOM,1993-07-15,1.8515629768371582,1.875,1.8515629768371582,1.875,1.1287628412246704,5836800
QCOM,1993-07-16,1.8671879768371582,1.90625,1.84375,1.875,1.1287628412246704,8358400
QCOM,1993-07-19,1.9609379768371582,2.007812976837158,1.9453129768371582,1.984375,1.1946067810058594,18486400
QCOM,1993-07-20,1.984375,2.03125,1.9453129768371582,2.023437976837158,1.2181235551834106,15804800
QCOM,1993-07-21,2.03125,2.03125,1.9921879768371582,2.015625,1.2134202718734741,17628800
QCOM,1993-07-22,2.015625,2.070312976837158,2.015625,2.050781011581421,1.2345850467681885,9420800
QCOM,1993-07-23,2.046875,2.195312976837158,2.03125,2.175781011581421,1.3098353147506714,13635200
QCOM,1993-07-26,2.179687976837158,2.203125,2.117187976837158,2.117187976837158,1.2745617628097534,12816000
QCOM,1993-07-27,2.109375,2.132812976837158,2.0625,2.109375,1.269858717918396,13056000
QCOM,1993-07-28,2.101562976837158,2.101562976837158,2.023437976837158,2.0625,1.241639494895935,11318400
QCOM,1993-07-29,2.078125,2.140625,2.0625,2.132812976837158,1.283968210220337,6422400
QCOM,1993-07-30,2.132812976837158,2.140625,2.085937976837158,2.101562976837158,1.2651550769805908,6428800
QCOM,1993-08-02,2.125,2.15625,2.023437976837158,2.046875,1.232232689857483,12534400
QCOM,1993-08-03,2.046875,2.09375,2.023437976837158,2.0625,1.241639494895935,6124800
QCOM,1993-08-04,2.078125,2.117187976837158,2.0625,2.117187976837158,1.2745617628097534,8345600
QCOM,1993-08-05,2.09375,2.117187976837158,2.085937976837158,2.117187976837158,1.2745617628097534,11334400
QCOM,1993-08-06,2.148437976837158,2.242187976837158,2.132812976837158,2.21875,1.3357031345367432,13388800
QCOM,1993-08-09,2.21875,2.234375,2.171875,2.1875,1.316890001296997,9040000
QCOM,1993-08-10,2.1875,2.28125,2.1875,2.273437976837158,1.3686256408691406,14364800
QCOM,1993-08-11,2.289062976837158,2.375,2.273437976837158,2.359375,1.4203596115112305,20505600
QCOM,1993-08-12,2.367187976837158,2.367187976837158,2.289062976837158,2.328125,1.4015469551086426,13046400
QCOM,1993-08-13,2.34375,2.367187976837158,2.28125,2.367187976837158,1.425063133239746,7740800
QCOM,1993-08-16,2.359375,2.484375,2.359375,2.429687976837158,1.462688684463501,20806400
QCOM,1993-08-17,2.421875,2.460937976837158,2.328125,2.351562976837158,1.415657639503479,13014400
QCOM,1993-08-18,2.390625,2.433593988418579,2.367187976837158,2.40625,1.4485799074172974,6320000
QCOM,1993-08-19,2.421875,2.460937976837158,2.398437976837158,2.449218988418579,1.4744467735290527,5273600
QCOM,1993-08-20,2.460937976837158,2.460937976837158,2.40625,2.425781011581421,1.4603365659713745,4790400
QCOM,1993-08-23,2.445312976837158,2.453125,2.421875,2.4375,1.4673922061920166,4822400
QCOM,1993-08-24,2.421875,2.5625,2.421875,2.53125,1.523829698562622,18601600
QCOM,1993-08-25,2.53125,2.578125,2.460937976837158,2.515625,1.5144232511520386,16393600
QCOM,1993-08-26,2.515625,2.558593988418579,2.4375,2.511718988418579,1.5120724439620972,9113600
QCOM,1993-08-27,2.507812976837158,2.53125,2.429687976837158,2.445312976837158,1.472095012664795,9788800
QCOM,1993-08-30,2.4375,2.492187976837158,2.359375,2.359375,1.4203596115112305,18345600
QCOM,1993-08-31,2.359375,2.453125,2.320312976837158,2.4375,1.4673922061920166,20259200
QCOM,1993-09-01,2.453125,2.460937976837158,2.40625,2.429687976837158,1.462688684463501,8041600
QCOM,1993-09-02,2.4375,2.539062976837158,2.421875,2.492187976837158,1.5003142356872559,12448000
QCOM,1993-09-03,2.507812976837158,2.515625,2.46875,2.484375,1.495611310005188,3510400
QCOM,1993-09-07,2.492187976837158,2.492187976837158,2.398437976837158,2.398437976837158,1.4438769817352295,11286400
QCOM,1993-09-08,2.390625,2.414062976837158,2.15625,2.242187976837158,1.3498128652572632,42675200
QCOM,1993-09-09,2.257812976837158,2.363281011581421,2.257812976837158,2.335937976837158,1.4062505960464478,22998400
QCOM,1993-09-10,2.367187976837158,2.390625,2.34375,2.378906011581421,1.4321181774139404,9875200
QCOM,1993-09-13,2.367187976837158,2.390625,2.300781011581421,2.304687976837158,1.3874380588531494,16604800
QCOM,1993-09-14,2.28125,2.28125,2.140625,2.226562976837158,1.340406060218811,27891200
QCOM,1993-09-15,2.265625,2.296875,2.210937976837158,2.289062976837158,1.3780317306518555,18265600
QCOM,1993-09-16,2.289062976837158,2.3125,2.265625,2.308593988418579,1.3897897005081177,6857600
QCOM,1993-09-17,2.328125,2.4375,2.320312976837158,2.382812976837158,1.4344698190689087,23379200
QCOM,1993-09-20,2.410156011581421,2.460937976837158,2.390625,2.441406011581421,1.469742774963379,12678400
QCOM,1993-09-21,2.414062976837158,2.453125,2.335937976837158,2.375,1.429766297340393,15664000
QCOM,1993-09-22,2.382812976837158,2.476562976837158,2.359375,2.457031011581421,1.4791499376296997,11724800
QCOM,1993-09-23,2.492187976837158,2.539062976837158,2.46875,2.507812976837158,1.509720802307129,13081600
QCOM,1993-09-24,2.507812976837158,2.609375,2.507812976837158,2.570312976837158,1.5473459959030151,18326400
QCOM,1993-09-27,2.578125,2.59375,2.53125,2.535156011581421,1.5261821746826172,16057600
QCOM,1993-09-28,2.554687976837158,2.640625,2.492187976837158,2.625,1.5802679061889648,18163200
QCOM,1993-09-29,2.65625,2.703125,2.640625,2.679687976837158,1.6131906509399414,12057600
QCOM,1993-09-30,2.671875,2.710937976837158,2.585937976837158,2.585937976837158,1.556752324104309,22204800
QCOM,1993-10-01,2.554687976837158,2.578125,2.515625,2.515625,1.5144232511520386,10403200
QCOM,1993-10-04,2.507812976837158,2.585937976837158,2.484375,2.585937976837158,1.556752324104309,12585600
QCOM,1993-10-05,2.59375,2.601562976837158,2.429687976837158,2.46875,1.4862051010131836,16515200
QCOM,1993-10-06,2.492187976837158,2.546875,2.414062976837158,2.429687976837158,1.462688684463501,10524800
QCOM,1993-10-07,2.429687976837158,2.472656011581421,2.375,2.472656011581421,1.4885563850402832,17129600
QCOM,1993-10-08,2.484375,2.546875,2.414062976837158,2.476562976837158,1.490908145904541,18384000
QCOM,1993-10-11,2.484375,2.554687976837158,2.476562976837158,2.539062976837158,1.5285329818725586,9292800
QCOM,1993-10-12,2.539062976837158,2.640625,2.523437976837158,2.601562976837158,1.5661591291427612,12140800
QCOM,1993-10-13,2.625,2.664062976837158,2.609375,2.625,1.5802679061889648,10105600
QCOM,1993-10-14,2.617187976837158,2.6875,2.617187976837158,2.671875,1.6084883213043213,11664000
QCOM,1993-10-15,2.695312976837158,2.695312976837158,2.625,2.671875,1.6084883213043213,15958400
QCOM,1993-10-18,2.65625,2.710937976837158,2.65625,2.695312976837158,1.622597098350525,11814400
QCOM,1993-10-19,2.679687976837158,2.703125,2.492187976837158,2.5625,1.5426427125930786,18281600
QCOM,1993-10-20,2.585937976837158,2.609375,2.46875,2.523437976837158,1.5191278457641602,14512000
QCOM,1993-10-21,2.523437976837158,2.539062976837158,2.429687976837158,2.460937976837158,1.4815009832382202,23440000
QCOM,1993-10-22,2.460937976837158,2.515625,2.421875,2.4375,1.4673922061920166,20204800
QCOM,1993-10-25,2.4375,2.4375,2.242187976837158,2.304687976837158,1.3874380588531494,31372800
QCOM,1993-10-26,2.304687976837158,2.320312976837158,2.179687976837158,2.28125,1.373328685760498,32502400
QCOM,1993-10-27,2.375,2.429687976837158,2.304687976837158,2.429687976837158,1.462688684463501,19552000
QCOM,1993-10-28,2.421875,2.476562976837158,2.359375,2.386718988418579,1.4368209838867188,17750400
QCOM,1993-10-29,2.375,2.40625,2.359375,2.390625,1.439172625541687,8806400
QCOM,1993-11-01,2.398437976837158,2.507812976837158,2.398437976837158,2.492187976837158,1.5003142356872559,12188800
QCOM,1993-11-02,2.507812976837158,2.53125,2.40625,2.460937976837158,1.4815009832382202,13923200
QCOM,1993-11-03,2.453125,2.46875,2.296875,2.300781011581421,1.3850868940353394,28937600
QCOM,1993-11-04,2.3125,2.328125,2.148437976837158,2.179687976837158,1.3121870756149292,30166400
QCOM,1993-11-05,2.15625,2.21875,2.078125,2.179687976837158,1.3121870756149292,52256000
QCOM,1993-11-08,2.257812976837158,2.34375,2.25,2.273437976837158,1.3686256408691406,30323200
QCOM,1993-11-09,2.320312976837158,2.382812976837158,2.304687976837158,2.34375,1.4109543561935425,22876800
QCOM,1993-11-10,2.351562976837158,2.382812976837158,2.3125,2.382812976837158,1.4344698190689087,12211200
QCOM,1993-11-11,2.429687976837158,2.4375,2.3125,2.324218988418579,1.3991961479187012,15516800
QCOM,1993-11-12,2.320312976837158,2.367187976837158,2.265625,2.296875,1.3827341794967651,21619200
QCOM,1993-11-15,2.28125,2.28125,2.140625,2.179687976837158,1.3121870756149292,29686400
QCOM,1993-11-16,2.179687976837158,2.195312976837158,1.9921879768371582,2.0625,1.241639494895935,66204800
QCOM,1993-11-17,2.078125,2.09375,1.9296879768371582,1.953125,1.175795078277588,40716800
QCOM,1993-11-18,1.90625,1.9296879768371582,1.71875,1.7265629768371582,1.0394028425216675,82540800
QCOM,1993-11-19,1.6796879768371582,1.8125,1.6640629768371582,1.6953129768371582,1.0205901861190796,50617600
QCOM,1993-11-22,1.6484379768371582,1.75,1.625,1.75,1.0535122156143188,29747200
QCOM,1993-11-23,1.796875,1.84375,1.7578129768371582,1.8046879768371582,1.0864346027374268,22988800
QCOM,1993-11-24,1.8359379768371582,1.84375,1.75,1.828125,1.1005439758300781,19056000
QCOM,1993-11-26,1.8125,1.8359379768371582,1.734375,1.75,1.0535122156143188,9910400
QCOM,1993-11-29,1.734375,1.75,1.578125,1.609375,0.9688550233840942,40832000
QCOM,1993-11-30,1.609375,1.671875,1.6015629768371582,1.6484379768371582,0.9923707842826843,28118400
QCOM,1993-12-01,1.6875,1.7734379768371582,1.671875,1.769531011581421,1.0652694702148438,21532800
QCOM,1993-12-02,1.765625,1.84375,1.71875,1.828125,1.1005439758300781,18528000
QCOM,1993-12-03,1.8828129768371582,1.890625,1.8203129768371582,1.8515629768371582,1.1146535873413086,21232000
QCOM,1993-12-06,1.8125,1.8671879768371582,1.796875,1.8203129768371582,1.095841407775879,11644800
QCOM,1993-12-07,1.8203129768371582,1.8359379768371582,1.7578129768371582,1.765625,1.062918782234192,13177600
QCOM,1993-12-08,1.78125,1.7890629768371582,1.7265629768371582,1.7265629768371582,1.0394028425216675,13888000
QCOM,1993-12-09,1.7109379768371582,1.7265629768371582,1.625,1.65625,0.9970738887786865,10368000
QCOM,1993-12-10,1.625,1.6796879768371582,1.609375,1.65625,0.9970738887786865,13385600
QCOM,1993-12-13,1.625,1.7421879768371582,1.625,1.707031011581421,1.0276449918746948,15680000
QCOM,1993-12-14,1.7109379768371582,1.71875,1.6328129768371582,1.671875,1.006480097770691,10131200
QCOM,1993-12-15,1.65625,1.7265629768371582,1.65625,1.7109379768371582,1.029996395111084,8812800
QCOM,1993-12-16,1.7109379768371582,1.734375,1.6796879768371582,1.703125,1.0252933502197266,10304000
QCOM,1993-12-17,1.6875,1.7734379768371582,1.6875,1.75,1.0535122156143188,17824000
QCOM,1993-12-20,1.7734379768371582,1.828125,1.7734379768371582,1.808593988418579,1.0887861251831055,22886400
QCOM,1993-12-21,1.8203129768371582,1.8203129768371582,1.7578129768371582,1.7734379768371582,1.067622184753418,11580800
QCOM,1993-12-22,1.78125,1.78125,1.7265629768371582,1.765625,1.062918782234192,5363200
QCOM,1993-12-23,1.78125,1.7890629768371582,1.7421879768371582,1.765625,1.062918782234192,4003200
QCOM,1993-12-27,1.765625,1.765625,1.703125,1.703125,1.0252933502197266,7116800
QCOM,1993-12-28,1.7109379768371582,1.734375,1.640625,1.644531011581421,0.9900190830230713,13104000
QCOM,1993-12-29,1.65625,1.7109379768371582,1.65625,1.6953129768371582,1.0205901861190796,11276800
QCOM,1993-12-30,1.71875,1.71875,1.671875,1.6953129768371582,1.0205901861190796,5097600
QCOM,1993-12-31,1.6796879768371582,1.71875,1.636718988418579,1.65625,0.9970738887786865,7526400
QCOM,1994-01-03,1.65625,1.6796879768371582,1.609375,1.660156011581421,0.9994255304336548,8272000
QCOM,1994-01-04,1.640625,1.6953129768371582,1.625,1.691406011581421,1.0182380676269531,13232000
QCOM,1994-01-05,1.671875,1.6875,1.6328129768371582,1.640625,0.9876677989959717,11913600
QCOM,1994-01-06,1.6640629768371582,1.6640629768371582,1.640625,1.65625,0.9970738887786865,6377600
QCOM,1994-01-07,1.640625,1.65625,1.59375,1.609375,0.9688550233840942,17513600
QCOM,1994-01-10,1.59375,1.609375,1.484375,1.484375,0.8936038017272949,24227200
QCOM,1994-01-11,1.484375,1.53125,1.4375,1.5234379768371582,0.9171199202537537,22883200
QCOM,1994-01-12,1.53125,1.609375,1.4921879768371582,1.5078129768371582,0.907713770866394,38659200
QCOM,1994-01-13,1.546875,1.640625,1.53125,1.640625,0.9876677989959717,16124800
QCOM,1994-01-14,1.6484379768371582,1.71875,1.6328129768371582,1.691406011581421,1.0182380676269531,28188800
QCOM,1994-01-17,1.5234379768371582,1.6015629768371582,1.4609379768371582,1.59375,0.9594485759735107,55145600
QCOM,1994-01-18,1.59375,1.609375,1.503906011581421,1.5390629768371582,0.9265264868736267,17984000
QCOM,1994-01-19,1.5390629768371582,1.5546879768371582,1.484375,1.519531011581421,0.9147682785987854,10380800
QCOM,1994-01-20,1.5390629768371582,1.546875,1.4921879768371582,1.5390629768371582,0.9265264868736267,10262400
QCOM,1994-01-21,1.546875,1.5546879768371582,1.503906011581421,1.511718988418579,0.9100649952888489,9740800
QCOM,1994-01-24,1.511718988418579,1.5390629768371582,1.484375,1.5,0.9030104279518127,8441600
QCOM,1994-01-25,1.515625,1.546875,1.4921879768371582,1.5234379768371582,0.9171199202537537,6745600
QCOM,1994-01-26,1.5390629768371582,1.5546879768371582,1.5234379768371582,1.5546879768371582,0.9359330534934998,10697600
QCOM,1994-01-27,1.5546879768371582,1.578125,1.546875,1.5546879768371582,0.9359330534934998,7769600
QCOM,1994-01-28,1.5546879768371582,1.578125,1.5390629768371582,1.546875,0.9312293529510498,4291200
QCOM,1994-01-31,1.546875,1.5703129768371582,1.546875,1.5703129768371582,0.9453398585319519,3644800
QCOM,1994-02-01,1.5390629768371582,1.546875,1.515625,1.546875,0.9312293529510498,4595200
QCOM,1994-02-02,1.53125,1.5546879768371582,1.53125,1.5546879768371582,0.9359330534934998,2812800
QCOM,1994-02-03,1.5546879768371582,1.5546879768371582,1.5,1.5078129768371582,0.907713770866394,4659200
QCOM,1994-02-04,1.5234379768371582,1.5234379768371582,1.3984379768371582,1.4296879768371582,0.8606820106506348,15763200
QCOM,1994-02-07,1.363281011581421,1.4609379768371582,1.3515629768371582,1.449218988418579,0.8724401593208313,24182400
QCOM,1994-02-08,1.4609379768371582,1.5,1.4140629768371582,1.46875,0.8841975331306458,17526400
QCOM,1994-02-09,1.4765629768371582,1.4765629768371582,1.4453129768371582,1.453125,0.8747913241386414,6956800
QCOM,1994-02-10,1.46875,1.46875,1.4140629768371582,1.421875,0.8559786677360535,3040000
QCOM,1994-02-11,1.3984379768371582,1.4609379768371582,1.3984379768371582,1.4453129768371582,0.8700879812240601,4364800
QCOM,1994-02-14,1.4453129768371582,1.4609379768371582,1.4375,1.453125,0.8747913241386414,5248000
QCOM,1994-02-15,1.453125,1.453125,1.390625,1.394531011581421,0.83951735496521,8656000
QCOM,1994-02-16,1.40625,1.40625,1.359375,1.375,0.8277595043182373,9187200
QCOM,1994-02-17,1.375,1.3828129768371582,1.234375,1.3125,0.7901339530944824,77347200
QCOM,1994-02-18,1.328125,1.359375,1.25,1.328125,0.7995404601097107,33936000
QCOM,1994-02-22,1.328125,1.375,1.28125,1.296875,0.7807278037071228,51516800
QCOM,1994-02-23,1.328125,1.359375,1.3046879768371582,1.328125,0.7995404601097107,22358400
QCOM,1994-02-24,1.3125,1.359375,1.265625,1.3046879768371582,0.7854309678077698,10878400
QCOM,1994-02-25,1.328125,1.375,1.296875,1.328125,0.7995404601097107,7219200
QCOM,1994-02-28,1.375,1.40625,1.328125,1.40625,0.846571683883667,8486400
QCOM,1994-03-01,1.5,1.625,1.484375,1.578125,0.9500424265861511,42281600
QCOM,1994-03-02,1.546875,1.703125,1.5078129768371582,1.703125,1.0252933502197266,27968000
QCOM,1994-03-03,1.75,1.75,1.609375,1.640625,0.9876677989959717,15848000
QCOM,1994-03-04,1.703125,1.703125,1.59375,1.609375,0.9688550233840942,11939200
QCOM,1994-03-07,1.65625,1.65625,1.578125,1.578125,0.9500424265861511,7715200
QCOM,1994-03-08,1.59375,1.59375,1.515625,1.5625,0.940636157989502,5595200
QCOM,1994-03-09,1.578125,1.578125,1.5,1.5390629768371582,0.9265264868736267,5635200
QCOM,1994-03-10,1.578125,1.578125,1.53125,1.5546879768371582,0.9359330534934998,3537600
QCOM,1994-03-11,1.578125,1.625,1.546875,1.59375,0.9594485759735107,7929600
QCOM,1994-03-14,1.625,1.671875,1.59375,1.671875,1.006480097770691,12238400
QCOM,1994-03-15,1.671875,1.734375,1.65625,1.7109379768371582,1.029996395111084,17208000
QCOM,1994-03-16,1.734375,1.796875,1.671875,1.796875,1.0817310810089111,18041600
QCOM,1994-03-17,1.796875,1.8125,1.75,1.75,1.0535122156143188,8316800
QCOM,1994-03-18,1.734375,1.796875,1.734375,1.78125,1.0723248720169067,6020800
QCOM,1994-03-21,1.78125,1.78125,1.71875,1.7265629768371582,1.0394028425216675,6169600
QCOM,1994-03-22,1.765625,1.765625,1.671875,1.6875,1.015886902809143,3107200
QCOM,1994-03-23,1.71875,1.71875,1.640625,1.640625,0.9876677989959717,2766400
QCOM,1994-03-24,1.75,1.765625,1.640625,1.671875,1.006480097770691,9888000
QCOM,1994-03-25,1.6875,1.6875,1.625,1.625,0.9782606959342957,7046400
QCOM,1994-03-28,1.671875,1.671875,1.5234379768371582,1.53125,0.9218230843544006,7006400
QCOM,1994-03-29,1.53125,1.578125,1.453125,1.453125,0.8747913241386414,7643200
QCOM,1994-03-30,1.453125,1.5,1.40625,1.484375,0.8936038017272949,8185600
QCOM,1994-03-31,1.5,1.53125,1.453125,1.53125,0.9218230843544006,7176000
QCOM,1994-04-04,1.453125,1.53125,1.390625,1.4609379768371582,0.8794950246810913,9300800
QCOM,1994-04-05,1.53125,1.53125,1.453125,1.453125,0.8747913241386414,6884800
QCOM,1994-04-06,1.46875,1.5,1.421875,1.453125,0.8747913241386414,5206400
QCOM,1994-04-07,1.46875,1.5,1.4296879768371582,1.453125,0.8747913241386414,3907200
QCOM,1994-04-08,1.4453129768371582,1.46875,1.390625,1.421875,0.8559786677360535,3348800
QCOM,1994-04-11,1.40625,1.421875,1.375,1.375,0.8277595043182373,4188800
QCOM,1994-04-12,1.359375,1.390625,1.34375,1.359375,0.8183531165122986,4246400
QCOM,1994-04-13,1.34375,1.375,1.234375,1.28125,0.7713213562965393,9372800
QCOM,1994-04-14,1.265625,1.328125,1.25,1.296875,0.7807278037071228,7780800
QCOM,1994-04-15,1.328125,1.421875,1.296875,1.421875,0.8559786677360535,12334400
QCOM,1994-04-18,1.4375,1.4765629768371582,1.328125,1.375,0.8277595043182373,9435200
QCOM,1994-04-19,1.359375,1.359375,1.25,1.3046879768371582,0.7854309678077698,7129600
QCOM,1994-04-20,1.3125,1.328125,1.21875,1.28125,0.7713213562965393,6638400
QCOM,1994-04-21,1.328125,1.328125,1.21875,1.25,0.7525084018707275,6092800
QCOM,1994-04-22,1.296875,1.328125,1.25,1.3125,0.7901339530944824,3420800
QCOM,1994-04-25,1.3125,1.390625,1.265625,1.3671879768371582,0.8230562806129456,4036800
QCOM,1994-04-26,1.390625,1.40625,1.359375,1.390625,0.8371658325195312,4379200
QCOM,1994-04-28,1.390625,1.390625,1.328125,1.328125,0.7995404601097107,3798400
QCOM,1994-04-29,1.359375,1.359375,1.28125,1.328125,0.7995404601097107,3161600
QCOM,1994-05-02,1.328125,1.359375,1.296875,1.328125,0.7995404601097107,6243200
QCOM,1994-05-03,1.328125,1.359375,1.296875,1.328125,0.7995404601097107,1499200
QCOM,1994-05-04,1.328125,1.34375,1.28125,1.2890629768371582,0.7760246992111206,1284800
QCOM,1994-05-05,1.3125,1.3125,1.28125,1.3125,0.7901339530944824,1574400
QCOM,1994-05-06,1.296875,1.3125,1.25,1.28125,0.7713213562965393,3056000
QCOM,1994-05-09,1.28125,1.296875,1.234375,1.234375,0.7431025505065918,4024000
QCOM,1994-05-10,1.2734379768371582,1.28125,1.09375,1.203125,0.7242899537086487,13409600
QCOM,1994-05-11,1.140625,1.171875,1.046875,1.0546879768371582,0.6349297761917114,20076800
QCOM,1994-05-12,1.109375,1.15625,1.0625,1.078125,0.6490383744239807,11553600
QCOM,1994-05-13,1.09375,1.109375,1.0625,1.0703129768371582,0.6443357467651367,9982400
QCOM,1994-05-16,1.078125,1.140625,1.0625,1.078125,0.6490383744239807,4636800
QCOM,1994-05-17,1.109375,1.109375,1.03125,1.078125,0.6490383744239807,7995200
QCOM,1994-05-18,1.125,1.15625,1.0625,1.125,0.6772578954696655,8428800
QCOM,1994-05-19,1.15625,1.171875,1.125,1.140625,0.686664342880249,6616000
QCOM,1994-05-20,1.171875,1.1875,1.078125,1.125,0.6772578954696655,7192000
QCOM,1994-05-23,1.125,1.125,1.078125,1.09375,0.6584450006484985,3371200
QCOM,1994-05-24,1.09375,1.15625,1.09375,1.15625,0.6960704326629639,10216000
QCOM,1994-05-25,1.15625,1.171875,1.078125,1.1171879768371582,0.6725550293922424,9857600
QCOM,1994-05-26,1.125,1.125,1.078125,1.0859379768371582,0.6537423133850098,4126400
QCOM,1994-05-27,1.078125,1.109375,1.046875,1.0625,0.6396324634552002,14929600
QCOM,1994-05-31,1.078125,1.078125,1.015625,1.0234379768371582,0.6161167621612549,10473600
QCOM,1994-06-01,1.03125,1.03125,0.96875,1.03125,0.6208197474479675,17868800
QCOM,1994-06-02,1.03125,1.078125,1.015625,1.046875,0.6302260160446167,7486400
QCOM,1994-06-03,1.09375,1.140625,1.046875,1.125,0.6772578954696655,19928000
QCOM,1994-06-06,1.125,1.140625,1.109375,1.140625,0.686664342880249,4779200
QCOM,1994-06-07,1.140625,1.140625,1.109375,1.128906011581421,0.6796091794967651,7276800
QCOM,1994-06-08,1.140625,1.140625,1.09375,1.1171879768371582,0.6725550293922424,8956800
QCOM,1994-06-09,1.09375,1.140625,1.09375,1.109375,0.6678515672683716,4276800
QCOM,1994-06-10,1.1484379768371582,1.171875,1.125,1.140625,0.686664342880249,10726400
QCOM,1994-06-13,1.15625,1.15625,1.125,1.125,0.6772578954696655,1382400
QCOM,1994-06-14,1.125,1.1875,1.109375,1.125,0.6772578954696655,12236800
QCOM,1994-06-15,1.140625,1.140625,1.109375,1.109375,0.6678515672683716,10262400
QCOM,1994-06-16,1.125,1.125,1.09375,1.1015629768371582,0.6631487011909485,3700800
QCOM,1994-06-17,1.09375,1.109375,1.078125,1.09375,0.6584450006484985,6361600
QCOM,1994-06-20,1.078125,1.078125,1.03125,1.03125,0.6208197474479675,4281600
QCOM,1994-06-21,1.03125,1.046875,1.0,1.0234379768371582,0.6161167621612549,5204800
QCOM,1994-06-22,1.046875,1.078125,1.03125,1.0546879768371582,0.6349297761917114,3894400
QCOM,1994-06-23,1.078125,1.078125,1.015625,1.015625,0.6114130616188049,4611200
QCOM,1994-06-24,1.046875,1.046875,0.96875,1.0,0.6020067930221558,5756800
QCOM,1994-06-27,0.96875,1.078125,0.96875,1.078125,0.6490383744239807,4393600
QCOM,1994-06-28,1.109375,1.125,1.015625,1.03125,0.6208197474479675,4331200
QCOM,1994-06-29,1.0625,1.0625,1.015625,1.0234379768371582,0.6161167621612549,3907200
QCOM,1994-06-30,1.046875,1.046875,1.0,1.0,0.6020067930221558,2745600
QCOM,1994-07-01,1.03125,1.03125,1.0,1.0,0.6020067930221558,3904000
QCOM,1994-07-05,1.03125,1.03125,0.984375,0.984375,0.5926006436347961,6072000
QCOM,1994-07-06,1.0,1.0,0.9375,0.953125,0.5737878680229187,14564800
QCOM,1994-07-07,0.953125,0.984375,0.953125,0.984375,0.5926006436347961,4348800
QCOM,1994-07-08,0.984375,0.984375,0.953125,0.953125,0.5737878680229187,10705600
QCOM,1994-07-11,0.984375,0.984375,0.953125,0.953125,0.5737878680229187,4740800
QCOM,1994-07-12,0.953125,0.984375,0.953125,0.9804689884185791,0.5902490615844727,5033600
QCOM,1994-07-13,0.984375,1.03125,0.96875,1.03125,0.6208197474479675,9326400
QCOM,1994-07-14,1.03125,1.21875,1.015625,1.21875,0.7336961030960083,30441600
QCOM,1994-07-15,1.203125,1.21875,1.171875,1.1875,0.7148831486701965,12488000
QCOM,1994-07-18,1.21875,1.21875,1.078125,1.171875,0.7054771780967712,11024000
QCOM,1994-07-19,1.1875,1.1875,1.0859379768371582,1.0859379768371582,0.6537423133850098,16715200
QCOM,1994-07-20,1.078125,1.109375,1.015625,1.0234379768371582,0.6161167621612549,11016000
QCOM,1994-07-21,1.046875,1.09375,1.015625,1.09375,0.6584450006484985,8923200
QCOM,1994-07-22,1.078125,1.171875,1.078125,1.140625,0.686664342880249,9137600
QCOM,1994-07-25,1.1875,1.21875,1.140625,1.15625,0.6960704326629639,6449600
QCOM,1994-07-26,1.15625,1.171875,1.152343988418579,1.1640629768371582,0.7007737755775452,5936000
QCOM,1994-07-27,1.171875,1.171875,1.15625,1.15625,0.6960704326629639,3411200
QCOM,1994-07-28,1.15625,1.171875,1.152343988418579,1.171875,0.7054771780967712,7664000
QCOM,1994-07-29,1.15625,1.171875,1.109375,1.125,0.6772578954696655,3705600
QCOM,1994-08-01,1.125,1.140625,1.09375,1.113281011581421,0.6702027320861816,5723200
QCOM,1994-08-02,1.09375,1.125,1.09375,1.109375,0.6678515672683716,1441600
QCOM,1994-08-03,1.125,1.140625,1.09375,1.09375,0.6584450006484985,2580800
QCOM,1994-08-04,1.09375,1.140625,1.09375,1.1171879768371582,0.6725550293922424,2856000
QCOM,1994-08-05,1.125,1.140625,1.09375,1.109375,0.6678515672683716,1939200
QCOM,1994-08-08,1.140625,1.15625,1.109375,1.1484379768371582,0.6913673877716064,952000
QCOM,1994-08-09,1.109375,1.171875,1.109375,1.15625,0.6960704326629639,2604800
QCOM,1994-08-10,1.15625,1.171875,1.125,1.1640629768371582,0.7007737755775452,5161600
QCOM,1994-08-11,1.15625,1.203125,1.15625,1.171875,0.7054771780967712,3972800
QCOM,1994-08-12,1.1875,1.359375,1.1875,1.34375,0.8089467883110046,20528000
QCOM,1994-08-15,1.34375,1.359375,1.28125,1.292968988418579,0.7783761620521545,8731200
QCOM,1994-08-16,1.296875,1.375,1.296875,1.359375,0.8183531165122986,9584000
QCOM,1994-08-17,1.359375,1.4375,1.34375,1.421875,0.8559786677360535,9716800
QCOM,1994-08-18,1.40625,1.4375,1.375,1.4140629768371582,0.8512756824493408,6787200
QCOM,1994-08-19,1.40625,1.4375,1.34375,1.359375,0.8183531165122986,3244800
QCOM,1994-08-22,1.359375,1.375,1.328125,1.3515629768371582,0.8136502504348755,1782400
QCOM,1994-08-23,1.359375,1.390625,1.34375,1.375,0.8277595043182373,3276800
QCOM,1994-08-24,1.390625,1.421875,1.359375,1.3984379768371582,0.8418694138526917,4984000
QCOM,1994-08-25,1.40625,1.40625,1.359375,1.375,0.8277595043182373,1496000
QCOM,1994-08-26,1.375,1.4375,1.375,1.4140629768371582,0.8512756824493408,5752000
QCOM,1994-08-29,1.390625,1.46875,1.390625,1.4375,0.8653850555419922,7875200
QCOM,1994-08-30,1.46875,1.46875,1.40625,1.4375,0.8653850555419922,5179200
QCOM,1994-08-31,1.453125,1.453125,1.40625,1.40625,0.846571683883667,3470400
QCOM,1994-09-01,1.390625,1.421875,1.328125,1.34375,0.8089467883110046,5916800
QCOM,1994-09-02,1.359375,1.375,1.265625,1.265625,0.761914849281311,16134400
QCOM,1994-09-06,1.265625,1.328125,1.265625,1.3125,0.7901339530944824,5492800
QCOM,1994-09-07,1.328125,1.359375,1.296875,1.3515629768371582,0.8136502504348755,11544000
QCOM,1994-09-08,1.3515629768371582,1.46875,1.328125,1.453125,0.8747913241386414,18230400
QCOM,1994-09-09,1.46875,1.578125,1.4375,1.542968988418579,0.9288777112960815,46308800
QCOM,1994-09-12,1.5625,1.5625,1.5,1.535156011581421,0.9241744875907898,15774400
QCOM,1994-09-13,1.53125,1.578125,1.53125,1.5625,0.940636157989502,8921600
QCOM,1994-09-14,1.5625,1.5625,1.515625,1.5625,0.940636157989502,3945600
QCOM,1994-09-15,1.546875,1.609375,1.546875,1.609375,0.9688550233840942,5156800
QCOM,1994-09-16,1.59375,1.65625,1.59375,1.640625,0.9876677989959717,20884800
QCOM,1994-09-19,1.640625,1.671875,1.640625,1.640625,0.9876677989959717,8356800
QCOM,1994-09-20,1.59375,1.640625,1.515625,1.5625,0.940636157989502,9616000
QCOM,1994-09-21,1.609375,1.6484379768371582,1.546875,1.5625,0.940636157989502,11345600
QCOM,1994-09-22,1.609375,1.609375,1.578125,1.609375,0.9688550233840942,6513600
QCOM,1994-09-23,1.609375,1.703125,1.578125,1.625,0.9782606959342957,18179200
QCOM,1994-09-26,1.640625,1.640625,1.546875,1.609375,0.9688550233840942,4172800
QCOM,1994-09-27,1.578125,1.609375,1.53125,1.578125,0.9500424265861511,7121600
QCOM,1994-09-28,1.59375,1.609375,1.546875,1.578125,0.9500424265861511,3299200
QCOM,1994-09-29,1.578125,1.578125,1.515625,1.546875,0.9312293529510498,1996800
QCOM,1994-09-30,1.53125,1.609375,1.515625,1.582031011581421,0.952393651008606,6673600
QCOM,1994-10-03,1.59375,1.625,1.5625,1.6171879768371582,0.9735587239265442,5076800
QCOM,1994-10-04,1.65625,1.703125,1.578125,1.640625,0.9876677989959717,21192000
QCOM,1994-10-05,1.65625,1.796875,1.59375,1.765625,1.062918782234192,25080000
QCOM,1994-10-06,1.796875,1.796875,1.6640629768371582,1.7265629768371582,1.0394028425216675,17318400
QCOM,1994-10-07,1.75,1.78125,1.71875,1.765625,1.062918782234192,12547200
QCOM,1994-10-10,1.765625,1.796875,1.734375,1.75,1.0535122156143188,8704000
QCOM,1994-10-11,1.6875,1.765625,1.671875,1.765625,1.062918782234192,30510400
QCOM,1994-10-12,1.734375,1.765625,1.734375,1.734375,1.0441054105758667,10646400
QCOM,1994-10-13,1.765625,1.796875,1.765625,1.78125,1.0723248720169067,9062400
QCOM,1994-10-14,1.78125,1.78125,1.734375,1.75,1.0535122156143188,3916800
QCOM,1994-10-17,1.75,1.765625,1.734375,1.734375,1.0441054105758667,3848000
QCOM,1994-10-18,1.734375,1.75,1.6875,1.6875,1.015886902809143,7176000
QCOM,1994-10-19,1.6875,1.734375,1.6875,1.71875,1.0346993207931519,6121600
QCOM,1994-10-20,1.707031011581421,1.78125,1.6875,1.765625,1.062918782234192,12241600
QCOM,1994-10-21,1.75,1.890625,1.71875,1.8515629768371582,1.1146535873413086,19531200
QCOM,1994-10-24,1.84375,1.890625,1.765625,1.796875,1.0817310810089111,7006400
QCOM,1994-10-25,1.75,1.78125,1.703125,1.75,1.0535122156143188,6372800
QCOM,1994-10-26,1.75,1.796875,1.734375,1.796875,1.0817310810089111,7099200
QCOM,1994-10-27,1.796875,1.890625,1.7890629768371582,1.8125,1.0911375284194946,11112000
QCOM,1994-10-28,1.796875,1.875,1.78125,1.859375,1.119356632232666,8819200
QCOM,1994-10-31,1.8359379768371582,1.875,1.8125,1.84375,1.109950304031372,4356800
QCOM,1994-11-01,1.84375,1.859375,1.796875,1.8203129768371582,1.095841407775879,3128000
QCOM,1994-11-02,1.8203129768371582,1.921875,1.796875,1.859375,1.119356632232666,11196800
QCOM,1994-11-03,1.859375,1.953125,1.859375,1.8671879768371582,1.124060034751892,9809600
QCOM,1994-11-04,1.859375,1.890625,1.796875,1.8125,1.0911375284194946,9486400
QCOM,1994-11-07,1.90625,1.921875,1.8671879768371582,1.875,1.1287628412246704,11803200
QCOM,1994-11-08,1.90625,2.03125,1.890625,2.003906011581421,1.2063652276992798,21891200
QCOM,1994-11-09,2.078125,2.09375,2.03125,2.054687976837158,1.236936330795288,22376000
QCOM,1994-11-10,2.046875,2.109375,2.015625,2.046875,1.232232689857483,9145600
QCOM,1994-11-11,2.046875,2.046875,2.015625,2.015625,1.2134202718734741,8566400
QCOM,1994-11-14,2.015625,2.0625,2.015625,2.0625,1.241639494895935,8323200
QCOM,1994-11-15,2.0625,2.09375,2.03125,2.09375,1.2604520320892334,10987200
QCOM,1994-11-16,2.09375,2.109375,2.0625,2.070312976837158,1.2463427782058716,13224000
QCOM,1994-11-17,2.0625,2.078125,1.984375,2.0,1.2040135860443115,10307200
QCOM,1994-11-18,2.015625,2.015625,1.921875,1.921875,1.1569820642471313,16971200
QCOM,1994-11-21,1.90625,1.953125,1.890625,1.890625,1.1381691694259644,4552000
QCOM,1994-11-22,1.859375,1.9375,1.796875,1.828125,1.1005439758300781,18009600
QCOM,1994-11-23,1.78125,1.890625,1.78125,1.890625,1.1381691694259644,8868800
QCOM,1994-11-25,1.890625,1.96875,1.890625,1.96875,1.1852012872695923,4088000
QCOM,1994-11-28,1.96875,2.0625,1.953125,1.984375,1.1946067810058594,12771200
QCOM,1994-11-29,2.015625,2.03125,1.953125,1.96875,1.1852012872695923,5481600
QCOM,1994-11-30,1.953125,1.984375,1.90625,1.921875,1.1569820642471313,3993600
QCOM,1994-12-01,1.890625,1.890625,1.84375,1.84375,1.109950304031372,4772800
QCOM,1994-12-02,1.84375,1.875,1.796875,1.859375,1.119356632232666,5843200
QCOM,1994-12-05,1.859375,1.953125,1.84375,1.90625,1.1475757360458374,5452800
QCOM,1994-12-06,1.875,1.90625,1.796875,1.796875,1.0817310810089111,7236800
QCOM,1994-12-07,1.78125,1.796875,1.65625,1.6875,1.015886902809143,13132800
QCOM,1994-12-08,1.734375,1.75,1.625,1.65625,0.9970738887786865,9758400
QCOM,1994-12-09,1.65625,1.796875,1.625,1.765625,1.062918782234192,12392000
QCOM,1994-12-12,1.75,1.75,1.578125,1.65625,0.9970738887786865,18120000
QCOM,1994-12-13,1.671875,1.671875,1.578125,1.59375,0.9594485759735107,8180800
QCOM,1994-12-14,1.6015629768371582,1.640625,1.484375,1.515625,0.9124165773391724,9713600
QCOM,1994-12-15,1.453125,1.515625,1.390625,1.4375,0.8653850555419922,34726400
QCOM,1994-12-16,1.453125,1.5625,1.4375,1.515625,0.9124165773391724,10820800
QCOM,1994-12-19,1.515625,1.5625,1.5,1.546875,0.9312293529510498,4782400
QCOM,1994-12-20,1.578125,1.65625,1.546875,1.625,0.9782606959342957,7606400
QCOM,1994-12-21,1.625,1.640625,1.59375,1.625,0.9782606959342957,5280000
QCOM,1994-12-22,1.625,1.671875,1.609375,1.65625,0.9970738887786865,5795200
QCOM,1994-12-23,1.625,1.671875,1.609375,1.609375,0.9688550233840942,6736000
QCOM,1994-12-27,1.609375,1.640625,1.578125,1.59375,0.9594485759735107,4136000
QCOM,1994-12-28,1.59375,1.625,1.53125,1.546875,0.9312293529510498,6724800
QCOM,1994-12-29,1.546875,1.578125,1.515625,1.53125,0.9218230843544006,3649600
QCOM,1994-12-30,1.515625,1.546875,1.484375,1.5,0.9030104279518127,5929600
QCOM,1995-01-03,1.453125,1.53125,1.453125,1.515625,0.9124165773391724,3409600
QCOM,1995-01-04,1.53125,1.5625,1.5,1.53125,0.9218230843544006,3902400
QCOM,1995-01-05,1.546875,1.5625,1.5,1.515625,0.9124165773391724,3929600
QCOM,1995-01-06,1.515625,1.546875,1.5,1.5,0.9030104279518127,5089600
QCOM,1995-01-09,1.53125,1.53125,1.4375,1.453125,0.8747913241386414,4812800
QCOM,1995-01-10,1.453125,1.484375,1.390625,1.453125,0.8747913241386414,11852800
QCOM,1995-01-11,1.453125,1.453125,1.40625,1.4296879768371582,0.8606820106506348,6947200
QCOM,1995-01-12,1.453125,1.453125,1.40625,1.40625,0.846571683883667,5555200
QCOM,1995-01-13,1.4375,1.4375,1.3125,1.3125,0.7901339530944824,25792000
QCOM,1995-01-16,1.28125,1.40625,1.28125,1.3828129768371582,0.8324629664421082,21323200
QCOM,1995-01-17,1.421875,1.53125,1.40625,1.515625,0.9124165773391724,25411200
QCOM,1995-01-18,1.546875,1.59375,1.53125,1.53125,0.9218230843544006,9080000
QCOM,1995-01-19,1.546875,1.546875,1.484375,1.5,0.9030104279518127,3177600
QCOM,1995-01-20,1.515625,1.515625,1.453125,1.453125,0.8747913241386414,8027200
QCOM,1995-01-23,1.453125,1.578125,1.421875,1.578125,0.9500424265861511,6177600
QCOM,1995-01-24,1.609375,1.765625,1.578125,1.71875,1.0346993207931519,29518400
QCOM,1995-01-25,1.6875,1.71875,1.59375,1.6875,1.015886902809143,12528000
QCOM,1995-01-26,1.671875,1.78125,1.671875,1.7578129768371582,1.0582151412963867,20572800
QCOM,1995-01-27,1.78125,1.8125,1.734375,1.78125,1.0723248720169067,14942400
QCOM,1995-01-30,1.796875,1.8125,1.65625,1.6875,1.015886902809143,7696000
QCOM,1995-01-31,1.65625,1.6875,1.609375,1.65625,0.9970738887786865,13947200
QCOM,1995-02-01,1.703125,1.734375,1.640625,1.703125,1.0252933502197266,9456000
QCOM,1995-02-02,1.71875,1.75,1.6875,1.71875,1.0346993207931519,5310400
QCOM,1995-02-03,1.734375,1.859375,1.6875,1.75,1.0535122156143188,27675200
QCOM,1995-02-06,1.734375,1.765625,1.7265629768371582,1.75,1.0535122156143188,4425600
QCOM,1995-02-07,1.765625,1.78125,1.734375,1.7578129768371582,1.0582151412963867,3443200
QCOM,1995-02-08,1.78125,1.78125,1.71875,1.75,1.0535122156143188,3152000
QCOM,1995-02-09,1.75,1.78125,1.71875,1.75,1.0535122156143188,6134400
QCOM,1995-02-10,1.78125,1.796875,1.734375,1.765625,1.062918782234192,8123200
QCOM,1995-02-13,1.75,1.765625,1.703125,1.71875,1.0346993207931519,5817600
QCOM,1995-02-14,1.71875,1.75,1.625,1.671875,1.006480097770691,4832000
QCOM,1995-02-15,1.671875,1.671875,1.59375,1.625,0.9782606959342957,5516800
QCOM,1995-02-16,1.609375,1.640625,1.59375,1.640625,0.9876677989959717,5233600
QCOM,1995-02-17,1.625,1.625,1.59375,1.59375,0.9594485759735107,1771200
QCOM,1995-02-21,1.625,1.640625,1.578125,1.6015629768371582,0.9641521573066711,9019200
QCOM,1995-02-22,1.609375,1.625,1.578125,1.625,0.9782606959342957,2606400
QCOM,1995-02-23,1.625,1.796875,1.5625,1.765625,1.062918782234192,31785600
QCOM,1995-02-24,1.78125,1.796875,1.71875,1.765625,1.062918782234192,17798400
QCOM,1995-02-27,1.75,1.828125,1.734375,1.734375,1.0441054105758667,7857600
QCOM,1995-02-28,1.765625,1.828125,1.75,1.828125,1.1005439758300781,8392000
QCOM,1995-03-01,1.8125,1.828125,1.765625,1.765625,1.062918782234192,7008000
QCOM,1995-03-02,1.75,1.78125,1.71875,1.734375,1.0441054105758667,4264000
QCOM,1995-03-03,1.734375,1.84375,1.703125,1.828125,1.1005439758300781,6777600
QCOM,1995-03-06,1.78125,1.796875,1.734375,1.78125,1.0723248720169067,4049600
QCOM,1995-03-07,1.796875,1.84375,1.75,1.75,1.0535122156143188,7532800
QCOM,1995-03-08,1.78125,1.78125,1.71875,1.734375,1.0441054105758667,5118400
QCOM,1995-03-09,1.75,1.859375,1.75,1.84375,1.109950304031372,28252800
QCOM,1995-03-10,1.84375,1.859375,1.8125,1.84375,1.109950304031372,18523200
QCOM,1995-03-13,1.828125,1.84375,1.7421879768371582,1.8046879768371582,1.0864346027374268,25846400
QCOM,1995-03-14,1.828125,1.9375,1.78125,1.9375,1.1663886308670044,26476800
QCOM,1995-03-15,1.859375,2.015625,1.859375,1.9609379768371582,1.1804981231689453,27523200
QCOM,1995-03-16,1.9453129768371582,2.015625,1.921875,2.0,1.2040135860443115,13324800
QCOM,1995-03-17,2.0,2.0625,2.0,2.046875,1.232232689857483,11428800
QCOM,1995-03-20,2.046875,2.046875,2.0,2.015625,1.2134202718734741,6819200
QCOM,1995-03-21,2.03125,2.0625,1.9375,1.9375,1.1663886308670044,8918400
QCOM,1995-03-22,1.9375,2.054687976837158,1.90625,2.054687976837158,1.236936330795288,12816000
QCOM,1995-03-23,2.078125,2.15625,2.046875,2.140625,1.2886711359024048,26356800
QCOM,1995-03-24,2.125,2.15625,2.0,2.03125,1.2228261232376099,13697600
QCOM,1995-03-27,2.0,2.078125,1.9375,2.0625,1.241639494895935,7739200
QCOM,1995-03-28,2.046875,2.140625,2.046875,2.125,1.2792649269104004,10356800
QCOM,1995-03-29,2.109375,2.203125,2.109375,2.148437976837158,1.2933751344680786,20960000
QCOM,1995-03-30,2.171875,2.1875,2.03125,2.070312976837158,1.2463427782058716,9950400
QCOM,1995-03-31,2.046875,2.078125,2.015625,2.046875,1.232232689857483,6379200
QCOM,1995-04-03,2.0625,2.0625,1.921875,1.988281011581421,1.196959137916565,8878400
QCOM,1995-04-04,1.953125,1.984375,1.875,1.921875,1.1569820642471313,19406400
QCOM,1995-04-05,1.921875,1.921875,1.828125,1.859375,1.119356632232666,21931200
QCOM,1995-04-06,1.859375,1.917968988418579,1.75,1.7890629768371582,1.0770283937454224,30089600
QCOM,1995-04-07,1.796875,1.890625,1.765625,1.875,1.1287628412246704,16878400
QCOM,1995-04-10,1.7890629768371582,1.8671879768371582,1.7421879768371582,1.75,1.0535122156143188,27353600
QCOM,1995-04-11,1.75,1.7734379768371582,1.6171879768371582,1.640625,0.9876677989959717,25363200
QCOM,1995-04-12,1.640625,1.7421879768371582,1.609375,1.6875,1.015886902809143,17836800
QCOM,1995-04-13,1.7109379768371582,1.7109379768371582,1.660156011581421,1.6796879768371582,1.0111840963363647,6811200
QCOM,1995-04-17,1.671875,1.75,1.65625,1.671875,1.006480097770691,13267200
QCOM,1995-04-18,1.6875,1.703125,1.59375,1.609375,0.9688550233840942,13137600
QCOM,1995-04-19,1.609375,1.609375,1.5078129768371582,1.5390629768371582,0.9265264868736267,21593600
QCOM,1995-04-20,1.5625,1.7109379768371582,1.5546879768371582,1.703125,1.0252933502197266,20209600
QCOM,1995-04-21,1.71875,1.734375,1.6171879768371582,1.640625,0.9876677989959717,13518400
QCOM,1995-04-24,1.6328129768371582,1.6328129768371582,1.53125,1.5625,0.940636157989502,13396800
QCOM,1995-04-25,1.5703129768371582,1.625,1.5625,1.59375,0.9594485759735107,9185600
QCOM,1995-04-26,1.6015629768371582,1.6875,1.5859379768371582,1.6640629768371582,1.0017776489257812,10348800
QCOM,1995-04-27,1.6640629768371582,1.6953129768371582,1.6484379768371582,1.671875,1.006480097770691,6963200
QCOM,1995-04-28,1.671875,1.671875,1.609375,1.640625,0.9876677989959717,8088000
QCOM,1995-05-01,1.6171879768371582,1.640625,1.5859379768371582,1.5859379768371582,0.9547457098960876,4782400
QCOM,1995-05-02,1.5859379768371582,1.625,1.5859379768371582,1.609375,0.9688550233840942,4827200
QCOM,1995-05-03,1.59375,1.6328129768371582,1.59375,1.625,0.9782606959342957,4624000
QCOM,1995-05-04,1.625,1.625,1.5859379768371582,1.5859379768371582,0.9547457098960876,3875200
QCOM,1995-05-05,1.6171879768371582,1.625,1.5546879768371582,1.5859379768371582,0.9547457098960876,8865600
QCOM,1995-05-08,1.578125,1.6015629768371582,1.5625,1.5859379768371582,0.9547457098960876,2968000
QCOM,1995-05-09,1.59375,1.59375,1.5234379768371582,1.53125,0.9218230843544006,7395200
QCOM,1995-05-10,1.546875,1.5859379768371582,1.5390629768371582,1.5546879768371582,0.9359330534934998,5528000
QCOM,1995-05-11,1.5703129768371582,1.75,1.5546879768371582,1.75,1.0535122156143188,40312000
QCOM,1995-05-12,1.7734379768371582,1.9375,1.765625,1.8515629768371582,1.1146535873413086,46304000
QCOM,1995-05-15,1.875,1.875,1.8203129768371582,1.84375,1.109950304031372,9132800
QCOM,1995-05-16,1.8515629768371582,1.859375,1.796875,1.84375,1.109950304031372,9377600
QCOM,1995-05-17,1.859375,1.859375,1.7421879768371582,1.777343988418579,1.0699732303619385,13406400
QCOM,1995-05-18,1.7734379768371582,1.8125,1.7109379768371582,1.7109379768371582,1.029996395111084,10099200
QCOM,1995-05-19,1.7109379768371582,1.7265629768371582,1.671875,1.691406011581421,1.0182380676269531,16408000
QCOM,1995-05-22,1.703125,1.734375,1.6640629768371582,1.671875,1.006480097770691,21928000
QCOM,1995-05-23,1.671875,1.671875,1.59375,1.609375,0.9688550233840942,20659200
QCOM,1995-05-24,1.6015629768371582,1.625,1.578125,1.59375,0.9594485759735107,12131200
QCOM,1995-05-25,1.6015629768371582,1.6328129768371582,1.578125,1.6328129768371582,0.9829649925231934,12724800
QCOM,1995-05-26,1.625,1.625,1.59375,1.609375,0.9688550233840942,8454400
QCOM,1995-05-30,1.609375,1.609375,1.5390629768371582,1.5390629768371582,0.9265264868736267,14612800
QCOM,1995-05-31,1.546875,1.6171879768371582,1.5390629768371582,1.6015629768371582,0.9641521573066711,14193600
QCOM,1995-06-01,1.609375,1.609375,1.5703129768371582,1.582031011581421,0.952393651008606,5062400
QCOM,1995-06-02,1.5859379768371582,1.8125,1.5625,1.75,1.0535122156143188,34883200
QCOM,1995-06-05,1.875,1.9453129768371582,1.8359379768371582,1.84375,1.109950304031372,44436800
QCOM,1995-06-06,1.859375,2.226562976837158,1.84375,2.171875,1.3074837923049927,138241600
QCOM,1995-06-07,2.179687976837158,2.195312976837158,2.078125,2.171875,1.3074837923049927,73060800
QCOM,1995-06-08,2.15625,2.171875,2.109375,2.148437976837158,1.2933751344680786,14596800
QCOM,1995-06-09,2.109375,2.148437976837158,2.085937976837158,2.113281011581421,1.2722095251083374,16459200
QCOM,1995-06-12,2.09375,2.117187976837158,1.984375,2.015625,1.2134202718734741,19137600
QCOM,1995-06-13,2.015625,2.0625,1.96875,2.046875,1.232232689857483,18704000
QCOM,1995-06-14,2.046875,2.070312976837158,2.03125,2.046875,1.232232689857483,6609600
QCOM,1995-06-15,2.046875,2.171875,2.046875,2.15625,1.2980767488479614,21904000
QCOM,1995-06-16,2.164062976837158,2.171875,2.125,2.125,1.2792649269104004,9022400
QCOM,1995-06-19,2.140625,2.210937976837158,2.117187976837158,2.171875,1.3074837923049927,14251200
QCOM,1995-06-20,2.179687976837158,2.21875,2.125,2.195312976837158,1.321593999862671,16862400
QCOM,1995-06-21,2.1875,2.195312976837158,2.085937976837158,2.085937976837158,1.2557491064071655,9777600
QCOM,1995-06-22,2.09375,2.195312976837158,2.09375,2.195312976837158,1.321593999862671,10003200
QCOM,1995-06-23,2.164062976837158,2.179687976837158,2.101562976837158,2.109375,1.269858717918396,6848000
QCOM,1995-06-26,2.101562976837158,2.140625,2.070312976837158,2.109375,1.269858717918396,9633600
QCOM,1995-06-27,2.078125,2.09375,2.0,2.023437976837158,1.2181235551834106,8387200
QCOM,1995-06-28,2.015625,2.078125,1.984375,2.070312976837158,1.2463427782058716,11136000
QCOM,1995-06-29,2.078125,2.140625,2.054687976837158,2.132812976837158,1.283968210220337,10913600
QCOM,1995-06-30,2.125,2.1875,2.125,2.160156011581421,1.3004286289215088,12475200
QCOM,1995-07-03,2.140625,2.15625,2.132812976837158,2.140625,1.2886711359024048,891200
QCOM,1995-07-05,2.15625,2.25,2.15625,2.226562976837158,1.340406060218811,23793600
QCOM,1995-07-06,2.257812976837158,2.257812976837158,2.195312976837158,2.226562976837158,1.340406060218811,14889600
QCOM,1995-07-07,2.242187976837158,2.34375,2.226562976837158,2.34375,1.4109543561935425,21467200
QCOM,1995-07-10,2.34375,2.507812976837158,2.34375,2.5,1.505016803741455,44016000
QCOM,1995-07-11,2.492187976837158,2.5,2.359375,2.382812976837158,1.4344698190689087,24648000
QCOM,1995-07-12,2.398437976837158,2.46875,2.375,2.429687976837158,1.462688684463501,19924800
QCOM,1995-07-13,2.445312976837158,2.546875,2.414062976837158,2.445312976837158,1.472095012664795,17950400
QCOM,1995-07-14,2.429687976837158,2.453125,2.359375,2.429687976837158,1.462688684463501,10804800
QCOM,1995-07-17,2.46875,2.53125,2.460937976837158,2.484375,1.495611310005188,13940800
QCOM,1995-07-18,2.476562976837158,2.492187976837158,2.289062976837158,2.351562976837158,1.415657639503479,19305600
QCOM,1995-07-19,2.296875,2.328125,2.132812976837158,2.195312976837158,1.321593999862671,25875200
QCOM,1995-07-20,2.195312976837158,2.359375,2.1875,2.226562976837158,1.340406060218811,26894400
QCOM,1995-07-21,2.53125,2.640625,2.484375,2.609375,1.570861577987671,82433600
QCOM,1995-07-24,2.609375,2.796875,2.507812976837158,2.773437976837158,1.6696292161941528,65427200
QCOM,1995-07-25,2.804687976837158,2.820312976837158,2.710937976837158,2.710937976837158,1.6320033073425293,29163200
QCOM,1995-07-26,2.71875,2.796875,2.703125,2.710937976837158,1.6320033073425293,20572800
QCOM,1995-07-27,2.710937976837158,2.726562976837158,2.6875,2.695312976837158,1.622597098350525,14233600
QCOM,1995-07-28,2.703125,2.703125,2.664062976837158,2.664062976837158,1.603784203529358,12344000
QCOM,1995-07-31,2.65625,2.679687976837158,2.59375,2.671875,1.6084883213043213,10484800
QCOM,1995-08-01,2.679687976837158,2.679687976837158,2.601562976837158,2.617187976837158,1.575564980506897,16790400
QCOM,1995-08-02,2.632812976837158,2.6875,2.578125,2.585937976837158,1.556752324104309,14612800
QCOM,1995-08-03,2.5625,2.726562976837158,2.53125,2.710937976837158,1.6320033073425293,28715200
QCOM,1995-08-04,2.71875,2.78125,2.703125,2.765625,1.6649253368377686,13227200
QCOM,1995-08-07,2.773437976837158,2.789062976837158,2.6875,2.695312976837158,1.622597098350525,8172800
QCOM,1995-08-08,2.6875,2.773437976837158,2.648437976837158,2.734375,1.646112084388733,7982400
QCOM,1995-08-09,2.773437976837158,2.90625,2.742187976837158,2.867187976837158,1.726067304611206,100795200
QCOM,1995-08-10,2.882812976837158,2.945312976837158,2.867187976837158,2.914062976837158,1.7542859315872192,42289600
QCOM,1995-08-11,2.914062976837158,2.9375,2.796875,2.859375,1.7213636636734009,20361600
QCOM,1995-08-14,2.867187976837158,3.015625,2.859375,3.0,1.8060208559036255,40696000
QCOM,1995-08-15,3.0625,3.132812976837158,3.046875,3.132812976837158,1.8859752416610718,39030400
QCOM,1995-08-16,3.132812976837158,3.421875,3.132812976837158,3.390625,2.041179656982422,49006400
QCOM,1995-08-17,3.15625,3.328125,3.0625,3.210937976837158,1.9330066442489624,100464000
QCOM,1995-08-18,3.226562976837158,3.328125,3.226562976837158,3.25,1.9565213918685913,22590400
QCOM,1995-08-21,3.25,3.257812976837158,2.929687976837158,2.960937976837158,1.7825052738189697,28945600
QCOM,1995-08-22,2.96875,3.039062976837158,2.953125,2.988281011581421,1.7989662885665894,30897600
QCOM,1995-08-23,3.007812976837158,3.140625,3.0,3.117187976837158,1.8765686750411987,33022400
QCOM,1995-08-24,3.109375,3.164062976837158,2.992187976837158,3.085937976837158,1.857755422592163,27064000
QCOM,1995-08-25,3.09375,3.164062976837158,3.085937976837158,3.132812976837158,1.8859752416610718,14534400
QCOM,1995-08-28,3.132812976837158,3.171875,2.992187976837158,3.046875,1.8342392444610596,18971200
QCOM,1995-08-29,3.046875,3.046875,2.851562976837158,2.953125,1.7778010368347168,44275200
QCOM,1995-08-30,2.953125,3.148437976837158,2.945312976837158,3.101562976837158,1.8671623468399048,24168000
QCOM,1995-08-31,3.101562976837158,3.125,3.039062976837158,3.046875,1.8342392444610596,13276800
QCOM,1995-09-01,3.070312976837158,3.132812976837158,3.0625,3.117187976837158,1.8765686750411987,16702400
QCOM,1995-09-05,3.140625,3.296875,3.125,3.289062976837158,1.9800386428833008,19745600
QCOM,1995-09-06,3.304687976837158,3.390625,3.296875,3.34375,2.012960195541382,26161600
QCOM,1995-09-07,3.359375,3.359375,3.195312976837158,3.210937976837158,1.9330066442489624,22710400
QCOM,1995-09-08,3.203125,3.21875,3.109375,3.15625,1.9000848531723022,23393600
QCOM,1995-09-11,3.164062976837158,3.226562976837158,3.132812976837158,3.171875,1.9094904661178589,9660800
QCOM,1995-09-12,3.179687976837158,3.203125,3.101562976837158,3.125,1.881272315979004,11228800
QCOM,1995-09-13,3.140625,3.15625,3.054687976837158,3.101562976837158,1.8671623468399048,17592000
QCOM,1995-09-14,3.109375,3.148437976837158,3.085937976837158,3.09375,1.8624587059020996,14155200
QCOM,1995-09-15,3.09375,3.101562976837158,2.9375,2.976562976837158,1.7919114828109741,26800000
QCOM,1995-09-18,2.960937976837158,3.101562976837158,2.914062976837158,3.085937976837158,1.857755422592163,17355200
QCOM,1995-09-19,3.09375,3.171875,3.023437976837158,3.132812976837158,1.8859752416610718,19382400
QCOM,1995-09-20,3.15625,3.15625,3.0,3.046875,1.8342392444610596,17110400
QCOM,1995-09-21,3.054687976837158,3.078125,2.914062976837158,2.960937976837158,1.7825052738189697,16726400
QCOM,1995-09-22,2.953125,2.992187976837158,2.9375,2.9375,1.7683950662612915,13100800
QCOM,1995-09-25,2.929687976837158,2.945312976837158,2.828125,2.875,1.7307701110839844,14131200
QCOM,1995-09-26,2.882812976837158,2.882812976837158,2.617187976837158,2.6875,1.6178935766220093,48521600
QCOM,1995-09-27,2.679687976837158,2.742187976837158,2.546875,2.617187976837158,1.575564980506897,63056000
QCOM,1995-09-28,2.640625,2.820312976837158,2.601562976837158,2.796875,1.683738112449646,43620800
QCOM,1995-09-29,2.796875,2.945312976837158,2.789062976837158,2.867187976837158,1.726067304611206,35507200
QCOM,1995-10-02,2.867187976837158,2.867187976837158,2.648437976837158,2.664062976837158,1.603784203529358,19304000
QCOM,1995-10-03,2.679687976837158,2.75,2.640625,2.742187976837158,1.6508172750473022,21435200
QCOM,1995-10-04,2.734375,2.734375,2.5625,2.625,1.5802679061889648,33692800
QCOM,1995-10-05,2.625,2.632812976837158,2.476562976837158,2.5,1.505016803741455,30856000
QCOM,1995-10-06,2.53125,2.59375,2.515625,2.53125,1.523829698562622,30956800
QCOM,1995-10-09,2.492187976837158,2.5,2.25,2.335937976837158,1.4062505960464478,51656000
QCOM,1995-10-10,2.296875,2.546875,2.179687976837158,2.53125,1.523829698562622,61145600
QCOM,1995-10-11,2.578125,2.601562976837158,2.4375,2.5,1.505016803741455,26056000
QCOM,1995-10-12,2.5,2.5625,2.484375,2.53125,1.523829698562622,14536000
QCOM,1995-10-13,2.578125,2.601562976837158,2.53125,2.53125,1.523829698562622,12059200
QCOM,1995-10-16,2.539062976837158,2.554687976837158,2.414062976837158,2.414062976837158,1.4532827138900757,12859200
QCOM,1995-10-17,2.4375,2.570312976837158,2.359375,2.546875,1.5332362651824951,24793600
QCOM,1995-10-18,2.570312976837158,2.625,2.515625,2.515625,1.5144232511520386,21275200
QCOM,1995-10-19,2.5,2.523437976837158,2.351562976837158,2.398437976837158,1.4438769817352295,30608000
QCOM,1995-10-20,2.398437976837158,2.453125,2.304687976837158,2.328125,1.4015469551086426,21744000
QCOM,1995-10-23,2.304687976837158,2.515625,2.273437976837158,2.492187976837158,1.5003142356872559,27080000
QCOM,1995-10-24,2.492187976837158,2.539062976837158,2.40625,2.4375,1.4673922061920166,22851200
QCOM,1995-10-25,2.445312976837158,2.453125,2.390625,2.421875,1.4579856395721436,10094400
QCOM,1995-10-26,2.4375,2.453125,2.34375,2.398437976837158,1.4438769817352295,10360000
QCOM,1995-10-27,2.414062976837158,2.539062976837158,2.398437976837158,2.53125,1.523829698562622,27260800
QCOM,1995-10-30,2.546875,2.601562976837158,2.476562976837158,2.515625,1.5144232511520386,20156800
QCOM,1995-10-31,2.53125,2.53125,2.40625,2.40625,1.4485799074172974,15644800
QCOM,1995-11-01,2.414062976837158,2.5625,2.40625,2.539062976837158,1.5285329818725586,19868800
QCOM,1995-11-02,2.5625,2.585937976837158,2.523437976837158,2.554687976837158,1.5379399061203003,15499200
QCOM,1995-11-03,2.554687976837158,2.71875,2.46875,2.6875,1.6178935766220093,30896000
QCOM,1995-11-06,2.6875,2.945312976837158,2.679687976837158,2.882812976837158,1.7354739904403687,54184000
QCOM,1995-11-07,2.835937976837158,2.890625,2.75,2.8125,1.693143367767334,34768000
QCOM,1995-11-08,2.84375,2.953125,2.835937976837158,2.890625,1.7401752471923828,27102400
QCOM,1995-11-09,2.914062976837158,2.945312976837158,2.890625,2.929687976837158,1.763692021369934,12817600
QCOM,1995-11-10,2.898437976837158,2.96875,2.890625,2.960937976837158,1.7825052738189697,18513600
QCOM,1995-11-13,2.945312976837158,2.96875,2.875,2.882812976837158,1.7354739904403687,15073600
QCOM,1995-11-14,2.859375,2.90625,2.710937976837158,2.714843988418579,1.634355068206787,13660800
QCOM,1995-11-15,2.742187976837158,2.890625,2.671875,2.890625,1.7401752471923828,22609600
QCOM,1995-11-16,2.882812976837158,2.9375,2.828125,2.859375,1.7213636636734009,22630400
QCOM,1995-11-17,2.867187976837158,2.90625,2.828125,2.84375,1.711957335472107,9140800
QCOM,1995-11-20,2.859375,2.875,2.648437976837158,2.671875,1.6084883213043213,14100800
QCOM,1995-11-21,2.664062976837158,2.734375,2.640625,2.710937976837158,1.6320033073425293,17971200
QCOM,1995-11-22,2.71875,2.757812976837158,2.554687976837158,2.601562976837158,1.5661591291427612,15790400
QCOM,1995-11-24,2.617187976837158,2.671875,2.570312976837158,2.632812976837158,1.5849711894989014,7707200
QCOM,1995-11-27,2.648437976837158,2.757812976837158,2.632812976837158,2.710937976837158,1.6320033073425293,17624000
QCOM,1995-11-28,2.726562976837158,2.898437976837158,2.703125,2.875,1.7307701110839844,18568000
QCOM,1995-11-29,2.875,2.914062976837158,2.703125,2.726562976837158,1.6414096355438232,30548800
QCOM,1995-11-30,2.71875,2.789062976837158,2.585937976837158,2.585937976837158,1.556752324104309,22163200
QCOM,1995-12-01,2.585937976837158,2.601562976837158,2.5,2.5625,1.5426427125930786,26828800
QCOM,1995-12-04,2.59375,2.75,2.585937976837158,2.726562976837158,1.6414096355438232,25547200
QCOM,1995-12-05,2.742187976837158,2.742187976837158,2.578125,2.59375,1.5614556074142456,22539200
QCOM,1995-12-06,2.59375,2.601562976837158,2.453125,2.460937976837158,1.4815009832382202,24632000
QCOM,1995-12-07,2.460937976837158,2.539062976837158,2.359375,2.53125,1.523829698562622,27707200
QCOM,1995-12-08,2.625,2.664062976837158,2.484375,2.601562976837158,1.5661591291427612,27414400
QCOM,1995-12-11,2.625,2.632812976837158,2.507812976837158,2.5625,1.5426427125930786,15116800
QCOM,1995-12-12,2.546875,2.546875,2.484375,2.492187976837158,1.5003142356872559,7171200
QCOM,1995-12-13,2.515625,2.523437976837158,2.40625,2.445312976837158,1.472095012664795,13446400
QCOM,1995-12-14,2.453125,2.46875,2.351562976837158,2.367187976837158,1.425063133239746,22873600
QCOM,1995-12-15,2.390625,2.398437976837158,2.296875,2.335937976837158,1.4062505960464478,15708800
QCOM,1995-12-18,2.335937976837158,2.34375,2.1875,2.234375,1.345109462738037,21336000
QCOM,1995-12-19,2.25,2.539062976837158,2.234375,2.535156011581421,1.5261821746826172,30112000
QCOM,1995-12-20,2.554687976837158,2.554687976837158,2.34375,2.34375,1.4109543561935425,14339200
QCOM,1995-12-21,2.382812976837158,2.632812976837158,2.367187976837158,2.625,1.5802679061889648,37600000
QCOM,1995-12-22,2.65625,2.78125,2.632812976837158,2.78125,1.6743316650390625,31916800
QCOM,1995-12-26,2.78125,2.789062976837158,2.65625,2.710937976837158,1.6320033073425293,16886400
QCOM,1995-12-27,2.71875,2.78125,2.703125,2.710937976837158,1.6320033073425293,8371200
QCOM,1995-12-28,2.710937976837158,2.710937976837158,2.578125,2.617187976837158,1.575564980506897,13913600
QCOM,1995-12-29,2.625,2.695312976837158,2.5625,2.6875,1.6178935766220093,13036800
QCOM,1996-01-02,2.671875,2.734375,2.640625,2.734375,1.646112084388733,8492800
QCOM,1996-01-03,2.734375,2.75,2.585937976837158,2.601562976837158,1.5661591291427612,12528000
QCOM,1996-01-04,2.609375,2.625,2.445312976837158,2.492187976837158,1.5003142356872559,21673600
QCOM,1996-01-05,2.472656011581421,2.617187976837158,2.445312976837158,2.59375,1.5614556074142456,22104000
QCOM,1996-01-08,2.585937976837158,2.625,2.546875,2.550781011581421,1.5355876684188843,2376000
QCOM,1996-01-09,2.570312976837158,2.570312976837158,2.367187976837158,2.375,1.429766297340393,21417600
QCOM,1996-01-10,2.34375,2.523437976837158,2.308593988418579,2.390625,1.439172625541687,31032000
QCOM,1996-01-11,2.40625,2.539062976837158,2.40625,2.515625,1.5144232511520386,15171200
QCOM,1996-01-12,2.515625,2.539062976837158,2.359375,2.375,1.429766297340393,24736000
QCOM,1996-01-15,2.390625,2.390625,2.21875,2.242187976837158,1.3498128652572632,29424000
QCOM,1996-01-16,2.265625,2.390625,2.234375,2.375,1.429766297340393,26371200
QCOM,1996-01-17,2.351562976837158,2.539062976837158,2.328125,2.515625,1.5144232511520386,31552000
QCOM,1996-01-18,2.523437976837158,2.554687976837158,2.398437976837158,2.539062976837158,1.5285329818725586,23241600
QCOM,1996-01-19,2.578125,2.71875,2.554687976837158,2.6875,1.6178935766220093,37392000
QCOM,1996-01-22,2.6875,2.757812976837158,2.609375,2.726562976837158,1.6414096355438232,22272000
QCOM,1996-01-23,2.6875,2.828125,2.679687976837158,2.773437976837158,1.6696292161941528,35382400
QCOM,1996-01-24,2.796875,2.929687976837158,2.78125,2.867187976837158,1.726067304611206,26753600
QCOM,1996-01-25,2.882812976837158,2.890625,2.757812976837158,2.796875,1.683738112449646,20363200
QCOM,1996-01-26,2.796875,2.804687976837158,2.734375,2.75,1.6555190086364746,11142400
QCOM,1996-01-29,2.742187976837158,2.882812976837158,2.742187976837158,2.859375,1.7213636636734009,15560000
QCOM,1996-01-30,2.851562976837158,2.9375,2.789062976837158,2.898437976837158,1.7448803186416626,24436800
QCOM,1996-01-31,2.890625,2.921875,2.773437976837158,2.796875,1.683738112449646,29036800
QCOM,1996-02-01,2.796875,2.929687976837158,2.734375,2.882812976837158,1.7354739904403687,22739200
QCOM,1996-02-02,2.984375,3.109375,2.960937976837158,2.984375,1.7966147661209106,41913600
QCOM,1996-02-05,3.046875,3.054687976837158,2.960937976837158,3.023437976837158,1.8201299905776978,21379200
QCOM,1996-02-06,3.03125,3.085937976837158,3.007812976837158,3.054687976837158,1.8389434814453125,31539200
QCOM,1996-02-07,3.03125,3.0625,2.96875,2.984375,1.7966147661209106,15115200
QCOM,1996-02-08,2.984375,3.03125,2.953125,3.0,1.8060208559036255,16755200
QCOM,1996-02-09,3.0,3.070312976837158,2.984375,3.039062976837158,1.8295366764068604,12729600
QCOM,1996-02-12,3.023437976837158,3.054687976837158,2.953125,2.953125,1.7778010368347168,9035200
QCOM,1996-02-13,2.890625,2.960937976837158,2.875,2.890625,1.7401752471923828,15977600
QCOM,1996-02-14,2.898437976837158,2.945312976837158,2.835937976837158,2.90625,1.7495826482772827,13000000
QCOM,1996-02-15,2.914062976837158,2.96875,2.882812976837158,2.9375,1.7683950662612915,9307200
QCOM,1996-02-16,2.9375,2.976562976837158,2.898437976837158,2.960937976837158,1.7825052738189697,8427200
QCOM,1996-02-20,2.929687976837158,2.9375,2.773437976837158,2.804687976837158,1.6884416341781616,19419200
QCOM,1996-02-21,2.828125,2.929687976837158,2.804687976837158,2.882812976837158,1.7354739904403687,15246400
QCOM,1996-02-22,2.875,2.890625,2.703125,2.71875,1.6367062330245972,35987200
QCOM,1996-02-23,2.742187976837158,2.796875,2.648437976837158,2.65625,1.5990809202194214,23536000
QCOM,1996-02-26,2.664062976837158,2.75,2.648437976837158,2.726562976837158,1.6414096355438232,17457600
QCOM,1996-02-27,2.734375,2.75,2.695312976837158,2.703125,1.6273000240325928,8784000
QCOM,1996-02-28,2.6875,2.6875,2.5,2.523437976837158,1.5191278457641602,37529600
QCOM,1996-02-29,2.507812976837158,2.507812976837158,2.453125,2.464843988418579,1.4838534593582153,26376000
QCOM,1996-03-01,2.476562976837158,2.515625,2.453125,2.5,1.505016803741455,21459200
QCOM,1996-03-04,2.523437976837158,2.53125,2.492187976837158,2.5,1.505016803741455,7963200
QCOM,1996-03-05,2.5,2.578125,2.46875,2.484375,1.495611310005188,19587200
QCOM,1996-03-06,2.507812976837158,2.515625,2.414062976837158,2.4375,1.4673922061920166,11872000
QCOM,1996-03-07,2.445312976837158,2.453125,2.351562976837158,2.378906011581421,1.4321181774139404,14608000
QCOM,1996-03-08,2.34375,2.367187976837158,2.242187976837158,2.289062976837158,1.3780317306518555,38542400
QCOM,1996-03-11,2.296875,2.421875,2.289062976837158,2.421875,1.4579856395721436,26214400
QCOM,1996-03-12,2.398437976837158,2.484375,2.296875,2.46875,1.4862051010131836,28897600
QCOM,1996-03-13,2.53125,2.53125,2.390625,2.429687976837158,1.462688684463501,22216000
QCOM,1996-03-14,2.4375,2.492187976837158,2.351562976837158,2.359375,1.4203596115112305,13638400
QCOM,1996-03-15,2.367187976837158,2.382812976837158,2.328125,2.34375,1.4109543561935425,12115200
QCOM,1996-03-18,2.359375,2.46875,2.351562976837158,2.445312976837158,1.472095012664795,15302400
QCOM,1996-03-19,2.460937976837158,2.460937976837158,2.375,2.382812976837158,1.4344698190689087,8465600
QCOM,1996-03-20,2.390625,2.390625,2.320312976837158,2.320312976837158,1.3968443870544434,12539200
QCOM,1996-03-21,2.335937976837158,2.351562976837158,2.257812976837158,2.273437976837158,1.3686256408691406,16806400
QCOM,1996-03-22,2.289062976837158,2.460937976837158,2.28125,2.453125,1.4767986536026,26312000
QCOM,1996-03-25,2.5,2.554687976837158,2.398437976837158,2.5,1.505016803741455,35315200
QCOM,1996-03-26,2.5,2.539062976837158,2.46875,2.523437976837158,1.5191278457641602,23388800
QCOM,1996-03-27,2.546875,2.617187976837158,2.515625,2.585937976837158,1.556752324104309,27089600
QCOM,1996-03-28,2.578125,2.632812976837158,2.539062976837158,2.59375,1.5614556074142456,19977600
QCOM,1996-03-29,2.609375,2.609375,2.570312976837158,2.59375,1.5614556074142456,11832000
QCOM,1996-04-01,2.585937976837158,2.59375,2.445312976837158,2.492187976837158,1.5003142356872559,12520000
QCOM,1996-04-02,2.515625,2.601562976837158,2.445312976837158,2.578125,1.552048921585083,16257600
QCOM,1996-04-03,2.5625,2.617187976837158,2.523437976837158,2.554687976837158,1.5379399061203003,9969600
QCOM,1996-04-04,2.546875,2.585937976837158,2.53125,2.539062976837158,1.5285329818725586,7134400
QCOM,1996-04-08,2.460937976837158,2.515625,2.421875,2.476562976837158,1.490908145904541,17875200
QCOM,1996-04-09,2.484375,2.484375,2.414062976837158,2.453125,1.4767986536026,12236800
QCOM,1996-04-10,2.453125,2.59375,2.4375,2.507812976837158,1.509720802307129,15780800
QCOM,1996-04-11,2.515625,2.515625,2.4375,2.46875,1.4862051010131836,7171200
QCOM,1996-04-12,2.484375,2.507812976837158,2.453125,2.488281011581421,1.4979616403579712,5267200
QCOM,1996-04-15,2.5,2.53125,2.453125,2.453125,1.4767986536026,11254400
QCOM,1996-04-16,2.023437976837158,2.132812976837158,1.953125,2.0625,1.241639494895935,143841600
QCOM,1996-04-17,2.09375,2.117187976837158,1.9765629768371582,1.9765629768371582,1.1899044513702393,45304000
QCOM,1996-04-18,2.015625,2.046875,1.8984379768371582,1.9140629768371582,1.152279257774353,45561600
QCOM,1996-04-19,1.96875,2.085937976837158,1.9296879768371582,2.0625,1.241639494895935,39054400
QCOM,1996-04-22,2.09375,2.109375,2.0,2.054687976837158,1.236936330795288,19446400
QCOM,1996-04-23,2.164062976837158,2.273437976837158,2.140625,2.273437976837158,1.3686256408691406,43006400
QCOM,1996-04-24,2.34375,2.390625,2.28125,2.375,1.429766297340393,32998400
QCOM,1996-04-25,2.367187976837158,2.429687976837158,2.320312976837158,2.414062976837158,1.4532827138900757,27398400
QCOM,1996-04-26,2.476562976837158,2.539062976837158,2.453125,2.523437976837158,1.5191278457641602,35430400
QCOM,1996-04-29,2.507812976837158,2.515625,2.4375,2.460937976837158,1.4815009832382202,17545600
QCOM,1996-04-30,2.4375,2.4375,2.390625,2.421875,1.4579856395721436,19870400
QCOM,1996-05-01,2.421875,2.476562976837158,2.40625,2.453125,1.4767986536026,10657600
QCOM,1996-05-02,2.445312976837158,2.476562976837158,2.367187976837158,2.40625,1.4485799074172974,19124800
QCOM,1996-05-03,2.421875,2.453125,2.390625,2.414062976837158,1.4532827138900757,9352000
QCOM,1996-05-06,2.398437976837158,2.421875,2.367187976837158,2.382812976837158,1.4344698190689087,16435200
QCOM,1996-05-07,2.390625,2.546875,2.390625,2.523437976837158,1.5191278457641602,25961600
QCOM,1996-05-08,2.5,2.523437976837158,2.429687976837158,2.5,1.505016803741455,14857600
QCOM,1996-05-09,2.5,2.539062976837158,2.476562976837158,2.507812976837158,1.509720802307129,9179200
QCOM,1996-05-10,2.539062976837158,2.671875,2.515625,2.664062976837158,1.603784203529358,30840000
QCOM,1996-05-13,2.710937976837158,2.828125,2.710937976837158,2.796875,1.683738112449646,44307200
QCOM,1996-05-14,2.921875,3.0625,2.882812976837158,3.043945074081421,1.8324753046035767,65492800
QCOM,1996-05-15,3.039062976837158,3.046875,2.929687976837158,2.9375,1.7683950662612915,33441600
QCOM,1996-05-16,2.960937976837158,3.0625,2.945312976837158,3.0625,1.8436461687088013,37523200
QCOM,1996-05-17,3.0625,3.242187976837158,3.0625,3.140625,1.8906792402267456,55120000
QCOM,1996-05-20,3.164062976837158,3.179687976837158,3.054687976837158,3.109375,1.8718652725219727,31113600
QCOM,1996-05-21,3.125,3.132812976837158,3.078125,3.117187976837158,1.8765686750411987,18409600
QCOM,1996-05-22,3.117187976837158,3.132812976837158,3.0625,3.070312976837158,1.8483494520187378,18188800
QCOM,1996-05-23,3.046875,3.046875,2.992187976837158,3.03125,1.8248331546783447,16372800
QCOM,1996-05-24,3.03125,3.09375,2.960937976837158,3.085937976837158,1.857755422592163,17004800
QCOM,1996-05-28,3.109375,3.164062976837158,2.992187976837158,3.023437976837158,1.8201299905776978,16513600
QCOM,1996-05-29,3.015625,3.078125,2.976562976837158,3.070312976837158,1.8483494520187378,22398400
QCOM,1996-05-30,3.0625,3.226562976837158,3.0,3.226562976837158,1.9424134492874146,35358400
QCOM,1996-05-31,3.234375,3.40625,3.132812976837158,3.402343988418579,2.048234701156616,42230400
QCOM,1996-06-03,3.328125,3.335937976837158,3.234375,3.234375,1.9471169710159302,27022400
QCOM,1996-06-04,3.234375,3.328125,3.234375,3.296875,1.9847410917282104,18960000
QCOM,1996-06-05,3.28125,3.289062976837158,3.234375,3.257812976837158,1.9612255096435547,15360000
QCOM,1996-06-06,3.28125,3.335937976837158,3.195312976837158,3.195312976837158,1.923600673675537,21937600
QCOM,1996-06-07,3.125,3.257812976837158,3.085937976837158,3.257812976837158,1.9612255096435547,21294400
QCOM,1996-06-10,3.25,3.28125,3.21875,3.234375,1.9471169710159302,16548800
QCOM,1996-06-11,3.25,3.25,3.125,3.171875,1.9094904661178589,16644800
QCOM,1996-06-12,3.171875,3.25,3.171875,3.195312976837158,1.923600673675537,6488000
QCOM,1996-06-13,3.1875,3.195312976837158,3.117187976837158,3.140625,1.8906792402267456,8696000
QCOM,1996-06-14,3.140625,3.140625,3.015625,3.015625,1.8154270648956299,13588800
QCOM,1996-06-17,3.03125,3.046875,2.898437976837158,2.96875,1.7872076034545898,22427200
QCOM,1996-06-18,2.945312976837158,3.0,2.773437976837158,2.875,1.7307701110839844,57785600
QCOM,1996-06-19,2.914062976837158,3.03125,2.875,2.96875,1.7872076034545898,27998400
QCOM,1996-06-20,3.070312976837158,3.3125,2.914062976837158,3.304687976837158,1.9894449710845947,52977600
QCOM,1996-06-21,3.34375,3.398437976837158,3.296875,3.320312976837158,1.9988512992858887,52729600
QCOM,1996-06-24,3.304687976837158,3.304687976837158,3.210937976837158,3.226562976837158,1.9424134492874146,17057600
QCOM,1996-06-25,3.226562976837158,3.242187976837158,3.109375,3.132812976837158,1.8859752416610718,20724800
QCOM,1996-06-26,3.117187976837158,3.21875,3.039062976837158,3.210937976837158,1.9330066442489624,31371200
QCOM,1996-06-27,3.210937976837158,3.234375,3.117187976837158,3.210937976837158,1.9330066442489624,14491200
QCOM,1996-06-28,3.21875,3.328125,3.210937976837158,3.320312976837158,1.9988512992858887,21310400
QCOM,1996-07-01,3.289062976837158,3.304687976837158,3.21875,3.273437976837158,1.970631718635559,13097600
QCOM,1996-07-02,3.273437976837158,3.28125,3.234375,3.242187976837158,1.9518195390701294,8155200
QCOM,1996-07-03,3.242187976837158,3.257812976837158,3.15625,3.195312976837158,1.923600673675537,8190400
QCOM,1996-07-05,3.140625,3.171875,3.0625,3.109375,1.8718652725219727,9510400
QCOM,1996-07-08,3.109375,3.15625,3.046875,3.070312976837158,1.8483494520187378,11395200
QCOM,1996-07-09,3.09375,3.164062976837158,3.039062976837158,3.140625,1.8906792402267456,21286400
QCOM,1996-07-10,3.0625,3.085937976837158,2.976562976837158,3.023437976837158,1.8201299905776978,22508800
QCOM,1996-07-11,3.0,3.007812976837158,2.78125,2.851562976837158,1.716660976409912,33707200
QCOM,1996-07-12,2.859375,2.859375,2.726562976837158,2.734375,1.646112084388733,26716800
QCOM,1996-07-15,2.742187976837158,2.742187976837158,2.46875,2.507812976837158,1.509720802307129,42353600
QCOM,1996-07-16,2.507812976837158,2.671875,2.492187976837158,2.664062976837158,1.603784203529358,47344000
QCOM,1996-07-17,2.75,2.765625,2.515625,2.546875,1.5332362651824951,34089600
QCOM,1996-07-18,2.5625,2.679687976837158,2.546875,2.640625,1.5896748304367065,33297600
QCOM,1996-07-19,2.625,2.625,2.40625,2.421875,1.4579856395721436,25272000
QCOM,1996-07-22,2.414062976837158,2.601562976837158,2.273437976837158,2.578125,1.552048921585083,47971200
QCOM,1996-07-23,2.617187976837158,2.773437976837158,2.554687976837158,2.578125,1.552048921585083,57006400
QCOM,1996-07-24,2.484375,2.742187976837158,2.453125,2.695312976837158,1.622597098350525,42883200
QCOM,1996-07-25,2.71875,2.773437976837158,2.617187976837158,2.65625,1.5990809202194214,23102400
QCOM,1996-07-26,2.679687976837158,2.742187976837158,2.632812976837158,2.710937976837158,1.6320033073425293,12388800
QCOM,1996-07-29,2.703125,2.8125,2.648437976837158,2.703125,1.6273000240325928,14081600
QCOM,1996-07-30,2.710937976837158,2.742187976837158,2.609375,2.617187976837158,1.575564980506897,16720000
QCOM,1996-07-31,2.625,2.75,2.578125,2.710937976837158,1.6320033073425293,19780800
QCOM,1996-08-01,2.726562976837158,2.8125,2.695312976837158,2.773437976837158,1.6696292161941528,15782400
QCOM,1996-08-02,2.796875,2.914062976837158,2.789062976837158,2.898437976837158,1.7448803186416626,16334400
QCOM,1996-08-05,2.921875,2.984375,2.867187976837158,2.875,1.7307701110839844,13508800
QCOM,1996-08-06,2.882812976837158,2.992187976837158,2.828125,2.984375,1.7966147661209106,20044800
QCOM,1996-08-07,3.0,3.101562976837158,2.992187976837158,3.007812976837158,1.810723900794983,22260800
QCOM,1996-08-08,3.007812976837158,3.023437976837158,2.9375,2.953125,1.7778010368347168,7894400
QCOM,1996-08-09,2.953125,2.984375,2.859375,2.875,1.7307701110839844,14443200
QCOM,1996-08-12,2.875,2.976562976837158,2.867187976837158,2.921875,1.7589892148971558,17051200
QCOM,1996-08-13,2.890625,2.921875,2.742187976837158,2.789062976837158,1.6790348291397095,25083200
QCOM,1996-08-14,2.804687976837158,2.898437976837158,2.773437976837158,2.898437976837158,1.7448803186416626,16630400
QCOM,1996-08-15,2.875,2.898437976837158,2.84375,2.890625,1.7401752471923828,7563200
QCOM,1996-08-16,2.898437976837158,2.976562976837158,2.898437976837158,2.90625,1.7495826482772827,11692800
QCOM,1996-08-19,2.882812976837158,2.90625,2.804687976837158,2.8125,1.693143367767334,10457600
QCOM,1996-08-20,2.828125,2.875,2.789062976837158,2.820312976837158,1.6978485584259033,7776000
QCOM,1996-08-21,2.804687976837158,2.820312976837158,2.765625,2.796875,1.683738112449646,5171200
QCOM,1996-08-22,2.8125,2.9375,2.804687976837158,2.9375,1.7683950662612915,13097600
QCOM,1996-08-23,2.921875,2.929687976837158,2.851562976837158,2.867187976837158,1.726067304611206,8025600
QCOM,1996-08-26,2.890625,2.890625,2.804687976837158,2.820312976837158,1.6978485584259033,6489600
QCOM,1996-08-27,2.835937976837158,2.914062976837158,2.835937976837158,2.859375,1.7213636636734009,8584000
QCOM,1996-08-28,2.859375,2.859375,2.78125,2.78125,1.6743316650390625,7022400
QCOM,1996-08-29,2.789062976837158,2.796875,2.742187976837158,2.742187976837158,1.6508172750473022,9768000
QCOM,1996-08-30,2.75,2.765625,2.695312976837158,2.710937976837158,1.6320033073425293,8644800
QCOM,1996-09-03,2.617187976837158,2.671875,2.585937976837158,2.65625,1.5990809202194214,17376000
QCOM,1996-09-04,2.648437976837158,2.671875,2.546875,2.578125,1.552048921585083,13969600
QCOM,1996-09-05,2.554687976837158,2.609375,2.484375,2.492187976837158,1.5003142356872559,28092800
QCOM,1996-09-06,2.492187976837158,2.578125,2.445312976837158,2.523437976837158,1.5191278457641602,36683200
QCOM,1996-09-09,2.53125,2.617187976837158,2.53125,2.617187976837158,1.575564980506897,16582400
QCOM,1996-09-10,2.632812976837158,2.664062976837158,2.546875,2.546875,1.5332362651824951,11500800
QCOM,1996-09-11,2.515625,2.539062976837158,2.421875,2.445312976837158,1.472095012664795,21310400
QCOM,1996-09-12,2.46875,2.625,2.46875,2.523437976837158,1.5191278457641602,21048000
QCOM,1996-09-13,2.5625,2.609375,2.53125,2.59375,1.5614556074142456,13369600
QCOM,1996-09-16,2.59375,2.609375,2.429687976837158,2.4375,1.4673922061920166,15323200
QCOM,1996-09-17,2.445312976837158,2.492187976837158,2.296875,2.375,1.429766297340393,57742400
QCOM,1996-09-18,2.382812976837158,2.523437976837158,2.375,2.492187976837158,1.5003142356872559,27222400
QCOM,1996-09-19,2.492187976837158,2.523437976837158,2.476562976837158,2.5,1.505016803741455,13990400
QCOM,1996-09-20,2.492187976837158,2.515625,2.476562976837158,2.492187976837158,1.5003142356872559,16896000
QCOM,1996-09-23,2.476562976837158,2.492187976837158,2.40625,2.429687976837158,1.462688684463501,7364800
QCOM,1996-09-24,2.421875,2.453125,2.359375,2.421875,1.4579856395721436,17020800
QCOM,1996-09-25,2.429687976837158,2.445312976837158,2.382812976837158,2.445312976837158,1.472095012664795,9340800
QCOM,1996-09-26,2.453125,2.648437976837158,2.445312976837158,2.601562976837158,1.5661591291427612,36803200
QCOM,1996-09-27,2.617187976837158,2.773437976837158,2.609375,2.722656011581421,1.6390575170516968,37556800
QCOM,1996-09-30,2.726562976837158,2.742187976837158,2.632812976837158,2.65625,1.5990809202194214,21129600
QCOM,1996-10-01,2.640625,2.648437976837158,2.539062976837158,2.59375,1.5614556074142456,15995200
QCOM,1996-10-02,2.609375,2.671875,2.445312976837158,2.480468988418579,1.4932599067687988,23164800
QCOM,1996-10-03,2.546875,2.554687976837158,2.40625,2.40625,1.4485799074172974,32803200
QCOM,1996-10-04,2.453125,2.476562976837158,2.398437976837158,2.414062976837158,1.4532827138900757,27793600
QCOM,1996-10-07,2.414062976837158,2.460937976837158,2.382812976837158,2.429687976837158,1.462688684463501,12899200
QCOM,1996-10-08,2.429687976837158,2.46875,2.375,2.382812976837158,1.4344698190689087,15424000
QCOM,1996-10-09,2.40625,2.429687976837158,2.328125,2.34375,1.4109543561935425,20025600
QCOM,1996-10-10,2.34375,2.390625,2.328125,2.367187976837158,1.425063133239746,10830400
QCOM,1996-10-11,2.390625,2.617187976837158,2.375,2.585937976837158,1.556752324104309,21408000
QCOM,1996-10-14,2.585937976837158,2.625,2.40625,2.429687976837158,1.462688684463501,22000000
QCOM,1996-10-15,2.453125,2.460937976837158,2.359375,2.382812976837158,1.4344698190689087,19444800
QCOM,1996-10-16,2.398437976837158,2.398437976837158,2.320312976837158,2.359375,1.4203596115112305,17190400
QCOM,1996-10-17,2.375,2.382812976837158,2.328125,2.34375,1.4109543561935425,12664000
QCOM,1996-10-18,2.351562976837158,2.359375,2.304687976837158,2.3125,1.3921408653259277,11342400
QCOM,1996-10-21,2.3125,2.320312976837158,2.210937976837158,2.265625,1.3639222383499146,25182400
QCOM,1996-10-22,2.273437976837158,2.382812976837158,2.242187976837158,2.351562976837158,1.415657639503479,19603200
QCOM,1996-10-23,2.367187976837158,2.40625,2.28125,2.367187976837158,1.425063133239746,20401600
QCOM,1996-10-24,2.375,2.382812976837158,2.304687976837158,2.3125,1.3921408653259277,11688000
QCOM,1996-10-25,2.328125,2.421875,2.320312976837158,2.328125,1.4015469551086426,13833600
QCOM,1996-10-28,2.34375,2.375,2.320312976837158,2.335937976837158,1.4062505960464478,9022400
QCOM,1996-10-29,2.351562976837158,2.382812976837158,2.320312976837158,2.359375,1.4203596115112305,13200000
QCOM,1996-10-30,2.375,2.40625,2.351562976837158,2.390625,1.439172625541687,10728000
QCOM,1996-10-31,2.390625,2.5,2.390625,2.484375,1.495611310005188,18766400
QCOM,1996-11-01,2.492187976837158,2.523437976837158,2.484375,2.507812976837158,1.509720802307129,17422400
QCOM,1996-11-04,2.507812976837158,2.507812976837158,2.4375,2.445312976837158,1.472095012664795,11406400
QCOM,1996-11-05,2.4375,2.507812976837158,2.40625,2.460937976837158,1.4815009832382202,11515200
QCOM,1996-11-06,2.476562976837158,2.546875,2.445312976837158,2.5,1.505016803741455,15374400
QCOM,1996-11-07,2.492187976837158,2.601562976837158,2.484375,2.601562976837158,1.5661591291427612,15059200
QCOM,1996-11-08,2.601562976837158,2.664062976837158,2.585937976837158,2.65625,1.5990809202194214,26556800
QCOM,1996-11-11,2.664062976837158,2.84375,2.65625,2.796875,1.683738112449646,57864000
QCOM,1996-11-12,2.8125,2.867187976837158,2.71875,2.726562976837158,1.6414096355438232,29088000
QCOM,1996-11-13,2.742187976837158,2.765625,2.679687976837158,2.734375,1.646112084388733,22776000
QCOM,1996-11-14,2.734375,2.890625,2.726562976837158,2.875,1.7307701110839844,45713600
QCOM,1996-11-15,2.890625,2.921875,2.71875,2.734375,1.646112084388733,35758400
QCOM,1996-11-18,2.742187976837158,2.851562976837158,2.601562976837158,2.617187976837158,1.575564980506897,41027200
QCOM,1996-11-19,2.601562976837158,2.695312976837158,2.5625,2.65625,1.5990809202194214,35056000
QCOM,1996-11-20,2.65625,2.671875,2.546875,2.5625,1.5426427125930786,22491200
QCOM,1996-11-21,2.578125,2.601562976837158,2.507812976837158,2.570312976837158,1.5473459959030151,18113600
QCOM,1996-11-22,2.585937976837158,2.632812976837158,2.578125,2.609375,1.570861577987671,12046400
QCOM,1996-11-25,2.617187976837158,2.71875,2.59375,2.625,1.5802679061889648,18534400
QCOM,1996-11-26,2.625,2.695312976837158,2.554687976837158,2.570312976837158,1.5473459959030151,19574400
QCOM,1996-11-27,2.5625,2.6875,2.492187976837158,2.679687976837158,1.6131906509399414,22436800
QCOM,1996-11-29,2.695312976837158,2.703125,2.601562976837158,2.625,1.5802679061889648,4672000
QCOM,1996-12-02,2.609375,2.6875,2.5625,2.632812976837158,1.5849711894989014,18884800
QCOM,1996-12-03,2.65625,2.6875,2.46875,2.46875,1.4862051010131836,37678400
QCOM,1996-12-04,2.476562976837158,2.570312976837158,2.421875,2.476562976837158,1.490908145904541,71742400
QCOM,1996-12-05,2.484375,2.601562976837158,2.414062976837158,2.445312976837158,1.472095012664795,41308800
QCOM,1996-12-06,2.375,2.554687976837158,2.375,2.53125,1.523829698562622,45072000
QCOM,1996-12-09,2.578125,2.59375,2.488281011581421,2.515625,1.5144232511520386,19052800
QCOM,1996-12-10,2.515625,2.554687976837158,2.460937976837158,2.46875,1.4862051010131836,21022400
QCOM,1996-12-11,2.445312976837158,2.507812976837158,2.421875,2.476562976837158,1.490908145904541,20329600
QCOM,1996-12-12,2.507812976837158,2.539062976837158,2.4375,2.445312976837158,1.472095012664795,15465600
QCOM,1996-12-13,2.445312976837158,2.492187976837158,2.40625,2.46875,1.4862051010131836,17728000
QCOM,1996-12-16,2.507812976837158,2.523437976837158,2.40625,2.429687976837158,1.462688684463501,11011200
QCOM,1996-12-17,2.421875,2.492187976837158,2.414062976837158,2.460937976837158,1.4815009832382202,11899200
QCOM,1996-12-18,2.484375,2.515625,2.476562976837158,2.492187976837158,1.5003142356872559,11708800
QCOM,1996-12-19,2.515625,2.5625,2.492187976837158,2.546875,1.5332362651824951,20688000
QCOM,1996-12-20,2.554687976837158,2.554687976837158,2.476562976837158,2.5,1.505016803741455,13584000
QCOM,1996-12-23,2.507812976837158,2.53125,2.484375,2.507812976837158,1.509720802307129,8267200
QCOM,1996-12-24,2.515625,2.539062976837158,2.5,2.539062976837158,1.5285329818725586,7004800
QCOM,1996-12-26,2.53125,2.546875,2.507812976837158,2.53125,1.523829698562622,7563200
QCOM,1996-12-27,2.523437976837158,2.554687976837158,2.515625,2.53125,1.523829698562622,3379200
QCOM,1996-12-30,2.546875,2.5625,2.53125,2.53125,1.523829698562622,9651200
QCOM,1996-12-31,2.484375,2.507812976837158,2.445312976837158,2.492187976837158,1.5003142356872559,10406400
QCOM,1997-01-02,2.515625,2.523437976837158,2.453125,2.460937976837158,1.4815009832382202,9158400
QCOM,1997-01-03,2.476562976837158,2.515625,2.476562976837158,2.492187976837158,1.5003142356872559,8451200
QCOM,1997-01-06,2.5,2.5,2.445312976837158,2.484375,1.495611310005188,9488000
QCOM,1997-01-07,2.460937976837158,2.554687976837158,2.453125,2.546875,1.5332362651824951,16086400
QCOM,1997-01-08,2.546875,2.625,2.546875,2.570312976837158,1.5473459959030151,16952000
QCOM,1997-01-09,2.578125,2.664062976837158,2.5625,2.632812976837158,1.5849711894989014,21212800
QCOM,1997-01-10,2.625,2.804687976837158,2.617187976837158,2.78125,1.6743316650390625,51009600
QCOM,1997-01-13,2.789062976837158,2.796875,2.726562976837158,2.726562976837158,1.6414096355438232,13628800
QCOM,1997-01-14,2.734375,2.882812976837158,2.734375,2.882812976837158,1.7354739904403687,29827200
QCOM,1997-01-15,2.875,2.929687976837158,2.828125,2.890625,1.7401752471923828,24625600
QCOM,1997-01-16,2.890625,3.132812976837158,2.890625,3.09375,1.8624587059020996,45131200
QCOM,1997-01-17,3.09375,3.125,3.015625,3.0625,1.8436461687088013,43844800
QCOM,1997-01-20,3.078125,3.296875,3.078125,3.28125,1.9753355979919434,54544000
QCOM,1997-01-21,3.265625,3.554687976837158,3.226562976837158,3.546875,2.135244131088257,52169600
QCOM,1997-01-22,3.554687976837158,3.695312976837158,3.546875,3.6875,2.219900608062744,64054400
QCOM,1997-01-23,3.679687976837158,3.757812976837158,3.5625,3.601562976837158,2.168165683746338,59804800
QCOM,1997-01-24,3.570312976837158,3.632812976837158,3.484375,3.492187976837158,2.102321147918701,41155200
QCOM,1997-01-27,3.476562976837158,3.484375,3.328125,3.359375,2.022367238998413,28304000
QCOM,1997-01-28,3.40625,3.507812976837158,3.398437976837158,3.40625,2.050586700439453,18979200
QCOM,1997-01-29,3.419922113418579,3.421875,3.328125,3.382812976837158,2.0364770889282227,14476800
QCOM,1997-01-30,3.382812976837158,3.5,3.359375,3.484375,2.0976176261901855,22635200
QCOM,1997-01-31,3.539062976837158,3.59375,3.476562976837158,3.5,2.1070244312286377,16606400
QCOM,1997-02-03,3.5,3.523437976837158,3.445312976837158,3.5,2.1070244312286377,12220800
QCOM,1997-02-04,3.5,3.53125,3.460937976837158,3.492187976837158,2.102321147918701,11995200
QCOM,1997-02-05,3.476562976837158,3.484375,3.367187976837158,3.390625,2.041179656982422,19740800
QCOM,1997-02-06,3.390625,3.46875,3.382812976837158,3.4375,2.0693986415863037,21740800
QCOM,1997-02-07,3.484375,3.648437976837158,3.46875,3.625,2.1822750568389893,43507200
QCOM,1997-02-10,3.65625,3.65625,3.53125,3.617187976837158,2.177572250366211,23324800
QCOM,1997-02-11,3.625,3.625,3.554687976837158,3.625,2.1822750568389893,19740800
QCOM,1997-02-12,3.625,3.945312976837158,3.625,3.945312976837158,2.3751063346862793,51985600
QCOM,1997-02-13,3.96875,3.984375,3.8125,3.835937976837158,2.3092620372772217,37344000
QCOM,1997-02-14,3.859375,3.859375,3.6875,3.742187976837158,2.252821683883667,26534400
QCOM,1997-02-18,3.757812976837158,3.765625,3.648437976837158,3.671875,2.2104947566986084,33000000
QCOM,1997-02-19,3.671875,3.695312976837158,3.625,3.636718988418579,2.189330816268921,24257600
QCOM,1997-02-20,3.515625,3.578125,3.445312976837158,3.507812976837158,2.1117260456085205,46198400
QCOM,1997-02-21,3.53125,3.570312976837158,3.40625,3.40625,2.050586700439453,34073600
QCOM,1997-02-24,3.382812976837158,3.46875,3.367187976837158,3.414062976837158,2.0552899837493896,23523200
QCOM,1997-02-25,3.46875,3.617187976837158,3.421875,3.585937976837158,2.1587586402893066,47080000
QCOM,1997-02-26,3.632812976837158,3.640625,3.460937976837158,3.570312976837158,2.1493523120880127,34897600
QCOM,1997-02-27,3.570312976837158,3.625,3.515625,3.523437976837158,2.1211347579956055,25608000
QCOM,1997-02-28,3.507812976837158,3.523437976837158,3.4375,3.480468988418579,2.095266342163086,14212800
QCOM,1997-03-03,3.5,3.585937976837158,3.5,3.546875,2.135244131088257,19128000
QCOM,1997-03-04,3.578125,3.679687976837158,3.5625,3.65625,2.2010879516601562,27152000
QCOM,1997-03-05,3.695312976837158,3.929687976837158,3.664062976837158,3.914062976837158,2.356293201446533,53811200
QCOM,1997-03-06,3.890625,3.90625,3.625,3.710937976837158,2.234010696411133,65582400
QCOM,1997-03-07,3.726562976837158,3.789062976837158,3.625,3.671875,2.2104947566986084,23433600
QCOM,1997-03-10,3.695312976837158,3.757812976837158,3.648437976837158,3.71875,2.238713264465332,14097600
QCOM,1997-03-11,3.726562976837158,3.75,3.710937976837158,3.726562976837158,2.2434170246124268,11518400
QCOM,1997-03-12,3.7431640625,3.765625,3.601562976837158,3.664062976837158,2.205791473388672,20787200
QCOM,1997-03-13,3.648437976837158,3.734375,3.625,3.695312976837158,2.2246041297912598,22342400
QCOM,1997-03-14,3.703125,3.71875,3.65625,3.695312976837158,2.2246041297912598,11364800
QCOM,1997-03-17,3.6875,3.726562976837158,3.554687976837158,3.609375,2.172868251800537,21299200
QCOM,1997-03-18,3.625,3.625,3.476562976837158,3.523437976837158,2.1211347579956055,21801600
QCOM,1997-03-19,3.515625,3.523437976837158,3.375,3.378906011581421,2.0341243743896484,33318400
QCOM,1997-03-20,3.390625,3.53125,3.320312976837158,3.523437976837158,2.1211347579956055,36152000
QCOM,1997-03-21,3.546875,3.65625,3.523437976837158,3.5625,2.1446497440338135,25667200
QCOM,1997-03-24,3.585937976837158,3.679687976837158,3.4375,3.640625,2.1916821002960205,20723200
QCOM,1997-03-25,3.65625,3.757812976837158,3.65625,3.71875,2.238713264465332,25484800
QCOM,1997-03-26,3.75,3.875,3.742187976837158,3.828125,2.304558038711548,30076800
QCOM,1997-03-27,3.820312976837158,3.828125,3.671875,3.742187976837158,2.252821683883667,21033600
QCOM,1997-03-31,3.742187976837158,3.765625,3.515625,3.523437976837158,2.1211347579956055,28252800
QCOM,1997-04-01,3.460937976837158,3.71875,3.421875,3.699218988418579,2.226956605911255,31588800
QCOM,1997-04-02,3.679687976837158,3.703125,3.5,3.535156011581421,2.128187894821167,24473600
QCOM,1997-04-03,3.539062976837158,3.6875,3.53125,3.585937976837158,2.1587586402893066,31366400
QCOM,1997-04-04,3.5625,3.6875,3.492187976837158,3.679687976837158,2.2151973247528076,29027200
QCOM,1997-04-07,3.75,3.789062976837158,3.6875,3.757812976837158,2.2622292041778564,16676800
QCOM,1997-04-08,3.609375,3.726562976837158,3.546875,3.578125,2.1540563106536865,33113600
QCOM,1997-04-09,3.601562976837158,3.664062976837158,3.546875,3.5625,2.1446497440338135,19585600
QCOM,1997-04-10,3.554687976837158,3.578125,3.453125,3.515625,2.1164298057556152,25217600
QCOM,1997-04-11,3.453125,3.5,3.34375,3.367187976837158,2.0270700454711914,38212800
QCOM,1997-04-14,3.375,3.484375,3.335937976837158,3.40625,2.050586700439453,21889600
QCOM,1997-04-15,3.445312976837158,3.460937976837158,3.382812976837158,3.414062976837158,2.0552899837493896,18622400
QCOM,1997-04-16,3.414062976837158,3.414062976837158,3.09375,3.164062976837158,1.9047877788543701,58356800
QCOM,1997-04-17,3.203125,3.3125,3.1875,3.242187976837158,1.9518195390701294,39065600
QCOM,1997-04-18,3.289062976837158,3.289062976837158,3.015625,3.015625,1.8154270648956299,55206400
QCOM,1997-04-21,3.03125,3.132812976837158,2.726562976837158,2.84375,1.711957335472107,79248000
QCOM,1997-04-22,2.78125,2.78125,2.578125,2.648437976837158,1.5943772792816162,66555200
QCOM,1997-04-23,2.65625,2.8125,2.640625,2.796875,1.683738112449646,48352000
QCOM,1997-04-24,2.875,2.890625,2.679687976837158,2.6875,1.6178935766220093,33089600
QCOM,1997-04-25,2.976562976837158,2.976562976837158,2.796875,2.820312976837158,1.6978485584259033,48457600
QCOM,1997-04-28,2.84375,2.898437976837158,2.796875,2.808593988418579,1.690793514251709,22569600
QCOM,1997-04-29,2.859375,2.875,2.796875,2.828125,1.7025507688522339,19382400
QCOM,1997-04-30,2.851562976837158,2.953125,2.84375,2.921875,1.7589892148971558,31956800
QCOM,1997-05-01,2.953125,3.0625,2.9375,3.0625,1.8436461687088013,33721600
QCOM,1997-05-02,3.0625,3.109375,2.984375,3.09375,1.8624587059020996,37902400
QCOM,1997-05-05,3.117187976837158,3.335937976837158,3.101562976837158,3.335937976837158,2.0082578659057617,39363200
QCOM,1997-05-06,3.289062976837158,3.328125,3.195312976837158,3.25,1.9565213918685913,24468800
QCOM,1997-05-07,3.226562976837158,3.359375,3.203125,3.265625,1.9659295082092285,22147200
QCOM,1997-05-08,3.265625,3.34375,3.210937976837158,3.234375,1.9471169710159302,17244800
QCOM,1997-05-09,3.25,3.289062976837158,3.148437976837158,3.210937976837158,1.9330066442489624,14755200
QCOM,1997-05-12,3.203125,3.21875,3.125,3.15625,1.9000848531723022,25344000
QCOM,1997-05-13,3.148437976837158,3.1875,3.125,3.171875,1.9094904661178589,17512000
QCOM,1997-05-14,3.195312976837158,3.210937976837158,3.101562976837158,3.148437976837158,1.8953818082809448,13598400
QCOM,1997-05-15,3.140625,3.179687976837158,3.070312976837158,3.132812976837158,1.8859752416610718,13275200
QCOM,1997-05-16,3.117187976837158,3.164062976837158,3.085937976837158,3.101562976837158,1.8671623468399048,12160000
QCOM,1997-05-19,3.117187976837158,3.210937976837158,3.085937976837158,3.152343988418579,1.8977329730987549,12809600
QCOM,1997-05-20,3.15625,3.296875,3.109375,3.28125,1.9753355979919434,19417600
QCOM,1997-05-21,3.3125,3.375,3.28125,3.296875,1.9847410917282104,22801600
QCOM,1997-05-22,3.335937976837158,3.34375,3.25,3.300781011581421,1.9870929718017578,18032000
QCOM,1997-05-23,3.3125,3.53125,3.304687976837158,3.515625,2.1164298057556152,37350400
QCOM,1997-05-27,3.507812976837158,3.539062976837158,3.453125,3.5,2.1070244312286377,14172800
QCOM,1997-05-28,3.5,3.515625,3.414062976837158,3.4375,2.0693986415863037,14292800
QCOM,1997-05-29,3.4375,3.4375,3.3125,3.335937976837158,2.0082578659057617,22345600
QCOM,1997-05-30,2.976562976837158,3.171875,2.953125,3.015625,1.8154270648956299,102067200
QCOM,1997-06-02,3.0,3.039062976837158,2.953125,2.964843988418579,1.7848567962646484,36332800
QCOM,1997-06-03,2.953125,2.960937976837158,2.820312976837158,2.910156011581421,1.7519340515136719,33859200
QCOM,1997-06-04,2.945312976837158,2.984375,2.890625,2.914062976837158,1.7542859315872192,23008000
QCOM,1997-06-05,2.953125,3.015625,2.929687976837158,2.996093988418579,1.8036692142486572,14592000
QCOM,1997-06-06,2.921875,3.0,2.875,2.917968988418579,1.7566375732421875,35587200
QCOM,1997-06-09,2.9375,3.046875,2.914062976837158,3.039062976837158,1.8295366764068604,18425600
QCOM,1997-06-10,3.0625,3.085937976837158,2.914062976837158,2.914062976837158,1.7542859315872192,30494400
QCOM,1997-06-11,2.914062976837158,2.984375,2.875,2.960937976837158,1.7825052738189697,14185600
QCOM,1997-06-12,2.960937976837158,3.007812976837158,2.890625,2.949218988418579,1.7754504680633545,14505600
QCOM,1997-06-13,2.953125,3.039062976837158,2.945312976837158,3.011718988418579,1.8130766153335571,14926400
QCOM,1997-06-16,3.03125,3.03125,2.953125,2.96875,1.7872076034545898,12033600
QCOM,1997-06-17,2.96875,3.046875,2.960937976837158,3.023437976837158,1.8201299905776978,18944000
QCOM,1997-06-18,3.019531011581421,3.09375,3.0,3.0,1.8060208559036255,13700800
QCOM,1997-06-19,3.0,3.078125,2.992187976837158,3.078125,1.8530527353286743,17558400
QCOM,1997-06-20,3.078125,3.121093988418579,3.039062976837158,3.109375,1.8718652725219727,21867200
QCOM,1997-06-23,3.109375,3.125,3.046875,3.046875,1.8342392444610596,16472000
QCOM,1997-06-24,3.101562976837158,3.125,3.0625,3.125,1.881272315979004,8475200
QCOM,1997-06-25,3.132812976837158,3.257812976837158,3.078125,3.117187976837158,1.8765686750411987,29425600
QCOM,1997-06-26,3.128906011581421,3.171875,3.054687976837158,3.066406011581421,1.8459973335266113,14796800
QCOM,1997-06-27,3.078125,3.179687976837158,3.046875,3.171875,1.9094904661178589,18193600
QCOM,1997-06-30,3.195312976837158,3.242187976837158,3.179687976837158,3.179687976837158,1.9141945838928223,21110400
QCOM,1997-07-01,3.1875,3.3125,3.164062976837158,3.226562976837158,1.9424134492874146,19083200
QCOM,1997-07-02,3.257812976837158,3.398437976837158,3.242187976837158,3.386718988418579,2.038828134536743,23163200
QCOM,1997-07-03,3.390625,3.429687976837158,3.335937976837158,3.382812976837158,2.0364770889282227,13625600
QCOM,1997-07-07,3.402343988418579,3.4375,3.382812976837158,3.40625,2.050586700439453,17265600
QCOM,1997-07-08,3.421875,3.429687976837158,3.242187976837158,3.28125,1.9753355979919434,18904000
QCOM,1997-07-09,3.328125,3.375,3.316406011581421,3.320312976837158,1.9988512992858887,13179200
QCOM,1997-07-10,3.34375,3.394531011581421,3.3125,3.382812976837158,2.0364770889282227,17782400
QCOM,1997-07-11,3.390625,3.453125,3.382812976837158,3.421875,2.059992790222168,18129600
QCOM,1997-07-14,3.4375,3.546875,3.421875,3.542968988418579,2.132892608642578,21622400
QCOM,1997-07-15,3.539062976837158,3.554687976837158,3.414062976837158,3.460937976837158,2.0835087299346924,16964800
QCOM,1997-07-16,3.460937976837158,3.5,3.25,3.355468988418579,2.0200161933898926,36796800
QCOM,1997-07-17,3.320312976837158,3.320312976837158,3.242187976837158,3.277343988418579,1.972983956336975,27273600
QCOM,1997-07-18,3.257812976837158,3.320312976837158,3.21875,3.316406011581421,1.9964985847473145,17796800
QCOM,1997-07-21,3.34375,3.375,3.265625,3.351562976837158,2.0176632404327393,17955200
QCOM,1997-07-22,3.382812976837158,3.40625,3.140625,3.226562976837158,1.9424134492874146,50656000
QCOM,1997-07-23,2.953125,3.046875,2.9375,2.992187976837158,1.801317811012268,100868800
QCOM,1997-07-24,3.0,3.0,2.8125,2.886718988418579,1.7378238439559937,61756800
QCOM,1997-07-25,2.90625,2.96875,2.851562976837158,2.890625,1.7401752471923828,26771200
QCOM,1997-07-28,2.898437976837158,3.023437976837158,2.898437976837158,2.984375,1.7966147661209106,18680000
QCOM,1997-07-29,2.984375,3.007812976837158,2.867187976837158,2.90625,1.7495826482772827,21528000
QCOM,1997-07-30,2.921875,2.9375,2.859375,2.894531011581421,1.7425274848937988,26433600
QCOM,1997-07-31,2.898437976837158,2.90625,2.847656011581421,2.890625,1.7401752471923828,19920000
QCOM,1997-08-01,2.898437976837158,2.984375,2.875,2.960937976837158,1.7825052738189697,18065600
QCOM,1997-08-04,2.96875,3.023437976837158,2.921875,2.992187976837158,1.801317811012268,20814400
QCOM,1997-08-05,3.007812976837158,3.007812976837158,2.960937976837158,2.992187976837158,1.801317811012268,24188800
QCOM,1997-08-06,2.992187976837158,3.03125,2.96875,2.992187976837158,1.801317811012268,16579200
QCOM,1997-08-07,3.007812976837158,3.007812976837158,2.921875,2.921875,1.7589892148971558,15753600
QCOM,1997-08-08,2.914062976837158,2.945312976837158,2.875,2.882812976837158,1.7354739904403687,15332800
QCOM,1997-08-11,2.90625,2.929687976837158,2.828125,2.835937976837158,1.7072548866271973,16283200
QCOM,1997-08-12,2.851562976837158,2.917968988418579,2.84375,2.875,1.7307701110839844,10843200
QCOM,1997-08-13,2.921875,2.945312976837158,2.859375,2.890625,1.7401752471923828,11683200
QCOM,1997-08-14,2.898437976837158,2.90625,2.84375,2.878906011581421,1.7331212759017944,8312000
QCOM,1997-08-15,2.875,2.878906011581421,2.8125,2.816406011581421,1.6954954862594604,12275200
QCOM,1997-08-18,2.835937976837158,2.84375,2.703125,2.738281011581421,1.6484633684158325,26033600
QCOM,1997-08-19,2.785156011581421,2.953125,2.785156011581421,2.917968988418579,1.7566375732421875,29705600
QCOM,1997-08-20,2.921875,2.96875,2.898437976837158,2.960937976837158,1.7825052738189697,10849600
QCOM,1997-08-21,2.964843988418579,2.972656011581421,2.90625,2.925781011581421,1.761339783668518,7676800
QCOM,1997-08-22,2.875,2.921875,2.855468988418579,2.890625,1.7401752471923828,8427200
QCOM,1997-08-25,2.898437976837158,2.929687976837158,2.882812976837158,2.90625,1.7495826482772827,9217600
QCOM,1997-08-26,2.890625,2.90625,2.867187976837158,2.878906011581421,1.7331212759017944,5764800
QCOM,1997-08-27,2.882812976837158,2.890625,2.84375,2.882812976837158,1.7354739904403687,10694400
QCOM,1997-08-28,2.875,2.882812976837158,2.828125,2.859375,1.7213636636734009,13148800
QCOM,1997-08-29,2.867187976837158,2.921875,2.867187976837158,2.890625,1.7401752471923828,17182400
QCOM,1997-09-02,2.90625,3.0,2.898437976837158,3.0,1.8060208559036255,13928000
QCOM,1997-09-03,2.992187976837158,3.109375,2.96875,3.042968988418579,1.8318877220153809,31659200
QCOM,1997-09-04,3.03125,3.046875,2.992187976837158,3.007812976837158,1.810723900794983,6673600
QCOM,1997-09-05,3.03125,3.125,3.023437976837158,3.121093988418579,1.8789198398590088,17300800
QCOM,1997-09-08,3.148437976837158,3.277343988418579,3.148437976837158,3.21875,1.9377100467681885,35502400
QCOM,1997-09-09,3.226562976837158,3.226562976837158,3.140625,3.175781011581421,1.911841869354248,11281600
QCOM,1997-09-10,3.195312976837158,3.242187976837158,3.164062976837158,3.1875,1.9188971519470215,16352000
QCOM,1997-09-11,3.195312976837158,3.320312976837158,3.179687976837158,3.273437976837158,1.970631718635559,24284800
QCOM,1997-09-12,3.28125,3.304687976837158,3.1875,3.261718988418579,1.9635775089263916,13200000
QCOM,1997-09-15,3.28125,3.296875,3.171875,3.171875,1.9094904661178589,14468800
QCOM,1997-09-16,3.210937976837158,3.242187976837158,3.210937976837158,3.234375,1.9471169710159302,18766400
QCOM,1997-09-17,3.25,3.25,3.171875,3.230468988418579,1.9447658061981201,11502400
QCOM,1997-09-18,3.234375,3.335937976837158,3.226562976837158,3.320312976837158,1.9988512992858887,21300800
QCOM,1997-09-19,3.320312976837158,3.433593988418579,3.304687976837158,3.398437976837158,2.0458831787109375,38923200
QCOM,1997-09-22,3.402343988418579,3.5,3.398437976837158,3.492187976837158,2.102321147918701,25875200
QCOM,1997-09-23,3.488281011581421,3.507812976837158,3.460937976837158,3.5,2.1070244312286377,17630400
QCOM,1997-09-24,3.484375,3.546875,3.429687976837158,3.515625,2.1164298057556152,24828800
QCOM,1997-09-25,3.519531011581421,3.539062976837158,3.421875,3.453125,2.0788049697875977,17084800
QCOM,1997-09-26,3.453125,3.53125,3.4375,3.503906011581421,2.1093757152557373,16816000
QCOM,1997-09-29,3.578125,3.871093988418579,3.578125,3.851562976837158,2.3186678886413574,79174400
QCOM,1997-09-30,3.851562976837158,4.063477039337158,3.820312976837158,3.980468988418579,2.3962700366973877,84574400
QCOM,1997-10-01,3.945312976837158,3.960937976837158,3.796875,3.875,2.332777261734009,38025600
QCOM,1997-10-02,3.890625,3.890625,3.773437976837158,3.820312976837158,2.2998554706573486,16030400
QCOM,1997-10-03,3.890625,4.046875,3.875,4.03125,2.4268405437469482,30764800
QCOM,1997-10-06,4.03125,4.054687976837158,3.960937976837158,3.992187976837158,2.403325080871582,26235200
QCOM,1997-10-07,4.0,4.09375,3.960937976837158,4.007812976837158,2.412731170654297,26196800
QCOM,1997-10-08,4.007812976837158,4.070312976837158,3.960937976837158,4.046875,2.436246633529663,12011200
QCOM,1997-10-09,4.03125,4.164062976837158,4.023437976837158,4.105469226837158,2.4715211391448975,21539200
QCOM,1997-10-10,4.109375,4.242187976837158,4.085937976837158,4.21875,2.539717435836792,24230400
QCOM,1997-10-13,4.234375,4.273437976837158,4.179687976837158,4.214844226837158,2.5373663902282715,9697600
QCOM,1997-10-14,4.210937976837158,4.28125,4.101562976837158,4.171875,2.511497735977173,23913600
QCOM,1997-10-15,4.164062976837158,4.242187976837158,4.140625,4.179687976837158,2.5162017345428467,11347200
QCOM,1997-10-16,4.210937976837158,4.234375,4.039062976837158,4.050780773162842,2.4385972023010254,23556800
QCOM,1997-10-17,4.015625,4.039062976837158,3.828125,3.84375,2.3139641284942627,40542400
QCOM,1997-10-20,3.875,4.0,3.765625,3.992187976837158,2.403325080871582,17443200
QCOM,1997-10-21,4.015625,4.0625,3.960937976837158,3.996093988418579,2.4056761264801025,13579200
QCOM,1997-10-22,3.96875,4.03125,3.929687976837158,3.960937976837158,2.3845114707946777,14211200
QCOM,1997-10-23,3.84375,3.953125,3.8125,3.835937976837158,2.3092620372772217,18308800
QCOM,1997-10-24,3.882812976837158,3.890625,3.5625,3.703125,2.22930645942688,41254400
QCOM,1997-10-27,3.671875,3.703125,3.40625,3.4375,2.0693986415863037,30124800
QCOM,1997-10-28,3.351562976837158,3.71875,3.25,3.710937976837158,2.234010696411133,57156800
QCOM,1997-10-29,3.742187976837158,3.75,3.484375,3.582031011581421,2.156407117843628,29576000
QCOM,1997-10-30,3.453125,3.554687976837158,3.375,3.390625,2.041179656982422,26164800
QCOM,1997-10-31,3.5,3.5625,3.460937976837158,3.523437976837158,2.1211347579956055,11475200
QCOM,1997-11-03,3.640625,3.71875,3.609375,3.695312976837158,2.2246041297912598,11739200
QCOM,1997-11-04,3.6875,3.929687976837158,3.65625,3.921875,2.3609957695007324,23864000
QCOM,1997-11-05,3.929687976837158,4.210937976837158,3.921875,4.070312976837158,2.4503557682037354,74908800
QCOM,1997-11-06,4.082030773162842,4.09375,3.859375,3.859375,2.3233695030212402,17020800
QCOM,1997-11-07,3.789062976837158,3.929687976837158,3.742187976837158,3.90625,2.351590156555176,19792000
QCOM,1997-11-10,4.03125,4.046875,3.921875,3.941406011581421,2.372753858566284,16137600
QCOM,1997-11-11,4.0,4.027344226837158,3.882812976837158,3.894531011581421,2.3445348739624023,13952000
QCOM,1997-11-12,3.945312976837158,4.046875,3.773437976837158,3.875,2.332777261734009,51224000
QCOM,1997-11-13,3.953125,4.09375,3.875,4.0625,2.4456522464752197,44881600
QCOM,1997-11-14,4.125,4.421875,4.125,4.363280773162842,2.6267261505126953,92296000
QCOM,1997-11-17,4.453125,4.496094226837158,4.3125,4.316405773162842,2.5985054969787598,35617600
QCOM,1997-11-18,4.3125,4.421875,4.25,4.265625,2.5679357051849365,30390400
QCOM,1997-11-19,4.25,4.328125,4.21875,4.292969226837158,2.584397315979004,16102400
QCOM,1997-11-20,4.3125,4.449219226837158,4.296875,4.4375,2.6714062690734863,30246400
QCOM,1997-11-21,4.46875,4.46875,4.324219226837158,4.351562976837158,2.619671583175659,20224000
QCOM,1997-11-24,4.3125,4.34375,4.1875,4.1875,2.520904064178467,20299200
QCOM,1997-11-25,4.210937976837158,4.328125,4.125,4.273437976837158,2.572638750076294,31136000
QCOM,1997-11-26,4.304687976837158,4.320312976837158,4.21875,4.269530773162842,2.5702872276306152,5392000
QCOM,1997-11-28,4.257812976837158,4.289062976837158,4.230469226837158,4.234375,2.5491230487823486,2396800
QCOM,1997-12-01,4.296875,4.433594226837158,4.28125,4.429687976837158,2.66670298576355,18614400
QCOM,1997-12-02,4.375,4.460937976837158,4.222655773162842,4.25,2.558529853820801,36280000
QCOM,1997-12-03,4.1875,4.210937976837158,3.9375,4.097655773162842,2.4668171405792236,67547200
QCOM,1997-12-04,4.140625,4.1875,4.015625,4.03125,2.4268405437469482,24408000
QCOM,1997-12-05,3.960937976837158,4.21875,3.953125,4.1875,2.520904064178467,23337600
QCOM,1997-12-08,4.21875,4.378905773162842,4.210937976837158,4.285155773162842,2.579692840576172,22460800
QCOM,1997-12-09,4.265625,4.3125,4.068358898162842,4.070312976837158,2.4503557682037354,26179200
QCOM,1997-12-10,4.0625,4.0625,3.804687976837158,3.90625,2.351590156555176,69076800
QCOM,1997-12-11,3.859375,3.875,3.601562976837158,3.710937976837158,2.234010696411133,62568000
QCOM,1997-12-12,3.765625,3.773437976837158,3.148437976837158,3.167968988418579,1.9071398973464966,180356800
QCOM,1997-12-15,3.3125,3.324218988418579,3.132812976837158,3.179687976837158,1.9141945838928223,73518400
QCOM,1997-12-16,3.242187976837158,3.492187976837158,3.226562976837158,3.28125,1.9753355979919434,55036800
QCOM,1997-12-17,3.375,3.40625,3.203125,3.222656011581421,1.940061092376709,33820800
QCOM,1997-12-18,3.265625,3.28125,3.0625,3.070312976837158,1.8483494520187378,40369600
QCOM,1997-12-19,3.007812976837158,3.09375,2.898437976837158,3.0,1.8060208559036255,52814400
QCOM,1997-12-22,3.078125,3.132812976837158,2.96875,3.027343988418579,1.822481632232666,36022400
QCOM,1997-12-23,3.070312976837158,3.070312976837158,2.90625,2.90625,1.7495826482772827,31073600
QCOM,1997-12-24,2.953125,2.953125,2.84375,2.863281011581421,1.7237147092819214,17700800
QCOM,1997-12-26,2.878906011581421,2.90625,2.867187976837158,2.894531011581421,1.7425274848937988,11395200
QCOM,1997-12-29,3.0,3.1875,2.976562976837158,3.1875,1.9188971519470215,33779200
QCOM,1997-12-30,3.179687976837158,3.359375,3.132812976837158,3.273437976837158,1.970631718635559,34825600
QCOM,1997-12-31,3.300781011581421,3.40625,3.15625,3.15625,1.9000848531723022,38304000
QCOM,1998-01-02,3.203125,3.308593988418579,3.195312976837158,3.238281011581421,1.9494670629501343,23992000
QCOM,1998-01-05,3.289062976837158,3.359375,3.242187976837158,3.273437976837158,1.970631718635559,24339200
QCOM,1998-01-06,3.273437976837158,3.359375,3.242187976837158,3.246093988418579,1.9541712999343872,18283200
QCOM,1998-01-07,3.171875,3.179687976837158,2.960937976837158,2.992187976837158,1.801317811012268,77368000
QCOM,1998-01-08,2.988281011581421,3.121093988418579,2.9375,3.023437976837158,1.8201299905776978,40539200
QCOM,1998-01-09,3.023437976837158,3.039062976837158,2.867187976837158,2.902343988418579,1.7472316026687622,33051200
QCOM,1998-01-12,2.867187976837158,2.992187976837158,2.828125,2.941406011581421,1.7707468271255493,35160000
QCOM,1998-01-13,3.007812976837158,3.085937976837158,3.0,3.042968988418579,1.8318877220153809,27872000
QCOM,1998-01-14,3.09375,3.125,3.03125,3.042968988418579,1.8318877220153809,24870400
QCOM,1998-01-15,2.976562976837158,2.976562976837158,2.875,2.875,1.7307701110839844,37475200
QCOM,1998-01-16,2.890625,2.953125,2.8125,2.875,1.7307701110839844,48825600
QCOM,1998-01-20,3.023437976837158,3.054687976837158,2.949218988418579,2.96875,1.7872076034545898,43787200
QCOM,1998-01-21,3.226562976837158,3.414062976837158,3.179687976837158,3.382812976837158,2.0364770889282227,117758400
QCOM,1998-01-22,3.367187976837158,3.453125,3.257812976837158,3.3125,1.994147777557373,73201600
QCOM,1998-01-23,3.359375,3.421875,3.335937976837158,3.402343988418579,2.048234701156616,30686400
QCOM,1998-01-26,3.390625,3.398437976837158,3.222656011581421,3.242187976837158,1.9518195390701294,29942400
QCOM,1998-01-27,3.257812976837158,3.359375,3.242187976837158,3.28125,1.9753355979919434,35248000
QCOM,1998-01-28,3.335937976837158,3.4375,3.296875,3.371093988418579,2.0294220447540283,25020800
QCOM,1998-01-29,3.390625,3.492187976837158,3.328125,3.363281011581421,2.024718761444092,31752000
QCOM,1998-01-30,3.382812976837158,3.40625,3.234375,3.242187976837158,1.9518195390701294,37011200
QCOM,1998-02-02,3.335937976837158,3.527343988418579,3.320312976837158,3.515625,2.1164298057556152,59187200
QCOM,1998-02-03,3.539062976837158,3.5625,3.5,3.5,2.1070244312286377,40894400
QCOM,1998-02-04,3.460937976837158,3.625,3.445312976837158,3.566406011581421,2.147000789642334,36555200
QCOM,1998-02-05,3.609375,3.652343988418579,3.492187976837158,3.515625,2.1164298057556152,28372800
QCOM,1998-02-06,2.890625,3.101562976837158,2.882812976837158,2.984375,1.7966147661209106,242896000
QCOM,1998-02-09,2.929687976837158,3.015625,2.929687976837158,2.980468988418579,1.7942626476287842,55147200
QCOM,1998-02-10,2.972656011581421,2.984375,2.890625,2.898437976837158,1.7448803186416626,49556800
QCOM,1998-02-11,2.902343988418579,3.023437976837158,2.890625,2.953125,1.7778010368347168,56574400
QCOM,1998-02-12,2.933593988418579,3.0,2.910156011581421,2.976562976837158,1.7919114828109741,26593600
QCOM,1998-02-13,2.953125,2.964843988418579,2.90625,2.910156011581421,1.7519340515136719,21105600
QCOM,1998-02-17,2.984375,2.984375,2.914062976837158,2.921875,1.7589892148971558,16721600
QCOM,1998-02-18,2.945312976837158,2.984375,2.921875,2.964843988418579,1.7848567962646484,18508800
QCOM,1998-02-19,2.992187976837158,3.0,2.9375,2.953125,1.7778010368347168,13468800
QCOM,1998-02-20,2.976562976837158,2.976562976837158,2.898437976837158,2.914062976837158,1.7542859315872192,22300800
QCOM,1998-02-23,2.96875,3.210937976837158,2.945312976837158,3.210937976837158,1.9330066442489624,79697600
QCOM,1998-02-24,3.167968988418579,3.234375,3.128906011581421,3.136718988418579,1.8883270025253296,41009600
QCOM,1998-02-25,3.191406011581421,3.195312976837158,3.148437976837158,3.179687976837158,1.9141945838928223,23185600
QCOM,1998-02-26,3.179687976837158,3.25,3.171875,3.222656011581421,1.940061092376709,19755200
QCOM,1998-02-27,3.21875,3.3125,3.148437976837158,3.1875,1.9188971519470215,23444800
QCOM,1998-03-02,3.203125,3.21875,3.046875,3.097656011581421,1.8648103475570679,20929600
QCOM,1998-03-03,3.097656011581421,3.117187976837158,3.046875,3.080077886581421,1.854227900505066,15209600
QCOM,1998-03-04,3.070312976837158,3.109375,3.0625,3.082031011581421,1.8554037809371948,11734400
QCOM,1998-03-05,3.003906011581421,3.0625,2.976562976837158,2.976562976837158,1.7919114828109741,20108800
QCOM,1998-03-06,2.980468988418579,3.078125,2.9375,3.029297113418579,1.8236581087112427,19249600
QCOM,1998-03-09,3.039062976837158,3.09375,2.976562976837158,2.976562976837158,1.7919114828109741,14668800
QCOM,1998-03-10,3.046875,3.046875,2.960937976837158,2.992187976837158,1.801317811012268,16099200
QCOM,1998-03-11,3.015625,3.117187976837158,3.007812976837158,3.085937976837158,1.857755422592163,22347200
QCOM,1998-03-12,3.101562976837158,3.109375,3.039062976837158,3.0625,1.8436461687088013,13132800
QCOM,1998-03-13,3.085937976837158,3.085937976837158,3.0,3.003906011581421,1.8083724975585938,16169600
QCOM,1998-03-16,3.054687976837158,3.082031011581421,3.0,3.054687976837158,1.8389434814453125,12332800
QCOM,1998-03-17,3.054687976837158,3.0625,2.96875,3.0,1.8060208559036255,13542400
QCOM,1998-03-18,2.976562976837158,3.042968988418579,2.96875,3.035156011581421,1.8271851539611816,11408000
QCOM,1998-03-19,3.039062976837158,3.046875,3.0,3.035156011581421,1.8271851539611816,9052800
QCOM,1998-03-20,3.046875,3.0625,2.976562976837158,2.984375,1.7966147661209106,13064000
QCOM,1998-03-23,3.03125,3.035156011581421,2.972656011581421,3.0,1.8060208559036255,12537600
QCOM,1998-03-24,2.96875,2.984375,2.941406011581421,2.976562976837158,1.7919114828109741,21945600
QCOM,1998-03-25,3.0,3.0625,2.992187976837158,3.023437976837158,1.8201299905776978,21931200
QCOM,1998-03-26,3.011718988418579,3.117187976837158,3.007812976837158,3.074218988418579,1.8507013320922852,29443200
QCOM,1998-03-27,3.085937976837158,3.164062976837158,3.078125,3.121093988418579,1.8789198398590088,25132800
QCOM,1998-03-30,3.125,3.140625,3.039062976837158,3.097656011581421,1.8648103475570679,18193600
QCOM,1998-03-31,3.210937976837158,3.347656011581421,3.195312976837158,3.34375,2.012960195541382,70302400
QCOM,1998-04-01,3.304687976837158,3.382812976837158,3.265625,3.347656011581421,2.015312671661377,39075200
QCOM,1998-04-02,3.3125,3.359375,3.289062976837158,3.34375,2.012960195541382,21516800
QCOM,1998-04-03,3.4375,3.53125,3.421875,3.484375,2.0976176261901855,47384000
QCOM,1998-04-06,3.507812976837158,3.523437976837158,3.394531011581421,3.410156011581421,2.0529370307922363,23939200
QCOM,1998-04-07,3.359375,3.40625,3.257812976837158,3.335937976837158,2.0082578659057617,21644800
QCOM,1998-04-08,3.351562976837158,3.359375,3.285156011581421,3.292968988418579,1.9823905229568481,10835200
QCOM,1998-04-09,3.28125,3.375,3.265625,3.371093988418579,2.0294220447540283,13337600
QCOM,1998-04-13,3.367187976837158,3.375,3.289062976837158,3.34375,2.012960195541382,14697600
QCOM,1998-04-14,3.34375,3.433593988418579,3.328125,3.421875,2.059992790222168,28492800
QCOM,1998-04-15,3.425781011581421,3.46875,3.414062976837158,3.414062976837158,2.0552899837493896,19214400
QCOM,1998-04-16,3.40625,3.5625,3.390625,3.492187976837158,2.102321147918701,25625600
QCOM,1998-04-17,3.492187976837158,3.5,3.449218988418579,3.480468988418579,2.095266342163086,17156800
QCOM,1998-04-20,3.457031011581421,3.730468988418579,3.453125,3.679687976837158,2.2151973247528076,53422400
QCOM,1998-04-21,3.714843988418579,3.785156011581421,3.695312976837158,3.734375,2.248119354248047,36958400
QCOM,1998-04-22,3.625,3.710937976837158,3.515625,3.609375,2.172868251800537,72723200
QCOM,1998-04-23,3.578125,3.585937976837158,3.523437976837158,3.527343988418579,2.123486042022705,27304000
QCOM,1998-04-24,3.519531011581421,3.570312976837158,3.507812976837158,3.542968988418579,2.132892608642578,12235200
QCOM,1998-04-27,3.46875,3.492187976837158,3.351562976837158,3.417968988418579,2.057640314102173,26400000
QCOM,1998-04-28,3.445312976837158,3.476562976837158,3.3125,3.367187976837158,2.0270700454711914,23505600
QCOM,1998-04-29,3.375,3.53125,3.359375,3.507812976837158,2.1117260456085205,23768000
QCOM,1998-04-30,3.53125,3.554687976837158,3.492187976837158,3.515625,2.1164298057556152,14924800
QCOM,1998-05-01,3.507812976837158,3.539062976837158,3.460937976837158,3.476562976837158,2.0929157733917236,9915200
QCOM,1998-05-04,3.476562976837158,3.578125,3.476562976837158,3.570312976837158,2.1493523120880127,13992000
QCOM,1998-05-05,3.554687976837158,3.570312976837158,3.507812976837158,3.515625,2.1164298057556152,10004800
QCOM,1998-05-06,3.523437976837158,3.542968988418579,3.445312976837158,3.484375,2.0976176261901855,15372800
QCOM,1998-05-07,3.476562976837158,3.519531011581421,3.4375,3.460937976837158,2.0835087299346924,34908800
QCOM,1998-05-08,3.476562976837158,3.53125,3.453125,3.507812976837158,2.1117260456085205,5772800
QCOM,1998-05-11,3.53125,3.566406011581421,3.425781011581421,3.425781011581421,2.0623435974121094,8425600
QCOM,1998-05-12,3.429687976837158,3.453125,3.382812976837158,3.417968988418579,2.057640314102173,7073600
QCOM,1998-05-13,3.449218988418579,3.515625,3.414062976837158,3.503906011581421,2.1093757152557373,13880000
QCOM,1998-05-14,3.492187976837158,3.53125,3.457031011581421,3.460937976837158,2.0835087299346924,12857600
QCOM,1998-05-15,3.515625,3.609375,3.476562976837158,3.578125,2.1540563106536865,27409600
QCOM,1998-05-18,3.578125,3.59375,3.476562976837158,3.503906011581421,2.1093757152557373,8753600
QCOM,1998-05-19,3.5,3.535156011581421,3.5,3.515625,2.1164298057556152,4124800
QCOM,1998-05-20,3.507812976837158,3.539062976837158,3.449218988418579,3.449218988418579,2.076453447341919,6259200
QCOM,1998-05-21,3.460937976837158,3.484375,3.460937976837158,3.464843988418579,2.085860013961792,6764800
QCOM,1998-05-22,3.46875,3.484375,3.425781011581421,3.462891101837158,2.084683895111084,6780800
QCOM,1998-05-26,3.5,3.515625,3.34375,3.34375,2.012960195541382,14219200
QCOM,1998-05-27,3.335937976837158,3.382812976837158,3.300781011581421,3.359375,2.022367238998413,23267200
QCOM,1998-05-28,3.367187976837158,3.375,3.3125,3.320312976837158,1.9988512992858887,7244800
QCOM,1998-05-29,3.320312976837158,3.335937976837158,3.242187976837158,3.257812976837158,1.9612255096435547,9824000
QCOM,1998-06-01,3.234375,3.25,3.113281011581421,3.144531011581421,1.8930295705795288,14417600
QCOM,1998-06-02,3.140625,3.21875,3.132812976837158,3.1875,1.9188971519470215,10470400
QCOM,1998-06-03,3.191406011581421,3.210937976837158,3.140625,3.140625,1.8906792402267456,7507200
QCOM,1998-06-04,3.164062976837158,3.203125,3.140625,3.203125,1.928303599357605,6278400
QCOM,1998-06-05,3.210937976837158,3.289062976837158,3.179687976837158,3.242187976837158,1.9518195390701294,10364800
QCOM,1998-06-08,3.226562976837158,3.351562976837158,3.226562976837158,3.234375,1.9471169710159302,11516800
QCOM,1998-06-09,3.226562976837158,3.3125,3.21875,3.3125,1.994147777557373,6494400
QCOM,1998-06-10,3.265625,3.296875,3.21875,3.226562976837158,1.9424134492874146,6075200
QCOM,1998-06-11,3.140625,3.15625,3.023437976837158,3.070312976837158,1.8483494520187378,28052800
QCOM,1998-06-12,3.0625,3.078125,2.960937976837158,3.0625,1.8436461687088013,18510400
QCOM,1998-06-15,2.992187976837158,3.03125,2.914062976837158,2.921875,1.7589892148971558,24219200
QCOM,1998-06-16,2.945312976837158,3.066406011581421,2.941406011581421,3.039062976837158,1.8295366764068604,12230400
QCOM,1998-06-17,3.078125,3.183593988418579,3.054687976837158,3.058593988418579,1.8412952423095703,15980800
QCOM,1998-06-18,3.054687976837158,3.09375,3.003906011581421,3.078125,1.8530527353286743,6176000
QCOM,1998-06-19,3.09375,3.109375,3.039062976837158,3.078125,1.8530527353286743,7681600
QCOM,1998-06-22,3.078125,3.1875,3.070312976837158,3.148437976837158,1.8953818082809448,8808000
QCOM,1998-06-23,3.167968988418579,3.234375,3.148437976837158,3.222656011581421,1.940061092376709,11196800
QCOM,1998-06-24,3.257812976837158,3.496093988418579,3.242187976837158,3.480468988418579,2.095266342163086,44129600
QCOM,1998-06-25,3.527343988418579,3.609375,3.464843988418579,3.523437976837158,2.1211347579956055,35635200
QCOM,1998-06-26,3.359375,3.484375,3.34375,3.382812976837158,2.0364770889282227,20230400
QCOM,1998-06-29,3.390625,3.5,3.378906011581421,3.496093988418579,2.104672908782959,15329600
QCOM,1998-06-30,3.484375,3.546875,3.460937976837158,3.511718988418579,2.114079475402832,15051200
QCOM,1998-07-01,3.523437976837158,3.546875,3.453125,3.507812976837158,2.1117260456085205,7776000
QCOM,1998-07-02,3.507812976837158,3.507812976837158,3.382812976837158,3.398437976837158,2.0458831787109375,12750400
QCOM,1998-07-06,3.414062976837158,3.476562976837158,3.410156011581421,3.4375,2.0693986415863037,9779200
QCOM,1998-07-07,3.4375,3.453125,3.34375,3.386718988418579,2.038828134536743,7920000
QCOM,1998-07-08,3.359375,3.460937976837158,3.359375,3.423827886581421,2.0611679553985596,9499200
QCOM,1998-07-09,3.433593988418579,3.5693359375,3.421875,3.558593988418579,2.1422979831695557,18936000
QCOM,1998-07-10,3.535156011581421,3.554687976837158,3.46875,3.53125,2.125837564468384,8278400
QCOM,1998-07-13,3.578125,3.640625,3.492187976837158,3.496093988418579,2.104672908782959,17758400
QCOM,1998-07-14,3.492187976837158,3.570312976837158,3.476562976837158,3.523437976837158,2.1211347579956055,9700800
QCOM,1998-07-15,3.539062976837158,3.632812976837158,3.523437976837158,3.601562976837158,2.168165683746338,11440000
QCOM,1998-07-16,3.601562976837158,3.617187976837158,3.5625,3.613281011581421,2.1752192974090576,7993600
QCOM,1998-07-17,3.617187976837158,3.617187976837158,3.539062976837158,3.578125,2.1540563106536865,11134400
QCOM,1998-07-20,3.5625,3.589843988418579,3.515625,3.539062976837158,2.1305394172668457,7624000
QCOM,1998-07-21,3.53125,3.675781011581421,3.523437976837158,3.597656011581421,2.1658143997192383,21814400
QCOM,1998-07-22,3.746093988418579,4.210937976837158,3.742187976837158,4.195312976837158,2.5256078243255615,181473600
QCOM,1998-07-23,4.140625,4.1875,3.917968988418579,3.953125,2.379808187484741,53073600
QCOM,1998-07-24,4.007812976837158,4.03125,3.890625,3.9375,2.3704025745391846,20987200
QCOM,1998-07-27,3.875,3.9375,3.8125,3.925781011581421,2.363347053527832,15926400
QCOM,1998-07-28,3.929687976837158,3.9375,3.804687976837158,3.8125,2.295151472091675,13518400
QCOM,1998-07-29,3.84375,3.890625,3.820312976837158,3.832031011581421,2.3069095611572266,8126400
QCOM,1998-07-30,3.875,3.90625,3.859375,3.878906011581421,2.3351268768310547,12563200
QCOM,1998-07-31,3.875,3.984375,3.871093988418579,3.896483898162842,2.345710515975952,16291200
QCOM,1998-08-03,3.890625,3.898437976837158,3.730468988418579,3.808593988418579,2.2928006649017334,12737600
QCOM,1998-08-04,3.816406011581421,3.832031011581421,3.59375,3.6875,2.219900608062744,18344000
QCOM,1998-08-05,3.671875,3.695312976837158,3.5625,3.640625,2.1916821002960205,13873600
QCOM,1998-08-06,3.601562976837158,3.734375,3.585937976837158,3.707031011581421,2.231658697128296,13064000
QCOM,1998-08-07,3.742187976837158,3.875,3.671875,3.671875,2.2104947566986084,20220800
QCOM,1998-08-10,3.671875,3.71875,3.640625,3.683593988418579,2.2175488471984863,4147200
QCOM,1998-08-11,3.59375,3.617187976837158,3.453125,3.539062976837158,2.1305394172668457,25340800
QCOM,1998-08-12,3.585937976837158,3.617187976837158,3.421875,3.4375,2.0693986415863037,21444800
QCOM,1998-08-13,3.367187976837158,3.515625,3.34375,3.34375,2.012960195541382,28662400
QCOM,1998-08-14,3.40625,3.4375,3.351562976837158,3.40625,2.050586700439453,11040000
QCOM,1998-08-17,3.390625,3.46875,3.359375,3.359375,2.022367238998413,13382400
QCOM,1998-08-18,3.417968988418579,3.515625,3.40625,3.5,2.1070244312286377,16048000
QCOM,1998-08-19,3.515625,3.570312976837158,3.476562976837158,3.476562976837158,2.0929157733917236,10320000
QCOM,1998-08-20,3.46875,3.492187976837158,3.40625,3.46875,2.0882108211517334,9905600
QCOM,1998-08-21,3.441406011581421,3.445312976837158,3.203125,3.359375,2.022367238998413,22886400
QCOM,1998-08-24,3.375,3.390625,3.265625,3.375,2.031773805618286,9830400
QCOM,1998-08-25,3.390625,3.425781011581421,3.253906011581421,3.335937976837158,2.0082578659057617,14051200
QCOM,1998-08-26,3.28125,3.296875,3.210937976837158,3.21875,1.9377100467681885,9516800
QCOM,1998-08-27,3.164062976837158,3.1875,3.003906011581421,3.066406011581421,1.8459973335266113,33761600
QCOM,1998-08-28,3.109375,3.125,2.835937976837158,2.878906011581421,1.7331212759017944,31979200
QCOM,1998-08-31,2.929687976837158,2.984375,2.71875,2.746093988418579,1.653167486190796,31833600
QCOM,1998-09-01,2.761718988418579,3.023437976837158,2.5625,2.972656011581421,1.7895601987838745,31872000
QCOM,1998-09-02,3.03125,3.039062976837158,2.894531011581421,2.953125,1.7778010368347168,23657600
QCOM,1998-09-03,2.929687976837158,2.9375,2.75,2.753906011581421,1.6578705310821533,35900800
QCOM,1998-09-04,2.804687976837158,2.867187976837158,2.558593988418579,2.660156011581421,1.6014324426651,38899200
QCOM,1998-09-08,2.851562976837158,3.117187976837158,2.800781011581421,3.0625,1.8436461687088013,35086400
QCOM,1998-09-09,2.984375,3.171875,2.980468988418579,3.09375,1.8624587059020996,29355200
QCOM,1998-09-10,2.921875,2.945312976837158,2.625,2.78125,1.6743316650390625,71860800
QCOM,1998-09-11,2.773437976837158,2.914062976837158,2.753906011581421,2.84375,1.711957335472107,19172800
QCOM,1998-09-14,2.875,3.0,2.863281011581421,2.890625,1.7401752471923828,15889600
QCOM,1998-09-15,2.90625,3.015625,2.890625,2.980468988418579,1.7942626476287842,8011200
QCOM,1998-09-16,3.007812976837158,3.070312976837158,2.90625,2.96875,1.7872076034545898,15736000
QCOM,1998-09-17,2.84375,3.046875,2.769531011581421,2.9375,1.7683950662612915,29329600
QCOM,1998-09-18,2.941406011581421,3.007812976837158,2.921875,3.003906011581421,1.8083724975585938,12556800
QCOM,1998-09-21,2.929687976837158,3.113281011581421,2.875,3.089843988418579,1.8601069450378418,13676800
QCOM,1998-09-22,3.148437976837158,3.226562976837158,3.09375,3.152343988418579,1.8977329730987549,19870400
QCOM,1998-09-23,3.1875,3.261718988418579,3.140625,3.207031011581421,1.9306546449661255,21174400
QCOM,1998-09-24,3.15625,3.214843988418579,2.964843988418579,3.011718988418579,1.8537176847457886,16096000
QCOM,1998-09-25,2.890625,3.226562976837158,2.867187976837158,3.1875,1.9619112014770508,32470400
QCOM,1998-09-28,3.226562976837158,3.289062976837158,3.042968988418579,3.0625,1.8849736452102661,15286400
QCOM,1998-09-29,3.101562976837158,3.117187976837158,2.96875,3.03125,1.865738868713379,16905600
QCOM,1998-09-30,2.984375,3.0,2.921875,2.996093988418579,1.8441007137298584,11825600
QCOM,1998-10-01,2.921875,2.996093988418579,2.835937976837158,2.902343988418579,1.786397933959961,17176000
QCOM,1998-10-02,2.921875,2.976562976837158,2.789062976837158,2.976562976837158,1.8320801258087158,17041600
QCOM,1998-10-05,2.890625,2.949218988418579,2.648437976837158,2.742187976837158,1.6878215074539185,41467200
QCOM,1998-10-06,2.824218988418579,2.875,2.746093988418579,2.761718988418579,1.6998426914215088,20108800
QCOM,1998-10-07,2.78125,2.828125,2.601562976837158,2.679687976837158,1.6493523120880127,17353600
QCOM,1998-10-08,2.578125,2.589843988418579,2.359375,2.445312976837158,1.505094051361084,46729600
QCOM,1998-10-09,2.492187976837158,2.578125,2.4375,2.558593988418579,1.574818730354309,28046400
QCOM,1998-10-12,2.675781011581421,2.765625,2.613281011581421,2.628906011581421,1.6180962324142456,16947200
QCOM,1998-10-13,2.625,2.6875,2.5625,2.59375,1.5964571237564087,14984000
QCOM,1998-10-14,2.621093988418579,2.90625,2.546875,2.847656011581421,1.7527356147766113,40408000
QCOM,1998-10-15,2.828125,3.007812976837158,2.789062976837158,2.992187976837158,1.8416961431503296,27352000
QCOM,1998-10-16,3.023437976837158,3.054687976837158,2.859375,2.96875,1.8272699117660522,24107200
QCOM,1998-10-19,2.976562976837158,2.984375,2.921875,2.96875,1.8272699117660522,10051200
QCOM,1998-10-20,3.023437976837158,3.25,3.0,3.085937976837158,1.899399995803833,36667200
QCOM,1998-10-21,3.105468988418579,3.246093988418579,3.09375,3.234375,1.990763545036316,22296000
QCOM,1998-10-22,3.226562976837158,3.304687976837158,3.125,3.199218988418579,1.9691239595413208,19022400
QCOM,1998-10-23,3.203125,3.429687976837158,3.199218988418579,3.390625,2.08693528175354,27371200
QCOM,1998-10-26,3.414062976837158,3.4375,3.304687976837158,3.40625,2.0965521335601807,14883200
QCOM,1998-10-27,3.4375,3.519531011581421,3.328125,3.355468988418579,2.065295696258545,18417600
QCOM,1998-10-28,3.242187976837158,3.507812976837158,3.117187976837158,3.457031011581421,2.1278085708618164,48809600
QCOM,1998-10-29,3.4375,3.496093988418579,3.375,3.421875,2.1061692237854004,17555200
QCOM,1998-10-30,3.460937976837158,3.5,3.414062976837158,3.476562976837158,2.1398301124572754,17868800
QCOM,1998-11-02,3.523437976837158,3.75,3.515625,3.644531011581421,2.2432146072387695,42923200
QCOM,1998-11-03,3.683593988418579,3.75,3.546875,3.601562976837158,2.2167673110961914,34891200
QCOM,1998-11-04,3.664062976837158,3.675781011581421,3.378906011581421,3.4375,2.115785598754883,107624000
QCOM,1998-11-05,3.5,3.59375,3.492187976837158,3.539062976837158,2.1782984733581543,44193600
QCOM,1998-11-06,3.570312976837158,3.605468988418579,3.546875,3.558593988418579,2.1903204917907715,19228800
QCOM,1998-11-09,3.5625,3.589843988418579,3.488281011581421,3.539062976837158,2.1782984733581543,14476800
QCOM,1998-11-10,3.546875,3.585937976837158,3.496093988418579,3.554687976837158,2.187915563583374,19299200
QCOM,1998-11-11,3.625,3.632812976837158,3.40625,3.425781011581421,2.1085739135742188,24054400
QCOM,1998-11-12,3.4375,3.476562976837158,3.382812976837158,3.449218988418579,2.1229991912841797,12400000
QCOM,1998-11-13,3.445312976837158,3.46875,3.414062976837158,3.429687976837158,2.1109778881073,7676800
QCOM,1998-11-16,3.4375,3.457031011581421,3.375,3.390625,2.08693528175354,14800000
QCOM,1998-11-17,3.394531011581421,3.523437976837158,3.324218988418579,3.441406011581421,2.1181905269622803,14784000
QCOM,1998-11-18,3.460937976837158,3.601562976837158,3.453125,3.589843988418579,2.209554672241211,25854400
QCOM,1998-11-19,3.605468988418579,3.648437976837158,3.453125,3.46875,2.1350207328796387,27828800
QCOM,1998-11-20,3.53125,3.5625,3.453125,3.460937976837158,2.1302120685577393,14158400
QCOM,1998-11-23,3.484375,3.558593988418579,3.476562976837158,3.539062976837158,2.1782984733581543,13398400
QCOM,1998-11-24,3.53125,3.574218988418579,3.40625,3.433593988418579,2.113382577896118,18131200
QCOM,1998-11-25,3.46875,3.476562976837158,3.378906011581421,3.4375,2.115785598754883,10084800
QCOM,1998-11-27,3.460937976837158,3.460937976837158,3.402343988418579,3.433593988418579,2.113382577896118,3409600
QCOM,1998-11-30,3.4375,3.5,3.375,3.429687976837158,2.1109778881073,12921600
QCOM,1998-12-01,3.40625,3.421875,3.328125,3.386718988418579,2.084531307220459,14590400
QCOM,1998-12-02,3.367187976837158,3.410156011581421,3.328125,3.375,2.077317714691162,13718400
QCOM,1998-12-03,3.378906011581421,3.421875,3.335937976837158,3.367187976837158,2.0725090503692627,13505600
QCOM,1998-12-04,3.386718988418579,3.402343988418579,3.34375,3.371093988418579,2.0749123096466064,12248000
QCOM,1998-12-07,3.382812976837158,3.519531011581421,3.273437976837158,3.332031011581421,2.050870180130005,27315200
QCOM,1998-12-08,3.328125,3.335937976837158,3.140625,3.15625,1.9426771402359009,45696000
QCOM,1998-12-09,3.203125,3.234375,3.175781011581421,3.203125,1.971529245376587,20265600
QCOM,1998-12-10,3.179687976837158,3.25,3.105468988418579,3.210937976837158,1.9763374328613281,23188800
QCOM,1998-12-11,3.210937976837158,3.265625,3.148437976837158,3.261718988418579,2.0075929164886475,16993600
QCOM,1998-12-14,3.238281011581421,3.242187976837158,3.0625,3.070312976837158,1.8897823095321655,18513600
QCOM,1998-12-15,3.140625,3.265625,3.109375,3.230468988418579,1.988358736038208,25577600
QCOM,1998-12-16,3.246093988418579,3.320312976837158,3.207031011581421,3.25,2.000380277633667,22380800
QCOM,1998-12-17,3.238281011581421,3.28125,3.1875,3.273437976837158,2.0148065090179443,9611200
QCOM,1998-12-18,3.289062976837158,3.289062976837158,3.125,3.136718988418579,1.9306548833847046,16427200
QCOM,1998-12-21,3.164062976837158,3.25,3.140625,3.21875,1.9811460971832275,19916800
QCOM,1998-12-22,3.210937976837158,3.246093988418579,3.15625,3.179687976837158,1.9571024179458618,12780800
QCOM,1998-12-23,3.203125,3.25,3.183593988418579,3.226562976837158,1.985954761505127,10888000
QCOM,1998-12-24,3.203125,3.226562976837158,3.171875,3.191406011581421,1.964315414428711,3291200
QCOM,1998-12-28,3.210937976837158,3.265625,3.1875,3.242187976837158,1.9955706596374512,12704000
QCOM,1998-12-29,3.242187976837158,3.25,3.207031011581421,3.230468988418579,1.988358736038208,8430400
QCOM,1998-12-30,3.242187976837158,3.242187976837158,3.171875,3.207031011581421,1.9739329814910889,10958400
QCOM,1998-12-31,3.203125,3.238281011581421,3.164062976837158,3.238281011581421,1.9931669235229492,13241600
QCOM,1999-01-04,3.277343988418579,3.511718988418579,3.265625,3.464843988418579,2.1326167583465576,38713600
QCOM,1999-01-05,3.5,3.589843988418579,3.398437976837158,3.570312976837158,2.1975326538085938,27603200
QCOM,1999-01-06,3.660156011581421,3.71875,3.59375,3.714843988418579,2.286492347717285,59651200
QCOM,1999-01-07,3.625,3.746093988418579,3.617187976837158,3.746093988418579,2.305727005004883,32401600
QCOM,1999-01-08,3.753906011581421,3.84375,3.726562976837158,3.765625,2.3177473545074463,41897600
QCOM,1999-01-11,3.789062976837158,3.890625,3.765625,3.875,2.385068655014038,32193600
QCOM,1999-01-12,3.894531011581421,3.921875,3.734375,3.804687976837158,2.3417916297912598,26548800
QCOM,1999-01-13,3.6875,3.797852039337158,3.554687976837158,3.679687976837158,2.2648537158966064,29102400
QCOM,1999-01-14,3.730468988418579,3.929687976837158,3.71875,3.785156011581421,2.3297693729400635,38238400
QCOM,1999-01-15,3.833008050918579,4.058594226837158,3.796875,3.992187976837158,2.45719838142395,50884800
QCOM,1999-01-19,3.984375,4.171875,3.90625,4.15625,2.5581777095794678,53657600
QCOM,1999-01-20,4.035155773162842,4.226562976837158,3.8125,3.875,2.385068655014038,100614400
QCOM,1999-01-21,3.871093988418579,3.902343988418579,3.671875,3.71875,2.2888965606689453,33467200
QCOM,1999-01-22,3.65625,3.851562976837158,3.632812976837158,3.6875,2.2696619033813477,26424000
QCOM,1999-01-25,3.703125,3.78125,3.59375,3.632812976837158,2.2360012531280518,19984000
QCOM,1999-01-26,3.804687976837158,3.804687976837158,3.609375,3.75,2.3081297874450684,21844800
QCOM,1999-01-27,3.78125,3.832031011581421,3.695312976837158,3.695312976837158,2.2744712829589844,13889600
QCOM,1999-01-28,3.765625,4.046875,3.75,4.023437976837158,2.4764320850372314,29947200
QCOM,1999-01-29,4.03125,4.171875,4.0,4.113280773162842,2.5317299365997314,37928000
QCOM,1999-02-01,4.109375,4.148437976837158,3.859375,3.960937976837158,2.4379634857177734,24654400
QCOM,1999-02-02,3.984375,4.042969226837158,3.84375,3.914062976837158,2.4091124534606934,18457600
QCOM,1999-02-03,3.875,4.203125,3.835937976837158,4.164062976837158,2.562987804412842,46507200
QCOM,1999-02-04,4.15625,4.160155773162842,4.03125,4.089844226837158,2.517305374145508,33529600
QCOM,1999-02-05,4.0625,4.25,3.890625,4.191405773162842,2.5798163414001465,32184000
QCOM,1999-02-08,4.1875,4.371094226837158,4.15625,4.359375,2.683201551437378,47929600
QCOM,1999-02-09,4.351562976837158,4.359375,4.203125,4.246094226837158,2.6134767532348633,44377600
QCOM,1999-02-10,4.234375,4.304687976837158,4.03125,4.15625,2.5581777095794678,30961600
QCOM,1999-02-11,4.179687976837158,4.3125,4.171875,4.257812976837158,2.6206905841827393,24846400
QCOM,1999-02-12,4.25,4.273437976837158,4.132812976837158,4.183594226837158,2.5750083923339844,21841600
QCOM,1999-02-16,4.242187976837158,4.328125,4.1875,4.210937976837158,2.5918385982513428,16444800
QCOM,1999-02-17,4.1875,4.289062976837158,4.0625,4.066405773162842,2.5028798580169678,20990400
QCOM,1999-02-18,4.125,4.164062976837158,3.945312976837158,3.994141101837158,2.4584004878997803,31611200
QCOM,1999-02-19,4.0625,4.070312976837158,3.9375,4.054687976837158,2.4956674575805664,15352000
QCOM,1999-02-22,4.121094226837158,4.484375,4.109375,4.460937976837158,2.745713710784912,56350400
QCOM,1999-02-23,4.46875,4.609375,4.390625,4.601562976837158,2.8322699069976807,57692800
QCOM,1999-02-24,4.609375,4.722655773162842,4.480469226837158,4.546875,2.7986083030700684,65460800
QCOM,1999-02-25,4.5,4.546875,4.46875,4.546875,2.7986083030700684,28604800
QCOM,1999-02-26,4.5625,4.5625,4.460937976837158,4.5625,2.8082265853881836,27078400
QCOM,1999-03-01,4.546875,4.632812976837158,4.445312976837158,4.523437976837158,2.784183979034424,13780800
QCOM,1999-03-02,4.5625,4.6875,4.507812976837158,4.609375,2.837076425552368,22120000
QCOM,1999-03-03,4.621094226837158,4.6875,4.53125,4.570312976837158,2.8130340576171875,25624000
QCOM,1999-03-04,4.582030773162842,4.679687976837158,4.5625,4.652344226837158,2.8635244369506836,27012800
QCOM,1999-03-05,4.6875,4.789062976837158,4.679687976837158,4.785155773162842,2.94527006149292,44340800
QCOM,1999-03-08,4.8125,4.90625,4.78125,4.859375,2.990952491760254,26275200
QCOM,1999-03-09,4.875,5.015625,4.84375,4.984375,3.067890167236328,29440000
QCOM,1999-03-10,4.945312976837158,5.027344226837158,4.917969226837158,4.976562976837158,3.063081741333008,20126400
QCOM,1999-03-11,4.976562976837158,5.050780773162842,4.953125,5.023437976837158,3.091935396194458,18665600
QCOM,1999-03-12,5.0,5.039062976837158,4.757812976837158,4.828125,2.9717187881469727,24486400
QCOM,1999-03-15,4.851562976837158,5.128905773162842,4.800780773162842,5.128905773162842,3.156850576400757,29947200
QCOM,1999-03-16,5.132812976837158,5.144530773162842,4.976562976837158,5.054687976837158,3.1111679077148438,19979200
QCOM,1999-03-17,5.050780773162842,5.054687976837158,4.957030773162842,5.007812976837158,3.08231782913208,8761600
QCOM,1999-03-18,4.996094226837158,5.15625,4.960937976837158,5.128905773162842,3.156850576400757,16806400
QCOM,1999-03-19,5.171875,5.363280773162842,5.015625,5.285155773162842,3.2530205249786377,32552000
QCOM,1999-03-22,5.328125,5.640625,5.285155773162842,5.476562976837158,3.370833396911621,33827200
QCOM,1999-03-23,5.507812976837158,5.507812976837158,5.015625,5.132812976837158,3.159254550933838,39398400
QCOM,1999-03-24,5.1875,5.464844226837158,5.082030773162842,5.460937976837158,3.3612160682678223,23873600
QCOM,1999-03-25,5.960937976837158,6.160155773162842,5.90625,6.152344226837158,3.786777973175049,151515200
QCOM,1999-03-26,6.101562976837158,7.496094226837158,6.101562976837158,6.972655773162842,4.291681289672852,210268800
QCOM,1999-03-29,7.265625,7.310546875,6.78125,7.183594226837158,4.421515464782715,60611200
QCOM,1999-03-30,7.109375,7.574219226837158,7.023437976837158,7.3125,4.500854969024658,44193600
QCOM,1999-03-31,7.5,7.859375,7.378905773162842,7.773437976837158,4.78456449508667,48187200
QCOM,1999-04-01,7.90625,8.648438453674316,7.90625,8.5625,5.270230770111084,81382400
QCOM,1999-04-05,8.98828125,9.703125,8.625,9.304688453674316,5.727048873901367,75632000
QCOM,1999-04-06,9.273438453674316,9.640625,8.78125,9.12109375,5.614048004150391,57796800
QCOM,1999-04-07,9.1875,9.242188453674316,8.125,8.65625,5.327934265136719,84753600
QCOM,1999-04-08,8.64453125,9.515625,8.546875,9.273438453674316,5.707815170288086,67347200
QCOM,1999-04-09,9.132813453674316,9.328125,8.976563453674316,9.09765625,5.599623203277588,23556800
QCOM,1999-04-12,8.898438453674316,10.07421875,8.87890625,10.054688453674316,6.1886773109436035,66414400
QCOM,1999-04-13,10.164063453674316,10.953125,10.0625,10.609375,6.530087471008301,92947200
QCOM,1999-04-14,10.921875,11.0625,9.80078125,9.87109375,6.0756731033325195,55622400
QCOM,1999-04-15,10.4375,10.5,8.75,9.859375,6.068459987640381,98865600
QCOM,1999-04-16,10.14453125,10.14453125,8.90234375,8.90625,5.481811046600342,46470400
QCOM,1999-04-19,8.86328125,8.86328125,7.757812976837158,7.789062976837158,4.7941789627075195,97537600
QCOM,1999-04-20,7.75,8.921875,7.6875,8.789063453674316,5.4096832275390625,49244800
QCOM,1999-04-21,10.890625,12.375,10.484375,12.19140625,7.50383186340332,196297600
QCOM,1999-04-22,12.101563453674316,12.40625,11.421875,12.08984375,7.441316604614258,76785600
QCOM,1999-04-23,11.789063453674316,12.195313453674316,11.40625,11.929688453674316,7.342741012573242,44044800
QCOM,1999-04-26,11.851563453674316,13.65625,11.8125,12.71875,7.828408718109131,72328000
QCOM,1999-04-27,12.601563453674316,12.773438453674316,12.125,12.31640625,7.58076810836792,44848000
QCOM,1999-04-28,12.15625,12.640625,11.75,11.90234375,7.325911521911621,30510400
QCOM,1999-04-29,11.8125,12.554688453674316,11.59375,12.390625,7.626448631286621,41712000
QCOM,1999-04-30,12.5625,13.0625,12.0625,12.5,7.693770885467529,41913600
QCOM,1999-05-03,13.023438453674316,13.765625,12.9375,13.648438453674316,8.400636672973633,58996800
QCOM,1999-05-04,13.40234375,13.6875,13.03125,13.117188453674316,8.073648452758789,32337600
QCOM,1999-05-05,13.148438453674316,14.070313453674316,12.62109375,14.039063453674316,8.641069412231445,49744000
QCOM,1999-05-06,14.0625,14.34375,13.4375,13.50390625,8.311677932739258,46577600
QCOM,1999-05-07,13.796875,14.046875,12.8125,13.515625,8.31888484954834,44038400
QCOM,1999-05-10,13.671875,13.875,13.132813453674316,13.25,8.155393600463867,34020800
QCOM,1999-05-11,13.65625,13.78125,13.0625,13.6875,8.424676895141602,28200000
QCOM,1999-05-12,13.898438453674316,14.734375,13.375,14.570313453674316,8.968053817749023,39492800
QCOM,1999-05-13,14.8125,14.96875,14.375,14.382813453674316,8.852645874023438,27896000
QCOM,1999-05-14,13.90625,14.265625,13.625,14.0,8.617020606994629,23609600
QCOM,1999-05-17,13.796875,14.0,12.796875,13.59375,8.36697769165039,37836000
QCOM,1999-05-18,13.164063453674316,13.625,12.84375,12.898438453674316,7.939006805419922,32167200
QCOM,1999-05-19,13.046875,13.1875,12.25,12.921875,7.953433990478516,40083200
QCOM,1999-05-20,13.09375,13.320313453674316,12.75,12.78125,7.86688232421875,20312800
QCOM,1999-05-21,13.039063453674316,13.0625,12.375,12.539063453674316,7.717813968658447,14789600
QCOM,1999-05-24,12.5625,12.734375,11.359375,11.59375,7.135972499847412,29304000
QCOM,1999-05-25,11.375,12.078125,11.3125,11.445313453674316,7.0446085929870605,37589600
QCOM,1999-05-26,11.710938453674316,12.414063453674316,10.757813453674316,12.351563453674316,7.602407455444336,33976000
QCOM,1999-05-27,12.132813453674316,12.40625,11.53125,12.046875,7.414870738983154,30551200
QCOM,1999-05-28,12.25,12.328125,12.023438453674316,12.15625,7.4821906089782715,14150400
QCOM,1999-06-01,12.359375,12.367188453674316,11.6875,11.742188453674316,7.227338790893555,16706400
QCOM,1999-06-02,11.46875,12.375,11.328125,12.359375,7.607213497161865,22845600
QCOM,1999-06-03,12.78125,13.414063453674316,12.625,12.757813453674316,7.852452754974365,42983200
QCOM,1999-06-04,12.992188453674316,13.765625,12.90625,13.742188453674316,8.458340644836426,29068800
QCOM,1999-06-07,13.625,14.023438453674316,13.375,13.695313453674316,8.429491996765137,22542400
QCOM,1999-06-08,13.859375,13.9375,13.046875,13.109375,8.06884479522705,17099200
QCOM,1999-06-09,13.3125,13.695313453674316,13.25,13.6875,8.424676895141602,14969600
QCOM,1999-06-10,13.609375,13.921875,13.5625,13.84375,8.52084732055664,18796000
QCOM,1999-06-11,13.84375,14.203125,13.4375,13.59375,8.36697769165039,16758400
QCOM,1999-06-14,13.78125,13.867188453674316,12.84375,12.84375,7.90534782409668,15163200
QCOM,1999-06-15,12.8125,14.234375,12.648438453674316,14.210938453674316,8.746855735778809,24366400
QCOM,1999-06-16,14.34375,14.84375,14.34375,14.804688453674316,9.112308502197266,32735200
QCOM,1999-06-17,14.625,15.0,14.390625,14.992188453674316,9.227714538574219,19223200
QCOM,1999-06-18,14.625,16.25,14.59375,16.21875,9.982669830322266,55141600
QCOM,1999-06-21,16.125,16.328125,15.632813453674316,16.3125,10.040369987487793,29219200
QCOM,1999-06-22,16.109375,17.1875,16.078125,16.328125,10.049985885620117,38646400
QCOM,1999-06-23,16.2109375,16.875,16.1875,16.734375,10.300033569335938,20480000
QCOM,1999-06-24,16.8515625,16.875,15.898438453674316,15.96875,9.828791618347168,21212000
QCOM,1999-06-25,16.109375,16.40625,15.625,15.84375,9.751852035522461,17822400
QCOM,1999-06-28,16.1015625,16.875,15.640625,16.8125,10.348121643066406,15676000
QCOM,1999-06-29,16.8203125,17.1640625,16.59375,17.125,10.540461540222168,20174400
QCOM,1999-06-30,17.0078125,18.2421875,16.8828125,17.9375,11.040558815002441,37519200
QCOM,1999-07-01,18.0,18.375,17.4375,17.46875,10.752044677734375,26896800
QCOM,1999-07-02,17.875,18.2109375,17.515625,18.03125,11.09826374053955,20079200
QCOM,1999-07-06,18.2734375,18.78125,17.6875,17.78125,10.944387435913086,31608800
QCOM,1999-07-07,17.96875,18.09375,17.328125,17.4296875,10.727997779846191,46773600
QCOM,1999-07-08,17.390625,17.875,17.296875,17.78125,10.944387435913086,22009600
QCOM,1999-07-09,19.1875,19.203125,18.4140625,18.59375,11.444482803344727,50617600
QCOM,1999-07-12,18.890625,19.0,18.28125,18.4296875,11.343499183654785,27400800
QCOM,1999-07-13,17.875,18.171875,17.453125,18.046875,11.107877731323242,21477600
QCOM,1999-07-14,18.3359375,18.859375,18.125,18.6953125,11.506993293762207,17785600
QCOM,1999-07-15,18.96875,19.203125,18.75,19.12109375,11.769060134887695,21162400
QCOM,1999-07-16,19.1796875,19.984375,19.0625,19.78125,12.175394058227539,37693600
QCOM,1999-07-19,20.171875,20.5546875,19.2578125,19.8359375,12.209051132202148,44417600
QCOM,1999-07-20,20.21875,20.90625,19.5625,20.3671875,12.536035537719727,77368000
QCOM,1999-07-21,20.5,20.5,19.5,19.578125,12.050372123718262,100947200
QCOM,1999-07-22,19.46875,19.5625,18.34375,18.8125,11.579117774963379,56054400
QCOM,1999-07-23,18.9140625,19.5625,18.875,19.3359375,11.901299476623535,38781600
QCOM,1999-07-26,18.96875,19.34375,18.59375,19.078125,11.742618560791016,28670400
QCOM,1999-07-27,19.3984375,19.46875,19.0625,19.296875,11.877253532409668,31259200
QCOM,1999-07-28,19.171875,19.9921875,19.1328125,19.96875,12.290801048278809,24476000
QCOM,1999-07-29,19.609375,19.78125,19.34375,19.546875,12.031128883361816,24801600
QCOM,1999-07-30,19.578125,19.75,18.9375,19.5,12.00228500366211,19856000
QCOM,1999-08-02,19.40625,19.59375,18.765625,19.0625,11.733001708984375,19630400
QCOM,1999-08-03,19.1796875,19.1875,17.125,17.5,10.77127742767334,71893600
QCOM,1999-08-04,17.734375,18.15625,17.671875,17.8046875,10.95881462097168,57937600
QCOM,1999-08-05,17.953125,18.09375,16.984375,17.8984375,11.016515731811523,46039200
QCOM,1999-08-06,17.75,18.626953125,17.6875,18.46875,11.367547988891602,28088000
QCOM,1999-08-09,18.59375,18.7421875,18.234375,18.4296875,11.343499183654785,17400000
QCOM,1999-08-10,18.2421875,18.484375,17.625,18.453125,11.357922554016113,48811200
QCOM,1999-08-11,18.484375,18.75,18.0390625,18.71875,11.5214204788208,22624800
QCOM,1999-08-12,18.6875,19.234375,18.59375,18.875,11.617592811584473,29253600
QCOM,1999-08-13,19.1328125,20.0,19.09375,20.0,12.310030937194824,24576000
QCOM,1999-08-16,20.046875,20.4296875,19.75,20.21875,12.444669723510742,20960800
QCOM,1999-08-17,20.4765625,21.7109375,20.46875,21.6328125,13.315032958984375,39671200
QCOM,1999-08-18,21.234375,21.796875,20.796875,20.8125,12.810128211975098,29160800
QCOM,1999-08-19,20.3125,21.09375,20.25,20.59375,12.675484657287598,21305600
QCOM,1999-08-20,20.671875,21.8828125,20.59375,21.8671875,13.459290504455566,29739200
QCOM,1999-08-23,22.046875,23.0,21.96875,22.9296875,14.113259315490723,26557600
QCOM,1999-08-24,22.71875,22.84375,22.25,22.375,13.771845817565918,29850400
QCOM,1999-08-25,22.75,23.828125,22.4609375,23.75,14.618159294128418,26909600
QCOM,1999-08-26,23.65625,24.828125,23.2734375,23.84375,14.675862312316895,34950400
QCOM,1999-08-27,24.125,24.484375,22.921875,22.96875,14.137303352355957,31424000
QCOM,1999-08-30,23.4921875,23.5078125,22.5,22.875,14.079598426818848,23143200
QCOM,1999-08-31,23.078125,24.234375,22.75,24.0234375,14.786458969116211,31839200
QCOM,1999-09-01,23.4375,23.59375,20.640625,21.0859375,12.978422164916992,194933600
QCOM,1999-09-02,20.1953125,21.609375,19.65625,20.90625,12.867831230163574,121016800
QCOM,1999-09-03,21.6015625,21.625,20.03125,20.421875,12.569694519042969,62366400
QCOM,1999-09-07,20.4375,21.125,20.21875,20.7265625,12.757231712341309,42132000
QCOM,1999-09-08,20.6328125,21.484375,20.375,20.984375,12.915911674499512,35501600
QCOM,1999-09-09,21.34375,21.4296875,20.283203125,20.765625,12.78127670288086,34472800
QCOM,1999-09-10,21.03125,21.0625,20.5,20.7109375,12.747612953186035,24034400
QCOM,1999-09-13,19.9375,20.0,19.03515625,19.171875,11.800318717956543,77348000
QCOM,1999-09-14,19.7734375,21.7109375,19.7734375,21.3125,13.117874145507812,120692000
QCOM,1999-09-15,21.78125,22.28125,20.921875,21.734375,13.377538681030273,61736000
QCOM,1999-09-16,21.6875,22.703125,21.5,22.484375,13.839163780212402,53188800
QCOM,1999-09-17,22.625,23.7578125,22.53125,23.7421875,14.61335277557373,52569600
QCOM,1999-09-20,23.46875,23.765625,23.046875,23.5,14.464289665222168,21517600
QCOM,1999-09-21,23.1328125,23.34375,22.75,22.7890625,14.026703834533691,25990400
QCOM,1999-09-22,22.96875,23.796875,22.5703125,23.765625,14.62777328491211,30475200
QCOM,1999-09-23,23.8984375,24.875,22.859375,23.328125,14.358492851257324,52252000
QCOM,1999-09-24,23.34375,24.125,22.96875,23.6875,14.579691886901855,40697600
QCOM,1999-09-27,24.203125,24.6796875,24.046875,24.1640625,14.87301254272461,27277600
QCOM,1999-09-28,23.328125,24.5625,23.21875,24.203125,14.897066116333008,38868000
QCOM,1999-09-29,24.140625,24.3125,23.140625,23.46875,14.445047378540039,25724000
QCOM,1999-09-30,23.46875,24.265625,22.6640625,23.6484375,14.555649757385254,35874400
QCOM,1999-10-01,23.421875,23.5546875,22.84375,23.3515625,14.37292194366455,21776800
QCOM,1999-10-04,23.625,23.75,23.046875,23.73046875,14.6061429977417,18584800
QCOM,1999-10-05,23.8359375,24.5625,23.8359375,24.34375,14.983616828918457,35221600
QCOM,1999-10-06,24.59375,26.0625,24.34375,25.5390625,15.71933364868164,53060000
QCOM,1999-10-07,26.03125,26.0625,24.6875,25.0703125,15.430810928344727,34461600
QCOM,1999-10-08,25.15625,26.8125,25.15625,26.7421875,16.459863662719727,42052000
QCOM,1999-10-11,26.640625,28.0859375,26.625,27.8125,17.118637084960938,40125600
QCOM,1999-10-12,27.78125,27.8125,26.4296875,26.5078125,16.315601348876953,37512800
QCOM,1999-10-13,26.5625,27.15625,25.203125,25.54296875,15.721744537353516,58283200
QCOM,1999-10-14,24.9453125,25.57421875,24.0,25.50390625,15.697694778442383,71625600
QCOM,1999-10-15,24.390625,25.40625,23.890625,24.8125,15.272133827209473,46405600
QCOM,1999-10-18,24.4375,24.546875,23.625,24.4609375,15.055742263793945,35796800
QCOM,1999-10-19,25.109375,25.7109375,24.375,24.75,15.233668327331543,41896800
QCOM,1999-10-20,25.1796875,25.296875,24.56640625,25.2890625,15.56545639038086,27703200
QCOM,1999-10-21,24.875,27.109375,24.7109375,26.9609375,16.59449577331543,35216000
QCOM,1999-10-22,27.53125,28.21875,26.3828125,26.96875,16.59929656982422,39022400
QCOM,1999-10-25,27.03125,27.4609375,26.265625,26.390625,16.24346923828125,23416800
QCOM,1999-10-26,26.984375,27.15625,25.921875,25.96875,15.983803749084473,18317600
QCOM,1999-10-27,26.3515625,26.3515625,25.4375,26.015625,16.01265525817871,20225600
QCOM,1999-10-28,26.640625,27.25,26.0625,27.25,16.772417068481445,28864000
QCOM,1999-10-29,27.625,28.296875,27.171875,27.84375,17.137868881225586,35095200
QCOM,1999-11-01,27.6953125,28.6953125,27.5,28.1484375,17.32541275024414,32648000
QCOM,1999-11-02,28.6875,28.6875,27.40625,28.1015625,17.29655647277832,39400000
QCOM,1999-11-03,31.109375,32.59375,30.125,32.5625,20.042274475097656,113090400
QCOM,1999-11-04,33.5859375,33.6328125,32.203125,32.9921875,20.30674171447754,53275200
QCOM,1999-11-05,34.09375,37.359375,33.8828125,36.796875,22.648527145385742,92534400
QCOM,1999-11-08,36.8125,36.984375,35.75,36.171875,22.263845443725586,47781600
QCOM,1999-11-09,37.625,38.25,36.28125,37.4765625,23.066883087158203,48782400
QCOM,1999-11-10,37.8125,41.03125,37.2734375,39.9453125,24.58640480041504,76672800
QCOM,1999-11-11,40.7578125,43.25,40.25,43.1875,26.58197021484375,72888000
QCOM,1999-11-12,44.328125,49.4375,43.75,47.25,29.08245086669922,145692000
QCOM,1999-11-15,48.78125,50.765625,43.75,46.0,28.313068389892578,131190400
QCOM,1999-11-16,45.873046875,46.6875,44.375,45.6875,28.12073516845703,71872000
QCOM,1999-11-17,45.5625,46.0625,41.0,42.859375,26.3800106048584,115020800
QCOM,1999-11-18,42.96875,45.375,41.25,44.4765625,27.37539291381836,60215200
QCOM,1999-11-19,44.5859375,46.125,43.625,45.8828125,28.240942001342773,41789600
QCOM,1999-11-22,45.6875,45.75,44.5859375,45.0,27.697559356689453,27664800
QCOM,1999-11-23,45.0625,45.7421875,43.09375,45.03125,27.71680450439453,38456000
QCOM,1999-11-24,44.96875,47.015625,44.25,46.9140625,28.875673294067383,34574400
QCOM,1999-11-26,47.6484375,48.796875,47.375,48.09375,29.601770401000977,18361600
QCOM,1999-11-29,47.8125,48.71875,46.25,46.40625,28.563121795654297,30764800
QCOM,1999-11-30,46.375,47.25,44.90625,45.2890625,27.87550163269043,33812800
QCOM,1999-12-01,45.4375,46.03125,44.375,45.515625,28.014942169189453,25880800
QCOM,1999-12-02,46.0625,46.84375,45.3125,46.75,28.774707794189453,26660000
QCOM,1999-12-03,47.625,49.0625,47.3828125,48.0546875,29.577735900878906,31661600
QCOM,1999-12-06,48.4296875,50.171875,48.125,49.34375,30.371152877807617,39209600
QCOM,1999-12-07,49.96875,50.9375,49.4375,49.859375,30.68852996826172,32708000
QCOM,1999-12-08,49.515625,50.875,48.59375,48.65625,29.947986602783203,30504000
QCOM,1999-12-09,50.0,50.1171875,47.4375,49.375,30.390396118164062,24025600
QCOM,1999-12-10,49.5,50.109375,47.9921875,48.9375,30.121112823486328,26709600
QCOM,1999-12-13,49.125,52.4375,48.75,52.1953125,32.12630844116211,47453600
QCOM,1999-12-14,52.5,54.703125,51.75,52.65625,32.41001510620117,47085600
QCOM,1999-12-15,51.767578125,53.140625,50.625,52.8984375,32.55908203125,38286400
QCOM,1999-12-16,53.9375,55.0,53.0,54.90625,33.79487991333008,27794400
QCOM,1999-12-17,56.625,57.0,55.25,56.875,35.00664520263672,40534400
QCOM,1999-12-20,56.984375,59.9375,56.453125,58.3515625,35.915470123291016,45477600
QCOM,1999-12-21,59.9453125,62.609375,59.875,62.109375,38.228424072265625,50101600
QCOM,1999-12-22,64.9375,65.265625,60.625,60.6796875,37.34843444824219,56937600
QCOM,1999-12-23,59.84375,59.875,58.0546875,58.3125,35.89143371582031,43408800
QCOM,1999-12-27,59.78125,65.015625,57.28125,64.1796875,39.502685546875,50074400
QCOM,1999-12-28,65.970703125,66.0625,58.75,62.875,38.69965744018555,39803200
QCOM,1999-12-29,70.359375,82.7578125,70.0,82.375,50.70193862915039,118083200
QCOM,1999-12-30,92.0,92.515625,79.8671875,80.875,49.77867889404297,129003200
QCOM,1999-12-31,85.5,90.5625,83.625,88.0625,54.20260238647461,72674200
QCOM,2000-01-03,99.625,100.0,87.0,89.65625,55.18356704711914,91334000
QCOM,2000-01-04,86.28125,87.65625,80.0,81.03125,49.87485122680664,63567400
QCOM,2000-01-05,79.9375,81.625,69.5,78.21875,48.143775939941406,93778400
QCOM,2000-01-06,74.25,78.0,69.875,70.03125,43.10432815551758,58782600
QCOM,2000-01-07,67.0,75.25,66.4609375,75.0,46.162620544433594,68198600
QCOM,2000-01-10,81.0,81.5,76.25,79.6875,49.04780197143555,35360800
QCOM,2000-01-11,78.0,78.9375,70.75,72.21875,44.45075988769531,30575800
QCOM,2000-01-12,72.5,73.75,68.03125,69.125,42.546546936035156,34455600
QCOM,2000-01-13,72.1875,72.8125,68.8125,71.5625,44.04682540893555,25146800
QCOM,2000-01-14,73.8125,74.46875,69.75,70.21875,43.21975326538086,26209200
QCOM,2000-01-18,68.71875,70.625,67.5,69.53125,42.79658508300781,28503000
QCOM,2000-01-19,68.5625,73.5,68.5,73.3125,45.12393569946289,30728400
QCOM,2000-01-20,74.625,78.0,73.5625,77.8125,47.89370346069336,39224000
QCOM,2000-01-21,79.125,80.21875,75.5,77.46875,47.682132720947266,34955000
QCOM,2000-01-24,77.875,78.5,69.8125,70.03125,43.10432815551758,32170600
QCOM,2000-01-25,71.8125,74.96875,70.0,74.5,45.854854583740234,39671400
QCOM,2000-01-26,64.5,65.4375,60.0,62.3125,38.35342788696289,136953200
QCOM,2000-01-27,63.34375,64.0,58.6875,60.0,36.930076599121094,62571000
QCOM,2000-01-28,60.53125,60.6875,52.8125,55.28125,34.025691986083984,85675000
QCOM,2000-01-31,56.3125,63.75,56.09375,63.5,39.08434295654297,80518000
QCOM,2000-02-01,65.75,70.0,65.4609375,68.03125,41.87334060668945,69648400
QCOM,2000-02-02,68.4375,72.75,68.0,71.03125,43.719844818115234,57368200
QCOM,2000-02-03,72.5625,74.0,66.0,69.59375,42.83505630493164,52571000
QCOM,2000-02-04,70.9375,70.9375,67.5,68.71875,42.29650115966797,30028800
QCOM,2000-02-07,67.21875,67.625,65.125,66.71875,41.06549835205078,20868400
QCOM,2000-02-08,66.75,69.8125,66.71875,69.53125,42.79658508300781,21450800
QCOM,2000-02-09,69.75,70.0,66.5,66.65625,41.02701950073242,20141200
QCOM,2000-02-10,67.28125,68.5625,66.5,68.46875,42.142601013183594,15072200
QCOM,2000-02-11,67.5390625,68.25,65.75,66.0,40.62311935424805,12419400
QCOM,2000-02-14,64.6875,65.0,62.5,63.5625,39.12281036376953,23353600
QCOM,2000-02-15,62.1796875,63.84375,60.03125,63.3125,38.96894836425781,30036000
QCOM,2000-02-16,62.6875,65.75,60.5,60.9375,37.507137298583984,30052000
QCOM,2000-02-17,62.5625,65.5,61.0,65.0,40.00759506225586,34971600
QCOM,2000-02-18,66.0078125,69.375,65.875,67.25,41.392486572265625,42991600
QCOM,2000-02-22,66.25,67.875,63.125,65.28125,40.18071365356445,24472000
QCOM,2000-02-23,66.6875,73.75,65.375,73.4375,45.200889587402344,52349200
QCOM,2000-02-24,68.4375,71.125,67.5,69.84375,42.98893737792969,51715400
QCOM,2000-02-25,68.125,71.0,66.6875,66.78125,41.10395050048828,23405600
QCOM,2000-02-28,68.75,73.75,68.75,71.625,44.08531951904297,36400800
QCOM,2000-02-29,73.0,74.0,69.125,71.21875,43.83525848388672,31323400
QCOM,2000-03-01,70.25,70.65625,68.265625,69.5,42.7773551940918,20865400
QCOM,2000-03-02,69.4375,69.5625,66.0,66.09375,40.680824279785156,20560800
QCOM,2000-03-03,65.5,67.5,63.0,65.9375,40.58462905883789,33932600
QCOM,2000-03-06,64.75,69.0,64.0,66.625,41.00779724121094,23576200
QCOM,2000-03-07,67.25,67.375,63.75,64.0,39.39210891723633,21447000
QCOM,2000-03-08,65.3125,65.8125,62.4921875,64.5625,39.738319396972656,22876000
QCOM,2000-03-09,63.59375,64.625,62.375,63.5,39.08434295654297,17427800
QCOM,2000-03-10,62.59375,72.75,61.0,68.0625,41.89257049560547,83012800
QCOM,2000-03-13,64.1875,68.0,63.5625,65.09375,40.0653076171875,35140400
QCOM,2000-03-14,66.0625,67.0,62.5,62.5625,38.50730895996094,24239800
QCOM,2000-03-15,63.0,66.5,62.75,64.0,39.39210891723633,31392000
QCOM,2000-03-16,65.21875,67.0,63.25,66.4375,40.892372131347656,23705600
QCOM,2000-03-17,66.375,68.75,66.3125,68.125,41.93104934692383,31121600
QCOM,2000-03-20,67.15625,67.96875,64.0,64.8125,39.892189025878906,18187800
QCOM,2000-03-21,63.875,67.5,62.875,67.3125,41.43096160888672,18525200
QCOM,2000-03-22,66.84375,67.875,65.25,67.4375,41.50790023803711,19331800
QCOM,2000-03-23,66.28125,72.3125,66.125,72.0625,44.35457229614258,42424400
QCOM,2000-03-24,71.75,76.2109375,71.1875,73.0,44.93162536621094,50165800
QCOM,2000-03-27,73.84375,78.0,73.25,74.46875,45.83564758300781,37870000
QCOM,2000-03-28,74.875,78.5,73.5,77.40625,47.64366149902344,41268000
QCOM,2000-03-29,79.125,81.28125,76.09375,78.75,48.47074890136719,50245600
QCOM,2000-03-30,75.9375,78.625,69.625,72.6171875,44.696014404296875,41385600
QCOM,2000-03-31,74.90625,76.75,72.5,74.65625,45.951026916503906,34407000
QCOM,2000-04-03,74.34375,76.0,69.03125,70.375,43.31591796875,26965400
QCOM,2000-04-04,70.9375,73.75,62.0,73.3125,45.12393569946289,42759000
QCOM,2000-04-05,70.375,72.5,68.5625,70.625,43.46978759765625,23548800
QCOM,2000-04-06,70.6875,71.5,68.5,69.5625,42.81583023071289,16193600
QCOM,2000-04-07,70.9375,76.375,70.0,76.125,46.85505676269531,31462600
QCOM,2000-04-10,75.6875,75.90625,70.125,70.59375,43.4505729675293,20188800
QCOM,2000-04-11,67.75,73.75,66.96875,68.71875,42.29650115966797,22864800
QCOM,2000-04-12,68.96875,70.5,62.5,62.5625,38.50730895996094,31838800
QCOM,2000-04-13,64.0,67.8125,61.5,63.25,38.930484771728516,30230600
QCOM,2000-04-14,61.5,65.375,51.5,52.59375,32.37152862548828,66002600
QCOM,2000-04-17,49.21875,58.71875,49.0625,58.4375,35.968353271484375,64758800
QCOM,2000-04-18,57.7578125,60.625,53.5,56.09375,34.525787353515625,44492400
QCOM,2000-04-19,59.625,62.9375,56.5,57.375,35.31440734863281,59833800
QCOM,2000-04-20,57.96875,59.25,53.25,54.75,33.698707580566406,38979800
QCOM,2000-04-24,51.5,52.0,46.125,49.8125,30.659669876098633,64246400
QCOM,2000-04-25,52.25,54.15625,50.75,52.46875,32.294593811035156,47791400
QCOM,2000-04-26,52.46875,52.625,48.5,48.625,29.928762435913086,31038600
QCOM,2000-04-27,47.4375,52.0,47.25,51.75,31.852216720581055,41750800
QCOM,2000-04-28,52.9375,55.0,52.25,54.21875,33.37171936035156,31301200
QCOM,2000-05-01,54.8125,55.96875,53.625,54.875,33.775638580322266,22545000
QCOM,2000-05-02,55.40625,60.0,55.0625,56.84375,34.98741912841797,52975000
QCOM,2000-05-03,55.8125,57.0,54.0625,55.46875,34.141109466552734,32021800
QCOM,2000-05-04,55.4296875,56.125,52.84375,53.34375,32.83317565917969,20103200
QCOM,2000-05-05,52.65625,55.6875,52.5,54.875,33.775638580322266,15971000
QCOM,2000-05-08,53.25,53.859375,51.40625,51.5,31.69833755493164,16030200
QCOM,2000-05-09,52.25,53.9375,51.0,52.5,32.3138313293457,23062400
QCOM,2000-05-10,51.125,52.0,48.5,48.65625,29.947986602783203,34484800
QCOM,2000-05-11,50.375,50.625,47.5,49.65625,30.563478469848633,32332200
QCOM,2000-05-12,50.875,51.25,48.75,49.0,30.159578323364258,17078000
QCOM,2000-05-15,49.15625,52.25,48.3125,52.15625,32.10225296020508,21605400
QCOM,2000-05-16,52.6796875,54.5,52.5,54.34375,33.448665618896484,23164200
QCOM,2000-05-17,52.25,53.125,51.21875,51.578125,31.74643325805664,18169600
QCOM,2000-05-18,51.5625,51.59375,48.0,48.46875,29.83259391784668,27271200
QCOM,2000-05-19,47.5,48.3125,44.515625,44.59375,27.447525024414062,50833400
QCOM,2000-05-22,45.0,45.0625,38.875,44.21875,27.216718673706055,51737000
QCOM,2000-05-23,43.375,43.6875,39.625,39.6875,24.427719116210938,37273800
QCOM,2000-05-24,38.15625,39.25,34.890625,38.375,23.6198673248291,82046200
QCOM,2000-05-25,39.78125,41.125,34.3125,34.5,21.23480224609375,60416400
QCOM,2000-05-26,34.90625,35.0,31.1875,33.03125,20.330785751342773,76242600
QCOM,2000-05-30,31.6640625,38.3125,30.0,38.1875,23.50447654724121,114359800
QCOM,2000-05-31,35.375,36.0,33.0,33.1875,20.42695426940918,109686200
QCOM,2000-06-01,35.625,36.0,34.125,34.5,21.23480224609375,64625400
QCOM,2000-06-02,37.09375,37.375,34.15625,36.34375,22.369630813598633,75612600
QCOM,2000-06-05,32.53125,34.9375,32.4375,33.625,20.696243286132812,59490200
QCOM,2000-06-06,33.875,36.4375,33.8125,34.4375,21.196332931518555,47774000
QCOM,2000-06-07,35.8125,37.40625,35.25,37.34375,22.985139846801758,45259200
QCOM,2000-06-08,39.0625,40.0,37.75,38.71875,23.831445693969727,43289400
QCOM,2000-06-09,40.25,40.5,39.25,39.53125,24.331546783447266,29512400
QCOM,2000-06-12,41.625,42.15625,40.0,40.84375,25.139389038085938,30566000
QCOM,2000-06-13,40.46875,41.40625,38.40625,40.6875,25.043230056762695,38326000
QCOM,2000-06-14,40.84375,41.0,34.5,35.25,21.696430206298828,83876600
QCOM,2000-06-15,31.4375,31.84375,29.9921875,30.71875,18.907432556152344,122278000
QCOM,2000-06-16,32.1875,33.75,31.875,32.875,20.2346134185791,55383200
QCOM,2000-06-19,32.90625,33.125,31.625,32.59375,20.06150245666504,26381800
QCOM,2000-06-20,32.71875,32.84375,31.25,31.46875,19.369060516357422,28998800
QCOM,2000-06-21,31.125,33.75,30.9375,32.25,19.84992027282715,38151600
QCOM,2000-06-22,32.625,36.9375,32.1875,34.125,21.003990173339844,84558800
QCOM,2000-06-23,35.78125,37.375,32.75,33.1875,20.42695426940918,58846800
QCOM,2000-06-26,34.09375,34.1796875,31.453125,32.375,19.92685890197754,34292400
QCOM,2000-06-27,32.1875,33.75,31.4375,31.84375,19.59987449645996,29835800
QCOM,2000-06-28,30.0625,33.0,28.75,31.78125,19.561405181884766,77099400
QCOM,2000-06-29,30.9375,31.609375,30.5,30.75,18.926668167114258,23910000
QCOM,2000-06-30,31.0,31.0625,29.0,30.0,18.465038299560547,37016200
QCOM,2000-07-03,29.96875,30.9375,29.75,30.125,18.54197883605957,8696800
QCOM,2000-07-05,30.5,31.5,29.125,29.21875,17.984176635742188,20386800
QCOM,2000-07-06,29.6875,31.3125,28.78125,30.84375,18.984373092651367,24744200
QCOM,2000-07-07,28.6875,29.6328125,28.03125,28.3125,17.4263858795166,56752800
QCOM,2000-07-10,27.96875,28.75,27.0,27.4375,16.887819290161133,35357000
QCOM,2000-07-11,26.78125,27.9375,25.75,26.5,16.310787200927734,36054000
QCOM,2000-07-12,27.65625,30.75,26.96875,30.5,18.772798538208008,48357000
QCOM,2000-07-13,30.8125,31.5,29.6875,31.0,19.080549240112305,32298800
QCOM,2000-07-14,31.71875,32.4375,30.5,31.53125,19.40753936767578,22639000
QCOM,2000-07-17,32.4375,35.46875,32.3125,34.90625,21.48485565185547,50497000
QCOM,2000-07-18,34.21875,34.4375,32.5,32.5625,20.042274475097656,27709600
QCOM,2000-07-19,32.34375,32.46875,31.0625,31.5,19.3883056640625,25049400
QCOM,2000-07-20,29.6875,31.84375,28.53125,31.53125,19.40753936767578,48041800
QCOM,2000-07-21,30.65625,32.5,30.625,31.40625,19.330589294433594,19396600
QCOM,2000-07-24,31.375,32.46875,31.0625,31.8125,19.580644607543945,22134400
QCOM,2000-07-25,32.90625,34.75,32.84375,34.1875,21.042451858520508,47747400
QCOM,2000-07-26,33.75,35.25,33.03125,34.34375,21.138633728027344,32742000
QCOM,2000-07-27,33.03125,33.5625,31.78125,32.78125,20.176912307739258,26503600
QCOM,2000-07-28,32.1875,33.125,30.5,31.21875,19.21519660949707,17759200
QCOM,2000-07-31,32.5,33.1875,31.8125,32.46875,19.984560012817383,23021400
QCOM,2000-08-01,32.46875,32.5,31.40625,31.46875,19.369060516357422,11945000
QCOM,2000-08-02,31.625,32.3125,30.75,30.96875,19.061311721801758,10719800
QCOM,2000-08-03,30.0,32.25,29.1875,32.125,19.772991180419922,32228200
QCOM,2000-08-04,33.25,33.9375,31.5625,32.0,19.696054458618164,22564600
QCOM,2000-08-07,31.59375,32.90625,31.15625,31.78125,19.561405181884766,14546800
QCOM,2000-08-08,31.5,31.875,30.25,30.53125,18.792028427124023,16626600
QCOM,2000-08-09,31.3125,31.5546875,30.625,30.71875,18.907432556152344,14096200
QCOM,2000-08-10,31.1875,31.8125,30.625,30.71875,18.907432556152344,11360400
QCOM,2000-08-11,30.59375,31.1875,29.4375,30.8125,18.96514129638672,15463800
QCOM,2000-08-14,30.84375,31.5,30.5,31.3125,19.272899627685547,11490400
QCOM,2000-08-15,31.1875,31.1875,30.5,30.6875,18.888198852539062,9656000
QCOM,2000-08-16,31.0625,31.46875,30.03125,30.25,18.618921279907227,10482000
QCOM,2000-08-17,30.125,31.1875,30.03125,30.28125,18.638154983520508,11370000
QCOM,2000-08-18,30.46875,30.6875,29.84375,29.875,18.388118743896484,13836400
QCOM,2000-08-21,29.375,30.0,28.65625,29.5,18.15729522705078,15207200
QCOM,2000-08-22,29.03125,29.375,28.25,28.3125,17.4263858795166,22435200
QCOM,2000-08-23,27.71875,28.375,27.40625,28.21875,17.368684768676758,28425200
QCOM,2000-08-24,28.53125,30.375,28.4375,30.3125,18.657384872436523,27267000
QCOM,2000-08-25,30.15625,30.65625,29.125,29.4375,18.118825912475586,15588800
QCOM,2000-08-28,29.25,30.53125,29.234375,29.6875,18.272705078125,18180800
QCOM,2000-08-29,29.75,30.53125,29.3125,30.125,18.54197883605957,15618600
QCOM,2000-08-30,30.0625,30.1875,29.0,29.15625,17.945716857910156,19122000
QCOM,2000-08-31,29.375,31.03125,29.0,29.9375,18.426570892333984,38055400
QCOM,2000-09-01,30.40625,31.0,29.25,29.625,18.234224319458008,20437600
QCOM,2000-09-05,30.53125,30.8125,29.6875,29.6875,18.272705078125,19835400
QCOM,2000-09-06,30.0625,31.96875,29.9375,30.90625,19.02284812927246,57655800
QCOM,2000-09-07,31.1875,32.3125,30.3125,32.0625,19.734514236450195,39563800
QCOM,2000-09-08,31.84375,32.5,30.71875,30.78125,18.945911407470703,32579600
QCOM,2000-09-11,30.2734375,30.5625,29.0,29.0625,17.88800621032715,29739400
QCOM,2000-09-12,30.53125,31.8125,30.25,30.71875,18.907432556152344,44940200
QCOM,2000-09-13,30.75,32.1875,30.71875,32.0,19.696054458618164,24549400
QCOM,2000-09-14,32.5,32.5625,31.0,31.3125,19.272899627685547,20935800
QCOM,2000-09-15,31.3125,33.3125,30.8125,33.125,20.38849449157715,55480600
QCOM,2000-09-18,33.875,35.625,33.5625,34.90625,21.48485565185547,75770000
QCOM,2000-09-19,35.84375,39.375,35.3125,38.75,23.850675582885742,85274000
QCOM,2000-09-20,39.09375,39.25,36.3125,37.5234375,23.095733642578125,52449800
QCOM,2000-09-21,36.75,38.46875,35.5,35.96875,22.138826370239258,32562800
QCOM,2000-09-22,34.6875,36.5625,34.5,36.5,22.46581268310547,34164000
QCOM,2000-09-25,37.625,37.75,34.71875,35.0,21.54255485534668,20946200
QCOM,2000-09-26,35.6875,37.5,34.6875,36.6875,22.581209182739258,37944600
QCOM,2000-09-27,37.125,37.8125,36.0625,36.4375,22.427339553833008,30288200
QCOM,2000-09-28,36.125,37.59375,35.78125,37.40625,23.023597717285156,20885000
QCOM,2000-09-29,37.34375,37.34375,35.4375,35.625,21.927244186401367,13227800
QCOM,2000-10-02,36.3125,36.96875,35.375,35.65625,21.946474075317383,16962400
QCOM,2000-10-03,36.0,37.78125,35.71875,36.25,22.311941146850586,25109000
QCOM,2000-10-04,35.8125,39.75,35.75,39.21875,24.139196395874023,39061200
QCOM,2000-10-05,39.0,43.5,38.5,41.4375,25.50484275817871,64696200
QCOM,2000-10-06,41.4375,42.0,38.65625,38.90625,23.94685173034668,34240400
QCOM,2000-10-09,38.6875,40.5,38.25,39.6875,24.427719116210938,20522600
QCOM,2000-10-10,40.4375,41.9375,39.21875,39.84375,24.523900985717773,36832000
QCOM,2000-10-11,38.875,39.46875,33.1875,35.25,21.696430206298828,58025400
QCOM,2000-10-12,36.34375,37.09375,31.6875,32.1875,19.81145477294922,45688000
QCOM,2000-10-13,32.0,35.03125,31.5625,34.96875,21.5233211517334,28286400
QCOM,2000-10-16,37.4375,39.03125,36.40625,38.5,23.69681739807129,39924000
QCOM,2000-10-17,39.1875,39.3125,35.5,37.09375,22.83125877380371,23364400
QCOM,2000-10-18,35.0625,38.375,34.0,37.40625,23.023597717285156,28142400
QCOM,2000-10-19,38.9296875,39.0,36.65625,38.5,23.69681739807129,22504600
QCOM,2000-10-20,37.2890625,38.375,37.125,37.375,23.004377365112305,19325000
QCOM,2000-10-23,36.9140625,37.40625,35.40625,36.8125,22.65815544128418,18488000
QCOM,2000-10-24,35.96875,37.0,35.25,35.5,21.85030174255371,17440200
QCOM,2000-10-25,35.3828125,36.375,32.53125,32.875,20.2346134185791,19413200
QCOM,2000-10-26,33.6875,36.53125,33.0625,35.90625,22.10035514831543,23014800
QCOM,2000-10-27,36.25,38.0,35.4375,37.4375,23.0428409576416,21752800
QCOM,2000-10-30,35.65625,37.0,32.78125,34.0625,20.965524673461914,31944000
QCOM,2000-10-31,33.3125,35.28125,31.75,32.5546875,20.03746223449707,38786400
QCOM,2000-11-01,31.6953125,32.6875,30.5625,30.75,18.926668167114258,28733200
QCOM,2000-11-02,31.40625,32.375,30.5,31.40625,19.330589294433594,33365600
QCOM,2000-11-03,33.90625,36.8125,33.875,35.25,21.696430206298828,55045400
QCOM,2000-11-06,35.6875,36.1171875,34.875,35.28125,21.715667724609375,14825800
QCOM,2000-11-07,35.0,37.28125,34.9375,36.875,22.696611404418945,18673000
QCOM,2000-11-08,37.5703125,37.625,34.4375,34.53125,21.254039764404297,18517400
QCOM,2000-11-09,33.90625,36.46875,33.84375,36.34375,22.369630813598633,19473800
QCOM,2000-11-10,36.375,38.75,36.3125,36.96875,22.754331588745117,33861800
QCOM,2000-11-13,35.5,39.03125,35.46875,37.53125,23.100540161132812,35406600
QCOM,2000-11-14,38.375,40.375,37.21875,40.1875,24.735483169555664,28926000
QCOM,2000-11-15,40.6875,43.15625,40.625,42.09375,25.90877342224121,51017600
QCOM,2000-11-16,41.15625,44.90625,41.09375,44.03125,27.101301193237305,40047000
QCOM,2000-11-17,43.5546875,44.625,42.3125,44.40625,27.33211898803711,32321200
QCOM,2000-11-20,43.3125,44.125,42.0625,42.3125,26.043407440185547,20086600
QCOM,2000-11-21,41.4375,45.125,41.0625,43.75,26.928192138671875,30790600
QCOM,2000-11-22,42.8125,42.8125,38.75,39.46875,24.29306983947754,37088000
QCOM,2000-11-24,40.71875,42.875,40.625,42.25,26.004945755004883,12493800
QCOM,2000-11-27,43.5,45.6875,43.40625,44.71875,27.524456024169922,40959000
QCOM,2000-11-28,43.75,44.34375,41.15625,41.734375,25.68756103515625,33772400
QCOM,2000-11-29,41.0625,42.96875,39.25,41.3125,25.427898406982422,29682400
QCOM,2000-11-30,39.375,41.40625,37.625,40.125,24.696990966796875,30656800
QCOM,2000-12-01,41.1875,44.1875,40.75,41.5,25.54331398010254,28858600
QCOM,2000-12-04,43.5625,45.0625,43.0,45.0,27.697559356689453,43292600
QCOM,2000-12-05,46.25,50.0625,45.875,49.8125,30.659669876098633,58903800
QCOM,2000-12-06,49.125,53.90625,48.75,49.6875,30.58274269104004,68904400
QCOM,2000-12-07,48.21875,52.5,48.0,52.21875,32.14072036743164,47557800
QCOM,2000-12-08,52.65625,53.125,49.25,51.625,31.7752685546875,42941400
QCOM,2000-12-11,49.0,51.28125,47.75,49.75,30.62120246887207,36458200
QCOM,2000-12-12,49.0625,49.625,44.84375,44.90625,27.639881134033203,42861200
QCOM,2000-12-13,46.125,47.8125,45.53125,45.65625,28.101478576660156,31667600
QCOM,2000-12-14,45.53125,47.25,43.875,44.03125,27.101301193237305,21760400
QCOM,2000-12-15,42.6875,43.25,39.5,39.78125,24.48541831970215,57547800
QCOM,2000-12-18,40.625,43.375,40.625,42.71875,26.29344940185547,31734000
QCOM,2000-12-19,43.125,46.40625,41.5625,41.71875,25.67796516418457,37262600
QCOM,2000-12-20,40.9375,42.0,37.125,38.5625,23.73528480529785,44586200
QCOM,2000-12-21,38.5625,41.25,37.125,37.90625,23.331348419189453,35720200
QCOM,2000-12-22,39.3125,42.5,39.25,42.5,26.158809661865234,32830200
QCOM,2000-12-26,42.125,43.0625,40.3125,41.90625,25.793352127075195,16418600
QCOM,2000-12-27,42.15625,45.0625,42.0,44.9375,27.659109115600586,26665200
QCOM,2000-12-28,44.84375,45.3125,43.3125,44.6875,27.50522804260254,20138800
QCOM,2000-12-29,44.75,45.875,40.65625,41.09375,25.293275833129883,23929400
QCOM,2001-01-02,40.9375,41.125,35.15625,35.4375,21.811832427978516,36380600
QCOM,2001-01-03,34.5625,42.875,34.53125,42.03125,25.87029266357422,47526000
QCOM,2001-01-04,39.5,41.1875,38.375,39.46875,24.29306983947754,40355600
QCOM,2001-01-05,39.6875,39.90625,36.28125,36.53125,22.48503875732422,31656400
QCOM,2001-01-08,36.5,39.0,35.875,38.9375,23.966089248657227,23359400
QCOM,2001-01-09,37.5625,38.15625,35.84375,36.625,22.542747497558594,29433000
QCOM,2001-01-10,34.6875,36.3125,33.875,36.21875,22.292692184448242,35403600
QCOM,2001-01-11,35.125,37.03125,34.78125,35.28125,21.715667724609375,25866400
QCOM,2001-01-12,35.9375,37.53125,35.28125,35.90625,22.10035514831543,22619600
QCOM,2001-01-16,34.8125,35.5625,34.21875,35.46875,21.83106803894043,21852600
QCOM,2001-01-17,36.5,37.21875,35.78125,36.5,22.46581268310547,26540000
QCOM,2001-01-18,36.8125,37.0,35.71875,36.53125,22.48503875732422,23147800
QCOM,2001-01-19,37.1875,37.21875,35.0,35.1875,21.657958984375,25167400
QCOM,2001-01-22,35.21875,37.859375,34.65625,37.71875,23.21595001220703,33483800
QCOM,2001-01-23,38.15625,39.9375,38.0625,38.8125,23.889148712158203,37063200
QCOM,2001-01-24,39.1875,39.1953125,36.4375,37.125,22.85049819946289,28724200
QCOM,2001-01-25,37.0625,38.25,36.4375,36.96875,22.754331588745117,31479800
QCOM,2001-01-26,38.46875,40.6875,37.875,40.5,24.927799224853516,57665400
QCOM,2001-01-29,40.09375,43.5,39.75,43.40625,26.71661949157715,34226200
QCOM,2001-01-30,42.875,43.0,41.515625,42.84375,26.37040901184082,22811800
QCOM,2001-01-31,43.0,43.3125,41.96875,42.03125,25.87029266357422,22513800
QCOM,2001-02-01,41.5625,42.75,40.46875,42.625,26.235748291015625,22344000
QCOM,2001-02-02,42.0625,44.5625,41.625,43.40625,26.71661949157715,44556200
QCOM,2001-02-05,42.90625,44.2421875,42.5625,43.21875,26.601211547851562,21904200
QCOM,2001-02-06,42.9375,43.6875,40.90625,41.46875,25.52408790588379,16467400
QCOM,2001-02-07,40.78125,43.875,40.46875,43.3125,26.658910751342773,28307600
QCOM,2001-02-08,43.21875,44.6875,42.3125,42.375,26.081878662109375,25561800
QCOM,2001-02-09,42.0,43.0,38.875,39.5625,24.350788116455078,25314800
QCOM,2001-02-12,39.53125,42.46875,39.5,41.4375,25.50484275817871,26479400
QCOM,2001-02-13,42.75,43.5625,40.21875,40.25,24.773937225341797,24444800
QCOM,2001-02-14,40.78125,42.0,39.875,41.6875,25.658720016479492,24141800
QCOM,2001-02-15,42.265625,43.96875,42.21875,42.8125,26.351165771484375,25560200
QCOM,2001-02-16,40.625,41.6875,39.96875,40.3125,24.81241226196289,23395000
QCOM,2001-02-20,40.21875,40.9375,37.6875,37.7578125,23.240005493164062,24447400
QCOM,2001-02-21,36.375,37.90625,34.9375,35.625,21.927244186401367,32640000
QCOM,2001-02-22,34.9375,35.25,31.53125,33.46875,20.600067138671875,51144600
QCOM,2001-02-23,29.5625,31.3125,25.0625,30.90625,19.02284812927246,149932400
QCOM,2001-02-26,31.4375,32.09375,29.375,31.53125,19.40753936767578,53842800
QCOM,2001-02-27,30.84375,30.875,27.71875,27.8125,17.118637084960938,47386000
QCOM,2001-02-28,28.0,29.25,26.0625,27.40625,16.868593215942383,57997000
QCOM,2001-03-01,27.5625,30.75,27.46875,30.59375,18.830501556396484,55642200
QCOM,2001-03-02,29.84375,32.375,29.75,30.25,18.618921279907227,54743000
QCOM,2001-03-05,30.5625,31.625,29.75,31.46875,19.369060516357422,22659000
QCOM,2001-03-06,32.4375,33.234375,29.09375,29.53125,18.17652702331543,41703600
QCOM,2001-03-07,30.5,30.65625,28.03125,28.8125,17.73413848876953,45456400
QCOM,2001-03-08,28.84375,29.625,28.59375,28.625,17.618732452392578,22061200
QCOM,2001-03-09,27.9375,28.625,25.96875,25.96875,15.983803749084473,33687600
QCOM,2001-03-12,25.5,27.0,23.625,24.03125,14.791267395019531,48112000
QCOM,2001-03-13,24.3125,26.5,23.78125,26.40625,16.253084182739258,42182600
QCOM,2001-03-14,24.9453125,26.78125,24.5,25.65625,15.791465759277344,40149000
QCOM,2001-03-15,26.8125,27.5625,26.0625,26.09375,16.06074333190918,26985600
QCOM,2001-03-16,25.1875,25.6875,24.625,25.15625,15.483722686767578,30580400
QCOM,2001-03-19,25.25,29.8125,25.125,29.09375,17.907245635986328,44608600
QCOM,2001-03-20,29.0,29.75,26.6875,27.0,16.618541717529297,42417400
QCOM,2001-03-21,27.40625,29.5625,27.0625,29.0625,17.88800621032715,43807600
QCOM,2001-03-22,29.125,29.78125,26.5,28.4375,17.50332260131836,59501800
QCOM,2001-03-23,29.6875,29.96875,28.03125,29.4375,18.118825912475586,35733800
QCOM,2001-03-26,29.6875,30.5625,27.5625,28.3125,17.4263858795166,38035000
QCOM,2001-03-27,28.53125,30.5,28.3125,29.9375,18.426570892333984,43913800
QCOM,2001-03-28,29.1875,29.375,26.8125,27.40625,16.868593215942383,39496800
QCOM,2001-03-29,26.1875,28.0625,26.0,27.34375,16.830123901367188,36864200
QCOM,2001-03-30,27.46875,28.84375,26.28125,28.3125,17.4263858795166,29803400
QCOM,2001-04-02,27.75,28.75,25.46875,25.75,15.84916877746582,37414800
QCOM,2001-04-03,26.0,26.375,22.84375,22.875,14.079598426818848,49397200
QCOM,2001-04-04,22.4375,23.8125,21.375,21.9375,13.502570152282715,62465400
QCOM,2001-04-05,23.0625,24.25,21.6875,23.96875,14.752803802490234,63258000
QCOM,2001-04-06,23.390625,23.71875,21.84375,22.3125,13.73337459564209,40943200
QCOM,2001-04-09,22.354999542236328,23.100000381469727,21.889999389648438,22.6200008392334,13.922643661499023,23734400
QCOM,2001-04-10,22.924999237060547,25.34000015258789,22.604999542236328,24.399999618530273,15.018241882324219,34930600
QCOM,2001-04-11,26.434999465942383,26.524999618530273,24.850000381469727,25.545000076293945,15.72298812866211,29363800
QCOM,2001-04-12,24.5,26.639999389648438,23.549999237060547,26.520000457763672,16.323102951049805,36153200
QCOM,2001-04-16,25.799999237060547,26.010000228881836,24.0049991607666,24.184999465942383,14.885904312133789,23467800
QCOM,2001-04-17,23.975000381469727,25.7549991607666,23.950000762939453,25.3799991607666,15.621432304382324,28842800
QCOM,2001-04-18,26.989999771118164,30.0,26.375,29.375,18.080352783203125,51701600
QCOM,2001-04-19,29.899999618530273,33.25,28.93000030517578,33.165000915527344,20.41311264038086,55586000
QCOM,2001-04-20,32.04999923706055,33.0,30.6299991607666,31.915000915527344,19.64373207092285,33502800
QCOM,2001-04-23,30.65999984741211,31.524999618530273,29.024999618530273,29.100000381469727,17.911090850830078,27689000
QCOM,2001-04-24,29.729999542236328,31.315000534057617,29.625,29.75,18.311172485351562,26453200
QCOM,2001-04-25,29.6299991607666,31.649999618530273,29.079999923706055,31.489999771118164,19.382137298583984,35864400
QCOM,2001-04-26,28.264999389648438,30.075000762939453,28.264999389648438,29.024999618530273,17.86493492126465,62933200
QCOM,2001-04-27,29.9950008392334,30.25,27.93000030517578,28.149999618530273,17.32636260986328,33430000
QCOM,2001-04-30,29.479999542236328,30.30500030517578,28.350000381469727,28.68000030517578,17.6525821685791,29310000
QCOM,2001-05-01,28.360000610351562,30.924999237060547,27.875,30.875,19.00361442565918,27274200
QCOM,2001-05-02,30.735000610351562,31.469999313354492,29.520000457763672,30.049999237060547,18.49582290649414,25198200
QCOM,2001-05-03,29.56999969482422,30.5,28.860000610351562,29.420000076293945,18.10805320739746,22814000
QCOM,2001-05-04,28.575000762939453,31.135000228881836,28.174999237060547,30.795000076293945,18.954364776611328,30661200
QCOM,2001-05-07,30.690000534057617,30.774999618530273,29.780000686645508,30.2450008392334,18.615846633911133,19977000
QCOM,2001-05-08,30.739999771118164,31.469999313354492,30.209999084472656,31.024999618530273,19.095935821533203,20837200
QCOM,2001-05-09,30.594999313354492,30.795000076293945,29.524999618530273,29.639999389648438,18.24346160888672,17913600
QCOM,2001-05-10,30.424999237060547,30.649999618530273,29.260000228881836,29.30500030517578,18.037277221679688,15230200
QCOM,2001-05-11,29.344999313354492,30.014999389648438,28.56999969482422,28.975000381469727,17.834157943725586,12634600
QCOM,2001-05-14,29.059999465942383,29.104999542236328,27.600000381469727,28.459999084472656,17.517169952392578,18167600
QCOM,2001-05-15,29.100000381469727,31.18000030517578,29.020000457763672,29.75,18.311172485351562,37908200
QCOM,2001-05-16,30.389999389648438,32.46500015258789,29.934999465942383,32.380001068115234,19.929946899414062,34841400
QCOM,2001-05-17,32.33000183105469,34.154998779296875,32.20000076293945,33.17499923706055,20.419265747070312,31584000
QCOM,2001-05-18,32.755001068115234,33.43000030517578,32.2599983215332,32.689998626708984,20.120742797851562,15781000
QCOM,2001-05-21,33.18000030517578,35.52000045776367,32.875,35.5,21.85030174255371,25088400
QCOM,2001-05-22,35.33000183105469,35.33000183105469,33.5,34.95500183105469,21.514856338500977,21910000
QCOM,2001-05-23,35.029998779296875,35.5,34.04499816894531,34.05500030517578,20.960899353027344,24848400
QCOM,2001-05-24,34.20000076293945,35.0,33.525001525878906,35.0,21.54255485534668,20010200
QCOM,2001-05-25,34.584999084472656,34.95000076293945,33.75,33.7599983215332,20.779335021972656,14916600
QCOM,2001-05-29,33.68000030517578,34.224998474121094,32.75,33.09000015258789,20.366945266723633,17413400
QCOM,2001-05-30,31.895000457763672,32.150001525878906,30.524999618530273,30.90999984741211,19.02515411376953,24797400
QCOM,2001-05-31,30.975000381469727,31.649999618530273,30.200000762939453,30.3700008392334,18.692787170410156,21987400
QCOM,2001-06-01,30.625,31.25,30.0,30.795000076293945,18.954364776611328,14297000
QCOM,2001-06-04,31.225000381469727,31.575000762939453,30.280000686645508,30.969999313354492,19.06207847595215,12150200
QCOM,2001-06-05,31.010000228881836,32.415000915527344,30.950000762939453,31.760000228881836,19.54833221435547,17964200
QCOM,2001-06-06,31.924999237060547,32.27000045776367,30.764999389648438,31.239999771118164,19.228267669677734,12808600
QCOM,2001-06-07,31.165000915527344,32.76499938964844,30.850000381469727,32.5,20.00379753112793,14187000
QCOM,2001-06-08,32.349998474121094,32.349998474121094,30.5,30.6200008392334,18.846660614013672,11969200
QCOM,2001-06-11,30.524999618530273,30.604999542236328,29.0,29.889999389648438,18.397340774536133,19297200
QCOM,2001-06-12,28.010000228881836,29.290000915527344,27.75,28.985000610351562,17.84031105041504,25350000
QCOM,2001-06-13,29.135000228881836,29.139999389648438,27.100000381469727,27.110000610351562,16.68624496459961,21186200
QCOM,2001-06-14,27.049999237060547,27.5,25.71500015258789,25.75,15.84916877746582,23156600
QCOM,2001-06-15,25.075000762939453,25.25,24.25,24.674999237060547,15.187500953674316,34356600
QCOM,2001-06-18,25.395000457763672,26.1200008392334,24.725000381469727,25.020000457763672,15.3998441696167,27066400
QCOM,2001-06-19,26.09000015258789,26.21500015258789,24.93000030517578,25.155000686645508,15.48294448852539,21160200
QCOM,2001-06-20,24.799999237060547,25.315000534057617,23.989999771118164,24.225000381469727,14.910520553588867,28049800
QCOM,2001-06-21,24.34000015258789,26.850000381469727,24.0,26.25,16.15691566467285,32745600
QCOM,2001-06-22,26.350000381469727,27.299999237060547,26.219999313354492,27.014999389648438,16.62776756286621,22582000
QCOM,2001-06-25,27.610000610351562,27.649999618530273,26.3799991607666,27.174999237060547,16.72625160217285,22868600
QCOM,2001-06-26,26.655000686645508,27.100000381469727,25.950000762939453,26.725000381469727,16.449281692504883,21046600
QCOM,2001-06-27,26.774999618530273,28.375,26.65999984741211,27.780000686645508,17.0986328125,25090000
QCOM,2001-06-28,28.350000381469727,29.575000762939453,28.350000381469727,28.799999237060547,17.726444244384766,25078800
QCOM,2001-06-29,28.655000686645508,29.25,28.290000915527344,29.239999771118164,17.997268676757812,16127000
QCOM,2001-07-02,28.770000457763672,29.725000381469727,28.524999618530273,28.934999465942383,17.80953598022461,12945800
QCOM,2001-07-03,31.0,31.975000381469727,30.600000381469727,31.934999465942383,19.656038284301758,30307800
QCOM,2001-07-05,31.469999313354492,32.0,30.625,30.704999923706055,18.898975372314453,20964000
QCOM,2001-07-06,30.540000915527344,31.0,29.0049991607666,29.09000015258789,17.904930114746094,20909800
QCOM,2001-07-09,30.03499984741211,31.405000686645508,29.850000381469727,30.860000610351562,18.994375228881836,26743200
QCOM,2001-07-10,31.1299991607666,31.375,29.3700008392334,29.524999618530273,18.172687530517578,21977000
QCOM,2001-07-11,29.174999237060547,29.7450008392334,27.610000610351562,28.225000381469727,17.372533798217773,30185400
QCOM,2001-07-12,29.78499984741211,31.774999618530273,29.684999465942383,31.68000030517578,19.499088287353516,29961200
QCOM,2001-07-13,31.270000457763672,33.970001220703125,30.8799991607666,32.790000915527344,20.182292938232422,42109600
QCOM,2001-07-16,32.709999084472656,33.33000183105469,31.875,32.05500030517578,19.729894638061523,24689600
QCOM,2001-07-17,32.10499954223633,32.775001525878906,31.530000686645508,32.345001220703125,19.908390045166016,21693200
QCOM,2001-07-18,32.1150016784668,32.650001525878906,30.854999542236328,31.274999618530273,19.249807357788086,18210800
QCOM,2001-07-19,32.20000076293945,33.70500183105469,32.16999816894531,32.849998474121094,20.219223022460938,27739600
QCOM,2001-07-20,32.46500015258789,32.849998474121094,31.950000762939453,32.2400016784668,19.84377098083496,25012400
QCOM,2001-07-23,32.19499969482422,32.650001525878906,30.375,30.424999237060547,18.72662353515625,21318000
QCOM,2001-07-24,29.0,29.184999465942383,28.219999313354492,28.875,17.772607803344727,37194200
QCOM,2001-07-25,29.1299991607666,30.0,28.55500030517578,29.795000076293945,18.33885955810547,21651000
QCOM,2001-07-26,29.8700008392334,30.225000381469727,28.829999923706055,29.829999923706055,18.360416412353516,27929400
QCOM,2001-07-27,31.610000610351562,32.29999923706055,31.25,31.59000015258789,19.443693161010742,34511000
QCOM,2001-07-30,31.55500030517578,32.51499938964844,31.450000762939453,32.05500030517578,19.729894638061523,22950600
QCOM,2001-07-31,32.165000915527344,32.439998626708984,30.885000228881836,31.614999771118164,19.45907974243164,28376400
QCOM,2001-08-01,32.10499954223633,32.970001220703125,31.975000381469727,32.685001373291016,20.117666244506836,18907000
QCOM,2001-08-02,33.099998474121094,34.189998626708984,33.04499816894531,34.16999816894531,21.03169059753418,25390600
QCOM,2001-08-03,33.75,34.064998626708984,33.150001525878906,33.43000030517578,20.576223373413086,17544000
QCOM,2001-08-06,33.154998779296875,34.099998474121094,33.125,33.650001525878906,20.711626052856445,13833000
QCOM,2001-08-07,33.5099983215332,34.435001373291016,33.375,33.779998779296875,20.791648864746094,15868400
QCOM,2001-08-08,33.494998931884766,34.435001373291016,32.02000045776367,32.54499816894531,20.031494140625,22618800
QCOM,2001-08-09,32.57500076293945,33.20000076293945,31.950000762939453,32.86000061035156,20.225383758544922,22507600
QCOM,2001-08-10,32.6349983215332,32.790000915527344,31.100000381469727,31.885000228881836,19.625267028808594,25817000
QCOM,2001-08-13,32.685001373291016,33.42499923706055,32.32500076293945,33.29999923706055,20.496200561523438,19800800
QCOM,2001-08-14,33.619998931884766,33.875,32.75,32.96500015258789,20.290010452270508,15580000
QCOM,2001-08-15,32.875,33.08000183105469,31.75,31.764999389648438,19.551401138305664,20480200
QCOM,2001-08-16,31.31999969482422,32.41999816894531,30.25,32.404998779296875,19.9453182220459,23959800
QCOM,2001-08-17,31.690000534057617,32.150001525878906,30.690000534057617,30.780000686645508,18.945140838623047,18508600
QCOM,2001-08-20,31.030000686645508,31.854999542236328,30.7450008392334,31.854999542236328,19.60680389404297,14763600
QCOM,2001-08-21,31.860000610351562,32.9900016784668,31.200000762939453,31.219999313354492,19.21595573425293,22653600
QCOM,2001-08-22,31.795000076293945,32.02000045776367,30.375,31.875,19.619108200073242,27677400
QCOM,2001-08-23,31.719999313354492,32.720001220703125,31.46500015258789,31.475000381469727,19.372913360595703,22051200
QCOM,2001-08-24,31.895000457763672,33.07500076293945,31.75,33.05500030517578,20.345407485961914,20919200
QCOM,2001-08-27,32.89500045776367,33.29499816894531,32.2400016784668,32.48500061035156,19.994558334350586,14804400
QCOM,2001-08-28,32.70000076293945,32.73500061035156,31.28499984741211,31.399999618530273,19.326749801635742,22055000
QCOM,2001-08-29,31.690000534057617,31.75,30.795000076293945,31.360000610351562,19.302135467529297,21390400
QCOM,2001-08-30,30.950000762939453,31.475000381469727,29.780000686645508,29.795000076293945,18.33885955810547,28877600
QCOM,2001-08-31,29.55500030517578,30.075000762939453,29.014999389648438,29.424999237060547,18.111133575439453,23522600
QCOM,2001-09-04,29.375,29.5,27.0,27.149999618530273,16.71086311340332,41623800
QCOM,2001-09-05,26.90999984741211,27.100000381469727,25.684999465942383,26.604999542236328,16.375415802001953,47923800
QCOM,2001-09-06,26.329999923706055,27.485000610351562,24.200000762939453,24.2549991607666,14.928990364074707,49786000
QCOM,2001-09-07,24.0,25.149999618530273,23.725000381469727,24.59000015258789,15.13518238067627,45528800
QCOM,2001-09-10,25.235000610351562,25.895000457763672,24.829999923706055,25.270000457763672,15.553730964660645,36125800
QCOM,2001-09-17,23.625,25.219999313354492,22.854999542236328,22.895000457763672,14.091907501220703,42100800
QCOM,2001-09-18,23.264999389648438,24.190000534057617,22.655000686645508,23.184999465942383,14.270407676696777,32045400
QCOM,2001-09-19,22.81999969482422,23.219999313354492,21.299999237060547,22.5,13.848779678344727,41121800
QCOM,2001-09-20,22.25,23.0,21.864999771118164,22.770000457763672,14.014972686767578,44107600
QCOM,2001-09-21,21.424999237060547,23.0,21.399999618530273,22.44499969482422,13.814936637878418,45258000
QCOM,2001-09-24,23.280000686645508,23.924999237060547,22.950000762939453,23.799999237060547,14.648930549621582,30381400
QCOM,2001-09-25,23.665000915527344,24.424999237060547,23.350000381469727,24.40999984741211,15.024394035339355,36162000
QCOM,2001-09-26,24.549999237060547,24.649999618530273,23.040000915527344,23.165000915527344,14.25809097290039,32100800
QCOM,2001-09-27,22.959999084472656,23.8799991607666,22.049999237060547,23.780000686645508,14.636626243591309,31670400
QCOM,2001-09-28,23.915000915527344,24.610000610351562,23.53499984741211,23.770000457763672,14.630475997924805,29678400
QCOM,2001-10-01,23.625,23.700000762939453,22.290000915527344,22.399999618530273,13.78723430633545,31600800
QCOM,2001-10-02,22.545000076293945,23.5,22.274999618530273,22.934999465942383,14.116528511047363,32895400
QCOM,2001-10-03,22.834999084472656,24.024999618530273,21.670000076293945,22.405000686645508,13.790312767028809,66462200
QCOM,2001-10-04,22.06999969482422,22.700000762939453,20.985000610351562,21.0,12.925531387329102,76788600
QCOM,2001-10-05,20.510000228881836,20.625,19.155000686645508,19.229999542236328,11.83609390258789,77904400
QCOM,2001-10-08,19.540000915527344,20.924999237060547,19.420000076293945,20.610000610351562,12.685486793518066,47433600
QCOM,2001-10-09,20.815000534057617,21.125,20.024999618530273,20.424999237060547,12.571617126464844,41547200
QCOM,2001-10-10,20.184999465942383,22.545000076293945,20.149999618530273,22.450000762939453,13.818009376525879,51378600
QCOM,2001-10-11,23.735000610351562,25.225000381469727,23.5,24.84000015258789,15.28905963897705,68818200
QCOM,2001-10-12,24.31999969482422,24.969999313354492,23.549999237060547,24.75,15.233668327331543,37382800
QCOM,2001-10-15,24.309999465942383,25.7450008392334,23.829999923706055,25.274999618530273,15.556808471679688,31874800
QCOM,2001-10-16,25.05500030517578,25.299999237060547,24.184999465942383,24.924999237060547,15.34136962890625,34895200
QCOM,2001-10-17,25.450000762939453,25.5,23.25,23.31999969482422,14.353507041931152,36550200
QCOM,2001-10-18,23.764999389648438,24.334999084472656,23.100000381469727,23.69499969482422,14.58431625366211,33358800
QCOM,2001-10-19,23.670000076293945,24.575000762939453,23.649999618530273,24.149999618530273,14.864368438720703,28841600
QCOM,2001-10-22,24.1200008392334,24.649999618530273,23.299999237060547,24.165000915527344,14.873595237731934,22802400
QCOM,2001-10-23,24.31999969482422,25.600000381469727,24.139999389648438,24.674999237060547,15.187500953674316,33173200
QCOM,2001-10-24,24.774999618530273,26.75,24.725000381469727,26.6200008392334,16.384653091430664,40147800
QCOM,2001-10-25,26.059999465942383,27.985000610351562,25.334999084472656,27.93000030517578,17.190959930419922,35369800
QCOM,2001-10-26,27.510000228881836,28.5,27.309999465942383,27.635000228881836,17.009382247924805,39769400
QCOM,2001-10-29,27.475000381469727,27.5,26.110000610351562,26.149999618530273,16.095365524291992,26788000
QCOM,2001-10-30,25.364999771118164,25.405000686645508,24.219999313354492,24.344999313354492,14.98438549041748,42631400
QCOM,2001-10-31,24.854999542236328,25.774999618530273,24.5,24.559999465942383,15.116718292236328,32084400
QCOM,2001-11-01,24.969999313354492,25.844999313354492,24.5,25.815000534057617,15.88917350769043,29547600
QCOM,2001-11-02,25.774999618530273,26.924999237060547,25.59000015258789,26.760000228881836,16.470823287963867,32466800
QCOM,2001-11-05,26.790000915527344,27.040000915527344,26.0,26.540000915527344,16.335418701171875,31249600
QCOM,2001-11-06,26.704999923706055,27.415000915527344,25.96500015258789,27.364999771118164,16.84319496154785,35199200
QCOM,2001-11-07,25.80500030517578,28.434999465942383,25.594999313354492,27.55500030517578,16.960147857666016,91845200
QCOM,2001-11-08,27.815000534057617,29.024999618530273,27.31999969482422,28.145000457763672,17.32328987121582,57340600
QCOM,2001-11-09,27.700000762939453,28.270000457763672,27.399999618530273,27.709999084472656,17.055545806884766,26454800
QCOM,2001-11-12,27.625,28.219999313354492,26.844999313354492,28.114999771118164,17.304834365844727,23800200
QCOM,2001-11-13,28.684999465942383,28.96500015258789,28.30500030517578,28.780000686645508,17.714128494262695,22768400
QCOM,2001-11-14,29.049999237060547,29.350000381469727,28.299999237060547,29.03499984741211,17.871084213256836,22871800
QCOM,2001-11-15,28.850000381469727,30.0,28.80500030517578,29.479999542236328,18.14499282836914,27431000
QCOM,2001-11-16,29.635000228881836,30.19499969482422,29.479999542236328,30.040000915527344,18.489660263061523,27170200
QCOM,2001-11-19,30.165000915527344,31.2450008392334,30.059999465942383,31.235000610351562,19.225200653076172,26054600
QCOM,2001-11-20,31.0,31.114999771118164,29.540000915527344,29.610000610351562,18.225008010864258,28568400
QCOM,2001-11-21,29.59000015258789,30.100000381469727,29.100000381469727,29.889999389648438,18.397340774536133,17289000
QCOM,2001-11-23,30.09000015258789,30.75,29.950000762939453,30.655000686645508,18.868200302124023,7164200
QCOM,2001-11-26,30.725000381469727,30.81999969482422,29.5,30.200000762939453,18.588144302368164,29628000
QCOM,2001-11-27,29.885000228881836,30.834999084472656,28.989999771118164,30.010000228881836,18.471206665039062,27891400
QCOM,2001-11-28,29.809999465942383,30.299999237060547,28.614999771118164,28.645000457763672,17.631038665771484,27288400
QCOM,2001-11-29,28.625,29.299999237060547,28.25,29.209999084472656,17.978801727294922,20094800
QCOM,2001-11-30,29.200000762939453,30.024999618530273,29.049999237060547,29.360000610351562,18.07111930847168,21344400
QCOM,2001-12-03,29.075000762939453,29.540000915527344,28.524999618530273,28.639999389648438,17.62796974182129,17876200
QCOM,2001-12-04,28.834999084472656,29.985000610351562,28.55500030517578,29.954999923706055,18.437345504760742,19909000
QCOM,2001-12-05,30.165000915527344,31.125,30.139999389648438,30.9950008392334,19.077468872070312,30072400
QCOM,2001-12-06,30.854999542236328,30.885000228881836,29.834999084472656,30.020000457763672,18.477354049682617,29728200
QCOM,2001-12-07,29.889999389648438,29.899999618530273,28.235000610351562,28.485000610351562,17.532567977905273,33465200
QCOM,2001-12-10,28.274999618530273,29.375,28.100000381469727,28.514999389648438,17.551029205322266,23118800
QCOM,2001-12-11,28.5,29.549999237060547,28.450000762939453,28.764999389648438,17.70490074157715,23313800
QCOM,2001-12-12,28.950000762939453,29.21500015258789,27.915000915527344,28.834999084472656,17.74799156188965,22571600
QCOM,2001-12-13,28.299999237060547,28.5,27.5,27.5,16.926284790039062,23683200
QCOM,2001-12-14,27.65999984741211,28.125,27.375,27.920000076293945,17.184799194335938,19307400
QCOM,2001-12-17,27.950000762939453,28.125,26.65999984741211,26.760000228881836,16.470823287963867,30373000
QCOM,2001-12-18,27.364999771118164,27.399999618530273,26.604999542236328,26.799999237060547,16.49543571472168,25106000
QCOM,2001-12-19,26.204999923706055,27.049999237060547,26.049999237060547,26.139999389648438,16.089216232299805,21482800
QCOM,2001-12-20,25.969999313354492,26.0,24.684999465942383,24.780000686645508,15.252131462097168,30375400
QCOM,2001-12-21,25.104999542236328,25.549999237060547,24.825000762939453,24.9950008392334,15.384469032287598,30459600
QCOM,2001-12-24,25.094999313354492,25.549999237060547,25.024999618530273,25.059999465942383,15.424467086791992,5218400
QCOM,2001-12-26,25.18000030517578,26.030000686645508,25.170000076293945,25.30500030517578,15.575272560119629,12261200
QCOM,2001-12-27,25.434999465942383,26.1200008392334,25.434999465942383,26.100000381469727,16.06458854675293,14290200
QCOM,2001-12-28,26.325000762939453,26.635000228881836,25.774999618530273,25.899999618530273,15.94149398803711,14839200
QCOM,2001-12-31,25.75,25.875,24.9950008392334,25.25,15.541417121887207,14681400
QCOM,2002-01-02,25.485000610351562,26.024999618530273,24.885000228881836,26.024999618530273,16.018417358398438,18612800
QCOM,2002-01-03,26.030000686645508,26.670000076293945,25.825000762939453,25.989999771118164,15.996889114379883,22240000
QCOM,2002-01-04,26.235000610351562,26.290000915527344,24.895000457763672,25.204999923706055,15.513713836669922,38927400
QCOM,2002-01-07,25.200000762939453,25.209999084472656,23.549999237060547,23.600000381469727,14.52584457397461,40064600
QCOM,2002-01-08,23.424999237060547,24.290000915527344,23.229999542236328,24.094999313354492,14.830512046813965,56385400
QCOM,2002-01-09,24.575000762939453,24.6299991607666,22.9950008392334,23.104999542236328,14.221163749694824,45937000
QCOM,2002-01-10,23.329999923706055,23.56999969482422,22.75,23.344999313354492,14.368879318237305,49996800
QCOM,2002-01-11,23.139999389648438,23.5,23.024999618530273,23.2549991607666,14.313483238220215,23483000
QCOM,2002-01-14,23.104999542236328,23.8799991607666,23.040000915527344,23.575000762939453,14.510452270507812,26820800
QCOM,2002-01-15,23.475000381469727,23.639999389648438,23.075000762939453,23.274999618530273,14.325794219970703,36854000
QCOM,2002-01-16,23.079999923706055,23.30500030517578,22.719999313354492,22.75,14.002660751342773,28107000
QCOM,2002-01-17,23.094999313354492,23.704999923706055,22.905000686645508,23.635000228881836,14.547380447387695,23851400
QCOM,2002-01-18,23.100000381469727,23.354999542236328,22.424999237060547,22.475000381469727,13.833399772644043,25815400
QCOM,2002-01-22,22.56999969482422,22.575000762939453,20.6299991607666,20.700000762939453,12.740885734558105,37067800
QCOM,2002-01-23,21.0,22.06999969482422,20.665000915527344,21.770000457763672,13.399466514587402,33356600
QCOM,2002-01-24,22.30500030517578,22.5,21.799999237060547,21.854999542236328,13.4517822265625,37546000
QCOM,2002-01-25,20.920000076293945,23.18000030517578,20.915000915527344,23.024999618530273,14.171920776367188,56492200
QCOM,2002-01-28,23.299999237060547,23.424999237060547,22.075000762939453,22.69499969482422,13.9688081741333,29880400
QCOM,2002-01-29,22.889999389648438,23.020000457763672,21.489999771118164,21.59000015258789,13.288680076599121,28530400
QCOM,2002-01-30,21.829999923706055,22.375,21.5,22.344999313354492,13.753385543823242,31119400
QCOM,2002-01-31,22.25,22.350000381469727,21.704999923706055,22.024999618530273,13.55642318725586,19762400
QCOM,2002-02-01,21.920000076293945,21.9950008392334,21.059999465942383,21.229999542236328,13.067099571228027,19889400
QCOM,2002-02-04,21.200000762939453,21.524999618530273,20.299999237060547,20.395000457763672,12.553156852722168,24413600
QCOM,2002-02-05,19.96500015258789,20.6200008392334,19.549999237060547,19.905000686645508,12.251558303833008,33471400
QCOM,2002-02-06,20.094999313354492,20.549999237060547,19.399999618530273,20.299999237060547,12.494680404663086,26281600
QCOM,2002-02-07,20.25,20.399999618530273,19.524999618530273,19.55500030517578,12.036128044128418,25089800
QCOM,2002-02-08,19.75,20.06999969482422,17.295000076293945,18.729999542236328,11.528348922729492,113367200
QCOM,2002-02-11,19.405000686645508,20.655000686645508,19.3700008392334,20.639999389648438,12.703954696655273,52587400
QCOM,2002-02-12,20.334999084472656,20.6200008392334,20.145000457763672,20.25,12.463899612426758,25137800
QCOM,2002-02-13,20.475000381469727,21.049999237060547,20.399999618530273,20.950000762939453,12.894759178161621,21881000
QCOM,2002-02-14,21.0,21.0,20.014999389648438,20.024999618530273,12.325417518615723,19634800
QCOM,2002-02-15,20.040000915527344,20.325000762939453,18.329999923706055,18.700000762939453,11.509878158569336,40053600
QCOM,2002-02-19,18.454999923706055,19.049999237060547,17.950000762939453,18.65999984741211,11.485255241394043,35042400
QCOM,2002-02-20,18.979999542236328,19.040000915527344,17.219999313354492,17.954999923706055,11.051331520080566,46179400
QCOM,2002-02-21,17.844999313354492,17.875,16.239999771118164,16.25,10.001898765563965,53571600
QCOM,2002-02-22,16.360000610351562,16.780000686645508,15.515000343322754,16.350000381469727,10.06344985961914,59226400
QCOM,2002-02-25,17.46500015258789,17.975000381469727,17.149999618530273,17.954999923706055,11.051331520080566,53386400
QCOM,2002-02-26,18.299999237060547,18.375,17.049999237060547,17.385000228881836,10.700499534606934,44648000
QCOM,2002-02-27,17.729999542236328,17.834999084472656,16.78499984741211,16.78499984741211,10.331194877624512,27107800
QCOM,2002-02-28,17.020000457763672,17.440000534057617,16.524999618530273,16.625,10.232710838317871,23921600
QCOM,2002-03-01,16.899999618530273,18.030000686645508,16.739999771118164,17.985000610351562,11.069795608520508,29224800
QCOM,2002-03-04,18.1299991607666,19.469999313354492,18.125,19.434999465942383,11.962279319763184,33465400
QCOM,2002-03-05,18.950000762939453,19.774999618530273,18.850000381469727,19.43000030517578,11.959193229675293,30854400
QCOM,2002-03-06,19.549999237060547,20.225000381469727,19.450000762939453,19.975000381469727,12.294647216796875,31665800
QCOM,2002-03-07,20.28499984741211,20.764999389648438,19.895000457763672,20.719999313354492,12.753194808959961,29273200
QCOM,2002-03-08,21.299999237060547,22.049999237060547,21.204999923706055,21.899999618530273,13.479485511779785,35033400
QCOM,2002-03-11,21.7549991607666,22.325000762939453,21.075000762939453,21.825000762939453,13.433320999145508,23977800
QCOM,2002-03-12,20.81999969482422,21.350000381469727,20.725000381469727,21.290000915527344,13.104033470153809,23590400
QCOM,2002-03-13,20.934999465942383,21.024999618530273,20.299999237060547,20.485000610351562,12.608551025390625,21610000
QCOM,2002-03-14,20.700000762939453,20.94499969482422,20.200000762939453,20.209999084472656,12.439289093017578,22304400
QCOM,2002-03-15,20.309999465942383,20.9950008392334,20.209999084472656,20.9950008392334,12.922454833984375,25970600
QCOM,2002-03-18,21.364999771118164,22.0,21.30500030517578,21.854999542236328,13.4517822265625,28936400
QCOM,2002-03-19,21.940000534057617,21.950000762939453,21.329999923706055,21.520000457763672,13.245590209960938,20375200
QCOM,2002-03-20,20.7450008392334,21.0,20.079999923706055,20.104999542236328,12.374651908874512,22534600
QCOM,2002-03-21,19.809999465942383,20.899999618530273,19.510000228881836,20.885000228881836,12.854752540588379,30621000
QCOM,2002-03-22,20.704999923706055,20.84000015258789,20.100000381469727,20.235000610351562,12.454676628112793,17770000
QCOM,2002-03-25,20.225000381469727,20.479999542236328,19.735000610351562,19.735000610351562,12.146928787231445,18076000
QCOM,2002-03-26,19.520000457763672,20.475000381469727,19.290000915527344,19.934999465942383,12.270023345947266,23613000
QCOM,2002-03-27,19.21500015258789,19.399999618530273,18.774999618530273,18.934999465942383,11.654524803161621,30071200
QCOM,2002-03-28,19.1299991607666,19.190000534057617,18.565000534057617,18.81999969482422,11.583740234375,20250200
QCOM,2002-04-01,18.549999237060547,19.799999237060547,18.399999618530273,19.670000076293945,12.106917381286621,25126800
QCOM,2002-04-02,19.25,19.725000381469727,18.625,18.635000228881836,11.469871520996094,20257600
QCOM,2002-04-03,19.200000762939453,19.290000915527344,18.524999618530273,18.81999969482422,11.583740234375,24533600
QCOM,2002-04-04,18.375,18.674999237060547,17.90999984741211,18.299999237060547,11.263676643371582,31288200
QCOM,2002-04-05,18.31999969482422,18.600000381469727,17.795000076293945,17.954999923706055,11.051331520080566,18313200
QCOM,2002-04-08,17.46500015258789,18.155000686645508,17.270000457763672,18.059999465942383,11.115957260131836,22611000
QCOM,2002-04-09,18.399999618530273,18.600000381469727,17.475000381469727,17.5,10.77127742767334,20154800
QCOM,2002-04-10,17.725000381469727,18.145000457763672,17.469999313354492,17.649999618530273,10.863601684570312,19937800
QCOM,2002-04-11,17.450000762939453,17.5,17.110000610351562,17.31999969482422,10.660486221313477,15160400
QCOM,2002-04-12,17.415000915527344,18.06999969482422,17.049999237060547,17.854999542236328,10.989784240722656,22892400
QCOM,2002-04-15,17.9950008392334,18.225000381469727,17.225000381469727,18.100000381469727,11.140580177307129,24249600
QCOM,2002-04-16,18.684999465942383,19.81999969482422,18.65999984741211,19.809999465942383,12.193085670471191,29353600
QCOM,2002-04-17,20.010000228881836,20.174999237060547,19.450000762939453,19.899999618530273,12.248476028442383,27450400
QCOM,2002-04-18,19.024999618530273,19.75,18.850000381469727,19.200000762939453,11.81762981414795,21469600
QCOM,2002-04-19,19.434999465942383,19.434999465942383,18.6299991607666,18.6299991607666,11.466792106628418,14485000
QCOM,2002-04-22,18.0,18.024999618530273,17.260000228881836,17.514999389648438,10.780508041381836,28149000
QCOM,2002-04-23,17.344999313354492,17.655000686645508,15.875,16.125,9.924960136413574,51037600
QCOM,2002-04-24,16.815000534057617,16.94499969482422,15.645000457763672,16.645000457763672,10.245028495788574,61125800
QCOM,2002-04-25,15.914999961853027,16.600000381469727,15.899999618530273,16.200000762939453,9.971121788024902,34710400
QCOM,2002-04-26,16.31999969482422,16.725000381469727,15.295000076293945,15.324999809265137,9.432562828063965,27146800
QCOM,2002-04-29,15.335000038146973,15.770000457763672,14.279999732971191,14.609999656677246,8.992477416992188,34277600
QCOM,2002-04-30,14.720000267028809,15.375,14.625,15.079999923706055,9.281764030456543,29371800
QCOM,2002-05-01,14.880000114440918,15.199999809265137,14.375,14.890000343322754,9.164817810058594,26505600
QCOM,2002-05-02,14.845000267028809,14.850000381469727,14.125,14.21500015258789,8.749356269836426,25236800
QCOM,2002-05-03,14.145000457763672,14.204999923706055,13.104999542236328,13.420000076293945,8.260029792785645,40977600
QCOM,2002-05-06,13.324999809265137,13.725000381469727,13.145000457763672,13.225000381469727,8.140010833740234,21685600
QCOM,2002-05-07,13.385000228881836,13.604999542236328,12.3149995803833,12.399999618530273,7.632216453552246,41761600
QCOM,2002-05-08,13.3149995803833,14.774999618530273,12.9399995803833,14.71500015258789,9.057104110717773,44238200
QCOM,2002-05-09,14.46500015258789,14.635000228881836,13.545000076293945,14.170000076293945,8.721656799316406,38446000
QCOM,2002-05-10,14.289999961853027,14.515000343322754,13.260000228881836,13.399999618530273,8.24771785736084,37510600
QCOM,2002-05-13,14.300000190734863,14.625,13.619999885559082,14.545000076293945,8.952465057373047,34209600
QCOM,2002-05-14,15.265000343322754,15.619999885559082,14.975000381469727,15.34000015258789,9.441797256469727,36657600
QCOM,2002-05-15,15.050000190734863,16.6200008392334,14.90999984741211,16.03499984741211,9.869565963745117,43400200
QCOM,2002-05-16,15.920000076293945,16.274999618530273,15.625,16.170000076293945,9.952657699584961,28697800
QCOM,2002-05-17,16.75,16.979999542236328,15.71500015258789,16.2450008392334,9.998820304870605,31691000
QCOM,2002-05-20,15.920000076293945,16.174999237060547,15.6899995803833,15.944999694824219,9.814168930053711,19849600
QCOM,2002-05-21,16.334999084472656,16.729999542236328,16.139999389648438,16.309999465942383,10.038825988769531,33245600
QCOM,2002-05-22,16.079999923706055,16.30500030517578,15.140000343322754,15.6850004196167,9.654145240783691,29454200
QCOM,2002-05-23,15.545000076293945,16.1200008392334,15.329999923706055,15.835000038146973,9.746471405029297,24982800
QCOM,2002-05-24,15.609999656677246,15.729999542236328,15.425000190734863,15.505000114440918,9.543352127075195,11827800
QCOM,2002-05-28,15.710000038146973,15.90999984741211,15.204999923706055,15.704999923706055,9.666451454162598,20174000
QCOM,2002-05-29,15.225000381469727,15.699999809265137,15.204999923706055,15.569999694824219,9.583354949951172,20171800
QCOM,2002-05-30,15.255000114440918,15.755000114440918,15.149999618530273,15.59000015258789,9.595667839050293,19351600
QCOM,2002-05-31,15.875,16.475000381469727,15.739999771118164,15.819999694824219,9.737231254577637,30388000
QCOM,2002-06-03,16.229999542236328,16.55500030517578,15.510000228881836,15.585000038146973,9.5925931930542,25463200
QCOM,2002-06-04,15.319999694824219,16.325000762939453,15.319999694824219,16.219999313354492,9.983433723449707,29882800
QCOM,2002-06-05,16.19499969482422,16.434999465942383,15.819999694824219,16.420000076293945,10.106534004211426,22340600
QCOM,2002-06-06,16.15999984741211,16.225000381469727,15.25,15.380000114440918,9.466415405273438,31421000
QCOM,2002-06-07,14.425000190734863,15.675000190734863,14.354999542236328,15.4350004196167,9.500265121459961,37571600
QCOM,2002-06-10,15.380000114440918,16.149999618530273,14.899999618530273,15.744999885559082,9.691068649291992,33652400
QCOM,2002-06-11,15.854999542236328,16.290000915527344,15.505000114440918,15.654999732971191,9.635675430297852,30480400
QCOM,2002-06-12,15.300000190734863,16.584999084472656,15.154999732971191,16.5,10.155779838562012,46934000
QCOM,2002-06-13,16.280000686645508,17.0,16.18000030517578,16.19499969482422,9.968049049377441,42372200
QCOM,2002-06-14,14.180000305175781,15.175000190734863,13.850000381469727,14.954999923706055,9.204824447631836,83128200
QCOM,2002-06-17,15.029999732971191,15.095000267028809,14.454999923706055,14.609999656677246,8.992477416992188,42778400
QCOM,2002-06-18,14.510000228881836,14.835000038146973,14.385000228881836,14.4399995803833,8.88784122467041,26764400
QCOM,2002-06-19,14.395000457763672,14.6899995803833,13.984999656677246,14.0649995803833,8.657031059265137,30120400
QCOM,2002-06-20,13.8149995803833,13.949999809265137,13.104999542236328,13.164999961853027,8.103081703186035,43284200
QCOM,2002-06-21,13.600000381469727,13.875,12.869999885559082,13.0600004196167,8.03845500946045,59071600
QCOM,2002-06-24,12.920000076293945,13.854999542236328,12.675000190734863,13.399999618530273,8.24771785736084,42759400
QCOM,2002-06-25,13.699999809265137,13.774999618530273,13.0,13.180000305175781,8.112311363220215,35010800
QCOM,2002-06-26,12.4399995803833,13.649999618530273,12.244999885559082,13.539999961853027,8.333890914916992,43684000
QCOM,2002-06-27,13.805000305175781,13.949999809265137,13.024999618530273,13.729999542236328,8.450833320617676,33418400
QCOM,2002-06-28,13.779999732971191,14.024999618530273,13.539999961853027,13.744999885559082,8.46006965637207,21931600
QCOM,2002-07-01,13.625,13.994999885559082,13.204999923706055,13.21500015258789,8.133853912353516,23074000
QCOM,2002-07-02,12.75,12.854999542236328,12.119999885559082,12.399999618530273,7.632216453552246,37663800
QCOM,2002-07-03,12.260000228881836,13.319999694824219,12.260000228881836,13.1899995803833,8.118461608886719,26193400
QCOM,2002-07-05,13.600000381469727,14.3100004196167,13.149999618530273,14.270000457763672,8.783207893371582,14726600
QCOM,2002-07-08,14.199999809265137,14.449999809265137,13.430000305175781,13.579999923706055,8.358515739440918,27555200
QCOM,2002-07-09,13.720000267028809,14.140000343322754,13.625,13.765000343322754,8.472381591796875,23528600
QCOM,2002-07-10,13.920000076293945,13.949999809265137,13.199999809265137,13.204999923706055,8.127697944641113,23689800
QCOM,2002-07-11,13.079999923706055,14.039999961853027,13.045000076293945,13.954999923706055,8.589322090148926,30485400
QCOM,2002-07-12,14.045000076293945,14.385000228881836,13.640000343322754,14.055000305175781,8.650875091552734,29567800
QCOM,2002-07-15,13.84000015258789,14.744999885559082,13.444999694824219,14.6899995803833,9.041719436645508,31238000
QCOM,2002-07-16,14.380000114440918,15.199999809265137,14.369999885559082,14.920000076293945,9.183283805847168,36736400
QCOM,2002-07-17,15.550000190734863,15.694999694824219,14.789999961853027,14.984999656677246,9.22329044342041,41099800
QCOM,2002-07-18,15.079999923706055,15.600000381469727,15.005000114440918,15.1850004196167,9.346393585205078,33492400
QCOM,2002-07-19,14.949999809265137,15.395000457763672,14.779999732971191,14.994999885559082,9.229447364807129,26307000
QCOM,2002-07-22,14.890000343322754,15.385000228881836,14.420000076293945,14.734999656677246,9.069413185119629,37770000
QCOM,2002-07-23,14.670000076293945,14.875,13.979999542236328,14.010000228881836,8.62317943572998,32794600
QCOM,2002-07-24,13.90999984741211,14.59000015258789,13.460000038146973,14.550000190734863,8.955545425415039,42608800
QCOM,2002-07-25,13.385000228881836,13.680000305175781,12.600000381469727,12.824999809265137,7.893803596496582,60369200
QCOM,2002-07-26,13.800000190734863,13.829999923706055,12.770000457763672,12.994999885559082,7.998444557189941,46448200
QCOM,2002-07-29,13.574999809265137,14.130000114440918,13.350000381469727,14.0649995803833,8.657031059265137,32944400
QCOM,2002-07-30,13.9399995803833,13.96500015258789,13.3100004196167,13.789999961853027,8.487764358520508,36436800
QCOM,2002-07-31,13.6899995803833,13.75,13.375,13.739999771118164,8.456992149353027,19353000
QCOM,2002-08-01,12.875,13.180000305175781,12.524999618530273,12.805000305175781,7.881494998931885,39902600
QCOM,2002-08-02,12.729999542236328,12.890000343322754,12.444999694824219,12.774999618530273,7.863032341003418,23451000
QCOM,2002-08-05,12.630000114440918,12.765000343322754,11.604999542236328,11.875,7.309079647064209,29918800
QCOM,2002-08-06,12.074999809265137,13.045000076293945,12.050000190734863,12.59000015258789,7.749163627624512,30236600
QCOM,2002-08-07,12.960000038146973,13.0,11.680000305175781,12.505000114440918,7.696849822998047,30726600
QCOM,2002-08-08,12.319999694824219,13.085000038146973,12.164999961853027,13.020000457763672,8.013829231262207,25655600
QCOM,2002-08-09,12.729999542236328,13.300000190734863,12.550000190734863,12.949999809265137,7.970746994018555,21595600
QCOM,2002-08-12,12.645000457763672,13.010000228881836,12.550000190734863,12.90999984741211,7.946126461029053,18501000
QCOM,2002-08-13,12.885000228881836,13.675000190734863,12.824999809265137,13.15999984741211,8.09999942779541,33673600
QCOM,2002-08-14,13.100000381469727,14.015000343322754,12.8100004196167,13.875,8.540082931518555,31037000
QCOM,2002-08-15,13.90999984741211,14.329999923706055,13.600000381469727,14.234999656677246,8.761667251586914,30105600
QCOM,2002-08-16,14.109999656677246,14.645000457763672,13.899999618530273,14.545000076293945,8.952465057373047,19193400
QCOM,2002-08-19,14.494999885559082,15.0649995803833,14.390000343322754,14.949999809265137,9.201746940612793,19819800
QCOM,2002-08-20,14.765000343322754,14.829999923706055,14.470000267028809,14.645000457763672,9.014020919799805,19372000
QCOM,2002-08-21,14.479999542236328,14.795000076293945,13.975000381469727,14.614999771118164,8.995553970336914,28561800
QCOM,2002-08-22,14.765000343322754,15.34000015258789,14.609999656677246,15.125,9.309460639953613,22731400
QCOM,2002-08-23,14.890000343322754,15.095000267028809,14.505000114440918,14.739999771118164,9.07249641418457,17544000
QCOM,2002-08-26,14.944999694824219,15.114999771118164,14.425000190734863,14.949999809265137,9.201746940612793,16346400
QCOM,2002-08-27,15.074999809265137,15.119999885559082,14.015000343322754,14.289999961853027,8.795516967773438,19649400
QCOM,2002-08-28,14.149999618530273,14.420000076293945,13.600000381469727,13.654999732971191,8.404674530029297,18235800
QCOM,2002-08-29,13.5,14.399999618530273,13.399999618530273,14.1899995803833,8.733965873718262,22263600
QCOM,2002-08-30,14.010000228881836,14.265000343322754,13.779999732971191,13.854999542236328,8.527772903442383,14370200
QCOM,2002-09-03,13.694999694824219,13.800000190734863,13.175000190734863,13.444999694824219,8.275418281555176,20643600
QCOM,2002-09-04,13.404999732971191,13.819999694824219,13.125,13.5600004196167,8.34620189666748,26485000
QCOM,2002-09-05,13.335000038146973,13.6850004196167,13.125,13.380000114440918,8.235411643981934,21889600
QCOM,2002-09-06,13.625,14.699999809265137,13.625,14.229999542236328,8.758584976196289,36641000
QCOM,2002-09-09,14.25,15.045000076293945,14.180000305175781,14.930000305175781,9.189438819885254,34339400
QCOM,2002-09-10,14.725000381469727,15.020000457763672,14.475000381469727,14.78499984741211,9.100189208984375,32763200
QCOM,2002-09-11,14.954999923706055,15.53499984741211,14.539999961853027,14.604999542236328,8.989400863647461,28566000
QCOM,2002-09-12,14.515000343322754,14.625,14.005000114440918,14.079999923706055,8.66626262664795,29638800
QCOM,2002-09-13,14.024999618530273,14.425000190734863,13.949999809265137,14.289999961853027,8.795516967773438,22273400
QCOM,2002-09-16,14.09000015258789,14.225000381469727,13.555000305175781,13.664999961853027,8.41082763671875,26239000
QCOM,2002-09-17,13.949999809265137,14.024999618530273,13.399999618530273,13.479999542236328,8.296958923339844,27689800
QCOM,2002-09-18,13.34000015258789,13.885000228881836,12.914999961853027,12.994999885559082,7.998444557189941,29700800
QCOM,2002-09-19,12.649999618530273,13.875,12.550000190734863,12.859999656677246,7.915350437164307,36628400
QCOM,2002-09-20,13.595000267028809,14.055000305175781,13.375,14.039999961853027,8.641641616821289,65288800
QCOM,2002-09-23,13.729999542236328,13.949999809265137,13.619999885559082,13.720000267028809,8.444681167602539,26904600
QCOM,2002-09-24,13.505000114440918,14.050000190734863,13.489999771118164,13.770000457763672,8.475456237792969,29343200
QCOM,2002-09-25,14.119999885559082,14.395000457763672,13.899999618530273,14.175000190734863,8.724737167358398,34427000
QCOM,2002-09-26,14.475000381469727,14.725000381469727,14.005000114440918,14.395000457763672,8.860145568847656,34016600
QCOM,2002-09-27,14.25,14.720000267028809,14.220000267028809,14.305000305175781,8.804752349853516,22914200
QCOM,2002-09-30,14.0,14.1899995803833,13.755000114440918,13.8100004196167,8.500072479248047,24364000
QCOM,2002-10-01,14.100000381469727,14.899999618530273,13.925000190734863,14.885000228881836,9.161741256713867,33711000
QCOM,2002-10-02,14.720000267028809,15.03499984741211,14.210000038146973,14.395000457763672,8.860145568847656,42211200
QCOM,2002-10-03,14.505000114440918,14.925000190734863,14.454999923706055,14.550000190734863,8.955545425415039,30012600
QCOM,2002-10-04,14.789999961853027,14.9350004196167,14.430000305175781,14.630000114440918,9.004788398742676,30755400
QCOM,2002-10-07,14.520000457763672,14.970000267028809,14.345000267028809,14.744999885559082,9.075568199157715,30279800
QCOM,2002-10-08,14.875,14.970000267028809,13.664999961853027,14.350000381469727,8.832450866699219,45208000
QCOM,2002-10-09,14.03499984741211,14.399999618530273,13.899999618530273,13.954999923706055,8.589322090148926,31630600
QCOM,2002-10-10,14.09000015258789,14.975000381469727,14.010000228881836,14.954999923706055,9.204824447631836,37961800
QCOM,2002-10-11,15.194999694824219,15.880000114440918,15.149999618530273,15.6850004196167,9.654145240783691,43647400
QCOM,2002-10-14,15.4399995803833,16.450000762939453,15.329999923706055,16.375,10.078834533691406,33496200
QCOM,2002-10-15,16.979999542236328,17.704999923706055,16.94499969482422,17.670000076293945,10.875914573669434,52726200
QCOM,2002-10-16,17.0049991607666,17.450000762939453,16.809999465942383,17.079999923706055,10.512763023376465,34709000
QCOM,2002-10-17,17.809999465942383,18.200000762939453,17.709999084472656,17.9950008392334,11.075945854187012,40691400
QCOM,2002-10-18,17.4950008392334,18.125,17.260000228881836,18.100000381469727,11.140580177307129,34668200
QCOM,2002-10-21,17.969999313354492,18.524999618530273,17.479999542236328,18.44499969482422,11.352925300598145,33349000
QCOM,2002-10-22,18.084999084472656,18.549999237060547,17.924999237060547,18.479999542236328,11.374465942382812,25275600
QCOM,2002-10-23,18.25,18.395000457763672,17.639999389648438,18.260000228881836,11.239056587219238,37240000
QCOM,2002-10-24,17.690000534057617,18.25,17.584999084472656,17.69499969482422,10.891301155090332,31911400
QCOM,2002-10-25,17.80500030517578,18.325000762939453,17.770000457763672,18.260000228881836,11.239056587219238,27650400
QCOM,2002-10-28,18.125,18.299999237060547,17.545000076293945,17.69499969482422,10.891301155090332,29605200
QCOM,2002-10-29,16.875,17.075000762939453,16.020000457763672,16.844999313354492,10.368123054504395,56098000
QCOM,2002-10-30,16.950000762939453,17.05500030517578,16.510000228881836,16.81999969482422,10.352729797363281,36887600
QCOM,2002-10-31,17.010000228881836,17.594999313354492,16.975000381469727,17.260000228881836,10.623554229736328,34936800
QCOM,2002-11-01,17.024999618530273,17.9950008392334,16.75,17.834999084472656,10.977469444274902,27855400
QCOM,2002-11-04,17.969999313354492,18.325000762939453,17.649999618530273,17.850000381469727,10.986698150634766,34441400
QCOM,2002-11-05,17.649999618530273,17.850000381469727,17.639999389648438,17.815000534057617,10.965158462524414,27863400
QCOM,2002-11-06,18.0049991607666,18.0049991607666,17.30500030517578,17.924999237060547,11.03286361694336,27287200
QCOM,2002-11-07,17.6200008392334,17.69499969482422,17.200000762939453,17.469999313354492,10.752808570861816,30577600
QCOM,2002-11-08,18.045000076293945,18.079999923706055,17.31999969482422,17.3700008392334,10.691266059875488,49730800
QCOM,2002-11-11,17.174999237060547,17.235000610351562,16.450000762939453,16.489999771118164,10.14962100982666,34366600
QCOM,2002-11-12,16.719999313354492,17.520000457763672,16.700000762939453,17.239999771118164,10.611248016357422,32656800
QCOM,2002-11-13,17.09000015258789,17.760000228881836,16.875,17.565000534057617,10.811287879943848,36637200
QCOM,2002-11-14,17.8700008392334,19.110000610351562,17.860000610351562,19.100000381469727,11.756084442138672,46916000
QCOM,2002-11-15,18.760000228881836,19.905000686645508,18.7450008392334,19.719999313354492,12.137688636779785,58749600
QCOM,2002-11-18,19.954999923706055,20.0,19.15999984741211,19.19499969482422,11.814549446105957,35818800
QCOM,2002-11-19,19.0,19.030000686645508,18.350000381469727,18.5049991607666,11.389849662780762,36166600
QCOM,2002-11-20,18.56999969482422,19.719999313354492,18.549999237060547,19.575000762939453,12.048447608947754,37288400
QCOM,2002-11-21,19.864999771118164,20.385000228881836,19.78499984741211,20.31999969482422,12.506987571716309,44574800
QCOM,2002-11-22,20.049999237060547,20.34000015258789,19.924999237060547,20.34000015258789,12.519298553466797,32546400
QCOM,2002-11-25,20.329999923706055,21.0,20.040000915527344,20.950000762939453,12.894759178161621,30382800
QCOM,2002-11-26,20.55500030517578,20.84000015258789,20.104999542236328,20.165000915527344,12.411589622497559,27549800
QCOM,2002-11-27,20.6200008392334,20.989999771118164,20.299999237060547,20.854999542236328,12.836277961730957,21725800
QCOM,2002-11-29,20.875,20.934999465942383,20.475000381469727,20.610000610351562,12.685486793518066,8551200
QCOM,2002-12-02,21.0,21.44499969482422,20.725000381469727,21.344999313354492,13.137879371643066,29784200
QCOM,2002-12-03,20.899999618530273,20.915000915527344,20.264999389648438,20.405000686645508,12.559310913085938,26763600
QCOM,2002-12-04,20.049999237060547,20.25,19.614999771118164,19.989999771118164,12.303877830505371,30910200
QCOM,2002-12-05,20.225000381469727,20.2450008392334,19.43000030517578,19.790000915527344,12.180780410766602,24688600
QCOM,2002-12-06,20.15999984741211,21.040000915527344,20.149999618530273,20.739999771118164,12.765499114990234,41959600
QCOM,2002-12-09,20.350000381469727,20.360000610351562,19.540000915527344,19.594999313354492,12.060748100280762,30479200
QCOM,2002-12-10,19.485000610351562,20.065000534057617,19.290000915527344,19.80500030517578,12.190009117126465,26046000
QCOM,2002-12-11,19.579999923706055,20.104999542236328,19.450000762939453,19.770000457763672,12.168466567993164,21406600
QCOM,2002-12-12,19.594999313354492,19.719999313354492,19.03499984741211,19.2549991607666,11.851484298706055,26806000
QCOM,2002-12-13,18.94499969482422,19.139999389648438,18.604999542236328,18.80500030517578,11.574512481689453,25384200
QCOM,2002-12-16,18.950000762939453,19.69499969482422,18.875,19.69499969482422,12.122300148010254,24684600
QCOM,2002-12-17,19.645000457763672,19.96500015258789,19.399999618530273,19.770000457763672,12.168466567993164,21147000
QCOM,2002-12-18,19.46500015258789,19.549999237060547,18.875,19.174999237060547,11.802239418029785,26603800
QCOM,2002-12-19,19.2549991607666,19.6200008392334,18.549999237060547,18.81999969482422,11.583740234375,28300400
QCOM,2002-12-20,18.774999618530273,19.25,17.915000915527344,18.84000015258789,11.596047401428223,31139200
QCOM,2002-12-23,18.8799991607666,19.545000076293945,18.854999542236328,19.4950008392334,11.999199867248535,19391800
QCOM,2002-12-24,19.299999237060547,19.594999313354492,19.19499969482422,19.229999542236328,11.83609390258789,7738400
QCOM,2002-12-26,19.350000381469727,19.795000076293945,18.674999237060547,19.03499984741211,11.716075897216797,14171200
QCOM,2002-12-27,18.850000381469727,19.094999313354492,18.510000228881836,18.635000228881836,11.469871520996094,12862800
QCOM,2002-12-30,18.610000610351562,18.889999389648438,18.174999237060547,18.399999618530273,11.325230598449707,17673400
QCOM,2002-12-31,18.299999237060547,18.454999923706055,17.915000915527344,18.19499969482422,11.199050903320312,14221000
QCOM,2003-01-02,18.309999465942383,18.584999084472656,18.059999465942383,18.56999969482422,11.429863929748535,31695600
QCOM,2003-01-03,18.219999313354492,18.25,17.700000762939453,17.850000381469727,10.986698150634766,32266000
QCOM,2003-01-06,17.809999465942383,18.75,17.790000915527344,18.684999465942383,11.500643730163574,29093200
QCOM,2003-01-07,18.725000381469727,18.959999084472656,18.34000015258789,18.6299991607666,11.466792106628418,28619800
QCOM,2003-01-08,18.549999237060547,18.600000381469727,18.049999237060547,18.309999465942383,11.269837379455566,24328000
QCOM,2003-01-09,18.635000228881836,19.475000381469727,18.53499984741211,19.34000015258789,11.90379524230957,34328800
QCOM,2003-01-10,18.9950008392334,19.479999542236328,18.875,19.225000381469727,11.833022117614746,28336800
QCOM,2003-01-13,19.549999237060547,19.7549991607666,18.979999542236328,19.350000381469727,11.90996265411377,30118800
QCOM,2003-01-14,19.354999542236328,19.770000457763672,19.350000381469727,19.65999984741211,12.100756645202637,23115200
QCOM,2003-01-15,19.75,19.799999237060547,19.020000457763672,19.184999465942383,11.808396339416504,21804400
QCOM,2003-01-16,19.114999771118164,19.954999923706055,18.924999237060547,19.19499969482422,11.814549446105957,29799800
QCOM,2003-01-17,18.8700008392334,18.8700008392334,18.364999771118164,18.399999618530273,11.325230598449707,24722600
QCOM,2003-01-21,18.489999771118164,18.899999618530273,18.44499969482422,18.479999542236328,11.374465942382812,24266400
QCOM,2003-01-22,18.450000762939453,18.8799991607666,18.30500030517578,18.344999313354492,11.291374206542969,29224800
QCOM,2003-01-23,18.975000381469727,19.524999618530273,18.864999771118164,18.96500015258789,11.67298412322998,47293800
QCOM,2003-01-24,18.920000076293945,18.950000762939453,18.364999771118164,18.399999618530273,11.325230598449707,24940600
QCOM,2003-01-27,18.03499984741211,18.645000457763672,18.024999618530273,18.190000534057617,11.195972442626953,25805400
QCOM,2003-01-28,18.469999313354492,18.584999084472656,18.190000534057617,18.545000076293945,11.414478302001953,21826400
QCOM,2003-01-29,18.344999313354492,19.125,18.125,19.0049991607666,11.697599411010742,29270800
QCOM,2003-01-30,19.09000015258789,19.225000381469727,18.655000686645508,18.770000457763672,11.552964210510254,27340400
QCOM,2003-01-31,18.475000381469727,19.149999618530273,18.424999237060547,18.829999923706055,11.58989143371582,28501200
QCOM,2003-02-03,18.844999313354492,18.954999923706055,18.459999084472656,18.670000076293945,11.491408348083496,23488600
QCOM,2003-02-04,18.3799991607666,18.520000457763672,18.094999313354492,18.299999237060547,11.263676643371582,22234400
QCOM,2003-02-05,18.46500015258789,18.7450008392334,18.049999237060547,18.139999389648438,11.165194511413574,21304200
QCOM,2003-02-06,18.100000381469727,18.424999237060547,18.075000762939453,18.290000915527344,11.25752067565918,20487600
QCOM,2003-02-07,18.354999542236328,18.469999313354492,18.05500030517578,18.1200008392334,11.152888298034668,21921800
QCOM,2003-02-10,18.25,18.834999084472656,18.21500015258789,18.809999465942383,11.577583312988281,28098400
QCOM,2003-02-11,19.225000381469727,19.3799991607666,18.614999771118164,18.825000762939453,11.586817741394043,40392400
QCOM,2003-02-12,18.7450008392334,19.125,18.18000030517578,18.280000686645508,11.251368522644043,39986200
QCOM,2003-02-13,18.280000686645508,18.299999237060547,16.520000457763672,16.954999923706055,10.43582820892334,80449000
QCOM,2003-02-14,17.045000076293945,17.350000381469727,16.315000534057617,17.350000381469727,10.678948402404785,55750000
QCOM,2003-02-18,17.4950008392334,17.780000686645508,17.360000610351562,17.69499969482422,10.891301155090332,30112000
QCOM,2003-02-19,17.584999084472656,17.774999618530273,17.399999618530273,17.770000457763672,10.937466621398926,21300400
QCOM,2003-02-20,17.5,17.69499969482422,17.219999313354492,17.350000381469727,10.678948402404785,29254600
QCOM,2003-02-21,17.309999465942383,17.764999389648438,17.1299991607666,17.610000610351562,10.838981628417969,32724600
QCOM,2003-02-24,17.475000381469727,17.81999969482422,17.350000381469727,17.59000015258789,10.826671600341797,21076200
QCOM,2003-02-25,17.389999389648438,17.450000762939453,17.0,17.385000228881836,10.700499534606934,25100200
QCOM,2003-02-26,17.309999465942383,17.3700008392334,16.704999923706055,16.735000610351562,10.300418853759766,27003200
QCOM,2003-02-27,16.7549991607666,17.15999984741211,16.6200008392334,17.110000610351562,10.531237602233887,28854200
QCOM,2003-02-28,17.170000076293945,17.645000457763672,17.045000076293945,17.290000915527344,10.642027854919434,26790400
QCOM,2003-03-03,17.459999084472656,17.7549991607666,16.954999923706055,17.0049991607666,10.466604232788086,24348200
QCOM,2003-03-04,16.950000762939453,17.354999542236328,16.719999313354492,17.225000381469727,10.602019309997559,24821000
QCOM,2003-03-05,17.229999542236328,17.9950008392334,17.229999542236328,17.7450008392334,10.922072410583496,34173000
QCOM,2003-03-06,17.405000686645508,17.674999237060547,17.30500030517578,17.489999771118164,10.765125274658203,26919800
QCOM,2003-03-07,17.200000762939453,17.69499969482422,17.100000381469727,17.59000015258789,10.826671600341797,23433800
QCOM,2003-03-10,17.635000228881836,17.635000228881836,17.010000228881836,17.1200008392334,10.537386894226074,27088000
QCOM,2003-03-11,17.19499969482422,17.485000610351562,17.065000534057617,17.264999389648438,10.626636505126953,23180000
QCOM,2003-03-12,17.1200008392334,17.600000381469727,17.024999618530273,17.559999465942383,10.823881149291992,24237200
QCOM,2003-03-13,17.93000030517578,18.850000381469727,17.875,18.844999313354492,11.615945816040039,42897400
QCOM,2003-03-14,18.920000076293945,18.959999084472656,18.454999923706055,18.739999771118164,11.551224708557129,38321000
QCOM,2003-03-17,18.434999465942383,19.975000381469727,18.43000030517578,19.510000228881836,12.02584457397461,41681200
QCOM,2003-03-18,19.489999771118164,19.65999984741211,19.155000686645508,19.625,12.096733093261719,24989000
QCOM,2003-03-19,19.549999237060547,19.665000915527344,19.18000030517578,19.559999465942383,12.05666732788086,25721800
QCOM,2003-03-20,18.979999542236328,19.5,18.795000076293945,19.30500030517578,11.89948844909668,34740200
QCOM,2003-03-21,19.75,19.770000457763672,19.399999618530273,19.604999542236328,12.084403991699219,30202000
QCOM,2003-03-24,19.0,19.399999618530273,18.850000381469727,19.059999465942383,11.748467445373535,23169800
QCOM,2003-03-25,19.049999237060547,19.485000610351562,18.8799991607666,19.3799991607666,11.945717811584473,23284800
QCOM,2003-03-26,19.334999084472656,19.375,19.075000762939453,19.21500015258789,11.844016075134277,18200000
QCOM,2003-03-27,18.950000762939453,19.0049991607666,18.735000610351562,18.799999237060547,11.588204383850098,24235800
QCOM,2003-03-28,18.75,18.885000228881836,18.450000762939453,18.75,11.557391166687012,18536800
QCOM,2003-03-31,18.375,18.44499969482422,17.985000610351562,18.0,11.095093727111816,24372600
QCOM,2003-04-01,18.25,18.31999969482422,17.895000457763672,17.975000381469727,11.079687118530273,22588200
QCOM,2003-04-02,18.149999618530273,18.184999465942383,16.905000686645508,17.09000015258789,10.534173965454102,62289800
QCOM,2003-04-03,17.274999618530273,17.65999984741211,17.0,17.15999984741211,10.577320098876953,38932000
QCOM,2003-04-04,17.385000228881836,17.424999237060547,16.985000610351562,17.145000457763672,10.568072319030762,24924200
QCOM,2003-04-07,17.905000686645508,18.125,17.065000534057617,17.094999313354492,10.537257194519043,27801400
QCOM,2003-04-08,16.670000076293945,16.975000381469727,16.094999313354492,16.200000762939453,9.985581398010254,47752200
QCOM,2003-04-09,16.25,16.375,15.5600004196167,16.110000610351562,9.930109024047852,48647800
QCOM,2003-04-10,16.030000686645508,16.31999969482422,15.899999618530273,16.155000686645508,9.957845687866211,21925600
QCOM,2003-04-11,16.424999237060547,16.46500015258789,15.680000305175781,15.9399995803833,9.825321197509766,18284200
QCOM,2003-04-14,15.914999961853027,16.649999618530273,15.824999809265137,16.530000686645508,10.188996315002441,27603800
QCOM,2003-04-15,16.375,16.7450008392334,16.329999923706055,16.540000915527344,10.195159912109375,22564600
QCOM,2003-04-16,16.739999771118164,16.844999313354492,16.309999465942383,16.360000610351562,10.084209442138672,23756200
QCOM,2003-04-17,16.024999618530273,16.59000015258789,15.920000076293945,16.469999313354492,10.152009010314941,31396200
QCOM,2003-04-21,16.514999389648438,16.80500030517578,16.30500030517578,16.440000534057617,10.13351821899414,25597400
QCOM,2003-04-22,16.270000457763672,16.635000228881836,16.235000610351562,16.604999542236328,10.235224723815918,32525000
QCOM,2003-04-23,16.854999542236328,16.899999618530273,16.40999984741211,16.489999771118164,10.164339065551758,39451000
QCOM,2003-04-24,16.700000762939453,16.950000762939453,16.165000915527344,16.315000534057617,10.056469917297363,51229200
QCOM,2003-04-25,16.149999618530273,16.184999465942383,15.369999885559082,15.5600004196167,9.591094970703125,40181600
QCOM,2003-04-28,15.510000228881836,15.720000267028809,15.329999923706055,15.529999732971191,9.572599411010742,30257200
QCOM,2003-04-29,15.694999694824219,16.100000381469727,15.524999618530273,15.944999694824219,9.828400611877441,26608800
QCOM,2003-04-30,15.850000381469727,16.219999313354492,15.760000228881836,15.9399995803833,9.825321197509766,25550200
QCOM,2003-05-01,15.970000267028809,16.280000686645508,15.725000381469727,16.104999542236328,9.927022933959961,21863600
QCOM,2003-05-02,16.100000381469727,16.125,15.71500015258789,16.05500030517578,9.896207809448242,25309800
QCOM,2003-05-05,16.030000686645508,16.485000610351562,15.925000190734863,16.239999771118164,10.010236740112305,21879000
QCOM,2003-05-06,15.994999885559082,16.485000610351562,15.930000305175781,16.415000915527344,10.118106842041016,23542600
QCOM,2003-05-07,16.385000228881836,16.5,15.795000076293945,15.970000267028809,9.843817710876465,31032800
QCOM,2003-05-08,15.649999618530273,15.71500015258789,15.0600004196167,15.194999694824219,9.366106033325195,49770400
QCOM,2003-05-09,15.444999694824219,15.619999885559082,15.25,15.555000305175781,9.588007926940918,30747800
QCOM,2003-05-12,15.3100004196167,15.609999656677246,15.244999885559082,15.5600004196167,9.591094970703125,29087200
QCOM,2003-05-13,15.4399995803833,15.755000114440918,15.399999618530273,15.6850004196167,9.668145179748535,28375600
QCOM,2003-05-14,15.704999923706055,15.774999618530273,15.28499984741211,15.420000076293945,9.504796981811523,22461400
QCOM,2003-05-15,14.960000038146973,15.234999656677246,14.789999961853027,15.114999771118164,9.316795349121094,47250600
QCOM,2003-05-16,14.994999885559082,15.524999618530273,14.979999542236328,15.149999618530273,9.338370323181152,33473400
QCOM,2003-05-19,15.550000190734863,15.645000457763672,15.135000228881836,15.135000228881836,9.329120635986328,36322400
QCOM,2003-05-20,15.175000190734863,15.614999771118164,15.140000343322754,15.479999542236328,9.541783332824707,30666600
QCOM,2003-05-21,15.350000381469727,15.875,15.34000015258789,15.6899995803833,9.671222686767578,24132400
QCOM,2003-05-22,15.800000190734863,16.0,15.510000228881836,15.675000190734863,9.661974906921387,27204800
QCOM,2003-05-23,15.399999618530273,15.545000076293945,15.279999732971191,15.449999809265137,9.523285865783691,20740000
QCOM,2003-05-27,15.244999885559082,15.904999732971191,15.21500015258789,15.885000228881836,9.79141902923584,20397200
QCOM,2003-05-28,15.800000190734863,16.014999389648438,15.625,15.694999694824219,9.689553260803223,17749000
QCOM,2003-05-29,15.845000267028809,16.524999618530273,15.6899995803833,16.25,10.032195091247559,38179200
QCOM,2003-05-30,16.31999969482422,16.90999984741211,16.309999465942383,16.774999618530273,10.356308937072754,35369200
QCOM,2003-06-02,16.94499969482422,16.985000610351562,16.454999923706055,16.674999237060547,10.294570922851562,32764400
QCOM,2003-06-03,16.565000534057617,17.479999542236328,16.454999923706055,17.34000015258789,10.705122947692871,48221200
QCOM,2003-06-04,17.325000762939453,17.475000381469727,17.05500030517578,17.350000381469727,10.711295127868652,26302400
QCOM,2003-06-05,17.125,17.649999618530273,17.094999313354492,17.450000762939453,10.773035049438477,23624000
QCOM,2003-06-06,17.700000762939453,17.815000534057617,16.75,16.774999618530273,10.356308937072754,37706000
QCOM,2003-06-09,16.479999542236328,17.219999313354492,16.405000686645508,16.600000381469727,10.248270988464355,28760000
QCOM,2003-06-10,16.704999923706055,16.93000030517578,16.520000457763672,16.815000534057617,10.381004333496094,19709400
QCOM,2003-06-11,16.575000762939453,16.905000686645508,16.274999618530273,16.809999465942383,10.37791633605957,27324400
QCOM,2003-06-12,16.700000762939453,16.84000015258789,16.4950008392334,16.795000076293945,10.36865520477295,18516600
QCOM,2003-06-13,16.7549991607666,16.96500015258789,16.350000381469727,16.4950008392334,10.183445930480957,16338000
QCOM,2003-06-16,16.485000610351562,16.9950008392334,16.424999237060547,16.84000015258789,10.396438598632812,19476200
QCOM,2003-06-17,16.975000381469727,17.0,16.614999771118164,16.885000228881836,10.424220085144043,20130200
QCOM,2003-06-18,16.684999465942383,17.9950008392334,16.645000457763672,17.844999313354492,11.016892433166504,39526600
QCOM,2003-06-19,18.059999465942383,19.09000015258789,17.985000610351562,18.459999084472656,11.396568298339844,61447400
QCOM,2003-06-20,18.524999618530273,18.575000762939453,17.725000381469727,18.225000381469727,11.251492500305176,24853400
QCOM,2003-06-23,17.9950008392334,18.200000762939453,17.7549991607666,18.0,11.11258316040039,17794000
QCOM,2003-06-24,17.979999542236328,18.25,17.690000534057617,17.905000686645508,11.053930282592773,18620600
QCOM,2003-06-25,17.905000686645508,17.975000381469727,17.610000610351562,17.65999984741211,10.902677536010742,20235200
QCOM,2003-06-26,17.7549991607666,18.25,17.625,18.21500015258789,11.24531364440918,17593800
QCOM,2003-06-27,18.174999237060547,18.43000030517578,17.80500030517578,18.0049991607666,11.115670204162598,17232000
QCOM,2003-06-30,17.979999542236328,18.299999237060547,17.8700008392334,17.969999313354492,11.094064712524414,14189200
QCOM,2003-07-01,17.725000381469727,18.204999923706055,17.600000381469727,18.020000457763672,11.124933242797852,17841000
QCOM,2003-07-02,18.079999923706055,18.875,18.03499984741211,18.8700008392334,11.64969253540039,23431000
QCOM,2003-07-03,18.625,18.920000076293945,18.389999389648438,18.729999542236328,11.563262939453125,13808200
QCOM,2003-07-07,18.950000762939453,19.989999771118164,18.905000686645508,19.940000534057617,12.310275077819824,43747600
QCOM,2003-07-08,19.65999984741211,19.81999969482422,19.46500015258789,19.7450008392334,12.189886093139648,24900600
QCOM,2003-07-09,19.68000030517578,19.954999923706055,19.274999618530273,19.549999237060547,12.069500923156738,18209800
QCOM,2003-07-10,19.399999618530273,19.4950008392334,18.895000457763672,19.079999923706055,11.779336929321289,21951000
QCOM,2003-07-11,19.104999542236328,19.520000457763672,19.084999084472656,19.31999969482422,11.927506446838379,14206600
QCOM,2003-07-14,19.454999923706055,19.780000686645508,19.05500030517578,19.184999465942383,11.844158172607422,22736600
QCOM,2003-07-15,19.28499984741211,19.360000610351562,18.69499969482422,18.899999618530273,11.668212890625,22701400
QCOM,2003-07-16,18.9950008392334,19.05500030517578,18.5,18.65999984741211,11.520041465759277,17650000
QCOM,2003-07-17,18.165000915527344,18.190000534057617,17.774999618530273,17.844999313354492,11.016892433166504,30797000
QCOM,2003-07-18,17.875,18.0,17.6299991607666,17.7450008392334,10.955155372619629,15457600
QCOM,2003-07-21,17.94499969482422,17.94499969482422,17.165000915527344,17.4950008392334,10.80081558227539,19843000
QCOM,2003-07-22,17.700000762939453,18.434999465942383,17.604999542236328,18.1200008392334,11.186666488647461,23673400
QCOM,2003-07-23,18.084999084472656,18.264999389648438,17.700000762939453,18.125,11.189756393432617,19169000
QCOM,2003-07-24,18.290000915527344,18.889999389648438,18.174999237060547,18.604999542236328,11.486084938049316,31553800
QCOM,2003-07-25,18.6200008392334,18.9950008392334,18.229999542236328,18.924999237060547,11.683642387390137,16544200
QCOM,2003-07-28,19.110000610351562,19.3700008392334,19.03499984741211,19.309999465942383,11.921332359313965,23115600
QCOM,2003-07-29,19.30500030517578,19.5,18.684999465942383,19.065000534057617,11.7700777053833,18204000
QCOM,2003-07-30,19.059999465942383,19.219999313354492,18.510000228881836,18.670000076293945,11.526216506958008,13352200
QCOM,2003-07-31,18.795000076293945,19.075000762939453,18.709999084472656,18.739999771118164,11.569432258605957,17741400
QCOM,2003-08-01,18.729999542236328,18.774999618530273,18.225000381469727,18.25,11.266923904418945,16916400
QCOM,2003-08-04,18.06999969482422,18.895000457763672,18.06999969482422,18.690000534057617,11.538566589355469,19388200
QCOM,2003-08-05,18.700000762939453,18.704999923706055,17.975000381469727,18.010000228881836,11.118759155273438,16350200
QCOM,2003-08-06,18.049999237060547,18.610000610351562,17.950000762939453,18.235000610351562,11.257662773132324,19432000
QCOM,2003-08-07,18.075000762939453,18.549999237060547,18.030000686645508,18.204999923706055,11.239139556884766,19013800
QCOM,2003-08-08,18.280000686645508,18.395000457763672,17.565000534057617,17.68000030517578,10.91502571105957,20599800
QCOM,2003-08-11,17.584999084472656,18.309999465942383,17.575000762939453,17.940000534057617,11.075540542602539,18368400
QCOM,2003-08-12,18.0,18.475000381469727,17.875,18.3799991607666,11.34718132019043,17800400
QCOM,2003-08-13,18.549999237060547,18.954999923706055,18.235000610351562,18.915000915527344,11.677475929260254,28103200
QCOM,2003-08-14,18.770000457763672,19.219999313354492,18.59000015258789,19.190000534057617,11.847249031066895,24289400
QCOM,2003-08-15,19.170000076293945,19.25,18.924999237060547,19.18000030517578,11.841073989868164,8311600
QCOM,2003-08-18,19.094999313354492,19.565000534057617,19.079999923706055,19.55500030517578,12.07258415222168,15819600
QCOM,2003-08-19,19.545000076293945,19.739999771118164,19.0,19.34000015258789,11.939848899841309,18336800
QCOM,2003-08-20,18.985000610351562,19.454999923706055,18.954999923706055,19.31999969482422,11.927506446838379,18368000
QCOM,2003-08-21,19.489999771118164,19.520000457763672,18.9950008392334,19.31999969482422,11.927506446838379,16936800
QCOM,2003-08-22,19.549999237060547,19.799999237060547,19.399999618530273,19.434999465942383,11.998506546020508,33529400
QCOM,2003-08-25,19.31999969482422,19.524999618530273,19.28499984741211,19.489999771118164,12.032459259033203,11925200
QCOM,2003-08-26,19.280000686645508,19.829999923706055,19.030000686645508,19.799999237060547,12.223841667175293,23926600
QCOM,2003-08-27,19.735000610351562,20.530000686645508,19.625,20.5,12.678409576416016,38562600
QCOM,2003-08-28,20.5049991607666,20.614999771118164,20.170000076293945,20.485000610351562,12.669135093688965,21463600
QCOM,2003-08-29,20.415000915527344,20.795000076293945,20.375,20.665000915527344,12.7804536819458,18485600
QCOM,2003-09-02,20.594999313354492,20.68000030517578,20.219999313354492,20.604999542236328,12.743343353271484,22937600
QCOM,2003-09-03,20.645000457763672,20.700000762939453,20.084999084472656,20.184999465942383,12.483590126037598,24250800
QCOM,2003-09-04,20.135000228881836,20.584999084472656,20.079999923706055,20.549999237060547,12.709332466125488,25470800
QCOM,2003-09-05,20.489999771118164,20.934999465942383,20.479999542236328,20.604999542236328,12.743343353271484,25852000
QCOM,2003-09-08,20.549999237060547,21.334999084472656,20.545000076293945,21.239999771118164,13.136068344116211,20456800
QCOM,2003-09-09,21.084999084472656,21.104999542236328,20.5,20.90999984741211,12.931977272033691,18610800
QCOM,2003-09-10,20.575000762939453,20.8700008392334,20.30500030517578,20.309999465942383,12.560901641845703,13975400
QCOM,2003-09-11,20.405000686645508,20.700000762939453,20.25,20.5,12.678409576416016,17530600
QCOM,2003-09-12,21.100000381469727,21.475000381469727,21.0,21.40999984741211,13.241215705871582,30094800
QCOM,2003-09-15,21.325000762939453,21.850000381469727,21.184999465942383,21.725000381469727,13.436017990112305,31354400
QCOM,2003-09-16,21.299999237060547,22.489999771118164,21.190000534057617,22.44499969482422,13.881307601928711,42185000
QCOM,2003-09-17,22.3799991607666,22.514999389648438,21.94499969482422,22.1200008392334,13.680314064025879,22348200
QCOM,2003-09-18,22.079999923706055,23.024999618530273,22.079999923706055,22.864999771118164,14.14106559753418,28065800
QCOM,2003-09-19,22.81999969482422,22.8799991607666,22.364999771118164,22.524999618530273,13.930788040161133,23142200
QCOM,2003-09-22,22.155000686645508,22.639999389648438,22.1299991607666,22.309999465942383,13.797818183898926,19401000
QCOM,2003-09-23,22.540000915527344,22.625,22.165000915527344,22.389999389648438,13.847293853759766,21975000
QCOM,2003-09-24,22.43000030517578,22.440000534057617,21.610000610351562,21.760000228881836,13.457660675048828,18484600
QCOM,2003-09-25,21.594999313354492,22.174999237060547,21.3700008392334,21.44499969482422,13.262847900390625,16701800
QCOM,2003-09-26,21.34000015258789,21.674999237060547,20.80500030517578,20.825000762939453,12.879409790039062,20629800
QCOM,2003-09-29,21.045000076293945,21.690000534057617,20.924999237060547,21.670000076293945,13.402006149291992,20221000
QCOM,2003-09-30,21.309999465942383,21.459999084472656,20.80500030517578,20.834999084472656,12.885591506958008,19978000
QCOM,2003-10-01,20.979999542236328,21.229999542236328,20.5,21.174999237060547,13.095865249633789,23894000
QCOM,2003-10-02,21.44499969482422,21.604999542236328,21.165000915527344,21.4950008392334,13.293780326843262,16059200
QCOM,2003-10-03,21.93000030517578,22.1299991607666,21.725000381469727,21.9950008392334,13.603004455566406,16026000
QCOM,2003-10-06,21.875,22.075000762939453,21.80500030517578,21.96500015258789,13.584451675415039,8445200
QCOM,2003-10-07,21.969999313354492,21.969999313354492,21.274999618530273,21.8799991607666,13.531879425048828,19484400
QCOM,2003-10-08,21.93000030517578,22.06999969482422,21.40999984741211,21.625,13.37417221069336,16377600
QCOM,2003-10-09,21.979999542236328,22.264999389648438,21.575000762939453,21.829999923706055,13.500953674316406,22381200
QCOM,2003-10-10,21.809999465942383,22.184999465942383,21.799999237060547,22.155000686645508,13.701961517333984,16021000
QCOM,2003-10-13,22.395000457763672,22.665000915527344,22.344999313354492,22.459999084472656,13.890588760375977,15128400
QCOM,2003-10-14,22.2549991607666,22.434999465942383,22.139999389648438,22.299999237060547,13.791638374328613,13211800
QCOM,2003-10-15,22.5,22.5049991607666,21.975000381469727,22.059999465942383,13.643205642700195,13045400
QCOM,2003-10-16,21.704999923706055,22.565000534057617,21.670000076293945,22.434999465942383,13.875130653381348,19148600
QCOM,2003-10-17,22.489999771118164,22.5,21.610000610351562,21.6299991607666,13.377267837524414,18781400
QCOM,2003-10-20,21.71500015258789,22.28499984741211,21.700000762939453,22.25,13.760708808898926,13829200
QCOM,2003-10-21,22.479999542236328,22.825000762939453,22.309999465942383,22.665000915527344,14.017372131347656,17986000
QCOM,2003-10-22,22.360000610351562,22.56999969482422,21.985000610351562,22.0049991607666,13.609190940856934,13539600
QCOM,2003-10-23,21.690000534057617,22.170000076293945,21.575000762939453,21.934999465942383,13.565896987915039,14845200
QCOM,2003-10-24,21.825000762939453,22.1200008392334,21.350000381469727,22.100000381469727,13.66794204711914,12851000
QCOM,2003-10-27,22.200000762939453,22.5,22.084999084472656,22.1200008392334,13.680314064025879,12346800
QCOM,2003-10-28,22.385000228881836,23.594999313354492,22.2450008392334,23.5,14.533785820007324,28818200
QCOM,2003-10-29,23.549999237060547,23.815000534057617,23.19499969482422,23.760000228881836,14.694584846496582,18797000
QCOM,2003-10-30,24.274999618530273,24.299999237060547,23.75,24.010000228881836,14.849207878112793,18911800
QCOM,2003-10-31,23.975000381469727,24.06999969482422,23.6299991607666,23.7450008392334,14.685306549072266,17035800
QCOM,2003-11-03,23.7450008392334,24.315000534057617,23.719999313354492,24.125,14.920318603515625,16750200
QCOM,2003-11-04,23.8700008392334,23.924999237060547,23.5,23.65999984741211,14.632742881774902,16077600
QCOM,2003-11-05,23.524999618530273,23.7549991607666,22.96500015258789,23.295000076293945,14.407001495361328,26999800
QCOM,2003-11-06,23.645000457763672,23.69499969482422,22.979999542236328,23.329999923706055,14.428645133972168,25851000
QCOM,2003-11-07,23.459999084472656,24.34000015258789,23.420000076293945,24.020000457763672,14.855386734008789,27723600
QCOM,2003-11-10,23.905000686645508,23.940000534057617,23.260000228881836,23.354999542236328,14.444109916687012,14031400
QCOM,2003-11-11,23.25,23.55500030517578,23.075000762939453,23.209999084472656,14.354430198669434,9719200
QCOM,2003-11-12,23.489999771118164,24.0,23.354999542236328,23.905000686645508,14.784265518188477,13607400
QCOM,2003-11-13,23.684999465942383,23.989999771118164,23.600000381469727,23.850000381469727,14.75024700164795,9329200
QCOM,2003-11-14,23.93000030517578,24.315000534057617,23.530000686645508,23.700000762939453,14.65747356414795,14582400
QCOM,2003-11-17,23.3799991607666,23.584999084472656,23.19499969482422,23.360000610351562,14.447205543518066,15086000
QCOM,2003-11-18,23.549999237060547,23.649999618530273,22.665000915527344,22.71500015258789,14.04828929901123,17367600
QCOM,2003-11-19,22.655000686645508,23.229999542236328,22.625,23.014999389648438,14.233830451965332,12906600
QCOM,2003-11-20,22.780000686645508,22.920000076293945,22.299999237060547,22.385000228881836,13.84420108795166,16397800
QCOM,2003-11-21,22.549999237060547,22.56999969482422,21.80500030517578,21.959999084472656,13.58135986328125,22907600
QCOM,2003-11-24,22.225000381469727,22.71500015258789,22.014999389648438,22.594999313354492,13.97407341003418,20955000
QCOM,2003-11-25,22.575000762939453,23.114999771118164,22.09000015258789,22.790000915527344,14.116544723510742,16170200
QCOM,2003-11-26,22.915000915527344,22.975000381469727,22.030000686645508,22.229999542236328,13.769676208496094,17172000
QCOM,2003-11-28,22.354999542236328,22.399999618530273,22.065000534057617,22.274999618530273,13.79754638671875,5505600
QCOM,2003-12-01,22.454999923706055,22.875,22.389999389648438,22.799999237060547,14.122746467590332,15588000
QCOM,2003-12-02,22.799999237060547,22.989999771118164,22.3700008392334,22.450000762939453,13.9059476852417,15372400
QCOM,2003-12-03,22.635000228881836,22.84000015258789,22.135000228881836,22.235000610351562,13.7727689743042,19160800
QCOM,2003-12-04,23.825000762939453,24.690000534057617,23.764999389648438,24.549999237060547,15.206720352172852,59609400
QCOM,2003-12-05,24.25,24.9950008392334,24.100000381469727,24.739999771118164,15.324413299560547,32994400
QCOM,2003-12-08,24.545000076293945,24.725000381469727,24.415000915527344,24.610000610351562,15.243891716003418,17801600
QCOM,2003-12-09,24.584999084472656,24.670000076293945,24.204999923706055,24.219999313354492,15.002312660217285,21161800
QCOM,2003-12-10,24.184999465942383,24.55500030517578,24.094999313354492,24.375,15.098318099975586,16016600
QCOM,2003-12-11,24.469999313354492,25.225000381469727,24.18000030517578,25.06999969482422,15.528820037841797,22331200
QCOM,2003-12-12,25.09000015258789,25.579999923706055,24.850000381469727,25.5,15.795166015625,21204200
QCOM,2003-12-15,25.969999313354492,26.0,24.940000534057617,25.03499984741211,15.507143020629883,24853600
QCOM,2003-12-16,24.899999618530273,25.110000610351562,24.375,24.895000457763672,15.420424461364746,20533200
QCOM,2003-12-17,24.75,25.170000076293945,24.4950008392334,24.65999984741211,15.274861335754395,15313000
QCOM,2003-12-18,24.625,25.920000076293945,24.625,25.739999771118164,15.943836212158203,31133400
QCOM,2003-12-19,25.860000610351562,25.860000610351562,25.25,25.514999389648438,15.804463386535645,22200600
QCOM,2003-12-22,25.450000762939453,26.15999984741211,25.395000457763672,26.125,16.182310104370117,15205600
QCOM,2003-12-23,26.200000762939453,26.81999969482422,26.059999465942383,26.760000228881836,16.575639724731445,20276800
QCOM,2003-12-24,26.690000534057617,26.690000534057617,26.270000457763672,26.420000076293945,16.365036010742188,5490400
QCOM,2003-12-26,26.46500015258789,26.69499969482422,26.34000015258789,26.514999389648438,16.423873901367188,3908000
QCOM,2003-12-29,26.399999618530273,27.424999237060547,26.399999618530273,27.40999984741211,16.978252410888672,14254200
QCOM,2003-12-30,27.235000610351562,27.389999389648438,27.014999389648438,27.190000534057617,16.84198760986328,12150200
QCOM,2003-12-31,27.30500030517578,27.399999618530273,26.799999237060547,26.96500015258789,16.70261573791504,9920200
QCOM,2004-01-02,27.010000228881836,27.4950008392334,26.665000915527344,26.809999465942383,16.606609344482422,13705000
QCOM,2004-01-05,26.75,27.44499969482422,26.709999084472656,27.375,16.956584930419922,15907200
QCOM,2004-01-06,27.235000610351562,27.415000915527344,26.875,27.114999771118164,16.7955265045166,16162600
QCOM,2004-01-07,27.0,28.114999771118164,26.96500015258789,27.8799991607666,17.26939582824707,20298600
QCOM,2004-01-08,28.6299991607666,29.71500015258789,28.479999542236328,29.475000381469727,18.257356643676758,38061600
QCOM,2004-01-09,29.110000610351562,29.9950008392334,29.110000610351562,29.485000610351562,18.263551712036133,23863200
QCOM,2004-01-12,29.43000030517578,30.165000915527344,29.270000457763672,30.045000076293945,18.610429763793945,18206800
QCOM,2004-01-13,30.104999542236328,30.325000762939453,29.399999618530273,29.719999313354492,18.409116744995117,19772600
QCOM,2004-01-14,29.915000915527344,30.174999237060547,29.704999923706055,30.05500030517578,18.61661148071289,14890800
QCOM,2004-01-15,29.399999618530273,30.364999771118164,29.295000076293945,29.959999084472656,18.55777359008789,20111600
QCOM,2004-01-16,29.815000534057617,29.989999771118164,29.454999923706055,29.834999084472656,18.480350494384766,21836000
QCOM,2004-01-20,29.825000762939453,29.8700008392334,29.145000457763672,29.440000534057617,18.235685348510742,18349200
QCOM,2004-01-21,29.05500030517578,29.610000610351562,28.5049991607666,29.385000228881836,18.20161247253418,22475000
QCOM,2004-01-22,28.924999237060547,29.15999984741211,28.415000915527344,28.55500030517578,17.68749237060547,22253400
QCOM,2004-01-23,28.735000610351562,29.049999237060547,28.100000381469727,28.46500015258789,17.631744384765625,14957000
QCOM,2004-01-26,28.34000015258789,29.264999389648438,28.200000762939453,29.225000381469727,18.102493286132812,13561000
QCOM,2004-01-27,29.2450008392334,29.489999771118164,28.454999923706055,28.549999237060547,17.684391021728516,13952600
QCOM,2004-01-28,28.729999542236328,29.145000457763672,28.184999465942383,28.280000686645508,17.517160415649414,18035000
QCOM,2004-01-29,28.43000030517578,28.850000381469727,28.024999618530273,28.770000457763672,17.820669174194336,22013600
QCOM,2004-01-30,28.709999084472656,29.440000534057617,28.649999618530273,29.30500030517578,18.15206527709961,17081800
QCOM,2004-02-02,29.184999465942383,29.415000915527344,28.579999923706055,28.780000686645508,17.82686424255371,16514400
QCOM,2004-02-03,28.774999618530273,29.049999237060547,28.454999923706055,28.719999313354492,17.789705276489258,11508400
QCOM,2004-02-04,28.594999313354492,28.690000534057617,28.049999237060547,28.19499969482422,17.464508056640625,14085600
QCOM,2004-02-05,28.260000228881836,28.575000762939453,27.80500030517578,28.43000030517578,17.610065460205078,13417400
QCOM,2004-02-06,28.719999313354492,28.915000915527344,28.385000228881836,28.844999313354492,17.86712646484375,14741800
QCOM,2004-02-09,28.7450008392334,28.899999618530273,28.5,28.579999923706055,17.702987670898438,10017000
QCOM,2004-02-10,28.524999618530273,29.125,28.5049991607666,29.045000076293945,17.99101448059082,10483800
QCOM,2004-02-11,28.9950008392334,29.760000228881836,28.864999771118164,29.690000534057617,18.390533447265625,15296600
QCOM,2004-02-12,29.520000457763672,29.834999084472656,29.280000686645508,29.309999465942383,18.155149459838867,10319200
QCOM,2004-02-13,29.264999389648438,29.6299991607666,28.635000228881836,28.844999313354492,17.86712646484375,13211200
QCOM,2004-02-17,29.045000076293945,29.9950008392334,28.989999771118164,29.774999618530273,18.44318389892578,15785600
QCOM,2004-02-18,29.53499984741211,29.739999771118164,29.100000381469727,29.530000686645508,18.291419982910156,13750600
QCOM,2004-02-19,29.770000457763672,29.96500015258789,29.375,29.395000457763672,18.207807540893555,16155600
QCOM,2004-02-20,29.3799991607666,29.899999618530273,29.045000076293945,29.700000762939453,18.396732330322266,17300800
QCOM,2004-02-23,31.459999084472656,31.825000762939453,30.665000915527344,31.21500015258789,19.335145950317383,55641200
QCOM,2004-02-24,31.0049991607666,31.084999084472656,30.309999465942383,30.540000915527344,18.91703987121582,25064800
QCOM,2004-02-25,30.510000228881836,31.149999618530273,30.440000534057617,31.040000915527344,19.24881935119629,17576000
QCOM,2004-02-26,31.030000686645508,31.8799991607666,30.959999084472656,31.850000381469727,19.75111198425293,19921800
QCOM,2004-02-27,31.950000762939453,32.0,31.2450008392334,31.545000076293945,19.56197166442871,18732400
QCOM,2004-03-01,31.719999313354492,31.989999771118164,31.25,31.375,19.45655632019043,19226800
QCOM,2004-03-02,31.450000762939453,31.559999465942383,31.0049991607666,31.0049991607666,19.227100372314453,15000200
QCOM,2004-03-03,31.024999618530273,31.264999389648438,30.719999313354492,30.8799991607666,19.14958953857422,17830400
QCOM,2004-03-04,30.795000076293945,31.399999618530273,30.78499984741211,31.28499984741211,19.400741577148438,11773400
QCOM,2004-03-05,31.344999313354492,32.224998474121094,31.280000686645508,31.940000534057617,19.806928634643555,29140400
QCOM,2004-03-08,31.93000030517578,32.2599983215332,31.700000762939453,31.809999465942383,19.726306915283203,22297800
QCOM,2004-03-09,31.649999618530273,31.975000381469727,31.459999084472656,31.875,19.766613006591797,17469600
QCOM,2004-03-10,31.8799991607666,32.025001525878906,31.635000228881836,31.75,19.689088821411133,20351800
QCOM,2004-03-11,31.2549991607666,31.71500015258789,30.825000762939453,30.889999389648438,19.15579605102539,22462000
QCOM,2004-03-12,31.125,31.645000457763672,31.014999389648438,31.510000228881836,19.540260314941406,16903800
QCOM,2004-03-15,31.274999618530273,31.93000030517578,31.149999618530273,31.40999984741211,19.478260040283203,23031000
QCOM,2004-03-16,31.59000015258789,32.17499923706055,31.434999465942383,32.064998626708984,19.884441375732422,20537000
QCOM,2004-03-17,32.31999969482422,32.52000045776367,32.11000061035156,32.36000061035156,20.067378997802734,16101400
QCOM,2004-03-18,32.154998779296875,32.59000015258789,31.764999389648438,32.415000915527344,20.101486206054688,21056400
QCOM,2004-03-19,32.334999084472656,32.63999938964844,32.16999816894531,32.18000030517578,19.95575523376465,16299200
QCOM,2004-03-22,31.645000457763672,31.969999313354492,30.7450008392334,31.155000686645508,19.32012176513672,27512600
QCOM,2004-03-23,31.360000610351562,31.479999542236328,30.600000381469727,30.795000076293945,19.096878051757812,22542000
QCOM,2004-03-24,30.889999389648438,31.290000915527344,30.649999618530273,31.104999542236328,19.289121627807617,17346600
QCOM,2004-03-25,31.43000030517578,31.545000076293945,30.924999237060547,31.459999084472656,19.50926971435547,20896000
QCOM,2004-03-26,31.204999923706055,31.280000686645508,30.875,30.8799991607666,19.14958953857422,14507000
QCOM,2004-03-29,31.575000762939453,32.94499969482422,31.424999237060547,32.80500030517578,20.343338012695312,31768800
QCOM,2004-03-30,32.58000183105469,32.900001525878906,32.47999954223633,32.790000915527344,20.334028244018555,14684000
QCOM,2004-03-31,32.540000915527344,33.48500061035156,32.53499984741211,33.14500045776367,20.554183959960938,21283000
QCOM,2004-04-01,32.75,33.150001525878906,32.61000061035156,33.14500045776367,20.554183959960938,17986400
QCOM,2004-04-02,33.900001525878906,34.15999984741211,33.15999984741211,34.1150016784668,21.155702590942383,19342000
QCOM,2004-04-05,33.845001220703125,34.599998474121094,33.814998626708984,34.595001220703125,21.453372955322266,15784400
QCOM,2004-04-06,33.73500061035156,34.375,33.73500061035156,34.154998779296875,21.18050765991211,17436200
QCOM,2004-04-07,34.2400016784668,34.52000045776367,33.959999084472656,34.224998474121094,21.223913192749023,13598000
QCOM,2004-04-08,34.525001525878906,34.689998626708984,33.36000061035156,33.689998626708984,20.89215087890625,18968800
QCOM,2004-04-12,33.720001220703125,34.18000030517578,33.63999938964844,34.08000183105469,21.133996963500977,10298200
QCOM,2004-04-13,34.150001525878906,34.17499923706055,33.380001068115234,33.57500076293945,20.820837020874023,12363600
QCOM,2004-04-14,33.220001220703125,33.875,33.14500045776367,33.66999816894531,20.879751205444336,11757800
QCOM,2004-04-15,33.85499954223633,33.85499954223633,32.775001525878906,33.02000045776367,20.476665496826172,14834200
QCOM,2004-04-16,33.17499923706055,33.209999084472656,32.380001068115234,32.43000030517578,20.11078643798828,18142400
QCOM,2004-04-19,32.349998474121094,33.32500076293945,32.310001373291016,33.29499816894531,20.64719581604004,13915200
QCOM,2004-04-20,33.334999084472656,33.39500045776367,32.165000915527344,32.21500015258789,19.977462768554688,15555000
QCOM,2004-04-21,32.95000076293945,33.310001373291016,32.54999923706055,32.91999816894531,20.414655685424805,24948400
QCOM,2004-04-22,33.689998626708984,34.5,33.18000030517578,33.939998626708984,21.047183990478516,27620200
QCOM,2004-04-23,33.994998931884766,34.04499816894531,33.2599983215332,33.4900016784668,20.768123626708984,19059200
QCOM,2004-04-26,33.244998931884766,33.53499984741211,32.92499923706055,33.07500076293945,20.510770797729492,11911200
QCOM,2004-04-27,33.21500015258789,33.41999816894531,32.78499984741211,32.904998779296875,20.405349731445312,15677200
QCOM,2004-04-28,32.96500015258789,33.025001525878906,32.150001525878906,32.55500030517578,20.18831443786621,18032000
QCOM,2004-04-29,32.41999816894531,33.1150016784668,31.635000228881836,32.20500183105469,19.971261978149414,18842600
QCOM,2004-04-30,32.0,32.290000915527344,31.03499984741211,31.229999542236328,19.366636276245117,23144000
QCOM,2004-05-03,31.274999618530273,32.08000183105469,31.170000076293945,31.989999771118164,19.837932586669922,16179000
QCOM,2004-05-04,31.844999313354492,32.935001373291016,31.75,32.32500076293945,20.045673370361328,18688400
QCOM,2004-05-05,32.189998626708984,32.724998474121094,31.940000534057617,32.505001068115234,20.157302856445312,14232800
QCOM,2004-05-06,32.165000915527344,32.314998626708984,31.614999771118164,31.954999923706055,19.816232681274414,14648200
QCOM,2004-05-07,31.795000076293945,32.22999954223633,31.600000381469727,31.625,19.611595153808594,16511800
QCOM,2004-05-10,31.219999313354492,31.975000381469727,31.1299991607666,31.815000534057617,19.72941780090332,22989800
QCOM,2004-05-11,32.0,32.595001220703125,31.93000030517578,32.36000061035156,20.067378997802734,19378200
QCOM,2004-05-12,32.279998779296875,32.380001068115234,31.165000915527344,31.950000762939453,19.813121795654297,34909800
QCOM,2004-05-13,31.739999771118164,32.275001525878906,31.655000686645508,32.23500061035156,19.989866256713867,19302000
QCOM,2004-05-14,32.31999969482422,32.595001220703125,31.774999618530273,31.825000762939453,19.73560905456543,16332600
QCOM,2004-05-17,31.09000015258789,31.579999923706055,30.899999618530273,31.280000686645508,19.397640228271484,17518200
QCOM,2004-05-18,31.59000015258789,32.10499954223633,31.524999618530273,32.0099983215332,19.850330352783203,13609600
QCOM,2004-05-19,32.35499954223633,32.67499923706055,31.725000381469727,31.780000686645508,19.707698822021484,22675600
QCOM,2004-05-20,31.885000228881836,32.39500045776367,31.860000610351562,32.099998474121094,19.906143188476562,14425400
QCOM,2004-05-21,32.375,32.70000076293945,32.2400016784668,32.70000076293945,20.278221130371094,15289000
QCOM,2004-05-24,32.790000915527344,33.125,32.68000030517578,32.775001525878906,20.324729919433594,16478400
QCOM,2004-05-25,32.77000045776367,33.54999923706055,32.56999969482422,33.45000076293945,20.743318557739258,23334800
QCOM,2004-05-26,33.36000061035156,33.474998474121094,33.084999084472656,33.28499984741211,20.671897888183594,14734400
QCOM,2004-05-27,33.5,33.619998931884766,33.13999938964844,33.400001525878906,20.743322372436523,16638200
QCOM,2004-05-28,33.415000915527344,33.625,33.16999816894531,33.53499984741211,20.8271541595459,9817200
QCOM,2004-06-01,33.2400016784668,34.05500030517578,33.224998474121094,34.025001525878906,21.13147735595703,16232400
QCOM,2004-06-02,34.08000183105469,34.154998779296875,33.59000015258789,33.9900016784668,21.10974884033203,15521200
QCOM,2004-06-03,33.7599983215332,34.255001068115234,33.654998779296875,33.81999969482422,21.00416374206543,13403200
QCOM,2004-06-04,34.19499969482422,34.459999084472656,33.625,33.63999938964844,20.892366409301758,18909000
QCOM,2004-06-07,33.7599983215332,34.375,33.525001525878906,34.34000015258789,21.327116012573242,16008000
QCOM,2004-06-08,34.16999816894531,34.77000045776367,34.029998779296875,34.67499923706055,21.5351619720459,15837800
QCOM,2004-06-09,34.439998626708984,34.720001220703125,34.14500045776367,34.22999954223633,21.258790969848633,10728600
QCOM,2004-06-10,34.5,34.93000030517578,34.310001373291016,34.93000030517578,21.693540573120117,13420600
QCOM,2004-06-14,34.529998779296875,34.845001220703125,34.25,34.36000061035156,21.339534759521484,20986800
QCOM,2004-06-15,34.595001220703125,34.915000915527344,34.38999938964844,34.70000076293945,21.550689697265625,16933000
QCOM,2004-06-16,34.57500076293945,34.709999084472656,34.375,34.375,21.348846435546875,12266000
QCOM,2004-06-17,34.345001220703125,34.349998474121094,33.92499923706055,34.125,21.193584442138672,11721400
QCOM,2004-06-18,34.0,34.084999084472656,33.05500030517578,33.244998931884766,20.647058486938477,27809800
QCOM,2004-06-21,33.255001068115234,33.540000915527344,32.3650016784668,32.744998931884766,20.336530685424805,22149200
QCOM,2004-06-22,32.90999984741211,34.13999938964844,32.88999938964844,33.974998474121094,21.100419998168945,26161400
QCOM,2004-06-23,33.98500061035156,34.0099983215332,33.470001220703125,33.95000076293945,21.08489990234375,17106800
QCOM,2004-06-24,33.845001220703125,34.834999084472656,32.505001068115234,34.34000015258789,21.327116012573242,24476000
QCOM,2004-06-25,34.34000015258789,35.029998779296875,34.07500076293945,34.540000915527344,21.451330184936523,16388000
QCOM,2004-06-28,34.70500183105469,34.849998474121094,34.20500183105469,34.334999084472656,21.324003219604492,16823800
QCOM,2004-06-29,34.33000183105469,35.95000076293945,34.209999084472656,35.775001525878906,22.21832847595215,34730600
QCOM,2004-06-30,35.93000030517578,36.665000915527344,35.86000061035156,36.4900016784668,22.662378311157227,26640000
QCOM,2004-07-01,36.70500183105469,36.75,35.8849983215332,36.025001525878906,22.373584747314453,24813200
QCOM,2004-07-02,36.0,36.290000915527344,35.68000030517578,36.1349983215332,22.44190788269043,12986400
QCOM,2004-07-06,35.900001525878906,36.290000915527344,35.025001525878906,35.290000915527344,21.917116165161133,23696800
QCOM,2004-07-07,35.4900016784668,35.939998626708984,35.45500183105469,35.7400016784668,22.196598052978516,14224600
QCOM,2004-07-08,35.6150016784668,36.0,35.09000015258789,35.32500076293945,21.938854217529297,15319400
QCOM,2004-07-09,35.53499984741211,35.97999954223633,35.189998626708984,35.279998779296875,21.910905838012695,13768200
QCOM,2004-07-12,35.06999969482422,35.13999938964844,34.45000076293945,34.724998474121094,21.56621551513672,18248400
QCOM,2004-07-13,35.28499984741211,35.29999923706055,34.82500076293945,35.1349983215332,21.820850372314453,16039400
QCOM,2004-07-14,34.974998474121094,35.45000076293945,34.775001525878906,34.814998626708984,21.622108459472656,14245800
QCOM,2004-07-15,34.83000183105469,35.095001220703125,34.040000915527344,34.439998626708984,21.38921546936035,18235600
QCOM,2004-07-16,34.75,34.7599983215332,34.095001220703125,34.13999938964844,21.202899932861328,16298600
QCOM,2004-07-19,34.125,34.54499816894531,33.70000076293945,34.084999084472656,21.168745040893555,17909600
QCOM,2004-07-20,34.224998474121094,34.779998779296875,33.8650016784668,34.76499938964844,21.591062545776367,17025400
QCOM,2004-07-21,35.125,35.19499969482422,33.75,33.84000015258789,21.01658821105957,22986600
QCOM,2004-07-22,34.25,36.45500183105469,34.099998474121094,36.25,22.51333999633789,35647400
QCOM,2004-07-23,36.15999984741211,36.48500061035156,35.18000030517578,35.45000076293945,22.016489028930664,22247600
QCOM,2004-07-26,35.20500183105469,35.665000915527344,34.63999938964844,35.25,21.892274856567383,17890600
QCOM,2004-07-27,35.40999984741211,35.82500076293945,34.83000183105469,35.21500015258789,21.870540618896484,19611600
QCOM,2004-07-28,35.14500045776367,35.39500045776367,34.23500061035156,35.029998779296875,21.75564956665039,19204000
QCOM,2004-07-29,35.375,35.3849983215332,34.625,35.0,21.737014770507812,15472400
QCOM,2004-07-30,35.10499954223633,35.189998626708984,34.53499984741211,34.60499954223633,21.4916934967041,13811600
QCOM,2004-08-02,34.939998626708984,36.275001525878906,34.78499984741211,36.029998779296875,22.376699447631836,23704800
QCOM,2004-08-03,35.915000915527344,36.369998931884766,35.46500015258789,35.48500061035156,22.03822898864746,15193200
QCOM,2004-08-04,35.564998626708984,36.05500030517578,35.099998474121094,35.64500045776367,22.137590408325195,18304200
QCOM,2004-08-05,35.84000015258789,35.875,34.810001373291016,34.875,21.65938377380371,16437200
QCOM,2004-08-06,34.59000015258789,34.94499969482422,33.775001525878906,33.775001525878906,20.976213455200195,21413400
QCOM,2004-08-09,33.84000015258789,34.59000015258789,33.65999984741211,34.32500076293945,21.317792892456055,15100600
QCOM,2004-08-10,34.595001220703125,34.845001220703125,34.125,34.84000015258789,21.637643814086914,14219800
QCOM,2004-08-11,34.34000015258789,34.685001373291016,34.0,34.2599983215332,21.277429580688477,21493000
QCOM,2004-08-12,34.040000915527344,34.94499969482422,34.025001525878906,34.59000015258789,21.482378005981445,19615400
QCOM,2004-08-13,34.79499816894531,34.994998931884766,34.22999954223633,34.584999084472656,21.47928237915039,12265400
QCOM,2004-08-16,34.279998779296875,35.04999923706055,34.209999084472656,34.91999816894531,21.687328338623047,9093500
QCOM,2004-08-17,35.09000015258789,35.25,34.619998931884766,34.959999084472656,21.712169647216797,11280500
QCOM,2004-08-18,34.970001220703125,36.099998474121094,34.7599983215332,36.02000045776367,22.37049102783203,13559300
QCOM,2004-08-19,35.95000076293945,36.13999938964844,35.29999923706055,35.5099983215332,22.053756713867188,10363300
QCOM,2004-08-20,35.630001068115234,37.5,35.400001525878906,37.20000076293945,23.10333251953125,21609800
QCOM,2004-08-23,37.34000015258789,38.709999084472656,37.16999816894531,37.970001220703125,23.58155632019043,18880400
QCOM,2004-08-24,38.040000915527344,38.59000015258789,37.56999969482422,38.0099983215332,23.60638999938965,13381900
QCOM,2004-08-25,37.900001525878906,38.5,37.68000030517578,38.31999969482422,23.842832565307617,10358400
QCOM,2004-08-26,37.97999954223633,38.4900016784668,37.779998779296875,37.93000030517578,23.600177764892578,8319000
QCOM,2004-08-27,38.0,38.849998474121094,37.93000030517578,38.43000030517578,23.911279678344727,10733000
QCOM,2004-08-30,37.95000076293945,38.13999938964844,37.369998931884766,37.709999084472656,23.46329689025879,8032200
QCOM,2004-08-31,37.77000045776367,38.099998474121094,37.4900016784668,38.04999923706055,23.674842834472656,9349100
QCOM,2004-09-01,37.40999984741211,38.5,37.36000061035156,37.9900016784668,23.63749885559082,12677400
QCOM,2004-09-02,37.77000045776367,39.0,37.7599983215332,38.81999969482422,24.153934478759766,9165100
QCOM,2004-09-03,38.41999816894531,38.95000076293945,38.040000915527344,38.4900016784668,23.948598861694336,9067200
QCOM,2004-09-07,38.599998474121094,39.869998931884766,38.58000183105469,39.33000183105469,24.471254348754883,15382900
QCOM,2004-09-08,38.75,39.95000076293945,38.70000076293945,39.5099983215332,24.583251953125,15800000
QCOM,2004-09-09,39.9900016784668,40.0,39.119998931884766,39.650001525878906,24.670358657836914,15331000
QCOM,2004-09-10,39.38999938964844,39.540000915527344,38.90999984741211,39.4900016784668,24.57081413269043,12550100
QCOM,2004-09-13,39.81999969482422,41.16999816894531,39.58000183105469,40.400001525878906,25.137020111083984,15148200
QCOM,2004-09-14,40.040000915527344,41.0,39.97999954223633,40.900001525878906,25.448123931884766,12026200
QCOM,2004-09-15,40.58000183105469,40.81999969482422,40.099998474121094,40.56999969482422,25.24278450012207,10598300
QCOM,2004-09-16,40.040000915527344,40.95000076293945,39.88999938964844,40.400001525878906,25.137020111083984,13151600
QCOM,2004-09-17,37.560001373291016,39.470001220703125,37.5,38.83000183105469,24.160167694091797,51237500
QCOM,2004-09-20,38.0,38.630001068115234,37.90999984741211,38.41999816894531,23.905052185058594,17974400
QCOM,2004-09-21,38.290000915527344,39.7599983215332,38.290000915527344,39.45000076293945,24.54591178894043,12832300
QCOM,2004-09-22,38.72999954223633,38.95000076293945,38.29999923706055,38.68000030517578,24.06682014465332,14366300
QCOM,2004-09-23,38.79999923706055,39.08000183105469,38.52000045776367,38.720001220703125,24.091707229614258,10338700
QCOM,2004-09-24,38.709999084472656,38.81999969482422,38.04999923706055,38.25,23.79927635192871,10386900
QCOM,2004-09-27,37.95000076293945,38.63999938964844,37.81999969482422,38.0099983215332,23.649938583374023,11908400
QCOM,2004-09-28,38.22999954223633,38.400001525878906,37.79999923706055,38.09000015258789,23.69972801208496,9850600
QCOM,2004-09-29,37.97999954223633,39.029998779296875,37.709999084472656,38.95000076293945,24.23482322692871,12337000
QCOM,2004-09-30,38.689998626708984,39.08000183105469,38.349998474121094,39.040000915527344,24.290815353393555,14978900
QCOM,2004-10-01,39.400001525878906,40.61000061035156,39.16999816894531,40.45000076293945,25.168119430541992,15423500
QCOM,2004-10-04,40.77000045776367,41.4900016784668,40.709999084472656,40.970001220703125,25.491670608520508,13721100
QCOM,2004-10-05,40.68000030517578,41.41999816894531,40.45000076293945,41.189998626708984,25.628551483154297,8888800
QCOM,2004-10-06,40.95000076293945,41.81999969482422,40.4900016784668,41.81999969482422,26.020551681518555,12025300
QCOM,2004-10-07,41.709999084472656,41.9900016784668,41.349998474121094,41.380001068115234,25.746776580810547,8485200
QCOM,2004-10-08,41.25,41.560001373291016,40.7599983215332,40.91999816894531,25.460552215576172,9056900
QCOM,2004-10-11,41.06999969482422,41.349998474121094,40.91999816894531,41.209999084472656,25.640995025634766,5750300
QCOM,2004-10-12,40.779998779296875,41.63999938964844,40.779998779296875,41.540000915527344,25.84632682800293,9001100
QCOM,2004-10-13,42.150001525878906,42.15999984741211,40.90999984741211,41.54999923706055,25.852548599243164,10549600
QCOM,2004-10-14,41.650001525878906,42.290000915527344,41.5,42.15999984741211,26.232088088989258,10539800
QCOM,2004-10-15,42.380001068115234,42.790000915527344,41.88999938964844,42.470001220703125,26.424970626831055,13447600
QCOM,2004-10-18,42.130001068115234,43.61000061035156,42.04999923706055,43.599998474121094,27.12806510925293,11199200
QCOM,2004-10-19,44.16999816894531,44.400001525878906,42.7400016784668,42.79999923706055,26.630300521850586,15647300
QCOM,2004-10-20,42.56999969482422,43.689998626708984,42.54999923706055,43.40999984741211,27.00983238220215,12360200
QCOM,2004-10-21,43.54999923706055,44.20000076293945,42.810001373291016,44.08000183105469,27.42672348022461,11257900
QCOM,2004-10-22,44.369998931884766,44.40999984741211,41.93000030517578,42.0,26.132543563842773,14411500
QCOM,2004-10-25,41.79999923706055,42.220001220703125,40.880001068115234,41.13999938964844,25.597448348999023,15751800
QCOM,2004-10-26,39.7599983215332,39.90999984741211,38.68000030517578,39.5,24.577022552490234,23278100
QCOM,2004-10-27,40.029998779296875,41.540000915527344,38.7400016784668,41.02000045776367,25.522775650024414,17911600
QCOM,2004-10-28,40.790000915527344,42.20000076293945,40.439998626708984,41.4900016784668,25.815223693847656,12109100
QCOM,2004-10-29,41.33000183105469,42.150001525878906,40.959999084472656,41.599998474121094,25.883655548095703,12974200
QCOM,2004-11-01,41.0,41.150001525878906,40.189998626708984,40.560001373291016,25.236568450927734,16685800
QCOM,2004-11-02,40.599998474121094,41.060001373291016,40.2599983215332,40.880001068115234,25.4356689453125,16123600
QCOM,2004-11-03,41.099998474121094,41.290000915527344,39.2599983215332,39.869998931884766,24.80723762512207,26121500
QCOM,2004-11-04,38.27000045776367,38.75,37.86000061035156,38.06999969482422,23.687284469604492,40480400
QCOM,2004-11-05,38.540000915527344,38.79999923706055,37.95000076293945,38.27000045776367,23.811721801757812,22191000
QCOM,2004-11-08,37.95000076293945,38.75,37.77000045776367,38.65999984741211,24.054378509521484,11989500
QCOM,2004-11-09,38.869998931884766,39.18000030517578,38.599998474121094,39.0,24.26593017578125,14958300
QCOM,2004-11-10,38.869998931884766,39.40999984741211,38.63999938964844,38.84000015258789,24.16637420654297,13989100
QCOM,2004-11-11,39.369998931884766,40.099998474121094,39.13999938964844,40.09000015258789,24.944129943847656,12600300
QCOM,2004-11-12,40.16999816894531,40.290000915527344,39.52000045776367,40.20000076293945,25.0125732421875,13637000
QCOM,2004-11-15,40.2599983215332,40.66999816894531,39.810001373291016,40.189998626708984,25.00633430480957,12540800
QCOM,2004-11-16,39.84000015258789,40.04999923706055,39.41999816894531,39.63999938964844,24.664142608642578,10941000
QCOM,2004-11-17,40.189998626708984,41.13999938964844,40.0,40.810001373291016,25.392112731933594,14885000
QCOM,2004-11-18,40.79999923706055,41.5,40.400001525878906,41.2400016784668,25.659666061401367,11022200
QCOM,2004-11-19,41.540000915527344,41.59000015258789,40.119998931884766,40.119998931884766,24.96279525756836,9795100
QCOM,2004-11-22,39.880001068115234,41.099998474121094,39.5099983215332,40.9900016784668,25.504125595092773,10582100
QCOM,2004-11-23,41.04999923706055,41.209999084472656,40.209999084472656,40.72999954223633,25.34233856201172,9998900
QCOM,2004-11-24,41.04999923706055,41.77000045776367,40.900001525878906,41.65999984741211,25.92099380493164,9370100
QCOM,2004-11-26,41.56999969482422,41.900001525878906,41.400001525878906,41.400001525878906,25.75922203063965,2645800
QCOM,2004-11-29,41.349998474121094,42.279998779296875,41.15999984741211,41.59000015258789,25.877439498901367,10461700
QCOM,2004-11-30,41.400001525878906,41.939998626708984,41.369998931884766,41.619998931884766,25.896095275878906,10608700
QCOM,2004-12-01,41.68000030517578,43.189998626708984,41.650001525878906,43.060001373291016,26.79207992553711,17134100
QCOM,2004-12-02,42.779998779296875,43.70000076293945,42.599998474121094,43.619998931884766,27.14051055908203,14356800
QCOM,2004-12-03,43.880001068115234,44.58000183105469,43.459999084472656,43.5,27.06585121154785,16151700
QCOM,2004-12-06,43.29999923706055,44.0,43.099998474121094,43.34000015258789,27.009765625,10367100
QCOM,2004-12-07,43.540000915527344,43.959999084472656,42.75,42.86000061035156,26.710622787475586,12680400
QCOM,2004-12-08,43.04999923706055,43.7400016784668,43.029998779296875,43.599998474121094,27.171785354614258,11731400
QCOM,2004-12-09,42.900001525878906,43.7599983215332,42.220001220703125,43.43000030517578,27.06584930419922,16693900
QCOM,2004-12-10,43.54999923706055,43.59000015258789,42.939998626708984,43.29999923706055,26.984817504882812,9417600
QCOM,2004-12-13,43.63999938964844,44.0,43.38999938964844,43.900001525878906,27.358762741088867,9367800
QCOM,2004-12-14,43.619998931884766,44.150001525878906,43.279998779296875,44.040000915527344,27.44601058959961,13174300
QCOM,2004-12-15,43.84000015258789,44.5,43.54999923706055,44.34000015258789,27.63296890258789,12139800
QCOM,2004-12-16,44.380001068115234,44.75,43.220001220703125,43.45000076293945,27.078310012817383,13545000
QCOM,2004-12-17,43.88999938964844,43.97999954223633,43.0099983215332,43.36000061035156,27.02222442626953,17094100
QCOM,2004-12-20,43.439998626708984,43.70000076293945,42.849998474121094,42.939998626708984,26.760482788085938,10797900
QCOM,2004-12-21,43.189998626708984,44.25,43.08000183105469,43.97999954223633,27.40860366821289,12968200
QCOM,2004-12-22,43.56999969482422,44.630001068115234,43.540000915527344,44.439998626708984,27.695297241210938,19654200
QCOM,2004-12-23,44.5099983215332,44.9900016784668,44.41999816894531,44.54999923706055,27.76383399963379,9369000
QCOM,2004-12-27,44.65999984741211,44.90999984741211,43.25,43.439998626708984,27.072078704833984,12580200
QCOM,2004-12-28,43.88999938964844,43.939998626708984,43.2599983215332,43.5099983215332,27.115697860717773,10974800
QCOM,2004-12-29,43.33000183105469,43.369998931884766,42.5,42.84000015258789,26.698144912719727,11980500
QCOM,2004-12-30,42.619998931884766,42.97999954223633,42.22999954223633,42.689998626708984,26.604673385620117,6364000
QCOM,2004-12-31,42.83000183105469,42.95000076293945,42.29999923706055,42.400001525878906,26.4239444732666,6024900
QCOM,2005-01-03,42.70000076293945,43.27000045776367,41.709999084472656,42.31999969482422,26.37407875061035,13651100
QCOM,2005-01-04,42.970001220703125,43.20000076293945,42.08000183105469,42.130001068115234,26.255674362182617,18800300
QCOM,2005-01-05,42.13999938964844,42.83000183105469,42.02000045776367,42.310001373291016,26.367862701416016,13725000
QCOM,2005-01-06,42.5,43.439998626708984,42.45000076293945,43.0,26.797868728637695,14199100
QCOM,2005-01-07,43.40999984741211,43.709999084472656,42.72999954223633,43.220001220703125,26.934986114501953,12014000
QCOM,2005-01-10,43.099998474121094,43.650001525878906,42.790000915527344,43.150001525878906,26.891340255737305,10470700
QCOM,2005-01-11,42.880001068115234,43.5,42.779998779296875,43.2400016784668,26.947429656982422,10721700
QCOM,2005-01-12,43.34000015258789,43.36000061035156,42.33000183105469,43.119998931884766,26.87264633178711,10684800
QCOM,2005-01-13,42.869998931884766,42.90999984741211,42.04999923706055,42.099998474121094,26.236984252929688,12812000
QCOM,2005-01-14,42.310001373291016,42.70000076293945,42.099998474121094,42.209999084472656,26.305530548095703,9216600
QCOM,2005-01-18,41.880001068115234,42.970001220703125,41.52000045776367,42.619998931884766,26.56104278564453,16339800
QCOM,2005-01-19,42.4900016784668,42.58000183105469,41.029998779296875,41.06999969482422,25.595067977905273,23923600
QCOM,2005-01-20,38.369998931884766,38.63999938964844,37.540000915527344,37.779998779296875,23.544736862182617,51373600
QCOM,2005-01-21,37.810001373291016,38.2599983215332,35.779998779296875,37.79999923706055,23.557193756103516,33592900
QCOM,2005-01-24,37.79999923706055,37.91999816894531,36.349998474121094,36.540000915527344,22.771949768066406,23281400
QCOM,2005-01-25,36.84000015258789,37.25,36.59000015258789,36.65999984741211,22.846744537353516,16445600
QCOM,2005-01-26,36.65999984741211,37.16999816894531,36.63999938964844,36.900001525878906,22.996301651000977,13524000
QCOM,2005-01-27,36.900001525878906,37.060001373291016,35.77000045776367,36.13999938964844,22.522663116455078,16776200
QCOM,2005-01-28,36.15999984741211,36.5099983215332,35.63999938964844,36.349998474121094,22.653547286987305,15142000
QCOM,2005-01-31,36.939998626708984,37.40999984741211,36.90999984741211,37.2400016784668,23.20819854736328,15400900
QCOM,2005-02-01,37.13999938964844,37.31999969482422,36.630001068115234,36.83000183105469,22.952682495117188,12610000
QCOM,2005-02-02,36.7599983215332,36.880001068115234,36.0099983215332,36.38999938964844,22.678478240966797,10757200
QCOM,2005-02-03,36.220001220703125,36.599998474121094,35.810001373291016,36.11000061035156,22.50397300720215,9473100
QCOM,2005-02-04,36.13999938964844,37.09000015258789,35.900001525878906,36.95000076293945,23.027469635009766,10481500
QCOM,2005-02-07,36.63999938964844,37.4900016784668,35.869998931884766,35.97999954223633,22.422962188720703,15333500
QCOM,2005-02-08,35.83000183105469,36.43000030517578,35.36000061035156,36.2400016784668,22.584989547729492,13963000
QCOM,2005-02-09,36.31999969482422,36.369998931884766,35.41999816894531,35.689998626708984,22.242238998413086,11344200
QCOM,2005-02-10,35.900001525878906,35.9900016784668,35.29999923706055,35.310001373291016,22.00541877746582,9819500
QCOM,2005-02-11,35.349998474121094,36.2400016784668,34.36000061035156,36.15999984741211,22.535131454467773,17975000
QCOM,2005-02-14,36.15999984741211,37.31999969482422,36.099998474121094,37.16999816894531,23.164569854736328,14373900
QCOM,2005-02-15,36.970001220703125,37.720001220703125,36.540000915527344,36.880001068115234,22.983854293823242,18342100
QCOM,2005-02-16,36.630001068115234,36.720001220703125,35.75,35.9900016784668,22.42919158935547,16187300
QCOM,2005-02-17,35.9900016784668,36.0,35.040000915527344,35.349998474121094,22.030338287353516,14957200
QCOM,2005-02-18,35.349998474121094,35.599998474121094,34.59000015258789,34.63999938964844,21.587858200073242,16165800
QCOM,2005-02-22,34.040000915527344,35.029998779296875,34.0,34.540000915527344,21.525545120239258,20611400
QCOM,2005-02-23,34.7400016784668,34.81999969482422,34.130001068115234,34.130001068115234,21.3132266998291,16148900
QCOM,2005-02-24,34.040000915527344,35.619998931884766,33.9900016784668,35.5099983215332,22.17499351501465,21900300
QCOM,2005-02-25,35.369998931884766,37.119998931884766,35.279998779296875,37.0,23.10545539855957,22554000
QCOM,2005-02-28,37.0,37.220001220703125,35.459999084472656,36.04999923706055,22.51220703125,20195700
QCOM,2005-03-01,36.209999084472656,36.880001068115234,36.060001373291016,36.36000061035156,22.705793380737305,13193100
QCOM,2005-03-02,35.93000030517578,36.869998931884766,35.709999084472656,36.279998779296875,22.655838012695312,12935000
QCOM,2005-03-03,36.5099983215332,36.59000015258789,35.220001220703125,35.40999984741211,22.112539291381836,15917500
QCOM,2005-03-04,35.79999923706055,36.08000183105469,35.5,35.5,22.16874885559082,12809600
QCOM,2005-03-07,35.45000076293945,37.599998474121094,35.400001525878906,37.38999938964844,23.34899139404297,24949000
QCOM,2005-03-08,37.06999969482422,37.880001068115234,36.209999084472656,36.290000915527344,22.662084579467773,21097500
QCOM,2005-03-09,36.029998779296875,37.060001373291016,35.849998474121094,36.7400016784668,22.943090438842773,18515500
QCOM,2005-03-10,36.79999923706055,37.36000061035156,36.34000015258789,37.08000183105469,23.155414581298828,14765700
QCOM,2005-03-11,37.650001525878906,37.93000030517578,37.29999923706055,37.349998474121094,23.324024200439453,22351800
QCOM,2005-03-14,37.59000015258789,37.79999923706055,37.0,37.459999084472656,23.392719268798828,13265400
QCOM,2005-03-15,37.91999816894531,38.369998931884766,37.70000076293945,38.11000061035156,23.798620223999023,21539300
QCOM,2005-03-16,37.88999938964844,38.540000915527344,37.599998474121094,37.7599983215332,23.58005142211914,21371400
QCOM,2005-03-17,37.709999084472656,37.79999923706055,36.83000183105469,36.880001068115234,23.030527114868164,16148600
QCOM,2005-03-18,36.599998474121094,36.7400016784668,36.029998779296875,36.470001220703125,22.774486541748047,22650200
QCOM,2005-03-21,36.33000183105469,36.970001220703125,36.209999084472656,36.529998779296875,22.811952590942383,12594000
QCOM,2005-03-22,36.77000045776367,37.15999984741211,35.970001220703125,36.0,22.480985641479492,15078900
QCOM,2005-03-23,35.97999954223633,36.68000030517578,35.880001068115234,36.310001373291016,22.674564361572266,12659500
QCOM,2005-03-24,36.36000061035156,36.650001525878906,35.7599983215332,35.7599983215332,22.331106185913086,12781700
QCOM,2005-03-28,35.86000061035156,36.560001373291016,35.77000045776367,36.189998626708984,22.59963607788086,12621400
QCOM,2005-03-29,36.150001525878906,36.45000076293945,35.369998931884766,35.75,22.324867248535156,15597700
QCOM,2005-03-30,36.04999923706055,37.0,36.0099983215332,36.90999984741211,23.04924774169922,17994800
QCOM,2005-03-31,36.810001373291016,37.209999084472656,36.36000061035156,36.630001068115234,22.874391555786133,14235900
QCOM,2005-04-01,36.630001068115234,36.7400016784668,35.38999938964844,35.54999923706055,22.19997787475586,19724500
QCOM,2005-04-04,35.650001525878906,36.349998474121094,35.25,36.08000183105469,22.530941009521484,13061300
QCOM,2005-04-05,36.09000015258789,36.439998626708984,35.52000045776367,35.650001525878906,22.26241683959961,13062500
QCOM,2005-04-06,35.369998931884766,35.97999954223633,34.91999816894531,35.119998931884766,21.931447982788086,14206500
QCOM,2005-04-07,34.959999084472656,35.650001525878906,34.88999938964844,35.16999816894531,21.962671279907227,14157500
QCOM,2005-04-08,35.2599983215332,35.33000183105469,34.779998779296875,34.900001525878906,21.794065475463867,14574400
QCOM,2005-04-11,34.93000030517578,35.08000183105469,34.36000061035156,34.4900016784668,21.538034439086914,14597100
QCOM,2005-04-12,34.349998474121094,34.70000076293945,33.900001525878906,34.599998474121094,21.606731414794922,17125600
QCOM,2005-04-13,34.38999938964844,34.560001373291016,32.88999938964844,32.900001525878906,20.54512596130371,27062400
QCOM,2005-04-14,33.290000915527344,33.970001220703125,32.70000076293945,33.56999969482422,20.96352195739746,27519300
QCOM,2005-04-15,33.310001373291016,33.84000015258789,32.66999816894531,32.689998626708984,20.413982391357422,21681200
QCOM,2005-04-18,32.150001525878906,33.15999984741211,32.08000183105469,32.52000045776367,20.30782127380371,18060200
QCOM,2005-04-19,32.72999954223633,33.2599983215332,32.70000076293945,32.79999923706055,20.482677459716797,15603300
QCOM,2005-04-20,33.0,33.43000030517578,32.709999084472656,33.209999084472656,20.73870086669922,21404100
QCOM,2005-04-21,33.04999923706055,35.060001373291016,33.0,34.709999084472656,21.67542266845703,36225700
QCOM,2005-04-22,34.470001220703125,34.88999938964844,33.59000015258789,33.91999816894531,21.18208122253418,15097400
QCOM,2005-04-25,34.0,34.7599983215332,33.91999816894531,34.66999816894531,21.65043830871582,13101100
QCOM,2005-04-26,34.400001525878906,35.04999923706055,34.150001525878906,34.5,21.544282913208008,19114300
QCOM,2005-04-27,34.130001068115234,35.5,34.119998931884766,35.349998474121094,22.07508087158203,17604500
QCOM,2005-04-28,35.0,35.400001525878906,34.68000030517578,34.84000015258789,21.7565975189209,13057400
QCOM,2005-04-29,34.900001525878906,35.18000030517578,34.209999084472656,34.88999938964844,21.787817001342773,14668300
QCOM,2005-05-02,34.84000015258789,35.31999969482422,34.7599983215332,35.04999923706055,21.887739181518555,8969900
QCOM,2005-05-03,35.09000015258789,35.2400016784668,34.52000045776367,34.66999816894531,21.65043830871582,12396200
QCOM,2005-05-04,34.869998931884766,35.7599983215332,34.709999084472656,35.650001525878906,22.26241683959961,11216100
QCOM,2005-05-05,35.52000045776367,35.86000061035156,34.95000076293945,35.15999984741211,21.956430435180664,11445700
QCOM,2005-05-06,35.41999816894531,35.810001373291016,35.36000061035156,35.58000183105469,22.21870231628418,10565600
QCOM,2005-05-09,35.5,36.33000183105469,35.2400016784668,36.040000915527344,22.505964279174805,13549700
QCOM,2005-05-10,35.63999938964844,35.970001220703125,35.2599983215332,35.59000015258789,22.224952697753906,9185200
QCOM,2005-05-11,35.59000015258789,36.29999923706055,35.189998626708984,36.150001525878906,22.574649810791016,10849000
QCOM,2005-05-12,35.959999084472656,36.38999938964844,35.459999084472656,35.689998626708984,22.287399291992188,10177000
QCOM,2005-05-13,35.31999969482422,35.79999923706055,34.9900016784668,35.29999923706055,22.043853759765625,16743600
QCOM,2005-05-16,35.040000915527344,35.47999954223633,34.810001373291016,35.34000015258789,22.068838119506836,7935100
QCOM,2005-05-17,34.939998626708984,36.11000061035156,34.939998626708984,36.09000015258789,22.537193298339844,10160600
QCOM,2005-05-18,36.2400016784668,37.20000076293945,36.09000015258789,36.54999923706055,22.824432373046875,17016700
QCOM,2005-05-19,36.220001220703125,36.880001068115234,35.95000076293945,36.61000061035156,22.86191177368164,14241500
QCOM,2005-05-20,36.630001068115234,37.5,36.34000015258789,37.33000183105469,23.311527252197266,13746800
QCOM,2005-05-23,37.220001220703125,37.75,36.90999984741211,37.189998626708984,23.224103927612305,13447000
QCOM,2005-05-24,36.97999954223633,37.310001373291016,36.790000915527344,37.099998474121094,23.167905807495117,8759200
QCOM,2005-05-25,36.72999954223633,37.099998474121094,36.43000030517578,36.77000045776367,23.017658233642578,7602600
QCOM,2005-05-26,37.150001525878906,37.68000030517578,36.91999816894531,37.43000030517578,23.43082046508789,10605000
QCOM,2005-05-27,37.29999923706055,37.5099983215332,37.060001373291016,37.15999984741211,23.261802673339844,4976700
QCOM,2005-05-31,37.060001373291016,37.560001373291016,36.88999938964844,37.27000045776367,23.33067512512207,9607400
QCOM,2005-06-01,37.0099983215332,38.36000061035156,36.97999954223633,38.099998474121094,23.850234985351562,15292300
QCOM,2005-06-02,37.880001068115234,38.400001525878906,37.79999923706055,38.25,23.944137573242188,9325900
QCOM,2005-06-03,38.369998931884766,38.52000045776367,37.54999923706055,37.599998474121094,23.537229537963867,10080000
QCOM,2005-06-06,37.61000061035156,38.0,37.560001373291016,37.790000915527344,23.65617561340332,7936900
QCOM,2005-06-07,37.97999954223633,38.06999969482422,37.150001525878906,37.2599983215332,23.324403762817383,10885800
QCOM,2005-06-08,37.470001220703125,37.5099983215332,36.86000061035156,36.93000030517578,23.117828369140625,8717200
QCOM,2005-06-09,36.709999084472656,36.810001373291016,36.150001525878906,36.540000915527344,22.873689651489258,13919200
QCOM,2005-06-10,36.5099983215332,36.619998931884766,35.72999954223633,36.0,22.53565216064453,16079000
QCOM,2005-06-13,35.66999816894531,36.869998931884766,35.65999984741211,36.130001068115234,22.617034912109375,11838200
QCOM,2005-06-14,36.0,36.15999984741211,34.97999954223633,35.08000183105469,21.959735870361328,18840000
QCOM,2005-06-15,35.150001525878906,35.279998779296875,34.630001068115234,34.86000061035156,21.8220157623291,20447100
QCOM,2005-06-16,34.7400016784668,35.11000061035156,34.720001220703125,34.970001220703125,21.89087677001953,11126900
QCOM,2005-06-17,35.459999084472656,35.79999923706055,34.70000076293945,34.900001525878906,21.84705924987793,20838100
QCOM,2005-06-20,34.63999938964844,35.61000061035156,34.599998474121094,35.209999084472656,22.04112434387207,10211600
QCOM,2005-06-21,35.15999984741211,35.40999984741211,34.97999954223633,35.119998931884766,21.984785079956055,11871500
QCOM,2005-06-22,35.150001525878906,35.2599983215332,34.45000076293945,34.90999984741211,21.853322982788086,12611300
QCOM,2005-06-23,34.90999984741211,35.13999938964844,33.9900016784668,34.0,21.283674240112305,16695500
QCOM,2005-06-24,34.0,34.38999938964844,33.58000183105469,33.58000183105469,21.02075958251953,11017100
QCOM,2005-06-27,33.45000076293945,34.130001068115234,33.43000030517578,33.59000015258789,21.027006149291992,8907600
QCOM,2005-06-28,33.900001525878906,33.93000030517578,33.45000076293945,33.5,20.970672607421875,12671200
QCOM,2005-06-29,33.540000915527344,33.880001068115234,33.400001525878906,33.540000915527344,20.9957218170166,9445500
QCOM,2005-06-30,33.63999938964844,33.709999084472656,33.0,33.0099983215332,20.663938522338867,13607700
QCOM,2005-07-01,33.2400016784668,34.099998474121094,33.18000030517578,33.599998474121094,21.033279418945312,12764600
QCOM,2005-07-05,33.2400016784668,33.79999923706055,33.099998474121094,33.59000015258789,21.027006149291992,10230700
QCOM,2005-07-06,33.349998474121094,33.95000076293945,33.150001525878906,33.400001525878906,20.908082962036133,13323600
QCOM,2005-07-07,33.099998474121094,33.650001525878906,32.97999954223633,33.470001220703125,20.951894760131836,12956300
QCOM,2005-07-08,33.45000076293945,34.84000015258789,33.34000015258789,34.75,21.753156661987305,15089500
QCOM,2005-07-11,34.66999816894531,35.400001525878906,34.65999984741211,35.20000076293945,22.03485679626465,13992100
QCOM,2005-07-12,35.20000076293945,35.33000183105469,34.529998779296875,35.099998474121094,21.972257614135742,13653800
QCOM,2005-07-13,35.0,35.150001525878906,34.79999923706055,34.91999816894531,21.85958480834961,11671800
QCOM,2005-07-14,35.0,35.459999084472656,34.97999954223633,35.349998474121094,22.128751754760742,12202100
QCOM,2005-07-15,35.45000076293945,35.689998626708984,35.040000915527344,35.58000183105469,22.27273178100586,13313800
QCOM,2005-07-18,35.349998474121094,35.5,35.119998931884766,35.119998931884766,21.984785079956055,9952400
QCOM,2005-07-19,35.2599983215332,35.83000183105469,34.779998779296875,35.79999923706055,22.410457611083984,9394000
QCOM,2005-07-20,35.45000076293945,36.16999816894531,35.25,36.09000015258789,22.591991424560547,18627000
QCOM,2005-07-21,37.4900016784668,39.29999923706055,37.380001068115234,39.0099983215332,24.419883728027344,48583900
QCOM,2005-07-22,38.7400016784668,39.4900016784668,38.61000061035156,39.29999923706055,24.601423263549805,17202600
QCOM,2005-07-25,38.9900016784668,39.63999938964844,38.939998626708984,39.290000915527344,24.595163345336914,13584000
QCOM,2005-07-26,39.2400016784668,39.75,39.15999984741211,39.540000915527344,24.751657485961914,12280600
QCOM,2005-07-27,39.380001068115234,40.27000045776367,39.310001373291016,40.150001525878906,25.133522033691406,15721500
QCOM,2005-07-28,39.970001220703125,40.18000030517578,39.540000915527344,39.779998779296875,24.901899337768555,13470800
QCOM,2005-07-29,39.81999969482422,40.150001525878906,39.41999816894531,39.47999954223633,24.714088439941406,11922100
QCOM,2005-08-01,39.2400016784668,39.52000045776367,38.81999969482422,39.0,24.413623809814453,9241500
QCOM,2005-08-02,39.029998779296875,39.83000183105469,38.91999816894531,39.650001525878906,24.82051658630371,9555400
QCOM,2005-08-03,39.349998474121094,40.0,39.220001220703125,39.93000030517578,24.995798110961914,9491000
QCOM,2005-08-04,39.5099983215332,39.91999816894531,39.29999923706055,39.560001373291016,24.764179229736328,8057700
QCOM,2005-08-05,39.33000183105469,39.709999084472656,38.97999954223633,39.15999984741211,24.513784408569336,7360500
QCOM,2005-08-08,39.08000183105469,39.68000030517578,39.08000183105469,39.20000076293945,24.538829803466797,7070800
QCOM,2005-08-09,39.20000076293945,39.5099983215332,38.61000061035156,38.77000045776367,24.269643783569336,9320800
QCOM,2005-08-10,39.560001373291016,40.209999084472656,39.13999938964844,39.209999084472656,24.545076370239258,17915900
QCOM,2005-08-11,39.47999954223633,40.63999938964844,39.45000076293945,40.47999954223633,25.340089797973633,20087100
QCOM,2005-08-12,40.06999969482422,40.79999923706055,40.02000045776367,40.790000915527344,25.534143447875977,11620900
QCOM,2005-08-15,40.4900016784668,41.72999954223633,40.439998626708984,41.459999084472656,25.953561782836914,13779500
QCOM,2005-08-16,41.400001525878906,41.470001220703125,39.970001220703125,40.25,25.19610023498535,15978500
QCOM,2005-08-17,40.2599983215332,40.54999923706055,39.79999923706055,40.119998931884766,25.114734649658203,10297200
QCOM,2005-08-18,39.75,40.45000076293945,39.75,39.93000030517578,24.995798110961914,10096700
QCOM,2005-08-19,39.880001068115234,40.52000045776367,39.79999923706055,40.209999084472656,25.171064376831055,9713800
QCOM,2005-08-22,40.25,41.150001525878906,40.25,40.54999923706055,25.3839054107666,10935200
QCOM,2005-08-23,40.43000030517578,40.869998931884766,40.27000045776367,40.290000915527344,25.22115135192871,7432700
QCOM,2005-08-24,40.029998779296875,40.869998931884766,39.5099983215332,39.619998931884766,24.857261657714844,10081900
QCOM,2005-08-25,39.970001220703125,40.119998931884766,39.59000015258789,40.060001373291016,25.13331413269043,8373100
QCOM,2005-08-26,39.91999816894531,40.13999938964844,39.5099983215332,39.849998474121094,25.00156593322754,7651100
QCOM,2005-08-29,39.560001373291016,40.25,39.54999923706055,39.970001220703125,25.076862335205078,7119400
QCOM,2005-08-30,39.84000015258789,39.900001525878906,39.27000045776367,39.86000061035156,25.007837295532227,9717600
QCOM,2005-08-31,39.81999969482422,39.88999938964844,39.040000915527344,39.709999084472656,24.913726806640625,12051200
QCOM,2005-09-01,39.470001220703125,40.2599983215332,39.43000030517578,40.0,25.09567642211914,9814400
QCOM,2005-09-02,39.9900016784668,40.349998474121094,39.869998931884766,39.959999084472656,25.070575714111328,6774200
QCOM,2005-09-06,40.189998626708984,40.77000045776367,40.0099983215332,40.54999923706055,25.440731048583984,9414300
QCOM,2005-09-07,40.439998626708984,40.849998474121094,40.380001068115234,40.599998474121094,25.472097396850586,9515100
QCOM,2005-09-08,41.029998779296875,41.970001220703125,40.70000076293945,41.7400016784668,26.18734359741211,16919400
QCOM,2005-09-09,41.81999969482422,42.959999084472656,41.36000061035156,42.810001373291016,26.8586368560791,19022600
QCOM,2005-09-12,42.47999954223633,42.70000076293945,42.2400016784668,42.54999923706055,26.695518493652344,9531000
QCOM,2005-09-13,42.54999923706055,43.5099983215332,42.43000030517578,42.849998474121094,26.883731842041016,13376900
QCOM,2005-09-14,42.720001220703125,42.959999084472656,41.810001373291016,42.06999969482422,26.39436912536621,12493200
QCOM,2005-09-15,42.27000045776367,42.5,41.9900016784668,42.25,26.507299423217773,8679900
QCOM,2005-09-16,42.45000076293945,43.36000061035156,42.20000076293945,43.31999969482422,27.17860221862793,19866600
QCOM,2005-09-19,43.16999816894531,43.29999923706055,42.34000015258789,42.709999084472656,26.795894622802734,10286800
QCOM,2005-09-20,43.33000183105469,44.470001220703125,43.29999923706055,43.41999816894531,27.24135398864746,24303100
QCOM,2005-09-21,43.70000076293945,44.43000030517578,43.25,43.72999954223633,27.43584632873535,23322900
QCOM,2005-09-22,43.720001220703125,44.52000045776367,43.68000030517578,44.0,27.605228424072266,14952400
QCOM,2005-09-23,43.88999938964844,44.91999816894531,43.83000183105469,44.7599983215332,28.082063674926758,14108400
QCOM,2005-09-26,44.880001068115234,44.9900016784668,44.150001525878906,44.400001525878906,27.856204986572266,13015700
QCOM,2005-09-27,44.540000915527344,44.84000015258789,44.08000183105469,44.349998474121094,27.824827194213867,9933100
QCOM,2005-09-28,44.470001220703125,44.849998474121094,44.13999938964844,44.5099983215332,27.925214767456055,13407200
QCOM,2005-09-29,44.400001525878906,45.04999923706055,44.209999084472656,44.9900016784668,28.22636604309082,18963100
QCOM,2005-09-30,44.90999984741211,45.02000045776367,44.349998474121094,44.75,28.075780868530273,12115900
QCOM,2005-10-03,44.97999954223633,45.27000045776367,44.720001220703125,45.04999923706055,28.26399803161621,15035800
QCOM,2005-10-04,44.900001525878906,46.279998779296875,44.79999923706055,45.61000061035156,28.615346908569336,19054400
QCOM,2005-10-05,45.459999084472656,46.150001525878906,45.150001525878906,45.150001525878906,28.326730728149414,15570400
QCOM,2005-10-06,45.06999969482422,45.470001220703125,43.650001525878906,44.150001525878906,27.699342727661133,18393000
QCOM,2005-10-07,44.70000076293945,44.900001525878906,43.66999816894531,43.91999816894531,27.55504608154297,10768100
QCOM,2005-10-10,43.83000183105469,44.540000915527344,43.52000045776367,43.68000030517578,27.404478073120117,9254700
QCOM,2005-10-11,43.65999984741211,43.88999938964844,43.11000061035156,43.459999084472656,27.266433715820312,10189500
QCOM,2005-10-12,43.20000076293945,43.880001068115234,42.25,42.349998474121094,26.57004165649414,17922700
QCOM,2005-10-13,42.15999984741211,42.43000030517578,41.43000030517578,41.70000076293945,26.162242889404297,20228600
QCOM,2005-10-14,42.099998474121094,42.439998626708984,41.36000061035156,41.93000030517578,26.306549072265625,15003300
QCOM,2005-10-17,41.900001525878906,42.38999938964844,41.560001373291016,42.189998626708984,26.46966552734375,9849000
QCOM,2005-10-18,42.349998474121094,42.79999923706055,41.849998474121094,42.45000076293945,26.632776260375977,11950500
QCOM,2005-10-19,42.5,44.150001525878906,42.18000030517578,44.02000045776367,27.617782592773438,19092400
QCOM,2005-10-20,43.900001525878906,44.709999084472656,43.08000183105469,43.349998474121094,27.197437286376953,17803000
QCOM,2005-10-21,44.290000915527344,45.15999984741211,43.86000061035156,45.0,28.232629776000977,23218300
QCOM,2005-10-24,44.9900016784668,45.70000076293945,44.599998474121094,45.70000076293945,28.671802520751953,14469200
QCOM,2005-10-25,45.150001525878906,45.599998474121094,44.540000915527344,45.15999984741211,28.333009719848633,12242800
QCOM,2005-10-26,45.0,45.9900016784668,44.52000045776367,44.849998474121094,28.138521194458008,15901800
QCOM,2005-10-27,44.54999923706055,44.63999938964844,42.90999984741211,43.04999923706055,27.009227752685547,18246700
QCOM,2005-10-28,40.20000076293945,41.33000183105469,39.68000030517578,41.06999969482422,25.76698112487793,40710000
QCOM,2005-10-31,40.61000061035156,40.90999984741211,39.02000045776367,39.7599983215332,24.945085525512695,39013200
QCOM,2005-11-01,39.86000061035156,39.86000061035156,39.08000183105469,39.4900016784668,24.775711059570312,25237200
QCOM,2005-11-02,39.41999816894531,40.63999938964844,39.119998931884766,40.380001068115234,25.33407974243164,27301900
QCOM,2005-11-03,42.70000076293945,44.459999084472656,42.52000045776367,44.02000045776367,27.617782592773438,44420000
QCOM,2005-11-04,44.40999984741211,44.880001068115234,43.439998626708984,44.79999923706055,28.107135772705078,19154600
QCOM,2005-11-07,44.83000183105469,45.2599983215332,44.36000061035156,44.63999938964844,28.006763458251953,14144000
QCOM,2005-11-08,44.31999969482422,45.470001220703125,44.279998779296875,45.290000915527344,28.414579391479492,15616000
QCOM,2005-11-09,45.209999084472656,45.68000030517578,44.47999954223633,44.66999816894531,28.02559471130371,12935600
QCOM,2005-11-10,44.970001220703125,45.66999816894531,44.310001373291016,45.65999984741211,28.64670181274414,13049500
QCOM,2005-11-11,45.599998474121094,46.150001525878906,45.22999954223633,45.41999816894531,28.496131896972656,12494600
QCOM,2005-11-14,45.2400016784668,46.0,45.150001525878906,45.529998779296875,28.565153121948242,8470800
QCOM,2005-11-15,45.61000061035156,45.779998779296875,44.529998779296875,44.939998626708984,28.19499397277832,13667300
QCOM,2005-11-16,45.150001525878906,45.2400016784668,44.65999984741211,44.95000076293945,28.20125389099121,10402900
QCOM,2005-11-17,45.2400016784668,45.65999984741211,44.959999084472656,45.529998779296875,28.565153121948242,13469700
QCOM,2005-11-18,45.7599983215332,46.31999969482422,45.310001373291016,45.93000030517578,28.81610870361328,19329200
QCOM,2005-11-21,45.650001525878906,46.290000915527344,45.54999923706055,46.08000183105469,28.910205841064453,11127100
QCOM,2005-11-22,45.95000076293945,46.22999954223633,45.470001220703125,45.93000030517578,28.81610870361328,12539900
QCOM,2005-11-23,46.06999969482422,46.290000915527344,45.7599983215332,46.0099983215332,28.86629867553711,11393200
QCOM,2005-11-25,46.15999984741211,46.22999954223633,45.93000030517578,46.18000030517578,28.972949981689453,3648700
QCOM,2005-11-28,46.25,46.290000915527344,45.560001373291016,46.040000915527344,28.885133743286133,12526000
QCOM,2005-11-29,46.189998626708984,46.5099983215332,45.47999954223633,45.540000915527344,28.57143211364746,12345800
QCOM,2005-11-30,45.470001220703125,46.13999938964844,45.40999984741211,45.470001220703125,28.52749252319336,11542000
QCOM,2005-12-01,45.16999816894531,45.95000076293945,45.099998474121094,45.599998474121094,28.609073638916016,14437300
QCOM,2005-12-02,45.29999923706055,45.599998474121094,44.720001220703125,45.20000076293945,28.358108520507812,11473400
QCOM,2005-12-05,45.0099983215332,45.31999969482422,44.34000015258789,44.4900016784668,27.968355178833008,11896000
QCOM,2005-12-06,44.709999084472656,45.31999969482422,44.459999084472656,44.7400016784668,28.125513076782227,11078400
QCOM,2005-12-07,44.63999938964844,45.150001525878906,44.54999923706055,45.0,28.28894805908203,8919400
QCOM,2005-12-08,45.61000061035156,45.86000061035156,43.95000076293945,44.209999084472656,27.792320251464844,21431200
QCOM,2005-12-09,44.52000045776367,44.79999923706055,44.06999969482422,44.45000076293945,27.943220138549805,10016000
QCOM,2005-12-12,44.43000030517578,45.29999923706055,44.43000030517578,45.20000076293945,28.414688110351562,9310300
QCOM,2005-12-13,45.279998779296875,46.2400016784668,45.18000030517578,45.84000015258789,28.817020416259766,14896100
QCOM,2005-12-14,45.75,46.599998474121094,45.63999938964844,46.22999954223633,29.062191009521484,15212300
QCOM,2005-12-15,46.540000915527344,46.58000183105469,45.45000076293945,45.7400016784668,28.754148483276367,11015000
QCOM,2005-12-16,45.599998474121094,46.150001525878906,44.88999938964844,44.95000076293945,28.257516860961914,26690500
QCOM,2005-12-19,45.41999816894531,45.5099983215332,43.650001525878906,43.689998626708984,27.465436935424805,14546000
QCOM,2005-12-20,43.75,44.79999923706055,43.689998626708984,44.09000015258789,27.716899871826172,15948000
QCOM,2005-12-21,44.209999084472656,44.849998474121094,43.75,43.9900016784668,27.654037475585938,11117000
QCOM,2005-12-22,44.2400016784668,44.54999923706055,43.59000015258789,44.38999938964844,27.905488967895508,9768100
QCOM,2005-12-23,44.77000045776367,44.849998474121094,44.25,44.38999938964844,27.905488967895508,5372400
QCOM,2005-12-27,44.27000045776367,44.68000030517578,43.40999984741211,43.63999938964844,27.433998107910156,8683300
QCOM,2005-12-28,43.720001220703125,44.099998474121094,43.529998779296875,43.650001525878906,27.440290451049805,7204400
QCOM,2005-12-29,43.790000915527344,44.119998931884766,43.41999816894531,43.540000915527344,27.371145248413086,7923800
QCOM,2005-12-30,43.22999954223633,43.5,42.97999954223633,43.08000183105469,27.08197593688965,8619800
QCOM,2006-01-03,43.25,44.349998474121094,42.90999984741211,44.0,27.66030502319336,15828200
QCOM,2006-01-04,44.0,45.4900016784668,43.93000030517578,45.43000030517578,28.559267044067383,16828300
QCOM,2006-01-05,45.22999954223633,45.68000030517578,45.0,45.209999084472656,28.420978546142578,10866100
QCOM,2006-01-06,45.54999923706055,47.38999938964844,45.36000061035156,47.36000061035156,29.772554397583008,26689700
QCOM,2006-01-09,46.939998626708984,47.70000076293945,46.90999984741211,47.56999969482422,29.90457534790039,14562900
QCOM,2006-01-10,47.15999984741211,48.0,47.09000015258789,47.380001068115234,29.785139083862305,12886200
QCOM,2006-01-11,47.54999923706055,49.45000076293945,47.29999923706055,48.79999923706055,30.67780876159668,20006000
QCOM,2006-01-12,48.599998474121094,49.29999923706055,48.27000045776367,49.0,30.803524017333984,16641700
QCOM,2006-01-13,48.91999816894531,49.0,48.060001373291016,48.63999938964844,30.577207565307617,11708600
QCOM,2006-01-17,47.41999816894531,48.33000183105469,47.310001373291016,48.119998931884766,30.250328063964844,13164900
QCOM,2006-01-18,47.41999816894531,48.47999954223633,47.400001525878906,47.75,30.017723083496094,13203900
QCOM,2006-01-19,48.220001220703125,48.720001220703125,47.61000061035156,48.66999816894531,30.596080780029297,14107500
QCOM,2006-01-20,48.52000045776367,48.68000030517578,46.529998779296875,46.959999084472656,29.521093368530273,20935700
QCOM,2006-01-23,47.15999984741211,47.189998626708984,46.5,46.91999816894531,29.495952606201172,10815900
QCOM,2006-01-24,47.25,48.29999923706055,46.959999084472656,48.06999969482422,30.218896865844727,13906600
QCOM,2006-01-25,48.220001220703125,48.599998474121094,47.11000061035156,47.58000183105469,29.910871505737305,17278000
QCOM,2006-01-26,46.7400016784668,48.09000015258789,46.5,47.5,29.86056900024414,19732900
QCOM,2006-01-27,47.560001373291016,48.16999816894531,47.099998474121094,48.02000045776367,30.187450408935547,14465000
QCOM,2006-01-30,48.09000015258789,48.79999923706055,47.90999984741211,48.56999969482422,30.533212661743164,12418700
QCOM,2006-01-31,48.369998931884766,48.86000061035156,47.540000915527344,47.959999084472656,30.14973258972168,12809400
QCOM,2006-02-01,47.33000183105469,48.29999923706055,47.130001068115234,47.93000030517578,30.130884170532227,12480900
QCOM,2006-02-02,47.59000015258789,47.90999984741211,46.869998931884766,46.880001068115234,29.470821380615234,9859400
QCOM,2006-02-03,46.54999923706055,46.79999923706055,45.75,46.08000183105469,28.967893600463867,11569600
QCOM,2006-02-06,45.81999969482422,46.34000015258789,45.5099983215332,45.93000030517578,28.87359046936035,8961700
QCOM,2006-02-07,45.849998474121094,46.119998931884766,45.08000183105469,45.72999954223633,28.747861862182617,11864700
QCOM,2006-02-08,45.849998474121094,47.130001068115234,45.810001373291016,46.970001220703125,29.527385711669922,11592300
QCOM,2006-02-09,47.04999923706055,47.31999969482422,46.060001373291016,46.15999984741211,29.0181884765625,9714900
QCOM,2006-02-10,46.400001525878906,46.79999923706055,45.7400016784668,46.65999984741211,29.332508087158203,8898900
QCOM,2006-02-13,46.29999923706055,46.52000045776367,45.47999954223633,45.95000076293945,28.886167526245117,9316200
QCOM,2006-02-14,46.36000061035156,47.959999084472656,46.09000015258789,47.599998474121094,29.923439025878906,16978800
QCOM,2006-02-15,47.27000045776367,47.959999084472656,46.75,47.34000015258789,29.75998878479004,12619900
QCOM,2006-02-16,47.4900016784668,48.11000061035156,47.0,48.099998474121094,30.23773765563965,13906100
QCOM,2006-02-17,47.75,48.880001068115234,47.68000030517578,48.310001373291016,30.36976432800293,14806500
QCOM,2006-02-21,48.08000183105469,48.189998626708984,46.709999084472656,46.939998626708984,29.508506774902344,11795200
QCOM,2006-02-22,47.0,48.47999954223633,46.849998474121094,47.779998779296875,30.094301223754883,11531300
QCOM,2006-02-23,47.470001220703125,47.66999816894531,46.849998474121094,46.93000030517578,29.558910369873047,8423400
QCOM,2006-02-24,47.09000015258789,47.279998779296875,46.58000183105469,47.189998626708984,29.722681045532227,7123000
QCOM,2006-02-27,47.130001068115234,48.4900016784668,46.970001220703125,48.349998474121094,30.45329475402832,11439200
QCOM,2006-02-28,48.16999816894531,48.400001525878906,46.9900016784668,47.15999984741211,29.70378875732422,14225100
QCOM,2006-03-01,47.22999954223633,48.290000915527344,46.790000915527344,48.029998779296875,30.25174903869629,10745900
QCOM,2006-03-02,47.349998474121094,48.7599983215332,47.2400016784668,47.83000183105469,30.12578773498535,12840000
QCOM,2006-03-03,47.459999084472656,48.7400016784668,47.27000045776367,47.630001068115234,29.999814987182617,11380300
QCOM,2006-03-06,47.54999923706055,48.36000061035156,47.099998474121094,47.2400016784668,29.75417137145996,12531500
QCOM,2006-03-07,47.88999938964844,48.41999816894531,47.439998626708984,47.86000061035156,30.14468765258789,23360400
QCOM,2006-03-08,47.959999084472656,49.880001068115234,47.70000076293945,49.529998779296875,31.196544647216797,27269000
QCOM,2006-03-09,49.560001373291016,49.939998626708984,48.029998779296875,48.099998474121094,30.29582977294922,17084100
QCOM,2006-03-10,47.970001220703125,48.650001525878906,47.5,48.0,30.232852935791016,11782900
QCOM,2006-03-13,48.650001525878906,48.83000183105469,47.95000076293945,48.209999084472656,30.365129470825195,10254100
QCOM,2006-03-14,48.099998474121094,49.369998931884766,48.0,49.25,31.02016830444336,12899100
QCOM,2006-03-15,49.40999984741211,49.84000015258789,49.099998474121094,49.810001373291016,31.37288475036621,12722800
QCOM,2006-03-16,50.310001373291016,51.18000030517578,49.869998931884766,49.869998931884766,31.410659790039062,23760100
QCOM,2006-03-17,49.959999084472656,50.97999954223633,49.91999816894531,50.77000045776367,31.9775447845459,20416200
QCOM,2006-03-20,50.630001068115234,50.959999084472656,50.20000076293945,50.310001373291016,31.68781852722168,9716700
QCOM,2006-03-21,49.59000015258789,51.0,49.5099983215332,49.59000015258789,31.23432159423828,17392000
QCOM,2006-03-22,49.459999084472656,50.189998626708984,49.31999969482422,49.75,31.335098266601562,11553200
QCOM,2006-03-23,49.68000030517578,49.900001525878906,49.150001525878906,49.58000183105469,31.228031158447266,10005000
QCOM,2006-03-24,49.689998626708984,50.20000076293945,48.88999938964844,49.349998474121094,31.08315658569336,10102900
QCOM,2006-03-27,49.47999954223633,50.13999938964844,49.439998626708984,49.709999084472656,31.30990982055664,8258300
QCOM,2006-03-28,49.58000183105469,50.529998779296875,49.16999816894531,49.36000061035156,31.089452743530273,12904700
QCOM,2006-03-29,49.619998931884766,51.099998474121094,49.52000045776367,50.720001220703125,31.946048736572266,15647800
QCOM,2006-03-30,50.939998626708984,51.75,50.75,50.849998474121094,32.02793502807617,13533200
QCOM,2006-03-31,51.15999984741211,51.40999984741211,50.43000030517578,50.61000061035156,31.87677574157715,12090000
QCOM,2006-04-03,51.13999938964844,51.720001220703125,51.029998779296875,51.18000030517578,32.23577880859375,13950400
QCOM,2006-04-04,51.040000915527344,51.959999084472656,51.029998779296875,51.810001373291016,32.63258743286133,13997500
QCOM,2006-04-05,51.689998626708984,51.79999923706055,51.18000030517578,51.66999816894531,32.54441452026367,9794500
QCOM,2006-04-06,51.75,51.9900016784668,51.15999984741211,51.7599983215332,32.60109329223633,9981800
QCOM,2006-04-07,51.90999984741211,52.47999954223633,51.72999954223633,51.959999084472656,32.72705841064453,14131900
QCOM,2006-04-10,51.779998779296875,52.06999969482422,51.0,51.58000183105469,32.487735748291016,7279000
QCOM,2006-04-11,51.630001068115234,52.029998779296875,50.90999984741211,51.38999938964844,32.36804962158203,11033000
QCOM,2006-04-12,51.63999938964844,51.70000076293945,50.970001220703125,50.970001220703125,32.103511810302734,7223400
QCOM,2006-04-13,50.93000030517578,51.84000015258789,50.93000030517578,51.47999954223633,32.42474365234375,7865000
QCOM,2006-04-17,51.41999816894531,51.93000030517578,50.630001068115234,51.02000045776367,32.135013580322266,9425600
QCOM,2006-04-18,51.380001068115234,52.4900016784668,51.31999969482422,52.029998779296875,32.77113723754883,12104600
QCOM,2006-04-19,52.4900016784668,52.58000183105469,51.849998474121094,52.5,33.06719207763672,13482800
QCOM,2006-04-20,52.310001373291016,52.400001525878906,51.20000076293945,51.84000015258789,32.6514892578125,13473900
QCOM,2006-04-21,51.720001220703125,52.099998474121094,50.90999984741211,51.38999938964844,32.36804962158203,14823200
QCOM,2006-04-24,51.06999969482422,52.4900016784668,51.060001373291016,52.29999923706055,32.941219329833984,14477400
QCOM,2006-04-25,52.45000076293945,52.45000076293945,51.25,51.5,32.437339782714844,10246400
QCOM,2006-04-26,51.599998474121094,51.869998931884766,50.84000015258789,51.08000183105469,32.17280578613281,8972500
QCOM,2006-04-27,50.77000045776367,52.459999084472656,50.77000045776367,52.029998779296875,32.77113723754883,12374500
QCOM,2006-04-28,52.209999084472656,52.2400016784668,51.31999969482422,51.34000015258789,32.336551666259766,8186100
QCOM,2006-05-01,51.459999084472656,51.709999084472656,50.279998779296875,50.650001525878906,31.901954650878906,11135400
QCOM,2006-05-02,50.70000076293945,51.36000061035156,50.38999938964844,51.060001373291016,32.16020202636719,8765700
QCOM,2006-05-03,52.2400016784668,52.2400016784668,51.04999923706055,51.75,32.594791412353516,17971900
QCOM,2006-05-04,52.02000045776367,53.0099983215332,51.95000076293945,52.34000015258789,32.966407775878906,15770100
QCOM,2006-05-05,52.709999084472656,53.0,52.310001373291016,52.560001373291016,33.1049919128418,9867200
QCOM,2006-05-08,52.36000061035156,52.75,52.119998931884766,52.65999984741211,33.1679573059082,8924900
QCOM,2006-05-09,52.779998779296875,52.9900016784668,52.599998474121094,52.7400016784668,33.218353271484375,7634900
QCOM,2006-05-10,52.470001220703125,52.68000030517578,51.41999816894531,51.65999984741211,32.53810119628906,10550300
QCOM,2006-05-11,51.529998779296875,51.7400016784668,48.81999969482422,49.400001525878906,31.11465072631836,20572400
QCOM,2006-05-12,49.34000015258789,49.630001068115234,48.54999923706055,48.9900016784668,30.856403350830078,15023700
QCOM,2006-05-15,48.560001373291016,48.810001373291016,47.36000061035156,48.630001068115234,30.629667282104492,18531500
QCOM,2006-05-16,48.75,49.5,47.9900016784668,48.189998626708984,30.352527618408203,14159100
QCOM,2006-05-17,46.33000183105469,47.810001373291016,46.2400016784668,46.900001525878906,29.54001235961914,22356000
QCOM,2006-05-18,47.25,47.70000076293945,46.279998779296875,46.349998474121094,29.193592071533203,15346900
QCOM,2006-05-19,46.29999923706055,47.70000076293945,46.0,47.06999969482422,29.6470947265625,22835700
QCOM,2006-05-22,46.45000076293945,47.18000030517578,46.099998474121094,46.630001068115234,29.369962692260742,14452700
QCOM,2006-05-23,46.88999938964844,47.16999816894531,45.380001068115234,45.380001068115234,28.582645416259766,16391300
QCOM,2006-05-24,45.119998931884766,45.880001068115234,44.099998474121094,45.59000015258789,28.79104995727539,23278700
QCOM,2006-05-25,46.0,46.400001525878906,45.400001525878906,46.060001373291016,29.087871551513672,13203300
QCOM,2006-05-26,46.22999954223633,46.43000030517578,45.599998474121094,46.029998779296875,29.068925857543945,9158300
QCOM,2006-05-30,45.61000061035156,45.900001525878906,44.720001220703125,44.720001220703125,28.241621017456055,14906500
QCOM,2006-05-31,44.72999954223633,45.459999084472656,44.459999084472656,45.209999084472656,28.551069259643555,13529800
QCOM,2006-06-01,45.20000076293945,47.04999923706055,44.790000915527344,47.04999923706055,29.71307373046875,15979600
QCOM,2006-06-02,47.599998474121094,47.77000045776367,46.459999084472656,47.0,29.681486129760742,11744300
QCOM,2006-06-05,46.66999816894531,46.970001220703125,45.65999984741211,45.68000030517578,28.847877502441406,11276000
QCOM,2006-06-06,45.68000030517578,46.470001220703125,45.5099983215332,46.16999816894531,29.157333374023438,13510800
QCOM,2006-06-07,46.36000061035156,46.72999954223633,45.34000015258789,45.47999954223633,28.721576690673828,12261300
QCOM,2006-06-08,44.810001373291016,45.11000061035156,42.2400016784668,44.45000076293945,28.071123123168945,27982300
QCOM,2006-06-09,45.0,45.41999816894531,43.040000915527344,43.439998626708984,27.433284759521484,17768100
QCOM,2006-06-12,43.27000045776367,43.5,41.04999923706055,41.189998626708984,26.012359619140625,23465800
QCOM,2006-06-13,42.709999084472656,42.91999816894531,41.56999969482422,41.84000015258789,26.4228458404541,37462700
QCOM,2006-06-14,42.209999084472656,43.29999923706055,41.91999816894531,43.25,27.313291549682617,20368000
QCOM,2006-06-15,43.650001525878906,45.0,43.45000076293945,44.88999938964844,28.348966598510742,19466200
QCOM,2006-06-16,44.7400016784668,45.0,43.02000045776367,43.95000076293945,27.755340576171875,27558500
QCOM,2006-06-19,44.310001373291016,44.38999938964844,43.040000915527344,43.38999938964844,27.401697158813477,14534400
QCOM,2006-06-20,43.630001068115234,44.400001525878906,43.099998474121094,43.90999984741211,27.730085372924805,13471500
QCOM,2006-06-21,44.040000915527344,45.0,43.810001373291016,44.20000076293945,27.91324234008789,15806700
QCOM,2006-06-22,43.869998931884766,43.900001525878906,41.220001220703125,41.380001068115234,26.13234519958496,34940400
QCOM,2006-06-23,40.209999084472656,40.31999969482422,38.77000045776367,39.5,24.945077896118164,52917600
QCOM,2006-06-26,40.0,40.65999984741211,39.70000076293945,40.09000015258789,25.31768226623535,16723400
QCOM,2006-06-27,39.900001525878906,40.380001068115234,38.540000915527344,38.689998626708984,24.433551788330078,16616900
QCOM,2006-06-28,38.970001220703125,39.529998779296875,38.56999969482422,39.470001220703125,24.92613983154297,13703600
QCOM,2006-06-29,39.97999954223633,40.779998779296875,38.939998626708984,40.540000915527344,25.60186004638672,20038800
QCOM,2006-06-30,40.7400016784668,40.91999816894531,39.90999984741211,40.06999969482422,25.305065155029297,12742100
QCOM,2006-07-03,39.470001220703125,39.720001220703125,39.150001525878906,39.459999084472656,24.919822692871094,7048400
QCOM,2006-07-05,39.380001068115234,39.40999984741211,37.91999816894531,38.16999816894531,24.105161666870117,18874200
QCOM,2006-07-06,38.18000030517578,38.63999938964844,37.90999984741211,38.470001220703125,24.29462242126465,13692200
QCOM,2006-07-07,38.150001525878906,38.5099983215332,37.63999938964844,38.0,23.997800827026367,12650800
QCOM,2006-07-10,38.150001525878906,38.22999954223633,37.099998474121094,37.79999923706055,23.871496200561523,14609000
QCOM,2006-07-11,37.560001373291016,39.0,37.38999938964844,38.869998931884766,24.5472354888916,20633300
QCOM,2006-07-12,38.779998779296875,39.029998779296875,37.189998626708984,37.54999923706055,23.713623046875,14079400
QCOM,2006-07-13,37.16999816894531,37.849998474121094,36.54999923706055,36.560001373291016,23.088403701782227,15504500
QCOM,2006-07-14,36.4900016784668,37.09000015258789,35.72999954223633,36.369998931884766,22.968416213989258,16502400
QCOM,2006-07-17,36.9900016784668,37.38999938964844,36.290000915527344,36.560001373291016,23.088403701782227,14544900
QCOM,2006-07-18,36.75,37.5,36.22999954223633,37.400001525878906,23.618898391723633,14295400
QCOM,2006-07-19,37.400001525878906,37.790000915527344,36.41999816894531,36.72999954223633,23.195770263671875,33124500
QCOM,2006-07-20,36.2599983215332,37.27000045776367,35.59000015258789,35.849998474121094,22.640039443969727,36654300
QCOM,2006-07-21,35.0,35.150001525878906,34.11000061035156,34.439998626708984,21.74958610534668,25940800
QCOM,2006-07-24,34.560001373291016,35.59000015258789,34.34000015258789,35.380001068115234,22.343217849731445,16133000
QCOM,2006-07-25,35.29999923706055,35.68000030517578,34.25,34.279998779296875,21.64855194091797,16285900
QCOM,2006-07-26,34.36000061035156,35.2599983215332,33.939998626708984,34.97999954223633,22.09061050415039,21221000
QCOM,2006-07-27,35.15999984741211,35.58000183105469,34.5,34.52000045776367,21.800111770629883,16460600
QCOM,2006-07-28,34.95000076293945,35.97999954223633,34.779998779296875,35.790000915527344,22.602144241333008,15672800
QCOM,2006-07-31,35.59000015258789,35.709999084472656,35.189998626708984,35.2599983215332,22.267433166503906,10633400
QCOM,2006-08-01,34.91999816894531,34.959999084472656,34.0,34.47999954223633,21.774852752685547,16525700
QCOM,2006-08-02,34.5,34.75,33.79999923706055,34.369998931884766,21.705381393432617,12716400
QCOM,2006-08-03,34.130001068115234,35.2599983215332,34.09000015258789,34.86000061035156,22.014829635620117,13833300
QCOM,2006-08-04,35.439998626708984,35.970001220703125,34.849998474121094,35.310001373291016,22.29901695251465,16099700
QCOM,2006-08-07,35.29999923706055,35.52000045776367,34.45000076293945,34.599998474121094,21.85063362121582,13443800
QCOM,2006-08-08,34.0,34.599998474121094,33.369998931884766,33.86000061035156,21.3833065032959,19591000
QCOM,2006-08-09,34.15999984741211,35.15999984741211,33.41999816894531,33.529998779296875,21.17489242553711,17762100
QCOM,2006-08-10,33.400001525878906,34.0,32.7599983215332,33.900001525878906,21.4085636138916,14521600
QCOM,2006-08-11,33.61000061035156,33.869998931884766,33.150001525878906,33.310001373291016,21.035966873168945,8743700
QCOM,2006-08-14,34.08000183105469,34.45000076293945,33.5099983215332,33.59000015258789,21.21278953552246,12297100
QCOM,2006-08-15,34.43000030517578,35.599998474121094,34.099998474121094,35.45000076293945,22.387426376342773,22562600
QCOM,2006-08-16,36.279998779296875,37.83000183105469,36.209999084472656,37.83000183105469,23.89044952392578,27239100
QCOM,2006-08-17,37.689998626708984,38.0,37.0,37.20000076293945,23.492589950561523,16916800
QCOM,2006-08-18,37.2400016784668,37.86000061035156,36.5,37.31999969482422,23.5683650970459,14042900
QCOM,2006-08-21,37.0,37.369998931884766,36.619998931884766,37.099998474121094,23.429439544677734,13028400
QCOM,2006-08-22,37.150001525878906,38.150001525878906,37.040000915527344,37.5099983215332,23.6883602142334,14493800
QCOM,2006-08-23,37.630001068115234,37.9900016784668,36.459999084472656,36.650001525878906,23.219532012939453,11923000
QCOM,2006-08-24,37.0,37.41999816894531,36.709999084472656,37.27000045776367,23.612335205078125,8763900
QCOM,2006-08-25,36.939998626708984,37.84000015258789,36.79999923706055,37.380001068115234,23.68203353881836,10448000
QCOM,2006-08-28,37.45000076293945,37.650001525878906,37.0099983215332,37.18000030517578,23.55531120300293,10442800
QCOM,2006-08-29,37.2400016784668,37.68000030517578,36.650001525878906,37.59000015258789,23.8150691986084,10962700
QCOM,2006-08-30,37.650001525878906,38.5,37.599998474121094,37.90999984741211,24.017807006835938,11706200
QCOM,2006-08-31,38.20000076293945,38.25,37.52000045776367,37.66999816894531,23.865747451782227,8546800
QCOM,2006-09-01,38.33000183105469,38.79999923706055,38.09000015258789,38.349998474121094,24.296560287475586,13679200
QCOM,2006-09-05,38.36000061035156,39.33000183105469,37.529998779296875,39.189998626708984,24.8287410736084,16198800
QCOM,2006-09-06,39.099998474121094,39.4900016784668,37.79999923706055,38.040000915527344,24.100170135498047,19418000
QCOM,2006-09-07,37.84000015258789,38.0,36.900001525878906,36.970001220703125,23.422264099121094,18274400
QCOM,2006-09-08,37.099998474121094,37.22999954223633,36.290000915527344,36.540000915527344,23.149845123291016,16883400
QCOM,2006-09-11,36.13999938964844,37.119998931884766,35.9900016784668,36.810001373291016,23.32090187072754,13755300
QCOM,2006-09-12,37.400001525878906,38.09000015258789,37.33000183105469,37.650001525878906,23.853071212768555,21906100
QCOM,2006-09-13,37.83000183105469,37.939998626708984,37.27000045776367,37.29999923706055,23.63134002685547,16226000
QCOM,2006-09-14,37.119998931884766,37.61000061035156,37.0099983215332,37.20000076293945,23.5679931640625,15214000
QCOM,2006-09-15,37.5099983215332,37.810001373291016,36.79999923706055,36.810001373291016,23.32090187072754,27469800
QCOM,2006-09-18,36.90999984741211,37.63999938964844,36.5,36.599998474121094,23.18785285949707,19695600
QCOM,2006-09-19,36.900001525878906,37.29999923706055,36.70000076293945,37.099998474121094,23.504636764526367,13963000
QCOM,2006-09-20,37.0,38.20000076293945,36.83000183105469,38.11000061035156,24.144519805908203,20166400
QCOM,2006-09-21,38.2400016784668,39.220001220703125,38.209999084472656,38.47999954223633,24.378925323486328,23147500
QCOM,2006-09-22,38.5,38.5099983215332,37.59000015258789,37.86000061035156,23.986125946044922,12617400
QCOM,2006-09-25,38.20000076293945,38.97999954223633,37.5099983215332,38.66999816894531,24.499303817749023,15413000
QCOM,2006-09-26,38.689998626708984,39.29999923706055,38.220001220703125,38.43000030517578,24.347246170043945,15802800
QCOM,2006-09-27,38.4900016784668,38.790000915527344,37.79999923706055,38.130001068115234,24.15718650817871,18369200
QCOM,2006-09-28,38.15999984741211,38.22999954223633,36.75,37.02000045776367,23.453943252563477,23546700
QCOM,2006-09-29,37.209999084472656,37.279998779296875,36.16999816894531,36.349998474121094,23.029468536376953,16856000
QCOM,2006-10-02,36.11000061035156,36.4900016784668,34.099998474121094,34.65999984741211,21.958772659301758,33287100
QCOM,2006-10-03,34.72999954223633,35.79999923706055,34.619998931884766,35.400001525878906,22.427600860595703,19379500
QCOM,2006-10-04,35.400001525878906,35.81999969482422,34.880001068115234,35.81999969482422,22.69369125366211,18615600
QCOM,2006-10-05,35.86000061035156,36.310001373291016,35.439998626708984,36.2599983215332,22.972444534301758,14728300
QCOM,2006-10-06,35.97999954223633,36.66999816894531,35.779998779296875,36.369998931884766,23.042133331298828,12749000
QCOM,2006-10-09,36.27000045776367,36.52000045776367,36.0,36.2400016784668,22.959781646728516,7990500
QCOM,2006-10-10,36.41999816894531,37.88999938964844,35.0,37.06999969482422,23.485626220703125,33428900
QCOM,2006-10-11,36.95000076293945,37.9900016784668,36.869998931884766,37.7599983215332,23.92276954650879,16964200
QCOM,2006-10-12,37.939998626708984,39.0099983215332,37.90999984741211,38.939998626708984,24.67035675048828,16636600
QCOM,2006-10-13,39.13999938964844,39.84000015258789,38.75,39.84000015258789,25.24054718017578,22416800
QCOM,2006-10-16,39.70000076293945,40.0,39.560001373291016,39.81999969482422,25.227882385253906,14313500
QCOM,2006-10-17,39.470001220703125,39.599998474121094,38.58000183105469,38.939998626708984,24.67035675048828,15012100
QCOM,2006-10-18,39.16999816894531,39.220001220703125,37.900001525878906,38.119998931884766,24.150854110717773,17854000
QCOM,2006-10-19,37.310001373291016,38.2599983215332,37.040000915527344,38.18000030517578,24.18886375427246,21946300
QCOM,2006-10-20,38.34000015258789,38.41999816894531,37.20000076293945,37.91999816894531,24.024133682250977,16516000
QCOM,2006-10-23,37.880001068115234,38.63999938964844,37.5099983215332,38.08000183105469,24.125503540039062,13494800
QCOM,2006-10-24,37.650001525878906,37.95000076293945,36.56999969482422,36.709999084472656,23.257539749145508,20196800
QCOM,2006-10-25,36.68000030517578,37.7400016784668,36.650001525878906,37.5099983215332,23.764379501342773,15486300
QCOM,2006-10-26,37.77000045776367,38.04999923706055,37.040000915527344,37.9900016784668,24.068483352661133,15014100
QCOM,2006-10-27,37.91999816894531,38.0,36.91999816894531,37.13999938964844,23.529970169067383,13137900
QCOM,2006-10-30,36.689998626708984,36.93000030517578,36.400001525878906,36.7400016784668,23.27655601501465,15543100
QCOM,2006-10-31,36.970001220703125,37.20000076293945,36.060001373291016,36.38999938964844,23.0548095703125,14697600
QCOM,2006-11-01,36.79999923706055,36.900001525878906,35.61000061035156,35.72999954223633,22.63666343688965,18774600
QCOM,2006-11-02,35.75,36.400001525878906,35.40999984741211,36.36000061035156,23.035810470581055,21291000
QCOM,2006-11-03,36.290000915527344,37.619998931884766,35.90999984741211,36.470001220703125,23.105491638183594,33224500
QCOM,2006-11-06,36.45000076293945,36.689998626708984,35.959999084472656,36.13999938964844,22.896419525146484,18815000
QCOM,2006-11-07,36.099998474121094,37.04999923706055,36.0099983215332,36.38999938964844,23.0548095703125,17794000
QCOM,2006-11-08,36.310001373291016,36.599998474121094,35.95000076293945,36.279998779296875,22.98511505126953,15973000
QCOM,2006-11-09,36.06999969482422,36.20000076293945,34.68000030517578,34.83000183105469,22.06647491455078,31773800
QCOM,2006-11-10,34.88999938964844,35.25,34.349998474121094,35.2400016784668,22.326231002807617,20316800
QCOM,2006-11-13,35.900001525878906,36.63999938964844,35.5099983215332,36.20000076293945,22.9344425201416,21433100
QCOM,2006-11-14,36.310001373291016,37.7400016784668,36.04999923706055,37.560001373291016,23.796066284179688,24482400
QCOM,2006-11-15,37.529998779296875,38.029998779296875,37.2599983215332,37.70000076293945,23.884748458862305,19185500
QCOM,2006-11-16,38.04999923706055,38.400001525878906,37.560001373291016,37.79999923706055,23.9481143951416,17215100
QCOM,2006-11-17,37.599998474121094,37.790000915527344,37.40999984741211,37.630001068115234,23.840408325195312,13663300
QCOM,2006-11-20,37.310001373291016,37.45000076293945,36.81999969482422,37.150001525878906,23.536296844482422,13358000
QCOM,2006-11-21,37.209999084472656,37.720001220703125,36.959999084472656,37.61000061035156,23.827735900878906,11977800
QCOM,2006-11-22,37.529998779296875,37.650001525878906,36.81999969482422,37.349998474121094,23.663022994995117,10503700
QCOM,2006-11-24,37.08000183105469,37.869998931884766,37.0,37.58000183105469,23.808732986450195,7461700
QCOM,2006-11-27,37.33000183105469,37.5,36.349998474121094,36.45000076293945,23.092823028564453,15634200
QCOM,2006-11-28,36.380001068115234,36.70000076293945,35.70000076293945,35.849998474121094,22.71270179748535,21740800
QCOM,2006-11-29,36.04999923706055,36.779998779296875,35.970001220703125,36.650001525878906,23.219532012939453,14628600
QCOM,2006-11-30,36.529998779296875,36.81999969482422,35.81999969482422,36.59000015258789,23.18152618408203,18364300
QCOM,2006-12-01,36.5,36.7599983215332,35.79999923706055,36.349998474121094,23.029468536376953,14102800
QCOM,2006-12-04,36.689998626708984,37.58000183105469,36.540000915527344,37.5,23.758045196533203,20931800
QCOM,2006-12-05,37.75,39.43000030517578,37.61000061035156,38.7400016784668,24.622438430786133,33695000
QCOM,2006-12-06,38.7599983215332,39.380001068115234,38.45000076293945,39.18000030517578,24.9020938873291,19753700
QCOM,2006-12-07,39.52000045776367,40.9900016784668,39.11000061035156,39.13999938964844,24.876667022705078,26866400
QCOM,2006-12-08,39.0,40.27000045776367,38.779998779296875,39.540000915527344,25.130895614624023,18041500
QCOM,2006-12-11,39.25,39.95000076293945,38.880001068115234,38.93000030517578,24.743200302124023,19600900
QCOM,2006-12-12,38.81999969482422,39.06999969482422,38.130001068115234,38.869998931884766,24.705059051513672,15862200
QCOM,2006-12-13,39.25,39.29999923706055,38.11000061035156,38.43000030517578,24.425411224365234,21437800
QCOM,2006-12-14,38.58000183105469,39.599998474121094,38.380001068115234,39.40999984741211,25.048282623291016,16745600
QCOM,2006-12-15,39.599998474121094,40.0,39.290000915527344,39.5,25.105480194091797,21097000
QCOM,2006-12-18,39.689998626708984,40.099998474121094,38.84000015258789,39.06999969482422,24.83218002319336,13646200
QCOM,2006-12-19,38.720001220703125,38.90999984741211,38.369998931884766,38.4900016784668,24.463537216186523,14448100
QCOM,2006-12-20,38.5,39.099998474121094,38.25,38.310001373291016,24.349136352539062,9897200
QCOM,2006-12-21,38.310001373291016,38.61000061035156,38.0,38.540000915527344,24.495323181152344,11799200
QCOM,2006-12-22,37.540000915527344,38.290000915527344,37.5,37.810001373291016,24.03134536743164,23678700
QCOM,2006-12-26,37.540000915527344,38.16999816894531,37.41999816894531,37.619998931884766,23.91059112548828,11148300
QCOM,2006-12-27,37.81999969482422,38.150001525878906,37.560001373291016,37.56999969482422,23.878808975219727,9025100
QCOM,2006-12-28,37.52000045776367,38.0099983215332,37.45000076293945,37.689998626708984,23.955081939697266,11384300
QCOM,2006-12-29,37.79999923706055,38.369998931884766,37.56999969482422,37.790000915527344,24.018632888793945,10856200
QCOM,2007-01-03,37.7599983215332,38.77000045776367,36.790000915527344,37.459999084472656,23.80889129638672,24184800
QCOM,2007-01-04,37.790000915527344,39.400001525878906,37.400001525878906,39.150001525878906,24.883031845092773,26164600
QCOM,2007-01-05,38.900001525878906,38.939998626708984,37.869998931884766,38.689998626708984,24.590656280517578,18403600
QCOM,2007-01-08,38.75,38.75,38.0,38.2599983215332,24.317359924316406,13545200
QCOM,2007-01-09,38.5,38.650001525878906,37.84000015258789,37.84000015258789,24.050418853759766,15948700
QCOM,2007-01-10,37.650001525878906,38.560001373291016,37.59000015258789,38.54999923706055,24.50167465209961,14333700
QCOM,2007-01-11,38.65999984741211,39.63999938964844,38.099998474121094,39.47999954223633,25.0927677154541,20549100
QCOM,2007-01-12,39.25,39.939998626708984,39.119998931884766,39.619998931884766,25.18174934387207,14336000
QCOM,2007-01-16,39.79999923706055,39.95000076293945,39.040000915527344,39.470001220703125,25.086410522460938,13712200
QCOM,2007-01-17,39.16999816894531,39.959999084472656,39.0,39.189998626708984,24.9084415435791,17002100
QCOM,2007-01-18,39.099998474121094,39.349998474121094,38.33000183105469,38.4900016784668,24.463537216186523,16412400
QCOM,2007-01-19,38.27000045776367,39.18000030517578,38.130001068115234,38.869998931884766,24.705059051513672,17489500
QCOM,2007-01-22,39.040000915527344,39.08000183105469,38.119998931884766,38.5099983215332,24.47624969482422,19125900
QCOM,2007-01-23,38.4900016784668,39.06999969482422,38.04999923706055,38.130001068115234,24.234739303588867,17228000
QCOM,2007-01-24,38.459999084472656,39.29999923706055,38.310001373291016,38.619998931884766,24.546173095703125,25559900
QCOM,2007-01-25,39.880001068115234,39.90999984741211,38.150001525878906,38.15999984741211,24.253803253173828,28175800
QCOM,2007-01-26,38.27000045776367,38.38999938964844,37.349998474121094,37.5099983215332,23.840669631958008,20681700
QCOM,2007-01-29,37.0,37.560001373291016,36.79999923706055,37.150001525878906,23.611858367919922,18989500
QCOM,2007-01-30,37.16999816894531,37.40999984741211,36.939998626708984,37.16999816894531,23.624574661254883,13357700
QCOM,2007-01-31,37.130001068115234,37.900001525878906,36.810001373291016,37.65999984741211,23.936004638671875,15702600
QCOM,2007-02-01,37.79999923706055,37.81999969482422,37.04999923706055,37.40999984741211,23.777122497558594,16678300
QCOM,2007-02-02,37.43000030517578,37.52000045776367,37.0,37.189998626708984,23.637290954589844,15597800
QCOM,2007-02-05,37.20000076293945,38.119998931884766,37.0,37.90999984741211,24.09490394592285,18370500
QCOM,2007-02-06,37.869998931884766,37.970001220703125,37.22999954223633,37.68000030517578,23.948720932006836,18493800
QCOM,2007-02-07,37.790000915527344,37.88999938964844,37.34000015258789,37.58000183105469,23.885173797607422,16080400
QCOM,2007-02-08,37.560001373291016,38.689998626708984,37.119998931884766,38.2599983215332,24.317359924316406,20890600
QCOM,2007-02-09,38.84000015258789,38.9900016784668,37.88999938964844,38.310001373291016,24.349136352539062,21304300
QCOM,2007-02-12,38.72999954223633,38.79999923706055,37.90999984741211,38.04999923706055,24.183881759643555,16559600
QCOM,2007-02-13,38.2599983215332,38.68000030517578,38.0,38.06999969482422,24.19659996032715,16057400
QCOM,2007-02-14,38.25,39.95000076293945,38.25,39.65999984741211,25.207181930541992,31705600
QCOM,2007-02-15,40.2599983215332,41.439998626708984,40.150001525878906,41.310001373291016,26.25588035583496,37990000
QCOM,2007-02-16,41.119998931884766,43.380001068115234,40.849998474121094,42.5099983215332,27.01857566833496,53781900
QCOM,2007-02-20,41.97999954223633,42.779998779296875,41.86000061035156,42.70000076293945,27.139347076416016,22376400
QCOM,2007-02-21,42.25,42.58000183105469,41.84000015258789,42.04999923706055,26.726211547851562,21788600
QCOM,2007-02-22,42.220001220703125,42.79999923706055,42.029998779296875,42.790000915527344,27.196533203125,18040600
QCOM,2007-02-23,43.20000076293945,43.61000061035156,42.56999969482422,43.36000061035156,27.558834075927734,24741700
QCOM,2007-02-26,43.2599983215332,43.29999923706055,42.25,42.650001525878906,27.107566833496094,24297600
QCOM,2007-02-27,41.060001373291016,41.66999816894531,40.0,40.25,25.582172393798828,38780800
QCOM,2007-02-28,40.29999923706055,41.08000183105469,40.0,40.29999923706055,25.690532684326172,27334400
QCOM,2007-03-01,39.560001373291016,40.779998779296875,39.349998474121094,40.099998474121094,25.56304168701172,26715500
QCOM,2007-03-02,40.04999923706055,40.31999969482422,39.40999984741211,39.47999954223633,25.167804718017578,22620900
QCOM,2007-03-05,39.209999084472656,40.060001373291016,39.040000915527344,39.13999938964844,24.951065063476562,17759000
QCOM,2007-03-06,39.59000015258789,39.779998779296875,39.22999954223633,39.54999923706055,25.212427139282227,20707700
QCOM,2007-03-07,39.61000061035156,40.209999084472656,39.560001373291016,39.689998626708984,25.301671981811523,18427200
QCOM,2007-03-08,40.2400016784668,40.63999938964844,39.95000076293945,40.2400016784668,25.652284622192383,15779900
QCOM,2007-03-09,40.63999938964844,40.900001525878906,39.959999084472656,40.150001525878906,25.59491729736328,14031600
QCOM,2007-03-12,39.970001220703125,40.29999923706055,39.810001373291016,40.119998931884766,25.575788497924805,15150200
QCOM,2007-03-13,41.599998474121094,42.279998779296875,41.20000076293945,41.83000183105469,26.665891647338867,49881400
QCOM,2007-03-14,42.470001220703125,43.540000915527344,42.41999816894531,43.209999084472656,27.545608520507812,40343800
QCOM,2007-03-15,43.15999984741211,43.93000030517578,43.0,43.70000076293945,27.857980728149414,29402200
QCOM,2007-03-16,43.47999954223633,43.7400016784668,43.029998779296875,43.68000030517578,27.845226287841797,26267500
QCOM,2007-03-19,44.0099983215332,44.119998931884766,42.630001068115234,42.90999984741211,27.35436248779297,24305600
QCOM,2007-03-20,42.41999816894531,43.22999954223633,42.380001068115234,43.040000915527344,27.437244415283203,18589600
QCOM,2007-03-21,43.099998474121094,43.75,42.36000061035156,43.72999954223633,27.877111434936523,24185400
QCOM,2007-03-22,43.41999816894531,43.790000915527344,43.27000045776367,43.349998474121094,27.634849548339844,16597000
QCOM,2007-03-23,43.130001068115234,43.38999938964844,42.5099983215332,42.56999969482422,27.137619018554688,17486400
QCOM,2007-03-26,42.33000183105469,42.560001373291016,41.56999969482422,42.41999816894531,27.04200553894043,16101700
QCOM,2007-03-27,42.22999954223633,42.849998474121094,42.029998779296875,42.630001068115234,27.175874710083008,12307600
QCOM,2007-03-28,42.5099983215332,43.0,42.290000915527344,42.5,27.09300422668457,16064600
QCOM,2007-03-29,42.79999923706055,42.880001068115234,41.630001068115234,42.25,26.933629989624023,14227200
QCOM,2007-03-30,42.2599983215332,42.90999984741211,42.150001525878906,42.65999984741211,27.194988250732422,17590000
QCOM,2007-04-02,42.68000030517578,43.130001068115234,42.29999923706055,43.08000183105469,27.46274757385254,15746500
QCOM,2007-04-03,43.400001525878906,43.75,43.16999816894531,43.709999084472656,27.864355087280273,18455900
QCOM,2007-04-04,43.93000030517578,43.959999084472656,43.31999969482422,43.650001525878906,27.82611846923828,15169400
QCOM,2007-04-05,43.060001373291016,43.439998626708984,42.290000915527344,43.29999923706055,27.60300064086914,21872600
QCOM,2007-04-09,43.34000015258789,43.459999084472656,42.47999954223633,42.68000030517578,27.207746505737305,14131200
QCOM,2007-04-10,42.540000915527344,43.040000915527344,42.529998779296875,43.0,27.411741256713867,11875000
QCOM,2007-04-11,42.90999984741211,42.9900016784668,42.04999923706055,42.099998474121094,26.838008880615234,13662000
QCOM,2007-04-12,41.689998626708984,42.81999969482422,41.599998474121094,42.599998474121094,27.156753540039062,14082900
QCOM,2007-04-13,42.5099983215332,42.709999084472656,41.83000183105469,42.54999923706055,27.124868392944336,13379800
QCOM,2007-04-16,42.77000045776367,43.400001525878906,42.720001220703125,43.38999938964844,27.660362243652344,14774300
QCOM,2007-04-17,43.209999084472656,43.5,43.0099983215332,43.369998931884766,27.647605895996094,12714000
QCOM,2007-04-18,43.0099983215332,43.41999816894531,42.79999923706055,42.970001220703125,27.39261245727539,10603800
QCOM,2007-04-19,42.689998626708984,43.43000030517578,42.619998931884766,43.36000061035156,27.64124298095703,10986400
QCOM,2007-04-20,43.900001525878906,44.20000076293945,43.06999969482422,43.439998626708984,27.692237854003906,20041500
QCOM,2007-04-23,43.31999969482422,43.689998626708984,42.689998626708984,42.88999938964844,27.34161949157715,12977300
QCOM,2007-04-24,43.11000061035156,44.91999816894531,43.029998779296875,44.36000061035156,28.278717041015625,27232200
QCOM,2007-04-25,44.599998474121094,45.36000061035156,44.29999923706055,45.34000015258789,28.903457641601562,24648400
QCOM,2007-04-26,46.20000076293945,46.33000183105469,45.11000061035156,45.29999923706055,28.877939224243164,22980500
QCOM,2007-04-27,44.90999984741211,45.18000030517578,44.29999923706055,44.630001068115234,28.45083999633789,13446600
QCOM,2007-04-30,44.650001525878906,44.81999969482422,43.77000045776367,43.79999923706055,27.92173194885254,15982100
QCOM,2007-05-01,44.0099983215332,44.119998931884766,43.209999084472656,43.77000045776367,27.902606964111328,18144900
QCOM,2007-05-02,43.95000076293945,44.529998779296875,43.72999954223633,44.27000045776367,28.22134017944336,12108800
QCOM,2007-05-03,44.349998474121094,44.5,43.93000030517578,44.279998779296875,28.227710723876953,10549900
QCOM,2007-05-04,44.52000045776367,44.720001220703125,43.58000183105469,44.099998474121094,28.11297035217285,12679500
QCOM,2007-05-07,44.119998931884766,44.540000915527344,43.83000183105469,43.95000076293945,28.017353057861328,7631700
QCOM,2007-05-08,43.72999954223633,44.5,43.650001525878906,44.16999816894531,28.15760040283203,9794800
QCOM,2007-05-09,43.95000076293945,44.5099983215332,43.779998779296875,44.27000045776367,28.22134017944336,9649000
QCOM,2007-05-10,44.0,44.189998626708984,43.52000045776367,43.90999984741211,27.991857528686523,17208400
QCOM,2007-05-11,44.18000030517578,44.9900016784668,43.91999816894531,44.86000061035156,28.59745979309082,14464600
QCOM,2007-05-14,44.970001220703125,45.2599983215332,43.849998474121094,44.25,28.208602905273438,14864100
QCOM,2007-05-15,44.529998779296875,45.189998626708984,44.060001373291016,44.16999816894531,28.15760040283203,19095400
QCOM,2007-05-16,44.38999938964844,45.54999923706055,44.38999938964844,45.04999923706055,28.71858787536621,28226800
QCOM,2007-05-17,44.810001373291016,45.16999816894531,44.63999938964844,44.81999969482422,28.571971893310547,14988800
QCOM,2007-05-18,44.93000030517578,45.369998931884766,44.61000061035156,45.209999084472656,28.820589065551758,22204100
QCOM,2007-05-21,45.220001220703125,46.15999984741211,44.869998931884766,46.130001068115234,29.40705680847168,24026000
QCOM,2007-05-22,46.47999954223633,47.720001220703125,45.7599983215332,46.380001068115234,29.566421508789062,35405300
QCOM,2007-05-23,46.5099983215332,46.689998626708984,44.810001373291016,44.84000015258789,28.584707260131836,21582400
QCOM,2007-05-24,44.75,45.0,43.47999954223633,43.59000015258789,27.787858963012695,29119200
QCOM,2007-05-25,43.689998626708984,43.88999938964844,42.84000015258789,43.349998474121094,27.634849548339844,21643700
QCOM,2007-05-29,43.400001525878906,44.970001220703125,42.83000183105469,44.279998779296875,28.227710723876953,26603700
QCOM,2007-05-30,43.349998474121094,43.709999084472656,42.310001373291016,42.81999969482422,27.383562088012695,31485200
QCOM,2007-05-31,42.93000030517578,43.150001525878906,42.13999938964844,42.95000076293945,27.466712951660156,22806500
QCOM,2007-06-01,43.529998779296875,43.79999923706055,42.68000030517578,42.77000045776367,27.351591110229492,14388800
QCOM,2007-06-04,42.470001220703125,43.06999969482422,42.150001525878906,42.18000030517578,26.97429847717285,14159600
QCOM,2007-06-05,42.279998779296875,42.56999969482422,41.70000076293945,42.4900016784668,27.17253303527832,20356000
QCOM,2007-06-06,42.369998931884766,42.529998779296875,42.02000045776367,42.22999954223633,27.00625991821289,15910900
QCOM,2007-06-07,41.90999984741211,42.38999938964844,40.97999954223633,41.02000045776367,26.232463836669922,31490500
QCOM,2007-06-08,42.130001068115234,42.5,41.220001220703125,41.869998931884766,26.776044845581055,37440800
QCOM,2007-06-11,41.599998474121094,41.720001220703125,41.0099983215332,41.38999938964844,26.469070434570312,18631300
QCOM,2007-06-12,41.02000045776367,42.41999816894531,41.0,41.810001373291016,26.737672805786133,23645600
QCOM,2007-06-13,42.060001373291016,42.779998779296875,41.810001373291016,42.599998474121094,27.242887496948242,17187000
QCOM,2007-06-14,42.709999084472656,42.939998626708984,42.400001525878906,42.619998931884766,27.255678176879883,17110500
QCOM,2007-06-15,43.040000915527344,43.27000045776367,42.5,42.630001068115234,27.262067794799805,30129600
QCOM,2007-06-18,42.45000076293945,42.84000015258789,42.2599983215332,42.33000183105469,27.070219039916992,12358500
QCOM,2007-06-19,42.25,42.91999816894531,42.20000076293945,42.689998626708984,27.30044174194336,17364100
QCOM,2007-06-20,42.86000061035156,43.9900016784668,42.400001525878906,43.06999969482422,27.543447494506836,22746200
QCOM,2007-06-21,43.029998779296875,43.70000076293945,42.709999084472656,43.560001373291016,27.856809616088867,16279300
QCOM,2007-06-22,43.2599983215332,43.68000030517578,42.79999923706055,42.9900016784668,27.49228858947754,17437900
QCOM,2007-06-25,42.7599983215332,43.150001525878906,42.29999923706055,42.529998779296875,27.19812774658203,16443400
QCOM,2007-06-26,43.040000915527344,43.459999084472656,42.5,42.84000015258789,27.396358489990234,19392000
QCOM,2007-06-27,42.59000015258789,43.45000076293945,42.560001373291016,43.41999816894531,27.767288208007812,15884100
QCOM,2007-06-28,43.349998474121094,43.77000045776367,43.0099983215332,43.459999084472656,27.79285430908203,13805100
QCOM,2007-06-29,43.599998474121094,43.75,43.09000015258789,43.38999938964844,27.748092651367188,17654400
QCOM,2007-07-02,43.599998474121094,43.9900016784668,43.38999938964844,43.93000030517578,28.09343147277832,13155800
QCOM,2007-07-03,43.86000061035156,44.0,43.70000076293945,43.86000061035156,28.048669815063477,5945200
QCOM,2007-07-05,43.619998931884766,43.790000915527344,43.349998474121094,43.540000915527344,27.844017028808594,13283300
QCOM,2007-07-06,43.5,43.619998931884766,43.11000061035156,43.58000183105469,27.86959457397461,6935700
QCOM,2007-07-09,43.52000045776367,43.900001525878906,43.29999923706055,43.59000015258789,27.875991821289062,12946300
QCOM,2007-07-10,43.439998626708984,43.709999084472656,43.150001525878906,43.209999084472656,27.632980346679688,13915300
QCOM,2007-07-11,43.150001525878906,44.09000015258789,42.779998779296875,43.84000015258789,28.03587532043457,16223400
QCOM,2007-07-12,44.0,45.33000183105469,43.84000015258789,45.25,28.93758201599121,20896200
QCOM,2007-07-13,44.9900016784668,45.470001220703125,44.75,45.349998474121094,29.00151252746582,12374000
QCOM,2007-07-16,45.20000076293945,45.43000030517578,44.86000061035156,45.029998779296875,28.796871185302734,9798800
QCOM,2007-07-17,45.029998779296875,45.400001525878906,44.779998779296875,45.029998779296875,28.796871185302734,11120500
QCOM,2007-07-18,44.75,45.189998626708984,44.65999984741211,45.099998474121094,28.84164810180664,14220300
QCOM,2007-07-19,44.9900016784668,45.58000183105469,43.0,43.349998474121094,27.722501754760742,37717800
QCOM,2007-07-20,43.869998931884766,44.0,42.63999938964844,43.0,27.498682022094727,36446100
QCOM,2007-07-23,43.029998779296875,43.25,42.15999984741211,42.75,27.33880043029785,23490000
QCOM,2007-07-24,42.52000045776367,44.18000030517578,42.5099983215332,43.08000183105469,27.549850463867188,26145400
QCOM,2007-07-25,43.29999923706055,43.779998779296875,42.33000183105469,42.45000076293945,27.146953582763672,24581400
QCOM,2007-07-26,42.20000076293945,43.2400016784668,41.29999923706055,42.08000183105469,26.910329818725586,42782700
QCOM,2007-07-27,42.43000030517578,42.68000030517578,41.650001525878906,41.66999816894531,26.64812660217285,24072100
QCOM,2007-07-30,41.900001525878906,43.25,41.27000045776367,42.529998779296875,27.19812774658203,18343800
QCOM,2007-07-31,42.97999954223633,42.97999954223633,41.56999969482422,41.650001525878906,26.63534927368164,21111500
QCOM,2007-08-01,41.52000045776367,42.0099983215332,40.560001373291016,41.38999938964844,26.469070434570312,30336800
QCOM,2007-08-02,41.54999923706055,42.279998779296875,41.0,42.040000915527344,26.884761810302734,16433500
QCOM,2007-08-03,42.029998779296875,42.349998474121094,40.65999984741211,40.77000045776367,26.072589874267578,20152900
QCOM,2007-08-06,41.150001525878906,41.83000183105469,40.369998931884766,41.779998779296875,26.71847915649414,20773300
QCOM,2007-08-07,41.029998779296875,41.5,39.709999084472656,40.5,25.899925231933594,34372300
QCOM,2007-08-08,40.220001220703125,40.650001525878906,39.04999923706055,40.150001525878906,25.676095962524414,40264100
QCOM,2007-08-09,39.209999084472656,40.25,38.220001220703125,38.220001220703125,24.441852569580078,28741900
QCOM,2007-08-10,38.0,38.279998779296875,37.369998931884766,37.88999938964844,24.230810165405273,28385500
QCOM,2007-08-13,38.150001525878906,39.650001525878906,38.150001525878906,38.91999816894531,24.889495849609375,29142600
QCOM,2007-08-14,38.72999954223633,39.18000030517578,37.689998626708984,37.779998779296875,24.160472869873047,25852300
QCOM,2007-08-15,37.70000076293945,37.97999954223633,35.7599983215332,36.09000015258789,23.079715728759766,35628700
QCOM,2007-08-16,35.7400016784668,37.08000183105469,35.22999954223633,36.93000030517578,23.61689567565918,48200400
QCOM,2007-08-17,37.369998931884766,37.880001068115234,36.4900016784668,37.540000915527344,24.00699806213379,36892900
QCOM,2007-08-20,37.400001525878906,37.77000045776367,37.2599983215332,37.41999816894531,23.93024253845215,17886700
QCOM,2007-08-21,37.18000030517578,37.43000030517578,36.650001525878906,36.900001525878906,23.59770965576172,24645600
QCOM,2007-08-22,37.09000015258789,37.90999984741211,36.849998474121094,37.27000045776367,23.834318161010742,23147000
QCOM,2007-08-23,37.470001220703125,38.0,37.150001525878906,37.86000061035156,24.21162986755371,18628700
QCOM,2007-08-24,37.90999984741211,38.4900016784668,37.65999984741211,38.22999954223633,24.448253631591797,13293300
QCOM,2007-08-27,38.54999923706055,38.95000076293945,38.0,38.58000183105469,24.67207908630371,17590200
QCOM,2007-08-28,38.2599983215332,38.630001068115234,37.86000061035156,37.869998931884766,24.21802520751953,14665200
QCOM,2007-08-29,38.09000015258789,38.959999084472656,37.869998931884766,38.91999816894531,24.981857299804688,14499000
QCOM,2007-08-30,38.61000061035156,39.65999984741211,38.380001068115234,39.08000183105469,25.084564208984375,12222300
QCOM,2007-08-31,39.380001068115234,39.9900016784668,39.25,39.88999938964844,25.60447883605957,11942100
QCOM,2007-09-04,39.900001525878906,40.22999954223633,39.439998626708984,40.0099983215332,25.68150520324707,19183100
QCOM,2007-09-05,39.65999984741211,39.75,38.66999816894531,38.93000030517578,24.988269805908203,15631800
QCOM,2007-09-06,39.099998474121094,39.349998474121094,38.540000915527344,38.81999969482422,24.91767120361328,13181600
QCOM,2007-09-07,38.220001220703125,38.779998779296875,37.63999938964844,37.88999938964844,24.32072639465332,18903300
QCOM,2007-09-10,37.779998779296875,37.779998779296875,36.68000030517578,36.77000045776367,23.601821899414062,21082000
QCOM,2007-09-11,37.0099983215332,38.060001373291016,36.83000183105469,38.0099983215332,24.39775276184082,17966600
QCOM,2007-09-12,37.849998474121094,38.0,37.40999984741211,37.869998931884766,24.307891845703125,14879600
QCOM,2007-09-13,39.209999084472656,39.599998474121094,37.939998626708984,39.16999816894531,25.142330169677734,38801000
QCOM,2007-09-14,38.779998779296875,39.7400016784668,38.279998779296875,39.43000030517578,25.309215545654297,20088400
QCOM,2007-09-17,39.119998931884766,39.25,38.83000183105469,39.0,25.0332088470459,12286300
QCOM,2007-09-18,39.2400016784668,39.79999923706055,38.720001220703125,39.79999923706055,25.54671859741211,20534300
QCOM,2007-09-19,39.91999816894531,40.2400016784668,39.25,40.040000915527344,25.700759887695312,16994800
QCOM,2007-09-20,40.0099983215332,40.77000045776367,39.900001525878906,40.540000915527344,26.021705627441406,18892000
QCOM,2007-09-21,40.540000915527344,40.95000076293945,39.959999084472656,40.83000183105469,26.207849502563477,29099500
QCOM,2007-09-24,41.0,41.68000030517578,41.0,41.63999938964844,26.727767944335938,16600700
QCOM,2007-09-25,41.290000915527344,41.619998931884766,40.77000045776367,41.54999923706055,26.670001983642578,22633900
QCOM,2007-09-26,41.83000183105469,42.5,41.47999954223633,42.2400016784668,27.112897872924805,17939000
QCOM,2007-09-27,42.540000915527344,43.060001373291016,42.0099983215332,42.22999954223633,27.106473922729492,14006200
QCOM,2007-09-28,42.38999938964844,42.599998474121094,41.939998626708984,42.2599983215332,27.125732421875,16260200
QCOM,2007-10-01,42.04999923706055,42.4900016784668,41.459999084472656,42.09000015258789,27.01660919189453,19091800
QCOM,2007-10-02,42.09000015258789,42.09000015258789,41.08000183105469,41.97999954223633,26.94601058959961,18093900
QCOM,2007-10-03,41.72999954223633,42.52000045776367,41.61000061035156,42.27000045776367,27.13215446472168,12932300
QCOM,2007-10-04,42.310001373291016,42.959999084472656,41.97999954223633,42.779998779296875,27.459518432617188,12359100
QCOM,2007-10-05,43.13999938964844,43.400001525878906,42.29999923706055,43.36000061035156,27.83179473876953,14555900
QCOM,2007-10-08,42.959999084472656,43.150001525878906,42.439998626708984,42.77000045776367,27.453088760375977,14400100
QCOM,2007-10-09,42.779998779296875,42.79999923706055,42.0099983215332,42.650001525878906,27.376060485839844,13592900
QCOM,2007-10-10,42.619998931884766,42.7599983215332,42.060001373291016,42.29999923706055,27.15141487121582,13143900
QCOM,2007-10-11,42.34000015258789,42.38999938964844,41.31999969482422,41.470001220703125,26.61864471435547,21030800
QCOM,2007-10-12,41.689998626708984,42.15999984741211,41.47999954223633,42.15999984741211,27.061552047729492,11322300
QCOM,2007-10-15,41.880001068115234,42.0,41.060001373291016,41.290000915527344,26.503114700317383,14736800
QCOM,2007-10-16,41.189998626708984,41.970001220703125,40.84000015258789,40.84000015258789,26.21426773071289,17943400
QCOM,2007-10-17,41.380001068115234,41.470001220703125,40.400001525878906,41.40999984741211,26.580129623413086,21994300
QCOM,2007-10-18,41.380001068115234,41.88999938964844,40.97999954223633,41.380001068115234,26.56087875366211,17009400
QCOM,2007-10-19,41.2400016784668,41.7400016784668,40.130001068115234,40.310001373291016,25.874067306518555,31004600
QCOM,2007-10-22,40.27000045776367,41.0,40.20000076293945,40.869998931884766,26.233524322509766,13097800
QCOM,2007-10-23,40.400001525878906,41.150001525878906,40.099998474121094,41.130001068115234,26.400415420532227,12114300
QCOM,2007-10-24,40.56999969482422,41.20000076293945,40.04999923706055,41.18000030517578,26.432506561279297,15826200
QCOM,2007-10-25,41.65999984741211,42.0,40.439998626708984,40.790000915527344,26.182174682617188,15620000
QCOM,2007-10-26,41.06999969482422,41.540000915527344,40.27000045776367,41.33000183105469,26.528783798217773,18399700
QCOM,2007-10-29,41.56999969482422,41.9900016784668,41.060001373291016,41.630001068115234,26.721349716186523,13257700
QCOM,2007-10-30,41.27000045776367,41.90999984741211,41.15999984741211,41.779998779296875,26.817623138427734,9486700
QCOM,2007-10-31,41.959999084472656,42.75,41.68000030517578,42.72999954223633,27.427413940429688,15850100
QCOM,2007-11-01,42.2599983215332,42.70000076293945,41.20000076293945,41.290000915527344,26.503114700317383,17843400
QCOM,2007-11-02,41.689998626708984,41.79999923706055,40.9900016784668,41.34000015258789,26.53520393371582,14702900
QCOM,2007-11-05,41.11000061035156,41.70000076293945,40.22999954223633,40.849998474121094,26.220684051513672,14237700
QCOM,2007-11-06,40.88999938964844,41.59000015258789,40.540000915527344,41.560001373291016,26.67641830444336,14703300
QCOM,2007-11-07,41.29999923706055,42.349998474121094,41.099998474121094,41.189998626708984,26.438907623291016,17902000
QCOM,2007-11-08,41.43000030517578,41.95000076293945,39.59000015258789,39.7599983215332,25.521034240722656,29596000
QCOM,2007-11-09,36.83000183105469,38.900001525878906,36.599998474121094,38.099998474121094,24.455522537231445,48796000
QCOM,2007-11-12,38.5099983215332,39.0,37.290000915527344,37.290000915527344,23.935598373413086,32753700
QCOM,2007-11-13,37.599998474121094,39.2400016784668,37.290000915527344,39.15999984741211,25.13591194152832,24835500
QCOM,2007-11-14,40.45000076293945,41.599998474121094,39.97999954223633,40.040000915527344,25.700759887695312,33688200
QCOM,2007-11-15,40.209999084472656,41.400001525878906,40.0,40.810001373291016,26.19500732421875,25080500
QCOM,2007-11-16,41.29999923706055,41.470001220703125,40.40999984741211,41.36000061035156,26.548046112060547,21203100
QCOM,2007-11-19,41.720001220703125,42.33000183105469,41.56999969482422,41.75,26.798364639282227,25074700
QCOM,2007-11-20,41.7599983215332,42.18000030517578,40.25,41.34000015258789,26.53520393371582,21201500
QCOM,2007-11-21,40.970001220703125,41.63999938964844,40.34000015258789,40.459999084472656,25.970346450805664,16237200
QCOM,2007-11-23,40.25,40.720001220703125,40.130001068115234,40.529998779296875,26.015289306640625,6664600
QCOM,2007-11-26,40.5099983215332,40.5099983215332,39.099998474121094,39.18000030517578,25.148746490478516,17468600
QCOM,2007-11-27,39.4900016784668,40.0,39.09000015258789,39.81999969482422,25.559539794921875,19538800
QCOM,2007-11-28,40.56999969482422,42.0,40.470001220703125,41.4900016784668,26.631492614746094,23109600
QCOM,2007-11-29,40.84000015258789,41.47999954223633,40.75,41.41999816894531,26.586557388305664,14781900
QCOM,2007-11-30,41.97999954223633,42.029998779296875,40.33000183105469,40.779998779296875,26.175745010375977,25477500
QCOM,2007-12-03,40.619998931884766,41.150001525878906,39.75,39.959999084472656,25.649423599243164,25831800
QCOM,2007-12-04,39.540000915527344,39.849998474121094,39.25,39.36000061035156,25.264280319213867,15306700
QCOM,2007-12-05,39.7599983215332,40.81999969482422,39.5,40.369998931884766,26.005084991455078,20792000
QCOM,2007-12-06,40.400001525878906,40.56999969482422,39.88999938964844,40.40999984741211,26.030851364135742,10826600
QCOM,2007-12-07,40.27000045776367,40.400001525878906,39.779998779296875,40.119998931884766,25.844039916992188,9470300
QCOM,2007-12-10,40.34000015258789,40.75,40.2400016784668,40.56999969482422,26.133913040161133,12095100
QCOM,2007-12-11,40.540000915527344,41.15999984741211,40.08000183105469,40.18000030517578,25.882692337036133,16536400
QCOM,2007-12-12,40.810001373291016,41.56999969482422,40.27000045776367,41.0099983215332,26.417343139648438,21662700
QCOM,2007-12-13,39.5,40.27000045776367,39.36000061035156,39.86000061035156,25.67654800415039,22227900
QCOM,2007-12-14,39.52000045776367,39.75,39.349998474121094,39.380001068115234,25.36734962463379,14552600
QCOM,2007-12-17,39.25,39.63999938964844,39.04999923706055,39.119998931884766,25.199871063232422,13652100
QCOM,2007-12-18,39.16999816894531,39.5,38.130001068115234,38.720001220703125,24.94219970703125,18637500
QCOM,2007-12-19,38.59000015258789,38.59000015258789,37.75,38.279998779296875,24.658771514892578,19576700
QCOM,2007-12-20,39.119998931884766,39.25,38.11000061035156,39.119998931884766,25.199871063232422,17332700
QCOM,2007-12-21,39.439998626708984,39.959999084472656,39.209999084472656,39.959999084472656,25.740966796875,24921900
QCOM,2007-12-24,39.959999084472656,40.47999954223633,39.70000076293945,40.310001373291016,25.9664249420166,4579700
QCOM,2007-12-26,39.97999954223633,40.439998626708984,39.79999923706055,40.279998779296875,25.947111129760742,5270300
QCOM,2007-12-27,40.130001068115234,40.400001525878906,39.65999984741211,39.68000030517578,25.56060218811035,7925700
QCOM,2007-12-28,39.849998474121094,40.0,39.099998474121094,39.56999969482422,25.489755630493164,8925100
QCOM,2007-12-31,39.2400016784668,39.75,39.04999923706055,39.349998474121094,25.348033905029297,6393000
QCOM,2008-01-02,38.22999954223633,39.79999923706055,38.119998931884766,38.38999938964844,24.729625701904297,28963200
QCOM,2008-01-03,38.27000045776367,38.38999938964844,37.72999954223633,37.900001525878906,24.413986206054688,15127300
QCOM,2008-01-04,37.38999938964844,38.220001220703125,36.900001525878906,37.029998779296875,23.853561401367188,29638500
QCOM,2008-01-07,37.04999923706055,37.310001373291016,35.779998779296875,36.45000076293945,23.479944229125977,27665700
QCOM,2008-01-08,36.459999084472656,37.45000076293945,35.970001220703125,35.9900016784668,23.183622360229492,27124200
QCOM,2008-01-09,36.060001373291016,37.869998931884766,36.0,37.790000915527344,24.34312629699707,27370900
QCOM,2008-01-10,37.540000915527344,38.790000915527344,37.0,37.9900016784668,24.47197151184082,22563300
QCOM,2008-01-11,37.84000015258789,39.06999969482422,37.33000183105469,38.630001068115234,24.88422393798828,32469400
QCOM,2008-01-14,39.099998474121094,40.58000183105469,39.04999923706055,40.0,25.766746520996094,29197700
QCOM,2008-01-15,39.61000061035156,40.0,39.0,39.349998474121094,25.348033905029297,19677400
QCOM,2008-01-16,39.95000076293945,40.27000045776367,39.58000183105469,39.959999084472656,25.740966796875,29029200
QCOM,2008-01-17,40.060001373291016,40.20000076293945,38.900001525878906,39.060001373291016,25.16122817993164,23282800
QCOM,2008-01-18,38.279998779296875,39.7400016784668,38.0,38.349998474121094,24.70384979248047,29243100
QCOM,2008-01-22,37.33000183105469,38.349998474121094,35.16999816894531,36.93000030517578,23.789142608642578,29688500
QCOM,2008-01-23,35.88999938964844,37.59000015258789,35.65999984741211,36.630001068115234,23.595895767211914,40732800
QCOM,2008-01-24,39.380001068115234,40.95000076293945,38.880001068115234,40.40999984741211,26.030851364135742,46049200
QCOM,2008-01-25,40.150001525878906,41.0,39.7400016784668,40.0,25.766746520996094,24946200
QCOM,2008-01-28,39.75,40.68000030517578,39.599998474121094,40.5,26.088830947875977,13363300
QCOM,2008-01-29,40.61000061035156,40.619998931884766,39.84000015258789,40.29999923706055,25.95998764038086,14903800
QCOM,2008-01-30,40.29999923706055,41.060001373291016,39.88999938964844,40.279998779296875,25.947111129760742,16149000
QCOM,2008-01-31,40.439998626708984,42.65999984741211,40.27000045776367,42.41999816894531,27.325632095336914,31506500
QCOM,2008-02-01,42.27000045776367,42.54999923706055,41.52000045776367,42.20000076293945,27.183908462524414,21233700
QCOM,2008-02-04,42.040000915527344,42.5,41.380001068115234,41.849998474121094,26.958438873291016,12059100
QCOM,2008-02-05,41.04999923706055,41.72999954223633,40.56999969482422,40.720001220703125,26.230546951293945,20432600
QCOM,2008-02-06,40.939998626708984,41.0,39.5,39.650001525878906,25.541284561157227,19952800
QCOM,2008-02-07,39.119998931884766,41.470001220703125,38.95000076293945,40.939998626708984,26.372262954711914,29025900
QCOM,2008-02-08,40.56999969482422,41.95000076293945,40.560001373291016,41.91999816894531,27.00354766845703,20466300
QCOM,2008-02-11,41.93000030517578,42.400001525878906,41.65999984741211,41.86000061035156,26.964887619018555,18786600
QCOM,2008-02-12,42.25,42.310001373291016,40.75,40.939998626708984,26.372262954711914,22978800
QCOM,2008-02-13,41.439998626708984,42.349998474121094,41.31999969482422,42.0099983215332,27.0615234375,17547200
QCOM,2008-02-14,41.939998626708984,41.97999954223633,40.7400016784668,40.869998931884766,26.32717514038086,15620700
QCOM,2008-02-15,40.310001373291016,42.27000045776367,40.209999084472656,42.20000076293945,27.183908462524414,21906900
QCOM,2008-02-19,42.54999923706055,43.189998626708984,41.720001220703125,41.95000076293945,27.022871017456055,18927600
QCOM,2008-02-20,42.0,43.4900016784668,41.75,43.369998931884766,27.937583923339844,18768800
QCOM,2008-02-21,43.36000061035156,43.59000015258789,42.13999938964844,42.41999816894531,27.325632095336914,17283500
QCOM,2008-02-22,42.7599983215332,44.849998474121094,42.349998474121094,43.470001220703125,28.002010345458984,25326600
QCOM,2008-02-25,43.369998931884766,44.2599983215332,43.02000045776367,43.720001220703125,28.163042068481445,18324800
QCOM,2008-02-26,43.68000030517578,44.38999938964844,43.119998931884766,43.63999938964844,28.111499786376953,17222600
QCOM,2008-02-27,43.45000076293945,44.220001220703125,43.02000045776367,43.790000915527344,28.298919677734375,14583900
QCOM,2008-02-28,43.400001525878906,43.93000030517578,43.0,43.31999969482422,27.99519157409668,11547800
QCOM,2008-02-29,42.619998931884766,42.900001525878906,42.11000061035156,42.38999938964844,27.394195556640625,19701800
QCOM,2008-03-03,42.0099983215332,42.119998931884766,40.599998474121094,41.119998931884766,26.57344627380371,22835700
QCOM,2008-03-04,40.88999938964844,41.31999969482422,40.34000015258789,41.209999084472656,26.631608963012695,20366500
QCOM,2008-03-05,41.27000045776367,42.11000061035156,40.970001220703125,41.5,26.819026947021484,15091200
QCOM,2008-03-06,41.310001373291016,41.5099983215332,40.290000915527344,40.43000030517578,26.127553939819336,13658400
QCOM,2008-03-07,40.209999084472656,40.689998626708984,39.5,40.2400016784668,26.004764556884766,17413000
QCOM,2008-03-10,40.09000015258789,40.25,39.02000045776367,39.16999816894531,25.31328582763672,16535900
QCOM,2008-03-11,39.540000915527344,39.91999816894531,37.86000061035156,39.41999816894531,25.47484588623047,29063000
QCOM,2008-03-12,40.52000045776367,40.75,39.560001373291016,39.75,25.68810272216797,23217300
QCOM,2008-03-13,39.5,40.52000045776367,38.97999954223633,40.25,26.011213302612305,17828200
QCOM,2008-03-14,40.36000061035156,40.5099983215332,38.72999954223633,39.22999954223633,25.352060317993164,27294200
QCOM,2008-03-17,38.599998474121094,39.58000183105469,38.459999084472656,38.5,24.880306243896484,20573300
QCOM,2008-03-18,39.25,40.189998626708984,38.86000061035156,40.130001068115234,25.933677673339844,17890800
QCOM,2008-03-19,39.5099983215332,39.709999084472656,37.849998474121094,37.849998474121094,24.46024513244629,27989800
QCOM,2008-03-20,38.11000061035156,38.290000915527344,36.90999984741211,38.27000045776367,24.73166275024414,37463300
QCOM,2008-03-24,38.349998474121094,40.06999969482422,38.349998474121094,39.88999938964844,25.77857208251953,19831400
QCOM,2008-03-25,40.54999923706055,41.0,39.79999923706055,40.79999923706055,26.366657257080078,22108900
QCOM,2008-03-26,40.279998779296875,40.630001068115234,39.93000030517578,40.4900016784668,26.166332244873047,14585800
QCOM,2008-03-27,40.29999923706055,40.470001220703125,39.689998626708984,39.720001220703125,25.66872787475586,12823400
QCOM,2008-03-28,40.09000015258789,41.34000015258789,39.869998931884766,40.13999938964844,25.940149307250977,15347400
QCOM,2008-03-31,40.279998779296875,41.189998626708984,39.75,41.0,26.495901107788086,19161800
QCOM,2008-04-01,41.25,42.36000061035156,40.84000015258789,42.220001220703125,27.284313201904297,27579300
QCOM,2008-04-02,42.369998931884766,42.459999084472656,41.439998626708984,41.95000076293945,27.109832763671875,20230500
QCOM,2008-04-03,41.709999084472656,42.34000015258789,41.70000076293945,41.88999938964844,27.071062088012695,15363600
QCOM,2008-04-04,42.09000015258789,42.65999984741211,41.720001220703125,42.04999923706055,27.174457550048828,15688900
QCOM,2008-04-07,42.11000061035156,42.349998474121094,41.5099983215332,41.66999816894531,26.928882598876953,12146600
QCOM,2008-04-08,41.29999923706055,42.27000045776367,41.27000045776367,42.08000183105469,27.1938419342041,14403100
QCOM,2008-04-09,42.08000183105469,42.189998626708984,41.18000030517578,41.5099983215332,26.825502395629883,12227900
QCOM,2008-04-10,41.61000061035156,42.7599983215332,41.5099983215332,42.58000183105469,27.51697540283203,16733400
QCOM,2008-04-11,42.04999923706055,42.369998931884766,41.38999938964844,41.400001525878906,26.75440216064453,15012200
QCOM,2008-04-14,41.22999954223633,41.84000015258789,41.0,41.36000061035156,26.728551864624023,8259300
QCOM,2008-04-15,41.439998626708984,42.0,40.650001525878906,41.189998626708984,26.618696212768555,10834500
QCOM,2008-04-16,41.59000015258789,42.45000076293945,41.56999969482422,42.2599983215332,27.310171127319336,16010200
QCOM,2008-04-17,41.90999984741211,42.220001220703125,41.43000030517578,42.06999969482422,27.187389373779297,13976900
QCOM,2008-04-18,42.59000015258789,43.0,42.20000076293945,42.54999923706055,27.497575759887695,29488700
QCOM,2008-04-21,42.279998779296875,42.70000076293945,42.15999984741211,42.619998931884766,27.542816162109375,16523700
QCOM,2008-04-22,42.439998626708984,42.439998626708984,41.25,41.54999923706055,26.851335525512695,16060500
QCOM,2008-04-23,42.06999969482422,42.310001373291016,41.709999084472656,41.88999938964844,27.071062088012695,18246000
QCOM,2008-04-24,41.869998931884766,43.91999816894531,41.84000015258789,43.15999984741211,27.89179229736328,20446800
QCOM,2008-04-25,43.06999969482422,43.47999954223633,42.459999084472656,43.2400016784668,27.94348907470703,14281500
QCOM,2008-04-28,43.18000030517578,44.0099983215332,43.11000061035156,43.290000915527344,27.975799560546875,14297100
QCOM,2008-04-29,43.220001220703125,43.900001525878906,43.18000030517578,43.7599983215332,28.279529571533203,11307500
QCOM,2008-04-30,43.650001525878906,44.0,43.099998474121094,43.189998626708984,27.91117286682129,15928400
QCOM,2008-05-01,43.20000076293945,44.36000061035156,42.83000183105469,44.36000061035156,28.667280197143555,14911000
QCOM,2008-05-02,44.66999816894531,44.900001525878906,44.0099983215332,44.33000183105469,28.647890090942383,15634700
QCOM,2008-05-05,44.08000183105469,44.369998931884766,43.619998931884766,43.93000030517578,28.389406204223633,9921600
QCOM,2008-05-06,43.77000045776367,44.709999084472656,43.380001068115234,44.54999923706055,28.790077209472656,13544600
QCOM,2008-05-07,44.5099983215332,44.68000030517578,43.470001220703125,43.540000915527344,28.137351989746094,14031000
QCOM,2008-05-08,43.86000061035156,44.61000061035156,43.560001373291016,44.099998474121094,28.499265670776367,12364000
QCOM,2008-05-09,43.400001525878906,44.27000045776367,43.400001525878906,43.720001220703125,28.253694534301758,8393500
QCOM,2008-05-12,43.709999084472656,44.650001525878906,43.470001220703125,44.630001068115234,28.841766357421875,13162700
QCOM,2008-05-13,44.630001068115234,44.779998779296875,43.88999938964844,44.56999969482422,28.802997589111328,13056700
QCOM,2008-05-14,44.790000915527344,45.0,44.040000915527344,44.130001068115234,28.518638610839844,15918300
QCOM,2008-05-15,44.04999923706055,45.040000915527344,44.0099983215332,45.0,29.08087158203125,15732400
QCOM,2008-05-16,45.310001373291016,46.95000076293945,44.95000076293945,46.900001525878906,30.308725357055664,31348300
QCOM,2008-05-19,46.619998931884766,48.36000061035156,46.540000915527344,47.349998474121094,30.599538803100586,29011100
QCOM,2008-05-20,46.93000030517578,47.0099983215332,45.66999816894531,46.060001373291016,29.76589012145996,20302900
QCOM,2008-05-21,46.27000045776367,47.349998474121094,45.9900016784668,46.18000030517578,29.843442916870117,21791300
QCOM,2008-05-22,46.380001068115234,46.45000076293945,45.75,45.869998931884766,29.64310073852539,16485600
QCOM,2008-05-23,45.779998779296875,48.099998474121094,45.75,47.7599983215332,30.864501953125,28220100
QCOM,2008-05-27,48.029998779296875,48.959999084472656,47.400001525878906,48.849998474121094,31.568899154663086,23223200
QCOM,2008-05-28,48.91999816894531,48.939998626708984,48.0099983215332,48.31999969482422,31.328994750976562,16655700
QCOM,2008-05-29,48.369998931884766,49.29999923706055,48.2599983215332,49.220001220703125,31.91254425048828,21431200
QCOM,2008-05-30,49.45000076293945,49.5,48.5,48.540000915527344,31.47165870666504,20200200
QCOM,2008-06-02,48.61000061035156,48.689998626708984,46.97999954223633,47.70000076293945,30.927026748657227,18561100
QCOM,2008-06-03,48.54999923706055,48.54999923706055,46.599998474121094,46.9900016784668,30.466697692871094,22860800
QCOM,2008-06-04,46.65999984741211,48.560001373291016,46.599998474121094,48.45000076293945,31.413297653198242,25562200
QCOM,2008-06-05,48.25,49.38999938964844,47.93000030517578,49.38999938964844,32.02275848388672,23046500
QCOM,2008-06-06,49.029998779296875,49.11000061035156,46.869998931884766,47.13999938964844,30.563941955566406,25267200
QCOM,2008-06-09,47.400001525878906,47.47999954223633,46.29999923706055,47.11000061035156,30.544483184814453,18893500
QCOM,2008-06-10,46.59000015258789,48.099998474121094,46.45000076293945,47.41999816894531,30.745473861694336,19610400
QCOM,2008-06-11,47.279998779296875,47.400001525878906,46.29999923706055,46.310001373291016,30.02579689025879,18079500
QCOM,2008-06-12,47.79999923706055,49.36000061035156,47.220001220703125,48.97999954223633,31.756916046142578,42783200
QCOM,2008-06-13,49.380001068115234,50.0,48.75,49.9900016784668,32.41176986694336,25822200
QCOM,2008-06-16,49.38999938964844,50.18000030517578,49.189998626708984,49.540000915527344,32.12001419067383,21733000
QCOM,2008-06-17,49.779998779296875,49.810001373291016,48.439998626708984,48.630001068115234,31.53001594543457,17363500
QCOM,2008-06-18,48.349998474121094,49.529998779296875,48.04999923706055,49.099998474121094,31.834735870361328,24226000
QCOM,2008-06-19,48.869998931884766,50.81999969482422,48.790000915527344,50.36000061035156,32.65167999267578,25733000
QCOM,2008-06-20,49.849998474121094,49.86000061035156,47.88999938964844,48.529998779296875,31.465158462524414,37479400
QCOM,2008-06-23,48.869998931884766,49.0,47.72999954223633,47.810001373291016,30.99834632873535,15831500
QCOM,2008-06-24,47.52000045776367,47.75,45.790000915527344,46.27000045776367,29.999845504760742,30509900
QCOM,2008-06-25,46.779998779296875,47.779998779296875,46.5099983215332,47.15999984741211,30.576904296875,24585700
QCOM,2008-06-26,46.66999816894531,46.849998474121094,45.09000015258789,45.11000061035156,29.24775505065918,23792400
QCOM,2008-06-27,45.11000061035156,46.08000183105469,44.810001373291016,45.650001525878906,29.597877502441406,26744900
QCOM,2008-06-30,45.709999084472656,45.939998626708984,44.34000015258789,44.369998931884766,28.76796531677246,21945600
QCOM,2008-07-01,44.150001525878906,45.849998474121094,44.150001525878906,45.81999969482422,29.708087921142578,30055100
QCOM,2008-07-02,46.189998626708984,46.63999938964844,45.0099983215332,45.04999923706055,29.208847045898438,23219000
QCOM,2008-07-03,45.54999923706055,45.93000030517578,44.93000030517578,45.04999923706055,29.208847045898438,8972900
QCOM,2008-07-07,45.970001220703125,46.59000015258789,44.75,45.36000061035156,29.409841537475586,20156000
QCOM,2008-07-08,45.439998626708984,47.599998474121094,45.400001525878906,47.54999923706055,30.829753875732422,28476300
QCOM,2008-07-09,47.70000076293945,48.119998931884766,46.529998779296875,46.58000183105469,30.200843811035156,24826300
QCOM,2008-07-10,46.869998931884766,48.380001068115234,46.47999954223633,48.16999816894531,31.231748580932617,26129600
QCOM,2008-07-11,47.61000061035156,49.0,47.220001220703125,48.33000183105469,31.335498809814453,23071100
QCOM,2008-07-14,48.79999923706055,49.2599983215332,47.599998474121094,47.84000015258789,31.017791748046875,25793800
QCOM,2008-07-15,47.63999938964844,48.34000015258789,45.939998626708984,46.900001525878906,30.40833854675293,28348500
QCOM,2008-07-16,46.880001068115234,47.099998474121094,45.90999984741211,46.97999954223633,30.460195541381836,25861900
QCOM,2008-07-17,47.560001373291016,47.959999084472656,45.06999969482422,45.560001373291016,29.539522171020508,31480500
QCOM,2008-07-18,45.400001525878906,45.7400016784668,45.0099983215332,45.189998626708984,29.299636840820312,22396700
QCOM,2008-07-21,45.4900016784668,46.0,44.54999923706055,45.279998779296875,29.357975006103516,14501800
QCOM,2008-07-22,44.849998474121094,45.97999954223633,42.689998626708984,44.099998474121094,28.592918395996094,29561900
QCOM,2008-07-23,43.41999816894531,45.08000183105469,42.75,44.81999969482422,29.059734344482422,44275500
QCOM,2008-07-24,53.5,54.5099983215332,51.599998474121094,52.43000030517578,33.99379348754883,106860800
QCOM,2008-07-25,52.83000183105469,55.04999923706055,52.70000076293945,54.45000076293945,35.30348205566406,34570700
QCOM,2008-07-28,54.40999984741211,55.220001220703125,53.25,53.41999816894531,34.635658264160156,23127200
QCOM,2008-07-29,53.470001220703125,54.970001220703125,53.20000076293945,54.91999816894531,35.60821533203125,21181100
QCOM,2008-07-30,55.060001373291016,55.650001525878906,53.970001220703125,55.63999938964844,36.07504653930664,24541600
QCOM,2008-07-31,55.11000061035156,56.0,54.77000045776367,55.34000015258789,35.88053512573242,21966100
QCOM,2008-08-01,55.4900016784668,55.900001525878906,53.97999954223633,55.470001220703125,35.96481704711914,21655200
QCOM,2008-08-04,54.439998626708984,54.4900016784668,52.45000076293945,52.869998931884766,34.279056549072266,26330900
QCOM,2008-08-05,53.52000045776367,55.75,53.34000015258789,55.72999954223633,36.133399963378906,23779000
QCOM,2008-08-06,55.29999923706055,55.900001525878906,54.790000915527344,55.560001373291016,36.02317810058594,14692600
QCOM,2008-08-07,55.290000915527344,55.88999938964844,54.70000076293945,55.380001068115234,35.906471252441406,14672300
QCOM,2008-08-08,54.38999938964844,56.0,54.209999084472656,55.86000061035156,36.21768569946289,26045000
QCOM,2008-08-11,55.88999938964844,56.0,53.869998931884766,54.41999816894531,35.28404998779297,20973500
QCOM,2008-08-12,54.47999954223633,54.810001373291016,53.810001373291016,54.209999084472656,35.147865295410156,14602200
QCOM,2008-08-13,54.04999923706055,56.02000045776367,53.900001525878906,55.38999938964844,35.91295623779297,17479700
QCOM,2008-08-14,55.04999923706055,56.5,55.0099983215332,56.349998474121094,36.535396575927734,16256500
QCOM,2008-08-15,56.52000045776367,56.880001068115234,55.369998931884766,56.369998931884766,36.54836654663086,18915800
QCOM,2008-08-18,56.439998626708984,56.72999954223633,55.0099983215332,55.34000015258789,35.88053512573242,12256900
QCOM,2008-08-19,55.09000015258789,55.84000015258789,54.40999984741211,54.790000915527344,35.52392578125,10957000
QCOM,2008-08-20,55.04999923706055,55.59000015258789,54.529998779296875,54.95000076293945,35.62766647338867,16899800
QCOM,2008-08-21,54.95000076293945,55.099998474121094,54.119998931884766,54.709999084472656,35.472068786621094,13137600
QCOM,2008-08-22,55.130001068115234,55.7599983215332,54.38999938964844,55.40999984741211,35.92591094970703,8053500
QCOM,2008-08-25,54.86000061035156,55.060001373291016,53.709999084472656,53.880001068115234,34.933929443359375,11772800
QCOM,2008-08-26,53.970001220703125,54.5,52.88999938964844,53.5,34.68753433227539,11598100
QCOM,2008-08-27,53.529998779296875,54.7400016784668,53.0099983215332,54.08000183105469,35.16876220703125,11245200
QCOM,2008-08-28,54.369998931884766,54.4900016784668,53.86000061035156,53.970001220703125,35.09722900390625,9641600
QCOM,2008-08-29,53.16999816894531,53.59000015258789,52.220001220703125,52.650001525878906,34.23883819580078,14512200
QCOM,2008-09-02,53.310001373291016,53.540000915527344,50.88999938964844,51.16999816894531,33.27637481689453,20056700
QCOM,2008-09-03,50.810001373291016,50.810001373291016,48.599998474121094,49.2599983215332,32.03426742553711,29896600
QCOM,2008-09-04,49.040000915527344,50.09000015258789,48.5099983215332,48.540000915527344,31.56605339050293,30974100
QCOM,2008-09-05,47.58000183105469,48.45000076293945,46.7400016784668,47.66999816894531,31.00027847290039,26351600
QCOM,2008-09-08,48.29999923706055,48.56999969482422,46.08000183105469,46.279998779296875,30.096343994140625,32833200
QCOM,2008-09-09,46.41999816894531,46.849998474121094,45.47999954223633,45.61000061035156,29.660648345947266,27672200
QCOM,2008-09-10,46.54999923706055,47.459999084472656,46.25,46.72999954223633,30.388994216918945,26323500
QCOM,2008-09-11,46.4900016784668,49.25,46.40999984741211,49.09000015258789,31.923736572265625,26527600
QCOM,2008-09-12,48.40999984741211,49.0,47.5,47.91999816894531,31.162857055664062,19513000
QCOM,2008-09-15,46.529998779296875,48.290000915527344,46.380001068115234,46.81999969482422,30.447511672973633,20254700
QCOM,2008-09-16,46.54999923706055,48.70000076293945,45.5099983215332,47.91999816894531,31.162857055664062,31298300
QCOM,2008-09-17,46.83000183105469,47.27000045776367,44.939998626708984,44.939998626708984,29.224933624267578,30118500
QCOM,2008-09-18,45.9900016784668,47.5,44.18000030517578,46.70000076293945,30.36948013305664,39321300
QCOM,2008-09-19,48.75,49.25,37.81999969482422,48.7400016784668,31.696109771728516,37686800
QCOM,2008-09-22,48.40999984741211,48.7400016784668,45.7400016784668,45.959999084472656,29.888256072998047,18505500
QCOM,2008-09-23,46.29999923706055,47.56999969482422,45.43000030517578,45.90999984741211,29.855741500854492,20851900
QCOM,2008-09-24,46.11000061035156,46.459999084472656,44.52000045776367,45.290000915527344,29.452550888061523,19089900
QCOM,2008-09-25,45.91999816894531,47.22999954223633,45.33000183105469,46.540000915527344,30.265432357788086,16771700
QCOM,2008-09-26,45.4900016784668,46.2400016784668,44.83000183105469,45.84000015258789,29.810195922851562,21144100
QCOM,2008-09-29,45.0,45.56999969482422,38.0,39.880001068115234,25.934375762939453,50886600
QCOM,2008-09-30,41.04999923706055,43.16999816894531,40.720001220703125,42.970001220703125,27.943824768066406,29727700
QCOM,2008-10-01,42.790000915527344,42.790000915527344,40.5,41.52000045776367,27.000877380371094,21609000
QCOM,2008-10-02,41.209999084472656,41.540000915527344,39.560001373291016,40.56999969482422,26.38307762145996,27523500
QCOM,2008-10-03,40.56999969482422,43.2400016784668,40.5,40.869998931884766,26.578168869018555,29484800
QCOM,2008-10-06,39.79999923706055,40.7599983215332,37.7400016784668,40.22999954223633,26.16197967529297,34690200
QCOM,2008-10-07,40.560001373291016,42.04999923706055,38.939998626708984,39.18000030517578,25.479148864746094,32704800
QCOM,2008-10-08,38.54999923706055,43.13999938964844,38.31999969482422,41.06999969482422,26.708229064941406,40195400
QCOM,2008-10-09,41.900001525878906,43.08000183105469,39.029998779296875,39.68000030517578,25.804298400878906,34036700
QCOM,2008-10-10,38.959999084472656,42.45000076293945,36.02000045776367,38.97999954223633,25.34908676147461,47317600
QCOM,2008-10-13,40.529998779296875,42.4900016784668,38.52000045776367,42.29999923706055,27.508119583129883,29271300
QCOM,2008-10-14,42.880001068115234,43.099998474121094,39.369998931884766,40.31999969482422,26.22049903869629,28862700
QCOM,2008-10-15,39.61000061035156,40.04999923706055,36.130001068115234,36.310001373291016,23.612768173217773,30817000
QCOM,2008-10-16,37.380001068115234,39.130001068115234,35.709999084472656,38.88999938964844,25.290555953979492,37436900
QCOM,2008-10-17,37.66999816894531,40.81999969482422,37.650001525878906,39.75,25.849821090698242,33885400
QCOM,2008-10-20,40.060001373291016,40.5,37.5,40.290000915527344,26.20098876953125,27327100
QCOM,2008-10-21,39.34000015258789,39.5,36.36000061035156,36.630001068115234,23.820863723754883,32346400
QCOM,2008-10-22,36.869998931884766,37.959999084472656,34.79999923706055,35.63999938964844,23.17705726623535,30380700
QCOM,2008-10-23,35.290000915527344,36.77000045776367,33.36000061035156,35.27000045776367,22.936437606811523,30951900
QCOM,2008-10-24,32.25,35.849998474121094,32.209999084472656,34.9900016784668,22.75436019897461,26030700
QCOM,2008-10-27,34.2400016784668,36.16999816894531,33.849998474121094,33.97999954223633,22.097536087036133,19371600
QCOM,2008-10-28,35.29999923706055,39.060001373291016,34.119998931884766,38.90999984741211,25.30356788635254,28061900
QCOM,2008-10-29,38.52000045776367,40.08000183105469,37.2400016784668,37.91999816894531,24.659757614135742,25847300
QCOM,2008-10-30,39.400001525878906,39.95000076293945,38.08000183105469,39.720001220703125,25.830322265625,21726500
QCOM,2008-10-31,39.470001220703125,39.54999923706055,37.70000076293945,38.2599983215332,24.880859375,26963100
QCOM,2008-11-03,38.209999084472656,38.2599983215332,36.310001373291016,37.20000076293945,24.191547393798828,18155000
QCOM,2008-11-04,37.83000183105469,38.880001068115234,36.58000183105469,37.959999084472656,24.68577003479004,24621100
QCOM,2008-11-05,37.61000061035156,37.630001068115234,34.720001220703125,35.16999816894531,22.871402740478516,29314300
QCOM,2008-11-06,33.9900016784668,35.06999969482422,32.970001220703125,33.04999923706055,21.49274444580078,42323500
QCOM,2008-11-07,34.310001373291016,36.439998626708984,34.06999969482422,35.65999984741211,23.190061569213867,38821700
QCOM,2008-11-10,36.11000061035156,36.56999969482422,34.77000045776367,35.310001373291016,22.96245765686035,20949900
QCOM,2008-11-11,34.95000076293945,36.130001068115234,34.790000915527344,35.06999969482422,22.80636978149414,24321900
QCOM,2008-11-12,34.4900016784668,34.540000915527344,32.45000076293945,32.56999969482422,21.18059730529785,27448500
QCOM,2008-11-13,32.630001068115234,34.97999954223633,30.81999969482422,34.81999969482422,22.643796920776367,29353600
QCOM,2008-11-14,33.220001220703125,34.599998474121094,32.29999923706055,32.939998626708984,21.42121124267578,24136000
QCOM,2008-11-17,32.22999954223633,32.75,31.549999237060547,31.649999618530273,20.582313537597656,21562400
QCOM,2008-11-18,31.8700008392334,32.0,29.979999542236328,31.809999465942383,20.686368942260742,26651400
QCOM,2008-11-19,31.469999313354492,32.66999816894531,30.0,30.010000228881836,19.515811920166016,22186800
QCOM,2008-11-20,29.760000228881836,31.610000610351562,29.079999923706055,29.209999084472656,18.99555015563965,35930600
QCOM,2008-11-21,29.770000457763672,30.200000762939453,28.15999984741211,30.170000076293945,19.619853973388672,36280100
QCOM,2008-11-24,31.0,33.16999816894531,30.649999618530273,32.81999969482422,21.343175888061523,26755500
QCOM,2008-11-25,33.439998626708984,33.5,31.040000915527344,32.689998626708984,21.258630752563477,21889000
QCOM,2008-11-26,32.13999938964844,33.45000076293945,32.0,33.45000076293945,21.752878189086914,16502600
QCOM,2008-11-28,33.220001220703125,33.599998474121094,32.83000183105469,33.56999969482422,21.830904006958008,6553700
QCOM,2008-12-01,32.66999816894531,32.720001220703125,29.90999984741211,29.959999084472656,19.483287811279297,20584000
QCOM,2008-12-02,30.790000915527344,31.239999771118164,29.889999389648438,30.540000915527344,19.86046600341797,20637300
QCOM,2008-12-03,29.600000381469727,30.56999969482422,29.510000228881836,30.299999237060547,19.704397201538086,25503400
QCOM,2008-12-04,29.979999542236328,31.170000076293945,29.600000381469727,30.079999923706055,19.561325073242188,21984900
QCOM,2008-12-05,29.989999771118164,32.0,29.34000015258789,31.899999618530273,20.744890213012695,27007500
QCOM,2008-12-08,32.310001373291016,34.11000061035156,32.16999816894531,33.529998779296875,21.80489730834961,29331600
QCOM,2008-12-09,32.91999816894531,34.36000061035156,32.41999816894531,33.47999954223633,21.876773834228516,20545700
QCOM,2008-12-10,34.11000061035156,34.95000076293945,33.599998474121094,34.470001220703125,22.52367401123047,20765400
QCOM,2008-12-11,33.959999084472656,34.4900016784668,32.38999938964844,32.59000015258789,21.29521942138672,19825700
QCOM,2008-12-12,31.780000686645508,34.290000915527344,31.690000534057617,33.91999816894531,22.16427993774414,19727500
QCOM,2008-12-15,33.900001525878906,34.400001525878906,32.869998931884766,33.810001373291016,22.092405319213867,18018200
QCOM,2008-12-16,34.06999969482422,36.380001068115234,34.040000915527344,36.060001373291016,23.56261444091797,27979900
QCOM,2008-12-17,35.65999984741211,36.25,34.75,35.099998474121094,22.93532371520996,19988900
QCOM,2008-12-18,34.869998931884766,34.959999084472656,33.84000015258789,34.119998931884766,22.29496955871582,17718600
QCOM,2008-12-19,34.45000076293945,35.099998474121094,34.279998779296875,35.029998779296875,22.889583587646484,23157000
QCOM,2008-12-22,34.90999984741211,34.9900016784668,33.81999969482422,34.810001373291016,22.745834350585938,16026400
QCOM,2008-12-23,34.5,34.95000076293945,34.0,34.18000030517578,22.33416748046875,14039100
QCOM,2008-12-24,34.060001373291016,34.59000015258789,33.77000045776367,34.15999984741211,22.321107864379883,5426800
QCOM,2008-12-26,33.880001068115234,34.56999969482422,33.880001068115234,34.43000030517578,22.497535705566406,8277700
QCOM,2008-12-29,34.43000030517578,34.86000061035156,33.63999938964844,34.099998474121094,22.281898498535156,13043300
QCOM,2008-12-30,34.20000076293945,35.099998474121094,34.0,34.939998626708984,22.83077621459961,12049900
QCOM,2008-12-31,34.9900016784668,36.29999923706055,34.90999984741211,35.83000183105469,23.412322998046875,15051800
QCOM,2009-01-02,35.650001525878906,37.130001068115234,35.349998474121094,37.04999923706055,24.209516525268555,14756600
QCOM,2009-01-05,36.599998474121094,36.900001525878906,36.04999923706055,36.45000076293945,23.81745719909668,16601600
QCOM,2009-01-06,36.900001525878906,37.709999084472656,36.349998474121094,37.150001525878906,24.274866104125977,16507800
QCOM,2009-01-07,36.5,36.68000030517578,35.119998931884766,35.54999923706055,23.229372024536133,16718900
QCOM,2009-01-08,35.369998931884766,35.59000015258789,34.4900016784668,35.279998779296875,23.052942276000977,16352300
QCOM,2009-01-09,35.54999923706055,35.90999984741211,33.5099983215332,35.0,22.869985580444336,15970000
QCOM,2009-01-12,34.9900016784668,35.52000045776367,34.33000183105469,34.86000061035156,22.778501510620117,13900700
QCOM,2009-01-13,34.959999084472656,35.79999923706055,34.5099983215332,35.13999938964844,22.961462020874023,16203600
QCOM,2009-01-14,34.279998779296875,34.869998931884766,33.59000015258789,33.7599983215332,22.05973243713379,15782900
QCOM,2009-01-15,33.529998779296875,35.18000030517578,33.290000915527344,34.79999923706055,22.739299774169922,22940100
QCOM,2009-01-16,35.349998474121094,36.380001068115234,34.90999984741211,36.02000045776367,23.53647804260254,29298500
QCOM,2009-01-20,35.709999084472656,36.099998474121094,34.09000015258789,34.13999938964844,22.308040618896484,21074100
QCOM,2009-01-21,34.84000015258789,35.869998931884766,34.66999816894531,35.869998931884766,23.43846893310547,20421800
QCOM,2009-01-22,34.599998474121094,36.779998779296875,34.599998474121094,36.060001373291016,23.56261444091797,27819500
QCOM,2009-01-23,35.5,37.209999084472656,35.439998626708984,36.56999969482422,23.895854949951172,24189900
QCOM,2009-01-26,36.2599983215332,37.02000045776367,35.86000061035156,36.58000183105469,23.902400970458984,22296100
QCOM,2009-01-27,36.68000030517578,36.81999969482422,35.22999954223633,35.630001068115234,23.28165054321289,24662800
QCOM,2009-01-28,36.08000183105469,37.06999969482422,36.0,36.81999969482422,24.059221267700195,30818500
QCOM,2009-01-29,34.400001525878906,35.18000030517578,33.77000045776367,35.130001068115234,22.954925537109375,40280000
QCOM,2009-01-30,34.84000015258789,35.060001373291016,34.33000183105469,34.54999923706055,22.575942993164062,20790900
QCOM,2009-02-02,34.15999984741211,35.59000015258789,33.81999969482422,35.290000915527344,23.059484481811523,18521700
QCOM,2009-02-03,34.66999816894531,35.060001373291016,33.369998931884766,34.220001220703125,22.360313415527344,32477900
QCOM,2009-02-04,34.29999923706055,34.95000076293945,33.68000030517578,33.83000183105469,22.1054744720459,20389700
QCOM,2009-02-05,33.56999969482422,35.43000030517578,33.060001373291016,35.040000915527344,22.8961181640625,30422000
QCOM,2009-02-06,35.2599983215332,36.630001068115234,34.619998931884766,36.31999969482422,23.732511520385742,27404600
QCOM,2009-02-09,36.2400016784668,36.900001525878906,36.0,36.650001525878906,23.94814109802246,16853600
QCOM,2009-02-10,36.2599983215332,36.650001525878906,34.689998626708984,35.02000045776367,22.883056640625,24623000
QCOM,2009-02-11,34.790000915527344,35.560001373291016,33.91999816894531,34.61000061035156,22.615148544311523,21463000
QCOM,2009-02-12,34.25,35.79999923706055,34.130001068115234,35.540000915527344,23.22283935546875,26075000
QCOM,2009-02-13,35.349998474121094,36.369998931884766,35.349998474121094,35.68000030517578,23.314313888549805,18238700
QCOM,2009-02-17,35.20000076293945,35.540000915527344,34.099998474121094,34.720001220703125,22.68702507019043,22286800
QCOM,2009-02-18,35.0,35.18000030517578,34.0,34.31999969482422,22.425657272338867,23205400
QCOM,2009-02-19,34.70000076293945,35.09000015258789,33.779998779296875,33.84000015258789,22.112010955810547,20371600
QCOM,2009-02-20,33.5099983215332,34.560001373291016,33.43000030517578,34.06999969482422,22.26230812072754,22740400
QCOM,2009-02-23,33.83000183105469,34.25,32.66999816894531,32.779998779296875,21.419370651245117,20273700
QCOM,2009-02-24,33.16999816894531,34.709999084472656,33.060001373291016,34.4900016784668,22.5367374420166,25690400
QCOM,2009-02-25,34.09000015258789,34.72999954223633,33.11000061035156,33.93000030517578,22.27414894104004,21050600
QCOM,2009-02-26,34.2599983215332,35.369998931884766,33.56999969482422,33.65999984741211,22.096899032592773,24745800
QCOM,2009-02-27,33.38999938964844,34.209999084472656,33.31999969482422,33.43000030517578,21.945903778076172,25019800
QCOM,2009-03-02,32.93000030517578,33.779998779296875,32.63999938964844,32.790000915527344,21.5257625579834,22922500
QCOM,2009-03-03,33.45000076293945,34.130001068115234,32.91999816894531,33.45000076293945,21.959041595458984,24766800
QCOM,2009-03-04,34.130001068115234,35.2599983215332,33.880001068115234,34.7400016784668,22.805891036987305,25827000
QCOM,2009-03-05,34.54999923706055,35.45000076293945,34.5,34.630001068115234,22.733675003051758,27301300
QCOM,2009-03-06,34.7400016784668,35.06999969482422,32.66999816894531,33.630001068115234,22.07720375061035,33408800
QCOM,2009-03-09,33.29999923706055,34.58000183105469,32.83000183105469,33.0,21.663631439208984,22845300
QCOM,2009-03-10,33.5,35.38999938964844,33.369998931884766,35.36000061035156,23.212900161743164,33440400
QCOM,2009-03-11,35.40999984741211,35.7400016784668,34.54999923706055,35.349998474121094,23.20633888244629,23658500
QCOM,2009-03-12,35.45000076293945,36.970001220703125,35.33000183105469,36.790000915527344,24.151662826538086,27304400
QCOM,2009-03-13,36.630001068115234,36.83000183105469,35.91999816894531,36.75,24.125404357910156,17724000
QCOM,2009-03-16,36.880001068115234,36.959999084472656,35.7400016784668,35.84000015258789,23.528013229370117,15483800
QCOM,2009-03-17,36.29999923706055,37.36000061035156,35.9900016784668,37.310001373291016,24.49302864074707,20393000
QCOM,2009-03-18,36.75,38.599998474121094,36.72999954223633,37.95000076293945,24.913175582885742,26388400
QCOM,2009-03-19,38.060001373291016,38.279998779296875,37.40999984741211,37.63999938964844,24.70965576171875,25166300
QCOM,2009-03-20,37.650001525878906,38.04999923706055,36.650001525878906,37.060001373291016,24.32891082763672,27983000
QCOM,2009-03-23,37.84000015258789,39.029998779296875,37.5,38.81999969482422,25.484310150146484,22472300
QCOM,2009-03-24,38.439998626708984,38.58000183105469,37.7599983215332,38.029998779296875,24.96568489074707,18068600
QCOM,2009-03-25,38.130001068115234,38.97999954223633,37.369998931884766,38.5,25.274234771728516,24416600
QCOM,2009-03-26,38.779998779296875,39.70000076293945,38.709999084472656,39.540000915527344,25.956960678100586,23676300
QCOM,2009-03-27,39.08000183105469,39.41999816894531,38.61000061035156,38.939998626708984,25.563074111938477,15805000
QCOM,2009-03-30,38.130001068115234,38.56999969482422,37.31999969482422,37.869998931884766,24.86065673828125,18252500
QCOM,2009-03-31,38.4900016784668,39.619998931884766,38.2400016784668,38.90999984741211,25.543378829956055,27691200
QCOM,2009-04-01,38.27000045776367,39.7599983215332,38.060001373291016,39.68000030517578,26.04886817932129,20333000
QCOM,2009-04-02,39.95000076293945,41.529998779296875,39.720001220703125,41.310001373291016,27.118946075439453,34497000
QCOM,2009-04-03,41.47999954223633,41.47999954223633,40.630001068115234,41.189998626708984,27.040142059326172,18373700
QCOM,2009-04-06,40.45000076293945,40.68000030517578,39.66999816894531,40.65999984741211,26.69222068786621,16877900
QCOM,2009-04-07,40.13999938964844,40.27000045776367,39.0099983215332,39.36000061035156,25.838804244995117,16011600
QCOM,2009-04-08,39.88999938964844,40.5099983215332,39.529998779296875,40.220001220703125,26.40336799621582,16422300
QCOM,2009-04-09,40.77000045776367,42.0,40.689998626708984,41.650001525878906,27.342126846313477,21033400
QCOM,2009-04-13,40.939998626708984,41.13999938964844,40.52000045776367,40.880001068115234,26.836639404296875,13082000
QCOM,2009-04-14,40.790000915527344,41.15999984741211,40.38999938964844,40.79999923706055,26.784114837646484,15840400
QCOM,2009-04-15,40.31999969482422,40.95000076293945,40.119998931884766,40.900001525878906,26.84975814819336,15440100
QCOM,2009-04-16,41.209999084472656,41.709999084472656,40.75,41.63999938964844,27.335554122924805,19057100
QCOM,2009-04-17,41.61000061035156,41.7599983215332,40.7400016784668,40.97999954223633,26.90228843688965,20677000
QCOM,2009-04-20,40.11000061035156,40.459999084472656,39.27000045776367,39.630001068115234,26.016048431396484,18013500
QCOM,2009-04-21,39.619998931884766,40.34000015258789,39.279998779296875,40.27000045776367,26.43619155883789,18350600
QCOM,2009-04-22,39.90999984741211,41.099998474121094,39.849998474121094,40.119998931884766,26.33770751953125,24932500
QCOM,2009-04-23,41.11000061035156,41.2599983215332,39.709999084472656,40.72999954223633,26.738162994384766,22301000
QCOM,2009-04-24,40.84000015258789,41.619998931884766,40.0099983215332,41.36000061035156,27.151742935180664,18937200
QCOM,2009-04-27,42.349998474121094,44.59000015258789,42.29999923706055,43.16999816894531,28.339967727661133,38182100
QCOM,2009-04-28,42.630001068115234,43.529998779296875,42.06999969482422,42.2400016784668,27.729448318481445,17556000
QCOM,2009-04-29,42.58000183105469,43.560001373291016,42.0,43.08000183105469,28.280885696411133,17932600
QCOM,2009-04-30,43.34000015258789,43.560001373291016,41.720001220703125,42.31999969482422,27.781963348388672,22733500
QCOM,2009-05-01,42.310001373291016,42.7599983215332,41.4900016784668,42.65999984741211,28.005165100097656,14351600
QCOM,2009-05-04,42.959999084472656,43.95000076293945,42.83000183105469,43.349998474121094,28.458139419555664,16111500
QCOM,2009-05-05,43.47999954223633,43.59000015258789,42.66999816894531,43.4900016784668,28.55002784729004,15643800
QCOM,2009-05-06,43.88999938964844,44.209999084472656,42.81999969482422,43.72999954223633,28.707584381103516,16793600
QCOM,2009-05-07,43.75,44.18000030517578,41.709999084472656,42.34000015258789,27.795087814331055,19988700
QCOM,2009-05-08,42.83000183105469,43.11000061035156,41.31999969482422,41.790000915527344,27.43402099609375,19262800
QCOM,2009-05-11,41.599998474121094,42.52000045776367,40.810001373291016,41.91999816894531,27.519371032714844,12694800
QCOM,2009-05-12,41.95000076293945,42.2400016784668,40.41999816894531,40.93000030517578,26.869468688964844,16794600
QCOM,2009-05-13,40.54999923706055,40.68000030517578,39.849998474121094,39.91999816894531,26.20641326904297,19149500
QCOM,2009-05-14,40.209999084472656,40.86000061035156,40.029998779296875,40.529998779296875,26.60686683654785,13919400
QCOM,2009-05-15,40.349998474121094,41.15999984741211,40.20000076293945,40.720001220703125,26.731609344482422,14971800
QCOM,2009-05-18,41.08000183105469,42.18000030517578,40.93000030517578,41.9900016784668,27.56532096862793,16000800
QCOM,2009-05-19,41.75,42.7599983215332,41.25,42.34000015258789,27.795087814331055,14572400
QCOM,2009-05-20,42.56999969482422,43.20000076293945,41.79999923706055,42.56999969482422,27.946088790893555,14100000
QCOM,2009-05-21,41.9900016784668,42.56999969482422,40.9900016784668,41.689998626708984,27.368385314941406,16613600
QCOM,2009-05-22,41.650001525878906,42.09000015258789,41.20000076293945,41.310001373291016,27.118946075439453,11479000
QCOM,2009-05-26,40.72999954223633,43.560001373291016,40.709999084472656,43.290000915527344,28.418739318847656,20202000
QCOM,2009-05-27,43.20000076293945,43.68000030517578,42.20000076293945,42.43000030517578,27.96399688720703,21180500
QCOM,2009-05-28,42.900001525878906,43.20000076293945,41.77000045776367,42.95000076293945,28.306703567504883,13887800
QCOM,2009-05-29,43.310001373291016,43.650001525878906,42.43000030517578,43.59000015258789,28.72850799560547,15805100
QCOM,2009-06-01,44.099998474121094,44.75,43.40999984741211,44.400001525878906,29.2623348236084,17425400
QCOM,2009-06-02,43.90999984741211,44.5,43.58000183105469,43.90999984741211,28.93939781188965,13659700
QCOM,2009-06-03,43.90999984741211,43.90999984741211,42.849998474121094,43.58000183105469,28.721899032592773,22991000
QCOM,2009-06-04,43.75,45.439998626708984,43.650001525878906,45.290000915527344,29.84890365600586,20563200
QCOM,2009-06-05,45.52000045776367,45.689998626708984,44.880001068115234,45.400001525878906,29.921396255493164,16203400
QCOM,2009-06-08,44.900001525878906,45.709999084472656,44.400001525878906,45.369998931884766,29.90163230895996,12900300
QCOM,2009-06-09,45.869998931884766,46.31999969482422,45.130001068115234,46.029998779296875,30.33660125732422,14891200
QCOM,2009-06-10,46.20000076293945,46.470001220703125,45.400001525878906,46.06999969482422,30.36294937133789,13687600
QCOM,2009-06-11,45.13999938964844,46.459999084472656,44.93000030517578,45.97999954223633,30.303661346435547,25319500
QCOM,2009-06-12,46.13999938964844,46.38999938964844,45.08000183105469,46.04999923706055,30.34978675842285,13901200
QCOM,2009-06-15,45.310001373291016,45.349998474121094,43.72999954223633,44.310001373291016,29.203006744384766,19721800
QCOM,2009-06-16,44.040000915527344,44.5099983215332,43.45000076293945,43.45000076293945,28.6362361907959,17871200
QCOM,2009-06-17,44.439998626708984,45.349998474121094,43.9900016784668,45.09000015258789,29.717084884643555,27049800
QCOM,2009-06-18,45.02000045776367,45.65999984741211,44.34000015258789,45.279998779296875,29.842313766479492,18875000
QCOM,2009-06-19,45.40999984741211,46.0,45.150001525878906,46.0,30.316835403442383,22336800
QCOM,2009-06-22,45.459999084472656,45.75,44.2599983215332,44.400001525878906,29.2623348236084,19886300
QCOM,2009-06-23,44.41999816894531,44.779998779296875,43.31999969482422,44.4900016784668,29.3216609954834,21305900
QCOM,2009-06-24,44.650001525878906,45.41999816894531,44.2599983215332,45.27000045776367,29.835725784301758,19722300
QCOM,2009-06-25,45.130001068115234,46.70000076293945,44.959999084472656,46.34000015258789,30.54092788696289,18790400
QCOM,2009-06-26,46.099998474121094,46.72999954223633,45.790000915527344,46.189998626708984,30.44207000732422,18394600
QCOM,2009-06-29,45.90999984741211,46.439998626708984,45.400001525878906,46.09000015258789,30.376150131225586,12572300
QCOM,2009-06-30,45.900001525878906,46.0,45.0099983215332,45.20000076293945,29.78960609436035,16604900
QCOM,2009-07-01,45.369998931884766,45.59000015258789,44.91999816894531,45.15999984741211,29.76321792602539,12686700
QCOM,2009-07-02,44.86000061035156,45.13999938964844,44.220001220703125,44.68000030517578,29.44687271118164,12659400
QCOM,2009-07-06,44.22999954223633,45.34000015258789,43.880001068115234,45.20000076293945,29.78960609436035,16580700
QCOM,2009-07-07,45.20000076293945,45.33000183105469,43.52000045776367,43.68000030517578,28.787818908691406,19433000
QCOM,2009-07-08,43.470001220703125,43.90999984741211,43.060001373291016,43.54999923706055,28.70214080810547,16496200
QCOM,2009-07-09,43.650001525878906,43.7599983215332,43.0,43.060001373291016,28.379194259643555,15676200
QCOM,2009-07-10,43.130001068115234,43.599998474121094,42.79999923706055,43.439998626708984,28.629642486572266,10338700
QCOM,2009-07-13,43.720001220703125,44.31999969482422,42.66999816894531,44.310001373291016,29.203006744384766,15653400
QCOM,2009-07-14,44.2599983215332,44.84000015258789,43.95000076293945,44.650001525878906,29.42711067199707,11370300
QCOM,2009-07-15,45.09000015258789,46.150001525878906,44.75,46.060001373291016,30.35637855529785,19696300
QCOM,2009-07-16,45.93000030517578,46.84000015258789,45.7599983215332,46.720001220703125,30.79134750366211,17450900
QCOM,2009-07-17,46.88999938964844,47.61000061035156,46.25,47.400001525878906,31.239521026611328,23154400
QCOM,2009-07-20,47.470001220703125,47.4900016784668,46.38999938964844,47.029998779296875,30.99567413330078,18371700
QCOM,2009-07-21,47.02000045776367,48.0,46.36000061035156,47.97999954223633,31.621780395507812,21631600
QCOM,2009-07-22,47.790000915527344,48.720001220703125,47.45000076293945,48.45000076293945,31.931537628173828,25564800
QCOM,2009-07-23,46.34000015258789,47.45000076293945,46.0,47.400001525878906,31.239521026611328,40704900
QCOM,2009-07-24,47.099998474121094,47.599998474121094,46.65999984741211,47.349998474121094,31.206560134887695,13586600
QCOM,2009-07-27,46.970001220703125,47.349998474121094,46.15999984741211,46.47999954223633,30.63318634033203,15153300
QCOM,2009-07-28,46.34000015258789,46.52000045776367,45.95000076293945,46.36000061035156,30.554100036621094,15059600
QCOM,2009-07-29,46.0099983215332,46.5,45.79999923706055,46.25,30.481609344482422,11081000
QCOM,2009-07-30,46.70000076293945,47.45000076293945,46.380001068115234,46.52000045776367,30.65956687927246,15013700
QCOM,2009-07-31,46.2599983215332,46.849998474121094,46.040000915527344,46.209999084472656,30.45523452758789,13433700
QCOM,2009-08-03,46.66999816894531,47.15999984741211,46.310001373291016,46.970001220703125,30.95612335205078,11902600
QCOM,2009-08-04,46.810001373291016,46.849998474121094,45.959999084472656,46.310001373291016,30.521146774291992,13239600
QCOM,2009-08-05,46.220001220703125,46.38999938964844,45.310001373291016,45.810001373291016,30.191612243652344,12777800
QCOM,2009-08-06,45.900001525878906,45.970001220703125,45.290000915527344,45.599998474121094,30.053203582763672,11257800
QCOM,2009-08-07,46.06999969482422,46.43000030517578,45.849998474121094,45.970001220703125,30.29706573486328,11958300
QCOM,2009-08-10,45.56999969482422,46.06999969482422,45.470001220703125,45.7400016784668,30.14548110961914,9914700
QCOM,2009-08-11,45.61000061035156,46.13999938964844,45.380001068115234,45.400001525878906,29.921396255493164,14612400
QCOM,2009-08-12,45.41999816894531,46.970001220703125,45.40999984741211,46.369998931884766,30.560691833496094,15555500
QCOM,2009-08-13,46.5099983215332,46.88999938964844,46.099998474121094,46.58000183105469,30.699092864990234,11200300
QCOM,2009-08-14,46.52000045776367,46.52000045776367,45.4900016784668,46.130001068115234,30.40250587463379,11838100
QCOM,2009-08-17,45.470001220703125,45.689998626708984,44.86000061035156,44.95000076293945,29.62483024597168,13715200
QCOM,2009-08-18,45.040000915527344,45.29999923706055,44.63999938964844,45.150001525878906,29.756641387939453,14128300
QCOM,2009-08-19,44.849998474121094,45.88999938964844,44.65999984741211,45.720001220703125,30.132293701171875,11224100
QCOM,2009-08-20,45.79999923706055,47.29999923706055,45.75,47.09000015258789,31.03521728515625,18917400
QCOM,2009-08-21,47.470001220703125,47.4900016784668,46.630001068115234,47.290000915527344,31.167028427124023,20702400
QCOM,2009-08-24,46.86000061035156,47.5,46.86000061035156,47.40999984741211,31.246112823486328,11622100
QCOM,2009-08-25,47.27000045776367,47.849998474121094,46.880001068115234,46.9900016784668,30.969308853149414,21489900
QCOM,2009-08-26,46.9900016784668,47.779998779296875,46.7599983215332,47.529998779296875,31.438941955566406,14478300
QCOM,2009-08-27,47.380001068115234,47.56999969482422,46.79999923706055,47.25,31.253742218017578,10719700
QCOM,2009-08-28,47.72999954223633,48.20000076293945,46.939998626708984,47.220001220703125,31.2338924407959,11981100
QCOM,2009-08-31,47.0,47.0,45.9900016784668,46.41999816894531,30.704734802246094,15871600
QCOM,2009-09-01,46.040000915527344,46.720001220703125,45.04999923706055,45.349998474121094,29.996965408325195,19279500
QCOM,2009-09-02,45.0,45.810001373291016,44.68000030517578,45.41999816894531,30.043258666992188,14383600
QCOM,2009-09-03,45.20000076293945,45.29999923706055,44.130001068115234,45.02000045776367,29.778697967529297,31352700
QCOM,2009-09-04,45.029998779296875,45.970001220703125,44.75,45.720001220703125,30.241701126098633,14684900
QCOM,2009-09-08,45.900001525878906,46.040000915527344,45.5099983215332,46.02000045776367,30.440139770507812,15377600
QCOM,2009-09-09,45.77000045776367,46.540000915527344,45.209999084472656,46.220001220703125,30.57243537902832,22253000
QCOM,2009-09-10,46.13999938964844,46.75,45.88999938964844,46.650001525878906,30.856868743896484,14269700
QCOM,2009-09-11,46.650001525878906,46.709999084472656,45.91999816894531,46.61000061035156,30.830398559570312,10466300
QCOM,2009-09-14,46.15999984741211,46.47999954223633,45.79999923706055,46.22999954223633,30.579051971435547,11977800
QCOM,2009-09-15,46.0,46.130001068115234,45.63999938964844,45.75,30.261545181274414,15419600
QCOM,2009-09-16,45.84000015258789,45.93000030517578,44.939998626708984,45.709999084472656,30.235082626342773,20764900
QCOM,2009-09-17,45.5,45.650001525878906,44.869998931884766,45.02000045776367,29.778697967529297,17542300
QCOM,2009-09-18,45.349998474121094,45.38999938964844,44.0,44.459999084472656,29.408266067504883,30873500
QCOM,2009-09-21,44.040000915527344,44.9900016784668,44.0099983215332,44.869998931884766,29.679475784301758,14616500
QCOM,2009-09-22,44.9900016784668,44.9900016784668,44.33000183105469,44.59000015258789,29.4942684173584,14733400
QCOM,2009-09-23,44.599998474121094,44.90999984741211,44.18000030517578,44.22999954223633,29.25614356994629,17875800
QCOM,2009-09-24,44.41999816894531,44.86000061035156,44.18000030517578,44.65999984741211,29.540569305419922,19006700
QCOM,2009-09-25,44.470001220703125,45.130001068115234,44.29999923706055,44.70000076293945,29.567026138305664,19489800
QCOM,2009-09-28,45.13999938964844,46.349998474121094,45.02000045776367,45.970001220703125,30.407068252563477,18495300
QCOM,2009-09-29,45.93000030517578,46.029998779296875,45.25,45.5,30.09618377685547,15807800
QCOM,2009-09-30,45.720001220703125,45.83000183105469,44.5099983215332,44.97999954223633,29.752229690551758,20262600
QCOM,2009-10-01,44.61000061035156,44.63999938964844,42.5,42.70000076293945,28.24411392211914,31958800
QCOM,2009-10-02,42.380001068115234,42.619998931884766,41.220001220703125,41.439998626708984,27.410676956176758,34710100
QCOM,2009-10-05,41.599998474121094,42.290000915527344,41.34000015258789,41.939998626708984,27.741413116455078,17797200
QCOM,2009-10-06,42.279998779296875,43.400001525878906,42.209999084472656,42.619998931884766,28.191190719604492,24579800
QCOM,2009-10-07,42.41999816894531,42.65999984741211,42.02000045776367,42.18000030517578,27.900161743164062,15330100
QCOM,2009-10-08,42.68000030517578,42.68000030517578,41.369998931884766,41.45000076293945,27.41729164123535,24421700
QCOM,2009-10-09,41.459999084472656,41.77000045776367,40.5,41.70000076293945,27.582656860351562,34598100
QCOM,2009-10-12,41.72999954223633,42.0099983215332,41.189998626708984,41.540000915527344,27.476823806762695,13729700
QCOM,2009-10-13,41.630001068115234,41.84000015258789,41.08000183105469,41.290000915527344,27.311458587646484,15438400
QCOM,2009-10-14,41.84000015258789,42.36000061035156,41.61000061035156,42.22999954223633,27.933237075805664,23035100
QCOM,2009-10-15,42.11000061035156,42.47999954223633,41.880001068115234,42.45000076293945,28.078746795654297,15883200
QCOM,2009-10-16,42.47999954223633,42.560001373291016,41.31999969482422,41.959999084472656,27.75463104248047,22745600
QCOM,2009-10-19,41.9900016784668,42.34000015258789,41.560001373291016,42.060001373291016,27.820777893066406,13123100
QCOM,2009-10-20,41.83000183105469,41.95000076293945,41.099998474121094,41.310001373291016,27.32470703125,17423000
QCOM,2009-10-21,41.2599983215332,41.95000076293945,41.2599983215332,41.40999984741211,27.390838623046875,17578200
QCOM,2009-10-22,40.72999954223633,41.2400016784668,40.150001525878906,41.08000183105469,27.17255210876465,25352700
QCOM,2009-10-23,40.79999923706055,41.11000061035156,40.529998779296875,40.70000076293945,26.92120361328125,16368300
QCOM,2009-10-26,40.560001373291016,41.459999084472656,40.369998931884766,40.68000030517578,26.907976150512695,17075000
QCOM,2009-10-27,40.810001373291016,41.31999969482422,40.689998626708984,41.0,27.119640350341797,15087200
QCOM,2009-10-28,41.08000183105469,41.97999954223633,41.0,41.630001068115234,27.536365509033203,22598900
QCOM,2009-10-29,42.0,42.54999923706055,41.869998931884766,42.27000045776367,27.959684371948242,20375900
QCOM,2009-10-30,42.630001068115234,43.08000183105469,41.31999969482422,41.33000183105469,27.337926864624023,21347500
QCOM,2009-11-02,41.349998474121094,42.0,41.08000183105469,41.810001373291016,27.65542221069336,14658200
QCOM,2009-11-03,41.72999954223633,42.290000915527344,41.4900016784668,42.220001220703125,27.92662239074707,18756500
QCOM,2009-11-04,42.40999984741211,42.72999954223633,41.5099983215332,41.599998474121094,27.516511917114258,24228800
QCOM,2009-11-05,43.04999923706055,43.880001068115234,42.91999816894531,43.849998474121094,29.004785537719727,36536700
QCOM,2009-11-06,43.52000045776367,43.970001220703125,43.400001525878906,43.900001525878906,29.037858963012695,15993400
QCOM,2009-11-09,44.2400016784668,45.0,44.150001525878906,44.75,29.60009002685547,17822100
QCOM,2009-11-10,44.65999984741211,44.75,44.290000915527344,44.349998474121094,29.33551025390625,12513100
QCOM,2009-11-11,44.369998931884766,44.75,44.349998474121094,44.65999984741211,29.540569305419922,15688700
QCOM,2009-11-12,44.70000076293945,45.189998626708984,44.52000045776367,44.849998474121094,29.66624641418457,14235300
QCOM,2009-11-13,45.290000915527344,46.0,45.2400016784668,45.77000045776367,30.274782180786133,16408000
QCOM,2009-11-16,45.900001525878906,46.25,45.290000915527344,45.5099983215332,30.102794647216797,13389700
QCOM,2009-11-17,45.58000183105469,45.9900016784668,45.459999084472656,45.9900016784668,30.42030906677246,10331600
QCOM,2009-11-18,45.83000183105469,45.93000030517578,45.20000076293945,45.4900016784668,30.08957290649414,13170700
QCOM,2009-11-19,45.04999923706055,45.36000061035156,44.54999923706055,45.09000015258789,29.82498550415039,14917900
QCOM,2009-11-20,44.7599983215332,45.25,44.7599983215332,45.099998474121094,29.83160972595215,12558200
QCOM,2009-11-23,45.25,45.900001525878906,45.25,45.54999923706055,30.243261337280273,9401500
QCOM,2009-11-24,45.900001525878906,46.0,45.380001068115234,45.560001373291016,30.249895095825195,11106300
QCOM,2009-11-25,45.70000076293945,45.84000015258789,45.34000015258789,45.439998626708984,30.17021942138672,8328900
QCOM,2009-11-27,44.75,45.38999938964844,44.689998626708984,44.9900016784668,29.871450424194336,6171900
QCOM,2009-11-30,44.81999969482422,45.06999969482422,44.31999969482422,45.0,29.878070831298828,11359600
QCOM,2009-12-01,45.0,45.470001220703125,44.880001068115234,45.060001373291016,29.917924880981445,14140300
QCOM,2009-12-02,45.220001220703125,45.54999923706055,44.900001525878906,45.060001373291016,29.917924880981445,12581400
QCOM,2009-12-03,45.04999923706055,45.279998779296875,44.599998474121094,44.630001068115234,29.632421493530273,10750100
QCOM,2009-12-04,45.029998779296875,45.68000030517578,44.68000030517578,45.15999984741211,29.98431396484375,14667900
QCOM,2009-12-07,45.11000061035156,45.41999816894531,44.79999923706055,44.88999938964844,29.805034637451172,8485800
QCOM,2009-12-08,44.709999084472656,45.20000076293945,44.130001068115234,44.59000015258789,29.605857849121094,13153600
QCOM,2009-12-09,44.349998474121094,44.869998931884766,44.18000030517578,44.77000045776367,29.725366592407227,11420800
QCOM,2009-12-10,45.02000045776367,45.790000915527344,44.95000076293945,45.560001373291016,30.249895095825195,14892100
QCOM,2009-12-11,45.619998931884766,45.880001068115234,44.72999954223633,44.900001525878906,29.811689376831055,16493100
QCOM,2009-12-14,45.099998474121094,45.220001220703125,44.58000183105469,44.66999816894531,29.658977508544922,11754500
QCOM,2009-12-15,44.58000183105469,45.2599983215332,44.45000076293945,44.880001068115234,29.798416137695312,11314100
QCOM,2009-12-16,44.900001525878906,45.040000915527344,44.650001525878906,44.689998626708984,29.672252655029297,9732900
QCOM,2009-12-17,44.66999816894531,44.83000183105469,44.2400016784668,44.310001373291016,29.419952392578125,9368300
QCOM,2009-12-18,44.33000183105469,44.599998474121094,44.04999923706055,44.56999969482422,29.592578887939453,18465600
QCOM,2009-12-21,44.880001068115234,45.7400016784668,44.810001373291016,45.40999984741211,30.150306701660156,11653500
QCOM,2009-12-22,45.650001525878906,45.900001525878906,45.38999938964844,45.84000015258789,30.43581199645996,9687400
QCOM,2009-12-23,45.97999954223633,46.0,45.720001220703125,45.95000076293945,30.508846282958984,8751300
QCOM,2009-12-24,45.939998626708984,46.11000061035156,45.790000915527344,46.099998474121094,30.608427047729492,3760100
QCOM,2009-12-28,46.04999923706055,46.290000915527344,45.75,46.2599983215332,30.714658737182617,7410700
QCOM,2009-12-29,46.2599983215332,46.880001068115234,46.119998931884766,46.650001525878906,30.973636627197266,8834400
QCOM,2009-12-30,46.310001373291016,46.9900016784668,46.2400016784668,46.86000061035156,31.113033294677734,7559300
QCOM,2009-12-31,46.880001068115234,46.91999816894531,46.2599983215332,46.2599983215332,30.714658737182617,7696900
QCOM,2010-01-04,46.790000915527344,47.310001373291016,46.56999969482422,46.939998626708984,31.16615104675293,14570200
QCOM,2010-01-05,47.52000045776367,48.31999969482422,47.5,48.06999969482422,31.91643524169922,24241000
QCOM,2010-01-06,48.2599983215332,48.43000030517578,47.380001068115234,47.599998474121094,31.604372024536133,22743800
QCOM,2010-01-07,47.75,49.02000045776367,47.54999923706055,48.97999954223633,32.5206298828125,25266300
QCOM,2010-01-08,49.11000061035156,49.79999923706055,48.88999938964844,49.470001220703125,32.845970153808594,25938200
QCOM,2010-01-11,49.58000183105469,49.689998626708984,48.63999938964844,49.290000915527344,32.72645568847656,14672400
QCOM,2010-01-12,48.86000061035156,49.209999084472656,48.06999969482422,48.4900016784668,32.1953010559082,18009100
QCOM,2010-01-13,48.849998474121094,48.95000076293945,48.22999954223633,48.70000076293945,32.33472442626953,12426700
QCOM,2010-01-14,48.2599983215332,48.720001220703125,48.220001220703125,48.369998931884766,32.11562728881836,13751800
QCOM,2010-01-15,48.61000061035156,49.040000915527344,48.11000061035156,48.529998779296875,32.22186279296875,21540300
QCOM,2010-01-19,48.619998931884766,49.70000076293945,48.54999923706055,49.31999969482422,32.74638366699219,16564800
QCOM,2010-01-20,48.90999984741211,48.939998626708984,47.790000915527344,48.349998474121094,32.102333068847656,18151500
QCOM,2010-01-21,48.31999969482422,49.0,47.91999816894531,48.09000015258789,31.929702758789062,18703200
QCOM,2010-01-22,48.11000061035156,48.56999969482422,46.66999816894531,46.779998779296875,31.059938430786133,22205300
QCOM,2010-01-25,46.970001220703125,47.689998626708984,46.70000076293945,46.90999984741211,31.1462459564209,15304700
QCOM,2010-01-26,46.900001525878906,47.470001220703125,46.560001373291016,46.88999938964844,31.13296890258789,18325500
QCOM,2010-01-27,46.52000045776367,47.310001373291016,46.27000045776367,47.20000076293945,31.33878517150879,27302900
QCOM,2010-01-28,42.11000061035156,42.11000061035156,40.0099983215332,40.47999954223633,26.876989364624023,130892200
QCOM,2010-01-29,40.83000183105469,40.880001068115234,38.4900016784668,39.189998626708984,26.020490646362305,112830300
QCOM,2010-02-01,39.25,39.970001220703125,38.68000030517578,39.77000045776367,26.40558433532715,54762600
QCOM,2010-02-02,39.81999969482422,39.88999938964844,38.97999954223633,39.2599983215332,26.066965103149414,45670300
QCOM,2010-02-03,38.959999084472656,39.720001220703125,38.599998474121094,39.630001068115234,26.31262969970703,36836200
QCOM,2010-02-04,39.27000045776367,39.279998779296875,38.150001525878906,38.16999816894531,25.343244552612305,39883900
QCOM,2010-02-05,38.40999984741211,38.599998474121094,37.43000030517578,38.040000915527344,25.256938934326172,39365100
QCOM,2010-02-08,38.11000061035156,38.189998626708984,37.470001220703125,37.5099983215332,24.905048370361328,27373800
QCOM,2010-02-09,37.91999816894531,38.290000915527344,37.63999938964844,37.90999984741211,25.170621871948242,28585600
QCOM,2010-02-10,37.709999084472656,38.15999984741211,37.31999969482422,37.43000030517578,24.85192108154297,23742400
QCOM,2010-02-11,37.27000045776367,38.119998931884766,37.0,38.0099983215332,25.237024307250977,34201400
QCOM,2010-02-12,38.18000030517578,39.0,37.97999954223633,38.84000015258789,25.788103103637695,37313700
QCOM,2010-02-16,39.09000015258789,39.29999923706055,38.70000076293945,39.02000045776367,25.907621383666992,34301800
QCOM,2010-02-17,39.099998474121094,39.70000076293945,39.02000045776367,39.43000030517578,26.179851531982422,24733000
QCOM,2010-02-18,39.470001220703125,39.939998626708984,39.38999938964844,39.810001373291016,26.432153701782227,19503800
QCOM,2010-02-19,39.810001373291016,39.849998474121094,39.470001220703125,39.59000015258789,26.286069869995117,26638700
QCOM,2010-02-22,39.810001373291016,39.88999938964844,38.689998626708984,39.0099983215332,25.900981903076172,27657900
QCOM,2010-02-23,39.0,39.150001525878906,38.400001525878906,38.540000915527344,25.58892250061035,17926000
QCOM,2010-02-24,38.61000061035156,38.66999816894531,37.66999816894531,37.869998931884766,25.255460739135742,27111500
QCOM,2010-02-25,37.22999954223633,38.0,36.470001220703125,37.18000030517578,24.79530906677246,34843000
QCOM,2010-02-26,37.119998931884766,37.130001068115234,36.5099983215332,36.68000030517578,24.46185874938965,30557500
QCOM,2010-03-01,36.81999969482422,36.81999969482422,35.459999084472656,35.560001373291016,23.71493148803711,59161000
QCOM,2010-03-02,36.75,38.459999084472656,36.56999969482422,37.93000030517578,25.295482635498047,77896200
QCOM,2010-03-03,38.47999954223633,39.15999984741211,38.369998931884766,38.689998626708984,25.802326202392578,42163800
QCOM,2010-03-04,38.939998626708984,39.279998779296875,38.58000183105469,39.25,26.1757755279541,29404500
QCOM,2010-03-05,39.4900016784668,39.52000045776367,38.619998931884766,38.7599983215332,25.8490047454834,26466900
QCOM,2010-03-08,38.83000183105469,39.0099983215332,38.61000061035156,38.790000915527344,25.8690128326416,13854600
QCOM,2010-03-09,38.72999954223633,38.90999984741211,38.5,38.68000030517578,25.795654296875,20134400
QCOM,2010-03-10,38.56999969482422,39.099998474121094,38.5,38.880001068115234,25.92904281616211,15250000
QCOM,2010-03-11,38.86000061035156,39.25,38.709999084472656,39.099998474121094,26.07575225830078,16325300
QCOM,2010-03-12,39.119998931884766,39.38999938964844,38.79999923706055,38.95000076293945,25.97572135925293,20712100
QCOM,2010-03-15,39.0,39.060001373291016,38.65999984741211,38.869998931884766,25.922361373901367,17334500
QCOM,2010-03-16,38.900001525878906,39.11000061035156,38.59000015258789,39.0099983215332,26.01573944091797,27699200
QCOM,2010-03-17,39.04999923706055,39.20000076293945,38.709999084472656,38.900001525878906,25.942371368408203,23287400
QCOM,2010-03-18,39.22999954223633,40.529998779296875,39.15999984741211,40.43000030517578,26.96272850036621,45529100
QCOM,2010-03-19,40.52000045776367,40.61000061035156,39.779998779296875,40.04999923706055,26.709312438964844,33417800
QCOM,2010-03-22,40.08000183105469,40.540000915527344,39.869998931884766,40.279998779296875,26.862686157226562,16394500
QCOM,2010-03-23,40.43000030517578,40.58000183105469,40.029998779296875,40.52000045776367,27.022747039794922,13840700
QCOM,2010-03-24,40.2400016784668,40.43000030517578,40.02000045776367,40.189998626708984,26.802671432495117,12980800
QCOM,2010-03-25,42.540000915527344,43.84000015258789,42.0,42.189998626708984,28.13646697998047,67289200
QCOM,2010-03-26,42.0,42.540000915527344,41.61000061035156,41.83000183105469,27.896387100219727,29773800
QCOM,2010-03-29,41.970001220703125,42.09000015258789,41.599998474121094,41.7599983215332,27.84970474243164,11592700
QCOM,2010-03-30,42.45000076293945,42.5,41.939998626708984,42.130001068115234,28.096460342407227,20721000
QCOM,2010-03-31,41.9900016784668,42.220001220703125,41.84000015258789,41.959999084472656,27.983078002929688,14932000
QCOM,2010-04-01,42.16999816894531,42.459999084472656,42.13999938964844,42.27000045776367,28.18982696533203,16319600
QCOM,2010-04-05,42.599998474121094,43.0099983215332,42.38999938964844,42.529998779296875,28.363210678100586,14692200
QCOM,2010-04-06,42.220001220703125,42.560001373291016,42.189998626708984,42.43000030517578,28.29653549194336,10067800
QCOM,2010-04-07,42.369998931884766,42.869998931884766,42.369998931884766,42.77000045776367,28.52327537536621,16091300
QCOM,2010-04-08,42.689998626708984,42.720001220703125,42.09000015258789,42.400001525878906,28.27652359008789,12994300
QCOM,2010-04-09,42.20000076293945,42.369998931884766,41.849998474121094,42.16999816894531,28.123123168945312,16152000
QCOM,2010-04-12,42.029998779296875,42.459999084472656,42.0,42.22999954223633,28.163148880004883,8808700
QCOM,2010-04-13,42.029998779296875,42.38999938964844,41.79999923706055,42.29999923706055,28.20982551574707,10762400
QCOM,2010-04-14,42.22999954223633,42.79999923706055,42.099998474121094,42.599998474121094,28.409908294677734,19717700
QCOM,2010-04-15,42.65999984741211,43.18000030517578,42.47999954223633,42.70000076293945,28.476591110229492,16214200
QCOM,2010-04-16,42.68000030517578,42.97999954223633,42.25,42.7400016784668,28.503271102905273,23840800
QCOM,2010-04-19,42.630001068115234,42.9900016784668,42.25,42.75,28.509939193725586,14960500
QCOM,2010-04-20,42.7400016784668,43.349998474121094,42.4900016784668,43.290000915527344,28.87006378173828,14784600
QCOM,2010-04-21,43.33000183105469,43.38999938964844,42.27000045776367,42.630001068115234,28.429912567138672,34304500
QCOM,2010-04-22,39.75,40.349998474121094,38.880001068115234,39.33000183105469,26.22914695739746,96916600
QCOM,2010-04-23,38.97999954223633,39.029998779296875,37.79999923706055,38.25,25.508888244628906,64242900
QCOM,2010-04-26,38.27000045776367,38.709999084472656,37.779998779296875,38.11000061035156,25.415523529052734,25646700
QCOM,2010-04-27,38.22999954223633,38.84000015258789,37.84000015258789,37.91999816894531,25.288803100585938,35398400
QCOM,2010-04-28,38.220001220703125,38.849998474121094,38.0,38.81999969482422,25.889020919799805,27704200
QCOM,2010-04-29,38.970001220703125,39.220001220703125,38.77000045776367,38.97999954223633,25.995729446411133,17668400
QCOM,2010-04-30,39.150001525878906,39.290000915527344,38.61000061035156,38.68000030517578,25.795654296875,18461000
QCOM,2010-05-03,38.90999984741211,39.04999923706055,38.310001373291016,38.63999938964844,25.768978118896484,19361900
QCOM,2010-05-04,38.27000045776367,38.29999923706055,37.0099983215332,37.599998474121094,25.07539939880371,25189600
QCOM,2010-05-05,37.20000076293945,37.88999938964844,37.0,37.630001068115234,25.09540557861328,18405100
QCOM,2010-05-06,37.36000061035156,37.630001068115234,35.560001373291016,36.66999816894531,24.45518684387207,28231500
QCOM,2010-05-07,36.439998626708984,36.86000061035156,35.22999954223633,36.5,24.341815948486328,36415300
QCOM,2010-05-10,37.40999984741211,37.810001373291016,37.099998474121094,37.369998931884766,24.92201805114746,22752400
QCOM,2010-05-11,37.06999969482422,37.90999984741211,37.04999923706055,37.47999954223633,24.995376586914062,17506700
QCOM,2010-05-12,38.0,38.38999938964844,37.720001220703125,38.15999984741211,25.448869705200195,17607400
QCOM,2010-05-13,37.970001220703125,38.68000030517578,37.77000045776367,37.959999084472656,25.315488815307617,18366800
QCOM,2010-05-14,37.7599983215332,38.040000915527344,36.900001525878906,37.29999923706055,24.87533187866211,19744400
QCOM,2010-05-17,37.459999084472656,37.70000076293945,36.77000045776367,37.369998931884766,24.92201805114746,22359900
QCOM,2010-05-18,37.02000045776367,37.459999084472656,36.5,36.709999084472656,24.481870651245117,22975400
QCOM,2010-05-19,36.68000030517578,36.88999938964844,36.16999816894531,36.45000076293945,24.308467864990234,18550600
QCOM,2010-05-20,35.75,36.2400016784668,35.25,35.59000015258789,23.734935760498047,27571300
QCOM,2010-05-21,35.099998474121094,36.279998779296875,34.83000183105469,35.88999938964844,23.935007095336914,28635800
QCOM,2010-05-24,35.599998474121094,36.150001525878906,35.43000030517578,35.66999816894531,23.788286209106445,16315100
QCOM,2010-05-25,34.88999938964844,35.65999984741211,34.52000045776367,35.61000061035156,23.74828338623047,24935000
QCOM,2010-05-26,35.75,36.099998474121094,34.7599983215332,34.880001068115234,23.386219024658203,26677500
QCOM,2010-05-27,35.349998474121094,35.599998474121094,35.099998474121094,35.560001373291016,23.84214210510254,23507900
QCOM,2010-05-28,35.40999984741211,35.93000030517578,35.15999984741211,35.560001373291016,23.84214210510254,21246900
QCOM,2010-06-01,35.45000076293945,36.08000183105469,34.959999084472656,35.06999969482422,23.51360321044922,19262600
QCOM,2010-06-02,35.130001068115234,36.040000915527344,34.70000076293945,36.02000045776367,24.15056037902832,21472100
QCOM,2010-06-03,36.25,36.810001373291016,35.779998779296875,36.470001220703125,24.452268600463867,20295100
QCOM,2010-06-04,35.75,36.220001220703125,35.150001525878906,35.29999923706055,23.66781234741211,23085900
QCOM,2010-06-07,35.349998474121094,35.77000045776367,34.970001220703125,35.0099983215332,23.473379135131836,18554400
QCOM,2010-06-08,34.849998474121094,35.310001373291016,34.56999969482422,35.27000045776367,23.647701263427734,22531100
QCOM,2010-06-09,35.29999923706055,35.380001068115234,34.630001068115234,34.720001220703125,23.27894401550293,24109300
QCOM,2010-06-10,35.15999984741211,35.16999816894531,34.33000183105469,35.029998779296875,23.486791610717773,30719400
QCOM,2010-06-11,34.540000915527344,35.470001220703125,34.52000045776367,35.36000061035156,23.70804786682129,14716800
QCOM,2010-06-14,35.70000076293945,35.880001068115234,34.720001220703125,34.790000915527344,23.325870513916016,15705300
QCOM,2010-06-15,35.0,35.599998474121094,34.9900016784668,35.58000183105469,23.855560302734375,13798100
QCOM,2010-06-16,35.400001525878906,35.439998626708984,34.79999923706055,35.08000183105469,23.520315170288086,22472000
QCOM,2010-06-17,35.2400016784668,35.77000045776367,35.0099983215332,35.709999084472656,23.942716598510742,15326600
QCOM,2010-06-18,35.75,36.06999969482422,35.56999969482422,35.689998626708984,23.929304122924805,25396000
QCOM,2010-06-21,35.849998474121094,36.16999816894531,35.36000061035156,35.63999938964844,23.89577865600586,12371800
QCOM,2010-06-22,35.7599983215332,36.36000061035156,35.54999923706055,35.56999969482422,23.84883689880371,16287900
QCOM,2010-06-23,35.61000061035156,35.810001373291016,35.27000045776367,35.41999816894531,23.74827003479004,15067500
QCOM,2010-06-24,35.220001220703125,35.29999923706055,34.630001068115234,34.790000915527344,23.325870513916016,21380600
QCOM,2010-06-25,34.70000076293945,34.900001525878906,34.279998779296875,34.56999969482422,23.17837142944336,22399500
QCOM,2010-06-28,34.630001068115234,34.880001068115234,34.0099983215332,34.040000915527344,22.82301902770996,13573600
QCOM,2010-06-29,33.779998779296875,33.790000915527344,32.869998931884766,33.13999938964844,22.219587326049805,27848100
QCOM,2010-06-30,33.0,33.650001525878906,32.72999954223633,32.84000015258789,22.01844024658203,19652800
QCOM,2010-07-01,32.790000915527344,32.880001068115234,31.6299991607666,31.959999084472656,21.42842674255371,31598700
QCOM,2010-07-02,31.8700008392334,32.68000030517578,31.649999618530273,32.369998931884766,21.703327178955078,16296400
QCOM,2010-07-06,32.65999984741211,33.31999969482422,32.45000076293945,32.650001525878906,21.89105987548828,19301000
QCOM,2010-07-07,32.81999969482422,33.470001220703125,32.439998626708984,33.380001068115234,22.380504608154297,16002300
QCOM,2010-07-08,33.790000915527344,33.9900016784668,33.25,33.93000030517578,22.749265670776367,19367000
QCOM,2010-07-09,34.04999923706055,34.13999938964844,33.560001373291016,33.90999984741211,22.735855102539062,12516300
QCOM,2010-07-12,34.7400016784668,35.33000183105469,34.5099983215332,35.099998474121094,23.533721923828125,23745400
QCOM,2010-07-13,35.5099983215332,35.97999954223633,35.34000015258789,35.95000076293945,24.1036376953125,21447600
QCOM,2010-07-14,36.2400016784668,37.09000015258789,35.97999954223633,36.900001525878906,24.740575790405273,31169000
QCOM,2010-07-15,36.9900016784668,37.119998931884766,36.380001068115234,36.880001068115234,24.7271728515625,18840400
QCOM,2010-07-16,36.970001220703125,37.220001220703125,35.7400016784668,35.959999084472656,24.11033058166504,24808900
QCOM,2010-07-19,36.2599983215332,37.08000183105469,36.20000076293945,36.77000045776367,24.65341567993164,19903100
QCOM,2010-07-20,36.08000183105469,36.779998779296875,35.7400016784668,36.75,24.640005111694336,17065100
QCOM,2010-07-21,36.86000061035156,37.0,35.810001373291016,36.15999984741211,24.244428634643555,22929300
QCOM,2010-07-22,38.34000015258789,39.52000045776367,38.29999923706055,39.11000061035156,26.222333908081055,56097800
QCOM,2010-07-23,39.029998779296875,39.65999984741211,38.779998779296875,39.08000183105469,26.202213287353516,31483800
QCOM,2010-07-26,38.720001220703125,39.279998779296875,38.720001220703125,39.2400016784668,26.309492111206055,13197900
QCOM,2010-07-27,39.45000076293945,39.5,39.130001068115234,39.220001220703125,26.29608917236328,12596900
QCOM,2010-07-28,39.349998474121094,39.43000030517578,38.61000061035156,38.7599983215332,25.9876651763916,12468500
QCOM,2010-07-29,39.349998474121094,39.41999816894531,38.2599983215332,38.779998779296875,26.001070022583008,21457700
QCOM,2010-07-30,38.2599983215332,38.38999938964844,37.7599983215332,38.08000183105469,25.53173828125,22121300
QCOM,2010-08-02,38.33000183105469,39.0,38.02000045776367,38.7599983215332,25.9876651763916,14618500
QCOM,2010-08-03,38.59000015258789,38.79999923706055,38.29999923706055,38.459999084472656,25.786521911621094,10250000
QCOM,2010-08-04,38.38999938964844,38.619998931884766,38.0099983215332,38.43000030517578,25.766403198242188,9949000
QCOM,2010-08-05,38.209999084472656,38.70000076293945,38.119998931884766,38.5,25.813344955444336,8991900
QCOM,2010-08-06,38.20000076293945,38.97999954223633,37.95000076293945,38.650001525878906,25.913917541503906,15794700
QCOM,2010-08-09,38.869998931884766,39.939998626708984,38.83000183105469,39.75,26.651445388793945,18715600
QCOM,2010-08-10,39.5,40.0,39.08000183105469,39.779998779296875,26.671550750732422,17159200
QCOM,2010-08-11,39.20000076293945,39.439998626708984,38.439998626708984,39.36000061035156,26.389942169189453,21455400
QCOM,2010-08-12,37.83000183105469,38.88999938964844,37.79999923706055,38.2400016784668,25.639019012451172,19582900
QCOM,2010-08-13,38.0,38.34000015258789,37.83000183105469,37.95000076293945,25.4445858001709,16372000
QCOM,2010-08-16,37.880001068115234,38.88999938964844,37.45000076293945,38.63999938964844,25.90720558166504,14222100
QCOM,2010-08-17,38.959999084472656,39.790000915527344,38.93000030517578,39.13999938964844,26.242454528808594,22319800
QCOM,2010-08-18,39.099998474121094,39.40999984741211,38.61000061035156,39.040000915527344,26.17539405822754,13506000
QCOM,2010-08-19,38.75,38.84000015258789,37.720001220703125,38.11000061035156,25.55185890197754,21575900
QCOM,2010-08-20,38.11000061035156,39.09000015258789,38.0,38.90999984741211,26.088241577148438,19152600
QCOM,2010-08-23,39.189998626708984,39.45000076293945,38.40999984741211,38.540000915527344,25.84016990661621,12942000
QCOM,2010-08-24,38.400001525878906,38.47999954223633,37.7599983215332,38.040000915527344,25.504926681518555,15738700
QCOM,2010-08-25,37.66999816894531,38.72999954223633,37.650001525878906,38.459999084472656,25.915964126586914,18753000
QCOM,2010-08-26,38.66999816894531,38.81999969482422,37.97999954223633,38.279998779296875,25.794677734375,14506600
QCOM,2010-08-27,38.5,38.849998474121094,37.7400016784668,38.63999938964844,26.03725814819336,16263700
QCOM,2010-08-30,38.38999938964844,38.77000045776367,38.290000915527344,38.290000915527344,25.801420211791992,11909900
QCOM,2010-08-31,38.18000030517578,38.7599983215332,37.810001373291016,38.29999923706055,25.80815315246582,18049100
QCOM,2010-09-01,38.959999084472656,40.150001525878906,38.91999816894531,39.599998474121094,26.684144973754883,27619100
QCOM,2010-09-02,39.689998626708984,40.029998779296875,39.45000076293945,40.02000045776367,26.967161178588867,12671500
QCOM,2010-09-03,40.279998779296875,40.470001220703125,39.7599983215332,40.380001068115234,27.209741592407227,14187700
QCOM,2010-09-07,40.11000061035156,40.81999969482422,39.91999816894531,40.56999969482422,27.3377628326416,18520500
QCOM,2010-09-08,40.63999938964844,41.13999938964844,40.630001068115234,40.91999816894531,27.57361602783203,14073500
QCOM,2010-09-09,41.15999984741211,41.220001220703125,40.52000045776367,40.900001525878906,27.56014060974121,12190400
QCOM,2010-09-10,41.02000045776367,41.040000915527344,40.06999969482422,40.41999816894531,27.236696243286133,15098000
QCOM,2010-09-13,40.939998626708984,41.36000061035156,40.7400016784668,41.0,27.62752342224121,16787200
QCOM,2010-09-14,40.849998474121094,41.380001068115234,40.58000183105469,41.11000061035156,27.70164680480957,12885900
QCOM,2010-09-15,41.099998474121094,42.209999084472656,41.0099983215332,41.97999954223633,28.287891387939453,18992800
QCOM,2010-09-16,41.79999923706055,42.29999923706055,41.650001525878906,41.970001220703125,28.281152725219727,16596100
QCOM,2010-09-17,42.119998931884766,42.75,41.939998626708984,42.529998779296875,28.65851402282715,31733900
QCOM,2010-09-20,42.58000183105469,43.099998474121094,42.56999969482422,43.0099983215332,28.98194694519043,15241800
QCOM,2010-09-21,43.209999084472656,43.869998931884766,43.11000061035156,43.5099983215332,29.318870544433594,16763100
QCOM,2010-09-22,43.54999923706055,43.7599983215332,42.70000076293945,43.29999923706055,29.177358627319336,16158500
QCOM,2010-09-23,42.95000076293945,43.7400016784668,42.7599983215332,43.650001525878906,29.4132022857666,20206800
QCOM,2010-09-24,43.95000076293945,44.970001220703125,43.86000061035156,44.54999923706055,30.019664764404297,22619300
QCOM,2010-09-27,44.31999969482422,45.0,44.13999938964844,44.59000015258789,30.04661750793457,14009400
QCOM,2010-09-28,44.689998626708984,44.849998474121094,43.70000076293945,44.06999969482422,29.69622230529785,23000500
QCOM,2010-09-29,43.7599983215332,44.5099983215332,43.70000076293945,44.310001373291016,29.857942581176758,14499000
QCOM,2010-09-30,45.06999969482422,45.75,44.77000045776367,45.130001068115234,30.410493850708008,35751700
QCOM,2010-10-01,45.5099983215332,45.599998474121094,43.91999816894531,44.2599983215332,29.824254989624023,22457600
QCOM,2010-10-04,44.43000030517578,44.43000030517578,43.349998474121094,43.88999938964844,29.57493019104004,13941400
QCOM,2010-10-05,44.41999816894531,44.900001525878906,44.08000183105469,44.2599983215332,29.824254989624023,18459700
QCOM,2010-10-06,44.209999084472656,44.68000030517578,43.869998931884766,44.650001525878906,30.087055206298828,21696900
QCOM,2010-10-07,44.90999984741211,44.959999084472656,44.13999938964844,44.54999923706055,30.019664764404297,11965000
QCOM,2010-10-08,44.47999954223633,44.90999984741211,44.04999923706055,44.7599983215332,30.161170959472656,12349900
QCOM,2010-10-11,44.66999816894531,44.70000076293945,43.939998626708984,44.18000030517578,29.770349502563477,10971300
QCOM,2010-10-12,44.18000030517578,45.0,43.77000045776367,44.790000915527344,30.181398391723633,13712800
QCOM,2010-10-13,44.970001220703125,45.5099983215332,44.7400016784668,45.31999969482422,30.538532257080078,13543300
QCOM,2010-10-14,45.02000045776367,45.349998474121094,44.810001373291016,45.040000915527344,30.349838256835938,11317500
QCOM,2010-10-15,45.40999984741211,45.5099983215332,44.4900016784668,44.790000915527344,30.181398391723633,18075400
QCOM,2010-10-18,44.779998779296875,44.79999923706055,44.130001068115234,44.4900016784668,29.9792423248291,12225400
QCOM,2010-10-19,44.25,44.56999969482422,43.5,44.220001220703125,29.797306060791016,15934400
QCOM,2010-10-20,44.2599983215332,44.900001525878906,44.2599983215332,44.380001068115234,29.905109405517578,11523700
QCOM,2010-10-21,44.439998626708984,44.5099983215332,42.45000076293945,43.97999954223633,29.635570526123047,24931600
QCOM,2010-10-22,43.849998474121094,44.27000045776367,43.61000061035156,44.18000030517578,29.770349502563477,12473200
QCOM,2010-10-25,44.349998474121094,44.5,44.20000076293945,44.33000183105469,29.871431350708008,10215900
QCOM,2010-10-26,43.97999954223633,43.9900016784668,43.209999084472656,43.939998626708984,29.608625411987305,15805500
QCOM,2010-10-27,43.47999954223633,44.5099983215332,43.439998626708984,44.47999954223633,29.97249984741211,11449300
QCOM,2010-10-28,44.849998474121094,44.90999984741211,44.40999984741211,44.41999816894531,29.93206024169922,11982900
QCOM,2010-10-29,44.54999923706055,45.630001068115234,44.54999923706055,45.15999984741211,30.430713653564453,16651700
QCOM,2010-11-01,45.52000045776367,46.0,45.13999938964844,45.33000183105469,30.54527473449707,11199500
QCOM,2010-11-02,45.75,45.939998626708984,45.22999954223633,45.380001068115234,30.578954696655273,12590900
QCOM,2010-11-03,45.209999084472656,45.7599983215332,44.619998931884766,45.689998626708984,30.787845611572266,27224200
QCOM,2010-11-04,48.61000061035156,49.45000076293945,48.060001373291016,48.34000015258789,32.57353210449219,58099900
QCOM,2010-11-05,47.869998931884766,48.36000061035156,47.400001525878906,48.33000183105469,32.56678771972656,20629500
QCOM,2010-11-08,48.02000045776367,48.33000183105469,47.58000183105469,47.79999923706055,32.20964813232422,18567300
QCOM,2010-11-09,47.86000061035156,48.2400016784668,47.38999938964844,47.91999816894531,32.2905158996582,17430300
QCOM,2010-11-10,48.0,48.0,47.25,47.68000030517578,32.12879180908203,12413500
QCOM,2010-11-11,46.97999954223633,48.0099983215332,46.88999938964844,47.91999816894531,32.2905158996582,13923000
QCOM,2010-11-12,47.61000061035156,47.72999954223633,46.689998626708984,47.470001220703125,31.98727035522461,20070400
QCOM,2010-11-15,47.61000061035156,47.81999969482422,46.86000061035156,46.869998931884766,31.582998275756836,11573600
QCOM,2010-11-16,46.43000030517578,46.689998626708984,46.08000183105469,46.380001068115234,31.25279998779297,18386800
QCOM,2010-11-17,46.560001373291016,48.369998931884766,46.5,47.97999954223633,32.33094787597656,25860200
QCOM,2010-11-18,48.43000030517578,48.86000061035156,47.70000076293945,47.720001220703125,32.155738830566406,20716700
QCOM,2010-11-19,47.619998931884766,48.04999923706055,47.40999984741211,47.959999084472656,32.31746292114258,15850900
QCOM,2010-11-22,47.810001373291016,48.119998931884766,46.9900016784668,47.619998931884766,32.21598815917969,13112100
QCOM,2010-11-23,47.22999954223633,47.369998931884766,46.72999954223633,47.099998474121094,31.864192962646484,17892100
QCOM,2010-11-24,47.40999984741211,48.20000076293945,47.13999938964844,48.06999969482422,32.52043533325195,11961200
QCOM,2010-11-26,47.779998779296875,47.939998626708984,47.54999923706055,47.70000076293945,32.27011489868164,4296600
QCOM,2010-11-29,47.470001220703125,47.650001525878906,46.7599983215332,47.279998779296875,31.985977172851562,12906500
QCOM,2010-11-30,46.5099983215332,47.150001525878906,46.459999084472656,46.81999969482422,31.674772262573242,18176000
QCOM,2010-12-01,47.31999969482422,48.25,47.29999923706055,47.88999938964844,32.398651123046875,14431100
QCOM,2010-12-02,48.040000915527344,48.650001525878906,47.88999938964844,48.4900016784668,32.8045768737793,11108300
QCOM,2010-12-03,48.400001525878906,48.939998626708984,48.2400016784668,48.81999969482422,33.02781295776367,12608700
QCOM,2010-12-06,48.54999923706055,48.689998626708984,48.09000015258789,48.31999969482422,32.6895637512207,10488700
QCOM,2010-12-07,48.7400016784668,49.0099983215332,48.45000076293945,48.470001220703125,32.79102325439453,14015800
QCOM,2010-12-08,48.56999969482422,48.88999938964844,48.27000045776367,48.880001068115234,33.06840515136719,8634400
QCOM,2010-12-09,49.150001525878906,49.290000915527344,48.709999084472656,49.08000183105469,33.20370864868164,8862300
QCOM,2010-12-10,49.0,49.5,48.900001525878906,49.47999954223633,33.47433090209961,11851800
QCOM,2010-12-13,49.52000045776367,49.7599983215332,49.099998474121094,49.119998931884766,33.23076629638672,11988400
QCOM,2010-12-14,49.29999923706055,49.5,48.83000183105469,49.18000030517578,33.2713623046875,10036300
QCOM,2010-12-15,49.36000061035156,49.56999969482422,48.81999969482422,49.09000015258789,33.210479736328125,10329900
QCOM,2010-12-16,49.13999938964844,49.7599983215332,48.86000061035156,49.650001525878906,33.58932113647461,12338900
QCOM,2010-12-17,49.650001525878906,49.720001220703125,49.2599983215332,49.459999084472656,33.46078109741211,21421200
QCOM,2010-12-20,49.720001220703125,49.83000183105469,49.150001525878906,49.439998626708984,33.447261810302734,11902200
QCOM,2010-12-21,49.70000076293945,50.0,49.58000183105469,49.9900016784668,33.81935119628906,9271500
QCOM,2010-12-22,49.79999923706055,50.0,49.619998931884766,49.9900016784668,33.81935119628906,6859600
QCOM,2010-12-23,49.869998931884766,49.970001220703125,49.279998779296875,49.439998626708984,33.447261810302734,8194300
QCOM,2010-12-27,49.400001525878906,49.79999923706055,48.97999954223633,49.61000061035156,33.5622673034668,5871100
QCOM,2010-12-28,49.77000045776367,49.959999084472656,49.56999969482422,49.86000061035156,33.73140335083008,7138200
QCOM,2010-12-29,49.970001220703125,50.310001373291016,49.86000061035156,49.9900016784668,33.81935119628906,7771700
QCOM,2010-12-30,50.0,50.209999084472656,49.630001068115234,49.72999954223633,33.64346694946289,5090200
QCOM,2010-12-31,49.63999938964844,49.83000183105469,49.0,49.4900016784668,33.48108673095703,6304700
QCOM,2011-01-03,49.88999938964844,50.79999923706055,49.849998474121094,50.18000030517578,33.94788360595703,15167700
QCOM,2011-01-04,50.400001525878906,51.060001373291016,49.59000015258789,50.970001220703125,34.48234939575195,24330000
QCOM,2011-01-05,51.54999923706055,52.400001525878906,51.25,52.029998779296875,35.199462890625,25904400
QCOM,2011-01-06,52.11000061035156,53.029998779296875,52.040000915527344,52.66999816894531,35.632408142089844,17894300
QCOM,2011-01-07,52.810001373291016,52.900001525878906,51.400001525878906,51.72999954223633,34.996482849121094,12865500
QCOM,2011-01-10,51.439998626708984,52.20000076293945,51.439998626708984,51.689998626708984,34.96942138671875,17421100
QCOM,2011-01-11,51.56999969482422,52.439998626708984,51.56999969482422,52.06999969482422,35.22650909423828,10288000
QCOM,2011-01-12,52.25,52.34000015258789,51.59000015258789,52.34000015258789,35.409156799316406,10673200
QCOM,2011-01-13,52.279998779296875,52.45000076293945,51.5099983215332,51.869998931884766,35.09120178222656,12550700
QCOM,2011-01-14,51.93000030517578,52.130001068115234,51.43000030517578,52.040000915527344,35.20621109008789,11536900
QCOM,2011-01-18,52.369998931884766,53.060001373291016,52.290000915527344,53.029998779296875,35.87596893310547,14715100
QCOM,2011-01-19,52.709999084472656,53.099998474121094,51.88999938964844,52.13999938964844,35.273868560791016,11567000
QCOM,2011-01-20,52.15999984741211,52.2400016784668,51.2599983215332,51.33000183105469,34.72587966918945,14213700
QCOM,2011-01-21,51.54999923706055,52.0,51.09000015258789,51.2400016784668,34.66499710083008,18452800
QCOM,2011-01-24,51.119998931884766,51.5,50.84000015258789,51.4900016784668,34.83412551879883,11508500
QCOM,2011-01-25,51.43000030517578,51.56999969482422,50.619998931884766,51.52000045776367,34.85443115234375,15922200
QCOM,2011-01-26,51.439998626708984,52.06999969482422,51.0,51.86000061035156,35.08445358276367,23536600
QCOM,2011-01-27,54.20000076293945,55.0,53.77000045776367,54.900001525878906,37.14107131958008,50785700
QCOM,2011-01-28,54.099998474121094,54.689998626708984,53.38999938964844,53.7400016784668,36.35630416870117,22935600
QCOM,2011-01-31,53.849998474121094,54.470001220703125,53.06999969482422,54.130001068115234,36.620147705078125,16182100
QCOM,2011-02-01,54.29999923706055,55.27000045776367,54.11000061035156,55.08000183105469,37.26284408569336,17000000
QCOM,2011-02-02,54.77000045776367,54.900001525878906,53.880001068115234,53.9900016784668,36.52545166015625,17626200
QCOM,2011-02-03,54.0,55.2400016784668,53.810001373291016,54.97999954223633,37.1951789855957,17150900
QCOM,2011-02-04,55.040000915527344,55.380001068115234,54.5,55.22999954223633,37.36433410644531,12603100
QCOM,2011-02-07,55.11000061035156,55.619998931884766,54.83000183105469,55.06999969482422,37.256072998046875,11605200
QCOM,2011-02-08,55.4900016784668,56.099998474121094,55.349998474121094,56.099998474121094,37.9528923034668,13862700
QCOM,2011-02-09,55.95000076293945,56.369998931884766,55.75,56.209999084472656,38.02730178833008,12581500
QCOM,2011-02-10,56.16999816894531,57.189998626708984,55.880001068115234,57.0,38.56175231933594,16392900
QCOM,2011-02-11,56.7599983215332,57.650001525878906,56.68000030517578,57.599998474121094,38.967681884765625,12165500
QCOM,2011-02-14,57.7400016784668,58.79999923706055,57.61000061035156,58.16999816894531,39.35330581665039,17488200
QCOM,2011-02-15,58.0099983215332,58.959999084472656,57.91999816894531,58.63999938964844,39.671268463134766,16375300
QCOM,2011-02-16,58.88999938964844,58.97999954223633,58.25,58.540000915527344,39.603614807128906,11659200
QCOM,2011-02-17,58.310001373291016,59.0099983215332,58.20000076293945,59.0,39.9148063659668,11068600
QCOM,2011-02-18,59.040000915527344,59.43000030517578,58.65999984741211,59.189998626708984,40.04335403442383,17282600
QCOM,2011-02-22,58.560001373291016,58.9900016784668,57.88999938964844,58.2400016784668,39.40066146850586,19936700
QCOM,2011-02-23,57.900001525878906,58.400001525878906,56.52000045776367,57.0099983215332,38.69477081298828,16344700
QCOM,2011-02-24,57.29999923706055,58.11000061035156,57.0,57.79999923706055,39.23097229003906,15159100
QCOM,2011-02-25,58.119998931884766,59.20000076293945,57.900001525878906,59.02000045776367,40.059024810791016,11344000
QCOM,2011-02-28,58.9900016784668,59.79999923706055,58.90999984741211,59.58000183105469,40.439117431640625,13613700
QCOM,2011-03-01,59.84000015258789,59.84000015258789,57.79999923706055,58.040000915527344,39.39387512207031,16764200
QCOM,2011-03-02,57.880001068115234,58.18000030517578,56.970001220703125,57.099998474121094,38.7558708190918,16651100
QCOM,2011-03-03,57.70000076293945,58.97999954223633,57.66999816894531,58.84000015258789,39.936859130859375,13214700
QCOM,2011-03-04,58.790000915527344,58.880001068115234,57.599998474121094,58.150001525878906,39.46852493286133,11720000
QCOM,2011-03-07,58.4900016784668,58.59000015258789,56.81999969482422,57.58000183105469,39.08164596557617,13540500
QCOM,2011-03-08,56.720001220703125,57.4900016784668,55.54999923706055,57.150001525878906,38.78978729248047,22049900
QCOM,2011-03-09,56.849998474121094,56.849998474121094,54.90999984741211,55.0,37.33051300048828,24466200
QCOM,2011-03-10,54.40999984741211,54.970001220703125,53.84000015258789,54.040000915527344,36.678924560546875,22114400
QCOM,2011-03-11,53.70000076293945,54.08000183105469,53.38999938964844,53.61000061035156,36.38706588745117,18941000
QCOM,2011-03-14,52.970001220703125,53.599998474121094,52.75,53.47999954223633,36.2988395690918,18606600
QCOM,2011-03-15,51.13999938964844,53.279998779296875,50.099998474121094,53.0,35.97304916381836,35441300
QCOM,2011-03-16,52.5,52.81999969482422,50.400001525878906,50.5,34.27618408203125,31062900
QCOM,2011-03-17,52.619998931884766,53.470001220703125,51.9900016784668,52.31999969482422,35.511474609375,24685600
QCOM,2011-03-18,52.83000183105469,53.15999984741211,50.7599983215332,51.709999084472656,35.09747314453125,33360000
QCOM,2011-03-21,53.2400016784668,54.11000061035156,53.029998779296875,53.630001068115234,36.40064239501953,17208200
QCOM,2011-03-22,53.58000183105469,53.7599983215332,52.349998474121094,52.4900016784668,35.62686538696289,13843400
QCOM,2011-03-23,52.470001220703125,52.58000183105469,51.70000076293945,52.45000076293945,35.5997314453125,12067700
QCOM,2011-03-24,52.61000061035156,53.77000045776367,52.06999969482422,53.720001220703125,36.46171569824219,14733200
QCOM,2011-03-25,53.83000183105469,53.9900016784668,52.720001220703125,52.75,35.80335235595703,13574400
QCOM,2011-03-28,52.95000076293945,53.279998779296875,52.099998474121094,52.18000030517578,35.416465759277344,10237600
QCOM,2011-03-29,52.439998626708984,54.09000015258789,52.36000061035156,53.90999984741211,36.5906867980957,14946800
QCOM,2011-03-30,54.369998931884766,54.61000061035156,53.79999923706055,54.5099983215332,36.9979248046875,11044700
QCOM,2011-03-31,54.560001373291016,54.95000076293945,54.34000015258789,54.83000183105469,37.21512222290039,13222200
QCOM,2011-04-01,55.06999969482422,55.189998626708984,54.25,54.470001220703125,36.97077560424805,12306100
QCOM,2011-04-04,54.540000915527344,54.709999084472656,52.47999954223633,53.11000061035156,36.047706604003906,18238600
QCOM,2011-04-05,53.02000045776367,53.63999938964844,52.400001525878906,52.58000183105469,35.687965393066406,13467000
QCOM,2011-04-06,53.11000061035156,53.88999938964844,52.9900016784668,53.540000915527344,36.33955383300781,13380900
QCOM,2011-04-07,53.36000061035156,54.31999969482422,53.04999923706055,53.22999954223633,36.129146575927734,12491700
QCOM,2011-04-08,54.0,54.349998474121094,53.31999969482422,53.630001068115234,36.40064239501953,10353400
QCOM,2011-04-11,53.869998931884766,54.470001220703125,53.34000015258789,53.400001525878906,36.24453353881836,11699300
QCOM,2011-04-12,52.79999923706055,52.970001220703125,51.72999954223633,52.25,35.4639778137207,11995000
QCOM,2011-04-13,52.86000061035156,52.93000030517578,52.0099983215332,52.68000030517578,35.75584030151367,9503100
QCOM,2011-04-14,51.9900016784668,52.849998474121094,51.45000076293945,52.599998474121094,35.701534271240234,11655600
QCOM,2011-04-15,52.84000015258789,53.459999084472656,52.11000061035156,53.13999938964844,36.06805419921875,17165100
QCOM,2011-04-18,52.20000076293945,53.33000183105469,52.040000915527344,53.290000915527344,36.16987228393555,14744200
QCOM,2011-04-19,53.290000915527344,53.689998626708984,52.880001068115234,53.41999816894531,36.258094787597656,12006400
QCOM,2011-04-20,54.70000076293945,55.400001525878906,54.5,55.27000045776367,37.51377868652344,19894600
QCOM,2011-04-21,57.25,57.619998931884766,56.560001373291016,56.939998626708984,38.64725875854492,23134900
QCOM,2011-04-25,56.369998931884766,57.18000030517578,56.209999084472656,56.81999969482422,38.565799713134766,9934800
QCOM,2011-04-26,57.119998931884766,57.5099983215332,56.93000030517578,57.220001220703125,38.83729934692383,12100000
QCOM,2011-04-27,57.83000183105469,58.459999084472656,57.099998474121094,58.18000030517578,39.48888397216797,15949400
QCOM,2011-04-28,57.7599983215332,58.0,57.150001525878906,57.58000183105469,39.08164596557617,12300000
QCOM,2011-04-29,57.58000183105469,57.9900016784668,56.84000015258789,57.09000015258789,38.74907302856445,32037700
QCOM,2011-05-02,57.439998626708984,57.900001525878906,56.97999954223633,57.2400016784668,38.85087203979492,12022000
QCOM,2011-05-03,57.310001373291016,57.540000915527344,55.959999084472656,56.4900016784668,38.34181594848633,11700000
QCOM,2011-05-04,56.31999969482422,57.0099983215332,55.41999816894531,56.08000183105469,38.06354522705078,12761100
QCOM,2011-05-05,55.63999938964844,56.81999969482422,55.59000015258789,56.130001068115234,38.097476959228516,11000000
QCOM,2011-05-06,56.75,57.540000915527344,56.33000183105469,56.56999969482422,38.39613723754883,10727500
QCOM,2011-05-09,56.75,56.91999816894531,55.9900016784668,56.65999984741211,38.45720672607422,8056600
QCOM,2011-05-10,56.939998626708984,57.099998474121094,56.34000015258789,56.90999984741211,38.62688446044922,9149700
QCOM,2011-05-11,56.81999969482422,57.720001220703125,56.189998626708984,56.59000015258789,38.409698486328125,11009200
QCOM,2011-05-12,56.2599983215332,57.650001525878906,56.13999938964844,57.34000015258789,38.91874313354492,10900000
QCOM,2011-05-13,57.34000015258789,57.83000183105469,56.77000045776367,57.119998931884766,38.769432067871094,11209100
QCOM,2011-05-16,57.18000030517578,57.7599983215332,56.47999954223633,56.70000076293945,38.4843635559082,13330200
QCOM,2011-05-17,56.380001068115234,56.4900016784668,55.65999984741211,56.349998474121094,38.24680709838867,13989800
QCOM,2011-05-18,56.22999954223633,56.779998779296875,55.77000045776367,56.45000076293945,38.314666748046875,12429000
QCOM,2011-05-19,56.619998931884766,57.66999816894531,56.619998931884766,57.29999923706055,38.89160919189453,11938100
QCOM,2011-05-20,57.220001220703125,57.75,57.029998779296875,57.380001068115234,38.945892333984375,15272900
QCOM,2011-05-23,56.4900016784668,56.70000076293945,55.91999816894531,56.380001068115234,38.267154693603516,12499600
QCOM,2011-05-24,56.5099983215332,57.0099983215332,55.95000076293945,56.310001373291016,38.21965789794922,10251800
QCOM,2011-05-25,56.34000015258789,57.41999816894531,56.33000183105469,56.9900016784668,38.82943344116211,10928000
QCOM,2011-05-26,56.7400016784668,57.54999923706055,56.540000915527344,57.16999816894531,38.952091217041016,12897000
QCOM,2011-05-27,57.34000015258789,57.79999923706055,57.060001373291016,57.349998474121094,39.07472229003906,7678400
QCOM,2011-05-31,57.95000076293945,58.59000015258789,57.65999984741211,58.59000015258789,39.91958236694336,15104300
QCOM,2011-06-01,58.43000030517578,58.95000076293945,56.97999954223633,57.150001525878906,38.938472747802734,14968700
QCOM,2011-06-02,57.34000015258789,58.310001373291016,57.34000015258789,57.79999923706055,39.38132858276367,12697400
QCOM,2011-06-03,57.119998931884766,58.15999984741211,56.95000076293945,57.040000915527344,38.86351776123047,12474800
QCOM,2011-06-06,56.900001525878906,57.4900016784668,56.41999816894531,56.47999954223633,38.481964111328125,10121500
QCOM,2011-06-07,56.619998931884766,57.08000183105469,56.470001220703125,56.5099983215332,38.50242233276367,10225200
QCOM,2011-06-08,56.2400016784668,56.52000045776367,55.52000045776367,56.29999923706055,38.35932922363281,12158000
QCOM,2011-06-09,56.130001068115234,56.470001220703125,55.68000030517578,55.869998931884766,38.06633758544922,9161600
QCOM,2011-06-10,55.70000076293945,55.7400016784668,54.36000061035156,54.599998474121094,37.201053619384766,14544000
QCOM,2011-06-13,54.790000915527344,54.88999938964844,54.2400016784668,54.400001525878906,37.06478500366211,10670800
QCOM,2011-06-14,54.869998931884766,55.869998931884766,54.75,55.58000183105469,37.868770599365234,12006100
QCOM,2011-06-15,55.22999954223633,55.560001373291016,53.79999923706055,54.099998474121094,36.86038589477539,16790500
QCOM,2011-06-16,54.119998931884766,54.209999084472656,52.41999816894531,52.9900016784668,36.10410690307617,19464800
QCOM,2011-06-17,53.91999816894531,54.29999923706055,52.599998474121094,52.689998626708984,35.89969253540039,25241200
QCOM,2011-06-20,52.529998779296875,53.529998779296875,52.130001068115234,53.47999954223633,36.437950134277344,14746000
QCOM,2011-06-21,53.65999984741211,54.9900016784668,53.150001525878906,54.43000030517578,37.08523178100586,12010100
QCOM,2011-06-22,54.13999938964844,54.40999984741211,53.66999816894531,53.9900016784668,36.785430908203125,9110300
QCOM,2011-06-23,53.119998931884766,54.97999954223633,53.060001373291016,54.959999084472656,37.44632339477539,15571600
QCOM,2011-06-24,54.77000045776367,54.959999084472656,54.09000015258789,54.189998626708984,36.92170715332031,9494400
QCOM,2011-06-27,54.08000183105469,55.11000061035156,53.63999938964844,54.75,37.30324172973633,9797900
QCOM,2011-06-28,54.83000183105469,55.66999816894531,54.709999084472656,55.45000076293945,37.78019714355469,9556000
QCOM,2011-06-29,55.599998474121094,55.93000030517578,55.25,55.43000030517578,37.766563415527344,11919400
QCOM,2011-06-30,55.65999984741211,56.849998474121094,55.5099983215332,56.790000915527344,38.69317626953125,12463000
QCOM,2011-07-01,56.790000915527344,57.97999954223633,56.439998626708984,57.880001068115234,39.43585205078125,12142000
QCOM,2011-07-05,57.75,58.25,57.5099983215332,58.13999938964844,39.612979888916016,10848700
QCOM,2011-07-06,57.880001068115234,58.75,57.880001068115234,58.70000076293945,39.994537353515625,11176800
QCOM,2011-07-07,58.900001525878906,59.47999954223633,58.86000061035156,59.2599983215332,40.376094818115234,12644800
QCOM,2011-07-08,58.790000915527344,59.369998931884766,58.08000183105469,59.36000061035156,40.44422149658203,12385600
QCOM,2011-07-11,58.72999954223633,58.93000030517578,57.7599983215332,58.2400016784668,39.68112564086914,12988300
QCOM,2011-07-12,58.2599983215332,58.59000015258789,56.209999084472656,56.52000045776367,38.509212493896484,23141300
QCOM,2011-07-13,57.04999923706055,57.09000015258789,56.0099983215332,56.09000015258789,38.21625518798828,18093300
QCOM,2011-07-14,56.099998474121094,56.439998626708984,54.290000915527344,54.91999816894531,37.41908645629883,19155100
QCOM,2011-07-15,55.04999923706055,55.5,54.63999938964844,54.959999084472656,37.44632339477539,17684400
QCOM,2011-07-18,54.869998931884766,55.310001373291016,54.529998779296875,55.279998779296875,37.664363861083984,16182500
QCOM,2011-07-19,55.9900016784668,57.2400016784668,55.869998931884766,56.97999954223633,38.822635650634766,15014500
QCOM,2011-07-20,58.689998626708984,59.400001525878906,57.099998474121094,57.29999923706055,39.0406494140625,27542500
QCOM,2011-07-21,56.0,57.25,55.869998931884766,56.939998626708984,38.795379638671875,24125900
QCOM,2011-07-22,57.15999984741211,57.709999084472656,56.7599983215332,57.459999084472656,39.14967346191406,13586300
QCOM,2011-07-25,56.91999816894531,57.5099983215332,56.65999984741211,56.810001373291016,38.706809997558594,11346900
QCOM,2011-07-26,56.849998474121094,56.9900016784668,56.29999923706055,56.540000915527344,38.5228385925293,10082700
QCOM,2011-07-27,56.0,56.150001525878906,54.38999938964844,54.59000015258789,37.19424057006836,15638100
QCOM,2011-07-28,54.709999084472656,55.61000061035156,54.459999084472656,54.9900016784668,37.46677780151367,11737400
QCOM,2011-07-29,54.38999938964844,55.369998931884766,54.060001373291016,54.779998779296875,37.32370376586914,15256200
QCOM,2011-08-01,55.34000015258789,55.439998626708984,53.40999984741211,54.119998931884766,36.874019622802734,16892000
QCOM,2011-08-02,53.630001068115234,54.02000045776367,52.95000076293945,53.0099983215332,36.117733001708984,16681900
QCOM,2011-08-03,53.220001220703125,53.810001373291016,52.70000076293945,53.72999954223633,36.60829544067383,15274300
QCOM,2011-08-04,52.849998474121094,53.09000015258789,51.20000076293945,51.25,34.91856384277344,19556100
QCOM,2011-08-05,51.810001373291016,51.97999954223633,48.970001220703125,51.02000045776367,34.761863708496094,28090800
QCOM,2011-08-08,49.2599983215332,50.0,46.880001068115234,47.290000915527344,32.2204704284668,33418800
QCOM,2011-08-09,47.88999938964844,49.88999938964844,46.70000076293945,49.88999938964844,33.9919548034668,32115100
QCOM,2011-08-10,48.400001525878906,49.02000045776367,47.130001068115234,47.2599983215332,32.20002746582031,32161800
QCOM,2011-08-11,47.72999954223633,50.040000915527344,47.54999923706055,49.54999923706055,33.76029586791992,25079800
QCOM,2011-08-12,49.900001525878906,51.2400016784668,49.18000030517578,50.5,34.40755844116211,19422000
QCOM,2011-08-15,50.75,51.40999984741211,50.209999084472656,51.2599983215332,34.925384521484375,13058700
QCOM,2011-08-16,50.47999954223633,51.459999084472656,49.959999084472656,51.06999969482422,34.795928955078125,17782900
QCOM,2011-08-17,50.97999954223633,51.45000076293945,49.970001220703125,51.0099983215332,34.75503921508789,14115400
QCOM,2011-08-18,49.040000915527344,49.150001525878906,47.36000061035156,47.95000076293945,32.67015838623047,23793700
QCOM,2011-08-19,47.22999954223633,48.16999816894531,46.439998626708984,46.52000045776367,31.695829391479492,24555800
QCOM,2011-08-22,47.70000076293945,47.810001373291016,45.97999954223633,46.400001525878906,31.61408233642578,15673200
QCOM,2011-08-23,46.72999954223633,48.060001373291016,46.56999969482422,48.060001373291016,32.7451057434082,15315600
QCOM,2011-08-24,48.220001220703125,48.33000183105469,46.880001068115234,47.93000030517578,32.803279876708984,15209800
QCOM,2011-08-25,48.15999984741211,48.540000915527344,46.779998779296875,46.95000076293945,32.1325569152832,13935000
QCOM,2011-08-26,46.9900016784668,49.61000061035156,46.290000915527344,48.939998626708984,33.4945182800293,20783600
QCOM,2011-08-29,49.650001525878906,51.06999969482422,49.439998626708984,50.91999816894531,34.84961700439453,14572200
QCOM,2011-08-30,50.54999923706055,51.70000076293945,50.16999816894531,51.2400016784668,35.068641662597656,15801300
QCOM,2011-08-31,51.84000015258789,52.15999984741211,50.900001525878906,51.459999084472656,35.219207763671875,15897300
QCOM,2011-09-01,51.91999816894531,52.869998931884766,51.02000045776367,51.060001373291016,34.94544982910156,13690400
QCOM,2011-09-02,49.97999954223633,50.45000076293945,49.25,49.68000030517578,34.000972747802734,14692800
QCOM,2011-09-06,48.400001525878906,49.560001373291016,47.599998474121094,49.45000076293945,33.843570709228516,14432600
QCOM,2011-09-07,50.34000015258789,51.689998626708984,50.27000045776367,51.689998626708984,35.376617431640625,18934900
QCOM,2011-09-08,51.56999969482422,53.279998779296875,51.290000915527344,51.54999923706055,35.28080368041992,18431400
QCOM,2011-09-09,51.06999969482422,51.27000045776367,49.79999923706055,50.400001525878906,34.49374008178711,19825100
QCOM,2011-09-12,49.61000061035156,51.43000030517578,49.61000061035156,51.38999938964844,35.17129898071289,16409200
QCOM,2011-09-13,51.47999954223633,52.52000045776367,51.400001525878906,52.31999969482422,35.80779266357422,18400800
QCOM,2011-09-14,52.599998474121094,53.75,51.880001068115234,53.06999969482422,36.321083068847656,15498700
QCOM,2011-09-15,53.7400016784668,53.91999816894531,52.45000076293945,53.630001068115234,36.70436477661133,16107300
QCOM,2011-09-16,53.79999923706055,53.939998626708984,53.119998931884766,53.869998931884766,36.86861801147461,19353600
QCOM,2011-09-19,53.060001373291016,53.90999984741211,52.40999984741211,53.66999816894531,36.73171615600586,12067400
QCOM,2011-09-20,53.91999816894531,54.29999923706055,53.040000915527344,53.11000061035156,36.34846878051758,14759300
QCOM,2011-09-21,52.880001068115234,53.689998626708984,51.650001525878906,51.65999984741211,35.3560791015625,15156800
QCOM,2011-09-22,49.9900016784668,51.2599983215332,48.959999084472656,50.029998779296875,34.24052047729492,24362400
QCOM,2011-09-23,49.77000045776367,50.70000076293945,49.25,50.290000915527344,34.4184684753418,18270000
QCOM,2011-09-26,50.38999938964844,50.88999938964844,49.2400016784668,50.58000183105469,34.616939544677734,20218700
QCOM,2011-09-27,51.54999923706055,52.779998779296875,50.75,51.779998779296875,35.43820571899414,16746200
QCOM,2011-09-28,52.099998474121094,52.52000045776367,50.970001220703125,51.060001373291016,34.94544982910156,11527300
QCOM,2011-09-29,51.900001525878906,52.220001220703125,48.810001373291016,50.130001068115234,34.3089599609375,17633700
QCOM,2011-09-30,49.459999084472656,50.29999923706055,48.630001068115234,48.630001068115234,33.282352447509766,18776200
QCOM,2011-10-03,48.209999084472656,49.349998474121094,47.380001068115234,47.650001525878906,32.611637115478516,27986500
QCOM,2011-10-04,47.060001373291016,49.560001373291016,46.400001525878906,49.43000030517578,33.82987594604492,26093400
QCOM,2011-10-05,49.630001068115234,50.900001525878906,49.33000183105469,50.77000045776367,34.746978759765625,18589300
QCOM,2011-10-06,50.58000183105469,50.959999084472656,50.0,50.869998931884766,34.815425872802734,14772800
QCOM,2011-10-07,50.939998626708984,51.0,49.63999938964844,50.22999954223633,34.37739944458008,14967900
QCOM,2011-10-10,51.0099983215332,52.13999938964844,50.59000015258789,52.09000015258789,35.65037155151367,11462600
QCOM,2011-10-11,52.02000045776367,52.11000061035156,51.5099983215332,51.650001525878906,35.34922409057617,10261400
QCOM,2011-10-12,52.29999923706055,52.939998626708984,52.02000045776367,52.040000915527344,35.61614990234375,11140800
QCOM,2011-10-13,51.939998626708984,53.40999984741211,51.900001525878906,53.310001373291016,36.48533630371094,12541000
QCOM,2011-10-14,54.04999923706055,55.029998779296875,53.84000015258789,54.97999954223633,37.628292083740234,16257800
QCOM,2011-10-17,54.70000076293945,54.900001525878906,53.34000015258789,53.63999938964844,36.71119689941406,10745800
QCOM,2011-10-18,53.599998474121094,54.95000076293945,53.08000183105469,54.560001373291016,37.340850830078125,13141700
QCOM,2011-10-19,53.79999923706055,54.43000030517578,52.36000061035156,52.599998474121094,35.999412536621094,15090300
QCOM,2011-10-20,52.810001373291016,53.2599983215332,51.720001220703125,52.0099983215332,35.595619201660156,17086100
QCOM,2011-10-21,52.7599983215332,52.84000015258789,51.47999954223633,52.02000045776367,35.60246276855469,18194900
QCOM,2011-10-24,52.400001525878906,53.79999923706055,52.36000061035156,53.61000061035156,36.690670013427734,11234700
QCOM,2011-10-25,53.40999984741211,53.70000076293945,52.20000076293945,52.31999969482422,35.80779266357422,12847600
QCOM,2011-10-26,52.81999969482422,52.83000183105469,50.790000915527344,51.599998474121094,35.31501388549805,20141700
QCOM,2011-10-27,53.09000015258789,54.0,52.5,53.52000045776367,36.62907028198242,17147900
QCOM,2011-10-28,53.40999984741211,53.5,52.709999084472656,53.22999954223633,36.43060302734375,11445300
QCOM,2011-10-31,52.68000030517578,53.11000061035156,51.599998474121094,51.599998474121094,35.31501388549805,21419300
QCOM,2011-11-01,49.91999816894531,50.81999969482422,49.779998779296875,50.13999938964844,34.31581115722656,22660500
QCOM,2011-11-02,51.099998474121094,52.31999969482422,51.06999969482422,52.18000030517578,35.71197509765625,26757000
QCOM,2011-11-03,56.279998779296875,56.959999084472656,54.7599983215332,56.11000061035156,38.40165710449219,44713900
QCOM,2011-11-04,55.13999938964844,56.66999816894531,55.11000061035156,56.5,38.6685905456543,21851700
QCOM,2011-11-07,55.79999923706055,56.9900016784668,55.79999923706055,56.91999816894531,38.956031799316406,14850000
QCOM,2011-11-08,57.13999938964844,57.290000915527344,56.2599983215332,57.029998779296875,39.031314849853516,12956900
QCOM,2011-11-09,55.68000030517578,56.5,54.95000076293945,55.40999984741211,37.922576904296875,15984600
QCOM,2011-11-10,56.13999938964844,56.220001220703125,54.650001525878906,55.209999084472656,37.78570556640625,11669600
QCOM,2011-11-11,55.91999816894531,56.9900016784668,55.65999984741211,56.619998931884766,38.75069808959961,12743100
QCOM,2011-11-14,56.56999969482422,57.5,56.439998626708984,57.099998474121094,39.079227447509766,16660300
QCOM,2011-11-15,56.779998779296875,57.75,56.47999954223633,57.400001525878906,39.28453063964844,13231100
QCOM,2011-11-16,56.720001220703125,57.970001220703125,56.310001373291016,56.880001068115234,38.928653717041016,15504500
QCOM,2011-11-17,56.63999938964844,57.16999816894531,55.40999984741211,56.380001068115234,38.586448669433594,19433700
QCOM,2011-11-18,56.54999923706055,56.560001373291016,55.439998626708984,55.66999816894531,38.10052490234375,14375500
QCOM,2011-11-21,54.38999938964844,54.77000045776367,53.79999923706055,54.27000045776367,37.286376953125,15544300
QCOM,2011-11-22,53.939998626708984,55.02000045776367,53.93000030517578,54.47999954223633,37.4306526184082,13234300
QCOM,2011-11-23,53.41999816894531,53.47999954223633,51.599998474121094,52.029998779296875,35.74738311767578,24129500
QCOM,2011-11-25,51.68000030517578,53.0,51.68000030517578,51.86000061035156,35.63058090209961,8318700
QCOM,2011-11-28,53.41999816894531,54.040000915527344,53.189998626708984,53.939998626708984,37.05964279174805,12526700
QCOM,2011-11-29,53.9900016784668,54.58000183105469,52.849998474121094,53.11000061035156,36.48939895629883,13534500
QCOM,2011-11-30,54.79999923706055,55.119998931884766,54.08000183105469,54.79999923706055,37.650516510009766,18229000
QCOM,2011-12-01,54.70000076293945,55.09000015258789,54.36000061035156,54.72999954223633,37.602413177490234,9834300
QCOM,2011-12-02,55.400001525878906,55.70000076293945,54.290000915527344,54.34000015258789,37.33445739746094,12762900
QCOM,2011-12-05,55.16999816894531,55.18000030517578,53.689998626708984,54.4900016784668,37.437530517578125,14662200
QCOM,2011-12-06,54.61000061035156,55.15999984741211,54.04999923706055,54.83000183105469,37.67111587524414,10991200
QCOM,2011-12-07,54.529998779296875,54.7400016784668,53.54999923706055,54.45000076293945,37.4100341796875,13303600
QCOM,2011-12-08,54.04999923706055,54.9900016784668,53.880001068115234,54.06999969482422,37.14896011352539,15566800
QCOM,2011-12-09,53.9900016784668,55.400001525878906,53.75,55.18000030517578,37.911590576171875,11624600
QCOM,2011-12-12,54.40999984741211,54.86000061035156,54.0,54.779998779296875,37.63677978515625,9916800
QCOM,2011-12-13,55.38999938964844,55.72999954223633,53.790000915527344,54.189998626708984,37.231407165527344,13936000
QCOM,2011-12-14,54.18000030517578,54.310001373291016,52.689998626708984,53.099998474121094,36.48252487182617,12866900
QCOM,2011-12-15,53.75,53.77000045776367,52.189998626708984,52.54999923706055,36.10464096069336,11703900
QCOM,2011-12-16,52.900001525878906,53.83000183105469,52.41999816894531,52.61000061035156,36.145870208740234,19842900
QCOM,2011-12-19,53.0,53.06999969482422,51.7599983215332,51.91999816894531,35.67179870605469,11687300
QCOM,2011-12-20,52.869998931884766,54.34000015258789,52.790000915527344,54.11000061035156,37.17644119262695,14330300
QCOM,2011-12-21,54.189998626708984,54.400001525878906,52.79999923706055,53.4900016784668,36.75047302246094,9900600
QCOM,2011-12-22,53.4900016784668,54.52000045776367,53.459999084472656,54.380001068115234,37.361942291259766,8842100
QCOM,2011-12-23,54.599998474121094,54.7400016784668,53.95000076293945,54.630001068115234,37.5337028503418,5670400
QCOM,2011-12-27,54.29999923706055,54.9900016784668,54.0099983215332,54.869998931884766,37.69859313964844,6505300
QCOM,2011-12-28,54.79999923706055,54.95000076293945,54.08000183105469,54.34000015258789,37.33445739746094,7060400
QCOM,2011-12-29,54.459999084472656,54.939998626708984,54.43000030517578,54.849998474121094,37.68485641479492,5869300
QCOM,2011-12-30,54.68000030517578,54.9900016784668,54.65999984741211,54.70000076293945,37.58180618286133,4839700
QCOM,2012-01-03,55.880001068115234,55.97999954223633,54.66999816894531,55.27000045776367,37.97343444824219,11238300
QCOM,2012-01-04,55.220001220703125,56.20000076293945,54.560001373291016,55.83000183105469,38.358184814453125,17589100
QCOM,2012-01-05,55.869998931884766,56.20000076293945,55.290000915527344,56.060001373291016,38.516212463378906,11518500
QCOM,2012-01-06,55.90999984741211,56.400001525878906,55.86000061035156,56.15999984741211,38.58488845825195,8040100
QCOM,2012-01-09,56.13999938964844,56.36000061035156,55.43000030517578,55.90999984741211,38.413143157958984,12663500
QCOM,2012-01-10,56.560001373291016,56.599998474121094,55.720001220703125,55.75,38.30320739746094,11673300
QCOM,2012-01-11,55.75,56.029998779296875,55.54999923706055,55.619998931884766,38.21389389038086,7140200
QCOM,2012-01-12,55.61000061035156,56.5099983215332,55.47999954223633,56.33000183105469,38.70169448852539,11387500
QCOM,2012-01-13,55.939998626708984,56.72999954223633,55.91999816894531,56.540000915527344,38.845977783203125,10517600
QCOM,2012-01-17,56.93000030517578,57.7400016784668,56.720001220703125,57.13999938964844,39.25821304321289,12411500
QCOM,2012-01-18,57.119998931884766,57.90999984741211,56.959999084472656,57.59000015258789,39.5673942565918,13313700
QCOM,2012-01-19,57.709999084472656,58.2400016784668,57.470001220703125,58.0,39.84907913208008,13298900
QCOM,2012-01-20,58.02000045776367,58.099998474121094,57.470001220703125,57.72999954223633,39.663570404052734,16538600
QCOM,2012-01-23,57.939998626708984,58.720001220703125,57.86000061035156,58.150001525878906,39.95213317871094,13223800
QCOM,2012-01-24,57.7599983215332,58.68000030517578,57.56999969482422,58.68000030517578,40.3162727355957,11490300
QCOM,2012-01-25,59.119998931884766,59.5,58.529998779296875,58.9900016784668,40.529258728027344,21441100
QCOM,2012-01-26,59.130001068115234,59.349998474121094,57.540000915527344,57.810001373291016,39.718536376953125,20419500
QCOM,2012-01-27,57.54999923706055,58.150001525878906,57.540000915527344,57.790000915527344,39.70479965209961,10295900
QCOM,2012-01-30,57.2400016784668,58.63999938964844,57.029998779296875,58.630001068115234,40.281917572021484,13061700
QCOM,2012-01-31,58.95000076293945,59.349998474121094,58.599998474121094,58.81999969482422,40.41246032714844,13551300
QCOM,2012-02-01,59.47999954223633,59.75,58.790000915527344,59.560001373291016,40.92088317871094,27741800
QCOM,2012-02-02,61.029998779296875,61.95000076293945,60.599998474121094,60.72999954223633,41.724735260009766,34830000
QCOM,2012-02-03,60.9900016784668,61.33000183105469,60.61000061035156,61.060001373291016,41.95146942138672,17428700
QCOM,2012-02-06,60.81999969482422,61.119998931884766,60.540000915527344,61.06999969482422,41.95833969116211,11060800
QCOM,2012-02-07,60.810001373291016,61.619998931884766,60.540000915527344,61.54999923706055,42.288124084472656,12395300
QCOM,2012-02-08,61.41999816894531,61.66999816894531,60.939998626708984,61.470001220703125,42.233150482177734,11454900
QCOM,2012-02-09,61.59000015258789,61.9900016784668,61.38999938964844,61.939998626708984,42.556060791015625,13895400
QCOM,2012-02-10,61.43000030517578,61.79999923706055,61.2400016784668,61.72999954223633,42.41179275512695,10376500
QCOM,2012-02-13,61.9900016784668,61.9900016784668,61.20000076293945,61.7400016784668,42.41866683959961,9318000
QCOM,2012-02-14,61.52000045776367,61.709999084472656,61.099998474121094,61.709999084472656,42.398033142089844,8913400
QCOM,2012-02-15,61.810001373291016,61.9900016784668,61.36000061035156,61.58000183105469,42.30873489379883,10839600
QCOM,2012-02-16,61.790000915527344,62.400001525878906,61.560001373291016,62.27000045776367,42.782798767089844,12328800
QCOM,2012-02-17,62.2599983215332,62.709999084472656,62.0,62.52000045776367,42.95455551147461,14729200
QCOM,2012-02-21,62.65999984741211,62.93000030517578,62.349998474121094,62.779998779296875,43.13319396972656,8631500
QCOM,2012-02-22,62.650001525878906,62.939998626708984,62.439998626708984,62.54999923706055,42.97515869140625,7782600
QCOM,2012-02-23,62.54999923706055,63.65999984741211,62.31999969482422,63.5099983215332,43.63474655151367,12639300
QCOM,2012-02-24,63.79999923706055,63.810001373291016,63.369998931884766,63.439998626708984,43.58664321899414,7904800
QCOM,2012-02-27,62.900001525878906,63.61000061035156,62.75,63.310001373291016,43.4973258972168,9785200
QCOM,2012-02-28,63.400001525878906,63.45000076293945,62.4900016784668,62.68000030517578,43.06449508666992,12045600
QCOM,2012-02-29,62.65999984741211,62.970001220703125,62.0,62.18000030517578,42.86801528930664,13508600
QCOM,2012-03-01,62.209999084472656,62.88999938964844,62.150001525878906,62.61000061035156,43.16444778442383,9941100
QCOM,2012-03-02,62.68000030517578,62.7400016784668,62.15999984741211,62.43000030517578,43.040367126464844,6715500
QCOM,2012-03-05,62.22999954223633,62.31999969482422,61.5099983215332,62.11000061035156,42.81974411010742,9243000
QCOM,2012-03-06,61.77000045776367,62.45000076293945,60.93000030517578,61.560001373291016,42.44055938720703,14198800
QCOM,2012-03-07,61.810001373291016,62.95000076293945,61.4900016784668,62.720001220703125,43.24028778076172,12337300
QCOM,2012-03-08,62.9900016784668,63.63999938964844,62.869998931884766,63.31999969482422,43.65393829345703,10566200
QCOM,2012-03-09,63.59000015258789,64.27999877929688,63.43000030517578,63.93000030517578,44.07448196411133,12233300
QCOM,2012-03-12,63.95000076293945,64.19000244140625,63.459999084472656,63.849998474121094,44.01932907104492,7606300
QCOM,2012-03-13,64.16000366210938,64.88999938964844,64.1500015258789,64.8499984741211,44.70875549316406,11908300
QCOM,2012-03-14,64.80999755859375,65.55999755859375,64.69999694824219,65.11000061035156,44.88800811767578,15126300
QCOM,2012-03-15,65.27999877929688,65.48999786376953,64.87999725341797,65.20999908447266,44.956939697265625,10019900
QCOM,2012-03-16,65.16999816894531,65.62000274658203,65.08000183105469,65.41000366210938,45.094825744628906,17787900
QCOM,2012-03-19,65.83999633789062,67.0,65.54000091552734,66.75,46.01863479614258,14613100
QCOM,2012-03-20,66.43000030517578,66.81999969482422,66.33000183105469,66.75,46.01863479614258,11400500
QCOM,2012-03-21,66.8499984741211,66.9000015258789,65.9000015258789,66.43000030517578,45.79801559448242,13452600
QCOM,2012-03-22,66.2300033569336,66.41000366210938,65.94999694824219,66.29000091552734,45.70151138305664,7652100
QCOM,2012-03-23,66.5,66.73999786376953,65.69000244140625,66.68000030517578,45.970401763916016,9777200
QCOM,2012-03-26,67.33999633789062,68.70999908447266,67.30000305175781,68.58999633789062,47.28717041015625,17106600
QCOM,2012-03-27,68.58999633789062,68.87000274658203,68.33999633789062,68.48999786376953,47.21822738647461,10089300
QCOM,2012-03-28,68.18000030517578,68.68000030517578,67.33999633789062,68.12000274658203,46.9631462097168,10022800
QCOM,2012-03-29,67.87999725341797,67.98999786376953,67.30000305175781,67.93000030517578,46.8321533203125,8426900
QCOM,2012-03-30,68.25,68.27999877929688,67.76000213623047,68.05999755859375,46.921791076660156,8117900
QCOM,2012-04-02,68.25,68.83000183105469,67.5,68.31999969482422,47.10102462768555,10440400
QCOM,2012-04-03,68.41000366210938,68.7699966430664,67.7300033569336,68.12999725341797,46.97004699707031,10812400
QCOM,2012-04-04,67.33999633789062,67.70999908447266,66.83999633789062,67.38999938964844,46.459877014160156,10898900
QCOM,2012-04-05,67.30999755859375,67.5999984741211,67.06999969482422,67.19000244140625,46.32201385498047,15585300
QCOM,2012-04-09,66.12000274658203,67.7699966430664,65.58000183105469,66.5,45.84629440307617,9976300
QCOM,2012-04-10,66.68000030517578,67.0999984741211,66.06999969482422,66.22000122070312,45.65324783325195,17300900
QCOM,2012-04-11,66.91999816894531,67.5,66.0999984741211,66.22000122070312,45.65324783325195,11825700
QCOM,2012-04-12,66.5199966430664,68.56999969482422,66.31999969482422,68.33000183105469,47.107933044433594,15714300
QCOM,2012-04-13,68.0,68.12999725341797,66.58999633789062,66.66999816894531,45.963497161865234,15743500
QCOM,2012-04-16,67.33999633789062,67.5,65.52999877929688,66.25,45.67393493652344,16189600
QCOM,2012-04-17,66.7699966430664,67.87999725341797,66.43000030517578,67.2300033569336,46.34956359863281,14001700
QCOM,2012-04-18,67.44999694824219,67.5,66.54000091552734,66.98999786376953,46.184104919433594,21913700
QCOM,2012-04-19,63.470001220703125,64.8499984741211,62.2599983215332,62.560001373291016,43.129974365234375,41688100
QCOM,2012-04-20,62.84000015258789,63.310001373291016,62.220001220703125,62.25,42.9162483215332,23033000
QCOM,2012-04-23,61.81999969482422,62.040000915527344,61.36000061035156,61.560001373291016,42.44055938720703,14149300
QCOM,2012-04-24,61.5,62.459999084472656,61.2599983215332,61.86000061035156,42.64738082885742,15974500
QCOM,2012-04-25,63.029998779296875,63.5099983215332,62.65999984741211,63.2599983215332,43.61258316040039,16700900
QCOM,2012-04-26,63.31999969482422,63.9900016784668,63.099998474121094,63.90999984741211,44.060691833496094,11419800
QCOM,2012-04-27,64.37000274658203,64.48999786376953,63.91999816894531,64.18000030517578,44.24685287475586,7323100
QCOM,2012-04-30,63.97999954223633,64.12999725341797,63.400001525878906,63.83000183105469,44.00552749633789,8570800
QCOM,2012-05-01,63.81999969482422,64.62999725341797,63.38999938964844,63.63999938964844,43.87453842163086,10756200
QCOM,2012-05-02,63.209999084472656,64.30000305175781,62.7599983215332,64.23999786376953,44.288204193115234,10374400
QCOM,2012-05-03,64.4800033569336,64.72000122070312,63.459999084472656,63.54999923706055,43.81250762939453,8055800
QCOM,2012-05-04,63.040000915527344,63.06999969482422,61.380001068115234,61.90999984741211,42.68185806274414,14060800
QCOM,2012-05-07,61.279998779296875,62.310001373291016,61.25,61.91999816894531,42.68874740600586,8798200
QCOM,2012-05-08,61.72999954223633,62.810001373291016,60.86000061035156,62.66999816894531,43.20582580566406,14090600
QCOM,2012-05-09,61.95000076293945,62.900001525878906,61.810001373291016,62.0099983215332,42.75080108642578,12259900
QCOM,2012-05-10,62.59000015258789,62.79999923706055,62.220001220703125,62.47999954223633,43.07483673095703,8300000
QCOM,2012-05-11,62.04999923706055,63.060001373291016,61.56999969482422,61.86000061035156,42.64738082885742,9305500
QCOM,2012-05-14,61.16999816894531,62.130001068115234,60.970001220703125,61.459999084472656,42.371612548828125,7552900
QCOM,2012-05-15,61.54999923706055,62.5,61.27000045776367,61.439998626708984,42.35783767700195,10579300
QCOM,2012-05-16,61.65999984741211,61.93000030517578,59.06999969482422,59.11000061035156,40.751487731933594,21045600
QCOM,2012-05-17,59.2599983215332,59.36000061035156,56.54999923706055,57.15999984741211,39.4071159362793,24028100
QCOM,2012-05-18,57.459999084472656,58.29999923706055,55.720001220703125,55.97999954223633,38.593597412109375,20135200
QCOM,2012-05-21,55.849998474121094,57.58000183105469,55.849998474121094,57.220001220703125,39.448490142822266,20321700
QCOM,2012-05-22,57.40999984741211,58.29999923706055,57.349998474121094,57.93000030517578,39.93797302246094,16014200
QCOM,2012-05-23,57.5,58.41999816894531,57.09000015258789,58.13999938964844,40.082759857177734,15300000
QCOM,2012-05-24,58.40999984741211,58.68000030517578,56.650001525878906,57.150001525878906,39.400238037109375,13447300
QCOM,2012-05-25,57.20000076293945,57.72999954223633,57.0,57.31999969482422,39.51742935180664,8024300
QCOM,2012-05-29,57.900001525878906,58.75,57.61000061035156,58.38999938964844,40.2551155090332,10972600
QCOM,2012-05-30,57.4900016784668,58.0099983215332,56.869998931884766,57.45000076293945,39.777374267578125,11060800
QCOM,2012-05-31,57.290000915527344,57.709999084472656,56.29999923706055,57.310001373291016,39.68042755126953,13411000
QCOM,2012-06-01,55.970001220703125,56.40999984741211,54.849998474121094,55.119998931884766,38.16411590576172,17494600
QCOM,2012-06-04,55.119998931884766,55.91999816894531,54.91999816894531,55.849998474121094,38.6695556640625,12294600
QCOM,2012-06-05,55.540000915527344,57.29999923706055,55.45000076293945,57.18000030517578,39.59041976928711,11730700
QCOM,2012-06-06,57.400001525878906,58.560001373291016,57.25,58.400001525878906,40.43513107299805,12956000
QCOM,2012-06-07,59.13999938964844,59.5,57.83000183105469,58.0,40.15818405151367,9156700
QCOM,2012-06-08,57.93000030517578,58.91999816894531,57.540000915527344,58.7599983215332,40.68438720703125,8861500
QCOM,2012-06-11,58.970001220703125,59.290000915527344,57.66999816894531,57.790000915527344,40.01276779174805,12484000
QCOM,2012-06-12,57.95000076293945,59.45000076293945,57.599998474121094,59.400001525878906,41.12751770019531,14961900
QCOM,2012-06-13,59.349998474121094,59.689998626708984,58.66999816894531,58.939998626708984,40.80901336669922,7527900
QCOM,2012-06-14,58.88999938964844,58.88999938964844,56.0099983215332,56.790000915527344,39.32038497924805,27236900
QCOM,2012-06-15,56.38999938964844,57.15999984741211,55.619998931884766,56.5,39.11960220336914,30969900
QCOM,2012-06-18,56.119998931884766,57.29999923706055,55.79999923706055,56.77000045776367,39.30653762817383,12788200
QCOM,2012-06-19,56.77000045776367,57.31999969482422,56.66999816894531,57.02000045776367,39.47964859008789,10031500
QCOM,2012-06-20,57.18000030517578,57.68000030517578,56.65999984741211,57.0,39.465782165527344,13417100
QCOM,2012-06-21,57.16999816894531,57.349998474121094,55.040000915527344,55.130001068115234,38.171043395996094,15252300
QCOM,2012-06-22,55.27000045776367,55.939998626708984,55.13999938964844,55.63999938964844,38.52414321899414,13144700
QCOM,2012-06-25,55.130001068115234,55.369998931884766,53.45000076293945,53.560001373291016,37.08400344848633,18901100
QCOM,2012-06-26,53.77000045776367,54.4900016784668,53.40999984741211,53.91999816894531,37.333251953125,14081800
QCOM,2012-06-27,53.900001525878906,55.439998626708984,53.84000015258789,54.90999984741211,38.018707275390625,11946400
QCOM,2012-06-28,54.58000183105469,55.20000076293945,53.77000045776367,54.29999923706055,37.59635925292969,13326100
QCOM,2012-06-29,55.709999084472656,55.95000076293945,54.470001220703125,55.68000030517578,38.55186080932617,13548300
QCOM,2012-07-02,55.650001525878906,55.86000061035156,54.869998931884766,55.66999816894531,38.5449333190918,9894500
QCOM,2012-07-03,55.91999816894531,56.540000915527344,55.75,56.2599983215332,38.95344161987305,7578700
QCOM,2012-07-05,56.27000045776367,56.68000030517578,55.77000045776367,56.25,38.94649887084961,10344500
QCOM,2012-07-06,55.869998931884766,56.22999954223633,54.83000183105469,55.310001373291016,38.2956657409668,8514400
QCOM,2012-07-09,55.38999938964844,56.0,54.93000030517578,55.31999969482422,38.30259704589844,7805700
QCOM,2012-07-10,55.4900016784668,55.86000061035156,54.79999923706055,55.16999816894531,38.19873046875,10072300
QCOM,2012-07-11,54.970001220703125,55.150001525878906,53.619998931884766,54.369998931884766,37.644832611083984,14663200
QCOM,2012-07-12,53.84000015258789,54.38999938964844,53.11000061035156,53.72999954223633,37.201698303222656,11685300
QCOM,2012-07-13,53.63999938964844,55.189998626708984,53.619998931884766,54.97999954223633,38.06717300415039,10125400
QCOM,2012-07-16,55.2599983215332,55.33000183105469,53.959999084472656,54.36000061035156,37.63790512084961,11611400
QCOM,2012-07-17,54.599998474121094,55.33000183105469,53.09000015258789,54.459999084472656,37.70714569091797,15934200
QCOM,2012-07-18,54.560001373291016,56.63999938964844,54.54999923706055,56.04999923706055,38.80803680419922,21808000
QCOM,2012-07-19,58.849998474121094,58.88999938964844,57.4900016784668,58.439998626708984,40.462825775146484,26039100
QCOM,2012-07-20,58.189998626708984,58.59000015258789,57.630001068115234,57.68000030517578,39.936607360839844,12627500
QCOM,2012-07-23,56.529998779296875,57.65999984741211,56.06999969482422,57.31999969482422,39.68735122680664,11996000
QCOM,2012-07-24,57.43000030517578,57.4900016784668,56.29999923706055,56.790000915527344,39.32038497924805,8767200
QCOM,2012-07-25,56.689998626708984,57.709999084472656,56.400001525878906,57.279998779296875,39.65966033935547,10990200
QCOM,2012-07-26,58.040000915527344,58.77000045776367,57.7400016784668,58.209999084472656,40.303585052490234,10885800
QCOM,2012-07-27,58.81999969482422,59.529998779296875,58.310001373291016,59.34000015258789,41.08596420288086,12054200
QCOM,2012-07-30,59.22999954223633,59.86000061035156,58.959999084472656,59.150001525878906,40.954429626464844,7936700
QCOM,2012-07-31,59.189998626708984,60.189998626708984,59.150001525878906,59.68000030517578,41.32136917114258,12198300
QCOM,2012-08-01,60.09000015258789,60.16999816894531,59.060001373291016,59.52000045776367,41.210601806640625,8362600
QCOM,2012-08-02,58.7400016784668,59.70000076293945,58.15999984741211,58.880001068115234,40.76747512817383,9858200
QCOM,2012-08-03,59.91999816894531,60.349998474121094,59.310001373291016,60.2400016784668,41.70911407470703,9843000
QCOM,2012-08-06,60.40999984741211,60.5,60.0099983215332,60.130001068115234,41.63295364379883,7178400
QCOM,2012-08-07,60.33000183105469,61.400001525878906,60.2400016784668,61.34000015258789,42.470733642578125,10143300
QCOM,2012-08-08,61.2400016784668,61.54999923706055,60.97999954223633,61.45000076293945,42.54689025878906,6544000
QCOM,2012-08-09,61.529998779296875,62.0,61.27000045776367,62.0,42.9277229309082,7022400
QCOM,2012-08-10,61.709999084472656,62.04999923706055,61.36000061035156,61.97999954223633,42.91386795043945,5528500
QCOM,2012-08-13,61.630001068115234,62.189998626708984,61.439998626708984,62.099998474121094,42.9969367980957,10550300
QCOM,2012-08-14,62.40999984741211,63.09000015258789,62.15999984741211,62.38999938964844,43.19773483276367,10231100
QCOM,2012-08-15,62.209999084472656,62.790000915527344,61.90999984741211,62.52000045776367,43.28774642944336,7968200
QCOM,2012-08-16,62.70000076293945,63.0,62.5099983215332,62.56999969482422,43.322364807128906,9448300
QCOM,2012-08-17,62.900001525878906,63.34000015258789,62.54999923706055,63.290000915527344,43.82087707519531,13204000
QCOM,2012-08-20,63.099998474121094,63.290000915527344,62.349998474121094,62.79999923706055,43.48162078857422,7624000
QCOM,2012-08-21,62.79999923706055,63.290000915527344,61.59000015258789,62.08000183105469,42.98309326171875,12461300
QCOM,2012-08-22,62.150001525878906,62.470001220703125,61.650001525878906,62.16999816894531,43.0453987121582,7209900
QCOM,2012-08-23,62.040000915527344,62.33000183105469,61.75,62.040000915527344,42.95541000366211,5463600
QCOM,2012-08-24,61.97999954223633,62.619998931884766,61.75,62.43000030517578,43.22542953491211,6402100
QCOM,2012-08-27,62.540000915527344,62.61000061035156,62.029998779296875,62.369998931884766,43.183895111083984,5579600
QCOM,2012-08-28,62.220001220703125,62.54999923706055,61.869998931884766,62.0099983215332,42.93463134765625,7113600
QCOM,2012-08-29,61.97999954223633,62.459999084472656,61.779998779296875,62.11000061035156,43.00386428833008,7550600
QCOM,2012-08-30,61.63999938964844,61.970001220703125,61.06999969482422,61.20000076293945,42.37379455566406,7724400
QCOM,2012-08-31,61.59000015258789,61.70000076293945,60.779998779296875,61.459999084472656,42.553810119628906,9017800
QCOM,2012-09-04,61.20000076293945,61.400001525878906,60.41999816894531,60.810001373291016,42.10376739501953,9460200
QCOM,2012-09-05,60.70000076293945,60.880001068115234,60.279998779296875,60.68000030517578,42.18719482421875,7637100
QCOM,2012-09-06,61.29999923706055,62.66999816894531,61.20000076293945,62.619998931884766,43.535972595214844,11152700
QCOM,2012-09-07,62.5,62.959999084472656,61.880001068115234,61.93000030517578,43.056251525878906,11786200
QCOM,2012-09-10,61.9900016784668,62.66999816894531,61.13999938964844,61.290000915527344,42.61130142211914,12110300
QCOM,2012-09-11,61.310001373291016,62.15999984741211,61.29999923706055,61.849998474121094,43.000633239746094,9352200
QCOM,2012-09-12,62.29999923706055,62.630001068115234,61.970001220703125,62.439998626708984,43.41082000732422,8675400
QCOM,2012-09-13,62.58000183105469,64.25,62.5,63.849998474121094,44.39110565185547,13965900
QCOM,2012-09-14,64.16999816894531,65.27999877929688,64.06999969482422,64.87999725341797,45.10719680786133,15970700
QCOM,2012-09-17,65.04000091552734,65.05000305175781,64.43000030517578,64.80999755859375,45.05855178833008,10085900
QCOM,2012-09-18,64.61000061035156,65.3499984741211,64.5,65.08000183105469,45.24625778198242,8571000
QCOM,2012-09-19,65.04000091552734,65.44999694824219,64.51000213623047,65.08000183105469,45.24625778198242,10002100
QCOM,2012-09-20,64.6500015258789,64.76000213623047,63.189998626708984,64.3499984741211,44.738731384277344,13921400
QCOM,2012-09-21,64.79000091552734,64.95999908447266,64.2300033569336,64.2699966430664,44.6831169128418,18609400
QCOM,2012-09-24,63.5,63.900001525878906,63.040000915527344,63.66999816894531,44.26597595214844,11306100
QCOM,2012-09-25,64.01000213623047,64.36000061035156,62.68000030517578,62.72999954223633,43.6124382019043,13227400
QCOM,2012-09-26,62.650001525878906,63.34000015258789,62.06999969482422,62.31999969482422,43.327396392822266,10807500
QCOM,2012-09-27,62.52000045776367,63.70000076293945,62.38999938964844,63.4900016784668,44.14081954956055,8481900
QCOM,2012-09-28,63.060001373291016,63.220001220703125,62.27000045776367,62.470001220703125,43.43167495727539,9603100
QCOM,2012-10-01,62.72999954223633,62.790000915527344,61.529998779296875,61.90999984741211,43.04235076904297,10629900
QCOM,2012-10-02,62.130001068115234,62.310001373291016,61.52000045776367,61.790000915527344,42.958919525146484,8103700
QCOM,2012-10-03,62.150001525878906,62.369998931884766,61.630001068115234,62.06999969482422,43.15358352661133,7533700
QCOM,2012-10-04,62.150001525878906,62.779998779296875,61.66999816894531,62.650001525878906,43.556819915771484,7068600
QCOM,2012-10-05,63.040000915527344,63.75,62.41999816894531,62.63999938964844,43.54987335205078,10025500
QCOM,2012-10-08,62.04999923706055,62.31999969482422,61.380001068115234,61.400001525878906,42.68778610229492,9243200
QCOM,2012-10-09,61.279998779296875,61.650001525878906,60.290000915527344,60.38999938964844,41.985591888427734,12914100
QCOM,2012-10-10,60.20000076293945,60.27000045776367,59.650001525878906,59.779998779296875,41.56148147583008,11534500
QCOM,2012-10-11,60.45000076293945,60.5099983215332,59.15999984741211,59.209999084472656,41.165199279785156,8893100
QCOM,2012-10-12,59.20000076293945,59.22999954223633,58.099998474121094,58.88999938964844,40.94271469116211,14967800
QCOM,2012-10-15,59.22999954223633,59.470001220703125,58.2400016784668,59.290000915527344,41.220821380615234,13527900
QCOM,2012-10-16,59.4900016784668,60.45000076293945,59.20000076293945,60.36000061035156,41.9647216796875,10443200
QCOM,2012-10-17,59.880001068115234,61.2599983215332,59.880001068115234,60.97999954223633,42.39576721191406,11048200
QCOM,2012-10-18,61.029998779296875,61.040000915527344,59.61000061035156,59.959999084472656,41.686622619628906,15806600
QCOM,2012-10-19,59.9900016784668,59.9900016784668,58.5,58.75,40.84539031982422,14977800
QCOM,2012-10-22,58.5,58.779998779296875,58.029998779296875,58.68000030517578,40.79672622680664,10730700
QCOM,2012-10-23,58.09000015258789,58.689998626708984,57.66999816894531,58.310001373291016,40.53948974609375,9623200
QCOM,2012-10-24,58.81999969482422,58.939998626708984,57.470001220703125,57.630001068115234,40.06672286987305,11584500
QCOM,2012-10-25,57.9900016784668,58.209999084472656,57.290000915527344,57.43000030517578,39.92766189575195,8927700
QCOM,2012-10-26,57.79999923706055,59.209999084472656,57.70000076293945,59.040000915527344,41.04701232910156,13502400
QCOM,2012-10-31,59.150001525878906,59.47999954223633,58.31999969482422,58.61000061035156,40.7480583190918,10695100
QCOM,2012-11-01,58.709999084472656,59.869998931884766,58.52000045776367,59.72999954223633,41.526710510253906,9562000
QCOM,2012-11-02,60.0,60.099998474121094,59.220001220703125,59.29999923706055,41.22777557373047,7999300
QCOM,2012-11-05,60.13999938964844,60.54999923706055,59.79999923706055,60.43000030517578,42.013389587402344,10384000
QCOM,2012-11-06,60.54999923706055,60.720001220703125,60.0099983215332,60.369998931884766,41.97167205810547,9513000
QCOM,2012-11-07,59.400001525878906,59.709999084472656,58.11000061035156,58.119998931884766,40.40738296508789,22730600
QCOM,2012-11-08,62.7599983215332,62.79999923706055,60.380001068115234,60.66999816894531,42.18024444580078,32220300
QCOM,2012-11-09,61.119998931884766,62.2400016784668,61.040000915527344,61.619998931884766,42.84071350097656,17209200
QCOM,2012-11-12,61.84000015258789,62.119998931884766,61.150001525878906,61.619998931884766,42.84071350097656,8222800
QCOM,2012-11-13,61.34000015258789,62.7599983215332,61.20000076293945,62.130001068115234,43.1953125,13091200
QCOM,2012-11-14,62.33000183105469,62.56999969482422,61.52000045776367,61.72999954223633,42.91719436645508,15412500
QCOM,2012-11-15,61.63999938964844,62.290000915527344,60.84000015258789,61.279998779296875,42.604347229003906,14634500
QCOM,2012-11-16,61.380001068115234,62.029998779296875,60.75,61.93000030517578,43.056251525878906,15580300
QCOM,2012-11-19,62.5,62.54999923706055,62.04999923706055,62.09000015258789,43.16749572753906,12168800
QCOM,2012-11-20,61.95000076293945,62.33000183105469,61.380001068115234,62.13999938964844,43.2022590637207,9751700
QCOM,2012-11-21,62.16999816894531,62.54999923706055,61.880001068115234,62.13999938964844,43.2022590637207,7841800
QCOM,2012-11-23,62.349998474121094,63.15999984741211,62.20000076293945,63.130001068115234,43.89052963256836,4803200
QCOM,2012-11-26,62.75,63.040000915527344,62.040000915527344,62.4900016784668,43.445594787597656,11120000
QCOM,2012-11-27,62.61000061035156,62.720001220703125,61.93000030517578,62.2599983215332,43.28568649291992,9150100
QCOM,2012-11-28,61.86000061035156,62.68000030517578,61.66999816894531,62.650001525878906,43.556819915771484,9932500
QCOM,2012-11-29,63.04999923706055,63.68000030517578,62.880001068115234,63.349998474121094,44.043487548828125,11977500
QCOM,2012-11-30,63.619998931884766,63.810001373291016,63.15999984741211,63.619998931884766,44.23120880126953,13017300
QCOM,2012-12-03,63.90999984741211,63.95000076293945,63.2400016784668,63.369998931884766,44.05739974975586,8558400
QCOM,2012-12-04,63.439998626708984,63.58000183105469,63.0,63.470001220703125,44.12691879272461,10194200
QCOM,2012-12-05,63.09000015258789,63.97999954223633,62.970001220703125,63.630001068115234,44.41310501098633,11632000
QCOM,2012-12-06,63.599998474121094,64.19999694824219,63.400001525878906,64.19999694824219,44.810951232910156,8947000
QCOM,2012-12-07,64.31999969482422,64.4000015258789,63.47999954223633,63.86000061035156,44.57362747192383,9271900
QCOM,2012-12-10,63.79999923706055,64.23999786376953,63.66999816894531,63.93000030517578,44.62249755859375,7277600
QCOM,2012-12-11,64.16999816894531,64.66999816894531,64.08999633789062,64.3499984741211,44.9156494140625,9745700
QCOM,2012-12-12,64.51000213623047,64.72000122070312,63.33000183105469,63.4900016784668,44.31537628173828,11690000
QCOM,2012-12-13,63.06999969482422,64.01000213623047,62.5,62.7599983215332,43.80584716796875,12997200
QCOM,2012-12-14,61.58000183105469,61.970001220703125,59.439998626708984,59.83000183105469,41.76072311401367,37041800
QCOM,2012-12-17,60.209999084472656,62.060001373291016,59.900001525878906,62.040000915527344,43.30330276489258,20747200
QCOM,2012-12-18,62.400001525878906,63.45000076293945,62.150001525878906,63.36000061035156,44.224647521972656,12934000
QCOM,2012-12-19,63.310001373291016,63.540000915527344,62.529998779296875,62.54999923706055,43.659263610839844,14141800
QCOM,2012-12-20,62.93000030517578,63.15999984741211,62.529998779296875,62.86000061035156,43.875633239746094,10469400
QCOM,2012-12-21,61.5099983215332,62.5099983215332,61.36000061035156,61.61000061035156,43.00314712524414,20090400
QCOM,2012-12-24,61.5,61.95000076293945,61.400001525878906,61.900001525878906,43.205570220947266,5774900
QCOM,2012-12-26,61.880001068115234,62.2599983215332,61.29999923706055,61.59000015258789,42.98920440673828,7072600
QCOM,2012-12-27,61.56999969482422,61.75,60.720001220703125,61.5099983215332,42.933353424072266,8218400
QCOM,2012-12-28,61.150001525878906,61.599998474121094,60.54999923706055,60.63999938964844,42.32610321044922,7946400
QCOM,2012-12-31,60.52000045776367,62.25,60.220001220703125,61.86000061035156,43.177650451660156,15214600
QCOM,2013-01-02,63.58000183105469,64.75,63.540000915527344,64.75,45.19484329223633,17582200
QCOM,2013-01-03,64.81999969482422,65.19000244140625,64.08999633789062,64.44999694824219,44.98543930053711,14118200
QCOM,2013-01-04,64.0999984741211,64.3499984741211,63.220001220703125,63.5,44.322357177734375,13918300
QCOM,2013-01-07,63.349998474121094,64.23999786376953,63.15999984741211,64.01000213623047,44.6783332824707,10310100
QCOM,2013-01-08,64.55999755859375,64.63999938964844,63.599998474121094,63.90999984741211,44.6085319519043,12856700
QCOM,2013-01-09,64.3499984741211,64.95999908447266,64.2699966430664,64.87999725341797,45.28557205200195,12374300
QCOM,2013-01-10,65.47000122070312,65.52999877929688,64.38999938964844,64.77999877929688,45.21577835083008,13114000
QCOM,2013-01-11,64.77999877929688,65.0,64.33000183105469,64.9000015258789,45.29953384399414,6759000
QCOM,2013-01-14,64.29000091552734,64.66999816894531,63.7599983215332,64.23999786376953,44.8388671875,12726100
QCOM,2013-01-15,63.75,64.47000122070312,63.52000045776367,64.44000244140625,44.97846221923828,6391800
QCOM,2013-01-16,64.54000091552734,65.04000091552734,64.2699966430664,64.79000091552734,45.22276306152344,10131800
QCOM,2013-01-17,64.91999816894531,65.31999969482422,64.80000305175781,65.13999938964844,45.46706008911133,7733500
QCOM,2013-01-18,64.7300033569336,65.06999969482422,64.45999908447266,64.68000030517578,45.14597702026367,12459700
QCOM,2013-01-22,64.7300033569336,64.87999725341797,64.05999755859375,64.68000030517578,45.14597702026367,8341000
QCOM,2013-01-23,64.9000015258789,65.30000305175781,64.66000366210938,64.88999938964844,45.29256057739258,9241500
QCOM,2013-01-24,63.95000076293945,64.94999694824219,63.849998474121094,64.4000015258789,44.95055389404297,12751400
QCOM,2013-01-25,64.18000030517578,64.5199966430664,63.369998931884766,63.65999984741211,44.434024810791016,15995900
QCOM,2013-01-28,63.470001220703125,64.04000091552734,63.459999084472656,63.66999816894531,44.44102478027344,12237400
QCOM,2013-01-29,63.619998931884766,63.959999084472656,62.33000183105469,63.45000076293945,44.28745651245117,12087400
QCOM,2013-01-30,63.650001525878906,64.12000274658203,63.25,63.529998779296875,44.34330368041992,19181200
QCOM,2013-01-31,67.08999633789062,67.44000244140625,65.95999908447266,66.0199966430664,46.081295013427734,27660800
QCOM,2013-02-01,66.4000015258789,66.80000305175781,65.62999725341797,66.7300033569336,46.57687759399414,14841200
QCOM,2013-02-04,66.25,67.0999984741211,65.36000061035156,65.63999938964844,45.81605529785156,14311500
QCOM,2013-02-05,66.18000030517578,67.1500015258789,65.87999725341797,66.94999694824219,46.73041915893555,12356800
QCOM,2013-02-06,66.5199966430664,67.19999694824219,66.47000122070312,67.18000030517578,46.890960693359375,11195700
QCOM,2013-02-07,67.12000274658203,67.33000183105469,66.0199966430664,66.54000091552734,46.44424819946289,11521200
QCOM,2013-02-08,66.9000015258789,67.44999694824219,66.31999969482422,66.94999694824219,46.73041915893555,7396300
QCOM,2013-02-11,67.0,67.30999755859375,66.75,67.18000030517578,46.890960693359375,6653800
QCOM,2013-02-12,66.36000061035156,66.41999816894531,65.52999877929688,65.88999938964844,45.990570068359375,16455700
QCOM,2013-02-13,66.19999694824219,66.23999786376953,65.19999694824219,65.44999694824219,45.683448791503906,8951700
QCOM,2013-02-14,65.12000274658203,65.69999694824219,65.02999877929688,65.52999877929688,45.739280700683594,13771100
QCOM,2013-02-15,65.70999908447266,66.25,65.11000061035156,65.43000030517578,45.669464111328125,11356700
QCOM,2013-02-19,65.75,65.87999725341797,65.30999755859375,65.66999816894531,45.837005615234375,7488500
QCOM,2013-02-20,66.01000213623047,66.05999755859375,64.48999786376953,65.2699966430664,45.55779266357422,12388400
QCOM,2013-02-21,65.19999694824219,65.43000030517578,64.31999969482422,64.81999969482422,45.24371337890625,11749500
QCOM,2013-02-22,65.20999908447266,65.7699966430664,64.66999816894531,64.94000244140625,45.32747268676758,7070300
QCOM,2013-02-25,65.38999938964844,67.44999694824219,64.80000305175781,64.80000305175781,45.2297477722168,13078300
QCOM,2013-02-26,64.97000122070312,65.54000091552734,64.97000122070312,65.2699966430664,45.55779266357422,10027200
QCOM,2013-02-27,65.23999786376953,66.1500015258789,65.0,65.63999938964844,45.81605529785156,8976900
QCOM,2013-02-28,65.81999969482422,66.22000122070312,65.61000061035156,65.63999938964844,45.81605529785156,9596300
QCOM,2013-03-01,65.33999633789062,66.6500015258789,65.16000366210938,66.30000305175781,46.2767448425293,11186800
QCOM,2013-03-04,66.05000305175781,66.6500015258789,65.86000061035156,66.62999725341797,46.50706100463867,7969900
QCOM,2013-03-05,67.5199966430664,68.5,67.51000213623047,67.97000122070312,47.442378997802734,16205100
QCOM,2013-03-06,67.4800033569336,67.5199966430664,66.22000122070312,66.66999816894531,46.706783294677734,16966700
QCOM,2013-03-07,66.97000122070312,67.0999984741211,66.4000015258789,66.79000091552734,46.790836334228516,9305400
QCOM,2013-03-08,67.33000183105469,67.91999816894531,66.5,66.6500015258789,46.69276428222656,8590100
QCOM,2013-03-11,66.7300033569336,66.93000030517578,66.30999755859375,66.69999694824219,46.7277946472168,6559800
QCOM,2013-03-12,66.70999908447266,67.08999633789062,66.37000274658203,67.04000091552734,46.965999603271484,9115600
QCOM,2013-03-13,67.01000213623047,67.5,66.66000366210938,66.75,46.762821197509766,9621500
QCOM,2013-03-14,67.0,67.05999755859375,66.36000061035156,66.56999969482422,46.636714935302734,9262200
QCOM,2013-03-15,66.41999816894531,66.58000183105469,64.73999786376953,64.97000122070312,45.51580810546875,26182100
QCOM,2013-03-18,64.41000366210938,64.80000305175781,63.400001525878906,64.55999755859375,45.228580474853516,14183900
QCOM,2013-03-19,64.69000244140625,65.0,63.90999984741211,64.72000122070312,45.34067153930664,10231800
QCOM,2013-03-20,65.41000366210938,66.0999984741211,64.73999786376953,65.73999786376953,46.05525207519531,12407900
QCOM,2013-03-21,65.69999694824219,66.12000274658203,65.05999755859375,65.3499984741211,45.78202438354492,9215100
QCOM,2013-03-22,65.69000244140625,66.05000305175781,65.5999984741211,65.91999816894531,46.18135070800781,8231600
QCOM,2013-03-25,66.19000244140625,66.19000244140625,65.27999877929688,65.66999816894531,46.00621032714844,9045800
QCOM,2013-03-26,65.98999786376953,66.69000244140625,65.87000274658203,66.62000274658203,46.67174530029297,9802400
QCOM,2013-03-27,66.16999816894531,66.73999786376953,65.76000213623047,66.68000030517578,46.71379470825195,6659800
QCOM,2013-03-28,66.63999938964844,67.0,66.52999877929688,66.94000244140625,46.89591598510742,7899200
QCOM,2013-04-01,66.69999694824219,66.83999633789062,65.61000061035156,66.0,46.23739242553711,8706400
QCOM,2013-04-02,66.5,66.70999908447266,65.9000015258789,66.25,46.412540435791016,9208000
QCOM,2013-04-03,66.5,66.6500015258789,65.94000244140625,65.97000122070312,46.216373443603516,10656000
QCOM,2013-04-04,65.9800033569336,66.30000305175781,65.33999633789062,65.80999755859375,46.10428237915039,7932700
QCOM,2013-04-05,64.66999816894531,65.25,64.55000305175781,65.16000366210938,45.648921966552734,10245000
QCOM,2013-04-08,65.13999938964844,65.86000061035156,65.08999633789062,65.86000061035156,46.13931655883789,5605800
QCOM,2013-04-09,66.0,66.19999694824219,65.31999969482422,65.95999908447266,46.20936584472656,12057800
QCOM,2013-04-10,66.27999877929688,67.6500015258789,66.19000244140625,67.29000091552734,47.14112854003906,11095100
QCOM,2013-04-11,67.23999786376953,67.5999984741211,66.62000274658203,67.02999877929688,46.958988189697266,11181700
QCOM,2013-04-12,67.0199966430664,67.06999969482422,66.08999633789062,66.68000030517578,46.71379470825195,10766100
QCOM,2013-04-15,66.2300033569336,66.66999816894531,65.43000030517578,65.48999786376953,45.88011932373047,9738200
QCOM,2013-04-16,65.77999877929688,66.18000030517578,65.37999725341797,65.80999755859375,46.10428237915039,10073000
QCOM,2013-04-17,65.08000183105469,65.18000030517578,64.01000213623047,64.2300033569336,44.99739456176758,14208300
QCOM,2013-04-18,64.98999786376953,65.58999633789062,63.25,63.63999938964844,44.584049224853516,15041400
QCOM,2013-04-19,63.619998931884766,64.12000274658203,63.029998779296875,63.93000030517578,44.7872200012207,12205100
QCOM,2013-04-22,64.08999633789062,64.58999633789062,63.58000183105469,64.58000183105469,45.24258804321289,11160200
QCOM,2013-04-23,64.94999694824219,65.48999786376953,64.61000061035156,65.3499984741211,45.78202438354492,9919900
QCOM,2013-04-24,66.0,66.55999755859375,65.80999755859375,66.0,46.23739242553711,17846000
QCOM,2013-04-25,62.810001373291016,63.04999923706055,61.790000915527344,62.439998626708984,43.74338150024414,56907000
QCOM,2013-04-26,62.5099983215332,62.68000030517578,61.470001220703125,61.52000045776367,43.0988655090332,28621800
QCOM,2013-04-29,61.79999923706055,62.11000061035156,61.52000045776367,61.61000061035156,43.16189193725586,22797600
QCOM,2013-04-30,61.599998474121094,62.119998931884766,61.25,61.599998474121094,43.1548957824707,21041900
QCOM,2013-05-01,61.43000030517578,62.06999969482422,61.43000030517578,61.91999816894531,43.37908935546875,14881300
QCOM,2013-05-02,62.13999938964844,63.0099983215332,61.93000030517578,62.88999938964844,44.05863571166992,15142600
QCOM,2013-05-03,63.52000045776367,63.849998474121094,63.310001373291016,63.77000045776367,44.675132751464844,10548800
QCOM,2013-05-06,63.81999969482422,64.31999969482422,63.7400016784668,63.86000061035156,44.73817443847656,10558100
QCOM,2013-05-07,63.810001373291016,64.22000122070312,63.529998779296875,63.970001220703125,44.815242767333984,9762800
QCOM,2013-05-08,63.900001525878906,64.5,63.900001525878906,64.12000274658203,44.92033004760742,11134400
QCOM,2013-05-09,64.20999908447266,64.5,63.93000030517578,64.11000061035156,44.913330078125,9502100
QCOM,2013-05-10,64.01000213623047,64.63999938964844,64.01000213623047,64.63999938964844,45.284610748291016,9430400
QCOM,2013-05-13,64.33999633789062,65.06999969482422,64.18000030517578,64.81999969482422,45.41073226928711,9940700
QCOM,2013-05-14,65.01000213623047,65.31999969482422,64.73999786376953,65.31999969482422,45.76100158691406,8986200
QCOM,2013-05-15,65.33000183105469,65.5999984741211,65.04000091552734,65.54000091552734,45.915138244628906,10591200
QCOM,2013-05-16,65.43000030517578,66.19999694824219,65.36000061035156,65.63999938964844,45.98519515991211,11532100
QCOM,2013-05-17,66.22000122070312,66.66999816894531,65.56999969482422,66.61000061035156,46.66472625732422,11528400
QCOM,2013-05-20,66.30000305175781,66.5999984741211,66.01000213623047,66.0999984741211,46.30744934082031,10222500
QCOM,2013-05-21,65.68000030517578,66.20999908447266,65.5999984741211,65.76000213623047,46.06926727294922,11231000
QCOM,2013-05-22,65.62999725341797,66.1500015258789,64.87999725341797,65.2300033569336,45.69796371459961,13391500
QCOM,2013-05-23,64.58999633789062,64.93000030517578,63.630001068115234,63.90999984741211,44.77321243286133,19154200
QCOM,2013-05-24,63.70000076293945,64.3499984741211,63.5099983215332,64.26000213623047,45.01840591430664,10522400
QCOM,2013-05-28,64.63999938964844,64.87999725341797,64.0199966430664,64.06999969482422,44.88531494140625,10913300
QCOM,2013-05-29,63.779998779296875,64.30000305175781,63.5,64.11000061035156,44.913330078125,13122300
QCOM,2013-05-30,64.12999725341797,64.76000213623047,64.02999877929688,64.18000030517578,44.96237564086914,10866800
QCOM,2013-05-31,63.900001525878906,64.58000183105469,63.47999954223633,63.47999954223633,44.47196960449219,12413500
QCOM,2013-06-03,63.369998931884766,63.66999816894531,62.689998626708984,63.22999954223633,44.542415618896484,13371100
QCOM,2013-06-04,63.43000030517578,64.04000091552734,63.20000076293945,63.709999084472656,44.88054275512695,14394800
QCOM,2013-06-05,63.650001525878906,63.650001525878906,62.68000030517578,63.150001525878906,44.486053466796875,10345000
QCOM,2013-06-06,63.34000015258789,63.81999969482422,62.529998779296875,62.970001220703125,44.3592643737793,10775900
QCOM,2013-06-07,62.900001525878906,63.11000061035156,61.41999816894531,62.099998474121094,43.746395111083984,29483700
QCOM,2013-06-10,62.11000061035156,62.20000076293945,61.66999816894531,62.029998779296875,43.697078704833984,11084000
QCOM,2013-06-11,61.470001220703125,62.04999923706055,61.150001525878906,61.65999984741211,43.436439514160156,11794100
QCOM,2013-06-12,61.970001220703125,61.970001220703125,61.0099983215332,61.11000061035156,43.04899215698242,14631700
QCOM,2013-06-13,61.220001220703125,62.119998931884766,60.75,61.959999084472656,43.64776611328125,11578600
QCOM,2013-06-14,61.790000915527344,61.93000030517578,61.34000015258789,61.380001068115234,43.23917770385742,9871600
QCOM,2013-06-17,61.61000061035156,62.349998474121094,61.4900016784668,62.06999969482422,43.72525405883789,13528500
QCOM,2013-06-18,62.290000915527344,62.72999954223633,62.0099983215332,62.380001068115234,43.943634033203125,11624400
QCOM,2013-06-19,62.630001068115234,62.79999923706055,61.83000183105469,61.90999984741211,43.61252975463867,11231900
QCOM,2013-06-20,61.400001525878906,61.86000061035156,60.66999816894531,60.91999816894531,42.915138244628906,14425500
QCOM,2013-06-21,60.93000030517578,61.04999923706055,60.220001220703125,60.66999816894531,42.739017486572266,25052800
QCOM,2013-06-24,60.0,60.209999084472656,59.459999084472656,59.880001068115234,42.18251037597656,17769700
QCOM,2013-06-25,60.41999816894531,62.380001068115234,60.369998931884766,61.810001373291016,43.54209518432617,21204900
QCOM,2013-06-26,62.560001373291016,62.91999816894531,61.16999816894531,61.27000045776367,43.16170883178711,22000700
QCOM,2013-06-27,61.630001068115234,61.77000045776367,60.65999984741211,61.08000183105469,43.027854919433594,14249000
QCOM,2013-06-28,60.63999938964844,61.630001068115234,60.54999923706055,61.09000015258789,43.034881591796875,13533100
QCOM,2013-07-01,61.4900016784668,61.61000061035156,60.900001525878906,60.959999084472656,42.943302154541016,7457400
QCOM,2013-07-02,60.7400016784668,61.2400016784668,60.630001068115234,60.91999816894531,42.915138244628906,7922200
QCOM,2013-07-03,60.7400016784668,61.34000015258789,60.65999984741211,60.90999984741211,42.9080924987793,4380100
QCOM,2013-07-05,60.75,60.959999084472656,60.27000045776367,60.95000076293945,42.93627166748047,11158000
QCOM,2013-07-08,60.75,60.939998626708984,59.83000183105469,59.9900016784668,42.2599983215332,17681600
QCOM,2013-07-09,60.150001525878906,60.34000015258789,59.02000045776367,59.38999938964844,41.83733367919922,24848100
QCOM,2013-07-10,59.22999954223633,60.650001525878906,59.20000076293945,60.439998626708984,42.57699203491211,19127100
QCOM,2013-07-11,61.150001525878906,61.369998931884766,60.810001373291016,61.29999923706055,43.18282699584961,13293700
QCOM,2013-07-12,61.349998474121094,62.02000045776367,61.290000915527344,62.02000045776367,43.69004440307617,11053300
QCOM,2013-07-15,61.38999938964844,61.65999984741211,60.849998474121094,61.279998779296875,43.16874694824219,14772100
QCOM,2013-07-16,61.4900016784668,61.880001068115234,61.20000076293945,61.849998474121094,43.57027053833008,13334400
QCOM,2013-07-17,62.04999923706055,62.65999984741211,61.560001373291016,62.650001525878906,44.13383102416992,12761700
QCOM,2013-07-18,61.939998626708984,62.02000045776367,60.81999969482422,61.119998931884766,43.056026458740234,23681900
QCOM,2013-07-19,61.220001220703125,61.56999969482422,61.09000015258789,61.459999084472656,43.29553985595703,14614700
QCOM,2013-07-22,61.68000030517578,62.209999084472656,61.4900016784668,62.209999084472656,43.8238639831543,12712900
QCOM,2013-07-23,62.27000045776367,62.75,62.209999084472656,62.29999923706055,43.88727569580078,9017900
QCOM,2013-07-24,62.88999938964844,62.959999084472656,61.189998626708984,61.38999938964844,43.2462272644043,20129500
QCOM,2013-07-25,63.4900016784668,64.44999694824219,62.88999938964844,63.41999816894531,44.676265716552734,24796700
QCOM,2013-07-26,62.91999816894531,64.80000305175781,62.83000183105469,64.61000061035156,45.51455307006836,18064400
QCOM,2013-07-29,64.47000122070312,64.9000015258789,64.16999816894531,64.23999786376953,45.25390625,9304700
QCOM,2013-07-30,64.72000122070312,65.19000244140625,64.38999938964844,64.51000213623047,45.44410705566406,11528900
QCOM,2013-07-31,64.5999984741211,64.94999694824219,64.4000015258789,64.55999755859375,45.479331970214844,12417500
QCOM,2013-08-01,64.77999877929688,65.4800033569336,64.30999755859375,65.2699966430664,45.979496002197266,11595600
QCOM,2013-08-02,64.88999938964844,66.76000213623047,64.88999938964844,66.75,47.02207946777344,19320500
QCOM,2013-08-05,65.41000366210938,66.38999938964844,65.33000183105469,66.25,46.66984939575195,13249800
QCOM,2013-08-06,66.18000030517578,66.30000305175781,65.52999877929688,65.58999633789062,46.20490646362305,7952400
QCOM,2013-08-07,65.2699966430664,65.83999633789062,65.0,65.20999908447266,45.93722152709961,9489900
QCOM,2013-08-08,65.58999633789062,66.63999938964844,65.36000061035156,66.3499984741211,46.74030685424805,12876400
QCOM,2013-08-09,66.33999633789062,66.55000305175781,66.04000091552734,66.2699966430664,46.683937072753906,7891400
QCOM,2013-08-12,65.88999938964844,66.62000274658203,65.80000305175781,66.45999908447266,46.817779541015625,7244700
QCOM,2013-08-13,66.7300033569336,67.44999694824219,66.52999877929688,67.25,47.37430953979492,12605200
QCOM,2013-08-14,67.08000183105469,67.22000122070312,66.62999725341797,66.95999908447266,47.17002868652344,9322600
QCOM,2013-08-15,66.3499984741211,66.94999694824219,66.19999694824219,66.94999694824219,47.16297149658203,11462800
QCOM,2013-08-16,66.69000244140625,67.41999816894531,66.69000244140625,66.9000015258789,47.127750396728516,13888900
QCOM,2013-08-19,66.87999725341797,67.4000015258789,66.29000091552734,66.33000183105469,46.72621536254883,9063600
QCOM,2013-08-20,66.52999877929688,67.13999938964844,66.30999755859375,66.70999908447266,46.993900299072266,9064900
QCOM,2013-08-21,66.30999755859375,67.0,66.19000244140625,66.56999969482422,46.8952751159668,8471500
QCOM,2013-08-22,66.69000244140625,67.16999816894531,66.63999938964844,67.12999725341797,47.28977966308594,6694200
QCOM,2013-08-23,67.01000213623047,67.33999633789062,66.5999984741211,67.1500015258789,47.30386734008789,8374900
QCOM,2013-08-26,67.02999877929688,67.23999786376953,66.80000305175781,66.94999694824219,47.16297149658203,10388700
QCOM,2013-08-27,66.30999755859375,66.6500015258789,65.91000366210938,66.0199966430664,46.5078239440918,9058400
QCOM,2013-08-28,66.06999969482422,66.83999633789062,65.98999786376953,66.55999755859375,46.88823699951172,8511300
QCOM,2013-08-29,66.56999969482422,67.13999938964844,66.4000015258789,66.70999908447266,46.993900299072266,6551500
QCOM,2013-08-30,66.62999725341797,66.66000366210938,65.73999786376953,66.27999877929688,46.9372444152832,8441300
QCOM,2013-09-03,66.91999816894531,67.73999786376953,66.5199966430664,66.75,47.270084381103516,11906500
QCOM,2013-09-04,66.81999969482422,67.51000213623047,66.80000305175781,67.27999877929688,47.64542770385742,7900100
QCOM,2013-09-05,67.33000183105469,67.95999908447266,67.23999786376953,67.83000183105469,48.034908294677734,8074600
QCOM,2013-09-06,67.9800033569336,68.44999694824219,67.37000274658203,68.0199966430664,48.16945266723633,10267200
QCOM,2013-09-09,68.0,69.37000274658203,68.0,69.30000305175781,49.0759162902832,13633400
QCOM,2013-09-10,69.38999938964844,70.37000274658203,69.38999938964844,70.08999633789062,49.63534927368164,14610700
QCOM,2013-09-11,68.29000091552734,68.5999984741211,67.48999786376953,68.08999633789062,48.21902084350586,21086500
QCOM,2013-09-12,68.7300033569336,69.72000122070312,68.5,68.80999755859375,48.72891616821289,17294200
QCOM,2013-09-13,69.20999908447266,69.23999786376953,68.36000061035156,68.58000183105469,48.56603240966797,11713800
QCOM,2013-09-16,69.0199966430664,69.05000305175781,67.97000122070312,68.08999633789062,48.21902084350586,12018800
QCOM,2013-09-17,68.36000061035156,69.45999908447266,68.1500015258789,69.41999816894531,49.160888671875,14140700
QCOM,2013-09-18,69.47000122070312,69.87000274658203,68.91000366210938,69.63999938964844,49.31669616699219,11062900
QCOM,2013-09-19,69.70999908447266,70.04000091552734,69.41999816894531,69.45999908447266,49.189231872558594,12310200
QCOM,2013-09-20,69.5199966430664,69.88999938964844,69.0,69.05999755859375,48.90596008300781,18278300
QCOM,2013-09-23,70.0,70.2300033569336,68.87999725341797,68.9800033569336,48.84930419921875,13520800
QCOM,2013-09-24,68.72000122070312,68.91000366210938,68.13999938964844,68.51000213623047,48.51647186279297,8067600
QCOM,2013-09-25,68.44000244140625,69.06999969482422,68.26000213623047,68.75,48.686405181884766,7053700
QCOM,2013-09-26,69.08000183105469,69.3499984741211,68.69999694824219,68.87000274658203,48.77140808105469,4987100
QCOM,2013-09-27,68.19000244140625,68.27999877929688,67.08000183105469,67.37999725341797,47.716224670410156,10850300
QCOM,2013-09-30,66.94000244140625,67.58999633789062,66.55000305175781,67.31999969482422,47.67374038696289,8551800
QCOM,2013-10-01,67.4000015258789,67.87999725341797,67.16999816894531,67.48999786376953,47.79412841796875,6876700
QCOM,2013-10-02,67.02999877929688,67.73999786376953,66.94999694824219,67.68000030517578,47.92866516113281,6106600
QCOM,2013-10-03,67.72000122070312,67.72000122070312,66.69999694824219,67.11000061035156,47.52503204345703,6164200
QCOM,2013-10-04,67.25,68.19000244140625,67.12999725341797,68.0199966430664,48.16945266723633,7852400
QCOM,2013-10-07,66.38999938964844,67.6500015258789,66.30000305175781,67.19000244140625,47.58168029785156,12189800
QCOM,2013-10-08,67.18000030517578,67.2300033569336,66.26000213623047,66.3499984741211,46.9868278503418,8077900
QCOM,2013-10-09,66.55000305175781,66.58000183105469,65.47000122070312,65.70999908447266,46.533592224121094,11099600
QCOM,2013-10-10,66.22000122070312,66.97000122070312,66.0,66.83999633789062,47.33382797241211,7416700
QCOM,2013-10-11,66.95999908447266,67.5999984741211,66.58999633789062,67.55000305175781,47.83663558959961,7119400
QCOM,2013-10-14,67.11000061035156,67.94000244140625,66.91999816894531,67.75,47.97825622558594,5548100
QCOM,2013-10-15,68.0,68.69999694824219,67.80000305175781,68.16999816894531,48.27568054199219,7727500
QCOM,2013-10-16,68.5,69.0999984741211,68.38999938964844,68.87000274658203,48.77140808105469,8290300
QCOM,2013-10-17,68.29000091552734,68.76000213623047,67.8499984741211,68.69999694824219,48.65100860595703,7436700
QCOM,2013-10-18,68.47000122070312,68.97000122070312,68.22000122070312,68.4000015258789,48.43856430053711,8244700
QCOM,2013-10-21,68.51000213623047,68.94999694824219,68.36000061035156,68.7699966430664,48.70056915283203,5636100
QCOM,2013-10-22,68.8499984741211,69.25,68.79000091552734,68.91999816894531,48.80680465698242,8090900
QCOM,2013-10-23,68.26000213623047,68.5,66.91999816894531,67.04000091552734,47.475460052490234,13641800
QCOM,2013-10-24,67.45999908447266,67.51000213623047,66.81999969482422,66.94000244140625,47.40462875366211,7021700
QCOM,2013-10-25,67.19999694824219,68.2699966430664,67.0,68.2699966430664,48.346500396728516,10251700
QCOM,2013-10-28,68.38999938964844,68.62000274658203,67.95999908447266,68.54000091552734,48.53770065307617,7655100
QCOM,2013-10-29,68.7300033569336,69.38999938964844,68.5999984741211,68.93000030517578,48.81388854980469,8219900
QCOM,2013-10-30,68.98999786376953,69.3499984741211,68.83000183105469,69.04000091552734,48.89177322387695,7184700
QCOM,2013-10-31,69.19000244140625,69.9800033569336,68.76000213623047,69.48999786376953,49.210453033447266,11205000
QCOM,2013-11-01,69.52999877929688,70.0,69.31999969482422,69.9000015258789,49.50080871582031,10847200
QCOM,2013-11-04,70.13999938964844,70.19000244140625,69.25,69.56999969482422,49.267120361328125,9294400
QCOM,2013-11-05,69.25,69.55000305175781,68.86000061035156,69.01000213623047,48.87055206298828,8602600
QCOM,2013-11-06,69.43000030517578,69.80999755859375,68.66999816894531,69.73999786376953,49.38750457763672,13386400
QCOM,2013-11-07,66.83000183105469,67.75,66.25,67.08999633789062,47.510860443115234,33825700
QCOM,2013-11-08,67.41999816894531,68.04000091552734,67.05999755859375,67.44999694824219,47.765811920166016,14752500
QCOM,2013-11-11,67.30000305175781,67.91999816894531,67.18000030517578,67.62000274658203,47.886207580566406,10570000
QCOM,2013-11-12,67.54000091552734,68.56999969482422,67.54000091552734,68.51000213623047,48.51647186279297,9940700
QCOM,2013-11-13,68.98999786376953,70.02999877929688,68.55000305175781,70.02999877929688,49.59286880493164,13677400
QCOM,2013-11-14,69.9800033569336,71.4800033569336,69.8499984741211,71.22000122070312,50.43558120727539,14855400
QCOM,2013-11-15,71.33999633789062,72.18000030517578,71.0999984741211,72.16999816894531,51.10834884643555,14220700
QCOM,2013-11-18,72.27999877929688,72.30000305175781,71.72000122070312,71.94000244140625,50.945465087890625,10955800
QCOM,2013-11-19,72.18000030517578,72.43000030517578,71.7300033569336,71.83999633789062,50.8746452331543,10544800
QCOM,2013-11-20,71.94999694824219,72.4000015258789,70.91000366210938,71.02999877929688,50.3010368347168,15105700
QCOM,2013-11-21,70.4000015258789,71.80999755859375,70.4000015258789,71.70999908447266,50.7826042175293,13592000
QCOM,2013-11-22,71.91000366210938,73.08999633789062,71.87000274658203,72.95999908447266,51.66779708862305,12561200
QCOM,2013-11-25,71.08999633789062,72.52999877929688,70.95999908447266,72.48999786376953,51.3349494934082,16549300
QCOM,2013-11-26,72.69000244140625,73.6500015258789,72.58999633789062,73.6500015258789,52.15643310546875,16426800
QCOM,2013-11-27,73.23999786376953,73.58000183105469,72.80999755859375,73.55999755859375,52.3414421081543,7915200
QCOM,2013-11-29,73.5199966430664,73.88999938964844,73.26000213623047,73.58000183105469,52.35566711425781,6060000
QCOM,2013-12-02,73.52999877929688,73.87000274658203,73.23999786376953,73.44000244140625,52.25605392456055,8851600
QCOM,2013-12-03,73.19000244140625,73.45999908447266,72.93000030517578,73.30999755859375,52.16354751586914,7944900
QCOM,2013-12-04,73.0199966430664,73.5,72.8499984741211,73.18000030517578,52.07105255126953,6507100
QCOM,2013-12-05,73.01000213623047,73.43000030517578,72.9000015258789,73.2300033569336,52.10662841796875,7728800
QCOM,2013-12-06,73.5999984741211,73.97000122070312,73.0999984741211,73.76000213623047,52.48373031616211,6883800
QCOM,2013-12-09,73.87999725341797,74.19000244140625,72.94000244140625,73.37000274658203,52.20624923706055,8881800
QCOM,2013-12-10,73.30000305175781,73.83999633789062,73.08999633789062,73.37999725341797,52.213356018066406,10720800
QCOM,2013-12-11,74.0,74.11000061035156,72.95999908447266,73.01000213623047,51.9500846862793,10018000
QCOM,2013-12-12,73.0,73.41999816894531,72.48999786376953,72.7300033569336,51.75086212158203,7509600
QCOM,2013-12-13,73.44999694824219,73.45999908447266,72.52999877929688,72.58000183105469,51.64411163330078,8723400
QCOM,2013-12-16,73.22000122070312,73.26000213623047,72.5,72.79000091552734,51.793521881103516,9029400
QCOM,2013-12-17,72.66000366210938,72.9800033569336,72.26000213623047,72.91999816894531,51.88604736328125,8615500
QCOM,2013-12-18,72.69999694824219,73.20999908447266,71.68000030517578,73.18000030517578,52.07105255126953,9383500
QCOM,2013-12-19,73.1500015258789,73.30000305175781,72.12999725341797,72.43000030517578,51.53740692138672,8790300
QCOM,2013-12-20,72.41000366210938,73.04000091552734,72.23999786376953,72.91000366210938,51.87893295288086,21662500
QCOM,2013-12-23,73.5199966430664,73.55999755859375,72.5199966430664,72.83999633789062,51.8291015625,9168100
QCOM,2013-12-24,72.66999816894531,73.25,72.63999938964844,73.04000091552734,51.97144317626953,2597500
QCOM,2013-12-26,73.05000305175781,73.68000030517578,73.05000305175781,73.4800033569336,52.284515380859375,4609200
QCOM,2013-12-27,73.75,74.0199966430664,73.66000366210938,73.80000305175781,52.51222610473633,5042300
QCOM,2013-12-30,73.66000366210938,73.9000015258789,73.5,73.56999969482422,52.34855651855469,5389900
QCOM,2013-12-31,73.76000213623047,74.31999969482422,73.63999938964844,74.25,52.83240509033203,5725100
QCOM,2014-01-02,73.61000061035156,73.7699966430664,73.26000213623047,73.31999969482422,52.17067337036133,10110200
QCOM,2014-01-03,73.33000183105469,73.4800033569336,72.44000244140625,72.88999938964844,51.86471176147461,7970400
QCOM,2014-01-06,73.08000183105469,73.19999694824219,72.55000305175781,72.69999694824219,51.72950744628906,7696200
QCOM,2014-01-07,72.80000305175781,73.30999755859375,72.5999984741211,73.23999786376953,52.113746643066406,5902700
QCOM,2014-01-08,73.1500015258789,73.68000030517578,72.68000030517578,73.68000030517578,52.42681884765625,8976900
QCOM,2014-01-09,74.04000091552734,74.0999984741211,73.68000030517578,73.91000366210938,52.59048080444336,9067900
QCOM,2014-01-10,74.11000061035156,74.5,73.16999816894531,73.87000274658203,52.562015533447266,8877600
QCOM,2014-01-13,73.77999877929688,74.2699966430664,72.83000183105469,73.22000122070312,52.099517822265625,8576300
QCOM,2014-01-14,72.37000274658203,73.69999694824219,72.37000274658203,73.38999938964844,52.22046661376953,9924300
QCOM,2014-01-15,73.47000122070312,74.69000244140625,73.4000015258789,74.51000213623047,53.01740646362305,10000700
QCOM,2014-01-16,74.47000122070312,74.87999725341797,74.01000213623047,74.72000122070312,53.16682434082031,10263200
QCOM,2014-01-17,74.69999694824219,74.9800033569336,74.43000030517578,74.7300033569336,53.1739501953125,12272700
QCOM,2014-01-21,75.0,75.56999969482422,74.86000061035156,75.45999908447266,53.69337463378906,8806800
QCOM,2014-01-22,75.5,75.86000061035156,75.12000274658203,75.77999877929688,53.92106246948242,7242400
QCOM,2014-01-23,75.48999786376953,75.9000015258789,75.16000366210938,75.87000274658203,53.985107421875,8078300
QCOM,2014-01-24,75.29000091552734,75.44000244140625,74.05999755859375,74.08000183105469,52.71143341064453,11916500
QCOM,2014-01-27,74.01000213623047,74.36000061035156,72.73999786376953,73.19999694824219,52.08528137207031,12580700
QCOM,2014-01-28,72.0,73.13999938964844,71.75,71.98999786376953,51.22431945800781,18188900
QCOM,2014-01-29,71.4000015258789,72.08000183105469,70.9800033569336,71.12000274658203,50.60527038574219,16625000
QCOM,2014-01-30,72.6500015258789,73.4000015258789,71.97000122070312,73.26000213623047,52.127967834472656,17741800
QCOM,2014-01-31,72.68000030517578,74.48999786376953,72.62000274658203,74.22000122070312,52.81103515625,15420700
QCOM,2014-02-03,73.66999816894531,73.94999694824219,72.93000030517578,73.31999969482422,52.17067337036133,15929600
QCOM,2014-02-04,73.4000015258789,73.44999694824219,72.27999877929688,72.51000213623047,51.59430694580078,11704500
QCOM,2014-02-05,72.0999984741211,72.66000366210938,72.02999877929688,72.37000274658203,51.49469757080078,10481600
QCOM,2014-02-06,72.73999786376953,73.33000183105469,72.31999969482422,73.23999786376953,52.113746643066406,8178700
QCOM,2014-02-07,73.4000015258789,74.47000122070312,73.19999694824219,74.41000366210938,52.946258544921875,8891200
QCOM,2014-02-10,74.19999694824219,74.7300033569336,73.88999938964844,74.69000244140625,53.145503997802734,7598300
QCOM,2014-02-11,74.80999755859375,75.7300033569336,74.52999877929688,75.62000274658203,53.80723571777344,8934900
QCOM,2014-02-12,75.66000366210938,76.6500015258789,75.66000366210938,76.41999816894531,54.376468658447266,11498600
QCOM,2014-02-13,76.0,76.75,76.0,76.44000244140625,54.39069366455078,9047200
QCOM,2014-02-14,76.01000213623047,76.41999816894531,75.81999969482422,76.27999877929688,54.2768440246582,8325500
QCOM,2014-02-18,76.25,76.25,75.52999877929688,75.5999984741211,53.79298400878906,8850100
QCOM,2014-02-19,75.37000274658203,75.98999786376953,75.11000061035156,75.7699966430664,53.91394805908203,8527600
QCOM,2014-02-20,75.95999908447266,76.19999694824219,75.68000030517578,75.94999694824219,54.04203414916992,7194200
QCOM,2014-02-21,76.18000030517578,76.55000305175781,75.56999969482422,75.61000061035156,53.800106048583984,8725000
QCOM,2014-02-24,75.97000122070312,75.98999786376953,75.38999938964844,75.43000030517578,53.67203903198242,9191900
QCOM,2014-02-25,75.62000274658203,75.87999725341797,74.73999786376953,74.91000366210938,53.302032470703125,6974800
QCOM,2014-02-26,75.1500015258789,75.5,74.9000015258789,75.05000305175781,53.401649475097656,5545900
QCOM,2014-02-27,74.88999938964844,75.26000213623047,74.5,75.19000244140625,53.50126266479492,9465100
QCOM,2014-02-28,75.41000366210938,75.43000030517578,74.8499984741211,75.29000091552734,53.57243347167969,9451900
QCOM,2014-03-03,74.62000274658203,74.63999938964844,73.04000091552734,73.62999725341797,52.635929107666016,11401400
QCOM,2014-03-04,75.5,76.79000091552734,75.3499984741211,76.11000061035156,54.40882110595703,13513600
QCOM,2014-03-05,76.44000244140625,76.95999908447266,75.79000091552734,76.66999816894531,54.80915451049805,6774600
QCOM,2014-03-06,77.0,77.18000030517578,76.54000091552734,77.0,55.04505920410156,7747100
QCOM,2014-03-07,77.0999984741211,77.19999694824219,76.44000244140625,76.79000091552734,54.894920349121094,7276900
QCOM,2014-03-10,76.79000091552734,77.06999969482422,76.55000305175781,77.06999969482422,55.09508514404297,7704100
QCOM,2014-03-11,77.08999633789062,77.19999694824219,76.58000183105469,76.70999908447266,54.837730407714844,8272900
QCOM,2014-03-12,76.58999633789062,77.13999938964844,76.30999755859375,76.97000122070312,55.02360534667969,6897300
QCOM,2014-03-13,77.0,77.12000274658203,75.38999938964844,75.62999725341797,54.065673828125,8956100
QCOM,2014-03-14,75.2300033569336,75.91000366210938,74.5,74.73999786376953,53.429439544677734,10508000
QCOM,2014-03-17,75.72000122070312,77.30999755859375,75.52999877929688,77.0199966430664,55.0593376159668,13851500
QCOM,2014-03-18,77.19000244140625,77.75,76.9000015258789,77.44999694824219,55.36674880981445,7932100
QCOM,2014-03-19,77.22000122070312,77.56999969482422,76.41999816894531,76.80999755859375,54.90922546386719,7808200
QCOM,2014-03-20,76.77999877929688,78.37000274658203,76.69999694824219,78.0999984741211,55.83140182495117,10264100
QCOM,2014-03-21,79.02999877929688,79.02999877929688,77.51000213623047,78.19000244140625,55.895748138427734,27473300
QCOM,2014-03-24,78.44000244140625,78.69999694824219,77.30999755859375,77.73999786376953,55.574039459228516,11314000
QCOM,2014-03-25,78.12999725341797,78.76000213623047,77.98999786376953,78.55999755859375,56.16025161743164,8131800
QCOM,2014-03-26,78.81999969482422,79.62000274658203,78.30999755859375,78.30999755859375,55.98154067993164,14202600
QCOM,2014-03-27,78.41999816894531,79.72000122070312,78.30999755859375,79.05000305175781,56.51054763793945,10373200
QCOM,2014-03-28,79.5,79.5,78.0999984741211,79.27999877929688,56.67496109008789,8550900
QCOM,2014-03-31,79.48999786376953,79.61000061035156,78.80999755859375,78.86000061035156,56.374698638916016,7769900
QCOM,2014-04-01,79.41999816894531,80.16000366210938,78.98999786376953,80.0999984741211,57.26115036010742,10588800
QCOM,2014-04-02,79.9800033569336,80.26000213623047,79.75,80.13999938964844,57.28974533081055,7410400
QCOM,2014-04-03,80.20999908447266,81.30000305175781,80.20999908447266,80.55000305175781,57.58283996582031,8723900
QCOM,2014-04-04,81.08999633789062,81.36000061035156,78.45999908447266,78.52999877929688,56.13878631591797,11250700
QCOM,2014-04-07,78.0,79.26000213623047,77.5999984741211,78.08000183105469,55.81712341308594,10082600
QCOM,2014-04-08,77.70999908447266,78.94000244140625,77.4800033569336,78.88999938964844,56.39613723754883,9079100
QCOM,2014-04-09,79.26000213623047,79.94000244140625,78.8499984741211,79.93000030517578,57.139625549316406,8468500
QCOM,2014-04-10,80.0999984741211,80.30000305175781,77.8499984741211,78.06999969482422,55.80996322631836,10322000
QCOM,2014-04-11,77.52999877929688,78.91999816894531,77.52999877929688,78.01000213623047,55.76706314086914,9288900
QCOM,2014-04-14,78.69999694824219,79.19999694824219,78.02999877929688,79.13999938964844,56.57488250732422,8170500
QCOM,2014-04-15,78.98999786376953,79.94000244140625,78.5,79.48999786376953,56.825069427490234,8785700
QCOM,2014-04-16,79.98999786376953,80.27999877929688,79.41999816894531,80.18000030517578,57.318336486816406,7286100
QCOM,2014-04-17,80.13999938964844,81.33999633789062,80.04000091552734,81.31999969482422,58.1332893371582,10566100
QCOM,2014-04-21,81.19000244140625,81.66000366210938,80.55999755859375,80.93000030517578,57.8544921875,5963900
QCOM,2014-04-22,81.16999816894531,81.33999633789062,80.58000183105469,80.61000061035156,57.625728607177734,8098800
QCOM,2014-04-23,81.0,81.0,80.16000366210938,80.70999908447266,57.69723129272461,13593900
QCOM,2014-04-24,77.5,78.62000274658203,76.7699966430664,77.87000274658203,55.6669807434082,22779700
QCOM,2014-04-25,77.58999633789062,77.87999725341797,77.33000183105469,77.61000061035156,55.481117248535156,10507700
QCOM,2014-04-28,78.0,78.5999984741211,77.37000274658203,78.05000305175781,55.7956657409668,12603300
QCOM,2014-04-29,78.63999938964844,79.01000213623047,78.2300033569336,78.5199966430664,56.13165283203125,8034000
QCOM,2014-04-30,78.55999755859375,78.86000061035156,78.13999938964844,78.70999908447266,56.2674560546875,9443100
QCOM,2014-05-01,78.52999877929688,79.48999786376953,78.52999877929688,78.98999786376953,56.467655181884766,7017800
QCOM,2014-05-02,79.30000305175781,79.30000305175781,78.5,78.98999786376953,56.467655181884766,6063000
QCOM,2014-05-05,78.76000213623047,79.91999816894531,78.51000213623047,79.55999755859375,56.875118255615234,7525600
QCOM,2014-05-06,79.2300033569336,79.62999725341797,78.75,79.30999755859375,56.696388244628906,8169500
QCOM,2014-05-07,79.72000122070312,79.93000030517578,78.43000030517578,79.33000183105469,56.710697174072266,8794700
QCOM,2014-05-08,79.33999633789062,80.08999633789062,78.95999908447266,79.5,56.83222961425781,7434600
QCOM,2014-05-09,79.94000244140625,79.94000244140625,78.58000183105469,79.5,56.83222961425781,5965900
QCOM,2014-05-12,79.72000122070312,80.12000274658203,79.62000274658203,79.97000122070312,57.168209075927734,6632100
QCOM,2014-05-13,79.91999816894531,80.38999938964844,79.77999877929688,80.37000274658203,57.45417785644531,5854300
QCOM,2014-05-14,79.83000183105469,80.98999786376953,79.83000183105469,80.41000366210938,57.482757568359375,8228200
QCOM,2014-05-15,80.33999633789062,80.80999755859375,79.18000030517578,79.77999877929688,57.03239822387695,10423100
QCOM,2014-05-16,79.69999694824219,79.7699966430664,78.76000213623047,79.41999816894531,56.77503967285156,8376800
QCOM,2014-05-19,79.22000122070312,79.98999786376953,79.19999694824219,79.80999755859375,57.053829193115234,5427200
QCOM,2014-05-20,79.94999694824219,80.3499984741211,79.5199966430664,79.86000061035156,57.089595794677734,8434000
QCOM,2014-05-21,79.16999816894531,79.9800033569336,79.12000274658203,79.66999816894531,56.95375442504883,7671500
QCOM,2014-05-22,79.4800033569336,79.91999816894531,79.43000030517578,79.55999755859375,56.875118255615234,6303800
QCOM,2014-05-23,79.9800033569336,79.98999786376953,79.48999786376953,79.87999725341797,57.1038818359375,4580600
QCOM,2014-05-27,79.93000030517578,80.5,79.9000015258789,80.45999908447266,57.518497467041016,8079500
QCOM,2014-05-28,80.19999694824219,80.73999786376953,80.16000366210938,80.22000122070312,57.34694290161133,7659100
QCOM,2014-05-29,80.58000183105469,80.58000183105469,79.87999725341797,80.19000244140625,57.325477600097656,9704000
QCOM,2014-05-30,80.33000183105469,80.52999877929688,79.91999816894531,80.44999694824219,57.511322021484375,7337000
QCOM,2014-06-02,80.66000366210938,80.79000091552734,80.04000091552734,80.4800033569336,57.834754943847656,7238400
QCOM,2014-06-03,80.18000030517578,80.68000030517578,79.95999908447266,80.4000015258789,57.77723693847656,7554500
QCOM,2014-06-04,80.31999969482422,80.38999938964844,79.69999694824219,79.91999816894531,57.43230056762695,6658500
QCOM,2014-06-05,79.83000183105469,79.93000030517578,79.1500015258789,79.66000366210938,57.24546813964844,9176200
QCOM,2014-06-06,80.19999694824219,80.5,79.80000305175781,80.37999725341797,57.76287841796875,6387900
QCOM,2014-06-09,80.27999877929688,80.47000122070312,79.69999694824219,79.94999694824219,57.453857421875,5181500
QCOM,2014-06-10,79.95999908447266,79.95999908447266,79.13999938964844,79.18000030517578,56.900543212890625,8582900
QCOM,2014-06-11,79.0,79.5,78.44000244140625,79.20999908447266,56.92210006713867,7404600
QCOM,2014-06-12,79.12999725341797,79.76000213623047,78.80999755859375,79.33999633789062,57.0155029296875,7524900
QCOM,2014-06-13,79.45999908447266,79.81999969482422,78.93000030517578,79.11000061035156,56.8502311706543,7440200
QCOM,2014-06-16,78.83000183105469,79.38999938964844,78.44999694824219,78.6500015258789,56.5196418762207,10423700
QCOM,2014-06-17,78.43000030517578,79.41999816894531,78.4000015258789,79.16000366210938,56.88615798950195,6840400
QCOM,2014-06-18,79.68000030517578,79.68000030517578,78.62999725341797,79.19000244140625,56.9077033996582,7340100
QCOM,2014-06-19,79.30000305175781,79.80000305175781,79.19000244140625,79.75,57.31013107299805,6781300
QCOM,2014-06-20,79.9800033569336,79.98999786376953,79.44000244140625,79.86000061035156,57.38920211791992,11878200
QCOM,2014-06-23,79.62999725341797,79.98999786376953,79.31999969482422,79.43000030517578,57.080177307128906,6145700
QCOM,2014-06-24,79.30999755859375,79.87000274658203,78.68000030517578,78.77999877929688,56.61307144165039,10652000
QCOM,2014-06-25,78.5,78.55000305175781,77.91000366210938,78.05000305175781,56.08848571777344,10701100
QCOM,2014-06-26,78.4000015258789,79.12999725341797,78.08000183105469,78.7699966430664,56.60588455200195,7556200
QCOM,2014-06-27,78.56999969482422,79.04000091552734,78.18000030517578,78.98999786376953,56.763999938964844,7732900
QCOM,2014-06-30,79.1500015258789,79.38999938964844,78.6500015258789,79.19999694824219,56.91488265991211,6562000
QCOM,2014-07-01,79.3499984741211,79.81999969482422,78.93000030517578,79.7300033569336,57.2957763671875,5872300
QCOM,2014-07-02,79.80999755859375,80.43000030517578,79.69999694824219,80.16999816894531,57.61194610595703,5440100
QCOM,2014-07-03,80.5,81.27999877929688,80.08999633789062,80.98999786376953,58.20124053955078,5735700
QCOM,2014-07-07,80.66999816894531,80.94999694824219,80.20999908447266,80.81999969482422,58.079078674316406,5873900
QCOM,2014-07-08,80.62999725341797,80.86000061035156,80.41999816894531,80.6500015258789,57.9568977355957,7787900
QCOM,2014-07-09,81.11000061035156,81.11000061035156,80.37999725341797,80.7699966430664,58.043128967285156,5071200
QCOM,2014-07-10,79.93000030517578,80.68000030517578,79.80000305175781,80.43000030517578,57.798797607421875,5090200
QCOM,2014-07-11,79.9000015258789,80.19999694824219,79.1500015258789,79.5999984741211,57.20235824584961,8623300
QCOM,2014-07-14,79.44000244140625,79.77999877929688,79.37999725341797,79.5199966430664,57.14484786987305,7609800
QCOM,2014-07-15,79.38999938964844,79.91000366210938,79.1500015258789,79.44000244140625,57.08737564086914,5984000
QCOM,2014-07-16,79.72000122070312,79.94000244140625,79.58000183105469,79.62000274658203,57.21672058105469,6266900
QCOM,2014-07-17,79.11000061035156,79.20999908447266,77.87999725341797,78.11000061035156,56.1316032409668,12569900
QCOM,2014-07-18,78.55000305175781,79.43000030517578,78.25,79.38999938964844,57.05143737792969,8373000
QCOM,2014-07-21,79.41000366210938,79.97000122070312,79.11000061035156,79.66999816894531,57.25265121459961,7654300
QCOM,2014-07-22,80.08999633789062,81.87000274658203,79.98999786376953,81.52999877929688,58.589298248291016,10753200
QCOM,2014-07-23,81.88999938964844,81.97000122070312,81.41999816894531,81.5999984741211,58.63958740234375,10326300
QCOM,2014-07-24,77.5999984741211,77.62999725341797,75.66000366210938,76.16999816894531,54.73747634887695,37728500
QCOM,2014-07-25,76.0,76.58000183105469,75.81999969482422,76.0999984741211,54.68718719482422,13574800
QCOM,2014-07-28,76.0999984741211,76.25,75.52999877929688,75.83000183105469,54.49313735961914,10938900
QCOM,2014-07-29,75.6500015258789,75.94999694824219,75.26000213623047,75.30999755859375,54.11943817138672,11324900
QCOM,2014-07-30,75.68000030517578,76.2300033569336,75.1500015258789,76.04000091552734,54.64403533935547,10726100
QCOM,2014-07-31,75.38999938964844,75.5999984741211,73.6500015258789,73.72000122070312,52.976844787597656,15257100
QCOM,2014-08-01,73.66999816894531,73.8499984741211,71.81999969482422,72.55000305175781,52.136043548583984,15202500
QCOM,2014-08-04,72.87000274658203,73.47000122070312,72.83000183105469,73.26000213623047,52.64626693725586,13114200
QCOM,2014-08-05,73.19999694824219,73.3499984741211,72.55999755859375,72.75,52.279788970947266,10306400
QCOM,2014-08-06,72.41999816894531,73.1500015258789,72.16000366210938,72.88999938964844,52.38039779663086,7324400
QCOM,2014-08-07,73.27999877929688,73.3499984741211,72.33999633789062,72.48999786376953,52.09292984008789,9402400
QCOM,2014-08-08,72.72000122070312,73.95999908447266,72.5,73.87999725341797,53.091827392578125,9140700
QCOM,2014-08-11,74.19999694824219,74.9800033569336,73.91999816894531,74.7300033569336,53.702659606933594,8818500
QCOM,2014-08-12,74.86000061035156,74.93000030517578,73.9000015258789,74.13999938964844,53.27867126464844,7790000
QCOM,2014-08-13,74.58000183105469,74.6500015258789,74.04000091552734,74.5,53.537384033203125,7047800
QCOM,2014-08-14,74.76000213623047,74.98999786376953,74.5999984741211,74.76000213623047,53.72420883178711,6482100
QCOM,2014-08-15,75.12999725341797,75.12999725341797,73.98999786376953,74.41000366210938,53.47269821166992,9794400
QCOM,2014-08-18,74.83000183105469,75.0999984741211,74.61000061035156,75.02999877929688,53.918251037597656,5180200
QCOM,2014-08-19,75.05000305175781,75.22000122070312,74.91000366210938,75.12999725341797,53.99009323120117,7903300
QCOM,2014-08-20,74.55000305175781,76.63999938964844,74.55000305175781,76.44000244140625,54.93149948120117,12123300
QCOM,2014-08-21,76.61000061035156,77.30999755859375,76.44999694824219,76.7699966430664,55.16864776611328,8646500
QCOM,2014-08-22,76.70999908447266,77.22000122070312,76.70999908447266,76.81999969482422,55.20457077026367,5082400
QCOM,2014-08-25,77.16999816894531,77.30000305175781,76.33999633789062,76.58999633789062,55.03929138183594,4752000
QCOM,2014-08-26,76.81999969482422,77.0999984741211,76.26000213623047,77.01000213623047,55.34111404418945,6754000
QCOM,2014-08-27,77.1500015258789,77.19000244140625,76.48999786376953,76.97000122070312,55.31237030029297,7846200
QCOM,2014-08-28,76.69000244140625,76.9000015258789,76.30999755859375,76.33999633789062,54.859619140625,5243100
QCOM,2014-08-29,76.5999984741211,76.5999984741211,75.76000213623047,76.0999984741211,54.989707946777344,6483700
QCOM,2014-09-02,75.91999816894531,76.08000183105469,74.75,75.05999755859375,54.238189697265625,9821500
QCOM,2014-09-03,75.47000122070312,75.72000122070312,74.81999969482422,74.88999938964844,54.11537170410156,9791200
QCOM,2014-09-04,75.22000122070312,75.55000305175781,74.62000274658203,75.11000061035156,54.274330139160156,8412100
QCOM,2014-09-05,75.0,75.8499984741211,74.88999938964844,75.80999755859375,54.78014373779297,8471600
QCOM,2014-09-08,75.48999786376953,76.23999786376953,75.48999786376953,75.9000015258789,54.845191955566406,6281400
QCOM,2014-09-09,75.9000015258789,76.11000061035156,75.51000213623047,75.83999633789062,54.80183792114258,6266100
QCOM,2014-09-10,75.80000305175781,76.25,75.76000213623047,75.93000030517578,54.866851806640625,6523400
QCOM,2014-09-11,75.58000183105469,76.12000274658203,75.19999694824219,76.11000061035156,54.99693298339844,6898700
QCOM,2014-09-12,75.80000305175781,75.86000061035156,75.20999908447266,75.33000183105469,54.43330001831055,8309300
QCOM,2014-09-15,75.5,75.58000183105469,74.98999786376953,75.08000183105469,54.25264358520508,6637300
QCOM,2014-09-16,75.08000183105469,75.97000122070312,74.9000015258789,75.70999908447266,54.7078971862793,7519800
QCOM,2014-09-17,75.66000366210938,76.16999816894531,75.27999877929688,75.83000183105469,54.794612884521484,7212700
QCOM,2014-09-18,75.91000366210938,76.44999694824219,75.83000183105469,76.44000244140625,55.235408782958984,7274000
QCOM,2014-09-19,77.0,77.0,75.38999938964844,75.52999877929688,54.57782745361328,15396000
QCOM,2014-09-22,75.48999786376953,76.33999633789062,75.27999877929688,76.29000091552734,55.12699508666992,10447100
QCOM,2014-09-23,76.2300033569336,76.56999969482422,75.80999755859375,75.83000183105469,54.794612884521484,8788800
QCOM,2014-09-24,75.6500015258789,76.23999786376953,75.41999816894531,76.23999786376953,55.090858459472656,6097800
QCOM,2014-09-25,76.02999877929688,76.16999816894531,74.72000122070312,74.80999755859375,54.05754470825195,7452200
QCOM,2014-09-26,74.58999633789062,75.12999725341797,74.16999816894531,75.05999755859375,54.238189697265625,6816400
QCOM,2014-09-29,74.62999725341797,75.08000183105469,74.16000366210938,74.81999969482422,54.06476593017578,6630800
QCOM,2014-09-30,74.72000122070312,75.08999633789062,74.11000061035156,74.7699966430664,54.02864074707031,8894400
QCOM,2014-10-01,74.63999938964844,74.80999755859375,73.83999633789062,73.87999725341797,53.38554382324219,9098800
QCOM,2014-10-02,74.13999938964844,74.13999938964844,73.16000366210938,73.66000366210938,53.2265510559082,7489200
QCOM,2014-10-03,73.87999725341797,75.19999694824219,73.87000274658203,74.86000061035156,54.09366989135742,7978400
QCOM,2014-10-06,75.0,75.33999633789062,74.30999755859375,74.72000122070312,53.992523193359375,6217300
QCOM,2014-10-07,74.2300033569336,74.43000030517578,73.4800033569336,73.51000213623047,53.11819076538086,8242000
QCOM,2014-10-08,73.44000244140625,75.44000244140625,73.22000122070312,75.19000244140625,54.332157135009766,9851600
QCOM,2014-10-09,75.22000122070312,75.30000305175781,73.94999694824219,74.08000183105469,53.5300407409668,9914600
QCOM,2014-10-10,73.5199966430664,73.94000244140625,71.19999694824219,71.22000122070312,51.46342849731445,17357100
QCOM,2014-10-13,71.18000030517578,72.5,70.25,70.70999908447266,51.09490966796875,10742600
QCOM,2014-10-14,71.75,72.69999694824219,71.33000183105469,71.86000061035156,51.92588806152344,10488400
QCOM,2014-10-15,71.0999984741211,72.62999725341797,70.2699966430664,71.19999694824219,51.44896697998047,14883500
QCOM,2014-10-16,69.83999633789062,71.88999938964844,69.36000061035156,71.13999938964844,51.40562057495117,11997100
QCOM,2014-10-17,72.05000305175781,72.87999725341797,71.54000091552734,72.43000030517578,52.33777618408203,8467100
QCOM,2014-10-20,72.05000305175781,73.30000305175781,72.0,73.2699966430664,52.94474411010742,6492300
QCOM,2014-10-21,73.93000030517578,75.11000061035156,73.83000183105469,75.0,54.19483947753906,8733300
QCOM,2014-10-22,75.01000213623047,75.0999984741211,74.25,74.30000305175781,53.68902587890625,7127900
QCOM,2014-10-23,75.0,75.4000015258789,74.73999786376953,75.13999938964844,54.2960090637207,9750000
QCOM,2014-10-24,75.41999816894531,76.01000213623047,74.91000366210938,76.0,54.917442321777344,6238500
QCOM,2014-10-27,75.86000061035156,76.02999877929688,75.2699966430664,75.83999633789062,54.80183792114258,4761500
QCOM,2014-10-28,76.19000244140625,76.62000274658203,75.98999786376953,76.56999969482422,55.32930374145508,6314800
QCOM,2014-10-29,76.5,77.37999725341797,76.30999755859375,76.88999938964844,55.560550689697266,5389600
QCOM,2014-10-30,76.6500015258789,77.58999633789062,76.52999877929688,77.37000274658203,55.90740966796875,5314200
QCOM,2014-10-31,78.52999877929688,78.52999877929688,77.69000244140625,78.51000213623047,56.73115158081055,10144500
QCOM,2014-11-03,78.30999755859375,78.52999877929688,77.95999908447266,78.23999786376953,56.53606033325195,8732700
QCOM,2014-11-04,77.48999786376953,77.72000122070312,76.4000015258789,77.11000061035156,55.71951675415039,15347400
QCOM,2014-11-05,77.45999908447266,77.47000122070312,76.41999816894531,77.19999694824219,55.784549713134766,13811400
QCOM,2014-11-06,71.02999877929688,71.06999969482422,67.66999816894531,70.58000183105469,51.00095748901367,70919700
QCOM,2014-11-07,70.69999694824219,70.69999694824219,69.12999725341797,69.26000213623047,50.04712677001953,24945900
QCOM,2014-11-10,68.91000366210938,70.02999877929688,68.48999786376953,69.36000061035156,50.11939239501953,14453300
QCOM,2014-11-11,69.70999908447266,69.8499984741211,69.02999877929688,69.63999938964844,50.321720123291016,10042000
QCOM,2014-11-12,69.62000274658203,70.44999694824219,69.29000091552734,70.29000091552734,50.791404724121094,9460500
QCOM,2014-11-13,70.20999908447266,70.83000183105469,70.19000244140625,70.6500015258789,51.051544189453125,9833100
QCOM,2014-11-14,71.01000213623047,71.20999908447266,70.55000305175781,70.8499984741211,51.19606399536133,7454800
QCOM,2014-11-17,70.62000274658203,70.83999633789062,70.19000244140625,70.4000015258789,50.870906829833984,7350700
QCOM,2014-11-18,70.23999786376953,72.05999755859375,70.23999786376953,72.01000213623047,52.0342903137207,10986100
QCOM,2014-11-19,71.58999633789062,71.83999633789062,70.36000061035156,70.47000122070312,50.921478271484375,11115500
QCOM,2014-11-20,70.11000061035156,70.83999633789062,69.5999984741211,70.70999908447266,51.09490966796875,12030300
QCOM,2014-11-21,71.0999984741211,71.81999969482422,70.69000244140625,71.47000122070312,51.64408493041992,15146200
QCOM,2014-11-24,71.69999694824219,71.94000244140625,71.18000030517578,71.69000244140625,51.80305480957031,9413800
QCOM,2014-11-25,71.7300033569336,72.27999877929688,71.61000061035156,72.2699966430664,52.22214889526367,12488600
QCOM,2014-11-26,71.66000366210938,72.3499984741211,71.62000274658203,72.26000213623047,52.5201530456543,6997000
QCOM,2014-11-28,72.51000213623047,73.0,72.06999969482422,72.9000015258789,52.98530960083008,5817900
QCOM,2014-12-01,72.45999908447266,72.66000366210938,71.29000091552734,71.79000091552734,52.17854690551758,9474300
QCOM,2014-12-02,71.80999755859375,73.48999786376953,71.3499984741211,73.31999969482422,53.29058074951172,17181800
QCOM,2014-12-03,73.62999725341797,74.83999633789062,73.44000244140625,74.37000274658203,54.05375289916992,13143700
QCOM,2014-12-04,74.23999786376953,74.33999633789062,72.93000030517578,73.33999633789062,53.305110931396484,9374000
QCOM,2014-12-05,73.01000213623047,73.91000366210938,73.01000213623047,73.37000274658203,53.32692337036133,6588600
QCOM,2014-12-08,73.22000122070312,73.51000213623047,72.20999908447266,72.61000061035156,52.774532318115234,7201700
QCOM,2014-12-09,71.95999908447266,73.20999908447266,71.86000061035156,73.01000213623047,53.065269470214844,7548400
QCOM,2014-12-10,72.81999969482422,73.0,71.20999908447266,71.5,51.967777252197266,9059300
QCOM,2014-12-11,71.7300033569336,72.7699966430664,71.56999969482422,71.98999786376953,52.323909759521484,9487300
QCOM,2014-12-12,71.62999725341797,71.80999755859375,70.58000183105469,70.58000183105469,51.29908752441406,8351600
QCOM,2014-12-15,70.8499984741211,71.41999816894531,69.58999633789062,70.37000274658203,51.14645767211914,11016100
QCOM,2014-12-16,70.20999908447266,71.77999877929688,70.08000183105469,70.30999755859375,51.10285568237305,11499400
QCOM,2014-12-17,70.41999816894531,72.37000274658203,70.13999938964844,72.20999908447266,52.48380661010742,11423400
QCOM,2014-12-18,73.27999877929688,73.36000061035156,72.61000061035156,73.36000061035156,53.31965637207031,8864600
QCOM,2014-12-19,73.29000091552734,73.7300033569336,73.16999816894531,73.43000030517578,53.37052536010742,16332000
QCOM,2014-12-22,73.58000183105469,74.66000366210938,73.44999694824219,74.55999755859375,54.191837310791016,9074200
QCOM,2014-12-23,74.61000061035156,75.12000274658203,74.4800033569336,74.5999984741211,54.22092056274414,6405800
QCOM,2014-12-24,74.69000244140625,75.1500015258789,74.63999938964844,74.66000366210938,54.2645378112793,3791900
QCOM,2014-12-26,75.08999633789062,75.72000122070312,75.0,75.62000274658203,54.962276458740234,4986700
QCOM,2014-12-29,75.0,75.5999984741211,74.83000183105469,74.98999786376953,54.504371643066406,5959800
QCOM,2014-12-30,74.75,75.37000274658203,74.69999694824219,75.0199966430664,54.52617645263672,6131700
QCOM,2014-12-31,75.20999908447266,75.41000366210938,74.30999755859375,74.33000183105469,54.0246696472168,7763500
QCOM,2015-01-02,74.51000213623047,74.87000274658203,73.75,74.27999877929688,53.98833465576172,6662700
QCOM,2015-01-05,73.70999908447266,74.5,73.62999725341797,73.93000030517578,53.73394012451172,12042800
QCOM,2015-01-06,73.86000061035156,74.61000061035156,72.73999786376953,72.87999725341797,52.970787048339844,11094000
QCOM,2015-01-07,73.37000274658203,74.47000122070312,72.95999908447266,73.7300033569336,53.58857345581055,10030700
QCOM,2015-01-08,74.30000305175781,75.30000305175781,74.13999938964844,74.51000213623047,54.155487060546875,10937200
QCOM,2015-01-09,74.56999969482422,74.87000274658203,73.63999938964844,74.41999816894531,54.090091705322266,9038900
QCOM,2015-01-12,74.13999938964844,74.37999725341797,72.87999725341797,73.56999969482422,53.472293853759766,8749300
QCOM,2015-01-13,73.95999908447266,75.05000305175781,72.55000305175781,72.97000122070312,53.03618621826172,12584500
QCOM,2015-01-14,72.45999908447266,73.0,71.44000244140625,72.22000122070312,52.4910774230957,13203500
QCOM,2015-01-15,72.26000213623047,72.58999633789062,71.05000305175781,71.37999725341797,51.880550384521484,10858400
QCOM,2015-01-16,70.8499984741211,71.43000030517578,70.12000274658203,71.29000091552734,51.815120697021484,12372300
QCOM,2015-01-20,71.75,73.20999908447266,71.18000030517578,72.4800033569336,52.68004608154297,12036700
QCOM,2015-01-21,70.27999877929688,72.61000061035156,69.94999694824219,71.58999633789062,52.033172607421875,17008900
QCOM,2015-01-22,71.86000061035156,72.08999633789062,70.83999633789062,71.91000366210938,52.26577377319336,10450100
QCOM,2015-01-23,72.01000213623047,72.3499984741211,71.43000030517578,72.18000030517578,52.462013244628906,8142100
QCOM,2015-01-26,72.16999816894531,72.9000015258789,71.72000122070312,72.61000061035156,52.774532318115234,9203700
QCOM,2015-01-27,71.9000015258789,72.5,70.94000244140625,71.7699966430664,52.16399002075195,11398800
QCOM,2015-01-28,72.5,72.5,70.8499984741211,70.98999786376953,51.597084045410156,15722100
QCOM,2015-01-29,65.51000213623047,65.69000244140625,62.470001220703125,63.689998626708984,46.29127883911133,47115300
QCOM,2015-01-30,63.040000915527344,64.01000213623047,62.38999938964844,62.459999084472656,45.39728546142578,26407800
QCOM,2015-02-02,62.4900016784668,65.93000030517578,62.2599983215332,65.52999877929688,47.628631591796875,21130600
QCOM,2015-02-03,65.77999877929688,67.04000091552734,65.4800033569336,66.95999908447266,48.66798782348633,16354200
QCOM,2015-02-04,66.58999633789062,67.70999908447266,66.12000274658203,66.95999908447266,48.66798782348633,13089600
QCOM,2015-02-05,67.16999816894531,67.98999786376953,66.79000091552734,67.94999694824219,49.38754653930664,10650500
QCOM,2015-02-06,67.80999755859375,67.94999694824219,66.06999969482422,66.3499984741211,48.22464370727539,11779500
QCOM,2015-02-09,68.16000366210938,68.95999908447266,66.95999908447266,67.11000061035156,48.777008056640625,15651100
QCOM,2015-02-10,69.08999633789062,70.45999908447266,68.83000183105469,70.26000213623047,51.066505432128906,36081200
QCOM,2015-02-11,70.56999969482422,70.94999694824219,70.0,70.20999908447266,51.03015899658203,13439300
QCOM,2015-02-12,69.58000183105469,70.38999938964844,69.55999755859375,70.38999938964844,51.16099548339844,12798300
QCOM,2015-02-13,70.48999786376953,70.93000030517578,70.2699966430664,70.87999725341797,51.517147064208984,8050200
QCOM,2015-02-17,70.76000213623047,70.91000366210938,70.45999908447266,70.80000305175781,51.458984375,8764300
QCOM,2015-02-18,70.33999633789062,70.87999725341797,70.11000061035156,70.54000091552734,51.270015716552734,8097400
QCOM,2015-02-19,70.2300033569336,71.2699966430664,70.20999908447266,70.9800033569336,51.589820861816406,9785300
QCOM,2015-02-20,70.83000183105469,71.72000122070312,70.58999633789062,71.5199966430664,51.982295989990234,8657300
QCOM,2015-02-23,71.26000213623047,71.55000305175781,70.36000061035156,70.94000244140625,51.56074523925781,8617700
QCOM,2015-02-24,70.73999786376953,71.47000122070312,70.37000274658203,71.37000274658203,51.87327194213867,10131900
QCOM,2015-02-25,71.01000213623047,72.2300033569336,71.01000213623047,71.68000030517578,52.09859848022461,10578100
QCOM,2015-02-26,71.87000274658203,72.2699966430664,71.61000061035156,72.01000213623047,52.338443756103516,9838700
QCOM,2015-02-27,71.80999755859375,72.56999969482422,71.19999694824219,72.51000213623047,52.70183563232422,10297400
QCOM,2015-03-02,71.80000305175781,72.9000015258789,71.61000061035156,72.66000366210938,53.11854934692383,8979300
QCOM,2015-03-03,72.01000213623047,72.48999786376953,71.3499984741211,71.41000366210938,52.20473861694336,9236400
QCOM,2015-03-04,71.0999984741211,71.5,70.55999755859375,70.8499984741211,51.795345306396484,8476200
QCOM,2015-03-05,71.19999694824219,71.2699966430664,70.69000244140625,70.93000030517578,51.85382843017578,6955800
QCOM,2015-03-06,70.55999755859375,71.69000244140625,70.51000213623047,71.51000213623047,52.27783966064453,12022100
QCOM,2015-03-09,71.63999938964844,72.87000274658203,71.63999938964844,72.70999908447266,53.155128479003906,12754700
QCOM,2015-03-10,73.87000274658203,74.08999633789062,71.86000061035156,71.88999938964844,52.555625915527344,29111600
QCOM,2015-03-11,71.5199966430664,71.72000122070312,70.23999786376953,70.2699966430664,51.3713264465332,21690200
QCOM,2015-03-12,70.0,70.55000305175781,69.19999694824219,69.37000274658203,50.71338653564453,16004300
QCOM,2015-03-13,69.01000213623047,69.63999938964844,68.31999969482422,68.63999938964844,50.17970657348633,13946800
QCOM,2015-03-16,69.13999938964844,70.02999877929688,68.91000366210938,70.0,51.17393493652344,11643400
QCOM,2015-03-17,69.44000244140625,70.16999816894531,69.20999908447266,69.81999969482422,51.04235076904297,11540300
QCOM,2015-03-18,69.5999984741211,70.48999786376953,69.05999755859375,70.2300033569336,51.34208679199219,10245700
QCOM,2015-03-19,70.2300033569336,70.58999633789062,69.77999877929688,69.83000183105469,51.04966354370117,6959800
QCOM,2015-03-20,70.19999694824219,70.61000061035156,69.79000091552734,70.04000091552734,51.20317840576172,22646600
QCOM,2015-03-23,69.91999816894531,70.58000183105469,69.80999755859375,70.06999969482422,51.22511672973633,7700600
QCOM,2015-03-24,69.98999786376953,70.2300033569336,68.97000122070312,68.97000122070312,50.420963287353516,9964700
QCOM,2015-03-25,68.86000061035156,68.87000274658203,67.19999694824219,67.20999908447266,49.134300231933594,11980500
QCOM,2015-03-26,66.54000091552734,67.44999694824219,65.68000030517578,67.16000366210938,49.097747802734375,13835900
QCOM,2015-03-27,67.22000122070312,67.93000030517578,66.75,67.02999877929688,49.00270462036133,8560400
QCOM,2015-03-30,67.73999786376953,69.0,67.45999908447266,68.87999725341797,50.355159759521484,11404500
QCOM,2015-03-31,68.16000366210938,69.54000091552734,68.16000366210938,69.33999633789062,50.691444396972656,13035300
QCOM,2015-04-01,68.47000122070312,69.47000122070312,68.44999694824219,69.43000030517578,50.75724411010742,10455800
QCOM,2015-04-02,69.5199966430664,69.61000061035156,67.76000213623047,67.97000122070312,49.689910888671875,14206200
QCOM,2015-04-06,66.19000244140625,67.95999908447266,66.18000030517578,67.76000213623047,49.536380767822266,11906300
QCOM,2015-04-07,67.72000122070312,68.12000274658203,67.26000213623047,67.31999969482422,49.214717864990234,13948000
QCOM,2015-04-08,66.94000244140625,67.58999633789062,66.93000030517578,67.26000213623047,49.170841217041016,15783100
QCOM,2015-04-09,67.41999816894531,69.08999633789062,67.30999755859375,68.80999755859375,50.30398941040039,14169200
QCOM,2015-04-10,68.66999816894531,69.19999694824219,68.47000122070312,69.16000366210938,50.55986785888672,10437900
QCOM,2015-04-13,71.2300033569336,71.9000015258789,68.63999938964844,68.7300033569336,50.245513916015625,28612900
QCOM,2015-04-14,69.16000366210938,69.19999694824219,68.5999984741211,68.97000122070312,50.420963287353516,12305100
QCOM,2015-04-15,69.29000091552734,69.5,68.19000244140625,68.45999908447266,50.04811096191406,11923400
QCOM,2015-04-16,68.16000366210938,68.25,67.7300033569336,67.91000366210938,49.646053314208984,10649900
QCOM,2015-04-17,67.48999786376953,67.94999694824219,66.95999908447266,67.11000061035156,49.061187744140625,14011100
QCOM,2015-04-20,67.25,68.80000305175781,67.19000244140625,68.63999938964844,50.17970657348633,12893800
QCOM,2015-04-21,68.83999633789062,68.94000244140625,68.37999725341797,68.56999969482422,50.128536224365234,7839300
QCOM,2015-04-22,68.76000213623047,69.20999908447266,68.25,68.94000244140625,50.39902877807617,13289500
QCOM,2015-04-23,67.3499984741211,68.43000030517578,66.95999908447266,68.33999633789062,49.960384368896484,18341100
QCOM,2015-04-24,68.02999877929688,68.31999969482422,67.66999816894531,68.23999786376953,49.88728332519531,8757800
QCOM,2015-04-27,68.7699966430664,69.68000030517578,68.61000061035156,69.2300033569336,50.61102294921875,11818400
QCOM,2015-04-28,69.04000091552734,69.81999969482422,69.01000213623047,69.6500015258789,50.918067932128906,8272600
QCOM,2015-04-29,69.19000244140625,69.33999633789062,68.0,68.66999816894531,50.201637268066406,7660400
QCOM,2015-04-30,68.33000183105469,68.58999633789062,67.61000061035156,68.0,49.71184158325195,8319800
QCOM,2015-05-01,68.30999755859375,68.54000091552734,67.95999908447266,68.41999816894531,50.01887512207031,7166200
QCOM,2015-05-04,68.44999694824219,69.36000061035156,68.22000122070312,69.05999755859375,50.486778259277344,7013800
QCOM,2015-05-05,68.8499984741211,69.0,68.12999725341797,68.37000274658203,49.98234176635742,8660600
QCOM,2015-05-06,68.19999694824219,68.8499984741211,67.5,67.80999755859375,49.572933197021484,7858200
QCOM,2015-05-07,67.80000305175781,68.44999694824219,67.79000091552734,68.43000030517578,50.026180267333984,6514000
QCOM,2015-05-08,68.8499984741211,69.41000366210938,68.55000305175781,69.41000366210938,50.74263000488281,7393300
QCOM,2015-05-11,69.16999816894531,69.3499984741211,68.81999969482422,69.05000305175781,50.47943878173828,6379200
QCOM,2015-05-12,68.69999694824219,69.0199966430664,68.0999984741211,68.79000091552734,50.28936004638672,8070400
QCOM,2015-05-13,69.2300033569336,70.5,69.0,69.7300033569336,50.9765625,12031200
QCOM,2015-05-14,69.98999786376953,70.66000366210938,69.80999755859375,70.5199966430664,51.5540885925293,10945700
QCOM,2015-05-15,70.61000061035156,71.08999633789062,70.43000030517578,71.05999755859375,51.9488525390625,9858600
QCOM,2015-05-18,70.98999786376953,71.12999725341797,70.25,70.41999816894531,51.48099899291992,5352500
QCOM,2015-05-19,70.33000183105469,70.41999816894531,69.47000122070312,69.62000274658203,50.89616012573242,7609100
QCOM,2015-05-20,69.80000305175781,69.83999633789062,69.22000122070312,69.27999877929688,50.647586822509766,8420200
QCOM,2015-05-21,69.62999725341797,70.94999694824219,69.02999877929688,70.08999633789062,51.23972702026367,27529700
QCOM,2015-05-22,69.56999969482422,69.94000244140625,69.44000244140625,69.51000213623047,50.81572723388672,13177300
QCOM,2015-05-26,69.52999877929688,69.62000274658203,68.75,69.36000061035156,50.70607376098633,14768600
QCOM,2015-05-27,69.4000015258789,71.13999938964844,69.0999984741211,71.0199966430664,51.919620513916016,17559100
QCOM,2015-05-28,70.94999694824219,71.31999969482422,70.51000213623047,70.5999984741211,51.61259460449219,11939000
QCOM,2015-05-29,70.69000244140625,70.9000015258789,69.5999984741211,69.68000030517578,50.94001388549805,18256900
QCOM,2015-06-01,69.51000213623047,69.9000015258789,69.11000061035156,69.41999816894531,51.101959228515625,8600500
QCOM,2015-06-02,69.36000061035156,69.66000366210938,69.05999755859375,69.3499984741211,51.0504150390625,12071300
QCOM,2015-06-03,69.80000305175781,70.05000305175781,69.44999694824219,69.86000061035156,51.42585372924805,6533300
QCOM,2015-06-04,69.36000061035156,69.51000213623047,68.76000213623047,68.9000015258789,50.71917724609375,9909300
QCOM,2015-06-05,68.95999908447266,68.95999908447266,68.22000122070312,68.26000213623047,50.248043060302734,8067900
QCOM,2015-06-08,68.02999877929688,68.19999694824219,67.25,67.27999877929688,49.52663803100586,9158400
QCOM,2015-06-09,67.37999725341797,67.47000122070312,66.7699966430664,66.83999633789062,49.2027473449707,7611700
QCOM,2015-06-10,66.91000366210938,67.69000244140625,66.91000366210938,67.30999755859375,49.548709869384766,12825900
QCOM,2015-06-11,67.58999633789062,67.80999755859375,67.38999938964844,67.5999984741211,49.76219940185547,10609800
QCOM,2015-06-12,67.05999755859375,67.55000305175781,66.79000091552734,67.02999877929688,49.34260177612305,6855600
QCOM,2015-06-15,66.54000091552734,66.8499984741211,66.05999755859375,66.62999725341797,49.04814910888672,6817500
QCOM,2015-06-16,66.44999694824219,66.62999725341797,65.93000030517578,66.45999908447266,48.92301940917969,6746800
QCOM,2015-06-17,66.69000244140625,67.08000183105469,66.08000183105469,66.55000305175781,48.98926544189453,9563600
QCOM,2015-06-18,66.72000122070312,67.66999816894531,66.66999816894531,67.36000061035156,49.58554458618164,10443500
QCOM,2015-06-19,67.41000366210938,67.51000213623047,66.63999938964844,66.87999725341797,49.2321891784668,13233700
QCOM,2015-06-22,67.04000091552734,67.62999725341797,67.0,67.36000061035156,49.58554458618164,11762800
QCOM,2015-06-23,67.54000091552734,67.62000274658203,66.76000213623047,66.9800033569336,49.3057975769043,11791100
QCOM,2015-06-24,67.08000183105469,67.12999725341797,65.29000091552734,65.3499984741211,48.10590362548828,15282700
QCOM,2015-06-25,65.51000213623047,65.87000274658203,65.0199966430664,65.26000213623047,48.03966522216797,9838800
QCOM,2015-06-26,65.37999725341797,65.55999755859375,64.5999984741211,64.66999816894531,47.6053466796875,34801400
QCOM,2015-06-29,63.400001525878906,64.02999877929688,62.58000183105469,62.619998931884766,46.096290588378906,16549700
QCOM,2015-06-30,62.75,63.150001525878906,62.45000076293945,62.630001068115234,46.1036491394043,12697400
QCOM,2015-07-01,63.099998474121094,63.279998779296875,62.0099983215332,62.900001525878906,46.30241012573242,12669900
QCOM,2015-07-02,63.0099983215332,63.650001525878906,62.9900016784668,63.11000061035156,46.45699691772461,11302800
QCOM,2015-07-06,62.65999984741211,63.54999923706055,62.650001525878906,63.11000061035156,46.45699691772461,10068400
QCOM,2015-07-07,63.27000045776367,63.380001068115234,61.47999954223633,62.79999923706055,46.22880172729492,13582600
QCOM,2015-07-08,62.45000076293945,62.599998474121094,61.70000076293945,61.90999984741211,45.573638916015625,13827900
QCOM,2015-07-09,62.849998474121094,63.43000030517578,61.849998474121094,61.86000061035156,45.536834716796875,12238900
QCOM,2015-07-10,62.40999984741211,63.06999969482422,62.33000183105469,62.72999954223633,46.17726135253906,12906100
QCOM,2015-07-13,63.0,63.70000076293945,63.0,63.43000030517578,46.69255065917969,11426600
QCOM,2015-07-14,63.619998931884766,64.27999877929688,63.45000076293945,63.939998626708984,47.06797409057617,10282300
QCOM,2015-07-15,63.310001373291016,64.19999694824219,63.29999923706055,63.880001068115234,47.02381896972656,8492000
QCOM,2015-07-16,63.45000076293945,64.68000030517578,63.380001068115234,64.55000305175781,47.517005920410156,10385900
QCOM,2015-07-17,64.11000061035156,64.6500015258789,64.01000213623047,64.33999633789062,47.362422943115234,8953500
QCOM,2015-07-20,64.62999725341797,64.62999725341797,63.7400016784668,63.790000915527344,46.95756149291992,11381000
QCOM,2015-07-21,64.61000061035156,66.05000305175781,64.44999694824219,65.13999938964844,47.951332092285156,17818900
QCOM,2015-07-22,64.5,64.97000122070312,64.05000305175781,64.19000244140625,47.25201416015625,22660300
QCOM,2015-07-23,62.56999969482422,62.779998779296875,60.83000183105469,61.779998779296875,45.47795104980469,37879800
QCOM,2015-07-24,61.86000061035156,62.20000076293945,61.310001373291016,61.63999938964844,45.374881744384766,18525500
QCOM,2015-07-27,61.97999954223633,62.5,61.5099983215332,61.97999954223633,45.62517166137695,14749700
QCOM,2015-07-28,62.34000015258789,63.40999984741211,62.220001220703125,63.099998474121094,46.449642181396484,14090200
QCOM,2015-07-29,63.08000183105469,63.560001373291016,62.75,63.16999816894531,46.501155853271484,9779100
QCOM,2015-07-30,62.9900016784668,64.77999877929688,62.79999923706055,64.41000366210938,47.41395950317383,12697200
QCOM,2015-07-31,64.66000366210938,64.94999694824219,64.2300033569336,64.38999938964844,47.39923858642578,9611600
QCOM,2015-08-03,64.3499984741211,64.70999908447266,64.08000183105469,64.43000030517578,47.42867660522461,9847900
QCOM,2015-08-04,64.41000366210938,64.81999969482422,63.220001220703125,63.45000076293945,46.70728302001953,12106800
QCOM,2015-08-05,63.65999984741211,64.48999786376953,63.5,63.880001068115234,47.02381896972656,9451300
QCOM,2015-08-06,63.75,64.11000061035156,62.650001525878906,62.84000015258789,46.25823974609375,12280300
QCOM,2015-08-07,62.7599983215332,63.43000030517578,62.599998474121094,63.02000045776367,46.3907356262207,17441700
QCOM,2015-08-10,62.5,63.33000183105469,62.5,63.150001525878906,46.48644256591797,17649600
QCOM,2015-08-11,62.56999969482422,63.060001373291016,62.34000015258789,62.54999923706055,46.04477310180664,13667000
QCOM,2015-08-12,62.400001525878906,62.66999816894531,61.599998474121094,62.58000183105469,46.06684494018555,12672100
QCOM,2015-08-13,62.5,62.599998474121094,61.95000076293945,62.029998779296875,45.66196823120117,9402600
QCOM,2015-08-14,61.790000915527344,62.54999923706055,61.790000915527344,61.90999984741211,45.573638916015625,9202800
QCOM,2015-08-17,61.5,62.11000061035156,61.47999954223633,62.06999969482422,45.69142532348633,11549700
QCOM,2015-08-18,61.56999969482422,61.849998474121094,61.29999923706055,61.31999969482422,45.139312744140625,10632100
QCOM,2015-08-19,60.88999938964844,61.619998931884766,60.709999084472656,61.18000030517578,45.036258697509766,11577000
QCOM,2015-08-20,60.849998474121094,61.34000015258789,60.150001525878906,60.150001525878906,44.27804946899414,13173500
QCOM,2015-08-21,59.689998626708984,60.099998474121094,57.560001373291016,57.61000061035156,42.408294677734375,19647300
QCOM,2015-08-24,54.18000030517578,57.810001373291016,52.59000015258789,55.279998779296875,40.69312286376953,29486900
QCOM,2015-08-25,56.619998931884766,56.91999816894531,53.7400016784668,53.880001068115234,39.66253662109375,21855400
QCOM,2015-08-26,55.5,56.7400016784668,54.849998474121094,56.65999984741211,41.708984375,22001500
QCOM,2015-08-27,57.06999969482422,57.45000076293945,56.16999816894531,57.36000061035156,42.22425842285156,18261600
QCOM,2015-08-28,57.150001525878906,57.7599983215332,57.029998779296875,57.45000076293945,42.29050827026367,12673300
QCOM,2015-08-31,56.56999969482422,57.2599983215332,56.349998474121094,56.58000183105469,42.00101089477539,9898800
QCOM,2015-09-01,55.25,55.90999984741211,54.689998626708984,55.02000045776367,40.84297561645508,13136600
QCOM,2015-09-02,55.630001068115234,55.880001068115234,55.0099983215332,55.86000061035156,41.46651840209961,11629100
QCOM,2015-09-03,56.220001220703125,56.7599983215332,55.470001220703125,55.54999923706055,41.23639678955078,10717900
QCOM,2015-09-04,54.939998626708984,55.099998474121094,54.13999938964844,54.290000915527344,40.30107116699219,11424700
QCOM,2015-09-08,55.11000061035156,55.349998474121094,54.77000045776367,55.20000076293945,40.976593017578125,10938500
QCOM,2015-09-09,55.849998474121094,55.88999938964844,54.15999984741211,54.31999969482422,40.32333755493164,12577200
QCOM,2015-09-10,54.5,55.810001373291016,54.279998779296875,55.33000183105469,41.073097229003906,13997100
QCOM,2015-09-11,55.04999923706055,55.15999984741211,54.349998474121094,54.65999984741211,40.57572937011719,10793300
QCOM,2015-09-14,54.75,54.97999954223633,54.06999969482422,54.310001373291016,40.315914154052734,9720700
QCOM,2015-09-15,54.81999969482422,55.16999816894531,54.36000061035156,54.869998931884766,40.73161697387695,9265000
QCOM,2015-09-16,54.810001373291016,55.529998779296875,54.68000030517578,55.20000076293945,40.976593017578125,8091900
QCOM,2015-09-17,55.189998626708984,55.90999984741211,54.849998474121094,54.97999954223633,40.81327438354492,9698100
QCOM,2015-09-18,54.25,54.959999084472656,54.02000045776367,54.45000076293945,40.41984939575195,26572500
QCOM,2015-09-21,54.630001068115234,54.72999954223633,54.0,54.38999938964844,40.375301361083984,9289600
QCOM,2015-09-22,53.779998779296875,54.22999954223633,53.58000183105469,53.939998626708984,40.041259765625,9946800
QCOM,2015-09-23,54.150001525878906,54.150001525878906,53.369998931884766,53.560001373291016,39.759178161621094,7243900
QCOM,2015-09-24,53.18000030517578,53.529998779296875,52.38999938964844,53.27000045776367,39.54389190673828,13502000
QCOM,2015-09-25,53.95000076293945,54.0,52.959999084472656,53.220001220703125,39.506778717041016,11661900
QCOM,2015-09-28,53.04999923706055,53.27000045776367,52.52000045776367,52.540000915527344,39.00200271606445,11773100
QCOM,2015-09-29,52.5,52.90999984741211,52.16999816894531,52.43000030517578,38.92034149169922,9789900
QCOM,2015-09-30,52.9900016784668,53.810001373291016,52.900001525878906,53.72999954223633,39.88536834716797,12849700
QCOM,2015-10-01,53.599998474121094,53.81999969482422,53.0,53.18000030517578,39.47707748413086,9554900
QCOM,2015-10-02,53.06999969482422,55.150001525878906,53.0,55.06999969482422,40.88008117675781,13192200
QCOM,2015-10-05,55.58000183105469,56.4900016784668,55.56999969482422,56.22999954223633,41.74119567871094,9933200
QCOM,2015-10-06,56.0,56.52000045776367,55.41999816894531,56.31999969482422,41.808006286621094,10336500
QCOM,2015-10-07,56.560001373291016,57.349998474121094,56.040000915527344,56.61000061035156,42.02328872680664,8952300
QCOM,2015-10-08,56.4900016784668,57.68000030517578,56.31999969482422,57.65999984741211,42.802711486816406,8635200
QCOM,2015-10-09,57.869998931884766,58.119998931884766,57.369998931884766,57.779998779296875,42.89181137084961,8883000
QCOM,2015-10-12,57.630001068115234,58.08000183105469,57.470001220703125,57.790000915527344,42.89921951293945,6913400
QCOM,2015-10-13,57.189998626708984,58.08000183105469,57.02000045776367,57.5099983215332,42.69137191772461,7377300
QCOM,2015-10-14,57.52000045776367,59.13999938964844,57.5099983215332,58.630001068115234,43.52279281616211,12471600
QCOM,2015-10-15,59.0,59.90999984741211,58.65999984741211,59.2599983215332,43.990447998046875,9055600
QCOM,2015-10-16,59.47999954223633,60.0,58.90999984741211,59.90999984741211,44.472957611083984,8924900
QCOM,2015-10-19,59.459999084472656,59.630001068115234,58.61000061035156,59.099998474121094,43.871665954589844,10975200
QCOM,2015-10-20,58.68000030517578,59.209999084472656,58.68000030517578,59.0,43.79743957519531,9102200
QCOM,2015-10-21,59.279998779296875,59.77000045776367,58.88999938964844,58.970001220703125,43.77517318725586,6915400
QCOM,2015-10-22,59.4900016784668,60.63999938964844,59.4900016784668,60.43000030517578,44.85897445678711,10913600
QCOM,2015-10-23,60.630001068115234,61.189998626708984,60.4900016784668,60.72999954223633,45.081661224365234,9175600
QCOM,2015-10-26,60.90999984741211,60.90999984741211,58.70000076293945,59.209999084472656,43.953338623046875,13381000
QCOM,2015-10-27,58.90999984741211,59.349998474121094,58.77000045776367,59.279998779296875,44.00529479980469,9485900
QCOM,2015-10-28,59.33000183105469,60.29999923706055,59.22999954223633,60.27000045776367,44.740203857421875,7738300
QCOM,2015-10-29,59.66999816894531,60.22999954223633,59.58000183105469,60.0,44.53976058959961,5567700
QCOM,2015-10-30,60.119998931884766,60.20000076293945,59.41999816894531,59.41999816894531,44.10920715332031,8630300
QCOM,2015-11-02,59.70000076293945,60.7599983215332,59.5099983215332,60.63999938964844,45.014869689941406,8577200
QCOM,2015-11-03,60.400001525878906,61.18000030517578,60.2599983215332,60.869998931884766,45.18559265136719,7704300
QCOM,2015-11-04,60.88999938964844,61.0099983215332,60.06999969482422,60.2599983215332,44.73278045654297,10795900
QCOM,2015-11-05,56.72999954223633,56.810001373291016,49.91999816894531,51.06999969482422,37.9107551574707,65856400
QCOM,2015-11-06,51.630001068115234,53.70000076293945,51.630001068115234,53.41999816894531,39.65523910522461,31252900
QCOM,2015-11-09,52.880001068115234,53.349998474121094,52.619998931884766,52.939998626708984,39.298919677734375,15092000
QCOM,2015-11-10,52.529998779296875,52.9900016784668,51.95000076293945,52.27000045776367,38.80155944824219,13489500
QCOM,2015-11-11,52.599998474121094,53.2400016784668,52.369998931884766,52.849998474121094,39.23212432861328,11026300
QCOM,2015-11-12,52.75,53.189998626708984,52.52000045776367,52.58000183105469,39.03169250488281,10807000
QCOM,2015-11-13,52.29999923706055,52.75,51.81999969482422,51.939998626708984,38.55659484863281,10439900
QCOM,2015-11-16,51.959999084472656,52.86000061035156,51.959999084472656,52.77000045776367,39.17272186279297,9214000
QCOM,2015-11-17,52.70000076293945,53.54999923706055,52.56999969482422,52.97999954223633,39.32862091064453,10686200
QCOM,2015-11-18,51.939998626708984,51.939998626708984,47.52000045776367,48.0,35.631813049316406,45214500
QCOM,2015-11-19,48.5099983215332,49.279998779296875,48.22999954223633,48.38999938964844,35.92132568359375,20547900
QCOM,2015-11-20,48.79999923706055,49.77000045776367,48.5,49.619998931884766,36.83439254760742,17229800
QCOM,2015-11-23,49.09000015258789,49.58000183105469,48.7599983215332,48.970001220703125,36.351871490478516,11632800
QCOM,2015-11-24,49.029998779296875,49.72999954223633,48.86000061035156,49.40999984741211,36.678497314453125,12090100
QCOM,2015-11-25,49.40999984741211,49.650001525878906,48.849998474121094,49.099998474121094,36.44837951660156,9967100
QCOM,2015-11-27,48.66999816894531,48.849998474121094,48.470001220703125,48.540000915527344,36.38840103149414,3441600
QCOM,2015-11-30,48.599998474121094,48.86000061035156,48.29999923706055,48.790000915527344,36.57582092285156,13716000
QCOM,2015-12-01,48.75,49.31999969482422,48.599998474121094,49.29999923706055,36.958152770996094,9915800
QCOM,2015-12-02,51.90999984741211,53.439998626708984,51.79999923706055,51.849998474121094,38.869773864746094,36745100
QCOM,2015-12-03,52.15999984741211,52.2400016784668,50.369998931884766,51.400001525878906,38.53243637084961,25438100
QCOM,2015-12-04,52.09000015258789,52.56999969482422,51.40999984741211,52.34000015258789,39.23710632324219,16177700
QCOM,2015-12-07,52.310001373291016,52.540000915527344,51.88999938964844,52.43000030517578,39.304588317871094,10160700
QCOM,2015-12-08,50.630001068115234,50.959999084472656,49.310001373291016,49.47999954223633,37.09309387207031,18917100
QCOM,2015-12-09,49.63999938964844,49.97999954223633,48.41999816894531,48.59000015258789,36.4258918762207,16131000
QCOM,2015-12-10,48.650001525878906,49.56999969482422,48.470001220703125,48.56999969482422,36.4109001159668,11619500
QCOM,2015-12-11,48.20000076293945,48.36000061035156,47.34000015258789,47.459999084472656,35.57878112792969,12977600
QCOM,2015-12-14,47.40999984741211,47.959999084472656,45.93000030517578,46.83000183105469,35.10649490356445,17157400
QCOM,2015-12-15,47.709999084472656,48.810001373291016,46.79999923706055,48.02000045776367,35.998573303222656,20086900
QCOM,2015-12-16,48.25,48.599998474121094,47.150001525878906,48.06999969482422,36.03607940673828,13308300
QCOM,2015-12-17,49.31999969482422,49.599998474121094,47.540000915527344,47.540000915527344,35.63875198364258,15328000
QCOM,2015-12-18,47.369998931884766,48.040000915527344,47.02000045776367,47.43000030517578,35.55628967285156,46440200
QCOM,2015-12-21,47.61000061035156,48.93000030517578,47.540000915527344,48.7599983215332,36.55333709716797,16779000
QCOM,2015-12-22,48.529998779296875,49.189998626708984,48.43000030517578,49.06999969482422,36.785728454589844,10139800
QCOM,2015-12-23,49.2400016784668,49.52000045776367,48.900001525878906,49.040000915527344,36.76323699951172,9397900
QCOM,2015-12-24,49.0,49.880001068115234,49.0,49.54999923706055,37.14556121826172,5338500
QCOM,2015-12-28,49.45000076293945,49.810001373291016,49.22999954223633,49.58000183105469,37.16805648803711,8395600
QCOM,2015-12-29,50.279998779296875,51.25,50.06999969482422,50.880001068115234,38.142601013183594,14371300
QCOM,2015-12-30,50.880001068115234,51.25,50.36000061035156,50.40999984741211,37.79026412963867,8529300
QCOM,2015-12-31,50.060001373291016,50.439998626708984,49.88999938964844,49.9900016784668,37.47541046142578,7613400
QCOM,2016-01-04,49.43000030517578,50.18000030517578,48.90999984741211,50.119998931884766,37.57286834716797,12571300
QCOM,2016-01-05,50.459999084472656,50.599998474121094,49.06999969482422,49.13999938964844,36.83820724487305,13482300
QCOM,2016-01-06,48.36000061035156,48.65999984741211,47.7599983215332,48.63999938964844,36.4633674621582,15783500
QCOM,2016-01-07,47.779998779296875,48.0,45.97999954223633,46.13999938964844,34.58922576904297,20495600
QCOM,2016-01-08,46.810001373291016,46.849998474121094,45.84000015258789,45.880001068115234,34.39432144165039,15285500
QCOM,2016-01-11,46.36000061035156,46.529998779296875,45.33000183105469,46.06999969482422,34.53675842285156,13624900
QCOM,2016-01-12,46.45000076293945,46.68000030517578,45.619998931884766,46.52000045776367,34.87409973144531,9290700
QCOM,2016-01-13,47.220001220703125,47.970001220703125,46.06999969482422,46.099998474121094,34.559242248535156,17285100
QCOM,2016-01-14,46.209999084472656,48.0099983215332,45.84000015258789,47.72999954223633,35.781192779541016,21649400
QCOM,2016-01-15,46.040000915527344,46.5099983215332,45.130001068115234,45.81999969482422,34.34934997558594,17273300
QCOM,2016-01-19,46.5,46.58000183105469,45.470001220703125,46.09000015258789,34.551753997802734,12680000
QCOM,2016-01-20,45.5,46.18000030517578,44.38999938964844,45.93000030517578,34.43179702758789,14761500
QCOM,2016-01-21,46.36000061035156,47.439998626708984,45.709999084472656,47.04999923706055,35.27142333984375,12913700
QCOM,2016-01-22,47.810001373291016,48.279998779296875,47.439998626708984,48.06999969482422,36.03607940673828,12154900
QCOM,2016-01-25,47.970001220703125,48.38999938964844,47.52000045776367,47.58000183105469,35.668731689453125,9365800
QCOM,2016-01-26,47.599998474121094,48.849998474121094,47.52000045776367,48.52000045776367,36.373416900634766,9273400
QCOM,2016-01-27,48.0,48.58000183105469,47.15999984741211,47.529998779296875,35.63125228881836,12305000
QCOM,2016-01-28,45.79999923706055,45.81999969482422,43.470001220703125,43.59000015258789,32.67759704589844,27935200
QCOM,2016-01-29,44.04999923706055,45.349998474121094,43.66999816894531,45.34000015258789,33.98949432373047,24039200
QCOM,2016-02-01,44.709999084472656,46.40999984741211,44.38999938964844,46.11000061035156,34.566749572753906,13120400
QCOM,2016-02-02,45.18000030517578,45.400001525878906,42.880001068115234,43.150001525878906,32.34775924682617,21079700
QCOM,2016-02-03,43.599998474121094,45.0,43.310001373291016,44.72999954223633,33.53221893310547,16733600
QCOM,2016-02-04,44.619998931884766,45.7599983215332,44.380001068115234,45.65999984741211,34.22937774658203,10798900
QCOM,2016-02-05,45.45000076293945,45.599998474121094,43.77000045776367,44.02000045776367,32.99995803833008,10709800
QCOM,2016-02-08,43.5099983215332,44.15999984741211,42.83000183105469,43.88999938964844,32.902503967285156,12799000
QCOM,2016-02-09,43.650001525878906,44.060001373291016,43.16999816894531,43.61000061035156,32.69258499145508,10339800
QCOM,2016-02-10,44.0,44.52000045776367,42.900001525878906,42.959999084472656,32.20531463623047,10044600
QCOM,2016-02-11,42.5099983215332,43.290000915527344,42.2400016784668,43.0,32.23530578613281,12537700
QCOM,2016-02-12,43.349998474121094,44.7599983215332,43.08000183105469,44.560001373291016,33.40476608276367,11696500
QCOM,2016-02-16,45.599998474121094,46.83000183105469,45.400001525878906,46.72999954223633,35.03152084350586,13832500
QCOM,2016-02-17,47.04999923706055,48.529998779296875,47.0099983215332,48.40999984741211,36.290950775146484,14868200
QCOM,2016-02-18,48.40999984741211,49.310001373291016,48.02000045776367,49.08000183105469,36.79323196411133,13173100
QCOM,2016-02-19,49.040000915527344,50.040000915527344,48.7599983215332,49.41999816894531,37.048095703125,16196800
QCOM,2016-02-22,50.08000183105469,51.290000915527344,50.06999969482422,51.279998779296875,38.442466735839844,16793600
QCOM,2016-02-23,51.0,51.0,50.11000061035156,50.41999816894531,37.797760009765625,9358700
QCOM,2016-02-24,50.0,51.65999984741211,49.72999954223633,51.52000045776367,38.62239074707031,10966600
QCOM,2016-02-25,51.5,51.790000915527344,50.900001525878906,51.63999938964844,38.71234130859375,8352400
QCOM,2016-02-26,52.0,52.0,51.220001220703125,51.619998931884766,38.69736099243164,9528400
QCOM,2016-02-29,51.16999816894531,51.529998779296875,50.709999084472656,50.790000915527344,38.43251037597656,12127300
QCOM,2016-03-01,51.08000183105469,52.11000061035156,51.060001373291016,52.11000061035156,39.431339263916016,11977400
QCOM,2016-03-02,52.38999938964844,52.97999954223633,52.2400016784668,52.849998474121094,39.991294860839844,15664800
QCOM,2016-03-03,52.45000076293945,52.810001373291016,51.86000061035156,52.380001068115234,39.635658264160156,12365200
QCOM,2016-03-04,52.33000183105469,52.900001525878906,51.900001525878906,52.65999984741211,39.84752655029297,12770300
QCOM,2016-03-07,52.439998626708984,53.52000045776367,52.36000061035156,53.29999923706055,40.33181381225586,10171500
QCOM,2016-03-08,52.88999938964844,53.209999084472656,51.97999954223633,52.459999084472656,39.696197509765625,11684300
QCOM,2016-03-09,52.40999984741211,52.52000045776367,51.7400016784668,51.95000076293945,39.31027603149414,13964500
QCOM,2016-03-10,51.90999984741211,52.369998931884766,51.16999816894531,52.02000045776367,39.36324691772461,9539100
QCOM,2016-03-11,52.59000015258789,52.63999938964844,51.88999938964844,52.220001220703125,39.51457977294922,11404300
QCOM,2016-03-14,52.2400016784668,52.40999984741211,51.7400016784668,52.09000015258789,39.416221618652344,7407200
QCOM,2016-03-15,51.75,51.83000183105469,50.97999954223633,51.630001068115234,39.06813049316406,12887600
QCOM,2016-03-16,51.630001068115234,51.630001068115234,50.90999984741211,51.29999923706055,38.81842041015625,21052300
QCOM,2016-03-17,51.150001525878906,51.689998626708984,51.119998931884766,51.380001068115234,38.87896728515625,10190400
QCOM,2016-03-18,51.689998626708984,51.869998931884766,51.22999954223633,51.59000015258789,39.037864685058594,28991500
QCOM,2016-03-21,51.599998474121094,52.349998474121094,51.5099983215332,52.209999084472656,39.50701904296875,11796500
QCOM,2016-03-22,51.84000015258789,52.31999969482422,51.790000915527344,52.02000045776367,39.36324691772461,6623200
QCOM,2016-03-23,52.119998931884766,52.15999984741211,50.810001373291016,50.9900016784668,38.5838508605957,9194600
QCOM,2016-03-24,50.630001068115234,50.900001525878906,50.130001068115234,50.86000061035156,38.4854850769043,7527300
QCOM,2016-03-28,50.43000030517578,50.61000061035156,49.95000076293945,50.189998626708984,37.97848892211914,9065200
QCOM,2016-03-29,50.0,50.939998626708984,49.66999816894531,50.689998626708984,38.35683822631836,10462600
QCOM,2016-03-30,51.16999816894531,51.650001525878906,50.72999954223633,50.9900016784668,38.5838508605957,7142800
QCOM,2016-03-31,50.869998931884766,51.43000030517578,50.83000183105469,51.13999938964844,38.69736099243164,7315800
QCOM,2016-04-01,51.08000183105469,51.11000061035156,50.0099983215332,50.880001068115234,38.500614166259766,9379800
QCOM,2016-04-04,50.810001373291016,51.11000061035156,50.5099983215332,50.650001525878906,38.32658386230469,6289600
QCOM,2016-04-05,50.439998626708984,50.529998779296875,50.0,50.06999969482422,37.887699127197266,6863300
QCOM,2016-04-06,50.13999938964844,50.72999954223633,49.72999954223633,50.619998931884766,38.303871154785156,7631600
QCOM,2016-04-07,50.400001525878906,50.45000076293945,49.77000045776367,50.029998779296875,37.857425689697266,7532200
QCOM,2016-04-08,50.369998931884766,51.150001525878906,50.25,50.560001373291016,38.25847244262695,5584800
QCOM,2016-04-11,50.86000061035156,51.58000183105469,50.86000061035156,51.0,38.5914192199707,8637200
QCOM,2016-04-12,51.04999923706055,51.099998474121094,50.20000076293945,50.81999969482422,38.4552116394043,6116900
QCOM,2016-04-13,51.29999923706055,52.439998626708984,51.150001525878906,51.91999816894531,39.287574768066406,13813500
QCOM,2016-04-14,51.849998474121094,51.88999938964844,51.2400016784668,51.81999969482422,39.211910247802734,7921400
QCOM,2016-04-15,51.93000030517578,51.9900016784668,51.029998779296875,51.060001373291016,38.636817932128906,10143300
QCOM,2016-04-18,51.09000015258789,51.72999954223633,50.939998626708984,51.54999923706055,39.007591247558594,7673100
QCOM,2016-04-19,51.72999954223633,51.93000030517578,51.29999923706055,51.83000183105469,39.21949005126953,9306400
QCOM,2016-04-20,51.93000030517578,52.540000915527344,51.810001373291016,52.09000015258789,39.416221618652344,11216900
QCOM,2016-04-21,51.29999923706055,51.79999923706055,50.7400016784668,51.66999816894531,39.098392486572266,16728600
QCOM,2016-04-22,51.709999084472656,53.09000015258789,51.68000030517578,52.63999938964844,39.83238983154297,14029800
QCOM,2016-04-25,52.599998474121094,52.720001220703125,52.029998779296875,52.43000030517578,39.673500061035156,6941200
QCOM,2016-04-26,52.540000915527344,52.959999084472656,52.45000076293945,52.90999984741211,40.03670883178711,7600100
QCOM,2016-04-27,52.029998779296875,53.130001068115234,52.0099983215332,52.900001525878906,40.029136657714844,8256600
QCOM,2016-04-28,52.47999954223633,53.279998779296875,52.040000915527344,52.130001068115234,39.44647979736328,7795000
QCOM,2016-04-29,51.83000183105469,52.0,50.11000061035156,50.52000045776367,38.22821807861328,11437400
QCOM,2016-05-02,50.689998626708984,51.16999816894531,50.130001068115234,51.11000061035156,38.674659729003906,7123500
QCOM,2016-05-03,50.66999816894531,50.91999816894531,50.189998626708984,50.72999954223633,38.387115478515625,7848600
QCOM,2016-05-04,50.189998626708984,50.880001068115234,50.150001525878906,50.4900016784668,38.205501556396484,11981800
QCOM,2016-05-05,50.7400016784668,51.27000045776367,50.43000030517578,51.130001068115234,38.68979263305664,10189100
QCOM,2016-05-06,50.650001525878906,51.119998931884766,50.380001068115234,50.91999816894531,38.530887603759766,9434500
QCOM,2016-05-09,51.0,51.599998474121094,50.790000915527344,51.20000076293945,38.74276351928711,7173600
QCOM,2016-05-10,51.2599983215332,52.22999954223633,50.970001220703125,52.150001525878906,39.46163558959961,8199000
QCOM,2016-05-11,51.83000183105469,52.529998779296875,51.689998626708984,52.150001525878906,39.46163558959961,8324100
QCOM,2016-05-12,52.33000183105469,52.529998779296875,51.36000061035156,51.5099983215332,38.977325439453125,9516000
QCOM,2016-05-13,51.459999084472656,52.08000183105469,51.11000061035156,51.31999969482422,38.83355712890625,6975100
QCOM,2016-05-16,51.31999969482422,52.16999816894531,51.119998931884766,51.90999984741211,39.279998779296875,6823600
QCOM,2016-05-17,51.7400016784668,52.279998779296875,51.5,51.9900016784668,39.340553283691406,9386200
QCOM,2016-05-18,52.06999969482422,53.34000015258789,52.0,52.790000915527344,39.945899963378906,10507200
QCOM,2016-05-19,52.709999084472656,53.08000183105469,52.2599983215332,52.7599983215332,39.923187255859375,8614000
QCOM,2016-05-20,52.970001220703125,54.58000183105469,52.869998931884766,54.52000045776367,41.25497817993164,14003600
QCOM,2016-05-23,54.20000076293945,54.86000061035156,54.150001525878906,54.18000030517578,40.997703552246094,9685300
QCOM,2016-05-24,54.41999816894531,55.619998931884766,54.400001525878906,55.59000015258789,42.06464767456055,13097700
QCOM,2016-05-25,55.70000076293945,56.27000045776367,55.689998626708984,55.97999954223633,42.35974884033203,9266500
QCOM,2016-05-26,55.970001220703125,56.13999938964844,55.5099983215332,55.7400016784668,42.17815017700195,7020900
QCOM,2016-05-27,55.33000183105469,55.38999938964844,55.02000045776367,55.27000045776367,42.22399139404297,5918200
QCOM,2016-05-31,55.38999938964844,55.43000030517578,54.81999969482422,54.91999816894531,41.95658874511719,15093400
QCOM,2016-06-01,54.5,54.970001220703125,54.45000076293945,54.790000915527344,41.85729217529297,12156800
QCOM,2016-06-02,54.650001525878906,54.91999816894531,54.290000915527344,54.880001068115234,41.926048278808594,9036200
QCOM,2016-06-03,54.9900016784668,55.0099983215332,54.470001220703125,54.939998626708984,41.971885681152344,10008100
QCOM,2016-06-06,54.97999954223633,55.369998931884766,54.65999984741211,54.88999938964844,41.93367385864258,7905100
QCOM,2016-06-07,54.939998626708984,55.18000030517578,54.66999816894531,54.84000015258789,41.89547348022461,5400200
QCOM,2016-06-08,54.72999954223633,55.04999923706055,54.66999816894531,54.939998626708984,41.971885681152344,6314800
QCOM,2016-06-09,54.400001525878906,55.040000915527344,54.189998626708984,54.97999954223633,42.00242614746094,8726200
QCOM,2016-06-10,54.459999084472656,54.75,53.400001525878906,53.83000183105469,41.123878479003906,15791600
QCOM,2016-06-13,53.599998474121094,53.900001525878906,52.7400016784668,52.83000183105469,40.359920501708984,12128900
QCOM,2016-06-14,52.65999984741211,53.25,52.470001220703125,52.70000076293945,40.26060485839844,8887300
QCOM,2016-06-15,53.04999923706055,53.560001373291016,52.66999816894531,53.279998779296875,40.70370864868164,8832400
QCOM,2016-06-16,52.970001220703125,53.470001220703125,52.47999954223633,53.41999816894531,40.810665130615234,5907500
QCOM,2016-06-17,53.72999954223633,53.81999969482422,53.099998474121094,53.54999923706055,40.90998077392578,14548800
QCOM,2016-06-20,54.16999816894531,54.65999984741211,53.86000061035156,53.88999938964844,41.16971969604492,8680800
QCOM,2016-06-21,54.25,54.25,53.599998474121094,53.880001068115234,41.162086486816406,6431700
QCOM,2016-06-22,53.900001525878906,54.970001220703125,53.900001525878906,54.040000915527344,41.2843132019043,8481600
QCOM,2016-06-23,54.849998474121094,55.56999969482422,54.56999969482422,55.54999923706055,42.43790054321289,8952200
QCOM,2016-06-24,53.0099983215332,53.81999969482422,52.119998931884766,52.119998931884766,39.81752395629883,17018500
QCOM,2016-06-27,52.290000915527344,52.290000915527344,50.84000015258789,51.13999938964844,39.068843841552734,11642700
QCOM,2016-06-28,51.70000076293945,52.560001373291016,51.529998779296875,52.5099983215332,40.11545181274414,7470400
QCOM,2016-06-29,53.060001373291016,53.84000015258789,52.75,53.54999923706055,40.90998077392578,7126900
QCOM,2016-06-30,52.900001525878906,53.56999969482422,52.459999084472656,53.56999969482422,40.92526626586914,9254400
QCOM,2016-07-01,52.9900016784668,53.38999938964844,52.84000015258789,53.0,40.489803314208984,6385000
QCOM,2016-07-05,52.95000076293945,52.970001220703125,51.88999938964844,51.939998626708984,39.68000793457031,10626200
QCOM,2016-07-06,51.56999969482422,52.529998779296875,51.15999984741211,52.369998931884766,40.00850296020508,7740700
QCOM,2016-07-07,52.58000183105469,53.380001068115234,52.40999984741211,52.93000030517578,40.43633270263672,5763300
QCOM,2016-07-08,53.4900016784668,54.33000183105469,53.31999969482422,54.189998626708984,41.39891052246094,6853900
QCOM,2016-07-11,53.959999084472656,54.709999084472656,53.939998626708984,54.119998931884766,41.34543991088867,6941600
QCOM,2016-07-12,54.45000076293945,54.7400016784668,54.209999084472656,54.619998931884766,41.72742462158203,7413700
QCOM,2016-07-13,54.90999984741211,55.0,54.630001068115234,54.83000183105469,41.88784408569336,5676400
QCOM,2016-07-14,55.189998626708984,55.369998931884766,54.560001373291016,54.880001068115234,41.926048278808594,6601500
QCOM,2016-07-15,54.86000061035156,54.86000061035156,54.16999816894531,54.75,41.82672119140625,10236900
QCOM,2016-07-18,55.13999938964844,55.650001525878906,54.97999954223633,55.349998474121094,42.28510284423828,9225900
QCOM,2016-07-19,55.72999954223633,55.900001525878906,54.95000076293945,55.13999938964844,42.12466812133789,8164200
QCOM,2016-07-20,55.36000061035156,55.95000076293945,55.040000915527344,55.81999969482422,42.64415740966797,17204300
QCOM,2016-07-21,59.79999923706055,60.470001220703125,59.130001068115234,59.93000030517578,45.78404235839844,33912300
QCOM,2016-07-22,60.209999084472656,61.18000030517578,59.83000183105469,61.150001525878906,46.716060638427734,12505700
QCOM,2016-07-25,60.959999084472656,60.970001220703125,60.150001525878906,60.72999954223633,46.39521026611328,9166200
QCOM,2016-07-26,61.0,61.5,60.77000045776367,61.349998474121094,46.86886215209961,11272600
QCOM,2016-07-27,61.81999969482422,62.65999984741211,61.650001525878906,62.5099983215332,47.75504684448242,13395100
QCOM,2016-07-28,62.439998626708984,62.790000915527344,62.16999816894531,62.43000030517578,47.69392776489258,8514200
QCOM,2016-07-29,62.599998474121094,62.81999969482422,62.2400016784668,62.58000183105469,47.80851745605469,8291000
QCOM,2016-08-01,62.369998931884766,62.400001525878906,61.58000183105469,61.849998474121094,47.250831604003906,14606200
QCOM,2016-08-02,61.7400016784668,61.95000076293945,60.02000045776367,60.599998474121094,46.2958869934082,14732800
QCOM,2016-08-03,60.59000015258789,61.11000061035156,60.5,61.0099983215332,46.60910415649414,6448200
QCOM,2016-08-04,61.11000061035156,61.22999954223633,60.72999954223633,60.97999954223633,46.58618927001953,5169600
QCOM,2016-08-05,61.52000045776367,62.11000061035156,61.27000045776367,62.0,47.36542892456055,8320700
QCOM,2016-08-08,62.04999923706055,62.189998626708984,61.369998931884766,61.58000183105469,47.04456329345703,8410600
QCOM,2016-08-09,61.90999984741211,62.439998626708984,61.83000183105469,61.9900016784668,47.357791900634766,5350300
QCOM,2016-08-10,62.0,62.15999984741211,61.439998626708984,61.709999084472656,47.14388656616211,3836200
QCOM,2016-08-11,61.88999938964844,62.15999984741211,61.66999816894531,61.7400016784668,47.16680145263672,4988300
QCOM,2016-08-12,61.540000915527344,61.9900016784668,61.279998779296875,61.709999084472656,47.14388656616211,4947700
QCOM,2016-08-15,61.79999923706055,62.4900016784668,61.79999923706055,62.43000030517578,47.69392776489258,6499000
QCOM,2016-08-16,62.08000183105469,62.5,61.7599983215332,62.06999969482422,47.418907165527344,7650600
QCOM,2016-08-17,62.220001220703125,62.400001525878906,61.790000915527344,62.279998779296875,47.57933807373047,6812400
QCOM,2016-08-18,62.349998474121094,63.040000915527344,62.18000030517578,63.040000915527344,48.159950256347656,7935900
QCOM,2016-08-19,62.61000061035156,62.84000015258789,62.0099983215332,62.7599983215332,47.946041107177734,7093000
QCOM,2016-08-22,62.70000076293945,62.869998931884766,62.349998474121094,62.83000183105469,47.999507904052734,5720900
QCOM,2016-08-23,63.0,63.689998626708984,62.83000183105469,63.09000015258789,48.198158264160156,5970600
QCOM,2016-08-24,62.91999816894531,63.2400016784668,62.470001220703125,62.61000061035156,47.83145523071289,6902400
QCOM,2016-08-25,62.66999816894531,62.959999084472656,62.58000183105469,62.63999938964844,47.854366302490234,4916700
QCOM,2016-08-26,62.88999938964844,63.5099983215332,62.650001525878906,62.970001220703125,48.10646438598633,7255600
QCOM,2016-08-29,62.41999816894531,63.09000015258789,62.369998931884766,62.97999954223633,48.52250671386719,5354700
QCOM,2016-08-30,63.0,63.5099983215332,62.709999084472656,62.939998626708984,48.491695404052734,5047600
QCOM,2016-08-31,62.97999954223633,63.119998931884766,62.529998779296875,63.06999969482422,48.59185028076172,6516600
QCOM,2016-09-01,62.869998931884766,63.5,62.5099983215332,63.470001220703125,48.9000358581543,6906300
QCOM,2016-09-02,63.529998779296875,63.70000076293945,63.09000015258789,63.349998474121094,48.807579040527344,6325900
QCOM,2016-09-06,63.119998931884766,63.38999938964844,62.880001068115234,63.09000015258789,48.60727310180664,5603000
QCOM,2016-09-07,63.189998626708984,63.25,62.31999969482422,62.43000030517578,48.0987663269043,6281600
QCOM,2016-09-08,62.029998779296875,62.810001373291016,62.0099983215332,62.689998626708984,48.299076080322266,7698100
QCOM,2016-09-09,62.0099983215332,62.290000915527344,60.5,60.52000045776367,46.627201080322266,10625600
QCOM,2016-09-12,60.22999954223633,62.27000045776367,59.93000030517578,62.25,47.960079193115234,10158600
QCOM,2016-09-13,61.81999969482422,62.20000076293945,60.939998626708984,61.290000915527344,47.220458984375,8397100
QCOM,2016-09-14,61.290000915527344,61.95000076293945,61.040000915527344,61.59000015258789,47.45159912109375,5982400
QCOM,2016-09-15,61.95000076293945,62.66999816894531,61.54999923706055,62.540000915527344,48.18351745605469,8871200
QCOM,2016-09-16,62.880001068115234,63.439998626708984,62.369998931884766,62.9900016784668,48.530208587646484,14677700
QCOM,2016-09-19,63.130001068115234,63.38999938964844,62.7599983215332,62.86000061035156,48.4300537109375,6759900
QCOM,2016-09-20,63.27000045776367,63.29999923706055,62.529998779296875,62.70000076293945,48.306793212890625,5471400
QCOM,2016-09-21,63.099998474121094,63.63999938964844,62.90999984741211,63.56999969482422,48.97706985473633,7488600
QCOM,2016-09-22,63.709999084472656,64.0,63.36000061035156,63.52000045776367,48.93854522705078,7895700
QCOM,2016-09-23,63.0,63.56999969482422,62.66999816894531,62.75,48.34530258178711,7794700
QCOM,2016-09-26,62.4900016784668,62.560001373291016,61.86000061035156,62.310001373291016,48.00630569458008,6207400
QCOM,2016-09-27,62.529998779296875,63.36000061035156,62.439998626708984,63.310001373291016,48.776756286621094,5228300
QCOM,2016-09-28,63.22999954223633,63.689998626708984,63.0,63.45000076293945,48.884613037109375,5251900
QCOM,2016-09-29,63.279998779296875,68.83000183105469,62.709999084472656,67.44999694824219,51.96637725830078,43098800
QCOM,2016-09-30,68.4000015258789,70.4000015258789,68.1500015258789,68.5,52.77533721923828,34879500
QCOM,2016-10-03,68.08000183105469,69.27999877929688,66.87000274658203,67.11000061035156,51.704437255859375,10153600
QCOM,2016-10-04,67.69999694824219,67.69999694824219,66.55999755859375,66.68000030517578,51.37315368652344,9746400
QCOM,2016-10-05,66.83999633789062,67.41999816894531,66.55000305175781,66.83999633789062,51.49641418457031,6362000
QCOM,2016-10-06,66.80000305175781,69.31999969482422,66.2300033569336,67.54000091552734,52.035728454589844,12957200
QCOM,2016-10-07,67.52999877929688,68.33000183105469,67.48999786376953,68.19000244140625,52.53650665283203,8398100
QCOM,2016-10-10,68.33999633789062,68.58000183105469,67.05999755859375,67.25,51.81230545043945,7029800
QCOM,2016-10-11,67.0,67.08999633789062,65.44999694824219,66.08999633789062,50.918582916259766,8910600
QCOM,2016-10-12,66.48999786376953,66.48999786376953,65.05999755859375,66.05999755859375,50.895469665527344,6615700
QCOM,2016-10-13,65.55000305175781,66.05999755859375,64.30000305175781,65.69999694824219,50.61811447143555,7236600
QCOM,2016-10-14,65.94000244140625,66.58999633789062,65.44999694824219,65.69999694824219,50.61811447143555,6743100
QCOM,2016-10-17,65.52999877929688,65.70999908447266,65.08999633789062,65.19000244140625,50.22519302368164,6348200
QCOM,2016-10-18,66.18000030517578,66.22000122070312,65.56999969482422,66.0999984741211,50.926292419433594,5966900
QCOM,2016-10-19,65.87999725341797,66.06999969482422,65.30999755859375,65.79000091552734,50.68745422363281,5414700
QCOM,2016-10-20,65.4800033569336,68.16999816894531,65.4800033569336,67.33999633789062,51.88163757324219,13579000
QCOM,2016-10-21,67.11000061035156,69.44000244140625,66.69999694824219,67.93000030517578,52.33619689941406,19676600
QCOM,2016-10-24,68.4000015258789,68.44999694824219,67.4800033569336,68.05999755859375,52.43634796142578,6669600
QCOM,2016-10-25,67.9000015258789,68.25,67.4800033569336,67.70999908447266,52.16670608520508,5370000
QCOM,2016-10-26,67.30999755859375,68.62000274658203,67.25,68.19999694824219,52.54423522949219,9241200
QCOM,2016-10-27,70.80000305175781,71.62000274658203,70.0,70.08999633789062,54.00034713745117,33941700
QCOM,2016-10-28,70.5199966430664,70.52999877929688,67.66000366210938,68.4000015258789,52.69831466674805,17952700
QCOM,2016-10-31,69.0,69.51000213623047,68.68000030517578,68.72000122070312,52.944854736328125,10108300
QCOM,2016-11-01,69.0,69.3499984741211,67.54000091552734,68.33999633789062,52.65209197998047,8910100
QCOM,2016-11-02,68.45999908447266,68.5999984741211,67.02999877929688,67.08999633789062,51.68901062011719,15183000
QCOM,2016-11-03,67.69000244140625,68.56999969482422,65.93000030517578,66.94999694824219,51.5811653137207,15642500
QCOM,2016-11-04,65.73999786376953,67.41000366210938,65.73999786376953,66.7300033569336,51.41166687011719,8584300
QCOM,2016-11-07,67.72000122070312,68.58000183105469,67.38999938964844,68.45999908447266,52.744529724121094,9205300
QCOM,2016-11-08,68.22000122070312,68.70999908447266,67.62999725341797,68.2699966430664,52.59817123413086,6696600
QCOM,2016-11-09,66.62999725341797,68.08999633789062,66.25,67.87999725341797,52.29768371582031,11604400
QCOM,2016-11-10,67.80999755859375,68.20999908447266,64.31999969482422,66.30999755859375,51.08808135986328,17774400
QCOM,2016-11-11,65.87000274658203,67.0,65.83999633789062,66.87999725341797,51.5272331237793,10239800
QCOM,2016-11-14,67.41999816894531,67.41999816894531,65.93000030517578,65.93000030517578,50.795318603515625,8256800
QCOM,2016-11-15,66.26000213623047,67.16000366210938,65.94999694824219,66.7699966430664,51.442481994628906,9615200
QCOM,2016-11-16,66.70999908447266,66.70999908447266,65.6500015258789,66.30000305175781,51.08038330078125,9552200
QCOM,2016-11-17,66.44000244140625,66.7699966430664,66.16000366210938,66.66999816894531,51.36543273925781,6982500
QCOM,2016-11-18,66.68000030517578,67.45999908447266,65.94000244140625,67.30999755859375,51.8585205078125,9889300
QCOM,2016-11-21,66.86000061035156,67.19999694824219,66.1500015258789,67.0999984741211,51.69672393798828,7868900
QCOM,2016-11-22,67.56999969482422,68.5999984741211,67.04000091552734,68.30999755859375,52.62897491455078,9803600
QCOM,2016-11-23,68.33000183105469,68.5,67.75,68.12999725341797,52.490299224853516,4820300
QCOM,2016-11-25,68.16000366210938,68.41999816894531,67.70999908447266,68.29000091552734,52.61355209350586,4200100
QCOM,2016-11-28,67.41999816894531,67.69999694824219,66.80000305175781,67.0999984741211,52.10108947753906,8225200
QCOM,2016-11-29,67.2300033569336,67.54000091552734,66.62999725341797,66.7699966430664,51.8448600769043,6544900
QCOM,2016-11-30,66.80000305175781,68.30999755859375,66.5,68.12999725341797,52.90085983276367,12470000
QCOM,2016-12-01,67.72000122070312,67.91999816894531,63.779998779296875,64.16000366210938,49.818275451660156,16563900
QCOM,2016-12-02,63.95000076293945,66.33000183105469,63.95000076293945,65.83999633789062,51.12274169921875,9687000
QCOM,2016-12-05,66.37999725341797,66.94000244140625,65.69000244140625,66.36000061035156,51.52649688720703,8708200
QCOM,2016-12-06,66.6500015258789,67.4800033569336,66.5,67.44999694824219,52.372840881347656,6701800
QCOM,2016-12-07,67.3499984741211,68.33999633789062,66.95999908447266,68.33999633789062,53.063907623291016,7202700
QCOM,2016-12-08,68.41999816894531,69.18000030517578,68.37000274658203,68.55000305175781,53.22696304321289,5552600
QCOM,2016-12-09,68.61000061035156,68.88999938964844,67.80000305175781,68.5199966430664,53.20368194580078,5551800
QCOM,2016-12-12,68.37000274658203,68.6500015258789,67.91999816894531,68.47000122070312,53.164859771728516,5615200
QCOM,2016-12-13,68.72000122070312,70.23999786376953,68.48999786376953,69.33999633789062,53.84037399291992,8494200
QCOM,2016-12-14,68.63999938964844,69.18000030517578,67.3499984741211,67.55999755859375,52.4582633972168,9957700
QCOM,2016-12-15,68.0999984741211,68.7699966430664,67.30999755859375,68.02999877929688,52.82320022583008,7162400
QCOM,2016-12-16,68.48999786376953,68.48999786376953,66.30000305175781,66.45999908447266,51.60414505004883,18155600
QCOM,2016-12-19,66.79000091552734,67.43000030517578,66.63999938964844,67.0199966430664,52.03898239135742,7884700
QCOM,2016-12-20,67.37999725341797,67.55999755859375,66.7699966430664,66.91000366210938,51.95355987548828,6685400
QCOM,2016-12-21,67.06999969482422,67.3499984741211,66.81999969482422,67.16000366210938,52.147666931152344,5211400
QCOM,2016-12-22,67.63999938964844,67.75,66.45999908447266,66.76000213623047,51.83709716796875,5900200
QCOM,2016-12-23,66.88999938964844,66.94000244140625,66.5199966430664,66.86000061035156,51.914737701416016,3088100
QCOM,2016-12-27,67.13999938964844,67.58000183105469,67.05999755859375,67.25,52.21756362915039,3028200
QCOM,2016-12-28,66.6500015258789,67.06999969482422,65.69999694824219,65.75,51.05284881591797,6547200
QCOM,2016-12-29,65.5,66.08000183105469,65.41999816894531,66.04000091552734,51.27802658081055,3700800
QCOM,2016-12-30,66.25,66.3499984741211,65.04000091552734,65.19999694824219,50.625797271728516,5941900
QCOM,2017-01-03,65.86000061035156,66.13999938964844,64.5999984741211,65.4000015258789,50.78110122680664,9519800
QCOM,2017-01-04,65.66999816894531,65.94999694824219,65.26000213623047,65.47000122070312,50.83544921875,6221700
QCOM,2017-01-05,65.22000122070312,65.9800033569336,65.05000305175781,65.55000305175781,50.89756774902344,5998900
QCOM,2017-01-06,65.4800033569336,65.87000274658203,64.86000061035156,65.52999877929688,50.882041931152344,6749400
QCOM,2017-01-09,65.52999877929688,66.2699966430664,65.48999786376953,65.6500015258789,50.9752082824707,4769200
QCOM,2017-01-10,65.94999694824219,66.16000366210938,65.56999969482422,65.62999725341797,50.95967102050781,6076000
QCOM,2017-01-11,65.75,66.11000061035156,65.41999816894531,66.0999984741211,51.32462692260742,8349800
QCOM,2017-01-12,65.3499984741211,66.18000030517578,65.05000305175781,66.12000274658203,51.34016036987305,6113600
QCOM,2017-01-13,66.25,67.08000183105469,66.16000366210938,66.87999725341797,51.93025207519531,6177400
QCOM,2017-01-17,66.70999908447266,66.97000122070312,63.150001525878906,64.19000244140625,49.84157180786133,22426300
QCOM,2017-01-18,64.66999816894531,66.08999633789062,63.810001373291016,65.12999725341797,50.57144546508789,15883200
QCOM,2017-01-19,64.97000122070312,65.4000015258789,64.36000061035156,64.44000244140625,50.03569030761719,9429200
QCOM,2017-01-20,65.19000244140625,65.73999786376953,62.619998931884766,62.880001068115234,48.824398040771484,20936900
QCOM,2017-01-23,58.66999816894531,58.66999816894531,53.77000045776367,54.880001068115234,42.61262893676758,94436000
QCOM,2017-01-24,55.02000045776367,55.77000045776367,54.70000076293945,55.0,42.705806732177734,41751800
QCOM,2017-01-25,56.099998474121094,56.97999954223633,55.5,56.900001525878906,44.18110656738281,27307900
QCOM,2017-01-26,55.349998474121094,55.4900016784668,53.5,54.04999923706055,41.968162536621094,37888200
QCOM,2017-01-27,54.650001525878906,54.7599983215332,54.0,54.2400016784668,42.11569595336914,23474400
QCOM,2017-01-30,54.38999938964844,54.400001525878906,53.54999923706055,53.61000061035156,41.62652587890625,14853900
QCOM,2017-01-31,53.61000061035156,53.63999938964844,52.83000183105469,53.43000030517578,41.486759185791016,13995400
QCOM,2017-02-01,53.63999938964844,53.81999969482422,52.86000061035156,53.150001525878906,41.26935577392578,16102100
QCOM,2017-02-02,52.95000076293945,53.099998474121094,52.369998931884766,52.65999984741211,40.88887405395508,14481200
QCOM,2017-02-03,52.95000076293945,53.220001220703125,52.75,52.97999954223633,41.13734436035156,10965300
QCOM,2017-02-06,53.310001373291016,53.40999984741211,52.81999969482422,52.880001068115234,41.059688568115234,8215100
QCOM,2017-02-07,53.220001220703125,53.279998779296875,52.7599983215332,53.27000045776367,41.362518310546875,10374100
QCOM,2017-02-08,53.38999938964844,53.38999938964844,52.720001220703125,52.88999938964844,41.067466735839844,9229000
QCOM,2017-02-09,52.90999984741211,53.099998474121094,52.7599983215332,52.880001068115234,41.059688568115234,7615100
QCOM,2017-02-10,53.099998474121094,54.279998779296875,52.93000030517578,54.0,41.92933654785156,14042200
QCOM,2017-02-13,54.58000183105469,55.130001068115234,54.2599983215332,54.93000030517578,42.651458740234375,14516200
QCOM,2017-02-14,55.43000030517578,55.52000045776367,54.81999969482422,55.47999954223633,43.078514099121094,13072000
QCOM,2017-02-15,55.630001068115234,56.5,55.4900016784668,56.4900016784668,43.862754821777344,14149200
QCOM,2017-02-16,56.58000183105469,56.900001525878906,56.45000076293945,56.880001068115234,44.16557693481445,11622900
QCOM,2017-02-17,56.849998474121094,56.939998626708984,56.04999923706055,56.459999084472656,43.8394660949707,12456600
QCOM,2017-02-21,56.83000183105469,57.189998626708984,56.58000183105469,56.75,44.064640045166016,9878200
QCOM,2017-02-22,56.779998779296875,57.099998474121094,56.47999954223633,57.099998474121094,44.336395263671875,8711500
QCOM,2017-02-23,57.0099983215332,57.310001373291016,56.77000045776367,57.13999938964844,44.36745071411133,10152800
QCOM,2017-02-24,57.02000045776367,57.22999954223633,56.5,57.220001220703125,44.42957305908203,10644800
QCOM,2017-02-27,56.560001373291016,56.97999954223633,56.310001373291016,56.72999954223633,44.4609260559082,7127600
QCOM,2017-02-28,56.4900016784668,56.52000045776367,55.88999938964844,56.47999954223633,44.26498794555664,10388200
QCOM,2017-03-01,56.93000030517578,57.08000183105469,56.27000045776367,57.0099983215332,44.68036651611328,11082400
QCOM,2017-03-02,56.95000076293945,57.150001525878906,56.2400016784668,56.369998931884766,44.17877960205078,8451700
QCOM,2017-03-03,56.52000045776367,56.56999969482422,56.0,56.439998626708984,44.233638763427734,6971400
QCOM,2017-03-06,56.27000045776367,56.560001373291016,56.06999969482422,56.45000076293945,44.24148178100586,7241600
QCOM,2017-03-07,56.599998474121094,56.81999969482422,56.189998626708984,56.72999954223633,44.4609260559082,7131700
QCOM,2017-03-08,56.91999816894531,58.08000183105469,56.79999923706055,57.77000045776367,45.276004791259766,13201700
QCOM,2017-03-09,57.650001525878906,58.099998474121094,57.400001525878906,57.970001220703125,45.43274688720703,9875600
QCOM,2017-03-10,58.36000061035156,58.790000915527344,58.29999923706055,58.63999938964844,45.95783996582031,9752000
QCOM,2017-03-13,59.029998779296875,59.040000915527344,58.20000076293945,58.459999084472656,45.81678009033203,7737900
QCOM,2017-03-14,58.380001068115234,58.380001068115234,57.720001220703125,58.220001220703125,45.62867736816406,6276900
QCOM,2017-03-15,58.41999816894531,58.75,58.18000030517578,58.52000045776367,45.863800048828125,9029500
QCOM,2017-03-16,58.29999923706055,58.72999954223633,58.15999984741211,58.349998474121094,45.73055648803711,7206200
QCOM,2017-03-17,58.56999969482422,58.61000061035156,57.5099983215332,57.54999923706055,45.10358428955078,20057800
QCOM,2017-03-20,57.790000915527344,58.06999969482422,57.59000015258789,57.810001373291016,45.30735397338867,7498200
QCOM,2017-03-21,57.93000030517578,58.099998474121094,56.7400016784668,56.79999923706055,44.515785217285156,10092600
QCOM,2017-03-22,56.72999954223633,57.130001068115234,56.099998474121094,57.040000915527344,44.70387268066406,9129700
QCOM,2017-03-23,57.15999984741211,57.27000045776367,56.59000015258789,56.810001373291016,44.52362060546875,7718700
QCOM,2017-03-24,57.470001220703125,57.470001220703125,56.63999938964844,56.91999816894531,44.609825134277344,5621400
QCOM,2017-03-27,56.720001220703125,56.939998626708984,56.47999954223633,56.65999984741211,44.406063079833984,4726300
QCOM,2017-03-28,56.66999816894531,57.61000061035156,56.66999816894531,57.380001068115234,44.97035598754883,5953500
QCOM,2017-03-29,57.09000015258789,57.369998931884766,56.86000061035156,57.36000061035156,44.95466995239258,4042600
QCOM,2017-03-30,57.36000061035156,57.650001525878906,57.189998626708984,57.20000076293945,44.82927703857422,6359000
QCOM,2017-03-31,57.459999084472656,57.689998626708984,56.970001220703125,57.34000015258789,44.939002990722656,10065000
QCOM,2017-04-03,57.2599983215332,57.34000015258789,56.040000915527344,56.5,44.280670166015625,11343500
QCOM,2017-04-04,56.29999923706055,56.90999984741211,56.25,56.68000030517578,44.42173385620117,7123900
QCOM,2017-04-05,56.79999923706055,57.529998779296875,56.41999816894531,56.470001220703125,44.25716018676758,7857700
QCOM,2017-04-06,56.439998626708984,56.72999954223633,56.13999938964844,56.529998779296875,44.30418014526367,5757800
QCOM,2017-04-07,56.58000183105469,56.599998474121094,56.189998626708984,56.31999969482422,44.139591217041016,5229800
QCOM,2017-04-10,56.43000030517578,56.810001373291016,56.27000045776367,56.52000045776367,44.29632568359375,6039800
QCOM,2017-04-11,56.31999969482422,56.36000061035156,54.720001220703125,55.349998474121094,43.37937927246094,17301800
QCOM,2017-04-12,54.63999938964844,54.650001525878906,53.119998931884766,53.38999938964844,41.84328079223633,24822200
QCOM,2017-04-13,53.130001068115234,53.68000030517578,52.779998779296875,52.790000915527344,41.37302780151367,17014400
QCOM,2017-04-17,52.9900016784668,53.130001068115234,52.75,52.88999938964844,41.4514045715332,10471700
QCOM,2017-04-18,52.599998474121094,52.97999954223633,52.38999938964844,52.66999816894531,41.27898025512695,11262800
QCOM,2017-04-19,53.0,53.099998474121094,52.29999923706055,52.61000061035156,41.23196792602539,15441500
QCOM,2017-04-20,53.220001220703125,53.400001525878906,51.400001525878906,52.65999984741211,41.27115249633789,24664600
QCOM,2017-04-21,52.77000045776367,52.79999923706055,52.209999084472656,52.5,41.145755767822266,10951500
QCOM,2017-04-24,53.0099983215332,53.25,52.75,52.810001373291016,41.388710021972656,10784400
QCOM,2017-04-25,53.16999816894531,53.4900016784668,52.959999084472656,53.0,41.53760528564453,11688700
QCOM,2017-04-26,53.20000076293945,53.29999923706055,52.90999984741211,53.040000915527344,41.56895065307617,7373800
QCOM,2017-04-27,53.2400016784668,53.34000015258789,52.90999984741211,53.209999084472656,41.70219802856445,6956200
QCOM,2017-04-28,51.79999923706055,53.95000076293945,51.04999923706055,53.7400016784668,42.117576599121094,34374100
QCOM,2017-05-01,53.650001525878906,53.70000076293945,53.099998474121094,53.599998474121094,42.007850646972656,12987700
QCOM,2017-05-02,53.650001525878906,53.72999954223633,52.900001525878906,53.290000915527344,41.764896392822266,10445400
QCOM,2017-05-03,53.40999984741211,54.77000045776367,53.25,54.4900016784668,42.70536804199219,18428300
QCOM,2017-05-04,54.72999954223633,55.0,54.5,54.90999984741211,43.034542083740234,11993400
QCOM,2017-05-05,54.93000030517578,55.0,54.70000076293945,54.93000030517578,43.050209045410156,9108800
QCOM,2017-05-08,54.9900016784668,55.0,54.560001373291016,54.619998931884766,42.807254791259766,7033400
QCOM,2017-05-09,54.689998626708984,55.189998626708984,54.630001068115234,55.150001525878906,43.222625732421875,8332900
QCOM,2017-05-10,55.220001220703125,55.43000030517578,54.86000061035156,55.33000183105469,43.36370086669922,8517700
QCOM,2017-05-11,55.25,55.29999923706055,54.40999984741211,54.68000030517578,42.85427474975586,13514700
QCOM,2017-05-12,54.5,55.349998474121094,54.400001525878906,55.31999969482422,43.35586166381836,9107600
QCOM,2017-05-15,55.08000183105469,55.4900016784668,55.08000183105469,55.400001525878906,43.41856002807617,10686100
QCOM,2017-05-16,55.38999938964844,55.97999954223633,55.099998474121094,55.95000076293945,43.8496208190918,9599300
QCOM,2017-05-17,55.63999938964844,56.08000183105469,55.29999923706055,55.36000061035156,43.38722229003906,14811300
QCOM,2017-05-18,55.58000183105469,56.310001373291016,55.02000045776367,56.119998931884766,43.982852935791016,13125300
QCOM,2017-05-19,56.4900016784668,57.790000915527344,56.20000076293945,57.66999816894531,45.1976318359375,16643800
QCOM,2017-05-22,58.38999938964844,59.540000915527344,58.380001068115234,59.279998779296875,46.45942687988281,20771500
QCOM,2017-05-23,59.380001068115234,59.88999938964844,59.130001068115234,59.220001220703125,46.412410736083984,14223400
QCOM,2017-05-24,59.279998779296875,59.619998931884766,58.56999969482422,58.63999938964844,45.95783996582031,8592600
QCOM,2017-05-25,58.650001525878906,58.95000076293945,58.2599983215332,58.45000076293945,45.808937072753906,9556500
QCOM,2017-05-26,57.65999984741211,57.97999954223633,57.369998931884766,57.52000045776367,45.524017333984375,8261900
QCOM,2017-05-30,57.279998779296875,57.7400016784668,57.16999816894531,57.34000015258789,45.38154983520508,11553700
QCOM,2017-05-31,57.2599983215332,57.72999954223633,57.0,57.27000045776367,45.3261604309082,14082600
QCOM,2017-06-01,57.45000076293945,58.650001525878906,57.349998474121094,58.619998931884766,46.394588470458984,11560100
QCOM,2017-06-02,58.88999938964844,58.959999084472656,58.349998474121094,58.58000183105469,46.36294937133789,9538000
QCOM,2017-06-05,58.5,59.04999923706055,58.47999954223633,58.86000061035156,46.58456039428711,7960800
QCOM,2017-06-06,58.599998474121094,58.90999984741211,58.18000030517578,58.20000076293945,46.06219482421875,7871500
QCOM,2017-06-07,58.29999923706055,58.4900016784668,57.130001068115234,57.529998779296875,45.53192901611328,10126500
QCOM,2017-06-08,57.77000045776367,58.150001525878906,57.61000061035156,58.119998931884766,45.99887466430664,10322200
QCOM,2017-06-09,58.369998931884766,58.4900016784668,56.7400016784668,57.04999923706055,45.15203857421875,13624800
QCOM,2017-06-12,56.52000045776367,57.68000030517578,56.47999954223633,57.4900016784668,45.50027084350586,9985100
QCOM,2017-06-13,57.95000076293945,58.06999969482422,57.5,57.540000915527344,45.53984069824219,7111500
QCOM,2017-06-14,57.70000076293945,57.970001220703125,56.66999816894531,57.0099983215332,45.12037658691406,6740000
QCOM,2017-06-15,56.41999816894531,57.16999816894531,56.400001525878906,56.93000030517578,45.05706024169922,5416600
QCOM,2017-06-16,56.97999954223633,57.0099983215332,56.349998474121094,56.81999969482422,44.96999740600586,14555600
QCOM,2017-06-19,56.959999084472656,57.65999984741211,56.90999984741211,57.61000061035156,45.59524154663086,7166200
QCOM,2017-06-20,57.459999084472656,57.61000061035156,56.5099983215332,56.790000915527344,44.946258544921875,8181600
QCOM,2017-06-21,56.790000915527344,56.84000015258789,56.119998931884766,56.33000183105469,44.58219528198242,8324900
QCOM,2017-06-22,56.2400016784668,56.75,56.060001373291016,56.470001220703125,44.692996978759766,5560100
QCOM,2017-06-23,56.63999938964844,57.439998626708984,56.56999969482422,56.90999984741211,45.041236877441406,11847900
QCOM,2017-06-26,57.09000015258789,57.689998626708984,56.209999084472656,56.560001373291016,44.76422882080078,7339100
QCOM,2017-06-27,56.290000915527344,56.33000183105469,55.40999984741211,55.43000030517578,43.869895935058594,6814400
QCOM,2017-06-28,55.400001525878906,56.31999969482422,55.18000030517578,56.15999984741211,44.44764709472656,7542400
QCOM,2017-06-29,55.93000030517578,55.93000030517578,54.54999923706055,55.08000183105469,43.592891693115234,8456900
QCOM,2017-06-30,55.599998474121094,55.630001068115234,55.029998779296875,55.220001220703125,43.70368194580078,8781900
QCOM,2017-07-03,55.529998779296875,56.02000045776367,54.91999816894531,54.95000076293945,43.4900016784668,4379600
QCOM,2017-07-05,55.0099983215332,55.560001373291016,54.779998779296875,55.45000076293945,43.88571548461914,6823800
QCOM,2017-07-06,55.02000045776367,55.22999954223633,54.7400016784668,54.790000915527344,43.36336898803711,5663000
QCOM,2017-07-07,55.040000915527344,55.72999954223633,54.869998931884766,55.349998474121094,43.80657958984375,5356000
QCOM,2017-07-10,55.369998931884766,55.88999938964844,55.189998626708984,55.63999938964844,44.03609085083008,5098100
QCOM,2017-07-11,55.630001068115234,55.630001068115234,55.02000045776367,55.33000183105469,43.79074478149414,6124900
QCOM,2017-07-12,55.790000915527344,56.310001373291016,55.720001220703125,56.20000076293945,44.47930908203125,6126800
QCOM,2017-07-13,56.380001068115234,56.52000045776367,56.16999816894531,56.22999954223633,44.5030517578125,6219200
QCOM,2017-07-14,56.5,56.93000030517578,56.150001525878906,56.810001373291016,44.96208953857422,4440100
QCOM,2017-07-17,56.72999954223633,56.91999816894531,56.38999938964844,56.459999084472656,44.68508529663086,5123600
QCOM,2017-07-18,56.34000015258789,56.380001068115234,56.0,56.290000915527344,44.550537109375,7441000
QCOM,2017-07-19,56.459999084472656,56.939998626708984,56.0099983215332,56.779998779296875,44.93834686279297,8783700
QCOM,2017-07-20,55.11000061035156,55.43000030517578,53.459999084472656,53.970001220703125,42.714385986328125,35943900
QCOM,2017-07-21,53.65999984741211,54.0,53.369998931884766,53.84000015258789,42.61149597167969,12113100
QCOM,2017-07-24,53.75,53.880001068115234,53.09000015258789,53.220001220703125,42.12079620361328,8832200
QCOM,2017-07-25,53.20000076293945,53.650001525878906,53.06999969482422,53.27000045776367,42.16036605834961,7112100
QCOM,2017-07-26,53.290000915527344,53.349998474121094,52.7400016784668,53.13999938964844,42.05747604370117,7581500
QCOM,2017-07-27,53.08000183105469,53.369998931884766,52.22999954223633,52.4900016784668,41.54304504394531,14069200
QCOM,2017-07-28,52.27000045776367,52.9900016784668,52.27000045776367,52.880001068115234,41.85169982910156,6644300
QCOM,2017-07-31,53.099998474121094,53.29999923706055,52.75,53.189998626708984,42.09705352783203,11302700
QCOM,2017-08-01,53.29999923706055,53.43000030517578,52.90999984741211,53.40999984741211,42.27117156982422,9372100
QCOM,2017-08-02,53.29999923706055,53.38999938964844,52.779998779296875,53.16999816894531,42.08121109008789,23084000
QCOM,2017-08-03,53.15999984741211,53.34000015258789,52.75,52.95000076293945,41.90711212158203,8643500
QCOM,2017-08-04,53.0,53.0,52.5099983215332,52.619998931884766,41.64591598510742,8677900
QCOM,2017-08-07,52.5,52.849998474121094,52.4900016784668,52.70000076293945,41.7092399597168,6561800
QCOM,2017-08-08,52.54999923706055,53.33000183105469,52.209999084472656,52.290000915527344,41.38475036621094,10462200
QCOM,2017-08-09,52.04999923706055,52.79999923706055,52.0,52.77000045776367,41.76464080810547,8085300
QCOM,2017-08-10,52.540000915527344,52.75,52.11000061035156,52.34000015258789,41.424312591552734,10768000
QCOM,2017-08-11,52.38999938964844,53.130001068115234,52.290000915527344,52.720001220703125,41.725067138671875,5894200
QCOM,2017-08-14,53.040000915527344,53.63999938964844,52.90999984741211,53.54999923706055,42.38197326660156,8118200
QCOM,2017-08-15,53.65999984741211,54.08000183105469,53.349998474121094,53.869998931884766,42.6352424621582,7876300
QCOM,2017-08-16,54.060001373291016,54.099998474121094,53.2599983215332,53.310001373291016,42.19202423095703,7414900
QCOM,2017-08-17,53.189998626708984,53.40999984741211,52.27000045776367,52.27000045776367,41.36892318725586,6589400
QCOM,2017-08-18,52.2599983215332,52.41999816894531,51.900001525878906,51.91999816894531,41.0919075012207,6696400
QCOM,2017-08-21,52.0,52.08000183105469,51.5,51.97999954223633,41.139404296875,5205700
QCOM,2017-08-22,52.209999084472656,52.619998931884766,52.209999084472656,52.349998474121094,41.43223571777344,4443300
QCOM,2017-08-23,52.29999923706055,52.40999984741211,51.779998779296875,52.22999954223633,41.33726501464844,5259300
QCOM,2017-08-24,52.369998931884766,52.709999084472656,52.2599983215332,52.4900016784668,41.54304504394531,6198600
QCOM,2017-08-25,52.779998779296875,52.849998474121094,52.02000045776367,52.029998779296875,41.1789665222168,8684700
QCOM,2017-08-28,51.77000045776367,51.810001373291016,51.459999084472656,51.810001373291016,41.45904541015625,4519000
QCOM,2017-08-29,51.310001373291016,51.86000061035156,51.279998779296875,51.810001373291016,41.45904541015625,4980900
QCOM,2017-08-30,52.22999954223633,52.290000915527344,51.560001373291016,52.119998931884766,41.70711135864258,4876200
QCOM,2017-08-31,52.2599983215332,52.59000015258789,52.119998931884766,52.27000045776367,41.827144622802734,8215800
QCOM,2017-09-01,52.529998779296875,52.77000045776367,51.93000030517578,52.04999923706055,41.651100158691406,5301300
QCOM,2017-09-05,51.86000061035156,51.900001525878906,49.83000183105469,50.029998779296875,40.034664154052734,17811100
QCOM,2017-09-06,50.189998626708984,50.77000045776367,49.83000183105469,50.45000076293945,40.37076187133789,16206900
QCOM,2017-09-07,50.560001373291016,50.689998626708984,50.25,50.380001068115234,40.31473922729492,10035500
QCOM,2017-09-08,50.349998474121094,50.45000076293945,48.91999816894531,49.63999938964844,39.72257614135742,12809400
QCOM,2017-09-11,49.939998626708984,50.66999816894531,49.90999984741211,50.56999969482422,40.46678161621094,7473500
QCOM,2017-09-12,50.599998474121094,51.06999969482422,50.52000045776367,50.900001525878906,40.730857849121094,4526800
QCOM,2017-09-13,50.79999923706055,51.11000061035156,50.720001220703125,51.0099983215332,40.818870544433594,6191400
QCOM,2017-09-14,50.970001220703125,51.59000015258789,50.66999816894531,51.47999954223633,41.194976806640625,7741300
QCOM,2017-09-15,51.95000076293945,52.290000915527344,51.439998626708984,52.189998626708984,41.76313400268555,13177900
QCOM,2017-09-18,52.2400016784668,52.369998931884766,51.959999084472656,52.25,41.81114959716797,6002700
QCOM,2017-09-19,52.400001525878906,52.5,52.060001373291016,52.29999923706055,41.851139068603516,5825200
QCOM,2017-09-20,52.43000030517578,52.52000045776367,51.47999954223633,51.97999954223633,41.59508514404297,8400300
QCOM,2017-09-21,51.86000061035156,52.20000076293945,51.709999084472656,52.029998779296875,41.63508605957031,5750600
QCOM,2017-09-22,51.81999969482422,52.22999954223633,51.779998779296875,52.09000015258789,41.683109283447266,4105100
QCOM,2017-09-25,51.900001525878906,52.290000915527344,51.61000061035156,51.619998931884766,41.307010650634766,8178400
QCOM,2017-09-26,51.75,51.869998931884766,50.849998474121094,51.130001068115234,40.91490173339844,9378800
QCOM,2017-09-27,51.43000030517578,51.61000061035156,51.150001525878906,51.54999923706055,41.250980377197266,8200600
QCOM,2017-09-28,51.380001068115234,52.040000915527344,51.310001373291016,51.75,41.41103744506836,5732900
QCOM,2017-09-29,51.90999984741211,52.040000915527344,51.619998931884766,51.84000015258789,41.48305130004883,5371200
QCOM,2017-10-02,52.09000015258789,52.15999984741211,51.70000076293945,51.880001068115234,41.51506423950195,4439200
QCOM,2017-10-03,51.9900016784668,52.220001220703125,51.650001525878906,52.02000045776367,41.62708282470703,4378000
QCOM,2017-10-04,51.93000030517578,52.119998931884766,51.66999816894531,51.959999084472656,41.57907485961914,4587700
QCOM,2017-10-05,52.16999816894531,52.43000030517578,51.959999084472656,52.349998474121094,41.89116287231445,5179100
QCOM,2017-10-06,52.15999984741211,52.630001068115234,52.15999984741211,52.4900016784668,42.00318908691406,4795300
QCOM,2017-10-09,52.68000030517578,52.97999954223633,52.380001068115234,52.880001068115234,42.31527328491211,5817500
QCOM,2017-10-10,52.95000076293945,53.900001525878906,52.900001525878906,53.869998931884766,43.10749053955078,8761700
QCOM,2017-10-11,53.790000915527344,54.380001068115234,53.65999984741211,54.119998931884766,43.30754470825195,9427300
QCOM,2017-10-12,53.880001068115234,54.18000030517578,52.959999084472656,53.0,42.41129684448242,7062300
QCOM,2017-10-13,53.380001068115234,53.380001068115234,52.7400016784668,52.81999969482422,42.26725769042969,7005600
QCOM,2017-10-16,52.97999954223633,53.0,52.310001373291016,52.380001068115234,41.9151725769043,5930900
QCOM,2017-10-17,52.31999969482422,52.439998626708984,51.849998474121094,52.40999984741211,41.939170837402344,7662900
QCOM,2017-10-18,52.540000915527344,52.66999816894531,52.02000045776367,52.209999084472656,41.77913284301758,6032600
QCOM,2017-10-19,52.029998779296875,52.400001525878906,52.0099983215332,52.290000915527344,41.843143463134766,6825200
QCOM,2017-10-20,52.5099983215332,52.59000015258789,51.939998626708984,52.02000045776367,41.62708282470703,8845000
QCOM,2017-10-23,52.29999923706055,53.779998779296875,52.130001068115234,53.38999938964844,42.723388671875,9775400
QCOM,2017-10-24,53.439998626708984,54.439998626708984,53.400001525878906,54.25,43.41157150268555,11415700
QCOM,2017-10-25,53.97999954223633,54.43000030517578,53.47999954223633,53.84000015258789,43.08348083496094,7581500
QCOM,2017-10-26,54.099998474121094,54.38999938964844,53.66999816894531,53.79999923706055,43.05146789550781,5270800
QCOM,2017-10-27,53.70000076293945,54.70000076293945,53.36000061035156,54.56999969482422,43.66764450073242,8962400
QCOM,2017-10-30,54.15999984741211,54.77000045776367,54.08000183105469,54.65999984741211,43.739654541015625,7081500
QCOM,2017-10-31,52.2599983215332,52.4900016784668,50.02000045776367,51.0099983215332,40.818870544433594,29914100
QCOM,2017-11-01,51.470001220703125,53.4900016784668,50.5099983215332,53.459999084472656,42.779388427734375,15624400
QCOM,2017-11-02,53.599998474121094,55.68000030517578,53.599998474121094,54.84000015258789,43.883697509765625,17337800
QCOM,2017-11-03,54.7599983215332,64.98999786376953,54.209999084472656,61.810001373291016,49.461177825927734,80964500
QCOM,2017-11-06,64.54000091552734,65.33000183105469,62.150001525878906,62.52000045776367,50.02933120727539,58900800
QCOM,2017-11-07,62.52000045776367,64.16000366210938,62.45000076293945,64.0999984741211,51.29365921020508,23424600
QCOM,2017-11-08,64.20999908447266,65.79000091552734,64.20999908447266,65.48999786376953,52.40595626831055,26515400
QCOM,2017-11-09,64.91000366210938,65.33000183105469,63.93000030517578,64.5999984741211,51.69376754760742,15954900
QCOM,2017-11-10,64.36000061035156,65.0999984741211,63.91999816894531,64.56999969482422,51.66976547241211,9626200
QCOM,2017-11-13,64.95999908447266,66.81999969482422,64.75,66.48999786376953,53.206180572509766,24411600
QCOM,2017-11-14,66.16000366210938,66.80000305175781,65.55000305175781,66.0,52.81407165527344,14036700
QCOM,2017-11-15,65.55000305175781,66.4800033569336,65.23999786376953,65.61000061035156,52.50200271606445,10565400
QCOM,2017-11-16,65.7699966430664,66.54000091552734,65.43000030517578,66.11000061035156,52.9020881652832,12339800
QCOM,2017-11-17,66.37000274658203,66.94999694824219,66.0,66.72000122070312,53.390228271484375,13334000
QCOM,2017-11-20,66.18000030517578,66.8499984741211,65.94999694824219,66.47000122070312,53.190181732177734,9749400
QCOM,2017-11-21,65.3499984741211,66.93000030517578,65.2699966430664,66.66999816894531,53.35022735595703,11215800
QCOM,2017-11-22,66.37000274658203,68.26000213623047,66.23999786376953,68.12999725341797,54.51852798461914,15489400
QCOM,2017-11-24,68.51000213623047,69.27999877929688,68.44999694824219,68.91000366210938,55.142696380615234,9233500
QCOM,2017-11-27,68.5999984741211,68.91999816894531,68.04000091552734,68.13999938964844,54.52652359008789,20404600
QCOM,2017-11-28,67.58999633789062,68.41000366210938,67.22000122070312,68.37999725341797,55.18016815185547,12861300
QCOM,2017-11-29,68.0999984741211,68.19999694824219,66.02999877929688,66.5199966430664,53.67921829223633,17022200
QCOM,2017-11-30,66.51000213623047,67.0999984741211,65.72000122070312,66.33999633789062,53.533958435058594,15555600
QCOM,2017-12-01,65.19999694824219,66.12000274658203,64.5999984741211,65.48999786376953,52.84804153442383,15851100
QCOM,2017-12-04,65.5999984741211,65.69999694824219,63.79999923706055,64.55999755859375,52.097564697265625,17325100
QCOM,2017-12-05,64.8499984741211,65.02999877929688,64.4000015258789,64.69000244140625,52.20248794555664,9661200
QCOM,2017-12-06,64.63999938964844,65.68000030517578,64.36000061035156,64.9800033569336,52.43648910522461,6952300
QCOM,2017-12-07,65.20999908447266,65.55000305175781,64.7699966430664,65.2300033569336,52.638240814208984,8755000
QCOM,2017-12-08,65.5999984741211,65.5999984741211,63.880001068115234,64.23999786376953,51.8393440246582,9371900
QCOM,2017-12-11,64.05999755859375,65.26000213623047,64.0,65.18000030517578,52.59788513183594,12185000
QCOM,2017-12-12,64.87999725341797,65.11000061035156,64.55000305175781,64.86000061035156,52.33965301513672,7021200
QCOM,2017-12-13,64.9800033569336,65.43000030517578,64.83000183105469,64.9000015258789,52.3719367980957,6490400
QCOM,2017-12-14,64.86000061035156,65.16999816894531,64.55000305175781,64.69999694824219,52.210533142089844,7122000
QCOM,2017-12-15,65.33000183105469,65.41999816894531,64.5,64.76000213623047,52.258975982666016,18833000
QCOM,2017-12-18,64.93000030517578,65.45999908447266,64.80000305175781,65.37999725341797,52.759273529052734,7440900
QCOM,2017-12-19,65.11000061035156,65.4800033569336,64.43000030517578,64.5,52.04914474487305,7130000
QCOM,2017-12-20,64.55999755859375,65.16999816894531,64.33000183105469,64.5999984741211,52.129844665527344,6933600
QCOM,2017-12-21,64.75,64.95999908447266,64.33999633789062,64.38999938964844,51.96037673950195,5451100
QCOM,2017-12-22,64.30999755859375,64.9800033569336,64.30000305175781,64.7300033569336,52.23476791381836,4444300
QCOM,2017-12-26,64.48999786376953,64.94000244140625,64.19999694824219,64.30000305175781,51.88776779174805,4236500
QCOM,2017-12-27,64.31999969482422,64.63999938964844,64.18000030517578,64.54000091552734,52.08143615722656,4899600
QCOM,2017-12-28,64.69000244140625,64.7300033569336,64.3499984741211,64.37999725341797,51.952308654785156,2451300
QCOM,2017-12-29,64.36000061035156,64.6500015258789,64.0,64.0199966430664,51.66181182861328,6631800
QCOM,2018-01-02,64.37999725341797,65.33000183105469,64.16999816894531,65.19999694824219,52.61403274536133,6329600
QCOM,2018-01-03,65.22000122070312,66.05999755859375,64.69000244140625,65.94000244140625,53.2111930847168,6844200
QCOM,2018-01-04,66.18000030517578,66.52999877929688,65.91000366210938,66.02999877929688,53.2838134765625,5060100
QCOM,2018-01-05,66.04000091552734,66.5999984741211,65.5,66.47000122070312,53.63887405395508,5421800
QCOM,2018-01-08,66.25,66.52999877929688,65.94000244140625,66.2699966430664,53.47747802734375,4266900
QCOM,2018-01-09,65.63999938964844,65.86000061035156,64.94000244140625,65.2699966430664,52.67050552368164,7632300
QCOM,2018-01-10,65.4800033569336,65.73999786376953,64.87999725341797,65.26000213623047,52.662437438964844,6569300
QCOM,2018-01-11,65.19999694824219,65.5,65.13999938964844,65.43000030517578,52.799617767333984,4233100
QCOM,2018-01-12,65.61000061035156,65.9000015258789,65.08000183105469,65.37999725341797,52.759273529052734,5007200
QCOM,2018-01-16,66.2300033569336,68.6500015258789,66.02999877929688,68.25,55.07525634765625,24478800
QCOM,2018-01-17,68.5199966430664,68.9000015258789,67.23999786376953,68.0199966430664,54.88966751098633,12559100
QCOM,2018-01-18,67.75,68.18000030517578,67.48999786376953,68.05000305175781,54.91387176513672,6797900
QCOM,2018-01-19,68.04000091552734,68.25,67.75,68.04000091552734,54.90581130981445,8864300
QCOM,2018-01-22,67.80999755859375,68.75,67.70999908447266,68.66999816894531,55.414207458496094,8566200
QCOM,2018-01-23,68.5999984741211,68.9000015258789,68.23999786376953,68.33999633789062,55.147884368896484,7825600
QCOM,2018-01-24,68.19999694824219,68.29000091552734,67.37999725341797,67.9800033569336,54.85739517211914,12383100
QCOM,2018-01-25,68.13999938964844,68.37000274658203,67.29000091552734,67.41999816894531,54.40548324584961,9122200
QCOM,2018-01-26,67.94000244140625,68.52999877929688,67.5999984741211,68.52999877929688,55.301204681396484,7919000
QCOM,2018-01-29,68.16000366210938,68.30000305175781,67.23999786376953,67.31999969482422,54.32477951049805,9745300
QCOM,2018-01-30,67.43000030517578,67.91000366210938,66.7300033569336,66.98999786376953,54.05847930908203,8059500
QCOM,2018-01-31,67.55000305175781,68.37999725341797,67.45999908447266,68.25,55.07525634765625,13915600
QCOM,2018-02-01,67.0,68.3499984741211,66.31999969482422,66.80000305175781,53.90516662597656,16838500
QCOM,2018-02-02,66.18000030517578,67.04000091552734,65.86000061035156,66.06999969482422,53.31608581542969,10971700
QCOM,2018-02-05,66.30000305175781,66.55000305175781,60.5,61.72999954223633,49.81385803222656,35996000
QCOM,2018-02-06,62.310001373291016,64.52999877929688,62.20000076293945,64.4000015258789,51.96846008300781,24458700
QCOM,2018-02-07,64.22000122070312,66.12000274658203,64.0199966430664,65.04000091552734,52.48490524291992,15021200
QCOM,2018-02-08,64.62999725341797,65.06999969482422,62.400001525878906,62.41999816894531,50.370662689208984,13451600
QCOM,2018-02-09,62.95000076293945,64.31999969482422,61.459999084472656,63.9900016784668,51.637611389160156,23095000
QCOM,2018-02-12,64.88999938964844,65.69999694824219,64.38999938964844,65.66000366210938,52.985225677490234,13692100
QCOM,2018-02-13,65.2300033569336,65.76000213623047,64.9800033569336,65.69999694824219,53.01750946044922,7695900
QCOM,2018-02-14,65.1500015258789,66.80000305175781,65.0999984741211,66.58999633789062,53.735694885253906,10370900
QCOM,2018-02-15,66.37999725341797,66.37999725341797,63.86000061035156,65.27999877929688,52.6785774230957,15548400
QCOM,2018-02-16,64.7699966430664,65.83000183105469,64.5999984741211,64.8499984741211,52.33158493041992,11760300
QCOM,2018-02-20,63.0099983215332,64.13999938964844,61.86000061035156,63.9900016784668,51.637611389160156,27494600
QCOM,2018-02-21,63.119998931884766,63.86000061035156,62.650001525878906,63.400001525878906,51.16148376464844,14895600
QCOM,2018-02-22,63.150001525878906,63.58000183105469,62.029998779296875,62.18000030517578,50.1769905090332,11722300
QCOM,2018-02-23,62.810001373291016,63.31999969482422,62.029998779296875,63.31999969482422,51.09693145751953,6762200
QCOM,2018-02-26,64.55000305175781,67.36000061035156,64.19000244140625,66.9800033569336,54.05042266845703,27374300
QCOM,2018-02-27,67.0,67.62999725341797,66.01000213623047,66.33999633789062,53.993446350097656,14326000
QCOM,2018-02-28,66.69999694824219,66.72000122070312,64.91000366210938,65.0,52.90283966064453,9582100
QCOM,2018-03-01,65.02999877929688,66.23999786376953,64.33000183105469,64.95999908447266,52.870277404785156,10799200
QCOM,2018-03-02,64.30999755859375,64.8499984741211,64.02999877929688,64.73999786376953,52.691226959228516,10612700
QCOM,2018-03-05,64.33999633789062,65.5999984741211,63.540000915527344,64.01000213623047,52.09708023071289,15445500
QCOM,2018-03-06,63.5,63.54999923706055,61.060001373291016,62.13999938964844,50.57511520385742,23450400
QCOM,2018-03-07,61.4900016784668,62.61000061035156,61.43000030517578,62.4900016784668,50.85997009277344,12602400
QCOM,2018-03-08,62.650001525878906,62.7400016784668,61.56999969482422,61.81999969482422,50.314659118652344,8902100
QCOM,2018-03-09,62.36000061035156,63.060001373291016,62.119998931884766,63.029998779296875,51.29947280883789,7655300
QCOM,2018-03-12,63.04999923706055,63.47999954223633,62.29999923706055,62.810001373291016,51.12041091918945,15801300
QCOM,2018-03-13,59.77000045776367,61.400001525878906,59.130001068115234,59.70000076293945,48.58921813964844,38572700
QCOM,2018-03-14,59.900001525878906,60.380001068115234,57.900001525878906,60.119998931884766,48.931053161621094,29759100
QCOM,2018-03-15,60.029998779296875,60.279998779296875,59.560001373291016,59.88999938964844,48.74386215209961,10494300
QCOM,2018-03-16,60.599998474121094,61.4900016784668,60.47999954223633,60.619998931884766,49.338008880615234,25574500
QCOM,2018-03-19,60.189998626708984,60.349998474121094,57.900001525878906,58.369998931884766,47.506744384765625,14131400
QCOM,2018-03-20,58.9900016784668,59.09000015258789,57.95000076293945,58.2599983215332,47.417213439941406,10615400
QCOM,2018-03-21,57.5,58.279998779296875,56.77000045776367,56.810001373291016,46.23707962036133,12231900
QCOM,2018-03-22,56.2400016784668,56.83000183105469,55.52000045776367,55.58000183105469,45.23599624633789,13554600
QCOM,2018-03-23,55.630001068115234,55.79999923706055,53.650001525878906,53.65999984741211,43.67333221435547,14713300
QCOM,2018-03-26,54.58000183105469,56.13999938964844,54.25,56.130001068115234,45.683631896972656,12093900
QCOM,2018-03-27,56.59000015258789,57.2400016784668,54.540000915527344,54.84000015258789,44.63372802734375,12243200
QCOM,2018-03-28,54.810001373291016,55.970001220703125,54.459999084472656,54.70000076293945,44.519779205322266,12925500
QCOM,2018-03-29,55.040000915527344,55.93000030517578,54.619998931884766,55.40999984741211,45.0976448059082,8482500
QCOM,2018-04-02,55.099998474121094,55.2400016784668,53.06999969482422,53.810001373291016,43.795413970947266,16469600
QCOM,2018-04-03,54.290000915527344,55.04999923706055,53.619998931884766,54.779998779296875,44.584877014160156,7930700
QCOM,2018-04-04,53.79999923706055,55.119998931884766,53.41999816894531,54.9900016784668,44.755802154541016,7496700
QCOM,2018-04-05,55.4900016784668,55.5,54.439998626708984,55.040000915527344,44.79648971557617,5823300
QCOM,2018-04-06,54.41999816894531,54.77000045776367,53.11000061035156,53.119998931884766,43.23383331298828,8322200
QCOM,2018-04-09,53.52000045776367,54.88999938964844,53.34000015258789,53.43000030517578,43.48613739013672,7608500
QCOM,2018-04-10,54.58000183105469,55.0099983215332,54.220001220703125,54.77000045776367,44.57672882080078,12009000
QCOM,2018-04-11,54.189998626708984,55.06999969482422,54.150001525878906,55.0099983215332,44.77207565307617,6205300
QCOM,2018-04-12,55.470001220703125,55.650001525878906,55.02000045776367,55.20000076293945,44.926719665527344,7412700
QCOM,2018-04-13,56.61000061035156,56.790000915527344,55.41999816894531,55.72999954223633,45.35808563232422,12588200
QCOM,2018-04-16,55.939998626708984,55.9900016784668,54.56999969482422,54.77000045776367,44.57672882080078,7850500
QCOM,2018-04-17,54.9900016784668,55.68000030517578,54.779998779296875,55.349998474121094,45.048805236816406,7089700
QCOM,2018-04-18,55.13999938964844,55.619998931884766,54.880001068115234,55.22999954223633,44.95112991333008,4796800
QCOM,2018-04-19,54.0,54.13999938964844,52.5,52.56999969482422,42.78618240356445,19179500
QCOM,2018-04-20,52.810001373291016,52.88999938964844,51.31999969482422,51.439998626708984,41.86648941040039,11838200
QCOM,2018-04-23,51.5,51.810001373291016,50.27000045776367,50.529998779296875,41.1258430480957,10961500
QCOM,2018-04-24,50.880001068115234,51.290000915527344,49.380001068115234,49.939998626708984,40.64565658569336,11670000
QCOM,2018-04-25,50.0,50.439998626708984,48.869998931884766,49.75,40.49101638793945,9619200
QCOM,2018-04-26,49.52000045776367,50.59000015258789,48.560001373291016,50.470001220703125,41.07701873779297,13684000
QCOM,2018-04-27,50.75,51.36000061035156,50.4900016784668,51.11000061035156,41.59790802001953,9443100
QCOM,2018-04-30,51.25,51.81999969482422,51.0,51.0099983215332,41.516517639160156,9469600
QCOM,2018-05-01,50.7599983215332,51.04999923706055,50.040000915527344,50.81999969482422,41.36187744140625,6780500
QCOM,2018-05-02,51.2400016784668,51.25,49.91999816894531,50.2599983215332,40.906105041503906,8143000
QCOM,2018-05-03,49.9900016784668,50.540000915527344,49.310001373291016,50.310001373291016,40.94679641723633,8609200
QCOM,2018-05-04,50.18000030517578,52.599998474121094,49.91999816894531,52.4900016784668,42.7210807800293,9880600
QCOM,2018-05-07,52.58000183105469,53.27000045776367,52.52000045776367,53.0099983215332,43.1442985534668,9571700
QCOM,2018-05-08,53.040000915527344,53.27000045776367,52.11000061035156,52.86000061035156,43.02220916748047,9930000
QCOM,2018-05-09,52.86000061035156,53.33000183105469,52.20000076293945,53.16999816894531,43.27451705932617,7016100
QCOM,2018-05-10,54.45000076293945,55.06999969482422,53.95000076293945,54.970001220703125,44.73952865600586,12267200
QCOM,2018-05-11,54.7599983215332,55.790000915527344,54.619998931884766,55.22999954223633,44.95112991333008,9639100
QCOM,2018-05-14,57.33000183105469,57.79999923706055,56.34000015258789,56.7400016784668,46.18010711669922,15400300
QCOM,2018-05-15,56.5,56.61000061035156,55.220001220703125,55.63999938964844,45.284828186035156,12050500
QCOM,2018-05-16,55.7599983215332,56.810001373291016,55.66999816894531,56.70000076293945,46.147552490234375,8675600
QCOM,2018-05-17,56.4900016784668,57.380001068115234,56.38999938964844,56.95000076293945,46.35102081298828,11450700
QCOM,2018-05-18,56.93000030517578,57.9900016784668,56.400001525878906,57.5099983215332,46.806800842285156,11999700
QCOM,2018-05-21,57.68000030517578,58.27000045776367,56.77000045776367,57.709999084472656,46.969581604003906,14286400
QCOM,2018-05-22,57.90999984741211,58.36000061035156,57.06999969482422,57.38999938964844,46.70912551879883,9432500
QCOM,2018-05-23,56.90999984741211,58.86000061035156,56.83000183105469,58.81999969482422,47.87300109863281,11322500
QCOM,2018-05-24,58.58000183105469,59.25,58.04999923706055,59.08000183105469,48.0846061706543,12487200
QCOM,2018-05-25,58.849998474121094,60.0,58.810001373291016,59.959999084472656,48.800838470458984,11501500
QCOM,2018-05-29,59.5,59.599998474121094,57.70000076293945,58.22999954223633,47.88796615600586,14696300
QCOM,2018-05-30,58.40999984741211,58.650001525878906,57.65999984741211,58.38999938964844,48.01955795288086,9146000
QCOM,2018-05-31,58.0,58.56999969482422,57.7599983215332,58.119998931884766,47.79751968383789,12813200
QCOM,2018-06-01,58.34000015258789,58.72999954223633,58.0099983215332,58.61000061035156,48.20048522949219,8869700
QCOM,2018-06-04,58.619998931884766,58.869998931884766,57.95000076293945,58.709999084472656,48.282718658447266,9696700
QCOM,2018-06-05,58.86000061035156,59.599998474121094,58.7599983215332,58.97999954223633,48.50476837158203,6562700
QCOM,2018-06-06,59.2599983215332,59.849998474121094,59.11000061035156,59.84000015258789,49.2120246887207,6236700
QCOM,2018-06-07,62.0,62.650001525878906,60.220001220703125,60.63999938964844,49.86994171142578,14786100
QCOM,2018-06-08,60.25,60.619998931884766,59.810001373291016,60.2599983215332,49.557437896728516,7035300
QCOM,2018-06-11,60.16999816894531,60.41999816894531,59.81999969482422,59.93000030517578,49.286033630371094,7369500
QCOM,2018-06-12,60.11000061035156,60.380001068115234,59.54999923706055,59.790000915527344,49.170902252197266,7153500
QCOM,2018-06-13,59.66999816894531,60.22999954223633,59.119998931884766,59.220001220703125,48.70214080810547,9676300
QCOM,2018-06-14,59.290000915527344,59.70000076293945,58.95000076293945,59.459999084472656,48.89950942993164,8372900
QCOM,2018-06-15,59.869998931884766,59.95000076293945,58.91999816894531,59.86000061035156,49.22847366333008,13804900
QCOM,2018-06-18,59.310001373291016,59.369998931884766,58.91999816894531,59.20000076293945,48.685707092285156,6946600
QCOM,2018-06-19,58.279998779296875,58.7400016784668,57.849998474121094,58.70000076293945,48.274497985839844,7958300
QCOM,2018-06-20,59.18000030517578,59.20000076293945,58.310001373291016,58.790000915527344,48.34851837158203,6526400
QCOM,2018-06-21,59.209999084472656,59.209999084472656,58.38999938964844,58.75,48.31562042236328,6605400
QCOM,2018-06-22,58.779998779296875,59.099998474121094,58.43000030517578,58.5,48.11001968383789,8074100
QCOM,2018-06-25,58.09000015258789,58.13999938964844,56.61000061035156,57.04999923706055,46.91755676269531,8635900
QCOM,2018-06-26,57.08000183105469,57.150001525878906,56.310001373291016,56.45000076293945,46.42411422729492,8934700
QCOM,2018-06-27,56.54999923706055,57.529998779296875,55.13999938964844,55.16999816894531,45.3714485168457,11832400
QCOM,2018-06-28,55.119998931884766,56.459999084472656,55.09000015258789,55.900001525878906,45.971797943115234,11723600
QCOM,2018-06-29,56.130001068115234,56.86000061035156,56.08000183105469,56.119998931884766,46.1527214050293,11274000
QCOM,2018-07-02,55.400001525878906,56.220001220703125,55.119998931884766,56.18000030517578,46.202064514160156,7299900
QCOM,2018-07-03,56.40999984741211,56.529998779296875,55.25,55.33000183105469,45.50303268432617,3618900
QCOM,2018-07-05,55.70000076293945,57.43000030517578,55.650001525878906,57.380001068115234,47.18893814086914,11728300
QCOM,2018-07-06,57.459999084472656,58.06999969482422,57.029998779296875,57.84000015258789,47.56724166870117,8806200
QCOM,2018-07-09,58.060001373291016,58.310001373291016,57.22999954223633,58.040000915527344,47.731727600097656,4577100
QCOM,2018-07-10,58.060001373291016,58.470001220703125,57.95000076293945,58.369998931884766,48.00311279296875,6848900
QCOM,2018-07-11,57.43000030517578,58.0099983215332,56.7400016784668,57.29999923706055,47.12314987182617,8702000
QCOM,2018-07-12,57.849998474121094,58.4900016784668,57.310001373291016,58.31999969482422,47.96198272705078,8426400
QCOM,2018-07-13,58.25,58.779998779296875,58.18000030517578,58.38999938964844,48.01955795288086,5266100
QCOM,2018-07-16,58.41999816894531,58.84000015258789,58.060001373291016,58.349998474121094,47.98666000366211,5907100
QCOM,2018-07-17,57.91999816894531,58.90999984741211,57.619998931884766,58.90999984741211,48.44719696044922,7560300
QCOM,2018-07-18,59.0,59.0,58.369998931884766,58.7599983215332,48.323848724365234,6795100
QCOM,2018-07-19,58.709999084472656,59.59000015258789,58.650001525878906,59.310001373291016,48.77616500854492,8150200
QCOM,2018-07-20,58.97999954223633,59.18000030517578,58.400001525878906,58.61000061035156,48.20048522949219,10859700
QCOM,2018-07-23,58.400001525878906,59.209999084472656,57.81999969482422,59.08000183105469,48.58701705932617,8011800
QCOM,2018-07-24,59.349998474121094,59.619998931884766,58.45000076293945,58.849998474121094,48.39785385131836,6637600
QCOM,2018-07-25,58.54999923706055,59.5,57.7599983215332,59.41999816894531,48.86662292480469,13143100
QCOM,2018-07-26,63.04999923706055,63.7599983215332,61.2599983215332,63.58000183105469,52.28776931762695,31025100
QCOM,2018-07-27,63.220001220703125,63.5099983215332,62.220001220703125,62.689998626708984,51.55584716796875,13488800
QCOM,2018-07-30,62.650001525878906,62.97999954223633,61.93000030517578,62.040000915527344,51.02129364013672,9547700
QCOM,2018-07-31,63.83000183105469,64.66000366210938,63.5,64.08999633789062,52.707191467285156,22350800
QCOM,2018-08-01,63.54999923706055,64.87000274658203,63.54999923706055,64.3499984741211,52.921016693115234,10706200
QCOM,2018-08-02,63.959999084472656,65.04000091552734,63.63999938964844,64.7699966430664,53.26641845703125,10618500
QCOM,2018-08-03,64.73999786376953,65.61000061035156,64.66999816894531,65.4000015258789,53.784542083740234,7809400
QCOM,2018-08-06,65.86000061035156,66.0199966430664,65.33000183105469,65.7300033569336,54.05594253540039,10878400
QCOM,2018-08-07,65.93000030517578,65.93000030517578,65.25,65.44000244140625,53.81743621826172,7810900
QCOM,2018-08-08,65.20999908447266,65.55000305175781,65.12000274658203,65.16000366210938,53.587162017822266,7912200
QCOM,2018-08-09,65.0999984741211,65.30000305175781,64.91999816894531,65.08000183105469,53.5213737487793,6629700
QCOM,2018-08-10,64.6500015258789,64.94000244140625,64.48999786376953,64.81999969482422,53.307552337646484,8736000
QCOM,2018-08-13,65.1500015258789,65.2300033569336,64.6500015258789,64.83999633789062,53.32398986816406,7092400
QCOM,2018-08-14,65.08999633789062,65.62000274658203,64.7699966430664,65.43000030517578,53.8092155456543,7844200
QCOM,2018-08-15,65.13999938964844,65.81999969482422,64.55000305175781,65.68000030517578,54.01481628417969,13524800
QCOM,2018-08-16,65.86000061035156,66.0999984741211,65.52999877929688,65.76000213623047,54.08059310913086,9958800
QCOM,2018-08-17,65.5,66.19000244140625,65.12000274658203,66.05999755859375,54.32729721069336,15170500
QCOM,2018-08-20,66.33000183105469,66.58999633789062,65.73999786376953,66.16000366210938,54.40956115722656,13966900
QCOM,2018-08-21,66.08999633789062,66.77999877929688,66.02999877929688,66.55000305175781,54.73030471801758,12181400
QCOM,2018-08-22,66.22000122070312,67.08000183105469,66.20999908447266,66.83999633789062,54.968780517578125,13860300
QCOM,2018-08-23,66.9800033569336,67.29000091552734,66.80000305175781,66.86000061035156,54.985225677490234,12038100
QCOM,2018-08-24,67.0,67.36000061035156,66.94000244140625,67.1500015258789,55.223724365234375,16001400
QCOM,2018-08-27,67.37000274658203,67.4800033569336,67.22000122070312,67.33999633789062,55.37997817993164,12578000
QCOM,2018-08-28,68.55999755859375,70.48999786376953,67.91999816894531,69.77999877929688,57.3866081237793,24952700
QCOM,2018-08-29,69.66999816894531,70.06999969482422,69.13999938964844,69.19999694824219,56.90962600708008,11874300
QCOM,2018-08-30,68.97000122070312,69.16000366210938,68.0,68.13999938964844,56.03789138793945,12027500
QCOM,2018-08-31,67.98999786376953,69.0,67.94000244140625,68.70999908447266,56.50666046142578,11166900
QCOM,2018-09-04,68.73999786376953,70.11000061035156,68.70999908447266,69.9800033569336,58.07513427734375,13024100
QCOM,2018-09-05,69.80000305175781,71.06999969482422,69.30999755859375,70.88999938964844,58.830322265625,15310700
QCOM,2018-09-06,70.8499984741211,71.3499984741211,70.19000244140625,70.36000061035156,58.39049530029297,11997700
QCOM,2018-09-07,69.83999633789062,70.62000274658203,69.61000061035156,70.37999725341797,58.40707778930664,24421900
QCOM,2018-09-10,70.66999816894531,72.75,70.5,72.31999969482422,60.01706314086914,14636000
QCOM,2018-09-11,71.83999633789062,72.66000366210938,71.80999755859375,72.51000213623047,60.17472839355469,9501100
QCOM,2018-09-12,72.08999633789062,72.5,70.0199966430664,71.75,59.54401397705078,12638300
QCOM,2018-09-13,73.68000030517578,75.36000061035156,73.4800033569336,74.61000061035156,61.91748809814453,24617700
QCOM,2018-09-14,74.52999877929688,76.04000091552734,74.41000366210938,75.08999633789062,62.31584930419922,13450700
QCOM,2018-09-17,74.83999633789062,75.27999877929688,73.11000061035156,73.23999786376953,60.780540466308594,11558300
QCOM,2018-09-18,73.80000305175781,76.5,73.51000213623047,74.72000122070312,62.008766174316406,11692000
QCOM,2018-09-19,75.37000274658203,75.37000274658203,73.7699966430664,74.05999755859375,61.461055755615234,12383200
QCOM,2018-09-20,74.4800033569336,75.11000061035156,74.20999908447266,74.5999984741211,61.90918731689453,12013900
QCOM,2018-09-21,74.83000183105469,74.87000274658203,73.12999725341797,73.69999694824219,61.16230010986328,23465400
QCOM,2018-09-24,73.08000183105469,73.8499984741211,72.80000305175781,73.58000183105469,61.062705993652344,15446100
QCOM,2018-09-25,72.63999938964844,73.56999969482422,72.58000183105469,72.73999786376953,60.36561584472656,20741900
QCOM,2018-09-26,72.68000030517578,73.26000213623047,71.58000183105469,71.76000213623047,59.55232238769531,11306000
QCOM,2018-09-27,72.18000030517578,72.68000030517578,71.47000122070312,71.70999908447266,59.51083755493164,12498300
QCOM,2018-09-28,71.51000213623047,73.26000213623047,71.25,72.02999877929688,59.77638626098633,20080800
QCOM,2018-10-01,72.45999908447266,73.43000030517578,72.0999984741211,72.5999984741211,60.24940490722656,9340200
QCOM,2018-10-02,72.4000015258789,73.91000366210938,72.2699966430664,73.3499984741211,60.871829986572266,9221200
QCOM,2018-10-03,73.58999633789062,73.88999938964844,72.58999633789062,72.63999938964844,60.282615661621094,7079800
QCOM,2018-10-04,72.0,72.69999694824219,71.86000061035156,72.37999725341797,60.06684875488281,8599500
QCOM,2018-10-05,72.38999938964844,72.66000366210938,70.55000305175781,71.20999908447266,59.09586715698242,23411300
QCOM,2018-10-08,70.77999877929688,71.5999984741211,70.55999755859375,70.93000030517578,58.8635368347168,10104600
QCOM,2018-10-09,70.76000213623047,70.95999908447266,70.08999633789062,70.12999725341797,58.19961929321289,10329200
QCOM,2018-10-10,68.7699966430664,69.55999755859375,66.62000274658203,66.7300033569336,55.37800979614258,22296800
QCOM,2018-10-11,66.3499984741211,66.98999786376953,63.61000061035156,64.29000091552734,53.35310745239258,25852600
QCOM,2018-10-12,65.55000305175781,65.6500015258789,63.27000045776367,64.29000091552734,53.35310745239258,15760900
QCOM,2018-10-15,64.2300033569336,65.19999694824219,64.01000213623047,64.16999816894531,53.25352096557617,12314700
QCOM,2018-10-16,64.77999877929688,66.38999938964844,64.62000274658203,66.12000274658203,54.871788024902344,15931400
QCOM,2018-10-17,66.37999725341797,66.61000061035156,65.29000091552734,66.0999984741211,54.855194091796875,14779100
QCOM,2018-10-18,65.68000030517578,66.31999969482422,64.87000274658203,65.1500015258789,54.06679916381836,12218600
QCOM,2018-10-19,65.44999694824219,66.20999908447266,65.0,65.36000061035156,54.241085052490234,10673000
QCOM,2018-10-22,65.69000244140625,66.5999984741211,65.22000122070312,66.12000274658203,54.871788024902344,12890400
QCOM,2018-10-23,63.65999984741211,66.91999816894531,63.56999969482422,66.37999725341797,55.08755874633789,13441000
QCOM,2018-10-24,65.87000274658203,66.38999938964844,62.5,62.619998931884766,51.96720504760742,23384300
QCOM,2018-10-25,63.810001373291016,63.83000183105469,62.349998474121094,63.20000076293945,52.44853973388672,20385700
QCOM,2018-10-26,61.5,63.63999938964844,61.18000030517578,62.47999954223633,51.85102844238281,17049300
QCOM,2018-10-29,63.5,63.689998626708984,61.27000045776367,62.16999816894531,51.59375762939453,14778300
QCOM,2018-10-30,62.36000061035156,63.720001220703125,62.16999816894531,63.18000030517578,52.43193435668945,18865300
QCOM,2018-10-31,62.90999984741211,63.52000045776367,62.06999969482422,62.88999938964844,52.1912727355957,12917500
QCOM,2018-11-01,63.20000076293945,64.30999755859375,62.880001068115234,63.709999084472656,52.87178039550781,11003900
QCOM,2018-11-02,63.939998626708984,63.959999084472656,62.34000015258789,63.33000183105469,52.556427001953125,13707900
QCOM,2018-11-05,63.08000183105469,63.79999923706055,62.65999984741211,63.470001220703125,52.67259979248047,13373800
QCOM,2018-11-06,63.349998474121094,64.33999633789062,62.40999984741211,63.630001068115234,52.80537414550781,8774100
QCOM,2018-11-07,63.5,63.75,62.279998779296875,63.209999084472656,52.45684051513672,18493500
QCOM,2018-11-08,58.0,60.150001525878906,57.599998474121094,58.04999923706055,48.174644470214844,32155200
QCOM,2018-11-09,57.779998779296875,58.2400016784668,56.189998626708984,56.720001220703125,47.0709114074707,21745200
QCOM,2018-11-12,56.369998931884766,56.5,54.43000030517578,54.4900016784668,45.22026443481445,24447800
QCOM,2018-11-13,54.7400016784668,55.4900016784668,54.04999923706055,54.15999984741211,44.9463996887207,20883800
QCOM,2018-11-14,54.84000015258789,54.88999938964844,53.66999816894531,53.939998626708984,44.763832092285156,14071900
QCOM,2018-11-15,53.83000183105469,55.540000915527344,53.529998779296875,55.38999938964844,45.9671630859375,18856300
QCOM,2018-11-16,55.119998931884766,57.040000915527344,54.9900016784668,55.880001068115234,46.37379837036133,57303300
QCOM,2018-11-19,55.849998474121094,56.619998931884766,54.869998931884766,54.900001525878906,45.56051254272461,20321400
QCOM,2018-11-20,54.20000076293945,55.43000030517578,54.06999969482422,54.91999816894531,45.57711410522461,20658300
QCOM,2018-11-21,55.209999084472656,56.5,55.18000030517578,55.27000045776367,45.867576599121094,13015500
QCOM,2018-11-23,54.77000045776367,55.75,54.75,55.25,45.85097885131836,4671900
QCOM,2018-11-26,55.790000915527344,56.380001068115234,55.18000030517578,55.72999954223633,46.249324798583984,10373700
QCOM,2018-11-27,55.59000015258789,56.22999954223633,55.349998474121094,55.56999969482422,46.116539001464844,9719000
QCOM,2018-11-28,55.88999938964844,56.720001220703125,54.689998626708984,56.650001525878906,47.012813568115234,17483500
QCOM,2018-11-29,57.88999938964844,59.04999923706055,57.77000045776367,58.11000061035156,48.22443389892578,26949000
QCOM,2018-11-30,58.220001220703125,58.470001220703125,57.02000045776367,58.2599983215332,48.34891891479492,18197800
QCOM,2018-12-03,60.5099983215332,60.5099983215332,58.400001525878906,59.13999938964844,49.079219818115234,17114500
QCOM,2018-12-04,58.9900016784668,59.47999954223633,57.220001220703125,57.72999954223633,47.909080505371094,15836500
QCOM,2018-12-06,56.0099983215332,57.209999084472656,55.689998626708984,57.11000061035156,47.909080505371094,18203300
QCOM,2018-12-07,56.61000061035156,57.119998931884766,55.72999954223633,55.9900016784668,46.96952438354492,17054700
QCOM,2018-12-10,57.77000045776367,58.25,56.63999938964844,57.2400016784668,48.01813507080078,20484900
QCOM,2018-12-11,58.45000076293945,58.65999984741211,56.83000183105469,57.349998474121094,48.11042404174805,13116300
QCOM,2018-12-12,58.439998626708984,58.58000183105469,57.529998779296875,57.720001220703125,48.42081069946289,13246500
QCOM,2018-12-13,58.13999938964844,58.380001068115234,57.560001373291016,58.09000015258789,48.731201171875,8949900
QCOM,2018-12-14,57.560001373291016,59.0,57.36000061035156,57.619998931884766,48.3369140625,13551000
QCOM,2018-12-17,57.59000015258789,58.34000015258789,56.66999816894531,57.0,47.81679916381836,16648200
QCOM,2018-12-18,57.689998626708984,58.540000915527344,57.400001525878906,57.779998779296875,48.471126556396484,12384200
QCOM,2018-12-19,57.540000915527344,58.5,56.060001373291016,56.689998626708984,47.55674743652344,17376400
QCOM,2018-12-20,57.220001220703125,57.939998626708984,56.060001373291016,56.369998931884766,47.288299560546875,21742300
QCOM,2018-12-21,56.2599983215332,57.279998779296875,54.689998626708984,54.849998474121094,46.013187408447266,38202300
QCOM,2018-12-24,53.70000076293945,54.88999938964844,53.56999969482422,53.650001525878906,45.00651168823242,8275000
QCOM,2018-12-26,54.25,56.0,53.5099983215332,55.959999084472656,46.944358825683594,18451600
QCOM,2018-12-27,55.540000915527344,56.38999938964844,54.77000045776367,56.09000015258789,47.05341720581055,15804800
QCOM,2018-12-28,56.33000183105469,57.529998779296875,56.2400016784668,56.810001373291016,47.65740966796875,12749600
QCOM,2018-12-31,57.119998931884766,57.40999984741211,56.279998779296875,56.90999984741211,47.74131393432617,8877000
QCOM,2019-01-02,56.20000076293945,58.0,55.91999816894531,57.400001525878906,48.15235900878906,9896600
QCOM,2019-01-03,55.95000076293945,56.84000015258789,55.52000045776367,55.70000076293945,46.72624588012695,14422200
QCOM,2019-01-04,56.5,56.83000183105469,55.209999084472656,56.599998474121094,47.481239318847656,14177300
QCOM,2019-01-07,56.38999938964844,57.15999984741211,55.95000076293945,56.439998626708984,47.34701919555664,12352000
QCOM,2019-01-08,56.709999084472656,56.880001068115234,55.61000061035156,55.95000076293945,46.93596267700195,12110000
QCOM,2019-01-09,56.2599983215332,57.11000061035156,56.13999938964844,56.61000061035156,47.48964309692383,10971000
QCOM,2019-01-10,56.189998626708984,56.9900016784668,56.099998474121094,56.79999923706055,47.64901351928711,10958200
QCOM,2019-01-11,56.470001220703125,58.16999816894531,56.33000183105469,57.5,48.23625183105469,12024300
QCOM,2019-01-14,57.02000045776367,57.650001525878906,56.369998931884766,57.29999923706055,48.06846618652344,9449400
QCOM,2019-01-15,57.31999969482422,57.400001525878906,55.560001373291016,55.72999954223633,46.75141143798828,17423400
QCOM,2019-01-16,55.75,56.08000183105469,55.15999984741211,55.27000045776367,46.36552047729492,13856000
QCOM,2019-01-17,54.970001220703125,55.20000076293945,54.369998931884766,54.77000045776367,45.94607925415039,18365000
QCOM,2019-01-18,55.38999938964844,55.900001525878906,54.9900016784668,55.27000045776367,46.36552047729492,28020000
QCOM,2019-01-22,54.970001220703125,54.9900016784668,53.939998626708984,54.290000915527344,45.54341506958008,17867500
QCOM,2019-01-23,52.91999816894531,53.56999969482422,51.220001220703125,51.77000045776367,43.429405212402344,33788600
QCOM,2019-01-24,51.95000076293945,51.97999954223633,50.40999984741211,50.810001373291016,42.624061584472656,32782700
QCOM,2019-01-25,50.93000030517578,52.029998779296875,50.279998779296875,51.29999923706055,43.035118103027344,19516200
QCOM,2019-01-28,50.31999969482422,51.290000915527344,50.2400016784668,50.63999938964844,42.4814567565918,24457600
QCOM,2019-01-29,50.4900016784668,50.84000015258789,49.34000015258789,49.400001525878906,41.44123458862305,26266600
QCOM,2019-01-30,49.68000030517578,50.869998931884766,49.209999084472656,50.16999816894531,42.08717727661133,18124100
QCOM,2019-01-31,51.20000076293945,51.279998779296875,49.099998474121094,49.52000045776367,41.541893005371094,24736300
QCOM,2019-02-01,49.58000183105469,50.279998779296875,49.400001525878906,49.61000061035156,41.61738967895508,15533200
QCOM,2019-02-04,49.709999084472656,49.79999923706055,49.470001220703125,49.689998626708984,41.68450164794922,10880000
QCOM,2019-02-05,49.72999954223633,51.08000183105469,49.720001220703125,50.72999954223633,42.556949615478516,15454200
QCOM,2019-02-06,50.939998626708984,51.63999938964844,50.93000030517578,51.099998474121094,42.86732864379883,11052900
QCOM,2019-02-07,50.83000183105469,51.119998931884766,50.27000045776367,50.54999923706055,42.40594482421875,10623300
QCOM,2019-02-08,50.2400016784668,50.68000030517578,49.90999984741211,50.290000915527344,42.18783950805664,12461200
QCOM,2019-02-11,50.54999923706055,51.29999923706055,50.380001068115234,50.83000183105469,42.64084243774414,9971800
QCOM,2019-02-12,51.29999923706055,52.18000030517578,51.02000045776367,51.65999984741211,43.33711242675781,16637600
QCOM,2019-02-13,52.0,52.4900016784668,51.560001373291016,51.59000015258789,43.27840042114258,11004000
QCOM,2019-02-14,51.5,51.77000045776367,51.09000015258789,51.56999969482422,43.261627197265625,17895000
QCOM,2019-02-15,52.08000183105469,52.36000061035156,51.599998474121094,51.97999954223633,43.60556411743164,12239500
QCOM,2019-02-19,52.0,52.47999954223633,51.75,52.0099983215332,43.6307373046875,8258400
QCOM,2019-02-20,52.25,52.91999816894531,52.13999938964844,52.45000076293945,43.99986267089844,12863700
QCOM,2019-02-21,52.5,52.59000015258789,51.900001525878906,52.349998474121094,43.91596221923828,7826200
QCOM,2019-02-22,52.689998626708984,53.150001525878906,52.63999938964844,53.119998931884766,44.56190872192383,13394500
QCOM,2019-02-25,53.779998779296875,53.970001220703125,52.900001525878906,52.9900016784668,44.45285415649414,15341700
QCOM,2019-02-26,53.08000183105469,53.220001220703125,52.279998779296875,53.029998779296875,44.48640060424805,11366700
QCOM,2019-02-27,52.95000076293945,53.130001068115234,52.27000045776367,53.040000915527344,44.494808197021484,10426200
QCOM,2019-02-28,53.0,53.7599983215332,52.709999084472656,53.38999938964844,44.78841781616211,19000200
QCOM,2019-03-01,54.0,54.400001525878906,53.709999084472656,54.20000076293945,45.467891693115234,12659000
QCOM,2019-03-04,54.58000183105469,54.70000076293945,53.2599983215332,53.779998779296875,45.115570068359375,14021700
QCOM,2019-03-05,53.900001525878906,54.22999954223633,53.70000076293945,53.939998626708984,45.24980163574219,10092800
QCOM,2019-03-06,53.88999938964844,55.459999084472656,53.72999954223633,54.79999923706055,46.505794525146484,20521300
QCOM,2019-03-07,54.83000183105469,55.04999923706055,53.61000061035156,54.029998779296875,45.85232162475586,13667300
QCOM,2019-03-08,53.45000076293945,53.630001068115234,53.029998779296875,53.529998779296875,45.42799758911133,10117100
QCOM,2019-03-11,53.720001220703125,54.75,53.650001525878906,54.349998474121094,46.123905181884766,10738800
QCOM,2019-03-12,54.65999984741211,55.310001373291016,54.540000915527344,54.84000015258789,46.53974151611328,9575300
QCOM,2019-03-13,55.029998779296875,55.939998626708984,55.0,55.38999938964844,47.00648880004883,9198900
QCOM,2019-03-14,55.529998779296875,55.869998931884766,55.25,55.400001525878906,47.01496505737305,7306100
QCOM,2019-03-15,55.0,57.34000015258789,54.91999816894531,56.599998474121094,48.033355712890625,27985600
QCOM,2019-03-18,56.619998931884766,57.189998626708984,56.439998626708984,56.83000183105469,48.22854995727539,13089300
QCOM,2019-03-19,57.16999816894531,57.68000030517578,56.779998779296875,56.970001220703125,48.34735870361328,9363700
QCOM,2019-03-20,57.029998779296875,57.689998626708984,56.75,57.15999984741211,48.50859451293945,8804800
QCOM,2019-03-21,57.22999954223633,58.279998779296875,57.20000076293945,57.77000045776367,49.026268005371094,19542700
QCOM,2019-03-22,57.68000030517578,58.09000015258789,56.75,56.81999969482422,48.22005844116211,10243500
QCOM,2019-03-25,56.58000183105469,56.939998626708984,56.06999969482422,56.63999938964844,48.067298889160156,6929600
QCOM,2019-03-26,57.150001525878906,58.38999938964844,56.66999816894531,58.0,49.221466064453125,16051800
QCOM,2019-03-27,57.349998474121094,57.66999816894531,56.31999969482422,56.90999984741211,48.29643630981445,11934400
QCOM,2019-03-28,57.029998779296875,57.38999938964844,56.34000015258789,56.54999923706055,47.99092483520508,11064300
QCOM,2019-03-29,57.0,57.560001373291016,56.939998626708984,57.029998779296875,48.39827346801758,8529100
QCOM,2019-04-01,57.63999938964844,58.150001525878906,57.11000061035156,57.810001373291016,49.06021499633789,12066500
QCOM,2019-04-02,57.97999954223633,58.529998779296875,57.65999984741211,58.09000015258789,49.2978401184082,7614500
QCOM,2019-04-03,58.20000076293945,58.290000915527344,57.18000030517578,57.68000030517578,48.949893951416016,11563400
QCOM,2019-04-04,57.75,58.61000061035156,57.689998626708984,57.86000061035156,49.1026496887207,9905100
QCOM,2019-04-05,57.97999954223633,58.189998626708984,57.689998626708984,57.9900016784668,49.212974548339844,12332600
QCOM,2019-04-08,57.790000915527344,58.4900016784668,57.5099983215332,57.7599983215332,49.01777648925781,8942400
QCOM,2019-04-09,57.56999969482422,57.65999984741211,57.029998779296875,57.439998626708984,48.746212005615234,11713400
QCOM,2019-04-10,57.709999084472656,57.86000061035156,56.099998474121094,56.33000183105469,47.804222106933594,15976500
QCOM,2019-04-11,56.439998626708984,56.900001525878906,55.790000915527344,55.900001525878906,47.43930435180664,13903800
QCOM,2019-04-12,56.279998779296875,57.16999816894531,56.06999969482422,56.95000076293945,48.33038330078125,13483500
QCOM,2019-04-15,57.13999938964844,57.66999816894531,57.029998779296875,57.18000030517578,48.52556610107422,10712500
QCOM,2019-04-16,57.459999084472656,71.02999877929688,57.290000915527344,70.44999694824219,59.7870979309082,86755900
QCOM,2019-04-17,78.81999969482422,82.5199966430664,76.48999786376953,79.08000183105469,67.11091613769531,156019300
QCOM,2019-04-18,78.72000122070312,80.19999694824219,78.0199966430664,79.88999938964844,67.7983169555664,41621200
QCOM,2019-04-22,79.83000183105469,82.5,79.33999633789062,81.97000122070312,69.5634994506836,33292500
QCOM,2019-04-23,83.9000015258789,87.95999908447266,83.2699966430664,86.72000122070312,73.59457397460938,56973700
QCOM,2019-04-24,87.04000091552734,88.62999725341797,85.30000305175781,86.83000183105469,73.68793487548828,40290400
QCOM,2019-04-25,86.16999816894531,86.31999969482422,84.5199966430664,85.06999969482422,72.19429016113281,20732200
QCOM,2019-04-26,84.51000213623047,86.76000213623047,84.20999908447266,86.63999938964844,73.52667236328125,18860600
QCOM,2019-04-29,86.4000015258789,87.9800033569336,85.83999633789062,87.25,74.04434967041016,17930000
QCOM,2019-04-30,86.9800033569336,87.45999908447266,86.05000305175781,86.12999725341797,73.09385681152344,17582400
QCOM,2019-05-01,87.16999816894531,88.22000122070312,86.1500015258789,86.37000274658203,73.29756164550781,28211500
QCOM,2019-05-02,87.5,90.33999633789062,86.1500015258789,87.13999938964844,73.95100402832031,40342000
QCOM,2019-05-03,87.76000213623047,89.81999969482422,87.05999755859375,89.29000091552734,75.77557373046875,21068400
QCOM,2019-05-06,86.33000183105469,88.69999694824219,86.13999938964844,88.25,74.89298248291016,15682100
QCOM,2019-05-07,87.19999694824219,88.1500015258789,84.77999877929688,85.19999694824219,72.30463409423828,21579500
QCOM,2019-05-08,84.8499984741211,85.72000122070312,84.11000061035156,84.54000091552734,71.7445297241211,15500700
QCOM,2019-05-09,83.37000274658203,84.83999633789062,82.26000213623047,83.77999877929688,71.09954833984375,14516000
QCOM,2019-05-10,83.37999725341797,86.33000183105469,83.3499984741211,85.83999633789062,72.84774780273438,15955600
QCOM,2019-05-13,83.23999786376953,84.8499984741211,82.98999786376953,83.88999938964844,71.19291687011719,16689000
QCOM,2019-05-14,84.2699966430664,86.44000244140625,84.0,86.12999725341797,73.09385681152344,14353700
QCOM,2019-05-15,85.55000305175781,87.0,84.88999938964844,86.26000213623047,73.20418548583984,11784800
QCOM,2019-05-16,83.79000091552734,84.80000305175781,82.12999725341797,82.80999755859375,70.27635955810547,22498800
QCOM,2019-05-17,80.48999786376953,83.12000274658203,80.0,81.5,69.16463470458984,19523400
QCOM,2019-05-20,77.94999694824219,78.33000183105469,76.06999969482422,76.62000274658203,65.02324676513672,32679300
QCOM,2019-05-21,78.91000366210938,79.04000091552734,77.22000122070312,77.75,65.98223876953125,17282200
QCOM,2019-05-22,69.12999725341797,71.73999786376953,67.97000122070312,69.30999755859375,58.81963348388672,66150700
QCOM,2019-05-23,67.0199966430664,68.2699966430664,65.9000015258789,68.26000213623047,57.928565979003906,31820700
QCOM,2019-05-24,68.93000030517578,69.1500015258789,65.97000122070312,66.20999908447266,56.18883514404297,21420000
QCOM,2019-05-28,66.63999938964844,67.70999908447266,65.23999786376953,65.37000274658203,55.475975036621094,22667300
QCOM,2019-05-29,65.36000061035156,66.1500015258789,64.76000213623047,65.76000213623047,55.80695343017578,16312600
QCOM,2019-05-30,65.97000122070312,67.06999969482422,65.93000030517578,66.58999633789062,56.511314392089844,11554600
QCOM,2019-05-31,65.77999877929688,67.83999633789062,65.52999877929688,66.81999969482422,56.706512451171875,15060300
QCOM,2019-06-03,67.08999633789062,68.12999725341797,66.27999877929688,66.66000366210938,56.57073974609375,13620700
QCOM,2019-06-04,67.61000061035156,68.5,66.69999694824219,68.44999694824219,58.089805603027344,15866700
QCOM,2019-06-05,68.04000091552734,68.33000183105469,65.83000183105469,67.0199966430664,57.39611053466797,11779200
QCOM,2019-06-06,66.91999816894531,67.97000122070312,66.2699966430664,67.58999633789062,57.88427734375,10781700
QCOM,2019-06-07,67.69000244140625,68.77999877929688,67.30000305175781,68.69000244140625,58.8263053894043,10495600
QCOM,2019-06-10,69.0,71.45999908447266,69.0,70.54000091552734,60.41067123413086,15229200
QCOM,2019-06-11,71.58000183105469,72.22000122070312,70.2699966430664,71.23999786376953,61.010128021240234,11839500
QCOM,2019-06-12,69.52999877929688,70.37000274658203,69.19999694824219,69.58999633789062,59.59709167480469,9396200
QCOM,2019-06-13,69.97000122070312,70.48999786376953,69.37999725341797,69.93000030517578,59.88825988769531,6790500
QCOM,2019-06-14,68.3499984741211,69.12000274658203,67.9000015258789,68.72000122070312,58.85199737548828,12119500
QCOM,2019-06-17,69.08999633789062,69.9800033569336,68.9000015258789,69.11000061035156,59.186004638671875,9411100
QCOM,2019-06-18,69.69000244140625,72.38999938964844,69.66999816894531,71.95999908447266,61.626731872558594,14508000
QCOM,2019-06-19,72.37000274658203,72.62000274658203,70.80000305175781,71.80000305175781,61.48972702026367,11999300
QCOM,2019-06-20,73.19000244140625,73.66999816894531,72.2300033569336,72.73999786376953,62.294742584228516,9871800
QCOM,2019-06-21,72.30999755859375,73.16999816894531,72.30999755859375,72.72000122070312,62.27760696411133,15244500
QCOM,2019-06-24,72.97000122070312,73.44999694824219,72.19999694824219,73.16000366210938,62.65443420410156,8893000
QCOM,2019-06-25,73.2300033569336,74.13999938964844,72.5199966430664,72.55000305175781,62.132041931152344,8953400
QCOM,2019-06-26,73.76000213623047,75.69000244140625,73.6500015258789,74.94999694824219,64.18740844726562,13808000
QCOM,2019-06-27,75.33999633789062,75.9000015258789,75.16999816894531,75.43000030517578,64.59846496582031,11151900
QCOM,2019-06-28,75.66000366210938,76.44000244140625,74.80999755859375,76.06999969482422,65.14656829833984,29217500
QCOM,2019-07-01,80.66999816894531,80.76000213623047,77.08000183105469,77.5199966430664,66.38834381103516,17693000
QCOM,2019-07-02,77.27999877929688,77.4800033569336,76.62000274658203,77.01000213623047,65.95159149169922,7075600
QCOM,2019-07-03,77.06999969482422,77.2300033569336,76.05000305175781,76.62999725341797,65.62615203857422,5290400
QCOM,2019-07-05,74.19999694824219,76.72000122070312,74.0999984741211,76.66000366210938,65.65184783935547,9220800
QCOM,2019-07-08,75.9800033569336,77.02999877929688,75.93000030517578,76.62999725341797,65.62615203857422,7924900
QCOM,2019-07-09,76.44000244140625,76.83999633789062,75.83999633789062,76.55000305175781,65.5576400756836,7506500
QCOM,2019-07-10,76.83000183105469,76.91000366210938,74.08000183105469,74.36000061035156,63.68210983276367,15075700
QCOM,2019-07-11,74.5199966430664,75.77999877929688,73.30000305175781,73.70999908447266,63.12544631958008,14298400
QCOM,2019-07-12,74.25,74.9800033569336,73.66000366210938,74.9000015258789,64.14459991455078,8028100
QCOM,2019-07-15,75.1500015258789,75.9000015258789,74.79000091552734,75.43000030517578,64.59846496582031,8898200
QCOM,2019-07-16,75.11000061035156,76.5,74.55000305175781,75.66999816894531,64.80399322509766,9909600
QCOM,2019-07-17,78.56999969482422,79.4000015258789,75.70999908447266,75.76000213623047,64.88108825683594,20602300
QCOM,2019-07-18,74.97000122070312,75.3499984741211,74.05000305175781,74.37000274658203,63.690670013427734,12580800
QCOM,2019-07-19,74.41999816894531,75.70999908447266,74.41999816894531,75.0,64.230224609375,14477400
QCOM,2019-07-22,75.05999755859375,76.62000274658203,75.05999755859375,75.94999694824219,65.0438003540039,9645800
QCOM,2019-07-23,75.33999633789062,75.58999633789062,73.30999755859375,74.12000274658203,63.476593017578125,14420400
QCOM,2019-07-24,74.01000213623047,76.41999816894531,73.68000030517578,75.87000274658203,64.97529602050781,14012700
QCOM,2019-07-25,75.83999633789062,76.13999938964844,75.0999984741211,75.3499984741211,64.52995300292969,7299500
QCOM,2019-07-26,75.11000061035156,75.8499984741211,74.8499984741211,75.22000122070312,64.41860961914062,8262500
QCOM,2019-07-29,75.16000366210938,76.31999969482422,74.66999816894531,74.97000122070312,64.20453643798828,8237500
QCOM,2019-07-30,74.58000183105469,75.06999969482422,74.36000061035156,74.80999755859375,64.06749725341797,7397900
QCOM,2019-07-31,74.83000183105469,75.27999877929688,72.76000213623047,73.16000366210938,62.65443420410156,14052800
QCOM,2019-08-01,68.87999725341797,73.70999908447266,68.25,71.19999694824219,60.97587966918945,29729800
QCOM,2019-08-02,70.44000244140625,71.52999877929688,70.01000213623047,71.1500015258789,60.933074951171875,12649400
QCOM,2019-08-05,69.97000122070312,70.83999633789062,68.55999755859375,68.80000305175781,58.9205322265625,13071800
QCOM,2019-08-06,69.5199966430664,69.93000030517578,67.37999725341797,68.16999816894531,58.38097381591797,13189900
QCOM,2019-08-07,67.26000213623047,69.5999984741211,67.12000274658203,69.4000015258789,59.43435287475586,8934900
QCOM,2019-08-08,69.55999755859375,71.3499984741211,69.3499984741211,71.26000213623047,61.027286529541016,8367900
QCOM,2019-08-09,70.51000213623047,72.19000244140625,70.19000244140625,71.5,61.23283386230469,8702200
QCOM,2019-08-12,71.0,71.4800033569336,69.7300033569336,69.80000305175781,59.77691650390625,7364300
QCOM,2019-08-13,69.88999938964844,72.47000122070312,69.30999755859375,72.18000030517578,61.81516647338867,10134800
QCOM,2019-08-14,70.63999938964844,71.88999938964844,70.55000305175781,70.87999725341797,60.70182800292969,10336900
QCOM,2019-08-15,71.44000244140625,72.19000244140625,70.58999633789062,71.16000366210938,60.94163131713867,9107000
QCOM,2019-08-16,71.8499984741211,73.41000366210938,71.7300033569336,73.27999877929688,62.757198333740234,10090600
QCOM,2019-08-19,74.58000183105469,75.52999877929688,74.13999938964844,74.87000274658203,64.11885833740234,9688400
QCOM,2019-08-20,74.56999969482422,76.44000244140625,74.33000183105469,76.06999969482422,65.14656829833984,9387300
QCOM,2019-08-21,76.5,77.19000244140625,75.98999786376953,76.69999694824219,65.68609619140625,11004100
QCOM,2019-08-22,76.91000366210938,77.94999694824219,76.5999984741211,77.1500015258789,66.07147979736328,7198800
QCOM,2019-08-23,76.12000274658203,79.0999984741211,73.22000122070312,73.5199966430664,62.96272659301758,16479400
QCOM,2019-08-26,74.9000015258789,75.08999633789062,72.5199966430664,72.91000366210938,62.44032287597656,11153800
QCOM,2019-08-27,73.68000030517578,74.37999725341797,73.19999694824219,73.97000122070312,63.34811782836914,7303100
QCOM,2019-08-28,73.79000091552734,74.87999725341797,72.91000366210938,74.3499984741211,63.67355728149414,5678500
QCOM,2019-08-29,75.22000122070312,77.02999877929688,75.22000122070312,76.44999694824219,65.47200775146484,7348400
QCOM,2019-08-30,77.18000030517578,78.05000305175781,77.0,77.7699966430664,66.60244750976562,8465300
QCOM,2019-09-03,76.7699966430664,76.98999786376953,74.69999694824219,75.12000274658203,64.33300018310547,7580700
QCOM,2019-09-04,75.98999786376953,77.12000274658203,75.62999725341797,77.08999633789062,66.02011108398438,4923700
QCOM,2019-09-05,77.88999938964844,80.44000244140625,77.88999938964844,78.98999786376953,67.64727020263672,13480300
QCOM,2019-09-06,78.95999908447266,79.08000183105469,78.44000244140625,78.83999633789062,67.51879119873047,5128000
QCOM,2019-09-09,79.04000091552734,79.44999694824219,77.97000122070312,78.20999908447266,66.97926330566406,6885100
QCOM,2019-09-10,78.02999877929688,78.87999725341797,77.33999633789062,78.70999908447266,67.40747833251953,9373900
QCOM,2019-09-11,78.16999816894531,79.91000366210938,78.12000274658203,79.9000015258789,68.96987915039062,6575700
QCOM,2019-09-12,80.05000305175781,80.05000305175781,78.58000183105469,79.08000183105469,68.26203918457031,5847100
QCOM,2019-09-13,79.18000030517578,79.54000091552734,78.37000274658203,78.41000366210938,67.6837158203125,5343700
QCOM,2019-09-16,77.58000183105469,78.48999786376953,76.91000366210938,78.04000091552734,67.36431121826172,3756500
QCOM,2019-09-17,77.61000061035156,78.79000091552734,77.51000213623047,78.69000244140625,67.92539978027344,4400800
QCOM,2019-09-18,78.69000244140625,79.06999969482422,77.63999938964844,78.9000015258789,68.1066665649414,5147500
QCOM,2019-09-19,79.23999786376953,80.0,78.20999908447266,78.2300033569336,67.5283203125,5180900
QCOM,2019-09-20,78.19999694824219,78.69999694824219,76.16999816894531,76.44000244140625,65.9831771850586,9122000
QCOM,2019-09-23,76.66999816894531,77.91000366210938,76.05999755859375,77.23999786376953,66.67373657226562,5815700
QCOM,2019-09-24,78.08000183105469,78.30000305175781,74.62999725341797,75.2300033569336,64.938720703125,10177800
QCOM,2019-09-25,75.02999877929688,77.48999786376953,74.87999725341797,77.26000213623047,66.6910171508789,5571600
QCOM,2019-09-26,77.16000366210938,77.69000244140625,75.94000244140625,77.3499984741211,66.76868438720703,3760300
QCOM,2019-09-27,77.01000213623047,78.19999694824219,76.20999908447266,76.62999725341797,66.14718627929688,5013200
QCOM,2019-09-30,76.88999938964844,76.94999694824219,76.0199966430664,76.27999877929688,65.8450698852539,4775800
QCOM,2019-10-01,77.05999755859375,78.05999755859375,74.97000122070312,75.47000122070312,65.14588165283203,7043700
QCOM,2019-10-02,75.26000213623047,75.70999908447266,73.7699966430664,73.98999786376953,63.86833190917969,5997500
QCOM,2019-10-03,73.93000030517578,75.83000183105469,73.16000366210938,75.7300033569336,65.37029266357422,5419400
QCOM,2019-10-04,76.31999969482422,77.55999755859375,75.83999633789062,77.48999786376953,66.88951873779297,4893600
QCOM,2019-10-07,77.01000213623047,77.55000305175781,76.2699966430664,76.33999633789062,65.89686584472656,4215500
QCOM,2019-10-08,75.5199966430664,75.81999969482422,72.80999755859375,72.8499984741211,62.884273529052734,8489600
QCOM,2019-10-09,73.91000366210938,74.80000305175781,73.55999755859375,74.3499984741211,64.17909240722656,5137500
QCOM,2019-10-10,74.3499984741211,75.97000122070312,74.16999816894531,74.97000122070312,64.71427154541016,5580600
QCOM,2019-10-11,76.19000244140625,77.81999969482422,76.01000213623047,76.69999694824219,66.20759582519531,7280800
QCOM,2019-10-14,76.6500015258789,77.37000274658203,76.27999877929688,76.30000305175781,65.86233520507812,4545300
QCOM,2019-10-15,76.87999725341797,77.9800033569336,76.27999877929688,77.81999969482422,67.17442321777344,5222500
QCOM,2019-10-16,77.48999786376953,78.31999969482422,77.27999877929688,78.2300033569336,67.5283203125,6218000
QCOM,2019-10-17,78.69999694824219,79.95999908447266,78.4000015258789,78.97000122070312,68.16709899902344,5916700
QCOM,2019-10-18,78.62000274658203,79.22000122070312,77.66999816894531,77.68000030517578,67.05355834960938,6107000
QCOM,2019-10-21,78.37999725341797,79.08999633789062,78.01000213623047,78.9800033569336,68.17571258544922,5119800
QCOM,2019-10-22,78.93000030517578,79.06999969482422,78.23999786376953,78.47000122070312,67.73548889160156,4944500
QCOM,2019-10-23,77.20999908447266,78.12999725341797,76.87000274658203,77.23999786376953,66.67373657226562,5785700
QCOM,2019-10-24,78.05999755859375,79.0199966430664,77.58999633789062,78.98999786376953,68.1843490600586,5271200
QCOM,2019-10-25,79.0,80.2300033569336,78.91000366210938,80.16999816894531,69.20293426513672,6712300
QCOM,2019-10-28,80.55000305175781,83.12999725341797,80.54000091552734,83.05000305175781,71.68896484375,9949800
QCOM,2019-10-29,82.75,82.8499984741211,81.44000244140625,81.66000366210938,70.48910522460938,4993600
QCOM,2019-10-30,82.0999984741211,82.25,80.8499984741211,81.44000244140625,70.29920196533203,3971000
QCOM,2019-10-31,81.44000244140625,81.47000122070312,79.83999633789062,80.44000244140625,69.43599700927734,5693700
QCOM,2019-11-01,81.58999633789062,83.6500015258789,81.25,83.58000183105469,72.14644622802734,8620300
QCOM,2019-11-04,84.54000091552734,85.87000274658203,84.30999755859375,85.08999633789062,73.44988250732422,8389200
QCOM,2019-11-05,85.19999694824219,85.73999786376953,84.7300033569336,85.45999908447266,73.76925659179688,7280000
QCOM,2019-11-06,85.33999633789062,85.61000061035156,84.22000122070312,84.62999725341797,73.05281829833984,9755300
QCOM,2019-11-07,89.83000183105469,92.5,88.31999969482422,89.9800033569336,77.67095947265625,30254000
QCOM,2019-11-08,89.9800033569336,94.11000061035156,89.5999984741211,94.02999877929688,81.1668930053711,16371300
QCOM,2019-11-11,91.70999908447266,92.5199966430664,90.88999938964844,91.83999633789062,79.27650451660156,11297700
QCOM,2019-11-12,92.18000030517578,92.25,90.16999816894531,90.97000122070312,78.5255126953125,9332100
QCOM,2019-11-13,90.69999694824219,91.9000015258789,89.62000274658203,90.47000122070312,78.09390258789062,9353200
QCOM,2019-11-14,90.30999755859375,90.58000183105469,89.43000030517578,90.4800033569336,78.10253143310547,8793600
QCOM,2019-11-15,92.5999984741211,93.94000244140625,90.58000183105469,90.80999755859375,78.38739013671875,25490200
QCOM,2019-11-18,90.80999755859375,91.9800033569336,89.27999877929688,90.4800033569336,78.10253143310547,10360500
QCOM,2019-11-19,91.25,91.38999938964844,86.68000030517578,87.95999908447266,75.92727661132812,18091300
QCOM,2019-11-20,87.81999969482422,88.36000061035156,85.30999755859375,85.62000274658203,73.9073715209961,13045100
QCOM,2019-11-21,84.79000091552734,86.30000305175781,84.55000305175781,85.11000061035156,73.4671401977539,10180400
QCOM,2019-11-22,85.29000091552734,85.81999969482422,84.52999877929688,84.88999938964844,73.27723693847656,6166700
QCOM,2019-11-25,85.76000213623047,86.29000091552734,85.08000183105469,85.29000091552734,73.62252044677734,8964100
QCOM,2019-11-26,85.25,85.55000305175781,84.13999938964844,84.62999725341797,73.05281829833984,11584500
QCOM,2019-11-27,85.16000366210938,85.30999755859375,84.47000122070312,84.80000305175781,73.19953918457031,5215000
QCOM,2019-11-29,84.51000213623047,85.0999984741211,83.41999816894531,83.55000305175781,72.12055206298828,3882400
QCOM,2019-12-02,83.9800033569336,84.29000091552734,82.30999755859375,82.44999694824219,71.1710433959961,7668800
QCOM,2019-12-03,81.37999725341797,81.38999938964844,79.80999755859375,80.58000183105469,69.55684661865234,11126100
QCOM,2019-12-04,80.91999816894531,82.44000244140625,80.44999694824219,82.08000183105469,71.40103912353516,8477400
QCOM,2019-12-05,82.6500015258789,83.44000244140625,81.77999877929688,82.58999633789062,71.84467315673828,6358300
QCOM,2019-12-06,83.44999694824219,84.25,83.41999816894531,83.81999969482422,72.91465759277344,6860400
QCOM,2019-12-09,84.0,85.30000305175781,83.83999633789062,84.91999816894531,73.87152099609375,8382900
QCOM,2019-12-10,85.04000091552734,85.33000183105469,83.69000244140625,84.12000274658203,73.17560577392578,8082200
QCOM,2019-12-11,84.83999633789062,87.0999984741211,84.76000213623047,86.98999786376953,75.67220306396484,9571500
QCOM,2019-12-12,86.83999633789062,89.2300033569336,86.37000274658203,89.05000305175781,77.4642105102539,12164600
QCOM,2019-12-13,88.91000366210938,89.69999694824219,87.55999755859375,87.83000183105469,76.40290832519531,12269100
QCOM,2019-12-16,89.27999877929688,90.45999908447266,88.3499984741211,88.43000030517578,76.92486572265625,8719100
QCOM,2019-12-17,89.0,89.04000091552734,87.68000030517578,88.31999969482422,76.82917022705078,7485900
QCOM,2019-12-18,88.54000091552734,88.6500015258789,87.58999633789062,87.9800033569336,76.53340148925781,5860600
QCOM,2019-12-19,88.36000061035156,88.69999694824219,87.62000274658203,88.48999786376953,76.97703552246094,7471400
QCOM,2019-12-20,88.81999969482422,89.8499984741211,88.18000030517578,88.8499984741211,77.29019927978516,17538000
QCOM,2019-12-23,89.01000213623047,89.33000183105469,88.25,88.44999694824219,76.94225311279297,7274700
QCOM,2019-12-24,88.62000274658203,88.80999755859375,87.9800033569336,88.7699966430664,77.22061157226562,2435200
QCOM,2019-12-26,88.91999816894531,88.95999908447266,88.0,88.4000015258789,76.89876556396484,5070000
QCOM,2019-12-27,88.9000015258789,88.94999694824219,88.08999633789062,88.80000305175781,77.2467269897461,5808900
QCOM,2019-12-30,88.70999908447266,88.77999877929688,87.30999755859375,88.43000030517578,76.92486572265625,6543100
QCOM,2019-12-31,87.98999786376953,88.7699966430664,87.87999725341797,88.2300033569336,76.75088500976562,5173400
QCOM,2020-01-02,89.05000305175781,89.80999755859375,88.08000183105469,88.69000244140625,77.15106201171875,8413900
QCOM,2020-01-03,87.26000213623047,87.63999938964844,86.44000244140625,87.0199966430664,75.69829559326172,8340300
QCOM,2020-01-06,85.91000366210938,86.55000305175781,85.54000091552734,86.51000213623047,75.2546615600586,8381400
QCOM,2020-01-07,87.04000091552734,89.48999786376953,86.91000366210938,88.97000122070312,77.39459991455078,8377400
QCOM,2020-01-08,88.9000015258789,89.47000122070312,87.91999816894531,88.70999908447266,77.16842651367188,7619900
QCOM,2020-01-09,89.66000366210938,90.72000122070312,88.83000183105469,89.91000366210938,78.21231079101562,9155500
QCOM,2020-01-10,90.51000213623047,92.38999938964844,89.87000274658203,90.26000213623047,78.51675415039062,9668300
QCOM,2020-01-13,91.05000305175781,92.7300033569336,90.55000305175781,90.97000122070312,79.13439178466797,10367800
QCOM,2020-01-14,91.12999725341797,91.61000061035156,90.29000091552734,90.55999755859375,78.7777328491211,7800100
QCOM,2020-01-15,90.75,91.18000030517578,89.25,89.66999816894531,78.0035171508789,7259100
QCOM,2020-01-16,90.22000122070312,92.2300033569336,89.81999969482422,91.79000091552734,79.84772491455078,9295500
QCOM,2020-01-17,93.0,96.16999816894531,92.94999694824219,95.91000366210938,83.43167877197266,23694400
QCOM,2020-01-21,95.33000183105469,95.72000122070312,93.41999816894531,94.54000091552734,82.23992156982422,10868500
QCOM,2020-01-22,95.26000213623047,95.38999938964844,92.70999908447266,92.97000122070312,80.87418365478516,8342300
QCOM,2020-01-23,92.8499984741211,92.94999694824219,91.45999908447266,92.0,80.03036499023438,11282000
QCOM,2020-01-24,92.68000030517578,93.25,88.83000183105469,89.6500015258789,77.98613739013672,9471700
QCOM,2020-01-27,87.30000305175781,88.22000122070312,86.44999694824219,87.05000305175781,75.72441101074219,9240200
QCOM,2020-01-28,88.1500015258789,89.54000091552734,87.38999938964844,89.1500015258789,77.55117797851562,9187000
QCOM,2020-01-29,88.66000366210938,89.0199966430664,87.3499984741211,88.2300033569336,76.75088500976562,8158500
QCOM,2020-01-30,87.30999755859375,87.86000061035156,86.19000244140625,87.77999877929688,76.35941314697266,8379400
QCOM,2020-01-31,87.05000305175781,87.16999816894531,85.04000091552734,85.30999755859375,74.21080017089844,9503600
QCOM,2020-02-03,85.55000305175781,86.58000183105469,85.16000366210938,86.4800033569336,75.22855377197266,7792700
QCOM,2020-02-04,88.25,88.94999694824219,87.37000274658203,88.93000030517578,77.35983276367188,9236400
QCOM,2020-02-05,90.98999786376953,91.13999938964844,89.2699966430664,90.91000366210938,79.08221435546875,14220900
QCOM,2020-02-06,88.05999755859375,90.77999877929688,86.19000244140625,90.61000061035156,78.82123565673828,21059000
QCOM,2020-02-07,89.62000274658203,90.02999877929688,87.37999725341797,87.41999816894531,76.04625701904297,10725100
QCOM,2020-02-10,86.77999877929688,88.63999938964844,86.5,88.5999984741211,77.07271575927734,7481300
QCOM,2020-02-11,89.37000274658203,91.47000122070312,88.9000015258789,90.0,78.29056549072266,9452800
QCOM,2020-02-12,91.6500015258789,92.44000244140625,91.29000091552734,91.72000122070312,79.78681182861328,9824200
QCOM,2020-02-13,91.02999877929688,91.37999725341797,89.77999877929688,90.02999877929688,78.3166732788086,8428300
QCOM,2020-02-14,90.55000305175781,90.80000305175781,88.79000091552734,89.5999984741211,77.94264221191406,6256500
QCOM,2020-02-18,87.83000183105469,89.0,87.52999877929688,88.02999877929688,76.57689666748047,7248100
QCOM,2020-02-19,88.91999816894531,90.62000274658203,88.6500015258789,90.55999755859375,78.7777328491211,7820900
QCOM,2020-02-20,90.80999755859375,91.87999725341797,88.68000030517578,89.47000122070312,77.8295669555664,9754900
QCOM,2020-02-21,88.55999755859375,89.02999877929688,86.33000183105469,87.02999877929688,75.70701599121094,12257600
QCOM,2020-02-24,83.9000015258789,84.83000183105469,82.70999908447266,83.31999969482422,72.47969055175781,12158500
QCOM,2020-02-25,83.94000244140625,84.4000015258789,79.63999938964844,80.22000122070312,69.78302001953125,14725000
QCOM,2020-02-26,81.0,82.02999877929688,79.08999633789062,79.66000366210938,69.2958984375,13125000
QCOM,2020-02-27,77.12999725341797,78.19000244140625,75.33000183105469,75.94000244140625,66.05987548828125,17898300
QCOM,2020-02-28,73.76000213623047,79.80999755859375,73.33999633789062,78.30000305175781,68.11282348632812,20843300
QCOM,2020-03-02,79.0199966430664,80.70999908447266,77.12999725341797,80.55999755859375,70.07878112792969,15043400
QCOM,2020-03-03,80.81999969482422,82.6500015258789,77.83000183105469,78.55999755859375,68.3389892578125,16356200
QCOM,2020-03-04,79.12000274658203,81.91000366210938,78.05000305175781,81.80000305175781,71.7234878540039,9894900
QCOM,2020-03-05,79.45999908447266,81.37000274658203,78.69999694824219,79.16999816894531,69.41747283935547,9396200
QCOM,2020-03-06,76.33000183105469,78.08000183105469,75.83000183105469,77.47000122070312,67.92688751220703,11536500
QCOM,2020-03-09,72.4000015258789,76.0999984741211,71.83000183105469,72.63999938964844,63.691856384277344,13898500
QCOM,2020-03-10,74.80000305175781,79.04000091552734,74.16000366210938,78.88999938964844,69.17198181152344,13615600
QCOM,2020-03-11,76.29000091552734,77.79000091552734,73.72000122070312,74.62000274658203,65.42796325683594,13376500
QCOM,2020-03-12,69.5199966430664,72.52999877929688,67.0,67.0199966430664,58.76416778564453,19386200
QCOM,2020-03-13,71.18000030517578,76.66999816894531,67.26000213623047,75.80999755859375,66.47138977050781,15971400
QCOM,2020-03-16,68.27999877929688,71.16999816894531,64.45999908447266,64.4800033569336,56.53706359863281,16134700
QCOM,2020-03-17,65.91000366210938,69.80999755859375,62.20000076293945,68.86000061035156,60.37751007080078,16864500
QCOM,2020-03-18,63.560001373291016,65.55999755859375,58.0,61.189998626708984,53.6523323059082,18381200
QCOM,2020-03-19,61.119998931884766,67.55000305175781,59.040000915527344,65.0,56.99300003051758,17127400
QCOM,2020-03-20,65.02999877929688,67.9800033569336,60.790000915527344,60.90999984741211,53.406829833984375,16591500
QCOM,2020-03-23,61.54999923706055,64.86000061035156,59.11000061035156,62.529998779296875,54.827266693115234,14920300
QCOM,2020-03-24,66.0,67.62000274658203,62.189998626708984,65.45999908447266,57.39634323120117,18966800
QCOM,2020-03-25,65.9000015258789,66.95999908447266,62.459999084472656,63.08000183105469,55.30952453613281,15969800
QCOM,2020-03-26,64.0,69.66000366210938,63.25,68.9800033569336,60.48273468017578,15820300
QCOM,2020-03-27,66.5,69.12000274658203,65.93000030517578,66.58999633789062,58.38711929321289,9739100
QCOM,2020-03-30,67.19000244140625,69.5,66.05999755859375,69.02999877929688,60.526580810546875,9880800
QCOM,2020-03-31,69.30000305175781,70.36000061035156,66.66000366210938,67.6500015258789,59.316558837890625,13213900
QCOM,2020-04-01,65.0,68.69999694824219,65.0,65.9000015258789,57.782142639160156,14167900
QCOM,2020-04-02,65.87000274658203,68.26000213623047,65.30999755859375,68.0199966430664,59.64098358154297,15432900
QCOM,2020-04-03,67.68000030517578,68.69000244140625,64.55000305175781,65.2300033569336,57.194679260253906,8600700
QCOM,2020-04-06,68.5,71.37000274658203,67.6500015258789,70.94999694824219,62.210052490234375,12153100
QCOM,2020-04-07,73.66000366210938,74.9000015258789,70.86000061035156,72.7300033569336,63.77079772949219,11285600
QCOM,2020-04-08,73.69999694824219,74.37999725341797,72.41999816894531,73.33000183105469,64.29686737060547,10695600
QCOM,2020-04-09,74.62000274658203,74.83999633789062,70.0,71.58000183105469,62.762447357177734,15459400
QCOM,2020-04-13,71.70999908447266,73.51000213623047,71.44000244140625,73.30000305175781,64.27056121826172,7896500
QCOM,2020-04-14,75.0,77.66999816894531,74.97000122070312,77.55000305175781,67.99705505371094,11314100
QCOM,2020-04-15,75.86000061035156,76.33999633789062,74.02999877929688,75.98999786376953,66.62918853759766,9951700
QCOM,2020-04-16,76.86000061035156,77.69000244140625,75.37999725341797,76.8499984741211,67.38325500488281,8819700
QCOM,2020-04-17,77.31999969482422,78.25,75.4800033569336,76.16999816894531,66.78704071044922,9926000
QCOM,2020-04-20,75.0199966430664,76.2300033569336,74.0999984741211,74.30999755859375,65.1561508178711,7217700
QCOM,2020-04-21,73.30999755859375,73.97000122070312,71.75,71.83999633789062,62.99041748046875,9273800
QCOM,2020-04-22,73.79000091552734,75.33999633789062,72.75,74.68000030517578,65.48057556152344,7365300
QCOM,2020-04-23,75.0,76.16999816894531,73.76000213623047,73.80999755859375,64.7177505493164,7673800
QCOM,2020-04-24,73.91999816894531,76.11000061035156,73.66000366210938,76.04000091552734,66.67303466796875,6071300
QCOM,2020-04-27,76.58999633789062,77.81999969482422,75.48999786376953,75.9800033569336,66.62042999267578,7219500
QCOM,2020-04-28,77.11000061035156,77.77999877929688,75.16000366210938,75.29000091552734,66.01542663574219,6250500
QCOM,2020-04-29,77.16999816894531,79.23999786376953,76.83000183105469,78.97000122070312,69.24211883544922,11950200
QCOM,2020-04-30,80.2699966430664,80.87000274658203,77.27999877929688,78.66999816894531,68.97906494140625,17113500
QCOM,2020-05-01,76.8499984741211,77.58999633789062,74.68000030517578,75.63999938964844,66.32231140136719,9742100
QCOM,2020-05-04,75.16000366210938,75.94000244140625,74.08999633789062,75.68000030517578,66.35739135742188,7202400
QCOM,2020-05-05,76.75,78.80999755859375,76.55999755859375,77.62999725341797,68.06719207763672,7540800
QCOM,2020-05-06,78.80999755859375,80.13999938964844,78.5199966430664,78.87000274658203,69.15442657470703,8179700
QCOM,2020-05-07,79.69999694824219,80.16999816894531,78.26000213623047,78.83000183105469,69.1193618774414,7291800
QCOM,2020-05-08,79.69999694824219,81.08999633789062,79.36000061035156,80.55999755859375,70.63623046875,7887200
QCOM,2020-05-11,80.29000091552734,81.2699966430664,79.54000091552734,80.4800033569336,70.56610870361328,6604600
QCOM,2020-05-12,81.29000091552734,81.79000091552734,78.4000015258789,78.41999816894531,68.75985717773438,7318100
QCOM,2020-05-13,78.86000061035156,79.51000213623047,76.75,78.0,68.39160919189453,9584800
QCOM,2020-05-14,77.5,80.0,76.47000122070312,79.87000274658203,70.03125762939453,9956800
QCOM,2020-05-15,74.66999816894531,77.69999694824219,74.37000274658203,75.7699966430664,66.43630981445312,29597800
QCOM,2020-05-18,77.2699966430664,80.18000030517578,77.20999908447266,79.94000244140625,70.09263610839844,13191000
QCOM,2020-05-19,79.75,80.1500015258789,78.0,78.08999633789062,68.47050476074219,8118400
QCOM,2020-05-20,79.95999908447266,81.95999908447266,79.69000244140625,80.62999725341797,70.69761657714844,11379200
QCOM,2020-05-21,79.47000122070312,80.08999633789062,77.87000274658203,78.0,68.39160919189453,8141500
QCOM,2020-05-22,78.26000213623047,78.76000213623047,77.29000091552734,78.69999694824219,69.00537109375,5530400
QCOM,2020-05-26,80.19000244140625,80.56999969482422,77.77999877929688,78.0199966430664,68.4091567993164,10067300
QCOM,2020-05-27,78.2699966430664,79.31999969482422,76.16000366210938,79.29000091552734,69.522705078125,9125900
QCOM,2020-05-28,80.23999786376953,81.4800033569336,77.7300033569336,78.11000061035156,68.488037109375,11161700
QCOM,2020-05-29,78.69999694824219,81.19999694824219,77.9000015258789,80.87999725341797,70.91683197021484,10558700
QCOM,2020-06-01,79.88999938964844,80.4800033569336,79.23999786376953,79.7300033569336,69.90850067138672,6474800
QCOM,2020-06-02,79.93000030517578,84.87999725341797,79.91000366210938,84.62999725341797,74.20488739013672,13255300
QCOM,2020-06-03,84.94999694824219,85.94999694824219,83.62000274658203,84.11000061035156,74.31974792480469,13029300
QCOM,2020-06-04,83.94999694824219,86.69999694824219,83.94999694824219,86.04000091552734,76.02510070800781,12109000
QCOM,2020-06-05,88.0,89.4800033569336,87.81999969482422,88.55000305175781,78.24295806884766,11882100
QCOM,2020-06-08,89.0,91.5,88.33999633789062,91.37000274658203,80.73472595214844,9748300
QCOM,2020-06-09,90.2300033569336,90.38999938964844,89.05999755859375,89.75,79.30328369140625,7327700
QCOM,2020-06-10,90.25,92.13999938964844,90.02999877929688,91.01000213623047,80.41661834716797,9079700
QCOM,2020-06-11,88.62000274658203,89.05999755859375,83.91000366210938,84.0199966430664,74.240234375,15241700
QCOM,2020-06-12,86.25,87.13999938964844,83.52999877929688,85.23999786376953,75.3182144165039,10113200
QCOM,2020-06-15,83.66999816894531,86.56999969482422,83.0999984741211,86.38999938964844,76.3343734741211,9852600
QCOM,2020-06-16,89.9000015258789,90.44000244140625,87.76000213623047,89.5199966430664,79.10004425048828,12639800
QCOM,2020-06-17,90.68000030517578,91.08999633789062,89.30000305175781,89.94000244140625,79.47115325927734,7620300
QCOM,2020-06-18,89.8499984741211,90.48999786376953,89.02999877929688,89.91999816894531,79.4534683227539,5709500
QCOM,2020-06-19,89.87000274658203,90.25,87.54000091552734,88.80999755859375,78.4726791381836,23213800
QCOM,2020-06-22,88.72000122070312,89.44000244140625,87.61000061035156,89.12999725341797,78.75544738769531,8028000
QCOM,2020-06-23,90.13999938964844,90.61000061035156,89.11000061035156,89.3499984741211,78.94984436035156,7778700
QCOM,2020-06-24,89.16999816894531,89.83000183105469,87.41999816894531,89.13999938964844,78.76426696777344,8208800
QCOM,2020-06-25,88.69999694824219,89.45999908447266,87.31999969482422,88.95999908447266,78.605224609375,7062600
QCOM,2020-06-26,89.06999969482422,89.7300033569336,87.54000091552734,88.0199966430664,77.77462768554688,9126500
QCOM,2020-06-29,88.20999908447266,89.1500015258789,86.68000030517578,89.01000213623047,78.64940643310547,5870400
QCOM,2020-06-30,89.19999694824219,91.93000030517578,89.0,91.20999908447266,80.59331512451172,9378500
QCOM,2020-07-01,91.01000213623047,91.30000305175781,89.58000183105469,89.77999877929688,79.32977294921875,6990600
QCOM,2020-07-02,91.08999633789062,92.5,90.80000305175781,91.87000274658203,81.17652130126953,8317300
QCOM,2020-07-06,93.20999908447266,93.75,92.0999984741211,92.91999816894531,82.10427856445312,6933100
QCOM,2020-07-07,92.97000122070312,93.55000305175781,91.91000366210938,92.13999938964844,81.41508483886719,6722400
QCOM,2020-07-08,93.2699966430664,93.5999984741211,92.33999633789062,93.52999877929688,82.64327239990234,6692700
QCOM,2020-07-09,93.94999694824219,93.94999694824219,91.44000244140625,93.25,82.39588165283203,6287700
QCOM,2020-07-10,93.0,93.5199966430664,91.55999755859375,92.51000213623047,81.74201202392578,5687600
QCOM,2020-07-13,93.30000305175781,94.12999725341797,91.19999694824219,91.33000183105469,80.69935607910156,7606400
QCOM,2020-07-14,90.86000061035156,92.62000274658203,89.19999694824219,92.37999725341797,81.62712860107422,6571000
QCOM,2020-07-15,92.93000030517578,92.93000030517578,91.01000213623047,92.55000305175781,81.77735900878906,6154100
QCOM,2020-07-16,91.26000213623047,91.75,90.68000030517578,91.19999694824219,80.5844955444336,6178700
QCOM,2020-07-17,91.68000030517578,92.45999908447266,91.0,92.2300033569336,81.49461364746094,5985700
QCOM,2020-07-20,92.19000244140625,93.2699966430664,91.30000305175781,93.16999816894531,82.32518005371094,5407500
QCOM,2020-07-21,93.55000305175781,93.8499984741211,91.80999755859375,92.30999755859375,81.5652847290039,7098600
QCOM,2020-07-22,92.73999786376953,93.29000091552734,91.66999816894531,92.5999984741211,81.821533203125,4366400
QCOM,2020-07-23,92.91000366210938,92.97000122070312,89.2300033569336,89.66999816894531,79.23257446289062,9438500
QCOM,2020-07-24,89.20999908447266,90.29000091552734,87.51000213623047,88.88999938964844,78.54335021972656,9520000
QCOM,2020-07-27,90.0199966430664,92.83999633789062,89.26000213623047,92.69999694824219,81.90988159179688,8021700
QCOM,2020-07-28,92.16999816894531,92.58999633789062,90.56999969482422,91.44999694824219,80.80538940429688,5818400
QCOM,2020-07-29,92.08000183105469,93.62000274658203,91.73999786376953,93.02999877929688,82.20149993896484,11453000
QCOM,2020-07-30,102.41999816894531,107.69000244140625,100.69999694824219,107.19000244140625,94.71328735351562,42122500
QCOM,2020-07-31,105.66000366210938,107.75,104.51000213623047,105.61000061035156,93.31719970703125,16765100
QCOM,2020-08-03,107.4000015258789,113.0,107.02999877929688,109.58999633789062,96.83393096923828,18899400
QCOM,2020-08-04,109.48999786376953,111.0199966430664,108.66000366210938,110.94999694824219,98.0356216430664,10205400
QCOM,2020-08-05,111.0,112.45999908447266,110.08000183105469,111.38999938964844,98.4244155883789,7967400
QCOM,2020-08-06,111.2300033569336,111.36000061035156,109.93000030517578,111.05999755859375,98.13284301757812,6392200
QCOM,2020-08-07,110.01000213623047,111.05000305175781,106.0,108.25,95.64990234375,11155900
QCOM,2020-08-10,108.5999984741211,108.98999786376953,105.72000122070312,106.36000061035156,93.97991180419922,10087100
QCOM,2020-08-11,106.19999694824219,112.01000213623047,104.73999786376953,108.83000183105469,96.16240692138672,17803000
QCOM,2020-08-12,110.38999938964844,116.25,109.6500015258789,115.79000091552734,102.31227111816406,18664700
QCOM,2020-08-13,116.19999694824219,116.19999694824219,112.7699966430664,113.41000366210938,100.20928955078125,9958400
QCOM,2020-08-14,113.30000305175781,114.5199966430664,112.56999969482422,113.73999786376953,100.50088500976562,6641000
QCOM,2020-08-17,113.29000091552734,114.48999786376953,110.62999725341797,112.18000030517578,99.1224594116211,10283000
QCOM,2020-08-18,112.91000366210938,113.37999725341797,111.5199966430664,112.02999877929688,98.98993682861328,6387000
QCOM,2020-08-19,112.33000183105469,113.47000122070312,110.75,111.04000091552734,98.11518096923828,7747600
QCOM,2020-08-20,110.0,110.9800033569336,109.66999816894531,110.66000366210938,97.77938842773438,7200300
QCOM,2020-08-21,110.2300033569336,113.1500015258789,109.94999694824219,113.0,99.84701538085938,8546900
QCOM,2020-08-24,114.37000274658203,116.0,113.2699966430664,115.91000366210938,102.41829681396484,10235000
QCOM,2020-08-25,116.11000061035156,117.0999984741211,114.44000244140625,115.94999694824219,102.45362854003906,6208000
QCOM,2020-08-26,116.25,116.55000305175781,115.16999816894531,116.04000091552734,102.53318786621094,7487400
QCOM,2020-08-27,116.43000030517578,118.18000030517578,115.3499984741211,116.0199966430664,102.51548767089844,8206200
QCOM,2020-08-28,116.70999908447266,118.26000213623047,116.16999816894531,118.19999694824219,104.44174194335938,6280300
QCOM,2020-08-31,118.33000183105469,121.05999755859375,118.12000274658203,119.0999984741211,105.23698425292969,9694600
QCOM,2020-09-01,121.08000183105469,122.56999969482422,119.51000213623047,122.01000213623047,107.80826568603516,9091900
QCOM,2020-09-02,123.26000213623047,123.93000030517578,121.80999755859375,123.18000030517578,109.42503356933594,9167700
QCOM,2020-09-03,121.30000305175781,121.70999908447266,115.5999984741211,116.43000030517578,103.42877960205078,13560800
QCOM,2020-09-04,115.69000244140625,117.81999969482422,112.37999725341797,115.97000122070312,103.02013397216797,11064300
QCOM,2020-09-08,111.94000244140625,113.87999725341797,109.62000274658203,109.7699966430664,97.51246643066406,10245200
QCOM,2020-09-09,113.4800033569336,115.7699966430664,112.30000305175781,114.0199966430664,101.28787231445312,9708400
QCOM,2020-09-10,115.1500015258789,115.80999755859375,111.56999969482422,112.44000244140625,99.88431549072266,6166300
QCOM,2020-09-11,113.37999725341797,114.8499984741211,112.4000015258789,113.41999816894531,100.75489044189453,6740200
QCOM,2020-09-14,115.23999786376953,115.43000030517578,112.6500015258789,113.45999908447266,100.7904281616211,5397300
QCOM,2020-09-15,114.94000244140625,117.80999755859375,114.79000091552734,116.58000183105469,103.56201934814453,8773700
QCOM,2020-09-16,118.0,118.0,114.54000091552734,114.55999755859375,101.76758575439453,6340100
QCOM,2020-09-17,111.91999816894531,115.69999694824219,111.0,114.87999725341797,102.0518569946289,7418100
QCOM,2020-09-18,115.04000091552734,115.43000030517578,109.80000305175781,110.69000244140625,98.32975006103516,15443200
QCOM,2020-09-21,109.16000366210938,112.13999938964844,108.30000305175781,111.91999816894531,99.42237854003906,8197600
QCOM,2020-09-22,112.61000061035156,114.25,110.41999816894531,113.81999969482422,101.1102066040039,6911200
QCOM,2020-09-23,113.63999938964844,113.93000030517578,110.06999969482422,110.56999969482422,98.2231216430664,6553300
QCOM,2020-09-24,109.38999938964844,113.29000091552734,109.23999786376953,112.19000244140625,99.6622314453125,6849000
QCOM,2020-09-25,113.55000305175781,115.75,111.80000305175781,114.5,101.71428680419922,11718000
QCOM,2020-09-28,115.95999908447266,118.73999786376953,114.91999816894531,118.47000122070312,105.24097442626953,9043600
QCOM,2020-09-29,118.13999938964844,119.25,117.19999694824219,117.37999725341797,104.27268981933594,5655700
QCOM,2020-09-30,117.5,119.26000213623047,116.91999816894531,117.68000030517578,104.5391845703125,5829700
QCOM,2020-10-01,119.93000030517578,120.20999908447266,117.69999694824219,119.5199966430664,106.17371368408203,5316800
QCOM,2020-10-02,116.77999877929688,118.66000366210938,115.43000030517578,115.47000122070312,102.57596588134766,5834300
QCOM,2020-10-05,116.9000015258789,120.6500015258789,116.7300033569336,120.5199966430664,107.06205749511719,5835900
QCOM,2020-10-06,120.44999694824219,122.5199966430664,119.0999984741211,119.54000091552734,106.19149017333984,7637000
QCOM,2020-10-07,121.23999786376953,123.36000061035156,120.6500015258789,123.02999877929688,109.2917709350586,7410300
QCOM,2020-10-08,124.0,124.43000030517578,121.83999633789062,122.33999633789062,108.6788330078125,4757500
QCOM,2020-10-09,123.93000030517578,125.88999938964844,122.79000091552734,124.87000274658203,110.92632293701172,11073400
QCOM,2020-10-12,127.69999694824219,127.69999694824219,124.94999694824219,126.69000244140625,112.54308319091797,7893800
QCOM,2020-10-13,127.47000122070312,128.17999267578125,125.4000015258789,127.45999908447266,113.22709655761719,7605700
QCOM,2020-10-14,129.0800018310547,132.4199981689453,128.92999267578125,129.8800048828125,115.37686920166016,13177100
QCOM,2020-10-15,127.30000305175781,129.13999938964844,126.6500015258789,128.5800018310547,114.22203063964844,7376600
QCOM,2020-10-16,129.6999969482422,130.19000244140625,127.73999786376953,129.02999877929688,114.62178039550781,6625400
QCOM,2020-10-19,130.1300048828125,131.9600067138672,127.69999694824219,128.4199981689453,114.07989501953125,5765800
QCOM,2020-10-20,129.17999267578125,129.3300018310547,127.51000213623047,128.3000030517578,113.97329711914062,4409800
QCOM,2020-10-21,128.0399932861328,130.4199981689453,126.37000274658203,128.5500030517578,114.19538879394531,4344000
QCOM,2020-10-22,129.50999450683594,129.58999633789062,126.86000061035156,128.3800048828125,114.04435729980469,3895100
QCOM,2020-10-23,128.58999633789062,129.10000610351562,127.0999984741211,128.8800048828125,114.48853302001953,3943100
QCOM,2020-10-26,127.52999877929688,128.6699981689453,124.4000015258789,126.19999694824219,112.10779571533203,6065900
QCOM,2020-10-27,126.51000213623047,126.95999908447266,125.19000244140625,125.91000366210938,111.85017395019531,5825500
QCOM,2020-10-28,123.5,123.81999969482422,121.05000305175781,121.58000183105469,108.00367736816406,8234800
QCOM,2020-10-29,122.05999755859375,127.69000244140625,121.88999938964844,126.44000244140625,112.32099151611328,7053300
QCOM,2020-10-30,123.68000030517578,125.25,121.5999984741211,123.36000061035156,109.58492279052734,7811200
QCOM,2020-11-02,124.5,126.16999816894531,122.41000366210938,123.97000122070312,110.12681579589844,5860300
QCOM,2020-11-03,125.44000244140625,126.91999816894531,124.69000244140625,125.44999694824219,111.44155883789062,5832800
QCOM,2020-11-04,129.32000732421875,129.57000732421875,126.06999969482422,128.97000122070312,114.56848907470703,12608900
QCOM,2020-11-05,145.82000732421875,148.8000030517578,141.8300018310547,145.41000366210938,129.17266845703125,27910900
QCOM,2020-11-06,146.00999450683594,146.22999572753906,143.9600067138672,145.00999450683594,128.81736755371094,7278500
QCOM,2020-11-09,149.41000366210938,149.41000366210938,142.44000244140625,142.61000061035156,126.68538665771484,10666300
QCOM,2020-11-10,140.14999389648438,143.1699981689453,138.52999877929688,140.11000061035156,124.46453094482422,12019900
QCOM,2020-11-11,144.5,148.08999633789062,144.0,147.69000244140625,131.1981201171875,10222700
QCOM,2020-11-12,147.57000732421875,148.50999450683594,143.07000732421875,143.91000366210938,127.84021759033203,8580700
QCOM,2020-11-13,145.5399932861328,146.25,143.22999572753906,144.25999450683594,128.151123046875,5899200
QCOM,2020-11-16,145.1999969482422,149.25,144.5500030517578,149.07000732421875,132.4239959716797,7598500
QCOM,2020-11-17,149.02000427246094,149.85000610351562,147.17999267578125,148.74000549316406,132.130859375,7438600
QCOM,2020-11-18,149.24000549316406,153.3300018310547,146.91000366210938,147.0500030517578,130.62957763671875,12124500
QCOM,2020-11-19,146.55999755859375,149.3000030517578,145.4600067138672,147.52999877929688,131.05596923828125,7743700
QCOM,2020-11-20,148.27999877929688,149.10000610351562,145.94000244140625,146.02999877929688,129.7235107421875,5551900
QCOM,2020-11-23,142.35000610351562,147.0,141.8800048828125,143.82000732421875,127.76023864746094,11649400
QCOM,2020-11-24,143.38999938964844,146.3300018310547,141.11000061035156,145.92999267578125,129.63462829589844,10800800
QCOM,2020-11-25,145.9499969482422,147.49000549316406,144.0399932861328,144.0800018310547,127.99120330810547,6398900
QCOM,2020-11-27,145.49000549316406,146.42999267578125,143.6999969482422,143.8300018310547,127.76914978027344,3878000
QCOM,2020-11-30,144.6300048828125,147.2899932861328,144.0500030517578,147.1699981689453,130.73617553710938,8712500
QCOM,2020-12-01,148.7899932861328,152.38999938964844,147.7899932861328,151.25999450683594,134.36944580078125,11906100
QCOM,2020-12-02,150.50999450683594,151.49000549316406,149.6199951171875,149.97999572753906,133.80738830566406,7800300
QCOM,2020-12-03,151.0399932861328,152.77000427246094,149.63999938964844,149.91000366210938,133.7449493408203,6355300
QCOM,2020-12-04,150.3000030517578,158.08999633789062,150.0,157.6199951171875,140.6235809326172,12759900
QCOM,2020-12-07,158.5500030517578,158.97000122070312,156.7100067138672,158.02000427246094,140.98045349121094,7009300
QCOM,2020-12-08,157.4600067138672,159.2899932861328,155.8699951171875,158.8000030517578,141.6763153076172,6088300
QCOM,2020-12-09,158.60000610351562,161.07000732421875,155.5500030517578,156.02000427246094,139.19610595703125,7947200
QCOM,2020-12-10,154.4199981689453,157.85000610351562,152.72999572753906,155.75,138.95523071289062,7522200
QCOM,2020-12-11,149.24000549316406,150.27000427246094,141.88999938964844,144.27999877929688,128.72206115722656,25923100
QCOM,2020-12-14,144.89999389648438,147.75,143.3300018310547,146.2899932861328,130.5153045654297,12258500
QCOM,2020-12-15,149.3699951171875,149.9199981689453,147.10000610351562,148.36000061035156,132.36207580566406,6616400
QCOM,2020-12-16,149.13999938964844,150.44000244140625,146.7100067138672,149.74000549316406,133.59329223632812,6610900
QCOM,2020-12-17,150.8699951171875,151.22999572753906,148.3800048828125,149.52999877929688,133.4059295654297,7039000
QCOM,2020-12-18,150.7899932861328,150.7899932861328,146.1199951171875,147.4199981689453,131.52342224121094,13288300
QCOM,2020-12-21,145.00999450683594,147.36000061035156,144.41000366210938,146.8000030517578,130.9702911376953,7024600
QCOM,2020-12-22,146.61000061035156,147.02999877929688,144.72000122070312,146.33999633789062,130.5598907470703,5751500
QCOM,2020-12-23,147.6300048828125,151.5399932861328,146.8699951171875,146.9600067138672,131.11305236816406,5186700
QCOM,2020-12-24,147.8000030517578,148.89999389648438,147.1999969482422,148.7899932861328,132.7457275390625,2120200
QCOM,2020-12-28,150.6199951171875,151.07000732421875,147.44000244140625,147.74000549316406,131.80897521972656,4576600
QCOM,2020-12-29,148.97000122070312,148.99000549316406,147.02999877929688,148.49000549316406,132.4780731201172,3543800
QCOM,2020-12-30,149.1199951171875,151.61000061035156,148.9199981689453,149.9499969482422,133.7805938720703,3965600
QCOM,2020-12-31,150.32000732421875,152.55999755859375,150.10000610351562,152.33999633789062,135.91290283203125,4941700
QCOM,2021-01-04,153.00999450683594,155.14999389648438,147.13999938964844,148.5,132.4869842529297,9827000
QCOM,2021-01-05,148.64999389648438,152.6999969482422,148.5,152.42999267578125,135.99314880371094,8507200
QCOM,2021-01-06,151.52999877929688,153.8699951171875,149.47000122070312,151.19000244140625,134.886962890625,7174600
QCOM,2021-01-07,152.3300018310547,156.4199981689453,152.25999450683594,155.6999969482422,138.91058349609375,8482300
QCOM,2021-01-08,157.22999572753906,157.52999877929688,154.5399932861328,156.63999938964844,139.74923706054688,6252400
QCOM,2021-01-11,156.10000610351562,158.1300048828125,154.9199981689453,156.11000061035156,139.27638244628906,5147800
QCOM,2021-01-12,156.63999938964844,156.8699951171875,153.9600067138672,154.4499969482422,137.79541015625,4385700
QCOM,2021-01-13,155.19000244140625,157.92999267578125,153.64999389648438,157.4199981689453,140.44515991210938,5479900
QCOM,2021-01-14,159.39999389648438,163.17999267578125,158.5,160.85000610351562,143.50526428222656,10102400
QCOM,2021-01-15,160.77000427246094,160.86000061035156,156.8800048828125,157.08999633789062,140.1507110595703,8607400
QCOM,2021-01-19,158.94000244140625,164.10000610351562,158.4499969482422,163.77000427246094,146.11038208007812,8209000
QCOM,2021-01-20,164.72000122070312,167.94000244140625,164.44000244140625,164.60000610351562,146.85092163085938,7943300
QCOM,2021-01-21,165.80999755859375,166.49000549316406,163.33999633789062,164.75,146.98471069335938,6295700
QCOM,2021-01-22,164.0,164.27000427246094,161.52000427246094,162.4199981689453,144.90597534179688,5062300
QCOM,2021-01-25,164.32000732421875,167.0500030517578,161.72999572753906,164.39999389648438,146.6724395751953,5370800
QCOM,2021-01-26,164.1999969482422,164.64999389648438,160.91000366210938,162.5500030517578,145.02194213867188,6554200
QCOM,2021-01-27,158.49000549316406,160.72999572753906,152.69000244140625,153.6699981689453,137.0994873046875,9854000
QCOM,2021-01-28,156.27999877929688,158.97000122070312,153.11000061035156,155.5500030517578,138.77676391601562,8087400
QCOM,2021-01-29,160.25,160.63999938964844,154.75,156.27999877929688,139.4280548095703,9502100
QCOM,2021-02-01,157.3699951171875,162.39999389648438,156.49000549316406,161.5800018310547,144.1565399169922,8265100
QCOM,2021-02-02,164.50999450683594,165.3800048828125,161.3000030517578,164.77999877929688,147.01148986816406,6926500
QCOM,2021-02-03,167.5800018310547,167.5800018310547,161.8000030517578,162.3000030517578,144.7989501953125,14156700
QCOM,2021-02-04,150.17999267578125,151.77999877929688,145.1999969482422,147.97000122070312,132.01414489746094,46141800
QCOM,2021-02-05,148.85000610351562,148.89999389648438,144.6199951171875,145.83999633789062,130.11383056640625,24695400
QCOM,2021-02-08,147.10000610351562,147.60000610351562,145.3000030517578,147.3800048828125,131.48776245117188,12181600
QCOM,2021-02-09,147.5500030517578,148.5,145.89999389648438,146.11000061035156,130.35470581054688,11681300
QCOM,2021-02-10,147.6199951171875,147.75,144.3699951171875,145.5,129.8105010986328,11701300
QCOM,2021-02-11,145.77999877929688,146.57000732421875,143.52999877929688,145.55999755859375,129.86398315429688,11600200
QCOM,2021-02-12,145.57000732421875,151.39999389648438,144.8699951171875,147.97999572753906,132.02305603027344,9155200
QCOM,2021-02-16,149.0,149.74000549316406,146.05999755859375,147.16000366210938,131.2914581298828,10211900
QCOM,2021-02-17,145.82000732421875,146.88999938964844,143.4199981689453,144.75,129.14132690429688,11937200
QCOM,2021-02-18,143.5399932861328,144.6999969482422,142.9600067138672,143.91000366210938,128.3919677734375,8404400
QCOM,2021-02-19,144.77999877929688,145.85000610351562,143.49000549316406,144.94000244140625,129.31088256835938,10012500
QCOM,2021-02-22,142.25,144.1199951171875,139.0800018310547,139.4600067138672,124.42179107666016,12763900
QCOM,2021-02-23,136.3800048828125,138.47999572753906,134.44000244140625,137.1199951171875,122.3341064453125,14425300
QCOM,2021-02-24,136.39999389648438,141.17999267578125,135.08999633789062,141.10000610351562,125.88491821289062,13146200
QCOM,2021-02-25,139.55999755859375,140.8300018310547,135.02000427246094,135.52999877929688,120.91556549072266,12701100
QCOM,2021-02-26,136.75999450683594,138.14999389648438,134.6999969482422,136.19000244140625,121.5044174194336,11772600
QCOM,2021-03-01,137.5,139.6300048828125,136.4600067138672,139.49000549316406,124.44852447509766,9421400
QCOM,2021-03-02,140.0,140.10000610351562,136.77000427246094,137.0399932861328,122.26271057128906,8693200
QCOM,2021-03-03,135.60000610351562,136.17999267578125,131.5399932861328,131.66000366210938,118.02266693115234,14862700
QCOM,2021-03-04,132.35000610351562,134.1999969482422,126.58000183105469,127.80000305175781,114.56248474121094,15831100
QCOM,2021-03-05,130.9199981689453,131.1699981689453,125.4000015258789,129.75,116.31051635742188,13292000
QCOM,2021-03-08,129.0,129.77000427246094,122.98999786376953,123.19999694824219,110.43894958496094,15256100
QCOM,2021-03-09,127.38999938964844,129.9199981689453,126.33000183105469,129.11000061035156,115.73681640625,13130200
QCOM,2021-03-10,130.6699981689453,131.10000610351562,127.63999938964844,127.87000274658203,114.62525177001953,12492300
QCOM,2021-03-11,131.00999450683594,133.24000549316406,130.00999450683594,131.74000549316406,118.0943832397461,11920200
QCOM,2021-03-12,129.89999389648438,130.3300018310547,127.62000274658203,129.97999572753906,116.5167007446289,9365700
QCOM,2021-03-15,130.05999755859375,131.75999450683594,129.1199951171875,131.63999938964844,118.0047378540039,7807200
QCOM,2021-03-16,132.88999938964844,135.44000244140625,132.2899932861328,133.64999389648438,119.80655670166016,10434700
QCOM,2021-03-17,131.30999755859375,135.60000610351562,129.67999267578125,133.9199981689453,120.0486068725586,10781500
QCOM,2021-03-18,132.44000244140625,133.60000610351562,129.66000366210938,129.75,116.31051635742188,9579000
QCOM,2021-03-19,129.7899932861328,132.47999572753906,129.1699981689453,131.02000427246094,117.4489517211914,17599900
QCOM,2021-03-22,132.9600067138672,135.5500030517578,132.60000610351562,134.08999633789062,120.20096588134766,9036900
QCOM,2021-03-23,134.0,134.35000610351562,131.41000366210938,132.52000427246094,118.79359436035156,7425700
QCOM,2021-03-24,132.99000549316406,133.05999755859375,127.11000061035156,127.18000030517578,114.00672149658203,10962300
QCOM,2021-03-25,126.66000366210938,127.63999938964844,124.38999938964844,127.27999877929688,114.09635162353516,10460800
QCOM,2021-03-26,127.05999755859375,133.35000610351562,127.04000091552734,132.99000549316406,119.21492767333984,11071600
QCOM,2021-03-29,132.5399932861328,133.33999633789062,129.77000427246094,131.27000427246094,117.6730728149414,9750100
QCOM,2021-03-30,130.1699981689453,131.24000549316406,129.07000732421875,130.11000061035156,116.63324737548828,7097300
QCOM,2021-03-31,130.9600067138672,133.52000427246094,130.57000732421875,132.58999633789062,118.85635375976562,8361300
QCOM,2021-04-01,134.5,138.42999267578125,133.60000610351562,137.7899932861328,123.51773834228516,14069600
QCOM,2021-04-05,139.0399932861328,140.5,138.22999572753906,140.3300018310547,125.79462432861328,12562800
QCOM,2021-04-06,139.85000610351562,140.22999572753906,137.63999938964844,138.05999755859375,123.759765625,9100000
QCOM,2021-04-07,138.3300018310547,139.9499969482422,137.39999389648438,139.42999267578125,124.98785400390625,6958500
QCOM,2021-04-08,140.0,140.3699951171875,138.80999755859375,140.33999633789062,125.8036117553711,7304900
QCOM,2021-04-09,139.89999389648438,140.67999267578125,138.8800048828125,140.57000732421875,126.00978088378906,6033200
QCOM,2021-04-12,138.86000061035156,139.88999938964844,136.0500030517578,137.44000244140625,123.20398712158203,10355500
QCOM,2021-04-13,138.3800048828125,138.77000427246094,135.75,137.3000030517578,123.07849884033203,9225200
QCOM,2021-04-14,137.0800018310547,137.83999633789062,133.91000366210938,134.75,120.79261016845703,9967800
QCOM,2021-04-15,136.0,137.99000549316406,135.57000732421875,137.83999633789062,123.56258392333984,11733200
QCOM,2021-04-16,137.6199951171875,139.00999450683594,136.64999389648438,138.2100067138672,123.89421844482422,6583900
QCOM,2021-04-19,136.89999389648438,137.0500030517578,134.08999633789062,135.25,121.24085235595703,8728900
QCOM,2021-04-20,134.5500030517578,134.77999877929688,132.7899932861328,133.39999389648438,119.58245849609375,7473700
QCOM,2021-04-21,132.82000732421875,136.3699951171875,132.5,136.19000244140625,122.0834732055664,7237900
QCOM,2021-04-22,135.3699951171875,135.9600067138672,132.47000122070312,132.97000122070312,119.1969985961914,8345100
QCOM,2021-04-23,133.74000549316406,136.11000061035156,133.5399932861328,135.42999267578125,121.40215301513672,7666600
QCOM,2021-04-26,135.3300018310547,139.69000244140625,135.1199951171875,138.9600067138672,124.56654357910156,9715400
QCOM,2021-04-27,138.7100067138672,139.3800048828125,136.97999572753906,138.00999450683594,123.71492004394531,9284500
QCOM,2021-04-28,138.1699981689453,138.27000427246094,135.75,136.57000732421875,122.42411041259766,13118100
QCOM,2021-04-29,145.00999450683594,145.3000030517578,140.6699981689453,142.67999267578125,127.9012222290039,20502100
QCOM,2021-04-30,141.07000732421875,142.08999633789062,138.25999450683594,138.8000030517578,124.4231185913086,11374600
QCOM,2021-05-03,139.6999969482422,139.75999450683594,136.8699951171875,137.42999267578125,123.19503021240234,7920300
QCOM,2021-05-04,136.0,136.0,132.4199981689453,134.1199951171875,120.22785949707031,11996300
QCOM,2021-05-05,136.0800018310547,136.4499969482422,134.11000061035156,134.64999389648438,120.70297241210938,6285500
QCOM,2021-05-06,134.49000549316406,136.5399932861328,133.10000610351562,136.0,121.91312408447266,8352500
QCOM,2021-05-07,136.94000244140625,138.69000244140625,136.2899932861328,137.85000610351562,123.57151794433594,6893700
QCOM,2021-05-10,136.02000427246094,136.67999267578125,128.82000732421875,128.94000244140625,115.58439636230469,19537200
QCOM,2021-05-11,125.25,128.55999755859375,124.7699966430664,128.3699951171875,115.07344055175781,11948000
QCOM,2021-05-12,126.02999877929688,127.12999725341797,123.68000030517578,124.62000274658203,111.71187591552734,13529600
QCOM,2021-05-13,127.12000274658203,128.47999572753906,125.87000274658203,127.11000061035156,113.94395446777344,10633000
QCOM,2021-05-14,128.6300048828125,131.4199981689453,127.80999755859375,130.14999389648438,116.66908264160156,9391100
QCOM,2021-05-17,129.2899932861328,129.8300018310547,127.70999908447266,129.8000030517578,116.35533905029297,5917400
QCOM,2021-05-18,130.63999938964844,131.24000549316406,128.7899932861328,128.91000366210938,115.55754089355469,8651100
QCOM,2021-05-19,127.19000244140625,130.8300018310547,126.44999694824219,130.66000366210938,117.12625885009766,8112900
QCOM,2021-05-20,131.52999877929688,133.27999877929688,131.4600067138672,132.63999938964844,118.90117645263672,9208400
QCOM,2021-05-21,132.13999938964844,132.69000244140625,130.49000549316406,131.4600067138672,117.84339904785156,8674000
QCOM,2021-05-24,131.3300018310547,134.0,131.3300018310547,132.91000366210938,119.1432113647461,8229300
QCOM,2021-05-25,133.5399932861328,134.3000030517578,132.8000030517578,133.75,119.89620971679688,7271400
QCOM,2021-05-26,133.8699951171875,134.52000427246094,132.22000122070312,133.08999633789062,119.30453491210938,6663300
QCOM,2021-05-27,132.72999572753906,134.63999938964844,132.7100067138672,133.63999938964844,119.79757690429688,7379300
QCOM,2021-05-28,134.14999389648438,135.63999938964844,133.9499969482422,134.5399932861328,120.60438537597656,7042200
QCOM,2021-06-01,135.10000610351562,136.07000732421875,133.52999877929688,133.94000244140625,120.06651306152344,7059600
QCOM,2021-06-02,133.17999267578125,134.72999572753906,132.47000122070312,133.82000732421875,120.57106018066406,6026000
QCOM,2021-06-03,132.64999389648438,133.38999938964844,131.4199981689453,131.77999877929688,118.7330551147461,6644000
QCOM,2021-06-04,132.52999877929688,135.0500030517578,132.1999969482422,134.33999633789062,121.03955841064453,7416700
QCOM,2021-06-07,133.6999969482422,133.77000427246094,132.63999938964844,133.32000732421875,120.1205825805664,5563300
QCOM,2021-06-08,134.05999755859375,135.38999938964844,133.0,134.1999969482422,120.91343688964844,9657900
QCOM,2021-06-09,135.10000610351562,135.35000610351562,132.7899932861328,132.88999938964844,119.73314666748047,6717200
QCOM,2021-06-10,133.0500030517578,135.10000610351562,132.5800018310547,134.22000122070312,120.93148040771484,5522300
QCOM,2021-06-11,133.8000030517578,134.64999389648438,133.64999389648438,134.6199951171875,121.29183197021484,6529900
QCOM,2021-06-14,135.1999969482422,137.30999755859375,134.7899932861328,137.30999755859375,123.71552276611328,7912600
QCOM,2021-06-15,137.13999938964844,137.3800048828125,135.22999572753906,135.5800018310547,122.15682220458984,5723600
QCOM,2021-06-16,136.47000122070312,137.0500030517578,133.66000366210938,134.9499969482422,121.5892105102539,7404700
QCOM,2021-06-17,134.30999755859375,136.6199951171875,134.08999633789062,135.35000610351562,121.94959259033203,6618300
QCOM,2021-06-18,134.5500030517578,134.5800018310547,132.24000549316406,133.0,119.8322525024414,12753600
QCOM,2021-06-21,133.0500030517578,135.10000610351562,132.66000366210938,133.9600067138672,120.69721984863281,6371400
QCOM,2021-06-22,134.22000122070312,135.30999755859375,133.2899932861328,135.0800018310547,121.70631408691406,5976400
QCOM,2021-06-23,134.88999938964844,136.22999572753906,134.80999755859375,135.52000427246094,122.10275268554688,6613800
QCOM,2021-06-24,136.6199951171875,138.50999450683594,136.35000610351562,137.9199981689453,124.26515197753906,7941700
QCOM,2021-06-25,138.4499969482422,139.47000122070312,136.97000122070312,137.64999389648438,124.0218734741211,7949200
QCOM,2021-06-28,138.22999572753906,140.1699981689453,137.97999572753906,139.72000122070312,125.88690948486328,6645500
QCOM,2021-06-29,139.6300048828125,142.9499969482422,139.25,142.6199951171875,128.4998016357422,6885400
QCOM,2021-06-30,142.35000610351562,143.6300048828125,141.83999633789062,142.92999267578125,128.77914428710938,6449700
QCOM,2021-07-01,142.91000366210938,143.02000427246094,140.35000610351562,140.8000030517578,126.8599853515625,6094100
QCOM,2021-07-02,141.99000549316406,142.67999267578125,141.25,142.5800018310547,128.46376037597656,5399100
QCOM,2021-07-06,143.0,143.17999267578125,139.67999267578125,141.19000244140625,127.21139526367188,7095200
QCOM,2021-07-07,142.24000549316406,142.36000061035156,139.05999755859375,139.97000122070312,126.11219787597656,5034900
QCOM,2021-07-08,137.72000122070312,138.8699951171875,135.60000610351562,138.2899932861328,124.59850311279297,7501100
QCOM,2021-07-09,137.88999938964844,141.72999572753906,137.80999755859375,141.42999267578125,127.42762756347656,7356800
QCOM,2021-07-12,141.39999389648438,143.02000427246094,141.1999969482422,142.47000122070312,128.36465454101562,6786500
QCOM,2021-07-13,142.44000244140625,142.66000366210938,140.4199981689453,141.17999267578125,127.20236206054688,5657600
QCOM,2021-07-14,143.5,146.33999633789062,142.5,143.75,129.51795959472656,11305700
QCOM,2021-07-15,144.1199951171875,144.13999938964844,140.72000122070312,141.4600067138672,127.45467376708984,6667400
QCOM,2021-07-16,141.8699951171875,142.50999450683594,139.52999877929688,139.7100067138672,125.87794494628906,5914300
QCOM,2021-07-19,138.32000732421875,138.89999389648438,136.80999755859375,138.7899932861328,125.04900360107422,9371300
QCOM,2021-07-20,139.02000427246094,140.4199981689453,137.1999969482422,139.5500030517578,125.7337646484375,6020400
QCOM,2021-07-21,139.64999389648438,142.22000122070312,139.64999389648438,142.1699981689453,128.0943603515625,6161900
QCOM,2021-07-22,142.0,142.85000610351562,141.5,142.44000244140625,128.33763122558594,3862600
QCOM,2021-07-23,143.4499969482422,144.99000549316406,142.02999877929688,144.8800048828125,130.53607177734375,6310400
QCOM,2021-07-26,143.9499969482422,144.3800048828125,142.24000549316406,143.5,129.29266357421875,6253900
QCOM,2021-07-27,142.49000549316406,143.0,138.2100067138672,140.92999267578125,126.97714233398438,7575800
QCOM,2021-07-28,141.27000427246094,142.91000366210938,140.13999938964844,142.44000244140625,128.33763122558594,9303400
QCOM,2021-07-29,146.5,151.52000427246094,146.41000366210938,150.99000549316406,136.0411376953125,19446900
QCOM,2021-07-30,149.1999969482422,150.41000366210938,148.36000061035156,149.8000030517578,134.96897888183594,8404800
QCOM,2021-08-02,150.0,152.27999877929688,148.2100067138672,148.86000061035156,134.12200927734375,10823800
QCOM,2021-08-03,148.91000366210938,149.5800018310547,146.55999755859375,147.9499969482422,133.3021240234375,6223400
QCOM,2021-08-04,148.02000427246094,149.1999969482422,147.3300018310547,148.22000122070312,133.54539489746094,5556400
QCOM,2021-08-05,147.24000549316406,147.47000122070312,144.57000732421875,146.8300018310547,132.2930145263672,7169200
QCOM,2021-08-06,146.1300048828125,148.22999572753906,145.9199981689453,146.27999877929688,131.79747009277344,5733300
QCOM,2021-08-09,146.7899932861328,147.72000122070312,145.75,146.9199981689453,132.37411499023438,4966600
QCOM,2021-08-10,147.32000732421875,147.5,142.39999389648438,145.8699951171875,131.42803955078125,4197100
QCOM,2021-08-11,146.05999755859375,146.7899932861328,144.39999389648438,146.67999267578125,132.15782165527344,6216000
QCOM,2021-08-12,147.75999450683594,148.0,146.38999938964844,147.14999389648438,132.581298828125,5777700
QCOM,2021-08-13,147.0,149.30999755859375,146.92999267578125,148.63999938964844,133.92381286621094,5764000
QCOM,2021-08-16,148.39999389648438,149.0800018310547,146.72000122070312,148.1300048828125,133.4642791748047,4410800
QCOM,2021-08-17,146.9499969482422,147.0,143.57000732421875,144.41000366210938,130.11260986328125,7256800
QCOM,2021-08-18,143.83999633789062,144.66000366210938,141.97999572753906,142.17999267578125,128.10337829589844,6546500
QCOM,2021-08-19,140.64999389648438,141.4499969482422,138.9600067138672,140.61000061035156,126.6888198852539,8661000
QCOM,2021-08-20,140.61000061035156,142.25999450683594,140.3000030517578,142.08999633789062,128.02230834960938,6141000
QCOM,2021-08-23,142.64999389648438,144.61000061035156,142.35000610351562,144.13999938964844,129.86932373046875,6936900
QCOM,2021-08-24,144.58999633789062,145.58999633789062,143.83999633789062,144.4600067138672,130.1576690673828,7066800
QCOM,2021-08-25,144.4600067138672,145.42999267578125,143.47000122070312,143.8699951171875,129.62608337402344,5721600
QCOM,2021-08-26,143.19000244140625,143.75999450683594,141.6199951171875,142.3800048828125,128.28358459472656,6825100
QCOM,2021-08-27,142.1999969482422,144.9499969482422,141.9199981689453,144.85000610351562,130.50901794433594,6274500
QCOM,2021-08-30,145.58999633789062,147.86000061035156,145.55999755859375,145.94000244140625,131.4911346435547,5263600
QCOM,2021-08-31,146.8000030517578,147.52999877929688,144.55999755859375,146.69000244140625,132.16688537597656,7820500
QCOM,2021-09-01,146.83999633789062,148.10000610351562,146.22000122070312,146.4499969482422,132.56512451171875,6451400
QCOM,2021-09-02,146.6999969482422,146.88999938964844,144.50999450683594,145.1199951171875,131.36123657226562,6006700
QCOM,2021-09-03,145.1199951171875,145.99000549316406,144.22999572753906,144.6300048828125,130.9176788330078,5505800
QCOM,2021-09-07,144.67999267578125,144.75999450683594,143.1199951171875,143.75,130.12112426757812,6361200
QCOM,2021-09-08,143.36000061035156,143.6199951171875,141.49000549316406,142.52000427246094,129.00772094726562,5981300
QCOM,2021-09-09,142.47000122070312,143.5399932861328,141.4499969482422,141.5800018310547,128.15687561035156,6190800
QCOM,2021-09-10,143.1300048828125,146.0,142.5399932861328,142.67999267578125,129.15257263183594,6263300
QCOM,2021-09-13,144.02000427246094,144.72999572753906,142.02999877929688,143.41000366210938,129.81338500976562,4312800
QCOM,2021-09-14,144.47000122070312,144.80999755859375,140.6199951171875,141.13999938964844,127.7585678100586,6442100
QCOM,2021-09-15,140.80999755859375,141.0,137.52000427246094,138.24000549316406,125.13355255126953,11289100
QCOM,2021-09-16,137.32000732421875,138.9600067138672,137.32000732421875,138.39999389648438,125.27835845947266,6719900
QCOM,2021-09-17,137.80999755859375,138.0,133.13999938964844,133.60000610351562,120.93347930908203,14550500
QCOM,2021-09-20,131.47000122070312,133.1199951171875,130.61000061035156,132.75999450683594,120.17308044433594,9647100
QCOM,2021-09-21,133.58999633789062,133.91000366210938,131.27999877929688,131.75,119.25885009765625,6175300
QCOM,2021-09-22,132.58999633789062,133.49000549316406,131.97999572753906,133.00999450683594,120.39936065673828,5163000
QCOM,2021-09-23,133.75,135.16000366210938,133.22000122070312,133.91000366210938,121.21403503417969,5918900
QCOM,2021-09-24,133.11000061035156,134.5500030517578,132.8000030517578,133.8800048828125,121.18689727783203,4554600
QCOM,2021-09-27,132.42999267578125,134.0399932861328,132.02000427246094,133.47999572753906,120.8248062133789,4319500
QCOM,2021-09-28,131.75,132.74000549316406,129.6999969482422,129.89999389648438,117.58424377441406,8851700
QCOM,2021-09-29,130.58999633789062,131.4499969482422,128.88999938964844,129.27999877929688,117.02304077148438,7037200
QCOM,2021-09-30,130.35000610351562,131.0800018310547,128.6999969482422,128.97999572753906,116.75147247314453,6976800
QCOM,2021-10-01,129.8000030517578,130.02000427246094,126.47000122070312,128.7100067138672,116.50707244873047,6863700
QCOM,2021-10-04,128.9199981689453,129.7899932861328,125.91999816894531,126.68000030517578,114.66951751708984,8470300
QCOM,2021-10-05,126.12999725341797,128.77000427246094,125.69000244140625,127.52999877929688,115.43894958496094,9244300
QCOM,2021-10-06,126.55000305175781,128.27000427246094,126.06999969482422,128.05999755859375,115.91868591308594,8513700
QCOM,2021-10-07,129.25999450683594,130.72000122070312,127.58999633789062,127.83999633789062,115.71955108642578,8010600
QCOM,2021-10-08,128.58999633789062,128.58999633789062,126.20999908447266,126.55000305175781,114.55187225341797,6920500
QCOM,2021-10-11,126.05999755859375,127.2300033569336,124.87999725341797,124.94000244140625,113.0945053100586,6288200
QCOM,2021-10-12,125.37999725341797,125.47000122070312,122.16999816894531,122.94999694824219,111.29316711425781,10531500
QCOM,2021-10-13,125.19999694824219,126.31999969482422,123.5199966430664,125.04000091552734,113.18502044677734,12373800
QCOM,2021-10-14,126.16000366210938,129.3000030517578,125.98999786376953,128.66000366210938,116.46180725097656,10637900
QCOM,2021-10-15,129.02000427246094,130.47999572753906,128.67999267578125,130.1999969482422,117.85580444335938,7609700
QCOM,2021-10-18,129.32000732421875,130.27000427246094,128.24000549316406,130.1199951171875,117.78337860107422,5290000
QCOM,2021-10-19,131.02000427246094,132.8000030517578,130.32000732421875,132.5,119.93775177001953,7330700
QCOM,2021-10-20,132.5,133.00999450683594,131.25999450683594,132.16000366210938,119.62996673583984,4804100
QCOM,2021-10-21,132.0,133.25999450683594,131.39999389648438,133.0500030517578,120.43560028076172,4579200
QCOM,2021-10-22,132.89999389648438,133.69000244140625,131.42999267578125,131.6199951171875,119.14117431640625,5216200
QCOM,2021-10-25,131.82000732421875,133.1699981689453,131.3000030517578,131.92999267578125,119.42178344726562,4876300
QCOM,2021-10-26,132.89999389648438,133.7899932861328,131.07000732421875,131.94000244140625,119.43084716796875,5802200
QCOM,2021-10-27,131.94000244140625,132.36000061035156,130.50999450683594,131.1999969482422,118.76097869873047,5090400
QCOM,2021-10-28,131.99000549316406,133.8300018310547,131.8699951171875,133.69000244140625,121.01490783691406,5016700
QCOM,2021-10-29,132.86000061035156,133.67999267578125,132.4499969482422,133.0399932861328,120.42654418945312,5251100
QCOM,2021-11-01,132.44000244140625,134.8699951171875,132.44000244140625,134.80999755859375,122.0287094116211,6903000
QCOM,2021-11-02,134.5500030517578,135.72999572753906,134.1199951171875,135.22999572753906,122.40889739990234,7321900
QCOM,2021-11-03,135.75,138.85000610351562,135.0399932861328,138.47999572753906,125.35077667236328,13216000
QCOM,2021-11-04,156.32000732421875,159.5800018310547,153.3000030517578,156.11000061035156,141.3092803955078,48321500
QCOM,2021-11-05,157.07000732421875,168.5500030517578,155.91000366210938,163.02999877929688,147.57321166992188,27226600
QCOM,2021-11-08,163.2100067138672,167.7100067138672,161.27999877929688,165.85000610351562,150.12582397460938,14541400
QCOM,2021-11-09,166.50999450683594,169.52000427246094,164.3800048828125,166.74000549316406,150.9314727783203,12353900
QCOM,2021-11-10,165.08999633789062,166.1199951171875,159.02999877929688,159.8000030517578,144.64944458007812,11327100
QCOM,2021-11-11,161.8000030517578,165.55999755859375,161.38999938964844,164.4199981689453,148.83139038085938,7624200
QCOM,2021-11-12,165.0,166.02000427246094,164.3300018310547,164.94000244140625,149.30209350585938,7371000
QCOM,2021-11-15,166.5,169.94000244140625,165.80999755859375,168.50999450683594,152.5336456298828,12350200
QCOM,2021-11-16,168.11000061035156,183.72999572753906,167.05999755859375,181.80999755859375,164.5727081298828,33338200
QCOM,2021-11-17,180.7899932861328,186.3300018310547,178.6300048828125,183.5399932861328,166.138671875,21678900
QCOM,2021-11-18,185.24000549316406,188.72000122070312,182.75,186.32000732421875,168.65509033203125,15542600
QCOM,2021-11-19,184.69000244140625,186.60000610351562,182.3000030517578,185.0,167.4602508544922,11889100
QCOM,2021-11-22,181.11000061035156,188.77000427246094,180.97999572753906,181.39999389648438,164.20152282714844,16062800
QCOM,2021-11-23,180.33999633789062,181.3300018310547,177.02000427246094,180.94000244140625,163.78518676757812,10696200
QCOM,2021-11-24,179.52000427246094,180.77999877929688,177.3300018310547,180.7100067138672,163.57696533203125,7886200
QCOM,2021-11-26,175.6699981689453,180.25,175.05999755859375,175.74000549316406,159.0781707763672,7835900
QCOM,2021-11-29,179.47999572753906,184.07000732421875,179.0,183.74000549316406,166.3197021484375,10440500
QCOM,2021-11-30,183.22000122070312,186.80999755859375,180.33999633789062,180.55999755859375,163.44122314453125,19309200
QCOM,2021-12-01,180.88999938964844,183.14999389648438,175.32000732421875,175.6300048828125,159.57958984375,10637700
QCOM,2021-12-02,172.08999633789062,177.88999938964844,171.2100067138672,177.02999877929688,160.8516082763672,13101400
QCOM,2021-12-03,178.0399932861328,180.27000427246094,173.7100067138672,176.50999450683594,160.37918090820312,12111800
QCOM,2021-12-06,176.8800048828125,176.97999572753906,172.27000427246094,175.4499969482422,159.41603088378906,8577500
QCOM,2021-12-07,179.07000732421875,184.77999877929688,178.5,183.72000122070312,166.93028259277344,9910100
QCOM,2021-12-08,183.00999450683594,183.72000122070312,180.77999877929688,182.6300048828125,165.93991088867188,4799400
QCOM,2021-12-09,181.77000427246094,187.83999633789062,181.50999450683594,182.25999450683594,165.60365295410156,9398900
QCOM,2021-12-10,185.5500030517578,185.5500030517578,181.14999389648438,183.8800048828125,167.07565307617188,6854800
QCOM,2021-12-13,186.85000610351562,191.3000030517578,183.11000061035156,183.32000732421875,166.56678771972656,16346800
QCOM,2021-12-14,181.1999969482422,183.89999389648438,179.41000366210938,181.97999572753906,165.34925842285156,8542800
QCOM,2021-12-15,183.97000122070312,189.77999877929688,179.97999572753906,189.27999877929688,171.98216247558594,11082000
QCOM,2021-12-16,190.3000030517578,192.67999267578125,176.11000061035156,178.14999389648438,161.86924743652344,14873000
QCOM,2021-12-17,175.72999572753906,180.1199951171875,175.02000427246094,176.8000030517578,160.6426544189453,16232300
QCOM,2021-12-20,174.2899932861328,177.0800018310547,173.4600067138672,176.6699981689453,160.52456665039062,6306400
QCOM,2021-12-21,179.3800048828125,180.14999389648438,174.22000122070312,179.5800018310547,163.16859436035156,7702400
QCOM,2021-12-22,179.0,181.52000427246094,177.6300048828125,181.3800048828125,164.80410766601562,5227200
QCOM,2021-12-23,181.52999877929688,183.7100067138672,181.3800048828125,182.74000549316406,166.03985595703125,4918900
QCOM,2021-12-27,183.2100067138672,186.41000366210938,183.02000427246094,186.3300018310547,169.3017578125,4865900
QCOM,2021-12-28,186.58999633789062,186.72999572753906,183.49000549316406,184.82000732421875,167.9297332763672,5399400
QCOM,2021-12-29,184.67999267578125,187.38999938964844,184.55999755859375,186.1999969482422,169.18359375,5417200
QCOM,2021-12-30,185.8800048828125,186.52000427246094,182.30999755859375,182.72999572753906,166.03074645996094,4108400
QCOM,2021-12-31,183.30999755859375,185.14999389648438,182.60000610351562,182.8699951171875,166.15794372558594,4113300
QCOM,2022-01-03,182.91000366210938,186.8800048828125,182.24000549316406,186.2100067138672,169.1927032470703,5990200
QCOM,2022-01-04,187.0,188.92999267578125,181.00999450683594,187.22999572753906,170.11952209472656,8484200
QCOM,2022-01-05,186.5,193.5800018310547,184.72999572753906,186.5,169.4562225341797,17141200
QCOM,2022-01-06,184.52000427246094,188.47000122070312,183.0,185.9499969482422,168.9564666748047,9117700
QCOM,2022-01-07,186.60000610351562,188.36000061035156,180.1199951171875,180.41000366210938,163.92276000976562,7386200
QCOM,2022-01-10,178.27000427246094,180.0,173.75999450683594,179.67999267578125,163.25946044921875,11159300
QCOM,2022-01-11,179.19000244140625,185.64999389648438,177.22000122070312,185.39999389648438,168.45672607421875,9591000
QCOM,2022-01-12,186.60000610351562,189.4600067138672,185.19000244140625,186.4199981689453,169.3834686279297,7317500
QCOM,2022-01-13,188.6999969482422,191.5800018310547,183.2899932861328,183.88999938964844,167.08473205566406,10190900
QCOM,2022-01-14,182.8000030517578,190.08999633789062,182.00999450683594,188.69000244140625,171.4460906982422,9587300
QCOM,2022-01-18,185.8699951171875,186.0,178.27000427246094,178.86000061035156,162.51443481445312,10471200
QCOM,2022-01-19,180.57000732421875,181.2100067138672,172.27000427246094,172.47000122070312,156.70838928222656,10082700
QCOM,2022-01-20,174.52999877929688,174.99000549316406,166.2899932861328,166.5,151.283935546875,9468500
QCOM,2022-01-21,166.24000549316406,172.0399932861328,164.57000732421875,164.92999267578125,149.857421875,11898700
QCOM,2022-01-24,162.17999267578125,170.82000732421875,158.60000610351562,170.07000732421875,154.5277099609375,17489100
QCOM,2022-01-25,166.1699981689453,170.32000732421875,161.1999969482422,165.4499969482422,150.3299102783203,10708500
QCOM,2022-01-26,168.5800018310547,174.5500030517578,163.89999389648438,167.0,151.73829650878906,10492200
QCOM,2022-01-27,169.30999755859375,171.4499969482422,160.61000061035156,161.1999969482422,146.46827697753906,10743000
QCOM,2022-01-28,162.00999450683594,166.94000244140625,157.3800048828125,166.80999755859375,151.56564331054688,10320800
QCOM,2022-01-31,167.05999755859375,175.9499969482422,165.8000030517578,175.75999450683594,159.69772338867188,11273500
QCOM,2022-02-01,176.44000244140625,177.42999267578125,173.11000061035156,177.1300048828125,160.9425048828125,9724600
QCOM,2022-02-02,180.94000244140625,188.63999938964844,180.25999450683594,188.1999969482422,171.0008544921875,25646300
QCOM,2022-02-03,180.8000030517578,192.10000610351562,177.2899932861328,179.10000610351562,162.7324981689453,36120200
QCOM,2022-02-04,178.99000549316406,182.41000366210938,176.80999755859375,179.47000122070312,163.06866455078125,15708400
QCOM,2022-02-07,179.6699981689453,180.64999389648438,174.44000244140625,175.08999633789062,159.0889434814453,10376300
QCOM,2022-02-08,174.30999755859375,179.2899932861328,173.97999572753906,178.58999633789062,162.2690887451172,10163900
QCOM,2022-02-09,181.39999389648438,184.0,178.9499969482422,183.9499969482422,167.13925170898438,9666900
QCOM,2022-02-10,179.39999389648438,181.99000549316406,173.4499969482422,174.07000732421875,158.16217041015625,14362200
QCOM,2022-02-11,174.6999969482422,175.47999572753906,163.5500030517578,164.63999938964844,149.5939483642578,13572000
QCOM,2022-02-14,165.35000610351562,167.85000610351562,162.47999572753906,165.1300048828125,150.0391845703125,8381700
QCOM,2022-02-15,169.0,173.9600067138672,168.25,173.0,157.18995666503906,11100000
QCOM,2022-02-16,170.67999267578125,173.2100067138672,168.25999450683594,172.60000610351562,156.82650756835938,8340600
QCOM,2022-02-17,169.8800048828125,170.77000427246094,166.6999969482422,166.8000030517578,151.5565948486328,8878900
QCOM,2022-02-18,167.47000122070312,170.4499969482422,164.24000549316406,167.63999938964844,152.31979370117188,9591700
QCOM,2022-02-22,164.05999755859375,169.9600067138672,163.60000610351562,165.88999938964844,150.72970581054688,9835500
QCOM,2022-02-23,166.64999389648438,169.16000366210938,161.32000732421875,161.6199951171875,146.84996032714844,9749000
QCOM,2022-02-24,156.88999938964844,168.36000061035156,155.7899932861328,167.97999572753906,152.6287078857422,12567000
QCOM,2022-02-25,167.61000061035156,171.08999633789062,165.60000610351562,170.92999267578125,155.30911254882812,7350200
QCOM,2022-02-28,168.3000030517578,172.99000549316406,168.1999969482422,171.99000549316406,156.27223205566406,10638900
QCOM,2022-03-01,170.9600067138672,171.83999633789062,161.72000122070312,163.69000244140625,148.7307891845703,10723300
QCOM,2022-03-02,165.25,170.49000549316406,164.35000610351562,169.25,154.4241485595703,7299400
QCOM,2022-03-03,170.6699981689453,170.8300018310547,164.5,165.35000610351562,150.8658447265625,8553900
QCOM,2022-03-04,163.85000610351562,166.07000732421875,159.88999938964844,162.25999450683594,148.0464630126953,9057300
QCOM,2022-03-07,162.32000732421875,163.16000366210938,150.0,150.10000610351562,136.95166015625,13416100
QCOM,2022-03-08,150.66000366210938,158.33999633789062,147.8800048828125,150.75999450683594,137.55380249023438,11878400
QCOM,2022-03-09,156.00999450683594,158.47999572753906,154.1699981689453,157.11000061035156,143.3476104736328,9276800
QCOM,2022-03-10,154.0399932861328,155.3000030517578,150.3300018310547,154.7100067138672,141.1578369140625,8888800
QCOM,2022-03-11,157.9499969482422,158.32000732421875,152.02000427246094,152.33999633789062,138.9954376220703,7394400
QCOM,2022-03-14,150.8000030517578,151.2899932861328,140.47000122070312,141.2899932861328,128.91339111328125,16154200
QCOM,2022-03-15,142.5,144.42999267578125,139.0500030517578,144.2100067138672,131.57757568359375,13893000
QCOM,2022-03-16,146.97000122070312,151.55999755859375,143.57000732421875,150.4499969482422,137.27096557617188,11727700
QCOM,2022-03-17,149.19000244140625,152.94000244140625,146.5800018310547,152.8300018310547,139.44252014160156,8602900
QCOM,2022-03-18,152.52000427246094,156.02999877929688,149.00999450683594,153.99000549316406,140.5009002685547,18454200
QCOM,2022-03-21,153.99000549316406,157.7100067138672,152.80999755859375,155.58999633789062,141.96070861816406,8986400
QCOM,2022-03-22,155.4499969482422,159.94000244140625,154.77000427246094,157.61000061035156,143.80380249023438,7220500
QCOM,2022-03-23,156.11000061035156,157.2100067138672,152.5800018310547,152.8699951171875,139.4789581298828,7245600
QCOM,2022-03-24,154.3000030517578,158.55999755859375,153.58999633789062,158.4600067138672,144.57931518554688,9261000
QCOM,2022-03-25,157.97000122070312,158.4600067138672,155.17999267578125,157.97000122070312,144.13229370117188,7198700
QCOM,2022-03-28,156.5,158.5,154.0500030517578,158.4499969482422,144.5701904296875,9470800
QCOM,2022-03-29,161.2100067138672,161.3000030517578,156.64999389648438,161.07000732421875,146.960693359375,10212400
QCOM,2022-03-30,159.38999938964844,160.27000427246094,151.7899932861328,152.72999572753906,139.35125732421875,14777800
QCOM,2022-03-31,152.88999938964844,155.13999938964844,151.02999877929688,152.82000732421875,139.43336486816406,13364200
QCOM,2022-04-01,151.94000244140625,152.8699951171875,142.55999755859375,146.99000549316406,134.11412048339844,19762100
QCOM,2022-04-04,147.74000549316406,154.1300048828125,146.66000366210938,153.80999755859375,140.33663940429688,12116000
QCOM,2022-04-05,151.80999755859375,152.00999450683594,145.27000427246094,145.4600067138672,132.71812438964844,15946100
QCOM,2022-04-06,142.89999389648438,143.0,137.4600067138672,139.27999877929688,127.07945251464844,21054200
QCOM,2022-04-07,139.7899932861328,141.49000549316406,136.9199981689453,139.22000122070312,127.02471160888672,10201200
QCOM,2022-04-08,138.5399932861328,139.9600067138672,136.36000061035156,136.69000244140625,124.71635437011719,12992500
QCOM,2022-04-11,134.2899932861328,137.61000061035156,133.69000244140625,135.36000061035156,123.50285339355469,11210400
QCOM,2022-04-12,137.9199981689453,140.16000366210938,135.5,136.08999633789062,124.16887664794922,10591300
QCOM,2022-04-13,137.5399932861328,142.58999633789062,136.47999572753906,140.5,128.19259643554688,10440800
QCOM,2022-04-14,141.0500030517578,141.55999755859375,136.67999267578125,136.91000366210938,124.91706848144531,8002600
QCOM,2022-04-18,135.6199951171875,140.35000610351562,135.55999755859375,139.32000732421875,127.11593627929688,8785700
QCOM,2022-04-19,138.8300018310547,141.39999389648438,137.5399932861328,141.0500030517578,128.69444274902344,7213800
QCOM,2022-04-20,143.2100067138672,144.80999755859375,140.05999755859375,140.33999633789062,128.0465850830078,7731600
QCOM,2022-04-21,142.33999633789062,143.63999938964844,135.25999450683594,136.11000061035156,124.18711853027344,8576500
QCOM,2022-04-22,136.1300048828125,137.3300018310547,132.64999389648438,132.80999755859375,121.17620086669922,8315100
QCOM,2022-04-25,131.32000732421875,136.80999755859375,130.91000366210938,136.55999755859375,124.59769439697266,9673200
QCOM,2022-04-26,135.02000427246094,136.35000610351562,132.6300048828125,133.5,121.80577850341797,9262800
QCOM,2022-04-27,130.82000732421875,138.11000061035156,130.66000366210938,135.10000610351562,123.2656021118164,13855900
QCOM,2022-04-28,142.8699951171875,151.1999969482422,139.1300048828125,148.19000244140625,135.208984375,31111100
QCOM,2022-04-29,145.80999755859375,147.5,139.52000427246094,139.69000244140625,127.45353698730469,13693100
QCOM,2022-05-02,140.60000610351562,145.66000366210938,139.16000366210938,145.27000427246094,132.54473876953125,13320900
QCOM,2022-05-03,144.7100067138672,145.69000244140625,142.75999450683594,144.25999450683594,131.6232147216797,7556800
QCOM,2022-05-04,144.5800018310547,149.5,140.35000610351562,149.0500030517578,135.9936065673828,11038100
QCOM,2022-05-05,146.97999572753906,146.97999572753906,139.17999267578125,141.63999938964844,129.23272705078125,14561400
QCOM,2022-05-06,141.25,144.10000610351562,137.8800048828125,140.5800018310547,128.26556396484375,10080600
QCOM,2022-05-09,137.99000549316406,140.11000061035156,134.05999755859375,134.9199981689453,123.10137939453125,11668100
QCOM,2022-05-10,139.5,139.8000030517578,134.6300048828125,136.80999755859375,124.82581329345703,8841200
QCOM,2022-05-11,135.02999877929688,138.2899932861328,131.88999938964844,132.3000030517578,120.71087646484375,11530900
QCOM,2022-05-12,131.0,133.05999755859375,127.81999969482422,131.77000427246094,120.22731018066406,10749800
QCOM,2022-05-13,134.2899932861328,135.99000549316406,132.5,134.92999267578125,123.1104965209961,9280700
QCOM,2022-05-16,133.97999572753906,135.97999572753906,132.0,133.91000366210938,122.17982482910156,6378800
QCOM,2022-05-17,137.25,140.0,136.6999969482422,139.69000244140625,127.45353698730469,9094100
QCOM,2022-05-18,136.8300018310547,137.27999877929688,129.8800048828125,130.4499969482422,119.02293395996094,11992700
QCOM,2022-05-19,130.4499969482422,133.38999938964844,129.47999572753906,130.57000732421875,119.13243865966797,8419500
QCOM,2022-05-20,132.8800048828125,133.2899932861328,125.86000061035156,131.60000610351562,120.07219696044922,11370100
QCOM,2022-05-23,129.9499969482422,132.42999267578125,128.14999389648438,132.1199951171875,120.54662322998047,10023400
QCOM,2022-05-24,130.33999633789062,130.33999633789062,126.05000305175781,128.52999877929688,117.27111053466797,9157100
QCOM,2022-05-25,127.80000305175781,132.07000732421875,127.25,131.22999572753906,119.73460388183594,9766000
QCOM,2022-05-26,130.00999450683594,136.0,129.86000061035156,134.83999633789062,123.02835845947266,7932800
QCOM,2022-05-27,136.10000610351562,140.13999938964844,136.10000610351562,139.75999450683594,127.51739501953125,9180800
QCOM,2022-05-31,139.5,143.97000122070312,137.44000244140625,143.22000122070312,130.67431640625,16007300
QCOM,2022-06-01,142.5500030517578,143.91000366210938,138.1699981689453,140.02000427246094,128.4271697998047,8514300
QCOM,2022-06-02,140.25999450683594,146.25,139.6999969482422,146.1999969482422,134.09548950195312,9589500
QCOM,2022-06-03,142.17999267578125,143.44000244140625,140.61000061035156,141.22000122070312,129.52781677246094,7458900
QCOM,2022-06-06,144.9499969482422,144.97000122070312,139.9199981689453,140.44000244140625,128.81239318847656,7238700
QCOM,2022-06-07,139.1300048828125,142.14999389648438,138.49000549316406,141.88999938964844,130.142333984375,6062800
QCOM,2022-06-08,140.75,141.75999450683594,137.4499969482422,138.9600067138672,127.4549331665039,6773000
QCOM,2022-06-09,137.77000427246094,140.44000244140625,136.69000244140625,136.7100067138672,125.39122009277344,7153200
QCOM,2022-06-10,134.75,136.05999755859375,132.4199981689453,133.1999969482422,122.17182159423828,8544700
QCOM,2022-06-13,130.58999633789062,131.35000610351562,126.5999984741211,128.66000366210938,118.00770568847656,12320900
QCOM,2022-06-14,130.2100067138672,131.92999267578125,128.82000732421875,130.25999450683594,119.47521209716797,6794700
QCOM,2022-06-15,131.6699981689453,133.27999877929688,128.2100067138672,131.02999877929688,120.18147277832031,7860000
QCOM,2022-06-16,126.26000213623047,126.6500015258789,119.02999877929688,120.81999969482422,110.81680297851562,16422800
QCOM,2022-06-17,121.41999816894531,122.83000183105469,118.36000061035156,120.98999786376953,110.97274017333984,17273400
QCOM,2022-06-21,123.7699966430664,126.12000274658203,123.72000122070312,124.38999938964844,114.09123992919922,9208500
QCOM,2022-06-22,121.80000305175781,123.66000366210938,120.36000061035156,122.16000366210938,112.04586791992188,9081000
QCOM,2022-06-23,122.75,122.93000030517578,118.2300033569336,120.08999633789062,110.14723205566406,7908900
QCOM,2022-06-24,122.37999725341797,125.37000274658203,121.76000213623047,125.0999984741211,114.74243927001953,8128000
QCOM,2022-06-27,126.19999694824219,130.0399932861328,125.44000244140625,127.18000030517578,116.65023803710938,9947300
QCOM,2022-06-28,129.77999877929688,136.4499969482422,126.5999984741211,131.60000610351562,120.70429229736328,27081900
QCOM,2022-06-29,130.0800018310547,131.57000732421875,126.9000015258789,130.22999572753906,119.44770050048828,9973300
QCOM,2022-06-30,127.61000061035156,130.08999633789062,125.33000183105469,127.73999786376953,117.16385650634766,9277900
QCOM,2022-07-01,125.75,126.76000213623047,122.0999984741211,123.52999877929688,113.30243682861328,7672800
QCOM,2022-07-05,121.0999984741211,126.16999816894531,120.36000061035156,125.83000183105469,115.41199493408203,8113100
QCOM,2022-07-06,126.05999755859375,128.22999572753906,125.05999755859375,127.05999755859375,116.54016876220703,6038400
QCOM,2022-07-07,130.64999389648438,134.7100067138672,130.25999450683594,134.39999389648438,123.2724609375,9408100
QCOM,2022-07-08,132.52000427246094,136.38999938964844,131.6199951171875,136.00999450683594,124.74915313720703,8393200
QCOM,2022-07-11,133.58999633789062,134.60000610351562,131.32000732421875,132.24000549316406,121.29129791259766,5887200
QCOM,2022-07-12,133.74000549316406,135.35000610351562,131.9600067138672,132.9499969482422,121.9425048828125,5991300
QCOM,2022-07-13,130.5500030517578,136.77999877929688,130.52000427246094,135.63999938964844,124.4097671508789,7200200
QCOM,2022-07-14,134.94000244140625,142.35000610351562,133.85000610351562,141.89999389648438,130.15150451660156,10718700
QCOM,2022-07-15,143.75999450683594,145.47999572753906,142.02999877929688,144.3699951171875,132.41697692871094,11880500
QCOM,2022-07-18,145.97000122070312,146.42999267578125,140.82000732421875,141.69000244140625,129.95889282226562,7856600
QCOM,2022-07-19,144.13999938964844,148.47000122070312,143.17999267578125,147.3699951171875,135.1686248779297,9686500
QCOM,2022-07-20,147.42999267578125,152.3300018310547,146.6199951171875,151.7100067138672,139.14927673339844,8517400
QCOM,2022-07-21,152.8800048828125,155.9199981689453,150.6300048828125,155.86000061035156,142.9556884765625,8060400
QCOM,2022-07-22,155.66000366210938,156.66000366210938,152.35000610351562,153.6999969482422,140.97451782226562,7200100
QCOM,2022-07-25,152.8000030517578,154.0399932861328,151.6699981689453,153.25,140.56178283691406,4928900
QCOM,2022-07-26,152.6199951171875,152.6999969482422,149.80999755859375,149.97000122070312,137.5533905029297,5941800
QCOM,2022-07-27,151.52999877929688,154.8000030517578,150.5500030517578,153.4199981689453,140.71774291992188,12863000
QCOM,2022-07-28,149.77999877929688,149.99000549316406,143.0,146.4499969482422,134.32476806640625,17051000
QCOM,2022-07-29,144.60000610351562,145.30999755859375,140.6699981689453,145.05999755859375,133.04986572265625,11749400
QCOM,2022-08-01,144.30999755859375,149.4600067138672,144.07000732421875,147.42999267578125,135.22364807128906,7611400
QCOM,2022-08-02,145.69000244140625,149.39999389648438,144.83999633789062,147.02999877929688,134.8567657470703,5946400
QCOM,2022-08-03,147.66000366210938,150.33999633789062,146.58999633789062,149.16000366210938,136.81040954589844,6890200
QCOM,2022-08-04,148.67999267578125,151.16000366210938,147.7100067138672,151.00999450683594,138.5072479248047,6254700
QCOM,2022-08-05,148.57000732421875,151.27999877929688,147.6699981689453,150.2100067138672,137.7734832763672,5041300
QCOM,2022-08-08,149.80999755859375,151.19000244140625,146.5500030517578,147.80999755859375,135.5721893310547,5553300
QCOM,2022-08-09,145.58999633789062,146.5,141.30999755859375,142.50999450683594,130.71102905273438,6770800
QCOM,2022-08-10,145.85000610351562,147.17999267578125,143.69000244140625,146.99000549316406,134.82009887695312,6840000
QCOM,2022-08-11,148.30999755859375,151.63999938964844,147.02000427246094,147.8300018310547,135.5905303955078,6243200
QCOM,2022-08-12,148.0,151.47000122070312,147.17999267578125,151.2899932861328,138.76406860351562,4967500
QCOM,2022-08-15,150.32000732421875,152.6999969482422,148.39999389648438,152.1300048828125,139.53453063964844,4502900
QCOM,2022-08-16,151.4499969482422,152.49000549316406,148.85000610351562,150.02999877929688,137.60838317871094,5270800
QCOM,2022-08-17,148.22999572753906,149.6300048828125,146.36000061035156,148.52999877929688,136.23260498046875,5169600
QCOM,2022-08-18,148.07000732421875,152.91000366210938,147.75999450683594,151.3800048828125,138.8466339111328,7808200
QCOM,2022-08-19,149.2899932861328,150.3800048828125,146.89999389648438,147.60000610351562,135.3795928955078,5400300
QCOM,2022-08-22,145.3000030517578,145.80999755859375,141.10000610351562,141.61000061035156,129.88551330566406,6736800
QCOM,2022-08-23,142.08999633789062,143.61000061035156,140.55999755859375,140.72000122070312,129.0692138671875,4499300
QCOM,2022-08-24,140.25,141.7100067138672,138.61000061035156,141.30999755859375,129.6103515625,5113100
QCOM,2022-08-25,142.33999633789062,147.0,142.02000427246094,146.25,134.14137268066406,5618800
QCOM,2022-08-26,146.16000366210938,147.36000061035156,138.0500030517578,138.3800048828125,126.92295837402344,7918600
QCOM,2022-08-29,137.80999755859375,139.1300048828125,136.11000061035156,137.0800018310547,125.73058319091797,6852300
QCOM,2022-08-30,137.8000030517578,138.3000030517578,132.94000244140625,134.41000366210938,123.2816390991211,6147400
QCOM,2022-08-31,133.7899932861328,134.1699981689453,131.3000030517578,132.27000427246094,121.99954986572266,8701100
QCOM,2022-09-01,129.97999572753906,130.1300048828125,126.08000183105469,129.9199981689453,119.83203887939453,8716300
QCOM,2022-09-02,131.63999938964844,132.6699981689453,127.55999755859375,128.47999572753906,118.50383758544922,6121400
QCOM,2022-09-06,128.83999633789062,129.52000427246094,126.20999908447266,126.66999816894531,116.83438873291016,6674200
QCOM,2022-09-07,127.47000122070312,129.77999877929688,126.37000274658203,128.60000610351562,118.61454010009766,5340100
QCOM,2022-09-08,127.47000122070312,129.8000030517578,125.9000015258789,128.85000610351562,118.84512329101562,6618800
QCOM,2022-09-09,130.67999267578125,132.61000061035156,130.30999755859375,132.0500030517578,121.79667663574219,5097300
QCOM,2022-09-12,133.0,134.22000122070312,132.32000732421875,133.0,122.67288970947266,7081300
QCOM,2022-09-13,128.3800048828125,129.89999389648438,124.48999786376953,124.93000030517578,115.2294921875,9610900
QCOM,2022-09-14,126.2699966430664,127.9000015258789,125.5,127.52999877929688,117.62760925292969,7509300
QCOM,2022-09-15,126.69999694824219,128.0800018310547,124.2300033569336,124.9800033569336,115.275634765625,7459600
QCOM,2022-09-16,124.12000274658203,125.73999786376953,123.05000305175781,124.94999694824219,115.2479476928711,13818500
QCOM,2022-09-19,123.62000274658203,127.18000030517578,123.41000366210938,126.6500015258789,116.8159408569336,5922700
QCOM,2022-09-20,125.73999786376953,126.55000305175781,123.88999938964844,124.7699966430664,115.0819320678711,5672700
QCOM,2022-09-21,125.44000244140625,129.7899932861328,124.5,124.62000274658203,114.94354248046875,8123700
QCOM,2022-09-22,124.75,125.16000366210938,122.47000122070312,123.68000030517578,114.0765609741211,8753000
QCOM,2022-09-23,122.33999633789062,122.68000030517578,119.05000305175781,121.19000244140625,111.77991485595703,10681300
QCOM,2022-09-26,121.54000091552734,123.18000030517578,119.58999633789062,119.73999786376953,110.44248962402344,6424600
QCOM,2022-09-27,121.55999755859375,122.68000030517578,118.75,120.33999633789062,110.99588775634766,5544400
QCOM,2022-09-28,118.58000183105469,120.44999694824219,117.77999877929688,118.93000030517578,109.69538879394531,11321200
QCOM,2022-09-29,117.27999877929688,117.47000122070312,113.45999908447266,114.83999633789062,105.92295837402344,12125800
QCOM,2022-09-30,113.76000213623047,116.27999877929688,112.91999816894531,112.9800033569336,104.20738983154297,7568100
QCOM,2022-10-03,114.98999786376953,118.31999969482422,113.66999816894531,117.22000122070312,108.1181640625,7481700
QCOM,2022-10-04,120.4000015258789,122.44999694824219,120.31999969482422,122.37000274658203,112.86827850341797,6637200
QCOM,2022-10-05,120.87999725341797,125.55999755859375,120.52999877929688,124.88999938964844,115.1926040649414,7070300
QCOM,2022-10-06,124.51000213623047,127.20999908447266,124.4000015258789,125.27999877929688,115.55232238769531,6238600
QCOM,2022-10-07,122.62000274658203,124.11000061035156,120.31999969482422,120.91000366210938,111.52165222167969,8618500
QCOM,2022-10-10,120.58999633789062,121.04000091552734,113.44999694824219,114.5999984741211,105.70160675048828,9512600
QCOM,2022-10-11,112.0,112.48999786376953,108.6500015258789,110.02999877929688,101.48643493652344,10758800
QCOM,2022-10-12,110.31999969482422,110.80000305175781,108.37999725341797,108.63999938964844,100.20437622070312,6987900
QCOM,2022-10-13,105.37999725341797,115.19999694824219,104.66000366210938,112.86000061035156,104.0967025756836,10455000
QCOM,2022-10-14,114.62999725341797,114.98999786376953,109.79000091552734,109.94999694824219,101.41265869140625,7989800
QCOM,2022-10-17,113.91999816894531,114.4800033569336,110.61000061035156,111.58999633789062,102.9253158569336,7886400
QCOM,2022-10-18,114.94999694824219,116.08999633789062,109.54000091552734,111.20999908447266,102.57482147216797,8908900
QCOM,2022-10-19,110.86000061035156,113.66999816894531,110.75,112.8499984741211,104.08749389648438,5620200
QCOM,2022-10-20,113.16999816894531,116.08999633789062,111.72000122070312,111.9800033569336,103.28504180908203,7736400
QCOM,2022-10-21,111.75,115.98999786376953,111.0199966430664,115.73999786376953,106.7530746459961,7490100
QCOM,2022-10-24,116.33999633789062,117.0199966430664,114.23999786376953,116.37999725341797,107.34336853027344,6525700
QCOM,2022-10-25,116.56999969482422,119.94000244140625,116.2300033569336,119.16999816894531,109.91675567626953,6205100
QCOM,2022-10-26,118.04000091552734,120.73999786376953,116.16000366210938,118.11000061035156,108.9390640258789,7342300
QCOM,2022-10-27,119.31999969482422,120.5999984741211,114.37999725341797,114.69999694824219,105.7938232421875,8937200
QCOM,2022-10-28,114.16999816894531,119.44999694824219,112.33000183105469,119.20999908447266,109.9536361694336,9418700
QCOM,2022-10-31,118.12999725341797,118.37999725341797,115.4000015258789,117.66000366210938,108.52400207519531,6870800
QCOM,2022-11-01,119.73999786376953,120.62999725341797,116.75,117.33000183105469,108.21961975097656,5749100
QCOM,2022-11-02,118.70999908447266,118.79000091552734,112.25,112.5,103.76466369628906,13936300
QCOM,2022-11-03,104.37999725341797,106.5,101.93000030517578,103.87999725341797,95.81397247314453,24706100
QCOM,2022-11-04,106.61000061035156,107.5,104.33000183105469,106.69000244140625,98.40579223632812,11977900
QCOM,2022-11-07,107.4800033569336,110.27999877929688,106.26000213623047,110.08999633789062,101.54177856445312,7570800
QCOM,2022-11-08,111.56999969482422,114.88999938964844,109.91999816894531,112.54000091552734,103.80155181884766,9383600
QCOM,2022-11-09,111.45999908447266,113.51000213623047,110.2699966430664,110.43000030517578,101.85539245605469,9581300
QCOM,2022-11-10,115.91000366210938,121.0,114.52999877929688,120.68000030517578,111.30949401855469,11673200
QCOM,2022-11-11,118.98999786376953,122.16000366210938,118.98999786376953,121.43000030517578,112.00126647949219,9433800
QCOM,2022-11-14,120.73999786376953,123.20999908447266,120.26000213623047,120.80000305175781,111.42018127441406,6971000
QCOM,2022-11-15,125.6500015258789,128.1300048828125,123.41999816894531,126.0199966430664,116.23487091064453,12470200
QCOM,2022-11-16,123.19999694824219,123.83999633789062,119.95999908447266,120.7300033569336,111.35562133789062,9561700
QCOM,2022-11-17,118.94999694824219,123.12000274658203,118.70999908447266,122.86000061035156,113.32022857666016,7273700
QCOM,2022-11-18,124.04000091552734,124.48999786376953,122.12999725341797,123.8499984741211,114.23336029052734,6436600
QCOM,2022-11-21,121.08999633789062,122.5,120.0999984741211,120.19999694824219,110.86676788330078,8204200
QCOM,2022-11-22,120.83999633789062,123.79000091552734,120.02999877929688,123.6500015258789,114.04889678955078,7010200
QCOM,2022-11-23,123.54000091552734,127.04000091552734,123.29000091552734,125.1500015258789,115.43241119384766,5481500
QCOM,2022-11-25,124.86000061035156,125.36000061035156,123.4000015258789,123.44999694824219,113.86441802978516,3153800
QCOM,2022-11-28,122.16000366210938,123.44999694824219,118.8499984741211,119.54000091552734,110.25801849365234,7087500
QCOM,2022-11-29,120.13999938964844,121.37000274658203,118.31999969482422,118.37999725341797,109.18809509277344,6277600
QCOM,2022-11-30,118.75,126.5999984741211,118.06999969482422,126.48999786376953,117.4122314453125,12776700
QCOM,2022-12-01,126.72000122070312,128.1999969482422,125.68000030517578,126.80999755859375,117.70927429199219,7924800
QCOM,2022-12-02,123.70999908447266,125.81999969482422,123.12000274658203,125.66000366210938,116.6418228149414,6122200
QCOM,2022-12-05,124.58000183105469,125.47000122070312,122.43000030517578,123.30000305175781,114.451171875,6091600
QCOM,2022-12-06,122.81999969482422,123.0,118.56999969482422,119.77999877929688,111.18379211425781,5968000
QCOM,2022-12-07,118.5,120.31999969482422,117.76000213623047,118.20999908447266,109.7264633178711,5427100
QCOM,2022-12-08,118.9800033569336,122.3499984741211,118.18000030517578,121.75,113.01241302490234,7347600
QCOM,2022-12-09,120.41000366210938,121.4000015258789,118.8499984741211,119.05000305175781,110.50618743896484,6036000
QCOM,2022-12-12,116.05999755859375,121.25,116.05999755859375,121.20999908447266,112.51116180419922,9008400
QCOM,2022-12-13,126.9800033569336,127.94999694824219,121.81999969482422,123.48999786376953,114.6275405883789,9712700
QCOM,2022-12-14,124.2300033569336,126.58000183105469,120.0999984741211,121.70999908447266,112.97528076171875,9444100
QCOM,2022-12-15,120.25,120.5199966430664,116.08000183105469,116.63999938964844,108.26913452148438,10207800
QCOM,2022-12-16,116.08000183105469,116.66000366210938,113.3499984741211,114.52999877929688,106.3105697631836,12733900
QCOM,2022-12-19,114.01000213623047,115.16000366210938,111.51000213623047,112.61000061035156,104.52835083007812,7720200
QCOM,2022-12-20,111.4000015258789,112.77999877929688,111.0999984741211,112.0999984741211,104.05494689941406,6260200
QCOM,2022-12-21,112.76000213623047,114.95999908447266,112.69000244140625,114.58999633789062,106.36624908447266,5843800
QCOM,2022-12-22,112.56999969482422,112.58999633789062,107.37999725341797,110.68000030517578,102.73686218261719,12051400
QCOM,2022-12-23,109.69999694824219,110.91999816894531,108.20999908447266,110.83999633789062,102.8853759765625,5356700
QCOM,2022-12-27,109.75,110.69000244140625,108.88999938964844,109.45999908447266,101.60443115234375,6158100
QCOM,2022-12-28,108.87000274658203,110.2699966430664,106.81999969482422,106.97000122070312,99.29312133789062,5395600
QCOM,2022-12-29,108.3499984741211,110.66000366210938,108.11000061035156,109.83999633789062,101.95713806152344,6668600
QCOM,2022-12-30,107.97000122070312,110.05999755859375,107.22000122070312,109.94000244140625,102.04998779296875,5642300
QCOM,2023-01-03,111.3499984741211,111.73999786376953,107.12999725341797,107.19999694824219,99.50662231445312,8110400
QCOM,2023-01-04,109.80000305175781,112.2300033569336,108.80999755859375,111.52999877929688,103.52587127685547,7614200
QCOM,2023-01-05,109.93000030517578,110.91999816894531,109.12999725341797,109.4000015258789,101.54874420166016,7546000
QCOM,2023-01-06,110.95999908447266,115.9800033569336,110.05000305175781,115.33999633789062,107.06243896484375,10259300
QCOM,2023-01-09,116.7300033569336,118.8499984741211,113.54000091552734,114.61000061035156,106.38481140136719,10291800
QCOM,2023-01-10,114.0199966430664,116.97000122070312,113.72000122070312,116.91000366210938,108.51976013183594,6384800
QCOM,2023-01-11,117.44000244140625,118.5,115.16999816894531,118.38999938964844,109.89354705810547,7374400
QCOM,2023-01-12,119.23999786376953,122.37999725341797,117.6500015258789,121.58999633789062,112.8638916015625,9527600
QCOM,2023-01-13,119.81999969482422,121.41999816894531,119.72000122070312,120.23999786376953,111.61077880859375,8040400
QCOM,2023-01-17,119.73999786376953,121.31999969482422,119.0199966430664,120.27999877929688,111.64790344238281,6179500
QCOM,2023-01-18,121.62000274658203,123.98999786376953,121.01000213623047,122.04000091552734,113.28160095214844,10960400
QCOM,2023-01-19,121.05999755859375,121.0999984741211,117.41999816894531,117.58000183105469,109.14166259765625,8716200
QCOM,2023-01-20,118.41999816894531,122.95999908447266,117.33999633789062,122.9000015258789,114.07988739013672,8895000
QCOM,2023-01-23,126.54000091552734,132.05999755859375,125.81999969482422,131.02999877929688,121.62642669677734,13419500
QCOM,2023-01-24,130.5500030517578,132.97000122070312,130.14999389648438,130.6999969482422,121.3200912475586,7952400
QCOM,2023-01-25,128.4499969482422,131.5399932861328,127.69999694824219,131.1699981689453,121.75636291503906,6880300
QCOM,2023-01-26,134.41000366210938,134.85000610351562,131.16000366210938,133.9600067138672,124.34616088867188,7413600
QCOM,2023-01-27,131.49000549316406,134.88999938964844,131.4199981689453,133.39999389648438,123.82633972167969,6581900
QCOM,2023-01-30,131.0500030517578,132.39999389648438,130.14999389648438,131.6300048828125,122.183349609375,9854300
QCOM,2023-01-31,131.32000732421875,133.63999938964844,131.32000732421875,133.2100067138672,123.64997863769531,7125100
QCOM,2023-02-01,132.67999267578125,139.94000244140625,132.67999267578125,138.4600067138672,128.523193359375,10500600
QCOM,2023-02-02,138.4600067138672,139.16000366210938,134.8000030517578,135.85000610351562,126.10050201416016,17673200
QCOM,2023-02-03,131.16000366210938,138.39999389648438,128.57000732421875,135.02000427246094,125.330078125,13187300
QCOM,2023-02-06,132.27000427246094,134.8800048828125,131.86000061035156,132.92999267578125,123.39007568359375,6830500
QCOM,2023-02-07,133.14999389648438,137.3800048828125,132.3300018310547,136.6300048828125,126.82452392578125,7664200
QCOM,2023-02-08,135.30999755859375,136.27999877929688,131.75999450683594,132.1699981689453,122.68460845947266,7151700
QCOM,2023-02-09,133.88999938964844,135.22999572753906,129.9199981689453,130.52999877929688,121.16230010986328,5717500
QCOM,2023-02-10,129.2899932861328,129.94000244140625,127.62000274658203,128.99000549316406,119.73283386230469,5319200
QCOM,2023-02-13,129.4600067138672,131.42999267578125,128.38999938964844,130.83999633789062,121.45006561279297,5550400
QCOM,2023-02-14,129.1999969482422,132.8800048828125,128.36000061035156,132.33999633789062,122.84241485595703,5579900
QCOM,2023-02-15,130.60000610351562,133.3300018310547,130.3000030517578,133.07000732421875,123.52001190185547,3501100
QCOM,2023-02-16,130.75,132.58999633789062,129.9499969482422,130.16000366210938,120.81884765625,5788400
QCOM,2023-02-17,129.5,129.80999755859375,126.95999908447266,127.72000122070312,118.55397033691406,6022500
QCOM,2023-02-21,125.45999908447266,127.62000274658203,123.55000305175781,123.69999694824219,114.82246398925781,8164400
QCOM,2023-02-22,124.31999969482422,124.97000122070312,122.91999816894531,123.94999694824219,115.05451202392578,5517800
QCOM,2023-02-23,126.61000061035156,127.2300033569336,123.66999816894531,126.19999694824219,117.1430435180664,6440200
QCOM,2023-02-24,124.23999786376953,124.70999908447266,123.18000030517578,124.33999633789062,115.41654205322266,7357200
QCOM,2023-02-27,126.5,126.5999984741211,123.04000091552734,123.41999816894531,114.56256866455078,7787200
QCOM,2023-02-28,123.62000274658203,125.0999984741211,122.91999816894531,123.52999877929688,114.6646728515625,6491800
QCOM,2023-03-01,123.77999877929688,125.47000122070312,122.9800033569336,123.68000030517578,115.50517272949219,5530600
QCOM,2023-03-02,122.16000366210938,124.26000213623047,120.86000061035156,123.77999877929688,115.59857177734375,5258900
QCOM,2023-03-03,123.98999786376953,124.20999908447266,121.66999816894531,123.5999984741211,115.43047332763672,7052100
QCOM,2023-03-06,124.27999877929688,125.16999816894531,122.02999877929688,122.41000366210938,114.31913757324219,7031300
QCOM,2023-03-07,122.4800033569336,122.5,118.27999877929688,119.19000244140625,111.31197357177734,8879700
QCOM,2023-03-08,119.55000305175781,121.75,119.3499984741211,121.19999694824219,113.1890869140625,7633900
QCOM,2023-03-09,121.27999877929688,121.91999816894531,116.94000244140625,117.22000122070312,109.47216796875,8055500
QCOM,2023-03-10,117.54000091552734,118.2300033569336,114.52999877929688,115.19000244140625,107.57635498046875,6884500
QCOM,2023-03-13,113.76000213623047,116.23999786376953,113.27999877929688,114.43000030517578,106.8665542602539,7673700
QCOM,2023-03-14,116.41000366210938,117.05999755859375,113.91999816894531,116.55000305175781,108.84645080566406,8312100
QCOM,2023-03-15,115.25,116.18000030517578,113.13999938964844,115.48999786376953,107.85651397705078,8596900
QCOM,2023-03-16,117.0,120.83000183105469,115.91000366210938,120.51000213623047,112.54470825195312,11207800
QCOM,2023-03-17,120.77999877929688,122.87000274658203,119.1500015258789,120.7300033569336,112.75016784667969,12304100
QCOM,2023-03-20,120.7699966430664,122.0199966430664,119.80999755859375,121.81999969482422,113.76813507080078,5945000
QCOM,2023-03-21,122.98999786376953,125.06999969482422,122.1500015258789,123.80000305175781,115.61724090576172,6900600
QCOM,2023-03-22,124.0,126.23999786376953,121.87000274658203,121.97000122070312,113.90819549560547,7072700
QCOM,2023-03-23,123.94000244140625,127.0,122.0999984741211,124.1500015258789,115.94412231445312,7353800
QCOM,2023-03-24,123.62999725341797,124.93000030517578,122.25,124.76000213623047,116.51380920410156,6987200
QCOM,2023-03-27,125.73999786376953,126.05999755859375,123.31999969482422,123.5999984741211,115.43047332763672,4818000
QCOM,2023-03-28,123.5999984741211,123.68000030517578,120.20999908447266,121.33999633789062,113.31985473632812,5272100
QCOM,2023-03-29,123.41999816894531,125.95999908447266,123.25,125.08999633789062,116.82198333740234,6410100
QCOM,2023-03-30,127.08000183105469,128.19000244140625,126.43000030517578,127.4000015258789,118.97930145263672,8156400
QCOM,2023-03-31,126.6500015258789,127.97000122070312,126.29000091552734,127.58000183105469,119.14739990234375,6222400
QCOM,2023-04-03,126.98999786376953,127.56999969482422,123.61000061035156,124.73999786376953,116.49512481689453,6367800
QCOM,2023-04-04,124.93000030517578,125.22000122070312,121.80999755859375,122.30000305175781,114.21640014648438,6962700
QCOM,2023-04-05,121.41999816894531,123.22000122070312,121.25,123.04000091552734,114.907470703125,6920900
QCOM,2023-04-06,122.33999633789062,123.8499984741211,121.05000305175781,123.0,114.87013244628906,5260600
QCOM,2023-04-10,122.08999633789062,124.58000183105469,121.68000030517578,124.29000091552734,116.07485961914062,5243700
QCOM,2023-04-11,125.25,125.25,123.16999816894531,123.56999969482422,115.40245056152344,5001400
QCOM,2023-04-12,124.41000366210938,124.5,120.1500015258789,120.2699966430664,112.3205795288086,5288300
QCOM,2023-04-13,120.05000305175781,121.66000366210938,119.12000274658203,121.12999725341797,113.12373352050781,6077100
QCOM,2023-04-14,120.87000274658203,121.91999816894531,118.76000213623047,120.16000366210938,112.21783447265625,4833100
QCOM,2023-04-17,119.12999725341797,119.83999633789062,118.16999816894531,119.37999725341797,111.48939514160156,6370200
QCOM,2023-04-18,120.33999633789062,120.80000305175781,117.41000366210938,118.36000061035156,110.53682708740234,4829900
QCOM,2023-04-19,117.25,118.69000244140625,116.44999694824219,118.54000091552734,110.70491790771484,4241900
QCOM,2023-04-20,117.29000091552734,119.9000015258789,117.12000274658203,118.63999938964844,110.7983169555664,5125000
QCOM,2023-04-21,117.87000274658203,118.19000244140625,116.55000305175781,117.76000213623047,109.97647094726562,4980700
QCOM,2023-04-24,117.81999969482422,117.83000183105469,116.56999969482422,117.3499984741211,109.59357452392578,4097900
QCOM,2023-04-25,116.73999786376953,116.83999633789062,113.68000030517578,114.05000305175781,106.51170349121094,7045200
QCOM,2023-04-26,114.29000091552734,115.0999984741211,113.20999908447266,114.16000366210938,106.61441040039062,4671100
QCOM,2023-04-27,113.87999725341797,114.30999755859375,112.1500015258789,113.91999816894531,106.3902816772461,6945700
QCOM,2023-04-28,115.0999984741211,116.9000015258789,113.7300033569336,116.80000305175781,109.0799331665039,8652500
QCOM,2023-05-01,117.20999908447266,117.58000183105469,115.51000213623047,115.83999633789062,108.1833724975586,6208500
QCOM,2023-05-02,116.12999725341797,117.05999755859375,114.44000244140625,116.11000061035156,108.43553161621094,7081200
QCOM,2023-05-03,116.66000366210938,116.81999969482422,112.5999984741211,112.83000183105469,105.3723373413086,11491700
QCOM,2023-05-04,104.02999877929688,107.12000274658203,103.5,106.58000183105469,99.53543853759766,22117500
QCOM,2023-05-05,108.20999908447266,109.2699966430664,105.7699966430664,108.77999877929688,101.59001159667969,10745600
QCOM,2023-05-08,108.37999725341797,108.83000183105469,106.87000274658203,108.30999755859375,101.15108489990234,6694400
QCOM,2023-05-09,107.0,107.43000030517578,105.30000305175781,105.7699966430664,98.7789535522461,7804100
QCOM,2023-05-10,107.0,107.4800033569336,105.13999938964844,106.45999908447266,99.4233627319336,7980100
QCOM,2023-05-11,106.29000091552734,106.51000213623047,103.68000030517578,104.05999755859375,97.18199157714844,10630500
QCOM,2023-05-12,104.47000122070312,104.73999786376953,102.61000061035156,103.62000274658203,96.77107238769531,7635900
QCOM,2023-05-15,103.76000213623047,106.4000015258789,102.88999938964844,106.27999877929688,99.25526428222656,7444900
QCOM,2023-05-16,105.66999816894531,106.4800033569336,103.72000122070312,103.79000091552734,96.9298324584961,7027000
QCOM,2023-05-17,104.19000244140625,105.44999694824219,103.58000183105469,104.80999755859375,97.88241577148438,9504700
QCOM,2023-05-18,104.80999755859375,107.12000274658203,104.80999755859375,106.95999908447266,99.89031982421875,9142000
QCOM,2023-05-19,106.94999694824219,107.12000274658203,105.5199966430664,105.86000061035156,98.86302185058594,5783200
QCOM,2023-05-22,103.66999816894531,105.87000274658203,103.25,105.27999877929688,98.32135772705078,7912400
QCOM,2023-05-23,104.06999969482422,105.63999938964844,103.47000122070312,103.55999755859375,96.71504211425781,7452500
QCOM,2023-05-24,102.08000183105469,103.13999938964844,101.58000183105469,103.0199966430664,96.2107162475586,8193700
QCOM,2023-05-25,101.93000030517578,104.11000061035156,101.47000122070312,104.0199966430664,97.14463806152344,11677400
QCOM,2023-05-26,104.94000244140625,111.27999877929688,104.81999969482422,110.3499984741211,103.05625915527344,15969900
QCOM,2023-05-30,114.5,116.69000244140625,112.61000061035156,116.0,108.33280181884766,18291800
QCOM,2023-05-31,113.55999755859375,114.0,111.5999984741211,113.41000366210938,106.64949798583984,14924000
QCOM,2023-06-01,114.55999755859375,116.55999755859375,112.30999755859375,115.83000183105469,108.92525482177734,8616500
QCOM,2023-06-02,117.23999786376953,117.4000015258789,114.69000244140625,115.62000274658203,108.72776794433594,7873400
QCOM,2023-06-05,115.43000030517578,115.91999816894531,112.63999938964844,112.7300033569336,106.01005554199219,7769300
QCOM,2023-06-06,112.58000183105469,116.79000091552734,112.23999786376953,116.36000061035156,109.42365264892578,7594500
QCOM,2023-06-07,116.62999725341797,117.16000366210938,114.48999786376953,115.18000030517578,108.3139877319336,7555400
QCOM,2023-06-08,115.5999984741211,116.63999938964844,114.0999984741211,116.3499984741211,109.41424560546875,5793400
QCOM,2023-06-09,117.48999786376953,120.8499984741211,117.37999725341797,119.11000061035156,112.00972747802734,13807000
QCOM,2023-06-12,121.04000091552734,122.30999755859375,119.7699966430664,122.13999938964844,114.85909271240234,9675100
QCOM,2023-06-13,124.27999877929688,125.4000015258789,122.75,124.43000030517578,117.01258850097656,8873200
QCOM,2023-06-14,124.3499984741211,124.43000030517578,121.5,123.4000015258789,116.04399108886719,7324600
QCOM,2023-06-15,121.58000183105469,124.69000244140625,121.04000091552734,123.61000061035156,116.24146270751953,8132600
QCOM,2023-06-16,124.58999633789062,124.9800033569336,122.0999984741211,122.68000030517578,115.3669204711914,12905700
QCOM,2023-06-20,121.94000244140625,122.37000274658203,118.70999908447266,119.81999969482422,112.67739868164062,8667400
QCOM,2023-06-21,118.61000061035156,119.0199966430664,115.66999816894531,115.76000213623047,108.85942840576172,7925400
QCOM,2023-06-22,116.01000213623047,116.68000030517578,114.91000366210938,116.4000015258789,109.46127319335938,7283000
QCOM,2023-06-23,114.08999633789062,115.27999877929688,113.02999877929688,113.43000030517578,106.66830444335938,11958500
QCOM,2023-06-26,114.55999755859375,117.61000061035156,114.30000305175781,116.62999725341797,109.67755889892578,9377000
QCOM,2023-06-27,116.73999786376953,119.94000244140625,115.6500015258789,119.79000091552734,112.6491928100586,7308900
QCOM,2023-06-28,117.0199966430664,118.0999984741211,116.58000183105469,117.54000091552734,110.53330993652344,6384800
QCOM,2023-06-29,117.55999755859375,118.1500015258789,116.87999725341797,118.05999755859375,111.02230834960938,5138500
QCOM,2023-06-30,119.5999984741211,119.86000061035156,118.37999725341797,119.04000091552734,111.94390106201172,6565100
QCOM,2023-07-03,119.2699966430664,120.4800033569336,118.45999908447266,120.08999633789062,112.9312973022461,2662000
QCOM,2023-07-05,119.0199966430664,119.05000305175781,117.0999984741211,117.12999725341797,110.14775085449219,6249200
QCOM,2023-07-06,115.16000366210938,116.19999694824219,113.62000274658203,115.22000122070312,108.35160827636719,7544600
QCOM,2023-07-07,115.37000274658203,117.7300033569336,114.76000213623047,115.94000244140625,109.0286865234375,6108400
QCOM,2023-07-10,116.47000122070312,118.27999877929688,116.47000122070312,117.12000274658203,110.13835144042969,6037000
QCOM,2023-07-11,117.80000305175781,117.87000274658203,114.88999938964844,116.87000274658203,109.90325927734375,5784000
QCOM,2023-07-12,117.55999755859375,119.2300033569336,117.0999984741211,118.68000030517578,111.60535430908203,8371300
QCOM,2023-07-13,120.0,123.41999816894531,119.87999725341797,123.12000274658203,115.78068542480469,9823000
QCOM,2023-07-14,123.0,123.18000030517578,121.12999725341797,122.55999755859375,115.2540512084961,7892200
QCOM,2023-07-17,122.33000183105469,124.45999908447266,120.76000213623047,123.4000015258789,116.04399108886719,6125000
QCOM,2023-07-18,122.31999969482422,123.2300033569336,121.26000213623047,122.86000061035156,115.53617858886719,7481200
QCOM,2023-07-19,125.33999633789062,127.0999984741211,124.30000305175781,124.41999816894531,117.00318145751953,8866700
QCOM,2023-07-20,123.5199966430664,124.5999984741211,120.2300033569336,120.72000122070312,113.52375793457031,9148600
QCOM,2023-07-21,121.93000030517578,126.66000366210938,121.37999725341797,124.72000122070312,117.28530883789062,23704100
QCOM,2023-07-24,124.72000122070312,125.5999984741211,123.16999816894531,124.0999984741211,116.70226287841797,5859300
QCOM,2023-07-25,124.19999694824219,125.9800033569336,124.19999694824219,125.06999969482422,117.61444091796875,5592100
QCOM,2023-07-26,123.19999694824219,125.23999786376953,122.33999633789062,124.0199966430664,116.62702941894531,5291800
QCOM,2023-07-27,126.55999755859375,127.7699966430664,124.91999816894531,125.8499984741211,118.34795379638672,7917900
QCOM,2023-07-28,128.3000030517578,129.9199981689453,127.55999755859375,129.47999572753906,121.76155090332031,11762200
QCOM,2023-07-31,129.99000549316406,132.97000122070312,129.10000610351562,132.1699981689453,124.29121398925781,11029600
QCOM,2023-08-01,131.9199981689453,132.38999938964844,130.24000549316406,132.0800018310547,124.20655822753906,7128700
QCOM,2023-08-02,130.1999969482422,131.5800018310547,128.8300018310547,129.27000427246094,121.56407165527344,13711100
QCOM,2023-08-03,116.97000122070312,119.11000061035156,114.88999938964844,118.69999694824219,111.6241455078125,29239600
QCOM,2023-08-04,117.76000213623047,122.0,117.76000213623047,121.5,114.25724792480469,12658700
QCOM,2023-08-07,122.20999908447266,122.73999786376953,117.91999816894531,119.33999633789062,112.22601318359375,7706500
QCOM,2023-08-08,117.0,117.87999725341797,115.95999908447266,117.66000366210938,110.64617156982422,8934600
QCOM,2023-08-09,117.2300033569336,118.11000061035156,116.5199966430664,116.56999969482422,109.62112426757812,5642500
QCOM,2023-08-10,117.68000030517578,118.38999938964844,115.06999969482422,115.61000061035156,108.71836853027344,6224500
QCOM,2023-08-11,114.12999725341797,115.45999908447266,113.72000122070312,114.61000061035156,107.77796936035156,5712500
QCOM,2023-08-14,113.87999725341797,114.5199966430664,112.80999755859375,114.0199966430664,107.22314453125,8537500
QCOM,2023-08-15,113.33999633789062,113.51000213623047,111.4000015258789,111.68000030517578,105.02263641357422,6843600
QCOM,2023-08-16,111.3499984741211,111.91999816894531,110.05000305175781,110.1500015258789,103.5838394165039,6426700
QCOM,2023-08-17,110.19000244140625,111.12999725341797,109.66000366210938,110.08000183105469,103.51800537109375,6250500
QCOM,2023-08-18,108.81999969482422,110.5199966430664,108.5,110.0999984741211,103.53681182861328,6384700
QCOM,2023-08-21,109.83999633789062,110.95999908447266,109.0,110.68000030517578,104.08224487304688,6539800
QCOM,2023-08-22,111.47000122070312,111.83999633789062,109.13999938964844,109.47000122070312,102.94437408447266,4587000
QCOM,2023-08-23,109.33999633789062,111.52999877929688,108.8499984741211,111.16999816894531,104.54303741455078,6873900
QCOM,2023-08-24,112.16000366210938,112.56999969482422,108.16000366210938,108.51000213623047,102.0416030883789,8698100
QCOM,2023-08-25,108.88999938964844,110.5199966430664,107.76000213623047,110.31999969482422,103.74371337890625,6669900
QCOM,2023-08-28,111.30000305175781,112.19000244140625,110.62000274658203,111.68000030517578,105.02263641357422,4316400
QCOM,2023-08-29,110.5199966430664,113.98999786376953,110.5199966430664,113.77999877929688,106.99745178222656,6971400
QCOM,2023-08-30,112.55999755859375,113.45999908447266,111.66999816894531,113.2699966430664,107.27208709716797,6490300
QCOM,2023-08-31,112.43000030517578,115.16000366210938,112.43000030517578,114.52999877929688,108.46537780761719,7962500
QCOM,2023-09-01,115.69999694824219,115.69999694824219,114.41000366210938,115.38999938964844,109.27983856201172,5310700
QCOM,2023-09-05,114.91000366210938,117.05999755859375,114.91000366210938,116.55000305175781,110.37840270996094,7294800
QCOM,2023-09-06,116.0,116.72000122070312,113.62999725341797,114.68000030517578,108.60742950439453,7411900
QCOM,2023-09-07,110.5999984741211,110.69999694824219,106.06999969482422,106.4000015258789,100.76586151123047,17947800
QCOM,2023-09-08,106.16999816894531,107.06999969482422,105.51000213623047,106.13999938964844,100.51963806152344,9819300
QCOM,2023-09-11,111.2699966430664,111.83999633789062,108.81999969482422,110.27999877929688,104.4404067993164,18771700
QCOM,2023-09-12,109.58000183105469,112.73999786376953,109.51000213623047,111.2300033569336,105.3401107788086,9250100
QCOM,2023-09-13,111.58000183105469,113.5999984741211,111.52999877929688,112.63999938964844,106.67545318603516,8131500
QCOM,2023-09-14,113.7699966430664,114.73999786376953,113.0,114.04000091552734,108.00131225585938,7138100
QCOM,2023-09-15,113.97000122070312,115.19000244140625,112.45999908447266,113.13999938964844,107.14897918701172,12247400
QCOM,2023-09-18,112.88999938964844,113.83000183105469,112.45999908447266,112.75,106.77963256835938,5065100
QCOM,2023-09-19,112.19999694824219,112.33999633789062,109.91000366210938,110.72000122070312,104.85711669921875,5658800
QCOM,2023-09-20,111.73999786376953,111.80000305175781,109.16000366210938,109.22000122070312,103.4365463256836,7073800
QCOM,2023-09-21,107.9800033569336,109.58999633789062,107.8499984741211,107.95999908447266,102.2432632446289,7007200
QCOM,2023-09-22,108.7699966430664,109.77999877929688,107.36000061035156,107.68000030517578,101.97808837890625,6965500
QCOM,2023-09-25,106.83999633789062,110.4800033569336,106.70999908447266,110.43000030517578,104.58248138427734,6782500
QCOM,2023-09-26,109.8499984741211,110.63999938964844,109.33999633789062,109.72000122070312,103.91007232666016,6559800
QCOM,2023-09-27,110.7300033569336,110.80999755859375,107.43000030517578,109.19000244140625,103.40813446044922,7225000
QCOM,2023-09-28,109.76000213623047,111.91000366210938,109.18000030517578,111.0999984741211,105.21699523925781,4851300
QCOM,2023-09-29,111.87999725341797,112.2300033569336,110.63999938964844,111.05999755859375,105.17911529541016,4869300
QCOM,2023-10-02,110.4000015258789,111.79000091552734,109.5999984741211,111.0999984741211,105.21699523925781,5751500
QCOM,2023-10-03,110.80999755859375,112.26000213623047,109.37999725341797,110.19000244140625,104.35518646240234,7750700
QCOM,2023-10-04,110.80000305175781,111.06999969482422,108.80000305175781,109.8499984741211,104.0331802368164,7189400
QCOM,2023-10-05,109.69999694824219,110.45999908447266,108.94999694824219,109.80000305175781,103.98583221435547,5089700
QCOM,2023-10-06,110.87000274658203,111.33000183105469,108.05000305175781,110.87999725341797,105.0086441040039,7930600
QCOM,2023-10-09,110.31999969482422,111.9800033569336,109.4800033569336,111.80000305175781,105.87992858886719,4714500
QCOM,2023-10-10,111.5,112.98999786376953,110.43000030517578,112.30999755859375,106.36292266845703,6253000
QCOM,2023-10-11,112.27999877929688,112.63999938964844,109.58000183105469,111.12000274658203,105.2359390258789,6378600
QCOM,2023-10-12,111.9800033569336,112.20999908447266,110.31999969482422,111.45999908447266,105.55793762207031,5371700
QCOM,2023-10-13,111.72000122070312,111.97000122070312,108.54000091552734,108.66000366210938,102.90621185302734,6035600
QCOM,2023-10-16,109.08999633789062,111.08000183105469,108.94999694824219,110.51000213623047,104.65823364257812,6254700
QCOM,2023-10-17,108.80999755859375,112.2699966430664,108.0199966430664,112.19999694824219,106.25875091552734,7334000
QCOM,2023-10-18,111.05999755859375,112.11000061035156,110.02999877929688,110.9800033569336,105.10335540771484,7174500
QCOM,2023-10-19,112.38999938964844,114.4000015258789,110.83999633789062,111.27999877929688,105.38745880126953,10511500
QCOM,2023-10-20,111.5199966430664,111.61000061035156,108.62999725341797,108.62999725341797,102.8777847290039,7756500
QCOM,2023-10-23,107.94000244140625,110.56999969482422,107.68000030517578,108.66000366210938,102.90621185302734,6679200
QCOM,2023-10-24,109.30000305175781,110.33000183105469,108.44000244140625,109.38999938964844,103.59754180908203,8578600
QCOM,2023-10-25,108.80999755859375,109.29000091552734,104.43000030517578,104.77999877929688,99.23163604736328,8571600
QCOM,2023-10-26,104.75,106.47000122070312,104.33000183105469,105.62000274658203,100.02717590332031,8705200
QCOM,2023-10-27,106.9000015258789,107.88999938964844,105.83999633789062,106.45999908447266,100.82269287109375,7292000
QCOM,2023-10-30,106.70999908447266,109.33000183105469,106.18000030517578,107.83000183105469,102.12015533447266,6634000
QCOM,2023-10-31,108.30000305175781,109.20999908447266,106.69000244140625,108.98999786376953,103.21871948242188,6485500
QCOM,2023-11-01,109.16999816894531,111.19000244140625,108.69999694824219,110.88999938964844,105.01812744140625,12809900
QCOM,2023-11-02,117.97000122070312,119.08000183105469,114.44999694824219,117.36000061035156,111.14552307128906,22106100
QCOM,2023-11-03,117.94999694824219,120.0999984741211,117.36000061035156,119.5199966430664,113.19113159179688,10670100
QCOM,2023-11-06,120.0,120.55999755859375,118.37999725341797,119.93000030517578,113.57943725585938,7756400
QCOM,2023-11-07,119.8499984741211,121.08000183105469,119.16999816894531,120.72000122070312,114.32759857177734,7898400
QCOM,2023-11-08,121.4000015258789,122.05999755859375,119.1500015258789,120.05999755859375,113.7025375366211,7681900
QCOM,2023-11-09,121.12000274658203,122.43000030517578,119.8499984741211,120.0999984741211,113.74042510986328,9002700
QCOM,2023-11-10,121.9000015258789,124.80999755859375,120.97000122070312,124.20999908447266,117.6327896118164,12191600
QCOM,2023-11-13,124.0,124.55000305175781,122.62999725341797,123.8499984741211,117.2918472290039,7959200
QCOM,2023-11-14,127.33999633789062,128.22000122070312,126.08000183105469,127.36000061035156,120.6159896850586,11255400
QCOM,2023-11-15,127.91999816894531,129.72999572753906,127.55999755859375,128.9199981689453,122.09337615966797,7789100
QCOM,2023-11-16,129.08999633789062,130.3699951171875,128.30999755859375,128.6999969482422,121.88504028320312,11655700
QCOM,2023-11-17,129.3000030517578,129.7899932861328,128.4199981689453,129.47000122070312,122.6142578125,6543300
QCOM,2023-11-20,129.44000244140625,130.1199951171875,129.02000427246094,129.50999450683594,122.65214538574219,7148600
QCOM,2023-11-21,126.88999938964844,127.47000122070312,125.75,127.0199966430664,120.29399871826172,14641800
QCOM,2023-11-22,127.88999938964844,129.50999450683594,127.16000366210938,127.5,120.74858093261719,6647400
QCOM,2023-11-24,128.22999572753906,128.22999572753906,127.55999755859375,127.75,120.98534393310547,3708200
QCOM,2023-11-27,127.2699966430664,129.02000427246094,126.79000091552734,128.1999969482422,121.41151428222656,8586400
QCOM,2023-11-28,127.19999694824219,127.30999755859375,125.66999816894531,126.58999633789062,119.88676452636719,8817900
QCOM,2023-11-29,129.24000549316406,130.60000610351562,127.62000274658203,127.91000366210938,121.90728759765625,10608300
QCOM,2023-11-30,129.27000427246094,129.39999389648438,127.48999786376953,129.0500030517578,122.99378967285156,11731800
QCOM,2023-12-01,129.05999755859375,130.27000427246094,128.50999450683594,129.6699981689453,123.58468627929688,8866500
QCOM,2023-12-04,129.3300018310547,130.0500030517578,128.02999877929688,129.9499969482422,123.85154724121094,7485000
QCOM,2023-12-05,129.08999633789062,130.85000610351562,128.9499969482422,130.75,124.61400604248047,6231600
QCOM,2023-12-06,131.97999572753906,132.13999938964844,129.66000366210938,129.9600067138672,123.861083984375,6912400
QCOM,2023-12-07,131.3300018310547,133.3300018310547,130.38999938964844,132.94000244140625,126.70122528076172,7815700
QCOM,2023-12-08,131.22000122070312,133.97000122070312,131.17999267578125,132.97000122070312,126.72981262207031,7678600
QCOM,2023-12-11,134.50999450683594,136.60000610351562,134.07000732421875,136.10000610351562,129.7129364013672,11010700
QCOM,2023-12-12,135.97999572753906,137.22999572753906,135.5,136.67999267578125,130.2657012939453,7380400
QCOM,2023-12-13,136.3800048828125,138.99000549316406,136.0800018310547,138.8000030517578,132.28622436523438,7507700
QCOM,2023-12-14,139.60000610351562,142.75999450683594,139.60000610351562,141.5,134.85951232910156,11468900
QCOM,2023-12-15,142.0500030517578,143.49000549316406,141.3800048828125,143.1300048828125,136.4130096435547,25053500
QCOM,2023-12-18,142.50999450683594,143.1199951171875,141.2899932861328,141.64999389648438,135.00245666503906,7832100
QCOM,2023-12-19,142.02999877929688,143.42999267578125,141.44000244140625,143.22999572753906,136.50831604003906,5658400
QCOM,2023-12-20,141.97000122070312,142.97999572753906,140.36000061035156,140.44000244140625,133.84927368164062,7264800
QCOM,2023-12-21,141.8000030517578,142.69000244140625,140.99000549316406,142.44000244140625,135.75538635253906,8361600
QCOM,2023-12-22,143.25,144.39999389648438,142.75,143.49000549316406,136.75613403320312,4659200
QCOM,2023-12-26,144.1699981689453,146.0500030517578,143.9600067138672,145.4600067138672,138.63368225097656,4381200
QCOM,2023-12-27,145.85000610351562,146.22000122070312,145.0399932861328,145.72000122070312,138.8814697265625,4470300
QCOM,2023-12-28,146.17999267578125,146.88999938964844,145.72999572753906,145.86000061035156,139.014892578125,4928800
QCOM,2023-12-29,145.41000366210938,145.6199951171875,143.7899932861328,144.6300048828125,137.8426055908203,4839300
QCOM,2024-01-02,142.19000244140625,142.1999969482422,138.77999877929688,140.22999572753906,133.6491241455078,8495800
QCOM,2024-01-03,138.88999938964844,138.88999938964844,136.99000549316406,137.60000610351562,131.1425018310547,8133300
QCOM,2024-01-04,135.44000244140625,137.3300018310547,134.94000244140625,136.1699981689453,129.77963256835938,6770300
QCOM,2024-01-05,136.16000366210938,138.07000732421875,135.85000610351562,136.72999572753906,130.31338500976562,6827300
QCOM,2024-01-08,136.99000549316406,139.14999389648438,136.63999938964844,139.02999877929688,132.5054168701172,7729400
QCOM,2024-01-09,137.5399932861328,140.9499969482422,137.13999938964844,139.88999938964844,133.32505798339844,5856900
QCOM,2024-01-10,139.88999938964844,140.02999877929688,137.7899932861328,139.30999755859375,132.77230834960938,5652500
QCOM,2024-01-11,139.0,139.9499969482422,136.02999877929688,139.02999877929688,132.5054168701172,7374900
QCOM,2024-01-12,142.1199951171875,142.66000366210938,139.16000366210938,140.1999969482422,133.62051391601562,6546600
QCOM,2024-01-16,140.0,141.22999572753906,137.97999572753906,141.1199951171875,134.49734497070312,7483000
QCOM,2024-01-17,139.6199951171875,139.6300048828125,137.35000610351562,139.32000732421875,132.78179931640625,6584700
QCOM,2024-01-18,143.14999389648438,145.64999389648438,142.3300018310547,145.2899932861328,138.47164916992188,12893000
QCOM,2024-01-19,147.25999450683594,152.77000427246094,146.74000549316406,151.9600067138672,144.82864379882812,16193900
QCOM,2024-01-22,152.75,154.57000732421875,151.8699951171875,152.8699951171875,145.6959228515625,10456100
QCOM,2024-01-23,152.8699951171875,153.74000549316406,151.41000366210938,153.5,146.29635620117188,6232300
QCOM,2024-01-24,154.7899932861328,156.32000732421875,153.89999389648438,154.3699951171875,147.12551879882812,8331900
QCOM,2024-01-25,157.60000610351562,157.97999572753906,153.6699981689453,154.47000122070312,147.22084045410156,7740900
QCOM,2024-01-26,152.2100067138672,152.97999572753906,150.3800048828125,150.72000122070312,143.64682006835938,7744700
QCOM,2024-01-29,150.39999389648438,151.24000549316406,148.4199981689453,149.63999938964844,142.61752319335938,10770700
QCOM,2024-01-30,148.0,148.8000030517578,145.57000732421875,145.97999572753906,139.12925720214844,9132800
QCOM,2024-01-31,145.33999633789062,150.16000366210938,144.33999633789062,148.50999450683594,141.54054260253906,21184200
QCOM,2024-02-01,140.8699951171875,143.91000366210938,140.08999633789062,141.11000061035156,134.48782348632812,22810600
QCOM,2024-02-02,140.64999389648438,142.13999938964844,139.25999450683594,141.69000244140625,135.04058837890625,10442700
QCOM,2024-02-05,141.86000061035156,144.64999389648438,141.2100067138672,144.02999877929688,137.27078247070312,8032600
QCOM,2024-02-06,144.5,144.80999755859375,142.42999267578125,144.10000610351562,137.33749389648438,7286300
QCOM,2024-02-07,145.16000366210938,145.9499969482422,143.6300048828125,145.88999938964844,139.04347229003906,7361900
QCOM,2024-02-08,146.85000610351562,148.61000061035156,146.2899932861328,148.17999267578125,141.2260284423828,9448700
QCOM,2024-02-09,149.0,153.39999389648438,148.35000610351562,151.0,143.91368103027344,11981500
QCOM,2024-02-12,150.3800048828125,154.75999450683594,150.25,153.10000610351562,145.91513061523438,11806300
QCOM,2024-02-13,150.0,151.25,148.41000366210938,150.0399932861328,142.99871826171875,8976300
QCOM,2024-02-14,151.30999755859375,154.38999938964844,151.0500030517578,153.94000244140625,146.71571350097656,8715100
QCOM,2024-02-15,155.0,157.1699981689453,154.49000549316406,155.97999572753906,148.6599884033203,9372400
QCOM,2024-02-16,157.47000122070312,157.75999450683594,152.60000610351562,152.69000244140625,145.5243682861328,8429100
QCOM,2024-02-20,151.88999938964844,152.89999389648438,149.8699951171875,151.9600067138672,144.82864379882812,8745500
QCOM,2024-02-21,149.8300018310547,152.0500030517578,148.89999389648438,152.00999450683594,144.8762969970703,9760300
QCOM,2024-02-22,154.77000427246094,155.50999450683594,152.32000732421875,154.75,147.48768615722656,11407500
QCOM,2024-02-23,155.6999969482422,156.91000366210938,154.3300018310547,154.91000366210938,147.64019775390625,5953300
QCOM,2024-02-26,156.0,157.47999572753906,155.7899932861328,157.02999877929688,149.66070556640625,6307600
QCOM,2024-02-27,157.75,159.1999969482422,157.49000549316406,158.3000030517578,150.87110900878906,6021400
QCOM,2024-02-28,156.0,156.5399932861328,154.9600067138672,155.85000610351562,149.29054260253906,5211000
QCOM,2024-02-29,156.8699951171875,158.1999969482422,156.17999267578125,157.7899932861328,151.14889526367188,8321400
QCOM,2024-03-01,159.38999938964844,164.0,158.07000732421875,163.08999633789062,156.225830078125,10405700
QCOM,2024-03-04,165.1199951171875,167.8300018310547,164.72000122070312,166.55999755859375,159.54978942871094,11865100
QCOM,2024-03-05,164.72999572753906,165.58999633789062,160.22999572753906,161.4499969482422,154.65484619140625,9608800
QCOM,2024-03-06,164.82000732421875,169.25,164.3300018310547,167.88999938964844,160.8238067626953,12230500
QCOM,2024-03-07,169.60000610351562,177.58999633789062,169.42999267578125,175.72000122070312,168.3242645263672,14495100
QCOM,2024-03-08,174.82000732421875,175.47000122070312,170.5399932861328,170.57000732421875,163.39100646972656,11318000
QCOM,2024-03-11,169.0,171.97999572753906,168.1199951171875,171.1199951171875,163.9178466796875,7256300
QCOM,2024-03-12,172.91000366210938,173.89999389648438,170.5800018310547,173.0800018310547,165.79537963867188,7642200
QCOM,2024-03-13,171.22000122070312,171.5,168.60000610351562,169.25,162.12655639648438,8730500
QCOM,2024-03-14,169.60000610351562,169.9499969482422,166.7100067138672,168.4499969482422,161.3602294921875,8151000
QCOM,2024-03-15,167.10000610351562,168.77000427246094,165.85000610351562,167.1999969482422,160.162841796875,16414600
QCOM,2024-03-18,170.91000366210938,171.4600067138672,166.35000610351562,166.9199981689453,159.89462280273438,6653700
QCOM,2024-03-19,166.08999633789062,166.4600067138672,163.6300048828125,164.10000610351562,157.1933135986328,7404400
QCOM,2024-03-20,164.10000610351562,168.1699981689453,163.8300018310547,167.6699981689453,160.61306762695312,5995800
QCOM,2024-03-21,170.74000549316406,172.9199981689453,169.6300048828125,170.85000610351562,163.6592254638672,8497500
QCOM,2024-03-22,169.5500030517578,171.89999389648438,169.3000030517578,170.10000610351562,162.94081115722656,5645500
QCOM,2024-03-25,167.8800048828125,168.77000427246094,166.97000122070312,167.52000427246094,160.46937561035156,5682500
QCOM,2024-03-26,168.0500030517578,169.4199981689453,167.0,167.07000732421875,160.038330078125,5289900
QCOM,2024-03-27,169.4499969482422,169.47999572753906,166.97000122070312,169.1300048828125,162.01162719726562,6309700
QCOM,2024-03-28,169.10000610351562,169.88999938964844,167.97999572753906,169.3000030517578,162.17445373535156,5324000
QCOM,2024-04-01,168.27000427246094,172.8000030517578,168.2100067138672,171.72000122070312,164.49258422851562,6679100
QCOM,2024-04-02,170.47000122070312,171.39999389648438,169.27999877929688,171.0399932861328,163.84121704101562,7436300
QCOM,2024-04-03,170.0,173.9600067138672,169.3300018310547,173.91000366210938,166.5904541015625,6943200
QCOM,2024-04-04,175.0,175.9499969482422,169.41000366210938,169.75999450683594,162.61509704589844,9031200
QCOM,2024-04-05,170.17999267578125,172.24000549316406,169.7100067138672,171.52999877929688,164.31060791015625,5863300
QCOM,2024-04-08,172.92999267578125,174.38999938964844,172.36000061035156,173.6199951171875,166.3126220703125,4812000
QCOM,2024-04-09,175.27000427246094,175.99000549316406,173.3699951171875,175.57000732421875,168.18057250976562,5028500
QCOM,2024-04-10,172.4199981689453,173.7100067138672,170.07000732421875,170.86000061035156,163.66880798339844,6177400
QCOM,2024-04-11,171.6699981689453,175.6300048828125,170.5,175.1300048828125,167.7590789794922,6262600
QCOM,2024-04-12,172.27999877929688,173.38999938964844,170.9600067138672,171.2899932861328,164.08070373535156,8216700
QCOM,2024-04-15,174.27000427246094,174.3800048828125,168.5800018310547,169.83999633789062,162.69174194335938,6570600
QCOM,2024-04-16,169.5,169.57000732421875,167.4499969482422,168.5800018310547,161.4847412109375,6390100
QCOM,2024-04-17,169.22000122070312,170.19000244140625,163.77000427246094,164.32000732421875,157.40406799316406,8082000
QCOM,2024-04-18,162.36000061035156,164.10000610351562,159.86000061035156,161.44000244140625,154.645263671875,9209400
QCOM,2024-04-19,161.2899932861328,161.38999938964844,156.33999633789062,157.6300048828125,150.99562072753906,10292200
QCOM,2024-04-22,158.0399932861328,161.63999938964844,157.16000366210938,160.17999267578125,153.43829345703125,7848700
QCOM,2024-04-23,160.9600067138672,162.25999450683594,159.67999267578125,161.35000610351562,154.55906677246094,6616700
QCOM,2024-04-24,163.8699951171875,165.92999267578125,162.0,163.6300048828125,156.7431182861328,6130500
QCOM,2024-04-25,164.0800018310547,164.6300048828125,161.72999572753906,163.3000030517578,156.427001953125,6230700
QCOM,2024-04-26,162.89999389648438,166.52000427246094,162.50999450683594,165.66000366210938,158.6876678466797,7141300
QCOM,2024-04-29,165.1999969482422,169.27000427246094,165.1999969482422,169.1999969482422,162.0786590576172,6623900
QCOM,2024-04-30,169.22999572753906,169.24000549316406,165.80999755859375,165.85000610351562,158.8696746826172,6914200
QCOM,2024-05-01,164.50999450683594,169.63999938964844,163.7899932861328,164.11000061035156,157.20289611816406,13113600
QCOM,2024-05-02,175.47000122070312,181.69000244140625,175.2899932861328,180.10000610351562,172.51992797851562,25894800
QCOM,2024-05-03,182.24000549316406,183.19000244140625,177.8000030517578,179.63999938964844,172.0792694091797,10043900
QCOM,2024-05-06,181.91000366210938,182.39999389648438,180.39999389648438,181.85000610351562,174.19625854492188,6980100
QCOM,2024-05-07,182.4499969482422,184.30999755859375,179.22000122070312,180.14999389648438,172.5677947998047,8011100
QCOM,2024-05-08,176.72999572753906,180.7899932861328,176.6199951171875,180.5500030517578,172.9509735107422,6242600
QCOM,2024-05-09,181.0,181.7100067138672,179.44000244140625,180.5399932861328,172.94137573242188,5513500
QCOM,2024-05-10,182.0,183.5500030517578,181.24000549316406,182.0800018310547,174.4165802001953,4702500
QCOM,2024-05-13,183.17999267578125,184.72999572753906,182.89999389648438,184.2100067138672,176.4569091796875,6384800
QCOM,2024-05-14,184.50999450683594,189.2899932861328,184.49000549316406,188.97000122070312,181.01658630371094,7713400
QCOM,2024-05-15,190.00999450683594,196.0800018310547,190.0,194.61000061035156,186.41921997070312,11349100
QCOM,2024-05-16,195.0,195.6300048828125,192.77999877929688,193.27000427246094,185.1356201171875,8173400
QCOM,2024-05-17,192.89999389648438,195.44000244140625,191.8699951171875,193.86000061035156,185.70077514648438,5799700
QCOM,2024-05-20,194.0,199.99000549316406,193.27999877929688,197.75999450683594,189.43663024902344,8879700
QCOM,2024-05-21,196.00999450683594,201.97999572753906,195.75999450683594,200.85000610351562,192.39657592773438,11498800
QCOM,2024-05-22,202.92999267578125,204.83999633789062,201.6999969482422,202.92999267578125,194.38900756835938,11170100
QCOM,2024-05-23,205.8800048828125,207.9499969482422,199.4199981689453,201.75999450683594,193.2682647705078,14475100
QCOM,2024-05-24,203.88999938964844,211.3000030517578,203.55999755859375,210.36000061035156,201.50631713867188,13809900
QCOM,2024-05-28,217.22999572753906,217.42999267578125,211.3000030517578,213.0800018310547,204.11184692382812,12485400
QCOM,2024-05-29,208.64999389648438,210.66000366210938,206.6999969482422,208.25999450683594,199.4947052001953,12552500
QCOM,2024-05-30,208.0,209.3699951171875,203.82000732421875,204.8000030517578,196.98431396484375,12245300
QCOM,2024-05-31,208.0,209.0500030517578,198.7100067138672,204.0500030517578,196.26295471191406,15064900
QCOM,2024-06-03,209.55999755859375,210.97999572753906,202.41000366210938,205.91000366210938,198.0519256591797,12419500
QCOM,2024-06-04,205.91000366210938,206.22999572753906,201.66000366210938,204.3699951171875,196.57069396972656,6629100
QCOM,2024-06-05,206.92999267578125,212.5,205.3699951171875,211.89999389648438,203.81333923339844,11626300
QCOM,2024-06-06,211.89999389648438,212.24000549316406,208.7899932861328,209.44000244140625,201.44720458984375,7597200
QCOM,2024-06-07,209.72999572753906,209.8000030517578,204.88999938964844,206.6199951171875,198.73484802246094,5714400
QCOM,2024-06-10,205.2899932861328,210.5800018310547,204.55999755859375,209.35000610351562,201.36068725585938,6465100
QCOM,2024-06-11,207.14999389648438,209.4499969482422,204.77999877929688,208.52000427246094,200.56234741210938,8197500
QCOM,2024-06-12,212.5,215.6199951171875,210.8800048828125,215.38999938964844,207.17015075683594,9502800
QCOM,2024-06-13,216.36000061035156,218.36000061035156,213.00999450683594,217.80999755859375,209.49778747558594,10102800
QCOM,2024-06-14,217.63999938964844,218.0500030517578,213.64999389648438,215.3300018310547,207.11245727539062,6438200
QCOM,2024-06-17,217.08999633789062,222.6699981689453,213.39999389648438,222.22000122070312,213.739501953125,12109100
QCOM,2024-06-18,226.82000732421875,230.6300048828125,226.0,227.08999633789062,218.4236602783203,22037500
QCOM,2024-06-20,224.1999969482422,225.89999389648438,212.83999633789062,215.47000122070312,207.24710083007812,18701200
QCOM,2024-06-21,211.75999450683594,215.47000122070312,209.41000366210938,212.52999877929688,204.41929626464844,22286500
QCOM,2024-06-24,206.91000366210938,207.02999877929688,200.24000549316406,200.83999633789062,193.17543029785156,16087700
QCOM,2024-06-25,203.13999938964844,203.14999389648438,199.1699981689453,202.1699981689453,194.4546661376953,11974900
QCOM,2024-06-26,200.30999755859375,201.14999389648438,195.6999969482422,197.3300018310547,189.79937744140625,10023800
QCOM,2024-06-27,196.8699951171875,198.57000732421875,193.83999633789062,195.14999389648438,187.70257568359375,11936600
QCOM,2024-06-28,196.0,203.94000244140625,195.61000061035156,199.17999267578125,191.5787811279297,15547500
QCOM,2024-07-01,199.47000122070312,200.6699981689453,196.0800018310547,200.02999877929688,192.39634704589844,6800600
QCOM,2024-07-02,198.25,200.47999572753906,197.08999633789062,200.16000366210938,192.52137756347656,5632900
QCOM,2024-07-03,202.67999267578125,204.86000061035156,200.44000244140625,203.80999755859375,196.03208923339844,4996200
QCOM,2024-07-05,205.85000610351562,206.75,203.97999572753906,205.75,197.89805603027344,6375200
QCOM,2024-07-08,207.24000549316406,210.44000244140625,206.14999389648438,207.88999938964844,199.95635986328125,6920400
QCOM,2024-07-09,206.47999572753906,208.5500030517578,204.66000366210938,207.1199951171875,199.21575927734375,5272600
QCOM,2024-07-10,208.74000549316406,209.24000549316406,206.55999755859375,208.8000030517578,200.8316650390625,5159400
QCOM,2024-07-11,210.02000427246094,210.1300048828125,199.77000427246094,199.85000610351562,192.22323608398438,8602200
QCOM,2024-07-12,201.66000366210938,206.0800018310547,200.25,202.42999267578125,194.70472717285156,7217200
QCOM,2024-07-15,203.0,209.24000549316406,202.7899932861328,208.17999267578125,200.23532104492188,7463700
QCOM,2024-07-16,210.0,211.08999633789062,206.6199951171875,209.63999938964844,201.63958740234375,5998500
QCOM,2024-07-17,199.72999572753906,200.0,190.55999755859375,191.60000610351562,184.28807067871094,16156200
QCOM,2024-07-18,193.77999877929688,193.89999389648438,186.9499969482422,191.4600067138672,184.15341186523438,9960600
QCOM,2024-07-19,191.69000244140625,193.08999633789062,185.75999450683594,186.2100067138672,179.10374450683594,9195700
QCOM,2024-07-22,191.0,195.5,189.0500030517578,194.97000122070312,187.52947998046875,7590000
QCOM,2024-07-23,194.1999969482422,196.24000549316406,192.14999389648438,193.35000610351562,185.9712677001953,5796700
QCOM,2024-07-24,189.33999633789062,189.61000061035156,180.69000244140625,181.07000732421875,174.15989685058594,13295300
QCOM,2024-07-25,179.6199951171875,180.24000549316406,173.27000427246094,175.38999938964844,168.69667053222656,12700100
QCOM,2024-07-26,179.00999450683594,181.3000030517578,177.57000732421875,180.0500030517578,173.17881774902344,6567800
QCOM,2024-07-29,181.5,182.63999938964844,177.85000610351562,178.63999938964844,171.8226318359375,6051600
QCOM,2024-07-30,179.33999633789062,179.39999389648438,166.77000427246094,166.94000244140625,160.56915283203125,15338900
QCOM,2024-07-31,175.5800018310547,181.0800018310547,173.41000366210938,180.9499969482422,174.0444793701172,19222200
QCOM,2024-08-01,171.75999450683594,176.97000122070312,161.3300018310547,164.0,157.74136352539062,24795000
QCOM,2024-08-02,160.52000427246094,164.25999450683594,157.52999877929688,159.30999755859375,153.23031616210938,16618900
QCOM,2024-08-05,153.27000427246094,162.82000732421875,151.38999938964844,157.9499969482422,151.92221069335938,12733900
QCOM,2024-08-06,158.4199981689453,163.6300048828125,156.5,158.72000122070312,152.662841796875,9301000
QCOM,2024-08-07,163.5800018310547,164.32000732421875,155.5,156.1199951171875,150.16204833984375,9266900
QCOM,2024-08-08,160.74000549316406,165.58999633789062,157.8699951171875,164.9499969482422,158.6550750732422,9590900
QCOM,2024-08-09,164.07000732421875,165.88999938964844,161.97999572753906,164.47999572753906,158.20301818847656,4824600
QCOM,2024-08-12,160.55999755859375,163.38999938964844,157.4199981689453,162.88999938964844,156.67367553710938,8548000
QCOM,2024-08-13,164.3000030517578,169.55999755859375,163.27999877929688,169.47000122070312,163.00259399414062,11102100
QCOM,2024-08-14,170.63999938964844,171.25999450683594,164.72000122070312,167.14999389648438,160.7711181640625,7208200
QCOM,2024-08-15,171.75,174.63999938964844,170.61000061035156,173.33999633789062,166.7248992919922,10752100
QCOM,2024-08-16,172.2899932861328,173.3800048828125,170.6300048828125,172.17999267578125,165.60914611816406,5435700
QCOM,2024-08-19,171.57000732421875,174.32000732421875,168.74000549316406,174.25999450683594,167.60977172851562,6708100
QCOM,2024-08-20,173.86000061035156,175.42999267578125,171.14999389648438,172.11000061035156,165.5418243408203,6222400
QCOM,2024-08-21,172.99000549316406,174.8699951171875,172.0800018310547,174.22000122070312,167.57131958007812,6309500
QCOM,2024-08-22,174.3000030517578,174.58999633789062,168.3800048828125,169.0,162.55052185058594,6743500
QCOM,2024-08-23,171.75999450683594,174.6199951171875,170.6300048828125,173.5,166.87879943847656,6823600
QCOM,2024-08-26,171.97000122070312,172.3800048828125,168.52999877929688,169.49000549316406,163.02182006835938,7437600
QCOM,2024-08-27,169.1699981689453,174.44000244140625,168.27000427246094,173.92999267578125,167.29237365722656,6498800
QCOM,2024-08-28,174.3800048828125,175.72000122070312,169.6300048828125,171.85000610351562,165.291748046875,6534600
QCOM,2024-08-29,173.4199981689453,176.36000061035156,168.92999267578125,169.49000549316406,163.02182006835938,12514200
QCOM,2024-08-30,172.2899932861328,175.4600067138672,170.8000030517578,175.3000030517578,168.610107421875,11110800
QCOM,2024-09-03,171.88999938964844,172.16000366210938,162.0,163.24000549316406,157.01036071777344,11620300
QCOM,2024-09-04,163.0,168.24000549316406,162.6300048828125,165.3300018310547,159.0205841064453,6737000
QCOM,2024-09-05,163.0800018310547,165.8000030517578,161.85000610351562,163.6999969482422,158.2664794921875,5600000
QCOM,2024-09-06,162.74000549316406,163.19000244140625,157.1300048828125,158.19000244140625,152.9393768310547,10703000
QCOM,2024-09-09,161.08999633789062,162.3699951171875,158.57000732421875,160.77000427246094,155.43373107910156,7494900
QCOM,2024-09-10,160.0,162.05999755859375,157.67999267578125,161.67999267578125,156.3135223388672,7918100
QCOM,2024-09-11,162.36000061035156,166.89999389648438,159.25,166.55999755859375,161.03155517578125,8275400
QCOM,2024-09-12,165.8800048828125,166.30999755859375,162.89999389648438,164.97999572753906,159.50396728515625,6039200
QCOM,2024-09-13,165.80999755859375,168.3000030517578,165.44000244140625,167.72999572753906,162.1627197265625,4049900
QCOM,2024-09-16,164.92999267578125,167.33999633789062,163.7899932861328,166.61000061035156,161.0798797607422,6510000
QCOM,2024-09-17,168.8800048828125,169.5,166.0800018310547,168.6999969482422,163.1005096435547,5828000
QCOM,2024-09-18,169.52000427246094,172.4199981689453,167.6999969482422,168.3000030517578,162.71380615234375,5877600
QCOM,2024-09-19,174.4199981689453,176.8000030517578,172.49000549316406,173.9199981689453,168.14723205566406,10900000
QCOM,2024-09-20,172.69000244140625,173.07000732421875,164.3000030517578,168.9199981689453,163.31320190429688,27546400
QCOM,2024-09-23,168.4199981689453,169.97999572753906,165.35000610351562,165.9600067138672,160.4514617919922,9810000
QCOM,2024-09-24,167.4199981689453,169.36000061035156,165.97999572753906,166.9499969482422,161.40859985351562,9666800
QCOM,2024-09-25,166.27999877929688,168.58999633789062,165.75999450683594,168.27000427246094,162.68479919433594,5095500
QCOM,2024-09-26,174.91000366210938,175.75,166.77999877929688,172.66000366210938,166.92906188964844,8475000
QCOM,2024-09-27,173.0,173.4499969482422,169.8300018310547,170.1300048828125,164.4830322265625,5880700
QCOM,2024-09-30,171.3699951171875,172.22999572753906,167.75,170.0500030517578,164.4057159423828,8099700
QCOM,2024-10-01,169.8000030517578,170.2899932861328,164.0800018310547,165.77999877929688,160.27745056152344,8277600
QCOM,2024-10-02,166.14999389648438,169.75,165.14999389648438,168.32000732421875,162.73312377929688,4484600
QCOM,2024-10-03,165.9499969482422,169.52999877929688,165.66000366210938,168.9199981689453,163.31320190429688,6260200
QCOM,2024-10-04,172.5500030517578,172.8000030517578,166.47999572753906,168.89999389648438,163.29385375976562,6586500
QCOM,2024-10-07,167.63999938964844,168.72000122070312,165.74000549316406,166.94000244140625,161.39895629882812,4359300
QCOM,2024-10-08,164.86000061035156,167.72000122070312,163.66000366210938,166.33999633789062,160.81883239746094,7843500
QCOM,2024-10-09,165.9499969482422,170.3000030517578,164.6699981689453,170.22000122070312,164.570068359375,5486500
QCOM,2024-10-10,167.22999572753906,168.75,165.3300018310547,168.52000427246094,162.92648315429688,5048000
QCOM,2024-10-11,168.0,170.42999267578125,166.8699951171875,169.97999572753906,164.33802795410156,3801400
QCOM,2024-10-14,171.33999633789062,178.8699951171875,170.89999389648438,178.0399932861328,172.1304931640625,9933600
QCOM,2024-10-15,177.22000122070312,179.8300018310547,172.75,174.08999633789062,168.3115997314453,12910400
QCOM,2024-10-16,174.6199951171875,174.6699981689453,170.22000122070312,171.47999572753906,165.78823852539062,6495700
QCOM,2024-10-17,175.6199951171875,175.6199951171875,171.02000427246094,171.10000610351562,165.4208526611328,6093200
QCOM,2024-10-18,172.11000061035156,172.5800018310547,169.4199981689453,170.9199981689453,165.246826171875,6432700
QCOM,2024-10-21,169.63999938964844,170.1699981689453,166.07000732421875,169.00999450683594,163.4002227783203,7297700
QCOM,2024-10-22,169.00999450683594,173.47999572753906,168.22999572753906,173.17999267578125,167.4318084716797,7313000
QCOM,2024-10-23,169.33999633789062,172.63999938964844,164.3000030517578,166.60000610351562,161.0702362060547,9788200
QCOM,2024-10-24,166.61000061035156,168.94000244140625,165.52999877929688,168.10000610351562,162.52044677734375,4933400
QCOM,2024-10-25,170.27999877929688,173.17999267578125,169.80999755859375,170.27000427246094,164.618408203125,5496600
QCOM,2024-10-28,169.4199981689453,173.14999389648438,169.3699951171875,172.22000122070312,166.50367736816406,5024600
QCOM,2024-10-29,172.1999969482422,176.57000732421875,171.25999450683594,176.0,170.15823364257812,6427700
QCOM,2024-10-30,169.9199981689453,171.74000549316406,167.52999877929688,167.6199951171875,162.0563507080078,8819700
QCOM,2024-10-31,167.6199951171875,167.77999877929688,162.0800018310547,162.77000427246094,157.36734008789062,10261200
QCOM,2024-11-01,163.0800018310547,166.0800018310547,162.77000427246094,165.27000427246094,159.7843780517578,6498100
QCOM,2024-11-04,165.05999755859375,167.5,163.63999938964844,165.17999267578125,159.69732666015625,4949800
QCOM,2024-11-05,165.0,167.58999633789062,164.25,165.91000366210938,160.4031219482422,5373200
QCOM,2024-11-06,169.25,178.4499969482422,168.6699981689453,172.99000549316406,167.2481231689453,17661900
QCOM,2024-11-07,180.27000427246094,182.10000610351562,171.6300048828125,172.91000366210938,167.17079162597656,23586300
QCOM,2024-11-08,172.08999633789062,173.49000549316406,168.75,170.91000366210938,165.23716735839844,10736600
QCOM,2024-11-11,170.0,170.7899932861328,166.08999633789062,168.2899932861328,162.70408630371094,7829500
QCOM,2024-11-12,167.0500030517578,167.3300018310547,161.86000061035156,163.41000366210938,157.98611450195312,8483300
QCOM,2024-11-13,162.7899932861328,162.94000244140625,159.75,160.4199981689453,155.09535217285156,7921700
QCOM,2024-11-14,162.9499969482422,164.91000366210938,161.8699951171875,163.97000122070312,158.5275115966797,7012600
QCOM,2024-11-15,163.0,164.3300018310547,159.60000610351562,160.5,155.1726837158203,9737000
QCOM,2024-11-18,162.60000610351562,165.13999938964844,162.0,164.5,159.03990173339844,7814200
QCOM,2024-11-19,164.02999877929688,166.22999572753906,162.64999389648438,164.7100067138672,159.2429656982422,6176800
QCOM,2024-11-20,164.0,164.1999969482422,152.9499969482422,154.27000427246094,149.1494903564453,14483000
QCOM,2024-11-21,155.16000366210938,156.94000244140625,153.58999633789062,155.4600067138672,150.29998779296875,10685800
QCOM,2024-11-22,154.7899932861328,156.8800048828125,153.72999572753906,156.7899932861328,151.58583068847656,5709300
QCOM,2024-11-25,158.94000244140625,159.64999389648438,157.22000122070312,158.82000732421875,153.5484619140625,9189800
QCOM,2024-11-26,159.75,161.47000122070312,156.08999633789062,156.92999267578125,151.72119140625,9489900
QCOM,2024-11-27,156.92999267578125,157.64999389648438,154.4600067138672,156.39999389648438,151.20877075195312,6337900
QCOM,2024-11-29,158.11000061035156,161.52000427246094,157.75,158.52999877929688,153.26808166503906,6112000
QCOM,2024-12-02,158.3800048828125,163.3699951171875,158.3800048828125,163.02999877929688,157.6186981201172,9812700
QCOM,2024-12-03,161.5,163.86000061035156,161.32000732421875,162.5800018310547,157.1836395263672,6961400
QCOM,2024-12-04,164.47999572753906,165.0,162.24000549316406,163.33999633789062,157.9184112548828,6721600
QCOM,2024-12-05,162.58999633789062,164.4499969482422,159.92999267578125,160.38999938964844,155.8774871826172,7279800
QCOM,2024-12-06,160.38999938964844,160.38999938964844,157.24000549316406,159.50999450683594,155.0222625732422,9918400
QCOM,2024-12-09,157.47999572753906,162.92999267578125,157.47000122070312,160.74000549316406,156.2176513671875,9481200
QCOM,2024-12-10,160.77000427246094,161.49000549316406,156.0399932861328,156.4600067138672,152.05807495117188,8683600
QCOM,2024-12-11,157.2899932861328,160.4600067138672,156.97000122070312,159.8300018310547,155.333251953125,7081800
QCOM,2024-12-12,158.6699981689453,159.4600067138672,156.9199981689453,158.24000549316406,153.78799438476562,5796100
QCOM,2024-12-13,158.24000549316406,159.67999267578125,156.6199951171875,158.52999877929688,154.06983947753906,8886700
QCOM,2024-12-16,158.16000366210938,158.7100067138672,154.02000427246094,157.88999938964844,153.4478302001953,9951100
QCOM,2024-12-17,156.49000549316406,159.97999572753906,156.49000549316406,157.9199981689453,153.4770050048828,7187400
QCOM,2024-12-18,158.25,161.16000366210938,152.32000732421875,153.0500030517578,148.74400329589844,10295200
QCOM,2024-12-19,154.02999877929688,155.47000122070312,150.05999755859375,150.39999389648438,146.16856384277344,8414800
QCOM,2024-12-20,149.5800018310547,154.57000732421875,149.42999267578125,152.88999938964844,148.58851623535156,17347100
QCOM,2024-12-23,155.66000366210938,158.69000244140625,154.5500030517578,158.24000549316406,153.78799438476562,8863200
QCOM,2024-12-24,158.63999938964844,159.39999389648438,157.5399932861328,159.36000061035156,154.87649536132812,2839600
QCOM,2024-12-26,157.39999389648438,159.55999755859375,157.35000610351562,158.52999877929688,154.06983947753906,3846900
QCOM,2024-12-27,157.19000244140625,157.75,155.52000427246094,157.24000549316406,152.81613159179688,7232500
QCOM,2024-12-30,155.22999572753906,156.1300048828125,153.8000030517578,154.5800018310547,150.23095703125,5356000
QCOM,2024-12-31,154.72000122070312,155.83999633789062,153.2100067138672,153.6199951171875,149.29798889160156,4423300
QCOM,2025-01-02,155.00999450683594,157.50999450683594,152.7899932861328,153.63999938964844,149.31739807128906,5009100
QCOM,2025-01-03,155.4199981689453,158.44000244140625,154.49000549316406,157.8300018310547,153.38949584960938,5885800
QCOM,2025-01-06,159.3300018310547,165.6699981689453,159.3300018310547,159.85000610351562,155.3527069091797,9599800
QCOM,2025-01-07,162.0,163.4499969482422,159.25,160.52000427246094,156.0038604736328,7666000
QCOM,2025-01-08,160.0500030517578,160.19000244140625,156.94000244140625,159.0800018310547,154.6043701171875,7731900
QCOM,2025-01-10,157.6999969482422,158.27999877929688,155.5500030517578,156.97999572753906,152.5634307861328,6236800
QCOM,2025-01-13,155.22000122070312,157.3699951171875,154.8000030517578,157.1300048828125,152.709228515625,5714700
QCOM,2025-01-14,160.13999938964844,161.00999450683594,156.55999755859375,159.52999877929688,155.04171752929688,6476500
QCOM,2025-01-15,162.10000610351562,165.4499969482422,162.08999633789062,164.41000366210938,159.78439331054688,9284000
QCOM,2025-01-16,165.35000610351562,165.83999633789062,161.27999877929688,161.42999267578125,156.8882293701172,7188900
QCOM,2025-01-17,165.3800048828125,165.61000061035156,163.10000610351562,164.55999755859375,159.93017578125,8097500
QCOM,2025-01-21,166.0,168.67999267578125,165.35000610351562,167.27000427246094,162.56394958496094,7380500
QCOM,2025-01-22,168.32000732421875,172.08999633789062,168.19000244140625,170.24000549316406,165.4503631591797,7281700
QCOM,2025-01-23,170.3800048828125,174.3800048828125,169.3800048828125,174.36000061035156,169.45448303222656,7172300
QCOM,2025-01-24,175.10000610351562,175.1999969482422,171.94000244140625,172.11000061035156,167.26776123046875,5825800
QCOM,2025-01-27,172.10000610351562,172.1999969482422,167.27999877929688,171.17999267578125,166.3639373779297,15632600
QCOM,2025-01-28,170.22000122070312,173.49000549316406,169.80999755859375,171.5500030517578,166.72352600097656,8720200
QCOM,2025-01-29,171.5500030517578,173.49000549316406,170.22000122070312,171.7100067138672,166.87901306152344,5118900
QCOM,2025-01-30,172.33999633789062,173.5399932861328,170.97000122070312,171.92999267578125,167.0928192138672,6010600
QCOM,2025-01-31,172.50999450683594,176.7899932861328,172.2899932861328,172.92999267578125,168.06468200683594,7800500
QCOM,2025-02-03,168.8800048828125,172.5800018310547,168.05999755859375,170.24000549316406,165.4503631591797,7447100
QCOM,2025-02-04,168.5,173.7899932861328,168.5,173.0399932861328,168.17156982421875,5457900
QCOM,2025-02-05,173.0,177.0,169.89999389648438,175.86000061035156,170.91226196289062,15197800
QCOM,2025-02-06,167.83999633789062,169.49000549316406,165.39999389648438,169.32000732421875,164.5562744140625,16293500
QCOM,2025-02-07,169.8300018310547,171.3000030517578,166.05999755859375,167.9600067138672,163.2345428466797,7841700
QCOM,2025-02-10,169.72999572753906,171.8000030517578,169.0,171.36000061035156,166.5388641357422,6237700
QCOM,2025-02-11,169.64999389648438,172.6999969482422,169.11000061035156,171.99000549316406,167.15113830566406,6588100
QCOM,2025-02-12,169.5500030517578,170.92999267578125,168.24000549316406,170.2899932861328,165.49896240234375,5505700
QCOM,2025-02-13,170.19000244140625,172.36000061035156,169.47000122070312,172.14999389648438,167.306640625,6362200
QCOM,2025-02-14,172.60000610351562,172.82000732421875,171.0399932861328,172.22999572753906,167.38438415527344,4691300
QCOM,2025-02-18,173.25999450683594,173.72000122070312,171.24000549316406,173.63999938964844,168.75473022460938,7292600
QCOM,2025-02-19,173.99000549316406,176.5,173.35000610351562,175.22000122070312,170.29025268554688,6849600
QCOM,2025-02-20,176.0,176.38999938964844,172.89999389648438,173.6999969482422,168.8130340576172,6316400
QCOM,2025-02-21,174.97999572753906,175.42999267578125,165.2100067138672,165.42999267578125,160.77569580078125,12531900
QCOM,2025-02-24,165.91000366210938,166.58999633789062,160.99000549316406,161.10000610351562,156.56752014160156,9827800
QCOM,2025-02-25,161.66000366210938,163.3300018310547,159.44000244140625,161.22000122070312,156.6841278076172,8244900
QCOM,2025-02-26,161.8300018310547,164.13999938964844,160.92999267578125,162.10000610351562,157.5393829345703,9161900
QCOM,2025-02-27,162.33999633789062,163.25,154.10000610351562,154.44000244140625,150.09490966796875,10807200
QCOM,2025-02-28,155.10000610351562,157.30999755859375,153.39999389648438,157.1699981689453,152.7480926513672,10149500
QCOM,2025-03-03,158.99000549316406,160.0800018310547,152.52000427246094,153.6199951171875,149.29798889160156,9601900
QCOM,2025-03-04,155.27000427246094,157.1999969482422,151.35000610351562,154.4600067138672,150.1143341064453,8956800
QCOM,2025-03-05,155.0399932861328,159.14999389648438,153.02999877929688,158.49000549316406,154.03097534179688,6786900
QCOM,2025-03-06,154.11000061035156,157.8800048828125,154.08999633789062,156.0399932861328,152.4675750732422,7808100
QCOM,2025-03-07,155.22000122070312,161.82000732421875,155.22000122070312,161.22000122070312,157.52899169921875,8727600
QCOM,2025-03-10,157.35000610351562,159.25999450683594,152.61000061035156,154.97999572753906,151.43185424804688,10139900
QCOM,2025-03-11,154.85000610351562,156.22999572753906,150.86000061035156,153.10000610351562,149.5948944091797,8692900
QCOM,2025-03-12,154.2100067138672,155.86000061035156,151.9199981689453,152.8000030517578,149.3017578125,7117400
QCOM,2025-03-13,152.60000610351562,155.6300048828125,150.4199981689453,151.94000244140625,148.46144104003906,5861700
QCOM,2025-03-14,153.55999755859375,156.9499969482422,153.5399932861328,156.5800018310547,152.99522399902344,5309400
QCOM,2025-03-17,155.60000610351562,158.72000122070312,155.44000244140625,157.9499969482422,154.33384704589844,5781000
QCOM,2025-03-18,157.9499969482422,159.72999572753906,155.9199981689453,156.2899932861328,152.71185302734375,6898400
QCOM,2025-03-19,156.42999267578125,160.50999450683594,155.05999755859375,158.25999450683594,154.6367645263672,5871000
QCOM,2025-03-20,158.0,159.1199951171875,156.52000427246094,157.9499969482422,154.33384704589844,5089300
QCOM,2025-03-21,154.97999572753906,157.4199981689453,153.55999755859375,156.82000732421875,153.229736328125,10949300
QCOM,2025-03-24,160.0,161.0,158.8000030517578,160.0800018310547,156.4150848388672,6033400
QCOM,2025-03-25,159.8800048828125,161.47000122070312,159.4199981689453,160.14999389648438,156.48348999023438,3978200
QCOM,2025-03-26,159.4499969482422,160.80999755859375,156.85000610351562,158.38999938964844,154.76377868652344,5960300
QCOM,2025-03-27,158.2100067138672,159.25,155.75,157.97000122070312,154.35340881347656,6102000
QCOM,2025-03-28,156.9199981689453,157.63999938964844,151.55999755859375,152.72000122070312,149.22360229492188,8918000
QCOM,2025-03-31,150.80999755859375,153.85000610351562,147.8800048828125,153.61000061035156,150.0932159423828,8613600
QCOM,2025-04-01,152.38999938964844,153.32000732421875,150.25999450683594,153.0500030517578,149.54605102539062,5708900
QCOM,2025-04-02,150.7899932861328,155.4600067138672,150.3699951171875,154.0800018310547,150.55245971679688,5377200
QCOM,2025-04-03,147.0,147.39999389648438,138.55999755859375,139.4199981689453,136.2280731201172,16465000
QCOM,2025-04-04,134.33999633789062,135.86000061035156,126.68000030517578,127.45999908447266,124.54190826416016,19018600
QCOM,2025-04-07,124.58999633789062,137.1999969482422,120.80000305175781,129.72000122070312,126.75016784667969,17938300
QCOM,2025-04-08,131.1300048828125,135.2899932861328,121.73999786376953,124.66000366210938,121.8060073852539,14965900
QCOM,2025-04-09,125.16000366210938,144.86000061035156,124.19000244140625,143.58999633789062,140.3026123046875,21242600
QCOM,2025-04-10,137.00999450683594,139.05999755859375,129.2899932861328,134.39999389648438,131.322998046875,14898800
QCOM,2025-04-11,134.0,140.64999389648438,131.11000061035156,139.25,136.06199645996094,10955300
QCOM,2025-04-14,142.75,143.11000061035156,136.8300018310547,139.19000244140625,136.0033721923828,6930300
QCOM,2025-04-15,139.4600067138672,140.83999633789062,138.02999877929688,138.60000610351562,135.42686462402344,6346800
QCOM,2025-04-16,133.67999267578125,137.30999755859375,131.7899932861328,135.74000549316406,132.63235473632812,10417200
QCOM,2025-04-17,137.3800048828125,138.14999389648438,135.7100067138672,136.66000366210938,133.53126525878906,7135900
QCOM,2025-04-21,134.72999572753906,136.5500030517578,133.36000061035156,136.13999938964844,133.02317810058594,8128300
QCOM,2025-04-22,136.75,139.10000610351562,136.49000549316406,138.74000549316406,135.5636749267578,8228000
QCOM,2025-04-23,142.5800018310547,143.8800048828125,139.77999877929688,140.4600067138672,137.24427795410156,9073500
QCOM,2025-04-24,142.77999877929688,147.82000732421875,141.99000549316406,147.2100067138672,143.8397674560547,8810600
QCOM,2025-04-25,146.0800018310547,149.1999969482422,146.0800018310547,148.55999755859375,145.15884399414062,5145600
QCOM,2025-04-28,148.17999267578125,149.3000030517578,145.44000244140625,147.6199951171875,144.24034118652344,5743500
QCOM,2025-04-29,146.66000366210938,148.25999450683594,145.52000427246094,146.8800048828125,143.51731872558594,6692000
QCOM,2025-04-30,145.1999969482422,148.85000610351562,143.8800048828125,148.4600067138672,145.06112670898438,10851900
QCOM,2025-05-01,138.7899932861328,138.9600067138672,134.8699951171875,135.2100067138672,132.11448669433594,22836600
QCOM,2025-05-02,137.85000610351562,141.41000366210938,137.2899932861328,139.80999755859375,136.609130859375,13185600
QCOM,2025-05-05,138.3000030517578,140.77000427246094,138.2899932861328,139.44000244140625,136.2476348876953,7165300
QCOM,2025-05-06,137.82000732421875,140.8000030517578,137.4600067138672,139.89999389648438,136.6970977783203,6957900
QCOM,2025-05-07,140.3800048828125,144.6999969482422,140.25,144.3000030517578,140.99635314941406,10196400
QCOM,2025-05-08,145.63999938964844,147.5,143.88999938964844,145.10000610351562,141.77806091308594,8489100
QCOM,2025-05-09,145.66000366210938,146.97999572753906,144.60000610351562,145.17999267578125,141.85621643066406,6217100
QCOM,2025-05-12,154.0800018310547,154.36000061035156,149.8300018310547,152.1199951171875,148.6373291015625,11414600
QCOM,2025-05-13,152.00999450683594,153.2899932861328,150.9600067138672,151.33999633789062,147.87518310546875,10160900
QCOM,2025-05-14,151.92999267578125,153.27000427246094,150.42999267578125,152.97999572753906,149.47763061523438,6971200
QCOM,2025-05-15,151.7100067138672,153.38999938964844,150.17999267578125,152.61000061035156,149.11611938476562,6941200
QCOM,2025-05-16,152.8699951171875,153.05999755859375,151.3000030517578,152.5,149.00863647460938,6668000
QCOM,2025-05-19,150.5500030517578,153.82000732421875,150.11000061035156,153.6999969482422,150.18113708496094,7241100
QCOM,2025-05-20,153.0399932861328,153.88999938964844,151.92999267578125,153.82000732421875,150.2984161376953,5269500
QCOM,2025-05-21,153.5800018310547,156.1300048828125,150.8300018310547,151.30999755859375,147.8458709716797,9684500
QCOM,2025-05-22,151.38999938964844,151.5800018310547,147.22000122070312,147.3699951171875,143.99607849121094,9539100
QCOM,2025-05-23,143.4199981689453,146.49000549316406,141.77000427246094,145.3800048828125,142.05165100097656,8994600
QCOM,2025-05-27,147.5500030517578,149.35000610351562,146.42999267578125,148.6300048828125,145.2272491455078,9788800
QCOM,2025-05-28,148.82000732421875,149.49000549316406,147.36000061035156,147.60000610351562,144.22084045410156,7032300
QCOM,2025-05-29,149.86000061035156,150.5,147.24000549316406,148.33999633789062,144.94386291503906,5980700
QCOM,2025-05-30,148.0,148.02000427246094,143.47999572753906,145.1999969482422,141.87574768066406,13755600
QCOM,2025-06-02,144.8000030517578,147.2100067138672,144.47999572753906,146.6300048828125,143.2730255126953,6419500
QCOM,2025-06-03,146.7100067138672,149.77999877929688,145.50999450683594,148.94000244140625,145.53012084960938,6164100
QCOM,2025-06-04,150.0,150.0500030517578,147.3800048828125,149.0500030517578,145.6376190185547,7143800
QCOM,2025-06-05,148.8000030517578,150.0800018310547,147.0,147.55999755859375,145.04782104492188,5605500
QCOM,2025-06-06,149.8000030517578,150.58999633789062,149.0500030517578,149.24000549316406,146.69923400878906,5794700
QCOM,2025-06-09,151.80999755859375,156.1199951171875,151.1699981689453,155.41000366210938,152.76417541503906,10589400
QCOM,2025-06-10,156.19000244140625,159.50999450683594,155.07000732421875,159.1300048828125,156.42086791992188,9068400
QCOM,2025-06-11,160.0,162.13999938964844,157.6999969482422,159.47999572753906,156.764892578125,8859900
QCOM,2025-06-12,159.0,159.61000061035156,157.9499969482422,158.6999969482422,155.9981689453125,5689400
QCOM,2025-06-13,156.33999633789062,157.1699981689453,154.44000244140625,154.72000122070312,152.0859375,8446400
QCOM,2025-06-16,157.02999877929688,158.4499969482422,155.63999938964844,156.8699951171875,154.19932556152344,8686300
QCOM,2025-06-17,156.64999389648438,157.5800018310547,154.38999938964844,154.4600067138672,151.8303680419922,7146900
QCOM,2025-06-18,155.0,156.10000610351562,153.14999389648438,153.6300048828125,151.01449584960938,6708700
QCOM,2025-06-20,154.22999572753906,155.1199951171875,150.6300048828125,151.32000732421875,148.7438201904297,15501900
QCOM,2025-06-23,151.22999572753906,153.52000427246094,149.67999267578125,153.13999938964844,150.5328369140625,6860700
QCOM,2025-06-24,154.72999572753906,156.3000030517578,154.14999389648438,155.7100067138672,153.05908203125,7692700
QCOM,2025-06-25,156.10000610351562,156.52999877929688,154.58999633789062,155.92999267578125,153.27532958984375,5280100
QCOM,2025-06-26,156.5,158.4199981689453,155.91000366210938,158.19000244140625,155.49685668945312,6278200
QCOM,2025-06-27,158.64999389648438,161.10000610351562,157.57000732421875,158.5399932861328,155.8408966064453,22100300
QCOM,2025-06-30,158.38999938964844,159.86000061035156,157.8000030517578,159.25999450683594,156.54864501953125,7988200
QCOM,2025-07-01,158.22000122070312,161.64999389648438,157.97999572753906,159.39999389648438,156.68624877929688,8942300
QCOM,2025-07-02,159.67999267578125,162.7899932861328,158.8000030517578,162.32000732421875,159.55654907226562,8916400
QCOM,2025-07-03,163.0399932861328,163.9600067138672,162.08999633789062,162.2100067138672,159.4484100341797,4280800
QCOM,2025-07-07,161.11000061035156,161.49000549316406,157.57000732421875,158.08999633789062,155.3985595703125,7187400
QCOM,2025-07-08,159.47000122070312,161.8300018310547,158.61000061035156,159.4499969482422,156.7353973388672,6879100
QCOM,2025-07-09,159.39999389648438,161.47999572753906,158.25,159.35000610351562,156.63711547851562,4190100
QCOM,2025-07-10,158.99000549316406,160.2899932861328,157.7899932861328,159.08999633789062,156.38153076171875,5674400
QCOM,2025-07-11,159.0,159.1699981689453,157.14999389648438,157.4600067138672,154.779296875,5907700
QCOM,2025-07-14,156.4199981689453,156.5,153.47999572753906,154.2899932861328,151.6632537841797,7382600
QCOM,2025-07-15,156.2899932861328,156.7100067138672,154.1199951171875,154.3000030517578,151.67308044433594,6467300
QCOM,2025-07-16,154.3000030517578,154.5,151.5399932861328,154.07000732421875,151.44700622558594,7106700
QCOM,2025-07-17,153.0,153.52999877929688,151.8000030517578,152.61000061035156,150.01185607910156,7018600
QCOM,2025-07-18,153.0399932861328,155.42999267578125,152.72999572753906,154.8000030517578,152.16456604003906,7433900
QCOM,2025-07-21,154.9199981689453,159.92999267578125,154.91000366210938,158.97000122070312,156.26358032226562,7662300
QCOM,2025-07-22,158.9600067138672,159.0399932861328,156.1699981689453,157.99000549316406,155.30027770996094,6951600
QCOM,2025-07-23,158.58999633789062,160.0399932861328,156.92999267578125,159.8800048828125,157.15809631347656,7296200
QCOM,2025-07-24,158.35000610351562,159.08999633789062,156.7899932861328,158.83999633789062,156.1357879638672,5014800
QCOM,2025-07-25,158.89999389648438,159.1999969482422,157.41000366210938,158.39999389648438,155.70326232910156,4808200
QCOM,2025-07-28,159.75999450683594,161.9600067138672,159.16000366210938,161.0500030517578,158.30816650390625,9627300
QCOM,2025-07-29,162.0399932861328,163.60000610351562,161.13999938964844,162.0800018310547,159.3206329345703,9460900
QCOM,2025-07-30,163.0,163.27000427246094,158.0,159.05999755859375,156.35203552246094,14382500
QCOM,2025-07-31,153.11000061035156,156.8000030517578,145.5800018310547,146.75999450683594,144.26145935058594,24440100
QCOM,2025-08-01,146.4600067138672,149.1699981689453,145.7899932861328,148.19000244140625,145.66709899902344,12706700
QCOM,2025-08-04,148.50999450683594,150.7899932861328,147.07000732421875,147.50999450683594,144.99867248535156,8150200
QCOM,2025-08-05,148.52000427246094,148.64999389648438,145.6699981689453,146.7100067138672,144.21231079101562,7794500
QCOM,2025-08-06,146.64999389648438,146.7100067138672,144.11000061035156,145.83999633789062,143.3571014404297,8475700
QCOM,2025-08-07,148.32000732421875,148.32000732421875,144.80999755859375,145.89999389648438,143.41607666015625,6753500
QCOM,2025-08-08,146.35000610351562,148.02000427246094,145.69000244140625,147.55999755859375,145.04782104492188,5028700
QCOM,2025-08-11,148.57000732421875,151.05999755859375,147.7100067138672,147.97000122070312,145.4508514404297,6215900
QCOM,2025-08-12,148.7899932861328,153.89999389648438,148.57000732421875,153.72999572753906,151.11277770996094,9304100
QCOM,2025-08-13,153.97000122070312,157.11000061035156,153.6300048828125,156.58999633789062,153.92410278320312,7103300
QCOM,2025-08-14,154.89999389648438,158.64999389648438,154.89999389648438,158.08999633789062,155.3985595703125,6294800
QCOM,2025-08-15,158.0399932861328,159.25999450683594,156.69000244140625,157.85000610351562,155.16265869140625,7583700
QCOM,2025-08-18,157.77999877929688,159.75,157.24000549316406,158.89999389648438,156.19476318359375,4774400
QCOM,2025-08-19,159.07000732421875,159.42999267578125,156.0500030517578,156.25,153.58987426757812,6396500
QCOM,2025-08-20,156.38999938964844,156.63999938964844,153.4600067138672,155.44000244140625,152.79367065429688,7151700
QCOM,2025-08-21,154.82000732421875,155.1999969482422,153.0500030517578,154.1300048828125,151.5059814453125,4997300
QCOM,2025-08-22,154.8300018310547,159.88999938964844,154.55999755859375,158.00999450683594,155.31991577148438,7711500
QCOM,2025-08-25,157.61000061035156,158.0500030517578,155.39999389648438,156.4199981689453,153.75698852539062,4653000
QCOM,2025-08-26,157.66000366210938,159.9600067138672,157.41000366210938,159.1699981689453,156.46017456054688,9173000
QCOM,2025-08-27,158.36000061035156,159.97000122070312,157.8000030517578,159.77000427246094,157.04995727539062,4549900
QCOM,2025-08-28,159.91000366210938,161.22000122070312,159.02999877929688,160.8000030517578,158.0624237060547,8156300
QCOM,2025-08-29,159.52999877929688,161.60000610351562,159.39999389648438,160.72999572753906,157.9936065673828,9949100
QCOM,2025-09-02,157.82000732421875,158.94000244140625,154.60000610351562,158.77999877929688,156.07681274414062,7520300
QCOM,2025-09-03,159.39999389648438,159.57000732421875,156.05999755859375,157.27999877929688,154.6023406982422,6336400
QCOM,2025-09-04,156.1999969482422,159.86000061035156,154.47000122070312,159.7100067138672,157.8843994140625,7781200
QCOM,2025-09-05,160.0800018310547,163.49000549316406,159.14999389648438,159.83999633789062,158.01290893554688,7954200
QCOM,2025-09-08,160.2899932861328,160.2899932861328,158.00999450683594,160.24000549316406,158.40834045410156,7019700
QCOM,2025-09-09,160.3699951171875,161.60000610351562,157.57000732421875,158.66000366210938,156.8463897705078,6126000
QCOM,2025-09-10,158.6199951171875,159.2100067138672,156.61000061035156,158.9499969482422,157.13307189941406,8256900
QCOM,2025-09-11,159.19000244140625,162.07000732421875,157.9600067138672,161.50999450683594,159.663818359375,8360200
QCOM,2025-09-12,161.3300018310547,162.3300018310547,159.5800018310547,161.8300018310547,159.98016357421875,5430600
QCOM,2025-09-15,161.39999389648438,162.67999267578125,160.2100067138672,161.22000122070312,159.37713623046875,5604800
QCOM,2025-09-16,161.82000732421875,165.0,161.5,164.13999938964844,162.2637481689453,7997500
QCOM,2025-09-17,164.67999267578125,166.3699951171875,163.22999572753906,165.25999450683594,163.37095642089844,6057800
QCOM,2025-09-18,166.8800048828125,168.86000061035156,166.22999572753906,168.1300048828125,166.20814514160156,10421200
QCOM,2025-09-19,169.1699981689453,169.5800018310547,166.2899932861328,166.85000610351562,164.94277954101562,19444400
QCOM,2025-09-22,166.85000610351562,170.22000122070312,165.9199981689453,169.72000122070312,167.77996826171875,6196600
QCOM,2025-09-23,169.82000732421875,170.85000610351562,168.3000030517578,169.52999877929688,167.59214782714844,5468400
QCOM,2025-09-24,169.0500030517578,174.44000244140625,168.6699981689453,173.5500030517578,171.56619262695312,9213700
QCOM,2025-09-25,171.2100067138672,171.97000122070312,167.94000244140625,169.67999267578125,167.74041748046875,8093700
QCOM,2025-09-26,169.67999267578125,170.92999267578125,168.1300048828125,169.1999969482422,167.2659149169922,4846000
QCOM,2025-09-29,169.1999969482422,169.83999633789062,164.75999450683594,165.3000030517578,163.41049194335938,7523100
QCOM,2025-09-30,165.63999938964844,166.83999633789062,164.8800048828125,166.36000061035156,164.4583740234375,5593300
QCOM,2025-10-01,165.8000030517578,166.77000427246094,164.49000549316406,166.49000549316406,164.58689880371094,6153000
QCOM,2025-10-02,167.75,169.5399932861328,167.17999267578125,168.85000610351562,166.919921875,5499500
QCOM,2025-10-03,168.85000610351562,171.75,168.74000549316406,169.17999267578125,167.2461395263672,5137900
QCOM,2025-10-06,170.5399932861328,170.8800048828125,167.72000122070312,168.6199951171875,166.69253540039062,8265800
QCOM,2025-10-07,169.89999389648438,171.97999572753906,165.13999938964844,165.4600067138672,163.56866455078125,7147500
QCOM,2025-10-08,166.24000549316406,168.5500030517578,163.88999938964844,167.77000427246094,165.85227966308594,7302200
QCOM,2025-10-09,167.3699951171875,167.61000061035156,163.22999572753906,165.66000366210938,163.76638793945312,6928400
QCOM,2025-10-10,164.82000732421875,165.08999633789062,153.35000610351562,153.58999633789062,151.8343505859375,15818600
QCOM,2025-10-13,155.9499969482422,162.38999938964844,155.77999877929688,161.77999877929688,159.9307403564453,10311000
QCOM,2025-10-14,159.3000030517578,164.27000427246094,159.25999450683594,161.74000549316406,159.89120483398438,8675200
QCOM,2025-10-15,164.24000549316406,164.24000549316406,160.30999755859375,162.97000122070312,161.10714721679688,7334100
QCOM,2025-10-16,164.49000549316406,165.19000244140625,162.2100067138672,164.0800018310547,162.20443725585938,5686700
QCOM,2025-10-17,162.86000061035156,163.7899932861328,161.6699981689453,163.4499969482422,161.58164978027344,4833100
QCOM,2025-10-20,163.33999633789062,167.64999389648438,162.05999755859375,167.0399932861328,165.13059997558594,8194100
QCOM,2025-10-21,166.8000030517578,169.24000549316406,166.1999969482422,168.8300018310547,166.90016174316406,6176100
QCOM,2025-10-22,167.49000549316406,169.77999877929688,166.02000427246094,169.27000427246094,167.3351287841797,10083800
QCOM,2025-10-23,168.3300018310547,171.25,167.8800048828125,170.02999877929688,168.08642578125,6546400
QCOM,2025-10-24,171.69000244140625,172.4199981689453,168.47000122070312,168.94000244140625,167.00889587402344,6256000
QCOM,2025-10-27,168.9499969482422,205.9499969482422,168.82000732421875,187.67999267578125,185.53468322753906,81799300
QCOM,2025-10-28,183.92999267578125,185.91000366210938,179.41000366210938,181.02999877929688,178.960693359375,20323100
QCOM,2025-10-29,182.0,183.49000549316406,178.1999969482422,178.6699981689453,176.62767028808594,11614600
QCOM,2025-10-30,178.67999267578125,179.8800048828125,177.19000244140625,177.25999450683594,175.23377990722656,7862900
QCOM,2025-10-31,178.52000427246094,182.14999389648438,176.8300018310547,180.89999389648438,178.83216857910156,9452800
QCOM,2025-11-03,182.9499969482422,183.4499969482422,179.08999633789062,180.72000122070312,178.6542510986328,8535100
QCOM,2025-11-04,177.47999572753906,179.33999633789062,172.2899932861328,172.83999633789062,170.8643035888672,12323600
QCOM,2025-11-05,174.75999450683594,183.42999267578125,174.32000732421875,179.72000122070312,177.66567993164062,18845500
QCOM,2025-11-06,177.8000030517578,178.50999450683594,170.05999755859375,173.1999969482422,171.22019958496094,16184700
QCOM,2025-11-07,172.72999572753906,174.25,168.25,170.88999938964844,168.9365997314453,10614700
QCOM,2025-11-10,173.75999450683594,174.8000030517578,169.5,171.57000732421875,169.6088409423828,10129300
QCOM,2025-11-11,171.0,175.97999572753906,171.0,173.97999572753906,171.99127197265625,8419100
QCOM,2025-11-12,175.0,177.4199981689453,174.8800048828125,176.6699981689453,174.65052795410156,8785800
QCOM,2025-11-13,176.6300048828125,178.8300018310547,173.02999877929688,174.5,172.50534057617188,9526100
QCOM,2025-11-14,171.77999877929688,175.69000244140625,171.39999389648438,173.97999572753906,171.99127197265625,7949900
QCOM,2025-11-17,172.8000030517578,174.83999633789062,165.1699981689453,166.75,164.8439178466797,10211100
QCOM,2025-11-18,164.88999938964844,166.7899932861328,161.38999938964844,165.05999755859375,163.17324829101562,11073200
QCOM,2025-11-19,164.69000244140625,167.50999450683594,164.11000061035156,166.11000061035156,164.21124267578125,8176500
QCOM,2025-11-20,167.1300048828125,168.8800048828125,158.85000610351562,159.58999633789062,157.76577758789062,12075400
QCOM,2025-11-21,160.75,165.27000427246094,159.10000610351562,163.3000030517578,161.43336486816406,10815000
QCOM,2025-11-24,164.3699951171875,166.94000244140625,163.72000122070312,165.05999755859375,163.17324829101562,12070100
QCOM,2025-11-25,163.99000549316406,164.97000122070312,161.8699951171875,163.3000030517578,161.43336486816406,7758100
QCOM,2025-11-26,164.1199951171875,166.25,163.14999389648438,165.13999938964844,163.2523193359375,7967700
QCOM,2025-11-28,165.02999877929688,168.19000244140625,164.1300048828125,168.08999633789062,166.16860961914062,5068800
QCOM,2025-12-01,165.91000366210938,169.02999877929688,165.5,168.0399932861328,166.11917114257812,6818300
QCOM,2025-12-02,168.75,171.1699981689453,167.63999938964844,170.6999969482422,168.748779296875,9159100
QCOM,2025-12-03,170.89999389648438,175.08999633789062,170.35000610351562,175.07000732421875,173.06883239746094,7624300
QCOM,2025-12-04,174.3300018310547,174.92999267578125,173.22999572753906,174.35000610351562,173.2377471923828,7245000
QCOM,2025-12-05,174.74000549316406,177.25,174.5,174.80999755859375,173.69479370117188,8400100
QCOM,2025-12-08,174.74000549316406,175.5,173.72000122070312,175.30999755859375,174.1916046142578,6690200
QCOM,2025-12-09,174.5,176.35000610351562,172.32000732421875,176.0,174.87721252441406,7719100
QCOM,2025-12-10,175.80999755859375,183.44000244140625,175.25,182.2100067138672,181.047607421875,11100100
QCOM,2025-12-11,181.3699951171875,181.63999938964844,178.08999633789062,181.27000427246094,180.1136016845703,6319200
QCOM,2025-12-12,181.25,183.11000061035156,177.8699951171875,178.2899932861328,177.152587890625,8865800
QCOM,2025-12-15,179.72000122070312,180.30999755859375,176.38999938964844,179.25999450683594,178.1164093017578,6954700
QCOM,2025-12-16,179.19000244140625,179.19000244140625,174.80999755859375,176.1199951171875,174.99644470214844,7136000
QCOM,2025-12-17,176.1199951171875,177.47999572753906,172.0500030517578,172.33999633789062,171.2405548095703,8501900
QCOM,2025-12-18,175.7100067138672,177.0800018310547,173.52999877929688,174.19000244140625,173.07876586914062,8967500
QCOM,2025-12-19,174.44000244140625,177.19000244140625,174.1999969482422,175.25,174.13198852539062,25223500
QCOM,2025-12-22,177.55999755859375,178.32000732421875,173.89999389648438,174.22000122070312,173.1085662841797,6422100
QCOM,2025-12-23,173.61000061035156,175.27000427246094,173.50999450683594,174.75,173.6351776123047,4690400
QCOM,2025-12-24,175.0399932861328,175.49000549316406,174.4199981689453,174.77000427246094,173.65505981445312,1645300
QCOM,2025-12-26,175.0,175.5,174.35000610351562,174.80999755859375,173.69479370117188,2442800
QCOM,2025-12-29,174.00999450683594,175.19000244140625,172.7899932861328,173.42999267578125,172.32359313964844,3978400
QCOM,2025-12-30,174.05999755859375,174.39999389648438,173.33999633789062,173.64999389648438,172.5421905517578,3429300
QCOM,2025-12-31,173.61000061035156,173.77999877929688,171.00999450683594,171.0500030517578,169.9587860107422,4682600
QCOM,2026-01-02,173.8000030517578,174.67999267578125,172.1999969482422,172.97999572753906,171.87646484375,6532200
QCOM,2026-01-05,175.4600067138672,178.85000610351562,174.00999450683594,176.30999755859375,175.1852264404297,8972200
QCOM,2026-01-06,177.2100067138672,184.4499969482422,176.6199951171875,182.4499969482422,181.2860565185547,11033900
QCOM,2026-01-07,182.38999938964844,184.07000732421875,177.11000061035156,180.19000244140625,179.0404815673828,9853000
QCOM,2026-01-08,178.8000030517578,184.30999755859375,176.1999969482422,181.8699951171875,180.7097625732422,8353500
QCOM,2026-01-09,178.1199951171875,179.44000244140625,174.8000030517578,177.77999877929688,176.64585876464844,9662200
QCOM,2026-01-12,175.8800048828125,175.8800048828125,169.24000549316406,169.27000427246094,168.19015502929688,13657600
QCOM,2026-01-13,166.97999572753906,168.35000610351562,164.97000122070312,165.2899932861328,164.23553466796875,9993300
QCOM,2026-01-14,163.69000244140625,164.74000549316406,162.35000610351562,164.5399932861328,163.4903106689453,7959900
QCOM,2026-01-15,166.4499969482422,166.5,161.02999877929688,161.38999938964844,160.36041259765625,9241600
QCOM,2026-01-16,161.38999938964844,161.6999969482422,159.2100067138672,159.4199981689453,158.40298461914062,11990800
QCOM,2026-01-20,154.9499969482422,157.72000122070312,153.25,154.07000732421875,153.0871124267578,11971400
QCOM,2026-01-21,156.3300018310547,157.52999877929688,154.6199951171875,156.3699951171875,155.3724365234375,9181900
QCOM,2026-01-22,158.47000122070312,159.42999267578125,156.80999755859375,157.8000030517578,156.79331970214844,7450300
QCOM,2026-01-23,157.0399932861328,157.97999572753906,154.85000610351562,155.82000732421875,154.82595825195312,7106700
QCOM,2026-01-26,154.8000030517578,156.1999969482422,154.3000030517578,154.52000427246094,153.53424072265625,8004200
QCOM,2026-01-27,156.3300018310547,156.74000549316406,152.66000366210938,153.0399932861328,152.0636749267578,8354600
QCOM,2026-01-28,152.0,154.0,150.39999389648438,152.6999969482422,151.72584533691406,8539000
QCOM,2026-01-29,153.08999633789062,153.22999572753906,149.72999572753906,152.22000122070312,151.24891662597656,9142900
QCOM,2026-01-30,149.9600067138672,153.07000732421875,149.8300018310547,151.58999633789062,150.6229248046875,9577200
QCOM,2026-02-02,150.97000122070312,153.63999938964844,150.82000732421875,152.6199951171875,151.6463623046875,9099100
QCOM,2026-02-03,150.72000122070312,150.72000122070312,144.3000030517578,147.17999267578125,146.24105834960938,11966400
QCOM,2026-02-04,148.7100067138672,153.47000122070312,148.1699981689453,148.88999938964844,147.94015502929688,19249300
QCOM,2026-02-05,132.9199981689453,139.3300018310547,132.72999572753906,136.3000030517578,135.43048095703125,30229600
QCOM,2026-02-06,136.8699951171875,139.14999389648438,135.27999877929688,137.33999633789062,136.46383666992188,15036800
QCOM,2026-02-09,137.10000610351562,139.94000244140625,136.5,138.92999267578125,138.04368591308594,11022700
QCOM,2026-02-10,138.14999389648438,140.41000366210938,136.7899932861328,140.08999633789062,139.1962890625,9762900
QCOM,2026-02-11,140.02999877929688,142.38999938964844,139.11000061035156,141.0399932861328,140.14022827148438,9379300
QCOM,2026-02-12,140.86000061035156,141.5,136.74000549316406,138.47000122070312,137.58663940429688,12416600
QCOM,2026-02-13,137.1199951171875,141.47999572753906,136.74000549316406,140.6999969482422,139.80239868164062,13134400
QCOM,2026-02-17,141.0,143.5,140.00999450683594,142.6300048828125,141.7200927734375,10670700
QCOM,2026-02-18,143.5,144.47999572753906,140.72000122070312,143.24000549316406,142.32620239257812,9944500
QCOM,2026-02-19,141.8800048828125,142.32000732421875,139.89999389648438,141.27000427246094,140.3687744140625,8219400
QCOM,2026-02-20,140.30999755859375,144.07000732421875,140.10000610351562,142.8800048828125,141.968505859375,10265100
QCOM,2026-02-23,141.97000122070312,144.05999755859375,139.63999938964844,140.41000366210938,139.51426696777344,8260100
QCOM,2026-02-24,142.55999755859375,146.3699951171875,142.05999755859375,144.77999877929688,143.85638427734375,11085700
QCOM,2026-02-25,145.60000610351562,146.02999877929688,144.02000427246094,145.82000732421875,144.88975524902344,7358300
QCOM,2026-02-26,145.9199981689453,146.94000244140625,144.52000427246094,145.58999633789062,144.6612091064453,8642100
QCOM,2026-02-27,142.86000061035156,143.91000366210938,141.35000610351562,142.36000061035156,141.45181274414062,12439900
QCOM,2026-03-02,137.8300018310547,142.00999450683594,136.88999938964844,141.02999877929688,140.1302947998047,8963900
QCOM,2026-03-03,138.27000427246094,139.1999969482422,136.3000030517578,138.1300048828125,137.24880981445312,10372400
QCOM,2026-03-04,138.22000122070312,139.88999938964844,137.4199981689453,139.50999450683594,138.6199951171875,9309800
QCOM,2026-03-05,137.58999633789062,139.66000366210938,135.8000030517578,137.0,137.0,8981000
QCOM,2026-03-06,134.1699981689453,137.17999267578125,133.4199981689453,135.69000244140625,135.69000244140625,9197000
QCOM,2026-03-09,133.49000549316406,138.5800018310547,132.4600067138672,138.11000061035156,138.11000061035156,12304600
QCOM,2026-03-10,134.6999969482422,136.75,132.16000366210938,135.1999969482422,135.1999969482422,10447300
QCOM,2026-03-11,136.4499969482422,138.1999969482422,133.9600067138672,134.1199951171875,134.1199951171875,7830500
QCOM,2026-03-12,133.47000122070312,134.8699951171875,130.61000061035156,131.14999389648438,131.14999389648438,9162800
QCOM,2026-03-13,131.14999389648438,133.4199981689453,129.22000122070312,129.82000732421875,129.82000732421875,7786700
QCOM,2026-03-16,131.07000732421875,131.8699951171875,128.94000244140625,129.38999938964844,129.38999938964844,10132900
QCOM,2026-03-17,133.52000427246094,134.0500030517578,131.17999267578125,131.58999633789062,131.58999633789062,10544300
QCOM,2026-03-18,130.72999572753906,132.74000549316406,129.92999267578125,130.47000122070312,130.47000122070312,9894300
QCOM,2026-03-19,129.13999938964844,132.67999267578125,128.89999389648438,131.27999877929688,131.27999877929688,9846700
QCOM,2026-03-20,131.30999755859375,132.75,129.77999877929688,129.89999389648438,129.89999389648438,78568000
QCOM,2026-03-23,133.14999389648438,133.97000122070312,127.41000366210938,128.35000610351562,128.35000610351562,11431600
QCOM,2026-03-24,128.33999633789062,129.17999267578125,127.30999755859375,128.6699981689453,128.6699981689453,8409200
QCOM,2026-03-25,130.16000366210938,131.92999267578125,129.9499969482422,130.35000610351562,130.35000610351562,6669400
QCOM,2026-03-26,128.7899932861328,132.33999633789062,128.30999755859375,130.5399932861328,130.5399932861328,11912500
QCOM,2026-03-27,129.88999938964844,130.0399932861328,126.68000030517578,127.11000061035156,127.11000061035156,8964900
QCOM,2026-03-30,127.44999694824219,128.60000610351562,126.33999633789062,127.06999969482422,127.06999969482422,11555900
QCOM,2026-03-31,128.39999389648438,129.2899932861328,125.77999877929688,128.77999877929688,128.77999877929688,12219800
QCOM,2026-04-01,128.0,130.22999572753906,126.9800033569336,127.27999877929688,127.27999877929688,10210700
QCOM,2026-04-02,125.2300033569336,127.0,124.01000213623047,126.80000305175781,126.80000305175781,8575300
QCOM,2026-04-06,126.55999755859375,127.43000030517578,123.70999908447266,125.7300033569336,125.7300033569336,8038600
QCOM,2026-04-07,125.06999969482422,125.41000366210938,121.98999786376953,124.06999969482422,124.06999969482422,8840400
QCOM,2026-04-08,128.64999389648438,128.88999938964844,125.62000274658203,127.51000213623047,127.51000213623047,12535800
QCOM,2026-04-09,127.26000213623047,128.58999633789062,126.80000305175781,127.75,127.75,9352700
QCOM,2026-04-10,128.8000030517578,130.61000061035156,127.8499984741211,128.05999755859375,128.05999755859375,8427400
QCOM,2026-04-13,128.0,131.30999755859375,126.45999908447266,131.24000549316406,131.24000549316406,8615000
QCOM,2026-04-14,132.1999969482422,132.94000244140625,131.0500030517578,132.83999633789062,132.83999633789062,7608300
QCOM,2026-04-15,133.44000244140625,134.33999633789062,132.27999877929688,133.0500030517578,133.0500030517578,9691500
QCOM,2026-04-16,131.7899932861328,135.6999969482422,131.7899932861328,134.47000122070312,134.47000122070312,8163700
QCOM,2026-04-17,136.69000244140625,136.97000122070312,134.41000366210938,136.1999969482422,136.1999969482422,9667600
QCOM,2026-04-20,136.41000366210938,138.5,136.0800018310547,137.52000427246094,137.52000427246094,7953800
QCOM,2026-04-21,138.1199951171875,138.25999450683594,135.0500030517578,135.55999755859375,135.55999755859375,11874600
QCOM,2026-04-22,136.63999938964844,137.49000549316406,135.5500030517578,136.07000732421875,136.07000732421875,9432700
QCOM,2026-04-23,136.0,136.99000549316406,132.0500030517578,133.9499969482422,133.9499969482422,10164900
QCOM,2026-04-24,145.61000061035156,151.5399932861328,143.5800018310547,148.85000610351562,148.85000610351562,29449600
QCOM,2026-04-27,156.30999755859375,161.0,147.0500030517578,150.25999450683594,150.25999450683594,41744000
QCOM,2026-04-28,145.0800018310547,151.5,144.0,150.0,150.0,22921300
QCOM,2026-04-29,151.4499969482422,157.2899932861328,151.0,156.0,156.0,37571200
QCOM,2026-04-30,172.0500030517578,186.88999938964844,163.55999755859375,179.5800018310547,179.5800018310547,61132700
QCOM,2026-05-01,179.1300048828125,179.99000549316406,171.14999389648438,177.00999450683594,177.00999450683594,21111500
QCOM,2026-05-04,177.22000122070312,180.49000549316406,166.8300018310547,168.3800048828125,168.3800048828125,23117400
QCOM,2026-05-05,167.64999389648438,187.22000122070312,164.7899932861328,186.5500030517578,186.5500030517578,34274900
QCOM,2026-05-06,195.17999267578125,197.5,188.22000122070312,192.57000732421875,192.57000732421875,30145000
QCOM,2026-05-07,190.6699981689453,223.66000366210938,187.63999938964844,202.5500030517578,202.5500030517578,51092200
QCOM,2026-05-08,213.0,228.0500030517578,208.6300048828125,219.08999633789062,219.08999633789062,37850000
QCOM,2026-05-11,232.00999450683594,247.89999389648438,231.1999969482422,237.52999877929688,237.52999877929688,45474000
QCOM,2026-05-12,229.83999633789062,230.0,202.0,210.30999755859375,210.30999755859375,38590100
QCOM,2026-05-13,216.6300048828125,219.49000549316406,207.14999389648438,213.1699981689453,213.1699981689453,26226300
QCOM,2026-05-14,208.50999450683594,209.52999877929688,199.66000366210938,200.0800018310547,200.0800018310547,24883900
QCOM,2026-05-15,201.64999389648438,207.39999389648438,199.16000366210938,201.49000549316406,201.49000549316406,25876800
QCOM,2026-05-18,206.77000427246094,210.8000030517578,193.5800018310547,203.63999938964844,203.63999938964844,21082500
QCOM,2026-05-19,196.86000061035156,201.5,191.02000427246094,195.61000061035156,195.61000061035156,19605200
QCOM,2026-05-20,197.0,203.58999633789062,194.0,202.50999450683594,202.50999450683594,19037500
QCOM,2026-05-21,202.77999877929688,214.00999450683594,197.60000610351562,213.41000366210938,213.41000366210938,28163700
QCOM,2026-05-22,214.42999267578125,243.0,214.1699981689453,238.16000366210938,238.16000366210938,30375700
QCOM,2026-05-26,240.72000122070312,258.0,235.8000030517578,248.82000732421875,248.82000732421875,30646400
QCOM,2026-05-27,245.42999267578125,248.27000427246094,224.17999267578125,233.39999389648438,233.39999389648438,25694700
QCOM,2026-05-28,236.0,249.4600067138672,231.52000427246094,243.2899932861328,243.2899932861328,21118400
QCOM,2026-05-29,250.19000244140625,259.9200134277344,247.50999450683594,251.02000427246094,251.02000427246094,28781800
QCOM,2026-06-01,233.3300018310547,238.02000427246094,226.80999755859375,228.99000549316406,228.99000549316406,21185200
QCOM,2026-06-02,232.0,245.19000244140625,226.0500030517578,240.83999633789062,240.83999633789062,18508500
QCOM,2026-06-03,235.02000427246094,255.08999633789062,233.02000427246094,250.00999450683594,250.00999450683594,19467000
QCOM,2026-06-04,239.4499969482422,246.6999969482422,235.32000732421875,242.57000732421875,242.57000732421875,14185600
QCOM,2026-06-05,237.64999389648438,238.44000244140625,215.0,215.94000244140625,215.94000244140625,24189200
QCOM,2026-06-08,221.02999877929688,221.92999267578125,214.6300048828125,217.77000427246094,217.77000427246094,17180600
QCOM,2026-06-09,216.4600067138672,219.63999938964844,192.6699981689453,205.4199981689453,205.4199981689453,29906300
QCOM,2026-06-10,199.4600067138672,204.89999389648438,190.10000610351562,191.1999969482422,191.1999969482422,18426600
QCOM,2026-06-11,190.9199981689453,203.83999633789062,190.75,202.9600067138672,202.9600067138672,18933100
QCOM,2026-06-12,201.85000610351562,215.00999450683594,200.10000610351562,211.72000122070312,211.72000122070312,14123700
QCOM,2026-06-15,219.77000427246094,226.4600067138672,216.27999877929688,220.80999755859375,220.80999755859375,13993800
QCOM,2026-06-16,225.8300018310547,231.19000244140625,213.8000030517578,214.07000732421875,214.07000732421875,19629600
QCOM,2026-06-17,219.0399932861328,221.32000732421875,212.67999267578125,212.97000122070312,212.97000122070312,11955800
QCOM,2026-06-18,220.7100067138672,229.4199981689453,214.72999572753906,226.11000061035156,226.11000061035156,47081500
QCOM,2026-06-22,222.92999267578125,233.44000244140625,215.5,221.89999389648438,221.89999389648438,18203400
QCOM,2026-06-23,207.33999633789062,209.17999267578125,198.44000244140625,204.1300048828125,204.1300048828125,23781900
QCOM,2026-06-24,202.57000732421875,202.97000122070312,191.02000427246094,197.41000366210938,197.41000366210938,25519600
QCOM,2026-06-25,219.42999267578125,219.42999267578125,199.82000732421875,204.89999389648438,204.89999389648438,34793200
QCOM,2026-06-26,201.6999969482422,208.86000061035156,186.17999267578125,189.38999938964844,189.38999938964844,37128900
QCOM,2026-06-29,193.02999877929688,194.58999633789062,183.5800018310547,188.72000122070312,188.72000122070312,21599500
QCOM,2026-06-30,188.99000549316406,193.5,183.5,184.7899932861328,184.7899932861328,22056100
QCOM,2026-07-01,183.58999633789062,190.99000549316406,181.60000610351562,181.9199981689453,181.9199981689453,23313200
QCOM,2026-07-02,182.1699981689453,185.8000030517578,172.1199951171875,176.25,176.25,18661200
QCOM,2026-07-06,178.1300048828125,188.6699981689453,177.10000610351562,186.47999572753906,186.47999572753906,15510500
QCOM,2026-07-07,179.0,185.8800048828125,179.0,182.97000122070312,182.97000122070312,16239200
QCOM,2026-07-08,180.5050048828125,186.84500122070312,180.5050048828125,185.58999633789062,185.58999633789062,6368115
