symbol,date,open,high,low,close,adj_close,volume
XEQT.TO,2019-08-14,20.293304443359375,20.293304443359375,20.044586181640625,20.044586181640625,17.415979385375977,1970
XEQT.TO,2019-08-15,20.044586181640625,20.044586181640625,20.044586181640625,20.044586181640625,17.415979385375977,0
XEQT.TO,2019-08-16,20.262849807739258,20.262849807739258,20.262849807739258,20.262849807739258,17.605628967285156,591
XEQT.TO,2019-08-19,20.425275802612305,20.465883255004883,20.425275802612305,20.465883255004883,17.78203582763672,887
XEQT.TO,2019-08-20,20.404972076416016,20.404972076416016,20.333911895751953,20.333911895751953,17.667369842529297,3546
XEQT.TO,2019-08-21,20.333911895751953,20.333911895751953,20.333911895751953,20.333911895751953,17.667369842529297,0
XEQT.TO,2019-08-22,20.333911895751953,20.333911895751953,20.333911895751953,20.333911895751953,17.667369842529297,0
XEQT.TO,2019-08-23,20.130876541137695,20.130876541137695,20.120723724365234,20.120723724365234,17.482141494750977,394
XEQT.TO,2019-08-26,20.120723724365234,20.120723724365234,20.120723724365234,20.120723724365234,17.482141494750977,0
XEQT.TO,2019-08-27,20.120723724365234,20.120723724365234,20.120723724365234,20.120723724365234,17.482141494750977,0
XEQT.TO,2019-08-28,20.120723724365234,20.120723724365234,20.120723724365234,20.120723724365234,17.482141494750977,0
XEQT.TO,2019-08-29,20.120723724365234,20.120723724365234,20.120723724365234,20.120723724365234,17.482141494750977,0
XEQT.TO,2019-08-30,20.120723724365234,20.120723724365234,20.120723724365234,20.120723724365234,17.482141494750977,0
XEQT.TO,2019-09-03,20.120723724365234,20.120723724365234,20.120723724365234,20.120723724365234,17.482141494750977,0
XEQT.TO,2019-09-04,20.120723724365234,20.120723724365234,20.120723724365234,20.120723724365234,17.482141494750977,0
XEQT.TO,2019-09-05,20.120723724365234,20.120723724365234,20.120723724365234,20.120723724365234,17.482141494750977,0
XEQT.TO,2019-09-06,20.120723724365234,20.120723724365234,20.120723724365234,20.120723724365234,17.482141494750977,0
XEQT.TO,2019-09-09,20.120723724365234,20.120723724365234,20.120723724365234,20.120723724365234,17.482141494750977,0
XEQT.TO,2019-09-10,20.120723724365234,20.120723724365234,20.120723724365234,20.120723724365234,17.482141494750977,0
XEQT.TO,2019-09-11,20.120723724365234,20.120723724365234,20.120723724365234,20.120723724365234,17.482141494750977,0
XEQT.TO,2019-09-12,20.120723724365234,20.120723724365234,20.120723724365234,20.120723724365234,17.482141494750977,0
XEQT.TO,2019-09-13,21.135896682739258,21.135896682739258,21.12574577331543,21.12574577331543,18.355361938476562,1773
XEQT.TO,2019-09-16,21.064834594726562,21.064834594726562,21.064834594726562,21.064834594726562,18.302440643310547,788
XEQT.TO,2019-09-17,21.064834594726562,21.064834594726562,21.064834594726562,21.064834594726562,18.302440643310547,0
XEQT.TO,2019-09-18,21.074987411499023,21.074987411499023,21.074987411499023,21.074987411499023,18.311264038085938,197
XEQT.TO,2019-09-19,21.074987411499023,21.074987411499023,21.074987411499023,21.074987411499023,18.311264038085938,0
XEQT.TO,2019-09-20,21.09528923034668,21.09528923034668,21.09528923034668,21.09528923034668,18.328899383544922,3448
XEQT.TO,2019-09-23,21.064834594726562,21.074987411499023,21.054683685302734,21.054683685302734,18.293621063232422,887
XEQT.TO,2019-09-24,20.96331787109375,20.96331787109375,20.81104278564453,20.81104278564453,18.153703689575195,1576
XEQT.TO,2019-09-25,20.760282516479492,20.760282516479492,20.760282516479492,20.760282516479492,18.10942840576172,2167
XEQT.TO,2019-09-26,20.882104873657227,20.882104873657227,20.882104873657227,20.882104873657227,18.215696334838867,99
XEQT.TO,2019-09-27,20.79073715209961,20.79073715209961,20.79073715209961,20.79073715209961,18.13599395751953,4630
XEQT.TO,2019-09-30,20.785663604736328,20.785663604736328,20.785663604736328,20.785663604736328,18.131567001342773,1773
XEQT.TO,2019-10-01,20.567399978637695,20.567399978637695,20.567399978637695,20.567399978637695,17.941177368164062,197
XEQT.TO,2019-10-02,20.486186981201172,20.486186981201172,20.303455352783203,20.303455352783203,17.710927963256836,2561
XEQT.TO,2019-10-03,20.303455352783203,20.303455352783203,20.303455352783203,20.303455352783203,17.710927963256836,0
XEQT.TO,2019-10-04,20.303455352783203,20.303455352783203,20.303455352783203,20.303455352783203,17.710927963256836,0
XEQT.TO,2019-10-07,20.628311157226562,20.65876579284668,20.597856521606445,20.65876579284668,18.0208740234375,4236
XEQT.TO,2019-10-08,20.445579528808594,20.445579528808594,20.445579528808594,20.445579528808594,17.834909439086914,197
XEQT.TO,2019-10-09,20.445579528808594,20.445579528808594,20.445579528808594,20.445579528808594,17.834909439086914,0
XEQT.TO,2019-10-10,20.445579528808594,20.445579528808594,20.445579528808594,20.445579528808594,17.834909439086914,0
XEQT.TO,2019-10-11,20.750131607055664,20.750131607055664,20.750131607055664,20.750131607055664,18.100576400756836,1675
XEQT.TO,2019-10-15,20.750131607055664,20.750131607055664,20.750131607055664,20.750131607055664,18.100576400756836,0
XEQT.TO,2019-10-16,20.750131607055664,20.750131607055664,20.750131607055664,20.750131607055664,18.100576400756836,0
XEQT.TO,2019-10-17,20.750131607055664,20.750131607055664,20.750131607055664,20.750131607055664,18.100576400756836,0
XEQT.TO,2019-10-18,20.851648330688477,20.851648330688477,20.739980697631836,20.739980697631836,18.09171485900879,296
XEQT.TO,2019-10-21,20.739980697631836,20.739980697631836,20.739980697631836,20.739980697631836,18.09171485900879,0
XEQT.TO,2019-10-22,20.739980697631836,20.739980697631836,20.739980697631836,20.739980697631836,18.09171485900879,0
XEQT.TO,2019-10-23,20.760282516479492,20.760282516479492,20.760282516479492,20.760282516479492,18.10942840576172,197
XEQT.TO,2019-10-24,20.760282516479492,20.760282516479492,20.760282516479492,20.760282516479492,18.10942840576172,0
XEQT.TO,2019-10-25,20.871952056884766,20.871952056884766,20.871952056884766,20.871952056884766,18.206838607788086,985
XEQT.TO,2019-10-28,20.95316505432129,20.95316505432129,20.932863235473633,20.932863235473633,18.259965896606445,1084
XEQT.TO,2019-10-29,20.932863235473633,20.932863235473633,20.932863235473633,20.932863235473633,18.259965896606445,0
XEQT.TO,2019-10-30,20.932863235473633,20.932863235473633,20.932863235473633,20.932863235473633,18.259965896606445,0
XEQT.TO,2019-10-31,21.003925323486328,21.003925323486328,21.003925323486328,21.003925323486328,18.32196044921875,99
XEQT.TO,2019-11-01,21.12574577331543,21.12574577331543,21.12574577331543,21.12574577331543,18.428224563598633,493
XEQT.TO,2019-11-04,21.349082946777344,21.349082946777344,21.349082946777344,21.349082946777344,18.623046875,394
XEQT.TO,2019-11-05,21.349082946777344,21.349082946777344,21.349082946777344,21.349082946777344,18.623046875,0
XEQT.TO,2019-11-06,21.45060157775879,21.45060157775879,21.45060157775879,21.45060157775879,18.71160125732422,9555
XEQT.TO,2019-11-07,21.45060157775879,21.45060157775879,21.45060157775879,21.45060157775879,18.71160125732422,0
XEQT.TO,2019-11-08,21.45060157775879,21.45060157775879,21.45060157775879,21.45060157775879,18.71160125732422,0
XEQT.TO,2019-11-11,21.45060157775879,21.45060157775879,21.45060157775879,21.45060157775879,18.71160125732422,0
XEQT.TO,2019-11-12,21.56226921081543,21.56226921081543,21.521663665771484,21.521663665771484,18.77358627319336,5910
XEQT.TO,2019-11-13,21.521663665771484,21.521663665771484,21.521663665771484,21.521663665771484,18.77358627319336,0
XEQT.TO,2019-11-14,21.521663665771484,21.521663665771484,21.521663665771484,21.521663665771484,18.77358627319336,0
XEQT.TO,2019-11-15,21.521663665771484,21.521663665771484,21.521663665771484,21.521663665771484,18.77358627319336,0
XEQT.TO,2019-11-18,21.694242477416992,21.694242477416992,21.663787841796875,21.663787841796875,18.897563934326172,394
XEQT.TO,2019-11-19,21.673938751220703,21.673938751220703,21.673938751220703,21.673938751220703,18.90641975402832,788
XEQT.TO,2019-11-20,21.75515365600586,21.75515365600586,21.75515365600586,21.75515365600586,18.977266311645508,493
XEQT.TO,2019-11-21,21.70439338684082,21.70439338684082,21.70439338684082,21.70439338684082,18.93299102783203,2266
XEQT.TO,2019-11-22,21.70439338684082,21.70439338684082,21.70439338684082,21.70439338684082,18.93299102783203,0
XEQT.TO,2019-11-25,21.70439338684082,21.70439338684082,21.70439338684082,21.70439338684082,18.93299102783203,0
XEQT.TO,2019-11-26,21.836366653442383,21.836366653442383,21.805910110473633,21.805910110473633,19.021543502807617,1182
XEQT.TO,2019-11-27,21.805910110473633,21.805910110473633,21.805910110473633,21.805910110473633,19.021543502807617,0
XEQT.TO,2019-11-28,21.805910110473633,21.805910110473633,21.805910110473633,21.805910110473633,19.021543502807617,0
XEQT.TO,2019-11-29,21.805910110473633,21.805910110473633,21.805910110473633,21.805910110473633,19.021543502807617,0
XEQT.TO,2019-12-02,21.89727783203125,21.89727783203125,21.89727783203125,21.89727783203125,19.101242065429688,493
XEQT.TO,2019-12-03,21.58257293701172,21.58257293701172,21.5521183013916,21.5521183013916,18.800148010253906,2857
XEQT.TO,2019-12-04,21.633331298828125,21.633331298828125,21.633331298828125,21.633331298828125,18.87099838256836,493
XEQT.TO,2019-12-05,21.531814575195312,21.531814575195312,21.531814575195312,21.531814575195312,18.782440185546875,99
XEQT.TO,2019-12-06,21.795759201049805,21.795759201049805,21.795759201049805,21.795759201049805,19.0126895904541,99
XEQT.TO,2019-12-09,21.795759201049805,21.795759201049805,21.765304565429688,21.765304565429688,18.986114501953125,1576
XEQT.TO,2019-12-10,21.765304565429688,21.765304565429688,21.765304565429688,21.765304565429688,18.986114501953125,394
XEQT.TO,2019-12-11,21.765304565429688,21.765304565429688,21.765304565429688,21.765304565429688,18.986114501953125,0
XEQT.TO,2019-12-12,21.765304565429688,21.765304565429688,21.765304565429688,21.765304565429688,18.986114501953125,0
XEQT.TO,2019-12-13,21.765304565429688,21.765304565429688,21.765304565429688,21.765304565429688,18.986114501953125,0
XEQT.TO,2019-12-16,21.765304565429688,21.765304565429688,21.765304565429688,21.765304565429688,18.986114501953125,0
XEQT.TO,2019-12-17,21.765304565429688,21.765304565429688,21.765304565429688,21.765304565429688,18.986114501953125,0
XEQT.TO,2019-12-18,21.765304565429688,21.765304565429688,21.765304565429688,21.765304565429688,18.986114501953125,0
XEQT.TO,2019-12-19,21.998794555664062,21.998794555664062,21.998794555664062,21.998794555664062,19.189796447753906,197
XEQT.TO,2019-12-20,22.17137336730957,22.17137336730957,22.17137336730957,22.17137336730957,19.340335845947266,1675
XEQT.TO,2019-12-23,22.17137336730957,22.17137336730957,22.17137336730957,22.17137336730957,19.340335845947266,0
XEQT.TO,2019-12-24,22.161222457885742,22.19167709350586,22.161222457885742,22.19167709350586,19.35804557800293,1675
XEQT.TO,2019-12-27,22.232284545898438,22.232284545898438,22.20182991027832,22.20182991027832,19.366899490356445,493
XEQT.TO,2019-12-30,22.100311279296875,22.100311279296875,21.8668212890625,21.8668212890625,19.230308532714844,5319
XEQT.TO,2019-12-31,21.816062927246094,21.816062927246094,21.765304565429688,21.765304565429688,19.141027450561523,1379
XEQT.TO,2020-01-02,21.917579650878906,21.978490829467773,21.89727783203125,21.89727783203125,19.257095336914062,5418
XEQT.TO,2020-01-03,21.75515365600586,21.876972198486328,21.75515365600586,21.876972198486328,19.239233016967773,2857
XEQT.TO,2020-01-06,21.75515365600586,21.795759201049805,21.75515365600586,21.795759201049805,19.16781997680664,7388
XEQT.TO,2020-01-07,21.927732467651367,21.927732467651367,21.927732467651367,21.927732467651367,19.283878326416016,9161
XEQT.TO,2020-01-08,22.01909637451172,22.01909637451172,22.01909637451172,22.01909637451172,19.364221572875977,887
XEQT.TO,2020-01-09,22.15106964111328,22.15106964111328,22.15106964111328,22.15106964111328,19.480287551879883,788
XEQT.TO,2020-01-10,22.140918731689453,22.140918731689453,22.080007553100586,22.080007553100586,19.417789459228516,6698
XEQT.TO,2020-01-13,22.161222457885742,22.161222457885742,22.161222457885742,22.161222457885742,19.489213943481445,985
XEQT.TO,2020-01-14,22.252586364746094,22.252586364746094,22.232284545898438,22.232284545898438,19.55170440673828,5221
XEQT.TO,2020-01-15,22.232284545898438,22.25766372680664,22.222131729125977,22.222131729125977,19.542776107788086,6107
XEQT.TO,2020-01-16,22.343952178955078,22.364255905151367,22.32364845275879,22.354103088378906,19.658838272094727,14480
XEQT.TO,2020-01-17,22.45562171936035,22.45562171936035,22.45562171936035,22.45562171936035,19.748119354248047,2266
XEQT.TO,2020-01-20,22.536836624145508,22.64850425720215,22.536836624145508,22.64850425720215,19.917741775512695,18716
XEQT.TO,2020-01-21,22.404863357543945,22.435317993164062,22.404863357543945,22.415014266967773,19.712400436401367,2660
XEQT.TO,2020-01-22,22.45562171936035,22.557138442993164,22.45562171936035,22.51653289794922,19.801687240600586,6304
XEQT.TO,2020-01-23,22.49622917175293,22.49622917175293,22.415014266967773,22.49622917175293,19.783830642700195,4433
XEQT.TO,2020-01-24,22.61804962158203,22.61804962158203,22.32364845275879,22.374408721923828,19.676694869995117,25907
XEQT.TO,2020-01-27,22.090160369873047,22.140918731689453,22.059703826904297,22.130765914916992,19.46242904663086,5615
XEQT.TO,2020-01-28,22.161222457885742,22.262739181518555,22.161222457885742,22.262739181518555,19.5784912109375,10639
XEQT.TO,2020-01-29,22.33380126953125,22.354103088378906,22.303346633911133,22.303346633911133,19.61420249938965,15367
XEQT.TO,2020-01-30,22.19167709350586,22.232284545898438,22.120615005493164,22.232284545898438,19.55170440673828,4433
XEQT.TO,2020-01-31,22.17137336730957,22.17137336730957,21.927732467651367,21.978490829467773,19.328519821166992,12609
XEQT.TO,2020-02-03,22.100311279296875,22.21198081970215,22.100311279296875,22.21198081970215,19.533849716186523,2561
XEQT.TO,2020-02-04,22.46577262878418,22.526683807373047,22.404863357543945,22.48607635498047,19.774900436401367,10146
XEQT.TO,2020-02-05,22.709415435791016,22.709415435791016,22.668807983398438,22.699262619018555,19.962377548217773,13101
XEQT.TO,2020-02-06,22.800779342651367,22.800779342651367,22.719566345214844,22.78047752380371,20.033809661865234,5024
XEQT.TO,2020-02-07,22.77032470703125,22.77032470703125,22.62820053100586,22.62820053100586,19.899887084960938,32113
XEQT.TO,2020-02-10,22.64850425720215,22.739870071411133,22.64850425720215,22.739870071411133,19.998096466064453,9457
XEQT.TO,2020-02-11,22.800779342651367,22.902297973632812,22.800779342651367,22.821083068847656,20.06951332092285,40092
XEQT.TO,2020-02-12,22.973360061645508,22.973360061645508,22.861690521240234,22.902297973632812,20.14093780517578,2857
XEQT.TO,2020-02-13,22.810932159423828,22.871843338012695,22.800779342651367,22.841386795043945,20.08736801147461,4236
XEQT.TO,2020-02-14,22.861690521240234,22.861690521240234,22.810932159423828,22.810932159423828,20.060590744018555,8865
XEQT.TO,2020-02-18,22.841386795043945,22.841386795043945,22.729717254638672,22.79062843322754,20.0427303314209,29650
XEQT.TO,2020-02-19,22.851539611816406,22.89214515686035,22.851539611816406,22.861690521240234,20.105222702026367,4236
XEQT.TO,2020-02-20,22.861690521240234,22.871843338012695,22.709415435791016,22.810932159423828,20.060590744018555,4925
XEQT.TO,2020-02-21,22.78047752380371,22.78047752380371,22.557138442993164,22.607898712158203,19.882036209106445,23149
XEQT.TO,2020-02-24,22.069856643676758,22.120615005493164,21.978490829467773,22.02924919128418,19.373151779174805,19603
XEQT.TO,2020-02-25,22.080007553100586,22.080007553100586,21.4302978515625,21.470903396606445,18.88212776184082,35068
XEQT.TO,2020-02-26,21.56226921081543,21.7450008392334,21.440448760986328,21.440448760986328,18.8553466796875,31719
XEQT.TO,2020-02-27,21.166351318359375,21.166351318359375,20.81104278564453,21.12574577331543,18.57858657836914,6994
XEQT.TO,2020-02-28,21.054683685302734,21.1155948638916,20.069965362548828,20.496337890625,18.02506446838379,69446
XEQT.TO,2020-03-02,20.66891860961914,20.94301414489746,20.465883255004883,20.94301414489746,18.41788673400879,20194
XEQT.TO,2020-03-03,21.24756622314453,21.511510848999023,20.760282516479492,20.80088996887207,18.292903900146484,17337
XEQT.TO,2020-03-04,21.09528923034668,21.40999412536621,21.034379959106445,21.40999412536621,18.82856559753418,11427
XEQT.TO,2020-03-05,21.054683685302734,21.166351318359375,20.79073715209961,20.81104278564453,18.30182647705078,9752
XEQT.TO,2020-03-06,20.50649070739746,20.597856521606445,20.262849807739258,20.547096252441406,18.069704055786133,21770
XEQT.TO,2020-03-09,20.029359817504883,20.151180267333984,19.085248947143555,19.166461944580078,16.85553741455078,102544
XEQT.TO,2020-03-10,19.948144912719727,19.948144912719727,19.237524032592773,19.89738655090332,17.498334884643555,23838
XEQT.TO,2020-03-11,19.501468658447266,19.501468658447266,18.8111515045166,18.98373031616211,16.694843292236328,27385
XEQT.TO,2020-03-12,17.877193450927734,17.887344360351562,17.105661392211914,17.237634658813477,15.159271240234375,72697
XEQT.TO,2020-03-13,18.628419876098633,18.628419876098633,17.257936477661133,17.724916458129883,15.587801933288574,88753
XEQT.TO,2020-03-16,16.039730072021484,17.43051528930664,16.039730072021484,16.70974349975586,14.695029258728027,47283
XEQT.TO,2020-03-17,17.15641975402832,17.521881103515625,16.628530502319336,17.521881103515625,15.4092435836792,14283
XEQT.TO,2020-03-18,16.740198135375977,17.257936477661133,16.27322006225586,16.577770233154297,14.578968048095703,48662
XEQT.TO,2020-03-19,16.740198135375977,17.13611602783203,16.192005157470703,16.87217140197754,14.837874412536621,66688
XEQT.TO,2020-03-20,16.750350952148438,17.227481842041016,16.354433059692383,16.476253509521484,14.489690780639648,22262
XEQT.TO,2020-03-23,16.425495147705078,16.425495147705078,15.88745403289795,16.09048843383789,14.150436401367188,64029
XEQT.TO,2020-03-24,16.821413040161133,17.369606018066406,16.821413040161133,17.369606018066406,15.27532958984375,36546
XEQT.TO,2020-03-25,17.542186737060547,18.08022689819336,17.33915138244629,17.958406448364258,15.85057544708252,35659
XEQT.TO,2020-03-26,17.795978546142578,18.273109436035156,17.73506736755371,18.273109436035156,16.128341674804688,41372
XEQT.TO,2020-03-27,17.73506736755371,17.89749526977539,17.562488555908203,17.562488555908203,15.501126289367676,59694
XEQT.TO,2020-03-30,17.795978546142578,18.181743621826172,17.795978546142578,18.181743621826172,16.04769515991211,150418
XEQT.TO,2020-03-31,18.273109436035156,18.445688247680664,17.958406448364258,18.03961944580078,15.922256469726562,30635
XEQT.TO,2020-04-01,17.73506736755371,17.76552391052246,17.33915138244629,17.410213470458984,15.36672592163086,72894
XEQT.TO,2020-04-02,17.521881103515625,17.745220184326172,17.4406681060791,17.745220184326172,15.662416458129883,29946
XEQT.TO,2020-04-03,17.62339973449707,17.62339973449707,17.257936477661133,17.379758834838867,15.339842796325684,24035
XEQT.TO,2020-04-06,18.120834350585938,18.445688247680664,18.049772262573242,18.445688247680664,16.280662536621094,46790
XEQT.TO,2020-04-07,18.902517318725586,18.922819137573242,18.37462615966797,18.37462615966797,16.217939376831055,57724
XEQT.TO,2020-04-08,18.476144790649414,18.882213592529297,18.455841064453125,18.882213592529297,16.66594696044922,18815
XEQT.TO,2020-04-09,19.17661476135254,19.237524032592773,19.044641494750977,19.115703582763672,16.872037887573242,44820
XEQT.TO,2020-04-13,19.024337768554688,19.024337768554688,18.70963478088379,18.82130241394043,16.61219024658203,49548
XEQT.TO,2020-04-14,19.237524032592773,19.349193572998047,19.13600730895996,19.28828239440918,17.024356842041016,40092
XEQT.TO,2020-04-15,19.085248947143555,19.085248947143555,18.87206268310547,18.98373031616211,16.755552291870117,29256
XEQT.TO,2020-04-16,19.13600730895996,19.13600730895996,18.922819137573242,19.054792404174805,16.81827163696289,8865
XEQT.TO,2020-04-17,19.511621475219727,19.511621475219727,19.26797866821289,19.491317749023438,17.203567504882812,28271
XEQT.TO,2020-04-20,19.399951934814453,19.582683563232422,19.31873893737793,19.41010284423828,17.131881713867188,68954
XEQT.TO,2020-04-21,19.237524032592773,19.237524032592773,18.892364501953125,18.953275680541992,16.728670120239258,35954
XEQT.TO,2020-04-22,19.186765670776367,19.359344482421875,19.156309127807617,19.349193572998047,17.078123092651367,21868
XEQT.TO,2020-04-23,19.399951934814453,19.43040657043457,19.186765670776367,19.186765670776367,16.93475914001465,43835
XEQT.TO,2020-04-24,19.328889846801758,19.44055938720703,19.196916580200195,19.44055938720703,17.158761978149414,9062
XEQT.TO,2020-04-27,19.542076110839844,19.724807739257812,19.511621475219727,19.694351196289062,17.38276481628418,48268
XEQT.TO,2020-04-28,19.91769027709961,19.91769027709961,19.694351196289062,19.704504013061523,17.3917293548584,24823
XEQT.TO,2020-04-29,19.998903274536133,20.22224235534668,19.998903274536133,20.151180267333984,17.78597068786621,33098
XEQT.TO,2020-04-30,20.00905418395996,20.00905418395996,19.765413284301758,19.836475372314453,17.508207321166992,43539
XEQT.TO,2020-05-01,19.633441925048828,19.674047470092773,19.460861206054688,19.501468658447266,17.212522506713867,34378
XEQT.TO,2020-05-04,19.359344482421875,19.61313819885254,19.359344482421875,19.61313819885254,17.311084747314453,32113
XEQT.TO,2020-05-05,19.826324462890625,19.846628189086914,19.684200286865234,19.724807739257812,17.409645080566406,26695
XEQT.TO,2020-05-06,19.846628189086914,19.90753746032715,19.71465492248535,19.71465492248535,17.40068244934082,28862
XEQT.TO,2020-05-07,19.937992095947266,19.948144912719727,19.75526237487793,19.75526237487793,17.436525344848633,35659
XEQT.TO,2020-05-08,19.856779098510742,20.00905418395996,19.856779098510742,20.00905418395996,17.660533905029297,25808
XEQT.TO,2020-05-11,20.00905418395996,20.1816349029541,19.948144912719727,20.151180267333984,17.78597068786621,24134
XEQT.TO,2020-05-12,20.273000717163086,20.273000717163086,19.816173553466797,19.816173553466797,17.49028968811035,31423
XEQT.TO,2020-05-13,19.89738655090332,19.89738655090332,19.44055938720703,19.552228927612305,17.25732421875,47677
XEQT.TO,2020-05-14,19.349193572998047,19.531923294067383,19.14615821838379,19.531923294067383,17.239398956298828,26301
XEQT.TO,2020-05-15,19.531923294067383,19.724807739257812,19.501468658447266,19.684200286865234,17.37380599975586,40289
XEQT.TO,2020-05-19,20.50649070739746,21.318628311157227,19.968448638916016,19.968448638916016,17.624692916870117,65408
XEQT.TO,2020-05-20,20.090269088745117,20.293304443359375,20.090269088745117,20.21208953857422,17.839740753173828,33196
XEQT.TO,2020-05-21,20.22224235534668,20.22224235534668,20.100421905517578,20.141027450561523,17.77701187133789,50435
XEQT.TO,2020-05-22,20.242544174194336,20.242544174194336,20.120723724365234,20.1816349029541,17.81285858154297,9358
XEQT.TO,2020-05-25,20.597856521606445,20.608007431030273,20.384668350219727,20.608007431030273,18.18918228149414,13200
XEQT.TO,2020-05-26,20.547096252441406,20.547096252441406,20.34406280517578,20.34406280517578,17.95621681213379,27286
XEQT.TO,2020-05-27,20.415124893188477,20.536945343017578,20.262849807739258,20.536945343017578,18.126461029052734,23149
XEQT.TO,2020-05-28,20.689220428466797,21.156200408935547,20.567399978637695,20.567399978637695,18.153343200683594,41569
XEQT.TO,2020-05-29,20.547096252441406,20.597856521606445,20.435428619384766,20.567399978637695,18.153343200683594,26695
XEQT.TO,2020-06-01,20.689220428466797,20.689220428466797,20.526792526245117,20.547096252441406,18.135419845581055,20095
XEQT.TO,2020-06-02,20.628311157226562,20.689220428466797,20.557249069213867,20.689220428466797,18.2608642578125,6403
XEQT.TO,2020-06-03,20.739980697631836,21.064834594726562,20.739980697631836,21.054683685302734,18.58342742919922,60482
XEQT.TO,2020-06-04,21.054683685302734,21.054683685302734,20.892255783081055,20.912559509277344,18.45798683166504,11131
XEQT.TO,2020-06-05,21.26786994934082,21.40999412536621,21.24756622314453,21.298324584960938,18.798473358154297,27680
XEQT.TO,2020-06-08,21.460752487182617,21.470903396606445,21.308475494384766,21.460752487182617,18.94183921813965,59596
XEQT.TO,2020-06-09,21.440448760986328,21.440448760986328,21.308475494384766,21.40999412536621,18.897037506103516,23346
XEQT.TO,2020-06-10,21.4302978515625,21.4302978515625,21.196807861328125,21.217111587524414,18.726795196533203,40880
XEQT.TO,2020-06-11,20.719675064086914,20.831344604492188,20.34406280517578,20.404972076416016,18.009979248046875,39599
XEQT.TO,2020-06-12,20.729827880859375,20.760282516479492,20.35421371459961,20.6181583404541,18.198139190673828,26301
XEQT.TO,2020-06-15,20.1816349029541,20.739980697631836,20.1816349029541,20.689220428466797,18.2608642578125,42948
XEQT.TO,2020-06-16,21.206958770751953,21.227262496948242,20.861799240112305,20.98362159729004,18.520708084106445,16647
XEQT.TO,2020-06-17,21.12574577331543,21.12574577331543,20.96331787109375,20.96331787109375,18.50279426574707,10245
XEQT.TO,2020-06-18,20.96331787109375,21.034379959106445,20.871952056884766,20.993772506713867,18.52967071533203,25808
XEQT.TO,2020-06-19,21.12574577331543,21.196807861328125,20.912559509277344,20.96331787109375,18.50279426574707,11722
XEQT.TO,2020-06-22,20.993772506713867,21.003925323486328,20.871952056884766,20.993772506713867,18.52967071533203,42850
XEQT.TO,2020-06-23,21.135896682739258,21.186656951904297,21.09528923034668,21.12574577331543,18.646150588989258,20982
XEQT.TO,2020-06-24,20.902406692504883,20.902406692504883,20.43035125732422,20.587703704833984,18.284608840942383,35363
XEQT.TO,2020-06-25,20.547096252441406,20.81104278564453,20.435428619384766,20.81104278564453,18.482961654663086,17928
XEQT.TO,2020-06-26,20.831344604492188,20.831344604492188,20.435428619384766,20.46080780029297,18.17190933227539,29847
XEQT.TO,2020-06-29,20.496337890625,20.719675064086914,20.465883255004883,20.709524154663086,18.39280128479004,25513
XEQT.TO,2020-06-30,20.699373245239258,20.81104278564453,20.66891860961914,20.81104278564453,18.482961654663086,21474
XEQT.TO,2020-07-02,21.176504135131836,21.217111587524414,21.054683685302734,21.054683685302734,18.69934844970703,59399
XEQT.TO,2020-07-03,21.08513832092285,21.14604949951172,21.034379959106445,21.034379959106445,18.681312561035156,14973
XEQT.TO,2020-07-06,21.298324584960938,21.308475494384766,21.217111587524414,21.25771713256836,18.87966537475586,34181
XEQT.TO,2020-07-07,21.227262496948242,21.298324584960938,21.130821228027344,21.14604949951172,18.78049087524414,20489
XEQT.TO,2020-07-08,21.206958770751953,21.206958770751953,21.044532775878906,21.166351318359375,18.798524856567383,32704
XEQT.TO,2020-07-09,21.217111587524414,21.217111587524414,20.96331787109375,21.14604949951172,18.78049087524414,12018
XEQT.TO,2020-07-10,21.176504135131836,21.359235763549805,21.12574577331543,21.359235763549805,18.969829559326172,26202
XEQT.TO,2020-07-13,21.4302978515625,21.58257293701172,21.196807861328125,21.196807861328125,18.82557487487793,37629
XEQT.TO,2020-07-14,21.09528923034668,21.511510848999023,21.09528923034668,21.511510848999023,19.10507583618164,25808
XEQT.TO,2020-07-15,21.602876663208008,21.70439338684082,21.521663665771484,21.602876663208008,19.18621826171875,59793
XEQT.TO,2020-07-16,21.54196548461914,21.572420120239258,21.45060157775879,21.572420120239258,19.159164428710938,37531
XEQT.TO,2020-07-17,21.653635025024414,21.68408966064453,21.54196548461914,21.68408966064453,19.258344650268555,23050
XEQT.TO,2020-07-20,21.68408966064453,21.785608291625977,21.633331298828125,21.775455474853516,19.339492797851562,53488
XEQT.TO,2020-07-21,21.8668212890625,21.8668212890625,21.68408966064453,21.68408966064453,19.258344650268555,32605
XEQT.TO,2020-07-22,21.72469711303711,21.73484992980957,21.623180389404297,21.73484992980957,19.30342674255371,15268
XEQT.TO,2020-07-23,21.70439338684082,21.72469711303711,21.460752487182617,21.521663665771484,19.114089965820312,32605
XEQT.TO,2020-07-24,21.470903396606445,21.470903396606445,21.369386672973633,21.42014503479004,19.023927688598633,8865
XEQT.TO,2020-07-27,21.511510848999023,21.567346572875977,21.470903396606445,21.567346572875977,19.15465545654297,22361
XEQT.TO,2020-07-28,21.5521183013916,21.56226921081543,21.46582794189453,21.470903396606445,19.06900405883789,14480
XEQT.TO,2020-07-29,21.58257293701172,21.68408966064453,21.54196548461914,21.68408966064453,19.258344650268555,8964
XEQT.TO,2020-07-30,21.511510848999023,21.70439338684082,21.379539489746094,21.70439338684082,19.27638053894043,17140
XEQT.TO,2020-07-31,21.694242477416992,21.70439338684082,21.308475494384766,21.521663665771484,19.114089965820312,67673
XEQT.TO,2020-08-04,21.56226921081543,21.927732467651367,21.56226921081543,21.750076293945312,19.31694984436035,57330
XEQT.TO,2020-08-05,21.8668212890625,21.876972198486328,21.805910110473633,21.876972198486328,19.429649353027344,27582
XEQT.TO,2020-08-06,21.876972198486328,22.00894546508789,21.84651756286621,21.978490829467773,19.519813537597656,18125
XEQT.TO,2020-08-07,22.00894546508789,22.04955291748047,21.948034286499023,22.044477462768555,19.57840919494629,12707
XEQT.TO,2020-08-10,22.039400100708008,22.080007553100586,21.978490829467773,22.080007553100586,19.609968185424805,28271
XEQT.TO,2020-08-11,22.080007553100586,22.161222457885742,21.927732467651367,21.927732467651367,19.4747371673584,37925
XEQT.TO,2020-08-12,22.130765914916992,22.1815242767334,22.110462188720703,22.15106964111328,19.67308807373047,26498
XEQT.TO,2020-08-13,22.120615005493164,22.120615005493164,22.00894546508789,22.04955291748047,19.582921981811523,23838
XEQT.TO,2020-08-14,21.998794555664062,22.080007553100586,21.998794555664062,22.059703826904297,19.591936111450195,53685
XEQT.TO,2020-08-17,22.15106964111328,22.15106964111328,22.090160369873047,22.11553955078125,19.641529083251953,22361
XEQT.TO,2020-08-18,22.140918731689453,22.15106964111328,22.059703826904297,22.100311279296875,19.628005981445312,25316
XEQT.TO,2020-08-19,22.080007553100586,22.15106964111328,22.059703826904297,22.059703826904297,19.591936111450195,36151
XEQT.TO,2020-08-20,21.9886417388916,22.04955291748047,21.917579650878906,22.039400100708008,19.573909759521484,15662
XEQT.TO,2020-08-21,22.01909637451172,22.02924919128418,21.968339920043945,22.01909637451172,19.555871963500977,15958
XEQT.TO,2020-08-24,22.161222457885742,22.272890090942383,22.161222457885742,22.26781463623047,19.776769638061523,31325
XEQT.TO,2020-08-25,22.31349754333496,22.31349754333496,22.19167709350586,22.277965545654297,19.785783767700195,24331
XEQT.TO,2020-08-26,22.303346633911133,22.425167083740234,22.293193817138672,22.425167083740234,19.916522979736328,40978
XEQT.TO,2020-08-27,22.435317993164062,22.445470809936523,22.262739181518555,22.354103088378906,19.853403091430664,32605
XEQT.TO,2020-08-28,22.435317993164062,22.435317993164062,22.33380126953125,22.404863357543945,19.898481369018555,16253
XEQT.TO,2020-08-31,22.435317993164062,22.841386795043945,22.232284545898438,22.232284545898438,19.745208740234375,53193
XEQT.TO,2020-09-01,22.262739181518555,22.364255905151367,22.19167709350586,22.364255905151367,19.8624210357666,21868
XEQT.TO,2020-09-02,22.49622917175293,22.61804962158203,22.445470809936523,22.61804962158203,20.08782386779785,31719
XEQT.TO,2020-09-03,22.577442169189453,22.577442169189453,22.00894546508789,22.100311279296875,19.628005981445312,55360
XEQT.TO,2020-09-04,22.069856643676758,22.19167709350586,21.572420120239258,21.8668212890625,19.420631408691406,48859
XEQT.TO,2020-09-08,21.71454620361328,21.84651756286621,21.572420120239258,21.673938751220703,19.249326705932617,52011
XEQT.TO,2020-09-09,21.917579650878906,22.059703826904297,21.89727783203125,22.01909637451172,19.555871963500977,41372
XEQT.TO,2020-09-10,22.059703826904297,22.069856643676758,21.673938751220703,21.7450008392334,19.312442779541016,33590
XEQT.TO,2020-09-11,21.8668212890625,21.8668212890625,21.643484115600586,21.795759201049805,19.357519149780273,26399
XEQT.TO,2020-09-14,22.00894546508789,22.04955291748047,21.978490829467773,22.01909637451172,19.555871963500977,16746
XEQT.TO,2020-09-15,22.20182991027832,22.232284545898438,22.130765914916992,22.15106964111328,19.67308807373047,29355
XEQT.TO,2020-09-16,22.21198081970215,22.22720718383789,22.069856643676758,22.069856643676758,19.600955963134766,20588
XEQT.TO,2020-09-17,21.88712501525879,22.01909637451172,21.836366653442383,21.927732467651367,19.4747371673584,13200
XEQT.TO,2020-09-18,21.927732467651367,21.998794555664062,21.72469711303711,21.826215744018555,19.384571075439453,20194
XEQT.TO,2020-09-21,21.511510848999023,21.623180389404297,21.318628311157227,21.623180389404297,19.20425033569336,43441
XEQT.TO,2020-09-22,21.694242477416992,21.75515365600586,21.602876663208008,21.75515365600586,19.321460723876953,25119
XEQT.TO,2020-09-23,21.876972198486328,21.876972198486328,21.42014503479004,21.42014503479004,19.023927688598633,24035
XEQT.TO,2020-09-24,21.318628311157227,21.491207122802734,21.217111587524414,21.359235763549805,19.041122436523438,26005
XEQT.TO,2020-09-25,21.359235763549805,21.663787841796875,21.28817367553711,21.6485595703125,19.299049377441406,15367
XEQT.TO,2020-09-28,21.917579650878906,21.968339920043945,21.84651756286621,21.937883377075195,19.55696678161621,15761
XEQT.TO,2020-09-29,21.968339920043945,21.9886417388916,21.876972198486328,21.927732467651367,19.547922134399414,31029
XEQT.TO,2020-09-30,21.927732467651367,22.04955291748047,21.775455474853516,21.876972198486328,19.50266456604004,17041
XEQT.TO,2020-10-01,22.00894546508789,22.00894546508789,21.88712501525879,21.958187103271484,19.575071334838867,19504
XEQT.TO,2020-10-02,21.72469711303711,21.958187103271484,21.72469711303711,21.912504196166992,19.534345626831055,29847
XEQT.TO,2020-10-05,22.01909637451172,22.19167709350586,22.01909637451172,22.17137336730957,19.765117645263672,27582
XEQT.TO,2020-10-06,22.222131729125977,22.293193817138672,21.978490829467773,22.01909637451172,19.629365921020508,34083
XEQT.TO,2020-10-07,22.17137336730957,22.283042907714844,22.161222457885742,22.283042907714844,19.86466407775879,23937
XEQT.TO,2020-10-08,22.33380126953125,22.374408721923828,22.293193817138672,22.354103088378906,19.92801284790039,14185
XEQT.TO,2020-10-09,22.394710540771484,22.415014266967773,22.33380126953125,22.39978790283203,19.968740463256836,38220
XEQT.TO,2020-10-13,22.597745895385742,22.597745895385742,22.425167083740234,22.47592544555664,20.03661346435547,38516
XEQT.TO,2020-10-14,22.557138442993164,22.567291259765625,22.364255905151367,22.384559631347656,19.955167770385742,32014
XEQT.TO,2020-10-15,22.31349754333496,22.415014266967773,22.19167709350586,22.404863357543945,19.9732608795166,33393
XEQT.TO,2020-10-16,22.526683807373047,22.536836624145508,22.374408721923828,22.374408721923828,19.946115493774414,51715
XEQT.TO,2020-10-19,22.45562171936035,22.45562171936035,22.120615005493164,22.140918731689453,19.73796844482422,26990
XEQT.TO,2020-10-20,22.242435455322266,22.262739181518555,22.110462188720703,22.140918731689453,19.73796844482422,41471
XEQT.TO,2020-10-21,22.140918731689453,22.20182991027832,22.069856643676758,22.090160369873047,19.692718505859375,78115
XEQT.TO,2020-10-22,22.080007553100586,22.20182991027832,21.978490829467773,22.17137336730957,19.765117645263672,32802
XEQT.TO,2020-10-23,22.222131729125977,22.252586364746094,22.140918731689453,22.252586364746094,19.837522506713867,12412
XEQT.TO,2020-10-26,22.130765914916992,22.130765914916992,21.805910110473633,21.948034286499023,19.566017150878906,49844
XEQT.TO,2020-10-27,21.958187103271484,21.958187103271484,21.816062927246094,21.836366653442383,19.466468811035156,18716
XEQT.TO,2020-10-28,21.623180389404297,21.623180389404297,21.338932037353516,21.338932037353516,19.023021697998047,58709
XEQT.TO,2020-10-29,21.42014503479004,21.643484115600586,21.359235763549805,21.521663665771484,19.185922622680664,28074
XEQT.TO,2020-10-30,21.389690399169922,21.42014503479004,21.166351318359375,21.262794494628906,18.95514678955078,51321
XEQT.TO,2020-11-02,21.481056213378906,21.521663665771484,21.308475494384766,21.4302978515625,19.104475021362305,53981
XEQT.TO,2020-11-03,21.572420120239258,21.805910110473633,21.5521183013916,21.775455474853516,19.412174224853516,42850
XEQT.TO,2020-11-04,22.039400100708008,22.232284545898438,21.917579650878906,22.059703826904297,19.665565490722656,25020
XEQT.TO,2020-11-05,22.374408721923828,22.425167083740234,22.32364845275879,22.404863357543945,19.9732608795166,38122
XEQT.TO,2020-11-06,22.404863357543945,22.445470809936523,22.33380126953125,22.384559631347656,19.955167770385742,39304
XEQT.TO,2020-11-09,23.05457305908203,23.135786056518555,22.709415435791016,22.709415435791016,20.244766235351562,93679
XEQT.TO,2020-11-10,22.739870071411133,22.821083068847656,22.62820053100586,22.79062843322754,20.317161560058594,37334
XEQT.TO,2020-11-11,22.9226016998291,23.034269332885742,22.9226016998291,23.034269332885742,20.53436279296875,24035
XEQT.TO,2020-11-12,23.08502960205078,23.08502960205078,22.79062843322754,22.871843338012695,20.38956642150879,32408
XEQT.TO,2020-11-13,23.044422149658203,23.196697235107422,22.993663787841797,23.156091690063477,20.64296531677246,31128
XEQT.TO,2020-11-16,23.348974227905273,23.36927604675293,23.227153778076172,23.36927604675293,20.8330135345459,112099
XEQT.TO,2020-11-17,23.298215866088867,23.37942886352539,23.206850051879883,23.3591251373291,20.82396125793457,52208
XEQT.TO,2020-11-18,23.39973258972168,23.39973258972168,23.176393508911133,23.176393508911133,20.661062240600586,43145
XEQT.TO,2020-11-19,23.206850051879883,23.298215866088867,23.135786056518555,23.298215866088867,20.769664764404297,31226
XEQT.TO,2020-11-20,23.25760841369629,23.348974227905273,23.211925506591797,23.288063049316406,20.760610580444336,34181
XEQT.TO,2020-11-23,23.38958168029785,23.430187225341797,23.318519592285156,23.39973258972168,20.86016082763672,55557
XEQT.TO,2020-11-24,23.582462310791016,23.653526306152344,23.531705856323242,23.623069763183594,21.059261322021484,93974
XEQT.TO,2020-11-25,23.623069763183594,23.623069763183594,23.52155303955078,23.602767944335938,21.041162490844727,27976
XEQT.TO,2020-11-26,23.734739303588867,23.836257934570312,23.61799430847168,23.82610511779785,21.240264892578125,38319
XEQT.TO,2020-11-27,23.653526306152344,23.86671257019043,23.653526306152344,23.86671257019043,21.27646255493164,41963
XEQT.TO,2020-11-30,23.653526306152344,23.653526306152344,23.338821411132812,23.450490951538086,20.905412673950195,98210
XEQT.TO,2020-12-01,23.714435577392578,23.734739303588867,23.63829803466797,23.663677215576172,21.09546661376953,45214
XEQT.TO,2020-12-02,23.612918853759766,23.68398094177246,23.54185676574707,23.68398094177246,21.11356544494629,21967
XEQT.TO,2020-12-03,23.70428466796875,23.755043029785156,23.633222579956055,23.653526306152344,21.086414337158203,92004
XEQT.TO,2020-12-04,23.68398094177246,23.744890213012695,23.68398094177246,23.744890213012695,21.16786003112793,31620
XEQT.TO,2020-12-07,23.72458839416504,23.775346755981445,23.68398094177246,23.734739303588867,21.158809661865234,73781
XEQT.TO,2020-12-08,23.694133758544922,23.86671257019043,23.68398094177246,23.84640884399414,21.258363723754883,51026
XEQT.TO,2020-12-09,23.897167205810547,23.897167205810547,23.623069763183594,23.714435577392578,21.14071273803711,58020
XEQT.TO,2020-12-10,23.54185676574707,23.744890213012695,23.501249313354492,23.673828125,21.104511260986328,41175
XEQT.TO,2020-12-11,23.612918853759766,23.653526306152344,23.491098403930664,23.633222579956055,21.068315505981445,42554
XEQT.TO,2020-12-14,23.734739303588867,23.744890213012695,23.54185676574707,23.5520076751709,20.995912551879883,38023
XEQT.TO,2020-12-15,23.633222579956055,23.72458839416504,23.592615127563477,23.70428466796875,21.131668090820312,34181
XEQT.TO,2020-12-16,23.81595230102539,23.84640884399414,23.775346755981445,23.82610511779785,21.240264892578125,42357
XEQT.TO,2020-12-17,23.897167205810547,23.98853302001953,23.897167205810547,23.98853302001953,21.385061264038086,24823
XEQT.TO,2020-12-18,23.968229293823242,23.99868392944336,23.876863479614258,23.99868392944336,21.394113540649414,103726
XEQT.TO,2020-12-21,23.755043029785156,23.937774658203125,23.633222579956055,23.937774658203125,21.339811325073242,49056
XEQT.TO,2020-12-22,24.01898765563965,24.039291381835938,23.95807647705078,24.00883674621582,21.403162002563477,46889
XEQT.TO,2020-12-23,24.049442291259766,24.095125198364258,24.02914047241211,24.02914047241211,21.421262741088867,18026
XEQT.TO,2020-12-24,24.039291381835938,24.039291381835938,23.97838020324707,24.01898765563965,21.41221046447754,16647
XEQT.TO,2020-12-29,24.252477645874023,24.252477645874023,24.059595108032227,24.100202560424805,21.48461151123047,47775
XEQT.TO,2020-12-30,24.069746017456055,24.069746017456055,23.968229293823242,23.968229293823242,21.4827938079834,66590
XEQT.TO,2020-12-31,23.907318115234375,23.927621841430664,23.805801391601562,23.887014389038086,21.409996032714844,64029
XEQT.TO,2021-01-04,24.079898834228516,24.28293228149414,23.709360122680664,23.86671257019043,21.391801834106445,99392
XEQT.TO,2021-01-05,23.876863479614258,23.968229293823242,23.86671257019043,23.927621841430664,21.44639778137207,57330
XEQT.TO,2021-01-06,24.01898765563965,24.31338882446289,23.98853302001953,24.14080810546875,21.63747215270996,43835
XEQT.TO,2021-01-07,24.343843460083008,24.4859676361084,24.333690643310547,24.4859676361084,21.946842193603516,92694
XEQT.TO,2021-01-08,24.536725997924805,24.678850173950195,24.44536018371582,24.58748435974121,22.037830352783203,105992
XEQT.TO,2021-01-11,24.353994369506836,24.638242721557617,24.353994369506836,24.557029724121094,22.01053810119629,108651
XEQT.TO,2021-01-12,24.546878814697266,24.567180633544922,24.42505645751953,24.546878814697266,22.001434326171875,66393
XEQT.TO,2021-01-13,24.557029724121094,24.557029724121094,24.47581672668457,24.491043090820312,21.95138931274414,61467
XEQT.TO,2021-01-14,24.557029724121094,24.567180633544922,24.414905548095703,24.4859676361084,21.946842193603516,69052
XEQT.TO,2021-01-15,24.47581672668457,24.47581672668457,24.29308319091797,24.374298095703125,21.846750259399414,68658
XEQT.TO,2021-01-18,24.516422271728516,24.61794090270996,24.435209274291992,24.61794090270996,22.065128326416016,30044
XEQT.TO,2021-01-19,24.658546447753906,24.668697357177734,24.46566390991211,24.54180145263672,21.996891021728516,65309
XEQT.TO,2021-01-20,24.719457626342773,24.719457626342773,24.496118545532227,24.709304809570312,22.14702033996582,62157
XEQT.TO,2021-01-21,24.709304809570312,24.709304809570312,24.536725997924805,24.59763526916504,22.04692840576172,61270
XEQT.TO,2021-01-22,24.557029724121094,24.668697357177734,24.526573181152344,24.648395538330078,22.092426300048828,54079
XEQT.TO,2021-01-25,24.678850173950195,25.379318237304688,24.47581672668457,24.719457626342773,22.15612030029297,135740
XEQT.TO,2021-01-26,24.678850173950195,24.689001083374023,24.567180633544922,24.577333450317383,22.028736114501953,54079
XEQT.TO,2021-01-27,24.516422271728516,24.516422271728516,24.090049743652344,24.16111183166504,21.65567398071289,118502
XEQT.TO,2021-01-28,24.364147186279297,24.546878814697266,24.32353973388672,24.404752731323242,21.874052047729492,65900
XEQT.TO,2021-01-29,24.211870193481445,24.211870193481445,23.836257934570312,23.927621841430664,21.44639778137207,130224
XEQT.TO,2021-02-01,24.14080810546875,24.47581672668457,24.110353469848633,24.47581672668457,21.937742233276367,71909
XEQT.TO,2021-02-02,24.58748435974121,24.699153900146484,24.58748435974121,24.648395538330078,22.092426300048828,73091
XEQT.TO,2021-02-03,24.74991226196289,25.22704315185547,24.58748435974121,24.678850173950195,22.11972427368164,58906
XEQT.TO,2021-02-04,24.76006317138672,24.993553161621094,24.76006317138672,24.993553161621094,22.401792526245117,39402
XEQT.TO,2021-02-05,25.003704071044922,25.003704071044922,24.90218734741211,25.003704071044922,22.410888671875,53193
XEQT.TO,2021-02-08,25.09507179260254,25.145830154418945,25.09507179260254,25.145830154418945,22.538278579711914,68658
XEQT.TO,2021-02-09,25.176284790039062,25.20673942565918,25.135677337646484,25.18643569946289,22.574674606323242,66196
XEQT.TO,2021-02-10,25.237194061279297,25.287954330444336,25.105222702026367,25.19658851623535,22.583778381347656,47283
XEQT.TO,2021-02-11,25.22704315185547,25.237194061279297,25.09507179260254,25.22704315185547,22.611066818237305,68560
XEQT.TO,2021-02-12,25.247346878051758,25.34886360168457,25.247346878051758,25.34886360168457,22.720256805419922,44229
XEQT.TO,2021-02-16,25.49098777770996,25.49098777770996,25.328561782836914,25.35901641845703,22.729354858398438,106583
XEQT.TO,2021-02-17,25.318408966064453,25.318408966064453,25.155981063842773,25.277801513671875,22.656566619873047,77228
XEQT.TO,2021-02-18,25.155981063842773,25.155981063842773,25.024009704589844,25.14075469970703,22.53373146057129,38417
XEQT.TO,2021-02-19,25.145830154418945,25.15090560913086,25.05446434020996,25.09507179260254,22.492782592773438,80380
XEQT.TO,2021-02-22,25.074766159057617,25.074766159057617,24.942794799804688,24.942794799804688,22.356294631958008,94565
XEQT.TO,2021-02-23,24.871732711791992,24.95294761657715,24.516422271728516,24.89203643798828,22.31079864501953,89049
XEQT.TO,2021-02-24,24.820974349975586,25.013856887817383,24.73975944519043,25.013856887817383,22.41999053955078,60876
XEQT.TO,2021-02-25,24.9224910736084,24.95294761657715,24.506271362304688,24.567180633544922,22.019636154174805,138499
XEQT.TO,2021-02-26,24.638242721557617,24.79051971435547,24.364147186279297,24.79051971435547,22.219810485839844,108356
XEQT.TO,2021-03-01,24.881885528564453,25.013856887817383,24.831125259399414,24.983402252197266,22.39269256591797,88359
XEQT.TO,2021-03-02,24.983402252197266,24.983402252197266,24.79051971435547,24.831125259399414,22.25620460510254,103431
XEQT.TO,2021-03-03,24.851428985595703,24.871732711791992,24.638242721557617,24.638242721557617,22.08332633972168,115054
XEQT.TO,2021-03-04,24.6077880859375,24.668697357177734,24.110353469848633,24.31338882446289,21.792158126831055,157510
XEQT.TO,2021-03-05,24.516422271728516,24.658546447753906,24.090049743652344,24.658546447753906,22.101520538330078,105696
XEQT.TO,2021-03-08,24.689001083374023,24.820974349975586,24.557029724121094,24.61794090270996,22.065128326416016,125988
XEQT.TO,2021-03-09,24.780366897583008,24.993553161621094,24.7296085357666,24.89203643798828,22.31079864501953,59990
XEQT.TO,2021-03-10,25.003704071044922,25.05446434020996,24.927566528320312,24.973249435424805,22.383594512939453,83237
XEQT.TO,2021-03-11,25.135677337646484,25.20673942565918,25.084918975830078,25.09507179260254,22.492782592773438,104711
XEQT.TO,2021-03-12,25.05446434020996,25.074766159057617,24.917415618896484,25.074766159057617,22.474584579467773,79888
XEQT.TO,2021-03-15,25.145830154418945,25.18643569946289,24.993553161621094,25.18643569946289,22.574674606323242,86882
XEQT.TO,2021-03-16,25.247346878051758,25.247346878051758,25.024009704589844,25.084918975830078,22.483688354492188,85306
XEQT.TO,2021-03-17,25.09507179260254,25.20673942565918,24.993553161621094,25.125526428222656,22.52008056640625,80479
XEQT.TO,2021-03-18,25.125526428222656,25.166133880615234,24.963098526000977,24.973249435424805,22.383594512939453,86882
XEQT.TO,2021-03-19,25.024009704589844,25.034160614013672,24.861581802368164,25.003704071044922,22.410888671875,87867
XEQT.TO,2021-03-22,25.013856887817383,25.12044906616211,24.963098526000977,25.084918975830078,22.483688354492188,50632
XEQT.TO,2021-03-23,25.125526428222656,25.125526428222656,24.841278076171875,24.881885528564453,22.301700592041016,79592
XEQT.TO,2021-03-24,24.973249435424805,24.973249435424805,24.719457626342773,24.77021598815918,22.201610565185547,63142
XEQT.TO,2021-03-25,24.526573181152344,24.831125259399414,24.48089027404785,24.800670623779297,22.3176326751709,97914
XEQT.TO,2021-03-26,24.831125259399414,25.09507179260254,24.800670623779297,25.09507179260254,22.58255386352539,40289
XEQT.TO,2021-03-29,25.074766159057617,25.074766159057617,24.881885528564453,24.983402252197266,22.48206901550293,58808
XEQT.TO,2021-03-30,24.973249435424805,25.084918975830078,24.9224910736084,25.05446434020996,22.5460147857666,62354
XEQT.TO,2021-03-31,25.06461524963379,25.09507179260254,24.96817398071289,25.013856887817383,22.509475708007812,43835
XEQT.TO,2021-04-01,25.176284790039062,25.287954330444336,25.166133880615234,25.287954330444336,22.75613021850586,70037
XEQT.TO,2021-04-05,25.714326858520508,25.714326858520508,25.39962387084961,25.521442413330078,22.966236114501953,93285
XEQT.TO,2021-04-06,25.501140594482422,25.58742904663086,25.480836868286133,25.562049865722656,23.00278091430664,46593
XEQT.TO,2021-04-07,25.612808227539062,25.67371940612793,25.582353591918945,25.643264770507812,23.075868606567383,47874
XEQT.TO,2021-04-08,25.683870315551758,25.699098587036133,25.612808227539062,25.69402313232422,23.12154197692871,80676
XEQT.TO,2021-04-09,25.6635684967041,25.724477767944336,25.612808227539062,25.724477767944336,23.14894676208496,71909
XEQT.TO,2021-04-12,25.724477767944336,25.724477767944336,25.65341567993164,25.699098587036133,23.126113891601562,80577
XEQT.TO,2021-04-13,25.724477767944336,25.785388946533203,25.70417594909668,25.754932403564453,23.176355361938477,67476
XEQT.TO,2021-04-14,25.81584358215332,25.897056579589844,25.69402313232422,25.69402313232422,23.12154197692871,109538
XEQT.TO,2021-04-15,25.876754760742188,25.968120574951172,25.83614730834961,25.95796775817871,23.35905647277832,69151
XEQT.TO,2021-04-16,26.029029846191406,26.029029846191406,25.927513122558594,26.008726119995117,23.404735565185547,69446
XEQT.TO,2021-04-19,25.988422393798828,25.988422393798828,25.846298217773438,25.8818302154541,23.290546417236328,98801
XEQT.TO,2021-04-20,25.846298217773438,25.846298217773438,25.63311195373535,25.775236129760742,23.194623947143555,114266
XEQT.TO,2021-04-21,25.775236129760742,25.886905670166016,25.622961044311523,25.805692672729492,23.222036361694336,51518
XEQT.TO,2021-04-22,25.866601943969727,25.866601943969727,25.612808227539062,25.67371940612793,23.103269577026367,58217
XEQT.TO,2021-04-23,25.70417594909668,25.927513122558594,25.70417594909668,25.886905670166016,23.29511260986328,39599
XEQT.TO,2021-04-26,25.876754760742188,25.876754760742188,25.79553985595703,25.846298217773438,23.25857162475586,99983
XEQT.TO,2021-04-27,25.8564510345459,25.8564510345459,25.775236129760742,25.81584358215332,23.231168746948242,53784
XEQT.TO,2021-04-28,25.876754760742188,25.876754760742188,25.744781494140625,25.775236129760742,23.194623947143555,65703
XEQT.TO,2021-04-29,25.81584358215332,25.846298217773438,25.60773277282715,25.714326858520508,23.13981819152832,87867
XEQT.TO,2021-04-30,25.582353591918945,25.63311195373535,25.45545768737793,25.53159523010254,22.975378036499023,123920
XEQT.TO,2021-05-03,25.69402313232422,25.69402313232422,25.582353591918945,25.63311195373535,23.066728591918945,92398
XEQT.TO,2021-05-04,25.63311195373535,25.63311195373535,25.267650604248047,25.450380325317383,22.902292251586914,136627
XEQT.TO,2021-05-05,25.562049865722656,25.57727813720703,25.440229415893555,25.49098777770996,22.938833236694336,51223
XEQT.TO,2021-05-06,25.480836868286133,25.480836868286133,25.277801513671875,25.450380325317383,22.902292251586914,79789
XEQT.TO,2021-05-07,25.501140594482422,25.683870315551758,25.501140594482422,25.65341567993164,23.084999084472656,28271
XEQT.TO,2021-05-10,25.63311195373535,25.63311195373535,25.34886360168457,25.34886360168457,22.810941696166992,124511
XEQT.TO,2021-05-11,25.084918975830078,25.176284790039062,24.942794799804688,25.135677337646484,22.619096755981445,143818
XEQT.TO,2021-05-12,24.973249435424805,25.013856887817383,24.709304809570312,24.74991226196289,22.271955490112305,174355
XEQT.TO,2021-05-13,24.851428985595703,25.039236068725586,24.831125259399414,25.024009704589844,22.518611907958984,68954
XEQT.TO,2021-05-14,25.074766159057617,25.318408966064453,25.06461524963379,25.308256149291992,22.774398803710938,89935
XEQT.TO,2021-05-17,25.277801513671875,25.277801513671875,25.105222702026367,25.21689224243164,22.692182540893555,78607
XEQT.TO,2021-05-18,25.267650604248047,25.298105239868164,25.166133880615234,25.166133880615234,22.646507263183594,54276
XEQT.TO,2021-05-19,24.9224910736084,25.145830154418945,24.841278076171875,25.145830154418945,22.628232955932617,95353
XEQT.TO,2021-05-20,25.18643569946289,25.338712692260742,25.155981063842773,25.308256149291992,22.774398803710938,43539
XEQT.TO,2021-05-21,25.36916732788086,25.394546508789062,25.267650604248047,25.287954330444336,22.75613021850586,58808
XEQT.TO,2021-05-25,25.501140594482422,25.551898956298828,25.419925689697266,25.450380325317383,22.902292251586914,42948
XEQT.TO,2021-05-26,25.551898956298828,25.643264770507812,25.53159523010254,25.63311195373535,23.066728591918945,39599
XEQT.TO,2021-05-27,25.63311195373535,25.65341567993164,25.602657318115234,25.612808227539062,23.048458099365234,49253
XEQT.TO,2021-05-28,25.754932403564453,25.765085220336914,25.683870315551758,25.69402313232422,23.12154197692871,73584
XEQT.TO,2021-05-31,25.775236129760742,25.775236129760742,25.63311195373535,25.67371940612793,23.103269577026367,66885
XEQT.TO,2021-06-01,25.79553985595703,25.79553985595703,25.643264770507812,25.765085220336914,23.18548583984375,50632
XEQT.TO,2021-06-02,25.785388946533203,25.805692672729492,25.714326858520508,25.724477767944336,23.14894676208496,63240
XEQT.TO,2021-06-03,25.69402313232422,25.805692672729492,25.643264770507812,25.744781494140625,23.16721534729004,84419
XEQT.TO,2021-06-04,25.81584358215332,25.907209396362305,25.81584358215332,25.907209396362305,23.313386917114258,41668
XEQT.TO,2021-06-07,25.95796775817871,25.95796775817871,25.866601943969727,25.947816848754883,23.349925994873047,63536
XEQT.TO,2021-06-08,25.99857521057129,26.039182662963867,25.886905670166016,26.018878936767578,23.41387367248535,49253
XEQT.TO,2021-06-09,25.978271484375,26.008726119995117,25.886905670166016,25.95796775817871,23.35905647277832,67082
XEQT.TO,2021-06-10,26.039182662963867,26.039182662963867,25.937664031982422,25.99857521057129,23.39560317993164,51617
XEQT.TO,2021-06-11,26.069637298583984,26.191457748413086,26.05440902709961,26.191457748413086,23.56917381286621,84025
XEQT.TO,2021-06-14,26.171154022216797,26.201608657836914,26.110244750976562,26.201608657836914,23.578306198120117,102840
XEQT.TO,2021-06-15,26.221912384033203,26.27267074584961,26.181306838989258,26.252368927001953,23.623987197875977,67279
XEQT.TO,2021-06-16,26.28282356262207,26.2929744720459,26.14069938659668,26.242216110229492,23.614850997924805,88359
XEQT.TO,2021-06-17,26.27267074584961,26.353885650634766,26.21683692932129,26.333581924438477,23.697067260742188,40683
XEQT.TO,2021-06-18,26.150850296020508,26.23206329345703,26.08993911743164,26.14069938659668,23.523500442504883,86094
XEQT.TO,2021-06-21,26.171154022216797,26.313278198242188,26.110244750976562,26.313278198242188,23.67879867553711,42554
XEQT.TO,2021-06-22,26.313278198242188,26.34880828857422,26.26251983642578,26.323429107666016,23.687931060791016,47480
XEQT.TO,2021-06-23,26.323429107666016,26.323429107666016,26.23206329345703,26.26251983642578,23.633121490478516,52799
XEQT.TO,2021-06-24,26.26251983642578,26.30312728881836,26.221912384033203,26.2929744720459,23.78926658630371,25119
XEQT.TO,2021-06-25,26.333581924438477,26.33865737915039,26.242216110229492,26.333581924438477,23.826007843017578,32999
XEQT.TO,2021-06-28,26.39449119567871,26.419870376586914,26.28282356262207,26.364036560058594,23.85356330871582,67279
XEQT.TO,2021-06-29,26.39449119567871,26.475706100463867,26.39449119567871,26.465553283691406,23.945411682128906,40781
XEQT.TO,2021-06-30,26.414796829223633,26.42494773864746,26.333581924438477,26.42494773864746,23.90867042541504,67969
XEQT.TO,2021-07-02,26.56707191467285,26.56707191467285,26.440174102783203,26.475706100463867,23.954599380493164,64226
XEQT.TO,2021-07-05,26.546768188476562,26.617830276489258,26.546768188476562,26.612754821777344,24.07859230041504,88950
XEQT.TO,2021-07-06,26.617830276489258,26.648284912109375,26.52138900756836,26.648284912109375,24.11074447631836,88458
XEQT.TO,2021-07-07,26.668588638305664,26.770105361938477,26.648284912109375,26.724422454833984,24.179628372192383,73978
XEQT.TO,2021-07-08,26.56707191467285,26.56707191467285,26.384340286254883,26.516313552856445,23.991336822509766,140173
XEQT.TO,2021-07-09,26.59752655029297,26.72949981689453,26.59752655029297,26.72949981689453,24.184226989746094,39599
XEQT.TO,2021-07-12,26.89192771911621,26.89192771911621,26.7548770904541,26.780258178710938,24.230152130126953,64915
XEQT.TO,2021-07-13,26.831016540527344,26.89192771911621,26.780258178710938,26.790409088134766,24.23933219909668,70924
XEQT.TO,2021-07-14,26.86147117614746,26.87162208557129,26.72949981689453,26.73965072631836,24.193410873413086,68954
XEQT.TO,2021-07-15,26.74980354309082,26.800561904907227,26.688892364501953,26.800561904907227,24.24852180480957,61172
XEQT.TO,2021-07-16,26.810712814331055,26.820865631103516,26.58737564086914,26.607677459716797,24.07400131225586,100673
XEQT.TO,2021-07-19,26.496009826660156,26.506160736083984,26.287899017333984,26.414796829223633,23.899484634399414,181742
XEQT.TO,2021-07-20,26.638134002685547,26.714271545410156,26.43509864807129,26.648284912109375,24.11074447631836,82745
XEQT.TO,2021-07-21,26.74980354309082,26.770105361938477,26.617830276489258,26.73965072631836,24.193410873413086,49942
XEQT.TO,2021-07-22,26.69904327392578,26.780258178710938,26.688892364501953,26.72949981689453,24.184226989746094,65309
XEQT.TO,2021-07-23,26.800561904907227,26.952836990356445,26.800561904907227,26.90207862854004,24.340368270874023,34378
XEQT.TO,2021-07-26,26.993444442749023,27.00359535217285,26.841167449951172,26.89192771911621,24.331186294555664,49647
XEQT.TO,2021-07-27,26.87162208557129,26.87162208557129,26.69904327392578,26.87162208557129,24.31281089782715,60876
XEQT.TO,2021-07-28,26.922382354736328,26.922382354736328,26.86147117614746,26.876699447631836,24.317401885986328,47086
XEQT.TO,2021-07-29,26.90207862854004,26.94776153564453,26.87162208557129,26.87162208557129,24.31281089782715,58020
XEQT.TO,2021-07-30,26.71934700012207,26.810712814331055,26.71934700012207,26.75995445251465,24.211780548095703,78213
XEQT.TO,2021-08-03,26.912229537963867,27.074657440185547,26.89192771911621,27.059429168701172,24.48273468017578,57823
XEQT.TO,2021-08-04,27.06450653076172,27.084810256958008,27.01374626159668,27.01374626159668,24.441402435302734,66097
XEQT.TO,2021-08-05,27.0340518951416,27.06450653076172,27.00359535217285,27.06450653076172,24.48733139038086,92792
XEQT.TO,2021-08-06,27.094961166381836,27.19647979736328,27.094961166381836,27.15079689025879,24.56540298461914,76243
XEQT.TO,2021-08-09,27.135568618774414,27.19647979736328,27.084810256958008,27.171098709106445,24.583776473999023,60187
XEQT.TO,2021-08-10,27.216781616210938,27.216781616210938,27.105112075805664,27.12034034729004,24.5378475189209,57626
XEQT.TO,2021-08-11,27.17617416381836,27.19647979736328,27.125415802001953,27.191402435302734,24.60214614868164,59005
XEQT.TO,2021-08-12,27.19647979736328,27.237085342407227,27.105112075805664,27.2269344329834,24.634288787841797,82154
XEQT.TO,2021-08-13,27.257389068603516,27.26246452331543,27.216781616210938,27.237085342407227,24.64347267150879,47086
XEQT.TO,2021-08-16,27.2269344329834,27.297996520996094,27.135568618774414,27.277692794799805,24.680213928222656,93383
XEQT.TO,2021-08-17,27.237085342407227,27.237085342407227,27.054353713989258,27.17617416381836,24.58836555480957,111016
XEQT.TO,2021-08-18,27.094961166381836,27.216781616210938,27.04420280456543,27.04420280456543,24.46895980834961,53291
XEQT.TO,2021-08-19,26.993444442749023,27.2523136138916,26.993444442749023,27.20663070678711,24.61591911315918,73879
XEQT.TO,2021-08-20,27.32845115661621,27.409664154052734,27.31829833984375,27.399513244628906,24.79043197631836,47677
XEQT.TO,2021-08-23,27.399513244628906,27.429967880249023,27.358905792236328,27.358905792236328,24.753694534301758,80676
XEQT.TO,2021-08-24,27.389360427856445,27.419816970825195,27.358905792236328,27.389360427856445,24.78125,40289
XEQT.TO,2021-08-25,27.409664154052734,27.50102996826172,27.409664154052734,27.440120697021484,24.82717514038086,75160
XEQT.TO,2021-08-26,27.450271606445312,27.49087905883789,27.379209518432617,27.440120697021484,24.82717514038086,45608
XEQT.TO,2021-08-27,27.521333694458008,27.592395782470703,27.48072624206543,27.582244873046875,24.955766677856445,24922
XEQT.TO,2021-08-30,27.582244873046875,27.648229598999023,27.50102996826172,27.602548599243164,24.97413444519043,57626
XEQT.TO,2021-08-31,27.62285041809082,27.704065322875977,27.602548599243164,27.602548599243164,24.97413444519043,39993
XEQT.TO,2021-09-01,27.653305053710938,27.7852783203125,27.653305053710938,27.744672775268555,25.10272789001465,41372
XEQT.TO,2021-09-02,27.7852783203125,27.81573486328125,27.693912506103516,27.714216232299805,25.075170516967773,82745
XEQT.TO,2021-09-03,27.734519958496094,27.734519958496094,27.6634578704834,27.71929359436035,25.07976722717285,65408
XEQT.TO,2021-09-07,27.836036682128906,27.896947860717773,27.80558204650879,27.87156867980957,25.217540740966797,129929
XEQT.TO,2021-09-08,27.856340408325195,27.92740249633789,27.744672775268555,27.80558204650879,25.1578369140625,110720
XEQT.TO,2021-09-09,27.81573486328125,27.846189498901367,27.653305053710938,27.693912506103516,25.056806564331055,96732
XEQT.TO,2021-09-10,27.744672775268555,27.744672775268555,27.582244873046875,27.592395782470703,24.964954376220703,64029
XEQT.TO,2021-09-13,27.754823684692383,27.754823684692383,27.561941146850586,27.64315414428711,25.010873794555664,95156
XEQT.TO,2021-09-14,27.6634578704834,27.6634578704834,27.51118278503418,27.551788330078125,24.928211212158203,81759
XEQT.TO,2021-09-15,27.521333694458008,27.63300323486328,27.46042251586914,27.62285041809082,24.992507934570312,57527
XEQT.TO,2021-09-16,27.602548599243164,27.67361068725586,27.50102996826172,27.653305053710938,25.020057678222656,40683
XEQT.TO,2021-09-17,27.572092056274414,27.572092056274414,27.48072624206543,27.541637420654297,24.91902732849121,70727
XEQT.TO,2021-09-20,27.277692794799805,27.277692794799805,26.88177490234375,27.155872344970703,24.56999397277832,197503
XEQT.TO,2021-09-21,27.287843704223633,27.36905860900879,27.2269344329834,27.237085342407227,24.64347267150879,51223
XEQT.TO,2021-09-22,27.379209518432617,27.429967880249023,27.353830337524414,27.379209518432617,24.77206802368164,56641
XEQT.TO,2021-09-23,27.3487548828125,27.50102996826172,27.297996520996094,27.465499877929688,24.85013771057129,96437
XEQT.TO,2021-09-24,27.3487548828125,27.36905860900879,27.292919158935547,27.31829833984375,24.777400970458984,77622
XEQT.TO,2021-09-27,27.32845115661621,27.32845115661621,27.2269344329834,27.257389068603516,24.722156524658203,69348
XEQT.TO,2021-09-28,27.135568618774414,27.135568618774414,26.800561904907227,26.810712814331055,24.3170223236084,155737
XEQT.TO,2021-09-29,26.973140716552734,27.0340518951416,26.89192771911621,26.922382354736328,24.418306350708008,64817
XEQT.TO,2021-09-30,26.973140716552734,26.993444442749023,26.59752655029297,26.59752655029297,24.123666763305664,93285
XEQT.TO,2021-10-01,26.627981185913086,26.810712814331055,26.44525146484375,26.74980354309082,24.261781692504883,77819
XEQT.TO,2021-10-04,26.617830276489258,26.617830276489258,26.26251983642578,26.353885650634766,23.902685165405273,152683
XEQT.TO,2021-10-05,26.475706100463867,26.658437728881836,26.42494773864746,26.57722282409668,24.105253219604492,53193
XEQT.TO,2021-10-06,26.364036560058594,26.607677459716797,26.333581924438477,26.607677459716797,24.13287353515625,100771
XEQT.TO,2021-10-07,26.790409088134766,26.932533264160156,26.790409088134766,26.790409088134766,24.298608779907227,42653
XEQT.TO,2021-10-08,26.800561904907227,26.800561904907227,26.638134002685547,26.638134002685547,24.160497665405273,75061
XEQT.TO,2021-10-12,26.526464462280273,26.57722282409668,26.485858917236328,26.485858917236328,24.022382736206055,69643
XEQT.TO,2021-10-13,26.55691909790039,26.668588638305664,26.496009826660156,26.668588638305664,24.1881160736084,68855
XEQT.TO,2021-10-14,26.800561904907227,26.912229537963867,26.770105361938477,26.90207862854004,24.399890899658203,73781
XEQT.TO,2021-10-15,27.04420280456543,27.135568618774414,27.00359535217285,27.089885711669922,24.570228576660156,79789
XEQT.TO,2021-10-18,27.02389907836914,27.155872344970703,26.932533264160156,27.155872344970703,24.63007926940918,68264
XEQT.TO,2021-10-19,27.2269344329834,27.287843704223633,27.16602325439453,27.287843704223633,24.749778747558594,57724
XEQT.TO,2021-10-20,27.297996520996094,27.33860206604004,27.267541885375977,27.313222885131836,24.772794723510742,48366
XEQT.TO,2021-10-21,27.257389068603516,27.419816970825195,27.237085342407227,27.409664154052734,24.860267639160156,42850
XEQT.TO,2021-10-22,27.409664154052734,27.419816970825195,27.31829833984375,27.409664154052734,24.860267639160156,51518
XEQT.TO,2021-10-25,27.46042251586914,27.561941146850586,27.399513244628906,27.526409149169922,24.96615219116211,79986
XEQT.TO,2021-10-26,27.612699508666992,27.62285041809082,27.50102996826172,27.541637420654297,24.979965209960938,88852
XEQT.TO,2021-10-27,27.572092056274414,27.572092056274414,27.267541885375977,27.267541885375977,24.731359481811523,123821
XEQT.TO,2021-10-28,27.36905860900879,27.51118278503418,27.3487548828125,27.51118278503418,24.952341079711914,33393
XEQT.TO,2021-10-29,27.409664154052734,27.541637420654297,27.409664154052734,27.50102996826172,24.943138122558594,44623
XEQT.TO,2021-11-01,27.592395782470703,27.693912506103516,27.541637420654297,27.693912506103516,25.118074417114258,61073
XEQT.TO,2021-11-02,27.714216232299805,27.74974822998047,27.683761596679688,27.714216232299805,25.136489868164062,46101
XEQT.TO,2021-11-03,27.775127410888672,27.886796951293945,27.734519958496094,27.876644134521484,25.283811569213867,48662
XEQT.TO,2021-11-04,27.94770622253418,28.049224853515625,27.94770622253418,28.039072036743164,25.43113136291504,62551
XEQT.TO,2021-11-05,28.150741577148438,28.221803665161133,28.059375762939453,28.140588760375977,25.523208618164062,65506
XEQT.TO,2021-11-08,28.262409210205078,28.262409210205078,28.191347122192383,28.191347122192383,25.56924057006836,53094
XEQT.TO,2021-11-09,28.25225830078125,28.25225830078125,28.0999813079834,28.140588760375977,25.523208618164062,60679
XEQT.TO,2021-11-10,28.059375762939453,28.0999813079834,27.907100677490234,27.988313674926758,25.385093688964844,80774
XEQT.TO,2021-11-11,28.27256202697754,28.292865753173828,28.201499938964844,28.242107391357422,25.615283966064453,45214
XEQT.TO,2021-11-12,28.323320388793945,28.384231567382812,28.262409210205078,28.37407875061035,25.73497772216797,49844
XEQT.TO,2021-11-15,28.37407875061035,28.37407875061035,28.25225830078125,28.27256202697754,25.642902374267578,73485
XEQT.TO,2021-11-16,28.323320388793945,28.455293655395508,28.313169479370117,28.40453338623047,25.762601852416992,46495
XEQT.TO,2021-11-17,28.424837112426758,28.424837112426758,28.343624114990234,28.399457931518555,25.75799560546875,77819
XEQT.TO,2021-11-18,28.41468620300293,28.429912567138672,28.323320388793945,28.424837112426758,25.781015396118164,58020
XEQT.TO,2021-11-19,28.37407875061035,28.41468620300293,28.323320388793945,28.333471298217773,25.69814682006836,54375
XEQT.TO,2021-11-22,28.424837112426758,28.516202926635742,28.27256202697754,28.27256202697754,25.642902374267578,106681
XEQT.TO,2021-11-23,28.292865753173828,28.333471298217773,28.13043785095215,28.211650848388672,25.587656021118164,89640
XEQT.TO,2021-11-24,28.12028694152832,28.242107391357422,28.039072036743164,28.242107391357422,25.615283966064453,71318
XEQT.TO,2021-11-25,28.303016662597656,28.343624114990234,28.27256202697754,28.323320388793945,25.688940048217773,21573
XEQT.TO,2021-11-26,27.988313674926758,28.008617401123047,27.704065322875977,27.79543113708496,25.210155487060547,196026
XEQT.TO,2021-11-29,28.06952667236328,28.06952667236328,27.81573486328125,27.917251586914062,25.32064437866211,68461
XEQT.TO,2021-11-30,27.825885772705078,27.876644134521484,27.4705753326416,27.53148651123047,24.970760345458984,125988
XEQT.TO,2021-12-01,27.825885772705078,27.92740249633789,27.287843704223633,27.308147430419922,24.768192291259766,72007
XEQT.TO,2021-12-02,27.358905792236328,27.714216232299805,27.358905792236328,27.62285041809082,25.053625106811523,76637
XEQT.TO,2021-12-03,27.64315414428711,27.6634578704834,27.267541885375977,27.46042251586914,24.90630340576172,128648
XEQT.TO,2021-12-06,27.521333694458008,27.714216232299805,27.399513244628906,27.638078689575195,25.06743812561035,180954
XEQT.TO,2021-12-07,27.836036682128906,28.039072036743164,27.836036682128906,27.988313674926758,25.385093688964844,50533
XEQT.TO,2021-12-08,27.957857131958008,28.059375762939453,27.866493225097656,28.018768310546875,25.412717819213867,64718
XEQT.TO,2021-12-09,28.008617401123047,28.008617401123047,27.907100677490234,27.922327041625977,25.325241088867188,72204
XEQT.TO,2021-12-10,28.039072036743164,28.049224853515625,27.886796951293945,28.039072036743164,25.43113136291504,54966
XEQT.TO,2021-12-13,28.018768310546875,28.049224853515625,27.846189498901367,27.907100677490234,25.31143569946289,79297
XEQT.TO,2021-12-14,27.866493225097656,27.876644134521484,27.6634578704834,27.80558204650879,25.219356536865234,50632
XEQT.TO,2021-12-15,27.907100677490234,28.11013412475586,27.754823684692383,28.11013412475586,25.49558448791504,63930
XEQT.TO,2021-12-16,28.160892486572266,28.191347122192383,27.825885772705078,27.866493225097656,25.27460479736328,95846
XEQT.TO,2021-12-17,27.775127410888672,27.97816276550293,27.6634578704834,27.836036682128906,25.24698257446289,65802
XEQT.TO,2021-12-20,27.63300323486328,27.683761596679688,27.49087905883789,27.683761596679688,25.108867645263672,77130
XEQT.TO,2021-12-21,27.846189498901367,28.125362396240234,27.846189498901367,28.049224853515625,25.440336227416992,41668
XEQT.TO,2021-12-22,28.039072036743164,28.242107391357422,28.039072036743164,28.23195457458496,25.60607147216797,62058
XEQT.TO,2021-12-23,28.27256202697754,28.424837112426758,28.27256202697754,28.37407875061035,25.73497772216797,63142
XEQT.TO,2021-12-24,28.41468620300293,28.57711410522461,28.41468620300293,28.57711410522461,25.919130325317383,22656
XEQT.TO,2021-12-29,28.57711410522461,28.663402557373047,28.57711410522461,28.617719650268555,25.95595932006836,111804
XEQT.TO,2021-12-30,28.415742874145508,28.415742874145508,28.153379440307617,28.153379440307617,25.674222946166992,104253
XEQT.TO,2021-12-31,28.10292625427246,28.10292625427246,27.931381225585938,27.931381225585938,25.471771240234375,80965
XEQT.TO,2022-01-04,28.597375869750977,28.647829055786133,28.10292625427246,28.183652877807617,25.70182991027832,207218
XEQT.TO,2022-01-05,28.224016189575195,28.53683090209961,27.840564727783203,27.840564727783203,25.388954162597656,276687
XEQT.TO,2022-01-06,27.860746383666992,27.860746383666992,27.6892032623291,27.72956657409668,25.28773307800293,238336
XEQT.TO,2022-01-07,27.790111541748047,27.790111541748047,27.49747657775879,27.578203201293945,25.149696350097656,218516
XEQT.TO,2022-01-10,27.547931671142578,27.558021545410156,27.154390335083008,27.547931671142578,25.122093200683594,312165
XEQT.TO,2022-01-11,27.507568359375,27.67911148071289,27.396568298339844,27.67911148071289,25.241716384887695,101181
XEQT.TO,2022-01-12,27.71947479248047,27.790111541748047,27.578203201293945,27.6892032623291,25.25092315673828,86911
XEQT.TO,2022-01-13,27.70938491821289,27.70938491821289,27.386478424072266,27.406660079956055,24.993255615234375,140722
XEQT.TO,2022-01-14,27.30575180053711,27.49747657775879,27.27547836303711,27.49747657775879,25.076080322265625,125758
XEQT.TO,2022-01-17,27.638748168945312,27.790111541748047,27.628658294677734,27.790111541748047,25.34294319152832,111488
XEQT.TO,2022-01-18,27.45711326599121,27.45711326599121,27.003026962280273,27.02825355529785,24.64817237854004,374697
XEQT.TO,2022-01-19,27.13420867919922,27.154390335083008,26.84157371520996,26.851665496826172,24.487140655517578,166290
XEQT.TO,2022-01-20,26.942481994628906,27.13420867919922,26.63975715637207,26.64480209350586,24.298490524291992,146272
XEQT.TO,2022-01-21,26.538850784301758,26.63975715637207,26.25630760192871,26.286579132080078,23.971811294555664,232885
XEQT.TO,2022-01-24,25.933401107788086,26.337032318115234,25.469223022460938,26.337032318115234,24.017822265625,240417
XEQT.TO,2022-01-25,25.993946075439453,26.326942443847656,25.771947860717773,26.125125885009766,23.824575424194336,134677
XEQT.TO,2022-01-26,26.417760848999023,26.548940658569336,25.943490982055664,26.135217666625977,23.83378028869629,205533
XEQT.TO,2022-01-27,26.326942443847656,26.4278507232666,26.00403594970703,26.0797176361084,23.78316307067871,140326
XEQT.TO,2022-01-28,26.0948543548584,26.45812225341797,25.88294792175293,26.45812225341797,24.128244400024414,116244
XEQT.TO,2022-01-31,26.45812225341797,26.91221046447754,26.4278507232666,26.902118682861328,24.533145904541016,86812
XEQT.TO,2022-02-01,26.962663650512695,27.114025115966797,26.821392059326172,27.114025115966797,24.726388931274414,76406
XEQT.TO,2022-02-02,27.245206832885742,27.245206832885742,27.09384536743164,27.204843521118164,24.80921745300293,120010
XEQT.TO,2022-02-03,26.982845306396484,27.013118743896484,26.740665435791016,26.770938873291016,24.413516998291016,133091
XEQT.TO,2022-02-04,26.831483840942383,27.144298553466797,26.821392059326172,27.013118743896484,24.634370803833008,118425
XEQT.TO,2022-02-07,26.942481994628906,27.008073806762695,26.821392059326172,26.831483840942383,24.468732833862305,112875
XEQT.TO,2022-02-08,26.86175537109375,27.114025115966797,26.84157371520996,27.114025115966797,24.726388931274414,69271
XEQT.TO,2022-02-09,27.31584358215332,27.447023391723633,27.31584358215332,27.447023391723633,25.030067443847656,70064
XEQT.TO,2022-02-10,27.23511505126953,27.48738670349121,27.114025115966797,27.194753646850586,24.800012588500977,128335
XEQT.TO,2022-02-11,27.204843521118164,27.255298614501953,26.791120529174805,26.87184715270996,24.50554084777832,106037
XEQT.TO,2022-02-14,26.87184715270996,26.87184715270996,26.579212188720703,26.71039390563965,24.358304977416992,128830
XEQT.TO,2022-02-15,26.962663650512695,27.13420867919922,26.962663650512695,27.13420867919922,24.744802474975586,36865
XEQT.TO,2022-02-16,26.942481994628906,27.10393524169922,26.87184715270996,27.07366371154785,24.689584732055664,97415
XEQT.TO,2022-02-17,26.942481994628906,26.942481994628906,26.599395751953125,26.61957550048828,24.27548599243164,120803
XEQT.TO,2022-02-18,26.629667282104492,26.65993881225586,26.417760848999023,26.508577346801758,24.17426109313965,97019
XEQT.TO,2022-02-22,26.286579132080078,26.44803237915039,26.084762573242188,26.205852508544922,23.898191452026367,159056
XEQT.TO,2022-02-23,26.377397537231445,26.377397537231445,25.862764358520508,25.87285614013672,23.594518661499023,130812
XEQT.TO,2022-02-24,25.18667984008789,26.0948543548584,25.18667984008789,26.0948543548584,23.79697036743164,188587
XEQT.TO,2022-02-25,26.195762634277344,26.46821403503418,26.104944229125977,26.46821403503418,24.137451171875,107722
XEQT.TO,2022-02-28,26.236125946044922,26.3975772857666,26.0948543548584,26.316852569580078,23.999420166015625,137154
XEQT.TO,2022-03-01,26.2462158203125,26.286579132080078,25.903127670288086,25.958627700805664,23.67273712158203,99496
XEQT.TO,2022-03-02,26.104944229125977,26.326942443847656,26.054489135742188,26.25630760192871,23.9442081451416,96920
XEQT.TO,2022-03-03,26.337032318115234,26.347124099731445,26.02421760559082,26.0948543548584,23.79697036743164,93253
XEQT.TO,2022-03-04,25.953582763671875,25.963672637939453,25.731584548950195,25.88294792175293,23.603727340698242,136163
XEQT.TO,2022-03-07,25.88294792175293,25.893037796020508,25.378406524658203,25.378406524658203,23.14361572265625,168074
XEQT.TO,2022-03-08,25.47931480407715,25.903127670288086,25.307769775390625,25.44904136657715,23.208026885986328,93650
XEQT.TO,2022-03-09,25.862764358520508,26.104944229125977,25.731584548950195,26.03430938720703,23.741762161254883,50046
XEQT.TO,2022-03-10,25.761856079101562,25.862764358520508,25.63067626953125,25.84258270263672,23.566913604736328,97415
XEQT.TO,2022-03-11,25.923309326171875,25.923309326171875,25.509586334228516,25.509586334228516,23.263240814208984,114361
XEQT.TO,2022-03-14,25.590312957763672,25.691221237182617,25.39858627319336,25.469223022460938,23.22642707824707,155290
XEQT.TO,2022-03-15,25.519676208496094,25.691221237182617,25.44904136657715,25.691221237182617,23.428876876831055,74622
XEQT.TO,2022-03-16,25.933401107788086,26.236125946044922,25.83249282836914,26.236125946044922,23.925798416137695,74028
XEQT.TO,2022-03-17,26.2159423828125,26.43289566040039,26.155399322509766,26.422805786132812,24.096038818359375,76505
XEQT.TO,2022-03-18,26.377397537231445,26.67003059387207,26.337032318115234,26.64984893798828,24.3030948638916,143596
XEQT.TO,2022-03-21,26.67003059387207,26.71039390563965,26.48839569091797,26.61957550048828,24.27548599243164,108118
XEQT.TO,2022-03-22,26.71039390563965,26.89202880859375,26.71039390563965,26.831483840942383,24.468732833862305,94442
XEQT.TO,2022-03-23,26.720483779907227,26.750757217407227,26.538850784301758,26.538850784301758,24.201866149902344,79280
XEQT.TO,2022-03-24,26.63975715637207,26.700302124023438,26.508577346801758,26.700302124023438,24.349098205566406,57974
XEQT.TO,2022-03-25,26.740665435791016,26.740665435791016,26.44803237915039,26.569122314453125,24.306638717651367,74325
XEQT.TO,2022-03-28,26.61957550048828,26.740665435791016,26.528759002685547,26.740665435791016,24.463571548461914,55892
XEQT.TO,2022-03-29,26.982845306396484,27.07366371154785,26.88193702697754,27.07366371154785,24.76821517944336,72839
XEQT.TO,2022-03-30,26.952573776245117,27.013118743896484,26.821392059326172,26.84157371520996,24.555889129638672,100190
XEQT.TO,2022-03-31,26.932392120361328,26.932392120361328,26.589303970336914,26.589303970336914,24.325103759765625,148551
XEQT.TO,2022-04-01,26.700302124023438,26.740665435791016,26.569122314453125,26.740665435791016,24.463571548461914,122488
XEQT.TO,2022-04-04,26.760847091674805,26.89202880859375,26.69021224975586,26.89202880859375,24.6020450592041,98406
XEQT.TO,2022-04-05,26.791120529174805,26.791120529174805,26.528759002685547,26.569122314453125,24.306638717651367,139236
XEQT.TO,2022-04-06,26.367305755615234,26.43289566040039,26.22603416442871,26.357215881347656,24.112777709960938,202660
XEQT.TO,2022-04-07,26.3975772857666,26.538850784301758,26.26639747619629,26.498485565185547,24.242019653320312,72541
XEQT.TO,2022-04-08,26.508577346801758,26.589303970336914,26.4278507232666,26.43794059753418,24.18662452697754,90875
XEQT.TO,2022-04-11,26.367305755615234,26.417760848999023,26.236125946044922,26.25126075744629,24.015844345092773,86217
XEQT.TO,2022-04-12,26.387487411499023,26.44803237915039,26.104944229125977,26.155399322509766,23.928142547607422,117929
XEQT.TO,2022-04-13,26.25630760192871,26.337032318115234,26.2159423828125,26.321897506713867,24.080467224121094,51433
XEQT.TO,2022-04-14,26.377397537231445,26.387487411499023,26.205852508544922,26.205852508544922,23.97429847717285,92262
XEQT.TO,2022-04-18,26.205852508544922,26.26639747619629,26.115034103393555,26.175579071044922,23.94660758972168,82749
XEQT.TO,2022-04-19,26.155399322509766,26.44803237915039,26.125125885009766,26.43794059753418,24.18662452697754,104451
XEQT.TO,2022-04-20,26.4278507232666,26.4278507232666,26.236125946044922,26.26639747619629,24.029693603515625,119019
XEQT.TO,2022-04-21,26.4278507232666,26.46821403503418,25.983854293823242,25.983854293823242,23.77120590209961,113073
XEQT.TO,2022-04-22,26.054489135742188,26.104944229125977,25.63067626953125,25.63067626953125,23.44810676574707,144091
XEQT.TO,2022-04-25,25.63067626953125,25.63067626953125,25.23713493347168,25.63067626953125,23.44810676574707,167380
XEQT.TO,2022-04-26,25.61049461364746,25.61049461364746,25.126134872436523,25.126134872436523,22.986526489257812,162920
XEQT.TO,2022-04-27,25.22704315185547,25.38849639892578,25.095863342285156,25.20686149597168,23.060380935668945,88595
XEQT.TO,2022-04-28,25.519676208496094,25.741674423217773,25.267406463623047,25.66094970703125,23.47580337524414,44892
XEQT.TO,2022-04-29,25.499494552612305,25.63067626953125,25.116043090820312,25.116043090820312,22.977293014526367,122091
XEQT.TO,2022-05-02,25.22704315185547,25.25731658935547,24.853683471679688,25.20686149597168,23.060380935668945,184029
XEQT.TO,2022-05-03,25.247224807739258,25.42885971069336,25.20686149597168,25.277496337890625,23.124998092651367,113965
XEQT.TO,2022-05-04,25.348133087158203,25.741674423217773,25.116043090820312,25.741674423217773,23.549652099609375,113965
XEQT.TO,2022-05-05,25.529767990112305,25.560039520263672,24.858728408813477,25.01513671875,22.884984970092773,229218
XEQT.TO,2022-05-06,24.944501876831055,25.03531837463379,24.672048568725586,24.914228439331055,22.792667388916016,130515
XEQT.TO,2022-05-09,24.641775131225586,24.651866912841797,24.21796226501465,24.278507232666016,22.211078643798828,237543
XEQT.TO,2022-05-10,24.59132194519043,24.61150360107422,24.15741729736328,24.33905029296875,22.266468048095703,104650
XEQT.TO,2022-05-11,24.308778762817383,24.530776977539062,24.026235580444336,24.036327362060547,21.98952293395996,121497
XEQT.TO,2022-05-12,23.97578239440918,24.18768882751465,23.7840576171875,24.046417236328125,21.998750686645508,108019
XEQT.TO,2022-05-13,24.33905029296875,24.57114028930664,24.298688888549805,24.490413665771484,22.404935836791992,73730
XEQT.TO,2022-05-16,24.460140228271484,24.52068519592285,24.34914207458496,24.37941551208496,22.303396224975586,61244
XEQT.TO,2022-05-17,24.77295684814453,24.81332015991211,24.56104850769043,24.79313850402832,22.681888580322266,54406
XEQT.TO,2022-05-18,24.672048568725586,24.672048568725586,24.086780548095703,24.14732551574707,22.091068267822266,117929
XEQT.TO,2022-05-19,23.9354190826416,24.288597106933594,23.895055770874023,24.106962203979492,22.05414390563965,55397
XEQT.TO,2022-05-20,24.318870544433594,24.318870544433594,23.804237365722656,24.19778060913086,22.137226104736328,87902
XEQT.TO,2022-05-24,24.359233856201172,24.37941551208496,24.137235641479492,24.328960418701172,22.257234573364258,56388
XEQT.TO,2022-05-25,24.36932373046875,24.57114028930664,24.318870544433594,24.490413665771484,22.404935836791992,48460
XEQT.TO,2022-05-26,24.60141372680664,24.873865127563477,24.60141372680664,24.81332015991211,22.700349807739258,125362
XEQT.TO,2022-05-27,24.944501876831055,25.126134872436523,24.883956909179688,25.095863342285156,22.958833694458008,86613
XEQT.TO,2022-05-30,25.22704315185547,25.368314743041992,25.17658805847168,25.368314743041992,23.208084106445312,46973
XEQT.TO,2022-05-31,25.146316528320312,25.146316528320312,24.853683471679688,24.954591751098633,22.829591751098633,120902
XEQT.TO,2022-06-01,25.025226593017578,25.065589904785156,24.672048568725586,24.858728408813477,22.741893768310547,79974
XEQT.TO,2022-06-02,24.8032283782959,25.075681686401367,24.77295684814453,25.075681686401367,22.94036865234375,38451
XEQT.TO,2022-06-03,24.914228439331055,24.934410095214844,24.752775192260742,24.81332015991211,22.700349807739258,52622
XEQT.TO,2022-06-06,25.025226593017578,25.025226593017578,24.81332015991211,24.863773345947266,22.746505737304688,47964
XEQT.TO,2022-06-07,24.722503662109375,24.954591751098633,24.672048568725586,24.954591751098633,22.829591751098633,41127
XEQT.TO,2022-06-08,24.904136657714844,24.904136657714844,24.722503662109375,24.752775192260742,22.644962310791016,72442
XEQT.TO,2022-06-09,24.682138442993164,24.79313850402832,24.460140228271484,24.460140228271484,22.377246856689453,43505
XEQT.TO,2022-06-10,24.21796226501465,24.298688888549805,23.97578239440918,24.016145706176758,21.97106170654297,112181
XEQT.TO,2022-06-13,23.673057556152344,23.794147491455078,23.259334564208984,23.34006118774414,21.3525447845459,163614
XEQT.TO,2022-06-14,23.5721492767334,23.5721492767334,23.13824462890625,23.259334564208984,21.278697967529297,103361
XEQT.TO,2022-06-15,23.34006118774414,23.652875900268555,23.259334564208984,23.54187774658203,21.53717803955078,58172
XEQT.TO,2022-06-16,23.097881317138672,23.097881317138672,22.73461151123047,22.825429916381836,20.881738662719727,117929
XEQT.TO,2022-06-17,22.986881256103516,23.168516159057617,22.825429916381836,22.95660972595215,21.001747131347656,70956
XEQT.TO,2022-06-20,23.198789596557617,23.198789596557617,23.017154693603516,23.193744659423828,21.218687057495117,30820
XEQT.TO,2022-06-21,23.30978775024414,23.36024284362793,23.239152908325195,23.259334564208984,21.278697967529297,54505
XEQT.TO,2022-06-22,22.996973037719727,23.279516220092773,22.996973037719727,23.148334503173828,21.177148818969727,121497
XEQT.TO,2022-06-23,23.30978775024414,23.30978775024414,23.007064819335938,23.208879470825195,21.23253631591797,60748
XEQT.TO,2022-06-24,23.229061126708984,23.481332778930664,23.198789596557617,23.481332778930664,21.66072654724121,22496
XEQT.TO,2022-06-27,23.55196762084961,23.6024227142334,23.461149215698242,23.501514434814453,21.679340362548828,82451
XEQT.TO,2022-06-28,23.683147430419922,23.713420867919922,23.229061126708984,23.244197845458984,21.441978454589844,67784
XEQT.TO,2022-06-29,23.299697875976562,23.31987953186035,23.077699661254883,23.148334503173828,21.353548049926758,39640
XEQT.TO,2022-06-30,22.90615463256836,23.037336349487305,22.68415641784668,22.976791381835938,21.195302963256836,72442
XEQT.TO,2022-07-04,23.198789596557617,23.198789596557617,23.057518005371094,23.178607940673828,21.3814754486084,62532
XEQT.TO,2022-07-05,23.007064819335938,23.13824462890625,22.785066604614258,23.13824462890625,21.344236373901367,78884
XEQT.TO,2022-07-06,23.10797119140625,23.229061126708984,23.007064819335938,23.15842628479004,21.362857818603516,48856
XEQT.TO,2022-07-07,23.370332717895508,23.481332778930664,23.30978775024414,23.471240997314453,21.65141487121582,40235
XEQT.TO,2022-07-08,23.471240997314453,23.56205940246582,23.28960609436035,23.410696029663086,21.595565795898438,25865
XEQT.TO,2022-07-11,23.30978775024414,23.36024284362793,23.148334503173828,23.178607940673828,21.3814754486084,78785
XEQT.TO,2022-07-12,23.13824462890625,23.239152908325195,22.966699600219727,23.057518005371094,21.2697696685791,64811
XEQT.TO,2022-07-13,22.845609664916992,22.996973037719727,22.68415641784668,22.92633628845215,21.148761749267578,86911
XEQT.TO,2022-07-14,22.815338134765625,22.91624641418457,22.633703231811523,22.86579132080078,21.09290885925293,45586
XEQT.TO,2022-07-15,23.10797119140625,23.10797119140625,22.89606475830078,23.057518005371094,21.2697696685791,45685
XEQT.TO,2022-07-18,23.249242782592773,23.269424438476562,22.996973037719727,23.047426223754883,21.260461807250977,52127
XEQT.TO,2022-07-19,23.28960609436035,23.471240997314453,23.239152908325195,23.471240997314453,21.65141487121582,33199
XEQT.TO,2022-07-20,23.55196762084961,23.582239151000977,23.430877685546875,23.55196762084961,21.72588539123535,44000
XEQT.TO,2022-07-21,23.582239151000977,23.713420867919922,23.491422653198242,23.713420867919922,21.874818801879883,55992
XEQT.TO,2022-07-22,23.7840576171875,23.7840576171875,23.52169418334961,23.632694244384766,21.800350189208984,46181
XEQT.TO,2022-07-25,23.662967681884766,23.693239212036133,23.52169418334961,23.622602462768555,21.79104232788086,44694
XEQT.TO,2022-07-26,23.53178596496582,23.56205940246582,23.400604248046875,23.430877685546875,21.61418342590332,68379
XEQT.TO,2022-07-27,23.673057556152344,23.895055770874023,23.6024227142334,23.854692459106445,22.005138397216797,42613
XEQT.TO,2022-07-28,23.99596405029297,24.096872329711914,23.7537841796875,24.096872329711914,22.228538513183594,68280
XEQT.TO,2022-07-29,24.14732551574707,24.399595260620117,24.14732551574707,24.38950538635254,22.49848175048828,83740
XEQT.TO,2022-08-02,24.268415451049805,24.41977882385254,24.207870483398438,24.21796226501465,22.340240478515625,83938
XEQT.TO,2022-08-03,24.399595260620117,24.450050354003906,24.268415451049805,24.41977882385254,22.526411056518555,45883
XEQT.TO,2022-08-04,24.510595321655273,24.510595321655273,24.399595260620117,24.480323791503906,22.582263946533203,56784
XEQT.TO,2022-08-05,24.41977882385254,24.55095863342285,24.38950538635254,24.55095863342285,22.64742088317871,65208
XEQT.TO,2022-08-08,24.641775131225586,24.661958694458008,24.450050354003906,24.530776977539062,22.628801345825195,111686
XEQT.TO,2022-08-09,24.480323791503906,24.480323791503906,24.34914207458496,24.36932373046875,22.47986602783203,62532
XEQT.TO,2022-08-10,24.76286506652832,24.76286506652832,24.60141372680664,24.732593536376953,22.814971923828125,37460
XEQT.TO,2022-08-11,24.894046783447266,24.924318313598633,24.722503662109375,24.77295684814453,22.852201461791992,74424
XEQT.TO,2022-08-12,24.934410095214844,25.105953216552734,24.853683471679688,25.075681686401367,23.131454467773438,45784
XEQT.TO,2022-08-15,25.075681686401367,25.287588119506836,25.075681686401367,25.277496337890625,23.317625045776367,80073
XEQT.TO,2022-08-16,25.247224807739258,25.287588119506836,25.136226654052734,25.247224807739258,23.289701461791992,75415
XEQT.TO,2022-08-17,25.105953216552734,25.20686149597168,25.075681686401367,25.126134872436523,23.177997589111328,61145
XEQT.TO,2022-08-18,25.1967716217041,25.247224807739258,25.116043090820312,25.22704315185547,23.271081924438477,43406
XEQT.TO,2022-08-19,25.126134872436523,25.126134872436523,24.944501876831055,24.974773406982422,23.03837776184082,109605
XEQT.TO,2022-08-22,24.77295684814453,24.79313850402832,24.621593475341797,24.651866912841797,22.740503311157227,89785
XEQT.TO,2022-08-23,24.61150360107422,24.672048568725586,24.510595321655273,24.530776977539062,22.628801345825195,78388
XEQT.TO,2022-08-24,24.57114028930664,24.672048568725586,24.56104850769043,24.58123016357422,22.675344467163086,37559
XEQT.TO,2022-08-25,24.661958694458008,24.853683471679688,24.651866912841797,24.853683471679688,22.92667579650879,31217
XEQT.TO,2022-08-26,24.883956909179688,24.883956909179688,24.34914207458496,24.34914207458496,22.46125030517578,114461
XEQT.TO,2022-08-29,24.228052139282227,24.298688888549805,24.16750717163086,24.207870483398438,22.3309326171875,117632
XEQT.TO,2022-08-30,24.318870544433594,24.318870544433594,23.97578239440918,24.066598892211914,22.200618743896484,44199
XEQT.TO,2022-08-31,24.137235641479492,24.16750717163086,23.92532730102539,23.945510864257812,22.08891487121582,51730
XEQT.TO,2022-09-01,23.824420928955078,23.834510803222656,23.582239151000977,23.814329147338867,21.9679012298584,84532
XEQT.TO,2022-09-02,24.066598892211914,24.076690673828125,23.622602462768555,23.70332908630371,21.865507125854492,65802
XEQT.TO,2022-09-06,23.763874053955078,23.77396583557129,23.491422653198242,23.53178596496582,21.70726776123047,53415
XEQT.TO,2022-09-07,23.6024227142334,23.854692459106445,23.53178596496582,23.824420928955078,21.977214813232422,31712
XEQT.TO,2022-09-08,23.7537841796875,23.97578239440918,23.683147430419922,23.95560073852539,22.09821891784668,38352
XEQT.TO,2022-09-09,24.207870483398438,24.318870544433594,24.137235641479492,24.288597106933594,22.405399322509766,30424
XEQT.TO,2022-09-12,24.36932373046875,24.55095863342285,24.36932373046875,24.490413665771484,22.59156608581543,42712
XEQT.TO,2022-09-13,24.207870483398438,24.228052139282227,23.9051456451416,23.945510864257812,22.08891487121582,76208
XEQT.TO,2022-09-14,24.046417236328125,24.066598892211914,23.915237426757812,24.046417236328125,22.18199348449707,50838
XEQT.TO,2022-09-15,23.985872268676758,24.086780548095703,23.844600677490234,23.915237426757812,22.060991287231445,37559
XEQT.TO,2022-09-16,23.763874053955078,23.77396583557129,23.612512588500977,23.73360252380371,21.893436431884766,57082
XEQT.TO,2022-09-19,23.652875900268555,23.884965896606445,23.642784118652344,23.884965896606445,22.03306007385254,46676
XEQT.TO,2022-09-20,23.7840576171875,23.7840576171875,23.592330932617188,23.73360252380371,21.893436431884766,35775
XEQT.TO,2022-09-21,23.884965896606445,23.92532730102539,23.53178596496582,23.53178596496582,21.70726776123047,51235
XEQT.TO,2022-09-22,23.491422653198242,23.6024227142334,23.32996940612793,23.370332717895508,21.558330535888672,71451
XEQT.TO,2022-09-23,23.229061126708984,23.229061126708984,22.68415641784668,22.885974884033203,21.179195404052734,169957
XEQT.TO,2022-09-26,22.845609664916992,23.007064819335938,22.754793167114258,22.774974822998047,21.076475143432617,67388
XEQT.TO,2022-09-27,23.017154693603516,23.047426223754883,22.593339920043945,22.71442985534668,21.020444869995117,108217
XEQT.TO,2022-09-28,22.73461151123047,23.10797119140625,22.6437931060791,23.057518005371094,21.337949752807617,68875
XEQT.TO,2022-09-29,22.875883102416992,22.89606475830078,22.603431701660156,22.76488494873047,21.067140579223633,63721
XEQT.TO,2022-09-30,22.785066604614258,22.996973037719727,22.68415641784668,22.744701385498047,21.0484619140625,64415
XEQT.TO,2022-10-03,22.86579132080078,23.12815284729004,22.73461151123047,23.027244567871094,21.309934616088867,52721
XEQT.TO,2022-10-04,23.51160430908203,23.713420867919922,23.51160430908203,23.622602462768555,21.86089324951172,42217
XEQT.TO,2022-10-05,23.52169418334961,23.70332908630371,23.430877685546875,23.612512588500977,21.85155487060547,34982
XEQT.TO,2022-10-06,23.612512588500977,23.70332908630371,23.491422653198242,23.53178596496582,21.776844024658203,33991
XEQT.TO,2022-10-07,23.32996940612793,23.32996940612793,22.885974884033203,22.966699600219727,21.253904342651367,79974
XEQT.TO,2022-10-11,22.70433807373047,22.845609664916992,22.593339920043945,22.6437931060791,20.955080032348633,47865
XEQT.TO,2022-10-12,22.663976669311523,22.69424819946289,22.552976608276367,22.633703231811523,20.94573974609375,35676
XEQT.TO,2022-10-13,22.351160049438477,23.067607879638672,22.28052520751953,23.057518005371094,21.337949752807617,50343
XEQT.TO,2022-10-14,23.259334564208984,23.279516220092773,22.754793167114258,22.754793167114258,21.057802200317383,63226
XEQT.TO,2022-10-17,23.077699661254883,23.168516159057617,23.067607879638672,23.10797119140625,21.38463592529297,32208
XEQT.TO,2022-10-18,23.54187774658203,23.54187774658203,23.229061126708984,23.31987953186035,21.580745697021484,41424
XEQT.TO,2022-10-19,23.259334564208984,23.28960609436035,23.047426223754883,23.148334503173828,21.4219913482666,36865
XEQT.TO,2022-10-20,23.097881317138672,23.269424438476562,22.996973037719727,23.047426223754883,21.328611373901367,35973
XEQT.TO,2022-10-21,22.996973037719727,23.31987953186035,22.90615463256836,23.31987953186035,21.580745697021484,28541
XEQT.TO,2022-10-24,23.420787811279297,23.54187774658203,23.31987953186035,23.51160430908203,21.75817108154297,54802
XEQT.TO,2022-10-25,23.430877685546875,23.7537841796875,23.430877685546875,23.7537841796875,21.98228645324707,54505
XEQT.TO,2022-10-26,23.652875900268555,23.96569061279297,23.652875900268555,23.7537841796875,21.98228645324707,34090
XEQT.TO,2022-10-27,23.814329147338867,23.844600677490234,23.652875900268555,23.662967681884766,21.89824676513672,18829
XEQT.TO,2022-10-28,23.693239212036133,24.076690673828125,23.693239212036133,24.076690673828125,22.281112670898438,48163
XEQT.TO,2022-10-31,24.006053924560547,24.066598892211914,23.9354190826416,23.95560073852539,22.169055938720703,37955
XEQT.TO,2022-11-01,24.207870483398438,24.21796226501465,23.97578239440918,24.016145706176758,22.225082397460938,54703
XEQT.TO,2022-11-02,23.99596405029297,24.11705207824707,23.662967681884766,23.662967681884766,21.89824676513672,80172
XEQT.TO,2022-11-03,23.54187774658203,23.662967681884766,23.451059341430664,23.55196762084961,21.795520782470703,36964
XEQT.TO,2022-11-04,23.723512649536133,23.763874053955078,23.461149215698242,23.673057556152344,21.90757942199707,142506
XEQT.TO,2022-11-07,23.7537841796875,23.864782333374023,23.693239212036133,23.844600677490234,22.066333770751953,32505
XEQT.TO,2022-11-08,23.895055770874023,24.016145706176758,23.763874053955078,23.96569061279297,22.178386688232422,33595
XEQT.TO,2022-11-09,23.804237365722656,23.824420928955078,23.612512588500977,23.612512588500977,21.85155487060547,38451
XEQT.TO,2022-11-10,24.207870483398438,24.500505447387695,24.15741729736328,24.500505447387695,22.673322677612305,80767
XEQT.TO,2022-11-11,24.59132194519043,24.732593536376953,24.55095863342285,24.722503662109375,22.87876319885254,47370
XEQT.TO,2022-11-14,24.621593475341797,24.76286506652832,24.57618522644043,24.58123016357422,22.74802589416504,50838
XEQT.TO,2022-11-15,24.863773345947266,24.934410095214844,24.58123016357422,24.692230224609375,22.85074806213379,54208
XEQT.TO,2022-11-16,24.651866912841797,24.672048568725586,24.59132194519043,24.621593475341797,22.785375595092773,27748
XEQT.TO,2022-11-17,24.318870544433594,24.56104850769043,24.318870544433594,24.56104850769043,22.72934913635254,36271
XEQT.TO,2022-11-18,24.77295684814453,24.77295684814453,24.60141372680664,24.722503662109375,22.87876319885254,22991
XEQT.TO,2022-11-21,24.672048568725586,24.692230224609375,24.621593475341797,24.692230224609375,22.85074806213379,25171
XEQT.TO,2022-11-22,24.752775192260742,24.914228439331055,24.722503662109375,24.914228439331055,23.056188583374023,25865
XEQT.TO,2022-11-23,24.914228439331055,25.075681686401367,24.914228439331055,25.01513671875,23.149574279785156,54109
XEQT.TO,2022-11-24,25.136226654052734,25.40867805480957,25.126134872436523,25.40867805480957,23.513765335083008,95929
XEQT.TO,2022-11-25,25.095863342285156,25.43895149230957,25.075681686401367,25.43895149230957,23.541780471801758,51631
XEQT.TO,2022-11-28,25.085771560668945,25.156408309936523,24.924318313598633,24.98486328125,23.12155532836914,55397
XEQT.TO,2022-11-29,25.116043090820312,25.20686149597168,25.095863342285156,25.17658805847168,23.298982620239258,25370
XEQT.TO,2022-11-30,25.126134872436523,25.489404678344727,25.01513671875,25.489404678344727,23.58847427368164,40829
XEQT.TO,2022-12-01,25.529767990112305,25.681129455566406,25.47931480407715,25.590312957763672,23.681852340698242,34586
XEQT.TO,2022-12-02,25.348133087158203,25.63067626953125,25.348133087158203,25.63067626953125,23.719209671020508,48559
XEQT.TO,2022-12-05,25.42885971069336,25.489404678344727,25.297679901123047,25.378406524658203,23.48575210571289,56883
XEQT.TO,2022-12-06,25.40867805480957,25.42885971069336,25.085771560668945,25.1664981842041,23.28964614868164,38352
XEQT.TO,2022-12-07,25.126134872436523,25.20686149597168,25.01513671875,25.126134872436523,23.252294540405273,43307
XEQT.TO,2022-12-08,25.156408309936523,25.20686149597168,25.075681686401367,25.17658805847168,23.298982620239258,60947
XEQT.TO,2022-12-09,25.18667984008789,25.327951431274414,25.1664981842041,25.1664981842041,23.28964614868164,38847
XEQT.TO,2022-12-12,25.20686149597168,25.297679901123047,25.146316528320312,25.287588119506836,23.401704788208008,26856
XEQT.TO,2022-12-13,25.731584548950195,25.792129516601562,25.297679901123047,25.43895149230957,23.541780471801758,33991
XEQT.TO,2022-12-14,25.40867805480957,25.539859771728516,25.22704315185547,25.327951431274414,23.43906021118164,38946
XEQT.TO,2022-12-15,25.126134872436523,25.126134872436523,24.8032283782959,24.894046783447266,23.037511825561523,105740
XEQT.TO,2022-12-16,24.76286506652832,24.78304672241211,24.60141372680664,24.732593536376953,22.88809585571289,84731
XEQT.TO,2022-12-19,24.692230224609375,24.692230224609375,24.399595260620117,24.470232009887695,22.64530372619629,52919
XEQT.TO,2022-12-20,24.460140228271484,24.56104850769043,24.37941551208496,24.500505447387695,22.673322677612305,49550
XEQT.TO,2022-12-21,24.641775131225586,24.82341194152832,24.641775131225586,24.78304672241211,22.934791564941406,31415
XEQT.TO,2022-12-22,24.682138442993164,24.702320098876953,24.328960418701172,24.540868759155273,22.71067237854004,53514
XEQT.TO,2022-12-23,24.480323791503906,24.621593475341797,24.429868698120117,24.61150360107422,22.776042938232422,29433
XEQT.TO,2022-12-28,24.52068519592285,24.540868759155273,24.318870544433594,24.33905029296875,22.523906707763672,110001
XEQT.TO,2022-12-29,24.288597106933594,24.500505447387695,24.268415451049805,24.470232009887695,22.80413818359375,27946
XEQT.TO,2022-12-30,24.359233856201172,24.36932373046875,24.19778060913086,24.328960418701172,22.672489166259766,60947
XEQT.TO,2023-01-03,24.732593536376953,24.74268341064453,24.409687042236328,24.530776977539062,22.860563278198242,130911
XEQT.TO,2023-01-04,24.530776977539062,24.621593475341797,24.409687042236328,24.540868759155273,22.86996841430664,114361
XEQT.TO,2023-01-05,24.490413665771484,24.510595321655273,24.328960418701172,24.450050354003906,22.78533363342285,117434
XEQT.TO,2023-01-06,24.57114028930664,24.79313850402832,24.450050354003906,24.76286506652832,23.07685089111328,79776
XEQT.TO,2023-01-09,24.873865127563477,24.974773406982422,24.74268341064453,24.77295684814453,23.086257934570312,131605
XEQT.TO,2023-01-10,24.74268341064453,24.934410095214844,24.722503662109375,24.934410095214844,23.236713409423828,64811
XEQT.TO,2023-01-11,25.00504493713379,25.156408309936523,24.98486328125,25.146316528320312,23.43419075012207,68676
XEQT.TO,2023-01-12,25.1967716217041,25.307769775390625,25.075681686401367,25.287588119506836,23.565845489501953,81658
XEQT.TO,2023-01-13,25.25731658935547,25.47931480407715,25.22704315185547,25.459131240844727,23.7257080078125,86019
XEQT.TO,2023-01-16,25.539859771728516,25.681129455566406,25.47931480407715,25.681129455566406,23.93259048461914,51928
XEQT.TO,2023-01-17,25.489404678344727,25.570131301879883,25.42885971069336,25.499494552612305,23.763324737548828,93154
XEQT.TO,2023-01-18,25.62058448791504,25.681129455566406,25.40867805480957,25.40867805480957,23.678693771362305,52325
XEQT.TO,2023-01-19,25.297679901123047,25.338041305541992,25.1967716217041,25.267406463623047,23.547040939331055,71947
XEQT.TO,2023-01-20,25.297679901123047,25.489404678344727,25.277496337890625,25.489404678344727,23.753925323486328,63523
XEQT.TO,2023-01-23,25.58022117614746,25.731584548950195,25.489404678344727,25.691221237182617,23.941999435424805,97614
XEQT.TO,2023-01-24,25.61049461364746,25.681129455566406,25.560039520263672,25.671039581298828,23.92319107055664,57577
XEQT.TO,2023-01-25,25.519676208496094,25.731584548950195,25.378406524658203,25.731584548950195,23.979610443115234,63028
XEQT.TO,2023-01-26,25.862764358520508,25.862764358520508,25.63067626953125,25.81231117248535,24.054838180541992,48064
XEQT.TO,2023-01-27,25.771947860717773,25.88294792175293,25.731584548950195,25.82240104675293,24.064245223999023,44991
XEQT.TO,2023-01-30,25.721492767333984,25.81231117248535,25.671039581298828,25.671039581298828,23.92319107055664,74821
XEQT.TO,2023-01-31,25.721492767333984,25.80221939086914,25.691221237182617,25.80221939086914,24.045442581176758,70857
XEQT.TO,2023-02-01,25.80221939086914,26.104944229125977,25.721492767333984,25.993946075439453,24.224109649658203,119118
XEQT.TO,2023-02-02,26.195762634277344,26.29667091369629,26.125125885009766,26.195762634277344,24.412187576293945,111091
XEQT.TO,2023-02-03,26.115034103393555,26.29667091369629,26.0645809173584,26.135217666625977,24.355762481689453,99001
XEQT.TO,2023-02-06,26.054489135742188,26.054489135742188,25.913219451904297,26.014127731323242,24.242918014526367,120704
XEQT.TO,2023-02-07,26.00403594970703,26.185670852661133,25.88294792175293,26.165489196777344,24.383974075317383,106334
XEQT.TO,2023-02-08,26.135217666625977,26.165489196777344,26.00403594970703,26.04439926147461,24.271129608154297,112974
XEQT.TO,2023-02-09,26.195762634277344,26.195762634277344,25.88294792175293,25.933401107788086,24.167688369750977,80073
XEQT.TO,2023-02-10,25.80221939086914,25.80221939086914,25.66094970703125,25.751766204833984,23.998422622680664,120704
XEQT.TO,2023-02-13,25.81231117248535,25.973764419555664,25.80221939086914,25.963672637939453,24.195898056030273,54010
XEQT.TO,2023-02-14,25.933401107788086,26.0645809173584,25.83249282836914,25.993946075439453,24.224109649658203,92163
XEQT.TO,2023-02-15,25.963672637939453,26.104944229125977,25.923309326171875,26.104944229125977,24.327552795410156,68875
XEQT.TO,2023-02-16,25.953582763671875,26.125125885009766,25.903127670288086,25.963672637939453,24.195898056030273,87109
XEQT.TO,2023-02-17,25.933401107788086,25.943490982055664,25.83249282836914,25.943490982055664,24.177091598510742,77496
XEQT.TO,2023-02-21,25.923309326171875,25.923309326171875,25.61049461364746,25.61049461364746,23.86676597595215,176596
XEQT.TO,2023-02-22,25.640766143798828,25.66094970703125,25.519676208496094,25.549949645996094,23.810344696044922,87902
XEQT.TO,2023-02-23,25.701311111450195,25.701311111450195,25.469223022460938,25.640766143798828,23.894973754882812,78487
XEQT.TO,2023-02-24,25.459131240844727,25.499494552612305,25.378406524658203,25.499494552612305,23.763324737548828,123974
XEQT.TO,2023-02-27,25.65085792541504,25.711402893066406,25.560039520263672,25.58022117614746,23.83855628967285,85523
XEQT.TO,2023-02-28,25.61049461364746,25.671039581298828,25.539859771728516,25.600404739379883,23.857364654541016,99893
XEQT.TO,2023-03-01,25.62058448791504,25.66094970703125,25.519676208496094,25.560039520263672,23.819744110107422,71154
XEQT.TO,2023-03-02,25.499494552612305,25.711402893066406,25.43895149230957,25.671039581298828,23.92319107055664,99199
XEQT.TO,2023-03-03,25.82240104675293,26.04439926147461,25.80221939086914,26.03430938720703,24.26172637939453,73830
XEQT.TO,2023-03-06,26.115034103393555,26.155399322509766,26.00403594970703,26.014127731323242,24.242918014526367,81163
XEQT.TO,2023-03-07,26.04439926147461,26.054489135742188,25.82240104675293,25.83249282836914,24.073654174804688,81658
XEQT.TO,2023-03-08,25.913219451904297,25.993946075439453,25.862764358520508,25.943490982055664,24.177091598510742,57974
XEQT.TO,2023-03-09,25.993946075439453,26.00403594970703,25.61049461364746,25.65085792541504,23.90438461303711,93650
XEQT.TO,2023-03-10,25.549949645996094,25.58022117614746,25.22704315185547,25.267406463623047,23.547040939331055,179867
XEQT.TO,2023-03-13,25.065589904785156,25.156408309936523,24.82341194152832,25.00504493713379,23.302539825439453,221389
XEQT.TO,2023-03-14,25.25731658935547,25.307769775390625,25.03531837463379,25.22704315185547,23.509424209594727,82055
XEQT.TO,2023-03-15,24.924318313598633,24.934410095214844,24.682138442993164,24.873865127563477,23.180294036865234,159056
XEQT.TO,2023-03-16,24.78304672241211,25.247224807739258,24.76286506652832,25.247224807739258,23.52823257446289,66496
XEQT.TO,2023-03-17,25.1664981842041,25.1664981842041,24.924318313598633,24.96468162536621,23.264925003051758,77794
XEQT.TO,2023-03-20,25.045408248901367,25.156408309936523,24.99495506286621,25.126134872436523,23.415386199951172,54109
XEQT.TO,2023-03-21,25.38849639892578,25.519676208496094,25.378406524658203,25.509586334228516,23.772729873657227,44397
XEQT.TO,2023-03-22,25.41876983642578,25.560039520263672,25.1664981842041,25.1664981842041,23.534929275512695,77496
XEQT.TO,2023-03-23,25.277496337890625,25.38849639892578,25.055498123168945,25.1664981842041,23.534929275512695,52820
XEQT.TO,2023-03-24,25.126134872436523,25.25731658935547,25.01513671875,25.25731658935547,23.619857788085938,89785
XEQT.TO,2023-03-27,25.348133087158203,25.348133087158203,25.21695327758789,25.267406463623047,23.629295349121094,48262
XEQT.TO,2023-03-28,25.22704315185547,25.287588119506836,25.126134872436523,25.18667984008789,23.55379867553711,51829
XEQT.TO,2023-03-29,25.40867805480957,25.44904136657715,25.368314743041992,25.43895149230957,23.789716720581055,24973
XEQT.TO,2023-03-30,25.549949645996094,25.600404739379883,25.519676208496094,25.560039520263672,23.9029541015625,41127
XEQT.TO,2023-03-31,25.63067626953125,25.80221939086914,25.63067626953125,25.80221939086914,24.12943458557129,61046
XEQT.TO,2023-04-03,25.78203773498535,25.84258270263672,25.711402893066406,25.82240104675293,24.148303985595703,104551
XEQT.TO,2023-04-04,25.862764358520508,25.862764358520508,25.711402893066406,25.771947860717773,24.101123809814453,54505
XEQT.TO,2023-04-05,25.66094970703125,25.711402893066406,25.590312957763672,25.66094970703125,23.99732208251953,68082
XEQT.TO,2023-04-06,25.671039581298828,25.78203773498535,25.62058448791504,25.78203773498535,24.11055564880371,63820
XEQT.TO,2023-04-10,25.721492767333984,25.84258270263672,25.701311111450195,25.84258270263672,24.16718292236328,72839
XEQT.TO,2023-04-11,25.88294792175293,25.943490982055664,25.862764358520508,25.88294792175293,24.204927444458008,41424
XEQT.TO,2023-04-12,26.04439926147461,26.0645809173584,25.83249282836914,25.84258270263672,24.16718292236328,54109
XEQT.TO,2023-04-13,25.88294792175293,26.00403594970703,25.85267448425293,26.00403594970703,24.318166732788086,53811
XEQT.TO,2023-04-14,25.983854293823242,26.04439926147461,25.88294792175293,25.958627700805664,24.275697708129883,57577
XEQT.TO,2023-04-17,25.973764419555664,26.0645809173584,25.953582763671875,26.04439926147461,24.355913162231445,54406
XEQT.TO,2023-04-18,26.135217666625977,26.155399322509766,26.054489135742188,26.115034103393555,24.421964645385742,32802
XEQT.TO,2023-04-19,26.02421760559082,26.195762634277344,26.02421760559082,26.175579071044922,24.478586196899414,41523
XEQT.TO,2023-04-20,26.084762573242188,26.165489196777344,26.054489135742188,26.125125885009766,24.431406021118164,68775
XEQT.TO,2023-04-21,26.205852508544922,26.276487350463867,26.125125885009766,26.276487350463867,24.572954177856445,47370
XEQT.TO,2023-04-24,26.2462158203125,26.306760787963867,26.205852508544922,26.276487350463867,24.572954177856445,90677
XEQT.TO,2023-04-25,26.22603416442871,26.236125946044922,26.014127731323242,26.02421760559082,24.337039947509766,74028
XEQT.TO,2023-04-26,26.0645809173584,26.0948543548584,25.933401107788086,25.963672637939453,24.280420303344727,79280
XEQT.TO,2023-04-27,26.0645809173584,26.26639747619629,26.054489135742188,26.26639747619629,24.563514709472656,37460
XEQT.TO,2023-04-28,26.236125946044922,26.347124099731445,26.22603416442871,26.337032318115234,24.62957191467285,80172
XEQT.TO,2023-05-01,26.357215881347656,26.3975772857666,26.306760787963867,26.316852569580078,24.610700607299805,79577
XEQT.TO,2023-05-02,26.286579132080078,26.286579132080078,25.973764419555664,26.135217666625977,24.44084358215332,118722
XEQT.TO,2023-05-03,26.165489196777344,26.25630760192871,26.0645809173584,26.07467269897461,24.384220123291016,79974
XEQT.TO,2023-05-04,25.993946075439453,26.014127731323242,25.80221939086914,25.81231117248535,24.138866424560547,96722
XEQT.TO,2023-05-05,25.923309326171875,26.04439926147461,25.85267448425293,26.00403594970703,24.318166732788086,37559
XEQT.TO,2023-05-08,25.953582763671875,26.03430938720703,25.933401107788086,26.03430938720703,24.346477508544922,77199
XEQT.TO,2023-05-09,25.943490982055664,25.983854293823242,25.893037796020508,25.953582763671875,24.27098274230957,55100
XEQT.TO,2023-05-10,26.03430938720703,26.03430938720703,25.82240104675293,25.963672637939453,24.280420303344727,65604
XEQT.TO,2023-05-11,25.983854293823242,26.03430938720703,25.903127670288086,26.03430938720703,24.346477508544922,40829
XEQT.TO,2023-05-12,26.104944229125977,26.115034103393555,26.00403594970703,26.104944229125977,24.412532806396484,55694
XEQT.TO,2023-05-15,26.104944229125977,26.135217666625977,26.04439926147461,26.135217666625977,24.44084358215332,57676
XEQT.TO,2023-05-16,26.014127731323242,26.014127731323242,25.88294792175293,25.903127670288086,24.223798751831055,76307
XEQT.TO,2023-05-17,25.943490982055664,26.054489135742188,25.88294792175293,26.04439926147461,24.355913162231445,43802
XEQT.TO,2023-05-18,26.054489135742188,26.22603416442871,26.03430938720703,26.22603416442871,24.52577018737793,62433
XEQT.TO,2023-05-19,26.2462158203125,26.326942443847656,26.2159423828125,26.276487350463867,24.572954177856445,40631
XEQT.TO,2023-05-23,26.2159423828125,26.2159423828125,25.983854293823242,25.993946075439453,24.30872917175293,124767
XEQT.TO,2023-05-24,25.903127670288086,25.903127670288086,25.80221939086914,25.84258270263672,24.16718292236328,82154
XEQT.TO,2023-05-25,25.973764419555664,25.973764419555664,25.84258270263672,25.913219451904297,24.233234405517578,74821
XEQT.TO,2023-05-26,25.983854293823242,26.205852508544922,25.983854293823242,26.175579071044922,24.478586196899414,54604
XEQT.TO,2023-05-29,26.286579132080078,26.286579132080078,26.175579071044922,26.236125946044922,24.535205841064453,73334
XEQT.TO,2023-05-30,26.22603416442871,26.22603416442871,25.973764419555664,26.014127731323242,24.327604293823242,83740
XEQT.TO,2023-05-31,25.943490982055664,25.943490982055664,25.701311111450195,25.80221939086914,24.12943458557129,141317
XEQT.TO,2023-06-01,25.82240104675293,25.913219451904297,25.741674423217773,25.88294792175293,24.204927444458008,76505
XEQT.TO,2023-06-02,26.03430938720703,26.276487350463867,26.03430938720703,26.25630760192871,24.55408477783203,84136
XEQT.TO,2023-06-05,26.29667091369629,26.29667091369629,26.165489196777344,26.190715789794922,24.492740631103516,74821
XEQT.TO,2023-06-06,26.205852508544922,26.29667091369629,26.175579071044922,26.29667091369629,24.59183120727539,49748
XEQT.TO,2023-06-07,26.337032318115234,26.337032318115234,26.125125885009766,26.135217666625977,24.44084358215332,64316
XEQT.TO,2023-06-08,26.104944229125977,26.236125946044922,26.084762573242188,26.236125946044922,24.535205841064453,66893
XEQT.TO,2023-06-09,26.236125946044922,26.25630760192871,26.155399322509766,26.236125946044922,24.535205841064453,49649
XEQT.TO,2023-06-12,26.236125946044922,26.387487411499023,26.195762634277344,26.387487411499023,24.676759719848633,63820
XEQT.TO,2023-06-13,26.4278507232666,26.518667221069336,26.4278507232666,26.48839569091797,24.771120071411133,64217
XEQT.TO,2023-06-14,26.528759002685547,26.589303970336914,26.417760848999023,26.559030532836914,24.83717918395996,67487
XEQT.TO,2023-06-15,26.528759002685547,26.64984893798828,26.508577346801758,26.629667282104492,24.90323829650879,55992
XEQT.TO,2023-06-16,26.770938873291016,26.770938873291016,26.508577346801758,26.518667221069336,24.7994327545166,77199
XEQT.TO,2023-06-19,26.538850784301758,26.538850784301758,26.422805786132812,26.538850784301758,24.81830596923828,137452
XEQT.TO,2023-06-20,26.3975772857666,26.3975772857666,26.29667091369629,26.326942443847656,24.62013816833496,89785
XEQT.TO,2023-06-21,26.236125946044922,26.236125946044922,26.135217666625977,26.135217666625977,24.44084358215332,117731
XEQT.TO,2023-06-22,26.03430938720703,26.07467269897461,26.00403594970703,26.07467269897461,24.384220123291016,95632
XEQT.TO,2023-06-23,25.963672637939453,25.963672637939453,25.83249282836914,25.87285614013672,24.195491790771484,102271
XEQT.TO,2023-06-26,25.721492767333984,25.731584548950195,25.61553955078125,25.63067626953125,24.156496047973633,108515
XEQT.TO,2023-06-27,25.701311111450195,25.933401107788086,25.701311111450195,25.913219451904297,24.42279052734375,49055
XEQT.TO,2023-06-28,25.953582763671875,26.0948543548584,25.953582763671875,26.054489135742188,24.555932998657227,38451
XEQT.TO,2023-06-29,26.0645809173584,26.135217666625977,26.03430938720703,26.135217666625977,24.63201904296875,33595
XEQT.TO,2023-06-30,26.326942443847656,26.43794059753418,26.306760787963867,26.4278507232666,24.907819747924805,74920
XEQT.TO,2023-07-04,26.45812225341797,26.589303970336914,26.44803237915039,26.528759002685547,25.002927780151367,110794
XEQT.TO,2023-07-05,26.387487411499023,26.417760848999023,26.347124099731445,26.417760848999023,24.898313522338867,133587
XEQT.TO,2023-07-06,26.115034103393555,26.195762634277344,26.03430938720703,26.195762634277344,24.689085006713867,80469
XEQT.TO,2023-07-07,26.104944229125977,26.26639747619629,26.084762573242188,26.135217666625977,24.63201904296875,85226
XEQT.TO,2023-07-10,26.125125885009766,26.185670852661133,26.115034103393555,26.185670852661133,24.679567337036133,69965
XEQT.TO,2023-07-11,26.236125946044922,26.316852569580078,26.2159423828125,26.316852569580078,24.803205490112305,76307
XEQT.TO,2023-07-12,26.538850784301758,26.569122314453125,26.43794059753418,26.538850784301758,25.012435913085938,96722
XEQT.TO,2023-07-13,26.65993881225586,26.730575561523438,26.63975715637207,26.700302124023438,25.164602279663086,61640
XEQT.TO,2023-07-14,26.740665435791016,26.831483840942383,26.740665435791016,26.791120529174805,25.250198364257812,65505
XEQT.TO,2023-07-17,26.740665435791016,26.811302185058594,26.700302124023438,26.801210403442383,25.25971031188965,116343
XEQT.TO,2023-07-18,26.84157371520996,26.962663650512695,26.84157371520996,26.942481994628906,25.392854690551758,76010
XEQT.TO,2023-07-19,26.982845306396484,27.033300399780273,26.957618713378906,27.013118743896484,25.45942497253418,83244
XEQT.TO,2023-07-20,26.952573776245117,26.962663650512695,26.831483840942383,26.86175537109375,25.3167667388916,75911
XEQT.TO,2023-07-21,26.972755432128906,27.023208618164062,26.932392120361328,26.962663650512695,25.411874771118164,61046
XEQT.TO,2023-07-24,26.952573776245117,26.982845306396484,26.89202880859375,26.952573776245117,25.402362823486328,63820
XEQT.TO,2023-07-25,26.992935180664062,27.05348014831543,26.992935180664062,27.013118743896484,25.45942497253418,86514
XEQT.TO,2023-07-26,27.013118743896484,27.124116897583008,27.003026962280273,27.114025115966797,25.55453109741211,88992
XEQT.TO,2023-07-27,27.194753646850586,27.214933395385742,26.932392120361328,26.962663650512695,25.411874771118164,83244
XEQT.TO,2023-07-28,27.08375358581543,27.245206832885742,27.08375358581543,27.214933395385742,25.649633407592773,74028
XEQT.TO,2023-07-31,27.23511505126953,27.23511505126953,27.124116897583008,27.204843521118164,25.640125274658203,93550
XEQT.TO,2023-08-01,27.225025177001953,27.225025177001953,27.144298553466797,27.204843521118164,25.640125274658203,114461
XEQT.TO,2023-08-02,27.013118743896484,27.023208618164062,26.801210403442383,26.86175537109375,25.3167667388916,117235
XEQT.TO,2023-08-03,26.791120529174805,26.831483840942383,26.71039390563965,26.811302185058594,25.269216537475586,98307
XEQT.TO,2023-08-04,26.902118682861328,27.013118743896484,26.821392059326172,26.84157371520996,25.29775047302246,133587
XEQT.TO,2023-08-08,26.922300338745117,26.922300338745117,26.811302185058594,26.91221046447754,25.364320755004883,101181
XEQT.TO,2023-08-09,26.972755432128906,26.972755432128906,26.831483840942383,26.86175537109375,25.3167667388916,53217
XEQT.TO,2023-08-10,26.992935180664062,27.114025115966797,26.86175537109375,26.932392120361328,25.383344650268555,57082
XEQT.TO,2023-08-11,26.84157371520996,26.902118682861328,26.811302185058594,26.87184715270996,25.326282501220703,70064
XEQT.TO,2023-08-14,26.84157371520996,26.91221046447754,26.740665435791016,26.91221046447754,25.364320755004883,96424
XEQT.TO,2023-08-15,26.770938873291016,26.770938873291016,26.569122314453125,26.599395751953125,25.069499969482422,114461
XEQT.TO,2023-08-16,26.559030532836914,26.63975715637207,26.46821403503418,26.48839569091797,24.964885711669922,100289
XEQT.TO,2023-08-17,26.548940658569336,26.548940658569336,26.337032318115234,26.337032318115234,24.82222557067871,52325
XEQT.TO,2023-08-18,26.205852508544922,26.367305755615234,26.175579071044922,26.337032318115234,24.82222557067871,87604
XEQT.TO,2023-08-21,26.337032318115234,26.44803237915039,26.29667091369629,26.4278507232666,24.907819747924805,58766
XEQT.TO,2023-08-22,26.48839569091797,26.48839569091797,26.347124099731445,26.367305755615234,24.850759506225586,47172
XEQT.TO,2023-08-23,26.498485565185547,26.629667282104492,26.498485565185547,26.609485626220703,25.079008102416992,32009
XEQT.TO,2023-08-24,26.67003059387207,26.67003059387207,26.3975772857666,26.417760848999023,24.898313522338867,41721
XEQT.TO,2023-08-25,26.48839569091797,26.599395751953125,26.367305755615234,26.569122314453125,25.04096794128418,70163
XEQT.TO,2023-08-28,26.71039390563965,26.791120529174805,26.700302124023438,26.791120529174805,25.250198364257812,63226
XEQT.TO,2023-08-29,26.811302185058594,27.09384536743164,26.801210403442383,27.09384536743164,25.535511016845703,48361
XEQT.TO,2023-08-30,27.09384536743164,27.164480209350586,27.07366371154785,27.10393524169922,25.545019149780273,30721
XEQT.TO,2023-08-31,27.13420867919922,27.194753646850586,27.023208618164062,27.033300399780273,25.47844696044922,53910
XEQT.TO,2023-09-01,27.225025177001953,27.30575180053711,27.184661865234375,27.28557014465332,25.716205596923828,48658
XEQT.TO,2023-09-05,27.255298614501953,27.27547836303711,27.164480209350586,27.174570083618164,25.611591339111328,65703
XEQT.TO,2023-09-06,27.144298553466797,27.144298553466797,26.942481994628906,27.013118743896484,25.45942497253418,92956
XEQT.TO,2023-09-07,26.902118682861328,26.992935180664062,26.87184715270996,26.972755432128906,25.421384811401367,55199
XEQT.TO,2023-09-08,26.91221046447754,26.952573776245117,26.86175537109375,26.89202880859375,25.34530258178711,58469
XEQT.TO,2023-09-11,26.922300338745117,26.992935180664062,26.91221046447754,26.982845306396484,25.430892944335938,91568
XEQT.TO,2023-09-12,26.942481994628906,26.972755432128906,26.86175537109375,26.88193702697754,25.335786819458008,72640
XEQT.TO,2023-09-13,26.86175537109375,26.89202880859375,26.801210403442383,26.851665496826172,25.307260513305664,62631
XEQT.TO,2023-09-14,27.003026962280273,27.114025115966797,26.972755432128906,27.09384536743164,25.535511016845703,52622
XEQT.TO,2023-09-15,27.114025115966797,27.13420867919922,26.922300338745117,26.952573776245117,25.402362823486328,61838
XEQT.TO,2023-09-18,26.922300338745117,26.922300338745117,26.801210403442383,26.851665496826172,25.307260513305664,79181
XEQT.TO,2023-09-19,26.720483779907227,26.720483779907227,26.548940658569336,26.67003059387207,25.136070251464844,86217
XEQT.TO,2023-09-20,26.740665435791016,26.86175537109375,26.569122314453125,26.569122314453125,25.04096794128418,49352
XEQT.TO,2023-09-21,26.43794059753418,26.43794059753418,26.115034103393555,26.125125885009766,24.622509002685547,164209
XEQT.TO,2023-09-22,26.205852508544922,26.2462158203125,26.0948543548584,26.104944229125977,24.60348892211914,147263
XEQT.TO,2023-09-25,25.913219451904297,26.03430938720703,25.87285614013672,25.993946075439453,24.58439826965332,144290
XEQT.TO,2023-09-26,25.913219451904297,25.923309326171875,25.716447830200195,25.741674423217773,24.345806121826172,103659
XEQT.TO,2023-09-27,25.82240104675293,25.83249282836914,25.560039520263672,25.691221237182617,24.298091888427734,79974
XEQT.TO,2023-09-28,25.671039581298828,25.913219451904297,25.63067626953125,25.83249282836914,24.431703567504883,69370
XEQT.TO,2023-09-29,25.963672637939453,26.02421760559082,25.862764358520508,25.933401107788086,24.52713966369629,57181
XEQT.TO,2023-10-02,25.933401107788086,25.933401107788086,25.711402893066406,25.81231117248535,24.41261100769043,80667
XEQT.TO,2023-10-03,25.701311111450195,25.731584548950195,25.494449615478516,25.539859771728516,24.154939651489258,83541
XEQT.TO,2023-10-04,25.600404739379883,25.701311111450195,25.509586334228516,25.701311111450195,24.307634353637695,59956
XEQT.TO,2023-10-05,25.711402893066406,25.761856079101562,25.61049461364746,25.751766204833984,24.35535430908203,42811
XEQT.TO,2023-10-06,25.63067626953125,25.973764419555664,25.539859771728516,25.933401107788086,24.52713966369629,73136
XEQT.TO,2023-10-10,26.03430938720703,26.236125946044922,26.03430938720703,26.115034103393555,24.698923110961914,59163
XEQT.TO,2023-10-11,26.2159423828125,26.26639747619629,26.135217666625977,26.26639747619629,24.84207534790039,32108
XEQT.TO,2023-10-12,26.276487350463867,26.316852569580078,26.07467269897461,26.205852508544922,24.784812927246094,51829
XEQT.TO,2023-10-13,26.26639747619629,26.26639747619629,25.953582763671875,25.983854293823242,24.574857711791992,94541
XEQT.TO,2023-10-16,26.084762573242188,26.2159423828125,26.014127731323242,26.175579071044922,24.756183624267578,67091
XEQT.TO,2023-10-17,26.115034103393555,26.337032318115234,26.115034103393555,26.26639747619629,24.84207534790039,68379
XEQT.TO,2023-10-18,26.175579071044922,26.175579071044922,25.933401107788086,25.973764419555664,24.565311431884766,77100
XEQT.TO,2023-10-19,26.014127731323242,26.03430938720703,25.741674423217773,25.761856079101562,24.36489486694336,66893
XEQT.TO,2023-10-20,25.66094970703125,25.66094970703125,25.459131240844727,25.469223022460938,24.088130950927734,124172
XEQT.TO,2023-10-23,25.358224868774414,25.549949645996094,25.277496337890625,25.40867805480957,24.030866622924805,107127
XEQT.TO,2023-10-24,25.499494552612305,25.65085792541504,25.489404678344727,25.560039520263672,24.174022674560547,28144
XEQT.TO,2023-10-25,25.560039520263672,25.560039520263672,25.368314743041992,25.378406524658203,24.002239227294922,67983
XEQT.TO,2023-10-26,25.378406524658203,25.40867805480957,25.18667984008789,25.267406463623047,23.897260665893555,101478
XEQT.TO,2023-10-27,25.38849639892578,25.38849639892578,25.136226654052734,25.1664981842041,23.801822662353516,77496
XEQT.TO,2023-10-30,25.287588119506836,25.41876983642578,25.267406463623047,25.38849639892578,24.011781692504883,41424
XEQT.TO,2023-10-31,25.509586334228516,25.560039520263672,25.40867805480957,25.549949645996094,24.16448211669922,45883
XEQT.TO,2023-11-01,25.62058448791504,25.83249282836914,25.600404739379883,25.83249282836914,24.431703567504883,81262
XEQT.TO,2023-11-02,25.963672637939453,26.185670852661133,25.963672637939453,26.175579071044922,24.756183624267578,46379
XEQT.TO,2023-11-03,26.2462158203125,26.43794059753418,26.2462158203125,26.377397537231445,24.947059631347656,80965
XEQT.TO,2023-11-06,26.43794059753418,26.44803237915039,26.276487350463867,26.377397537231445,24.947059631347656,67983
XEQT.TO,2023-11-07,26.377397537231445,26.44803237915039,26.306760787963867,26.392532348632812,24.96137237548828,62334
XEQT.TO,2023-11-08,26.44803237915039,26.48839569091797,26.337032318115234,26.4278507232666,24.994773864746094,42811
XEQT.TO,2023-11-09,26.508577346801758,26.538850784301758,26.337032318115234,26.337032318115234,24.908884048461914,50046
XEQT.TO,2023-11-10,26.44803237915039,26.579212188720703,26.337032318115234,26.579212188720703,25.137929916381836,52226
XEQT.TO,2023-11-13,26.538850784301758,26.61957550048828,26.48839569091797,26.599395751953125,25.157020568847656,50640
XEQT.TO,2023-11-14,26.84157371520996,27.07366371154785,26.84157371520996,27.013118743896484,25.54830551147461,100686
XEQT.TO,2023-11-15,27.06357192993164,27.13420867919922,27.023208618164062,27.04339027404785,25.576934814453125,66298
XEQT.TO,2023-11-16,27.04339027404785,27.144298553466797,27.033300399780273,27.144298553466797,25.672374725341797,37163
XEQT.TO,2023-11-17,27.174570083618164,27.245206832885742,27.144298553466797,27.23511505126953,25.758264541625977,93154
XEQT.TO,2023-11-20,27.23511505126953,27.436931610107422,27.23511505126953,27.406660079956055,25.92051124572754,87109
XEQT.TO,2023-11-21,27.3259334564209,27.336023330688477,27.23511505126953,27.26538848876953,25.786901473999023,94541
XEQT.TO,2023-11-22,27.366296768188477,27.416751861572266,27.29566192626953,27.3259334564209,25.844158172607422,44496
XEQT.TO,2023-11-23,27.3562068939209,27.396568298339844,27.3562068939209,27.396568298339844,25.91096305847168,39244
XEQT.TO,2023-11-24,27.26538848876953,27.346115112304688,27.225025177001953,27.31584358215332,25.834617614746094,50739
XEQT.TO,2023-11-27,27.245206832885742,27.27547836303711,27.204843521118164,27.204843521118164,25.729637145996094,79181
XEQT.TO,2023-11-28,27.13420867919922,27.225025177001953,27.08375358581543,27.154390335083008,25.68191909790039,56586
XEQT.TO,2023-11-29,27.27547836303711,27.3259334564209,27.214933395385742,27.23511505126953,25.758264541625977,61838
XEQT.TO,2023-11-30,27.336023330688477,27.336023330688477,27.164480209350586,27.28557014465332,25.805984497070312,54109
XEQT.TO,2023-12-01,27.124116897583008,27.416751861572266,27.114025115966797,27.416751861572266,25.9300537109375,147164
XEQT.TO,2023-12-04,27.366296768188477,27.376386642456055,27.255298614501953,27.366296768188477,25.882333755493164,88100
XEQT.TO,2023-12-05,27.3259334564209,27.396568298339844,27.31584358215332,27.366296768188477,25.882333755493164,62532
XEQT.TO,2023-12-06,27.447023391723633,27.517658233642578,27.30575180053711,27.3259334564209,25.844158172607422,75514
XEQT.TO,2023-12-07,27.396568298339844,27.467205047607422,27.376386642456055,27.45711326599121,25.968231201171875,48064
XEQT.TO,2023-12-08,27.447023391723633,27.558021545410156,27.426841735839844,27.537841796875,26.044580459594727,68775
XEQT.TO,2023-12-11,27.517658233642578,27.578203201293945,27.45711326599121,27.578203201293945,26.082752227783203,81758
XEQT.TO,2023-12-12,27.588294982910156,27.648839950561523,27.547931671142578,27.648839950561523,26.149559020996094,98010
XEQT.TO,2023-12-13,27.618566513061523,27.931381225585938,27.578203201293945,27.931381225585938,26.416776657104492,94046
XEQT.TO,2023-12-14,27.961654663085938,28.11301612854004,27.91120147705078,28.002017974853516,26.483583450317383,120010
XEQT.TO,2023-12-15,28.002017974853516,28.012109756469727,27.759838104248047,27.800201416015625,26.292709350585938,129821
XEQT.TO,2023-12-18,27.88092803955078,27.961654663085938,27.870838165283203,27.92129135131836,26.4072322845459,85821
XEQT.TO,2023-12-19,27.94147300720215,28.082744598388672,27.94147300720215,28.082744598388672,26.5599308013916,93253
XEQT.TO,2023-12-20,28.052471160888672,28.082744598388672,27.74974822998047,27.74974822998047,26.244993209838867,130416
XEQT.TO,2023-12-21,27.90110969543457,27.961654663085938,27.810293197631836,27.94147300720215,26.426321029663086,72343
XEQT.TO,2023-12-22,27.95156478881836,28.042381286621094,27.94147300720215,27.961654663085938,26.445409774780273,64613
XEQT.TO,2023-12-27,28.042381286621094,28.13319969177246,27.991926193237305,28.11301612854004,26.58856201171875,119118
XEQT.TO,2023-12-28,27.961654663085938,27.961654663085938,27.88092803955078,27.92129135131836,26.598173141479492,142902
XEQT.TO,2023-12-29,27.95156478881836,27.97174644470215,27.759838104248047,27.91120147705078,26.588563919067383,98704
XEQT.TO,2024-01-02,27.92129135131836,27.931381225585938,27.769929885864258,27.860746383666992,26.540498733520508,280354
XEQT.TO,2024-01-03,27.800201416015625,27.800201416015625,27.608476638793945,27.67911148071289,26.36747169494629,253101
XEQT.TO,2024-01-04,27.67911148071289,27.810293197631836,27.648839950561523,27.669021606445312,26.357858657836914,153506
XEQT.TO,2024-01-05,27.6892032623291,27.800201416015625,27.638748168945312,27.74974822998047,26.434762954711914,241011
XEQT.TO,2024-01-08,27.74974822998047,28.022199630737305,27.74974822998047,28.022199630737305,26.694303512573242,156182
XEQT.TO,2024-01-09,27.92129135131836,27.981836318969727,27.850656509399414,27.961654663085938,26.636627197265625,184128
XEQT.TO,2024-01-10,27.961654663085938,28.072654724121094,27.94147300720215,28.052471160888672,26.7231388092041,138641
XEQT.TO,2024-01-11,28.10292625427246,28.10292625427246,27.870838165283203,28.082744598388672,26.751976013183594,157371
XEQT.TO,2024-01-12,28.10292625427246,28.163471221923828,28.012109756469727,28.13319969177246,26.8000431060791,125857
XEQT.TO,2024-01-15,28.173561096191406,28.224016189575195,28.11806297302246,28.224016189575195,26.886552810668945,129028
XEQT.TO,2024-01-16,28.13319969177246,28.13319969177246,27.95156478881836,28.042381286621094,26.71352767944336,180263
XEQT.TO,2024-01-17,27.91120147705078,27.91120147705078,27.70938491821289,27.830474853515625,26.51166343688965,207714
XEQT.TO,2024-01-18,27.92129135131836,27.991926193237305,27.820383071899414,27.991926193237305,26.665462493896484,96028
XEQT.TO,2024-01-19,28.002017974853516,28.14328956604004,27.91120147705078,28.13319969177246,26.8000431060791,168767
XEQT.TO,2024-01-22,28.254289627075195,28.284561157226562,28.183652877807617,28.284561157226562,26.944231033325195,140722
XEQT.TO,2024-01-23,28.284561157226562,28.314834594726562,28.224016189575195,28.314834594726562,26.973068237304688,114461
XEQT.TO,2024-01-24,28.425832748413086,28.5570125579834,28.425832748413086,28.476287841796875,27.126874923706055,101379
XEQT.TO,2024-01-25,28.56710433959961,28.56710433959961,28.425832748413086,28.49646759033203,27.14609718322754,124271
XEQT.TO,2024-01-26,28.49646759033203,28.53683090209961,28.456104278564453,28.476287841796875,27.126874923706055,120307
XEQT.TO,2024-01-29,28.53683090209961,28.617557525634766,28.446014404296875,28.617557525634766,27.26144790649414,211678
XEQT.TO,2024-01-30,28.617557525634766,28.617557525634766,28.52674102783203,28.56710433959961,27.213382720947266,114361
XEQT.TO,2024-01-31,28.56710433959961,28.577194213867188,28.27446937561035,28.30474281311035,26.963457107543945,230209
XEQT.TO,2024-02-01,28.446014404296875,28.49646759033203,28.244197845458984,28.49646759033203,27.14609718322754,123776
XEQT.TO,2024-02-02,28.54692268371582,28.698284149169922,28.446014404296875,28.657920837402344,27.299898147583008,158956
XEQT.TO,2024-02-05,28.688194274902344,28.698284149169922,28.49646759033203,28.627649307250977,27.271060943603516,181452
XEQT.TO,2024-02-06,28.678102493286133,28.678102493286133,28.5872859954834,28.657920837402344,27.299898147583008,93749
XEQT.TO,2024-02-07,28.728557586669922,28.75882911682129,28.647829055786133,28.7386474609375,27.376800537109375,118226
XEQT.TO,2024-02-08,28.7689208984375,28.7689208984375,28.647829055786133,28.71846580505371,27.357572555541992,142506
XEQT.TO,2024-02-09,28.7689208984375,28.869827270507812,28.708375930786133,28.859737396240234,27.492151260375977,147263
XEQT.TO,2024-02-12,28.910192489624023,29.001008987426758,28.879919052124023,28.915237426757812,27.545021057128906,174119
XEQT.TO,2024-02-13,28.799192428588867,28.9202823638916,28.466196060180664,28.607467651367188,27.251832962036133,356661
XEQT.TO,2024-02-14,28.799192428588867,28.910192489624023,28.708375930786133,28.890010833740234,27.52098846435547,130812
XEQT.TO,2024-02-15,28.9505558013916,29.081735610961914,28.9505558013916,29.071645736694336,27.694019317626953,98803
XEQT.TO,2024-02-16,29.071645736694336,29.18264389038086,29.021190643310547,29.071645736694336,27.694019317626953,164407
XEQT.TO,2024-02-20,29.071645736694336,29.11200714111328,28.98082733154297,29.051462173461914,27.67479133605957,338724
XEQT.TO,2024-02-21,29.001008987426758,29.021190643310547,28.879919052124023,29.021190643310547,27.645954132080078,200281
XEQT.TO,2024-02-22,29.263370513916016,29.41473388671875,29.212915420532227,29.394550323486328,28.001617431640625,180164
XEQT.TO,2024-02-23,29.434913635253906,29.495458602905273,29.41473388671875,29.495458602905273,28.097749710083008,133983
XEQT.TO,2024-02-26,29.515640258789062,29.515640258789062,29.394550323486328,29.40464210510254,28.011234283447266,275894
XEQT.TO,2024-02-27,29.445005416870117,29.505550384521484,29.40464210510254,29.505550384521484,28.107358932495117,194335
XEQT.TO,2024-02-28,29.485368728637695,29.515640258789062,29.41473388671875,29.465187072753906,28.068910598754883,168173
XEQT.TO,2024-02-29,29.586275100708008,29.616548538208008,29.434913635253906,29.59636688232422,28.193872451782227,230209
XEQT.TO,2024-03-01,29.677093505859375,29.868818283081055,29.656911849975586,29.868818283081055,28.453414916992188,177785
XEQT.TO,2024-03-04,29.889001846313477,29.899091720581055,29.77800178527832,29.868818283081055,28.453414916992188,295219
XEQT.TO,2024-03-05,29.808273315429688,29.808273315429688,29.59636688232422,29.687185287475586,28.28038787841797,246164
XEQT.TO,2024-03-06,29.899091720581055,29.899091720581055,29.707366943359375,29.767911911010742,28.357290267944336,205732
XEQT.TO,2024-03-07,29.899091720581055,29.98990821838379,29.868818283081055,29.959636688232422,28.539926528930664,129524
XEQT.TO,2024-03-08,30.01009178161621,30.100908279418945,29.8486385345459,29.909183502197266,28.491865158081055,233381
XEQT.TO,2024-03-11,29.858728408813477,29.858728408813477,29.707366943359375,29.838546752929688,28.424577713012695,294327
XEQT.TO,2024-03-12,29.899091720581055,30.080726623535156,29.838546752929688,30.070636749267578,28.645668029785156,164803
XEQT.TO,2024-03-13,30.070636749267578,30.100908279418945,29.98990821838379,30.040363311767578,28.616830825805664,127839
XEQT.TO,2024-03-14,30.100908279418945,30.100908279418945,29.868818283081055,29.97981834411621,28.559152603149414,199290
XEQT.TO,2024-03-15,29.969728469848633,29.969728469848633,29.858728408813477,29.959636688232422,28.539926528930664,230209
XEQT.TO,2024-03-18,30.121089935302734,30.353179931640625,29.969728469848633,30.353179931640625,28.91482162475586,389760
XEQT.TO,2024-03-19,30.100908279418945,30.1513614654541,30.02018165588379,30.141271591186523,28.712955474853516,177092
XEQT.TO,2024-03-20,30.17154312133789,30.312814712524414,30.110998153686523,30.302724838256836,28.86676025390625,212074
XEQT.TO,2024-03-21,30.494449615478516,30.534812927246094,30.44399642944336,30.454086303710938,29.010948181152344,176200
XEQT.TO,2024-03-22,30.43390464782715,30.44399642944336,30.332996368408203,30.40363311767578,29.051448822021484,244876
XEQT.TO,2024-03-25,30.312814712524414,30.363269805908203,30.282543182373047,30.292633056640625,28.94538116455078,228227
XEQT.TO,2024-03-26,30.312814712524414,30.353179931640625,30.252269744873047,30.252269744873047,28.906816482543945,187695
XEQT.TO,2024-03-27,30.413724899291992,30.484359741210938,30.312814712524414,30.484359741210938,29.128582000732422,108415
XEQT.TO,2024-03-28,30.504541397094727,30.504541397094727,30.42381477355957,30.46417808532715,29.109296798706055,177092
XEQT.TO,2024-04-01,30.524723052978516,30.787084579467773,30.39354133605957,30.554994583129883,29.196075439453125,385103
XEQT.TO,2024-04-02,30.322906494140625,30.322906494140625,30.161453247070312,30.252269744873047,28.906816482543945,311670
XEQT.TO,2024-04-03,30.22199821472168,30.317861557006836,30.18667984008789,30.272451400756836,28.926097869873047,307904
XEQT.TO,2024-04-04,30.383451461791992,30.42381477355957,30.030271530151367,30.060544967651367,28.723615646362305,299778
XEQT.TO,2024-04-05,30.17154312133789,30.42381477355957,30.17154312133789,30.363269805908203,29.012876510620117,174614
XEQT.TO,2024-04-08,30.413724899291992,30.44399642944336,30.37335968017578,30.40363311767578,29.051448822021484,185218
XEQT.TO,2024-04-09,30.454086303710938,30.494449615478516,30.272451400756836,30.454086303710938,29.099655151367188,207515
XEQT.TO,2024-04-10,30.24217987060547,30.37335968017578,30.191726684570312,30.302724838256836,28.95502471923828,210092
XEQT.TO,2024-04-11,30.343088150024414,30.44399642944336,30.1816349029541,30.40363311767578,29.051448822021484,172632
XEQT.TO,2024-04-12,30.37335968017578,30.40363311767578,30.070636749267578,30.131181716918945,28.791112899780273,318706
XEQT.TO,2024-04-15,30.292633056640625,30.312814712524414,29.838546752929688,29.889001846313477,28.559701919555664,318309
XEQT.TO,2024-04-16,29.878910064697266,29.899091720581055,29.727548599243164,29.77800178527832,28.45363998413086,253795
XEQT.TO,2024-04-17,29.909183502197266,29.909183502197266,29.57618522644043,29.656911849975586,28.337932586669922,220993
XEQT.TO,2024-04-18,29.616548538208008,29.77800178527832,29.545913696289062,29.59636688232422,28.280080795288086,149641
XEQT.TO,2024-04-19,29.56609535217285,29.636730194091797,29.41473388671875,29.495458602905273,28.183664321899414,206128
XEQT.TO,2024-04-22,29.515640258789062,29.737638473510742,29.490413665771484,29.656911849975586,28.337932586669922,187993
XEQT.TO,2024-04-23,29.727548599243164,29.929363250732422,29.717456817626953,29.899091720581055,28.569345474243164,127938
XEQT.TO,2024-04-24,29.969728469848633,30.02018165588379,29.79818344116211,29.909183502197266,28.57898712158203,134578
XEQT.TO,2024-04-25,29.62664031982422,29.77800178527832,29.515640258789062,29.75782012939453,28.434358596801758,220795
XEQT.TO,2024-04-26,29.889001846313477,30.030271530151367,29.868818283081055,29.98990821838379,28.6561222076416,139335
XEQT.TO,2024-04-29,30.030271530151367,30.110998153686523,29.97981834411621,30.090816497802734,28.75254249572754,194930
XEQT.TO,2024-04-30,30.090816497802734,30.17154312133789,29.838546752929688,29.838546752929688,28.511491775512695,198497
XEQT.TO,2024-05-01,29.808273315429688,30.030271530151367,29.717456817626953,29.77800178527832,28.45363998413086,188191
XEQT.TO,2024-05-02,29.889001846313477,29.98990821838379,29.747730255126953,29.949546813964844,28.617555618286133,157866
XEQT.TO,2024-05-03,30.17154312133789,30.252269744873047,30.110998153686523,30.24217987060547,28.897171020507812,149542
XEQT.TO,2024-05-06,30.332996368408203,30.514631271362305,30.332996368408203,30.514631271362305,29.157506942749023,151623
XEQT.TO,2024-05-07,30.575176239013672,30.696266174316406,30.575176239013672,30.676084518432617,29.311777114868164,141416
XEQT.TO,2024-05-08,30.534812927246094,30.645811080932617,30.484359741210938,30.645811080932617,29.28285026550293,126253
XEQT.TO,2024-05-09,30.645811080932617,30.726539611816406,30.61553955078125,30.726539611816406,29.3599910736084,172731
XEQT.TO,2024-05-10,30.746719360351562,30.776992797851562,30.686176300048828,30.726539611816406,29.3599910736084,175803
XEQT.TO,2024-05-13,30.80726432800293,30.80726432800293,30.686176300048828,30.696266174316406,29.331064224243164,253300
XEQT.TO,2024-05-14,30.716447830200195,30.81735610961914,30.696266174316406,30.81735610961914,29.4467716217041,266876
XEQT.TO,2024-05-15,30.928354263305664,31.0494441986084,30.877901077270508,31.0494441986084,29.668537139892578,173722
XEQT.TO,2024-05-16,31.06962776184082,31.06962776184082,30.963672637939453,30.998991012573242,29.620325088500977,185218
XEQT.TO,2024-05-17,31.009082794189453,31.0797176361084,30.978809356689453,31.0797176361084,29.697460174560547,121596
XEQT.TO,2024-05-21,31.130172729492188,31.160444259643555,31.089807510375977,31.160444259643555,29.77459716796875,182840
XEQT.TO,2024-05-22,31.120080947875977,31.120080947875977,30.968717575073242,31.05953598022461,29.678176879882812,242597
XEQT.TO,2024-05-23,31.190715789794922,31.190715789794922,30.85771942138672,30.918264389038086,29.54319190979004,228723
XEQT.TO,2024-05-24,30.978809356689453,31.03935432434082,30.948537826538086,31.01917266845703,29.63960838317871,130019
XEQT.TO,2024-05-27,31.06962776184082,31.220989227294922,31.02421760559082,31.220989227294922,29.832447052001953,128929
XEQT.TO,2024-05-28,31.089807510375977,31.089807510375977,30.85771942138672,30.928354263305664,29.552827835083008,252903
XEQT.TO,2024-05-29,30.776992797851562,30.776992797851562,30.676084518432617,30.686176300048828,29.321422576904297,215344
XEQT.TO,2024-05-30,30.676084518432617,30.756811141967773,30.62563133239746,30.696266174316406,29.331064224243164,201966
XEQT.TO,2024-05-31,30.706356048583984,30.85771942138672,30.484359741210938,30.85771942138672,29.48533821105957,177092
XEQT.TO,2024-06-03,30.928354263305664,30.948537826538086,30.676084518432617,30.84762954711914,29.475696563720703,228426
XEQT.TO,2024-06-04,30.80726432800293,30.83753776550293,30.686176300048828,30.82744789123535,29.45641326904297,127046
XEQT.TO,2024-06-05,30.968717575073242,31.140262603759766,30.928354263305664,31.140262603759766,29.755313873291016,201272
XEQT.TO,2024-06-06,31.180625915527344,31.190715789794922,31.099899291992188,31.140262603759766,29.755313873291016,148650
XEQT.TO,2024-06-07,31.120080947875977,31.2310791015625,31.03935432434082,31.120080947875977,29.73603057861328,255480
XEQT.TO,2024-06-10,31.0797176361084,31.21089744567871,31.03935432434082,31.21089744567871,29.822811126708984,214254
XEQT.TO,2024-06-11,31.089807510375977,31.089807510375977,30.918264389038086,31.0494441986084,29.668537139892578,218813
XEQT.TO,2024-06-12,31.2613525390625,31.372350692749023,31.220989227294922,31.2613525390625,29.871017456054688,247155
XEQT.TO,2024-06-13,31.271442413330078,31.271442413330078,31.009082794189453,31.089807510375977,29.70709991455078,236948
XEQT.TO,2024-06-14,30.98889923095703,31.009082794189453,30.867809295654297,30.948537826538086,29.57211685180664,263705
XEQT.TO,2024-06-17,30.938446044921875,31.120080947875977,30.867809295654297,31.089807510375977,29.70709991455078,307012
XEQT.TO,2024-06-18,31.109989166259766,31.180625915527344,31.089807510375977,31.150352478027344,29.764955520629883,221191
XEQT.TO,2024-06-19,31.160444259643555,31.21089744567871,31.099899291992188,31.180625915527344,29.793882369995117,157470
XEQT.TO,2024-06-20,31.089807510375977,31.160444259643555,30.998991012573242,31.06962776184082,29.687822341918945,412256
XEQT.TO,2024-06-21,31.02926254272461,31.02926254272461,30.938446044921875,30.998991012573242,29.620325088500977,278372
XEQT.TO,2024-06-24,31.02926254272461,31.190715789794922,31.02926254272461,31.0494441986084,29.668537139892578,229516
XEQT.TO,2024-06-25,30.85771942138672,30.877901077270508,30.766902923583984,30.877901077270508,29.719038009643555,226543
XEQT.TO,2024-06-26,30.80726432800293,30.918264389038086,30.787084579467773,30.918264389038086,29.757888793945312,232786
XEQT.TO,2024-06-27,30.928354263305664,30.98889923095703,30.88799285888672,30.98889923095703,29.825870513916016,200975
XEQT.TO,2024-06-28,31.01917266845703,31.150352478027344,30.84762954711914,30.918264389038086,29.757888793945312,200678
XEQT.TO,2024-07-02,30.918264389038086,31.06962776184082,30.918264389038086,31.06962776184082,29.90357208251953,249633
XEQT.TO,2024-07-03,31.109989166259766,31.382442474365234,31.099899291992188,31.311805725097656,30.13665771484375,134181
XEQT.TO,2024-07-04,31.362260818481445,31.382442474365234,31.291624069213867,31.372350692749023,30.194934844970703,76010
XEQT.TO,2024-07-05,31.362260818481445,31.362260818481445,31.24117088317871,31.342079162597656,30.165794372558594,121298
XEQT.TO,2024-07-08,31.362260818481445,31.382442474365234,31.276487350463867,31.362260818481445,30.18522071838379,167281
XEQT.TO,2024-07-09,31.382442474365234,31.382442474365234,31.271442413330078,31.271442413330078,30.09781265258789,122785
XEQT.TO,2024-07-10,31.362260818481445,31.63471221923828,31.362260818481445,31.63471221923828,30.447444915771484,135073
XEQT.TO,2024-07-11,31.685165405273438,31.775983810424805,31.614530563354492,31.705347061157227,30.515430450439453,175308
XEQT.TO,2024-07-12,31.745710372924805,32.03834533691406,31.745710372924805,31.89707374572754,30.699960708618164,168767
XEQT.TO,2024-07-15,31.967708587646484,32.08879852294922,31.937437057495117,31.997982025146484,30.797082901000977,218714
XEQT.TO,2024-07-16,32.058528900146484,32.24016189575195,32.058528900146484,32.24016189575195,31.030174255371094,214353
XEQT.TO,2024-07-17,32.01816177368164,32.07870864868164,31.927345275878906,31.967708587646484,30.767948150634766,294327
XEQT.TO,2024-07-18,31.997982025146484,32.04843521118164,31.63471221923828,31.755802154541016,30.56399154663086,297696
XEQT.TO,2024-07-19,31.775983810424805,31.786075592041016,31.553985595703125,31.574167251586914,30.389175415039062,203750
XEQT.TO,2024-07-22,31.86680030822754,31.957618713378906,31.775983810424805,31.957618713378906,30.75823402404785,172038
XEQT.TO,2024-07-23,31.937437057495117,31.977800369262695,31.86680030822754,31.89202880859375,30.695106506347656,286399
XEQT.TO,2024-07-24,31.735620498657227,31.816347122192383,31.43289566040039,31.48335075378418,30.3017635345459,384805
XEQT.TO,2024-07-25,31.43289566040039,31.65489387512207,31.24117088317871,31.372350692749023,30.194934844970703,259246
XEQT.TO,2024-07-26,31.564077377319336,31.796165466308594,31.553985595703125,31.745710372924805,30.55428123474121,173921
XEQT.TO,2024-07-29,31.816347122192383,31.816347122192383,31.63471221923828,31.705347061157227,30.515430450439453,158659
XEQT.TO,2024-07-30,31.786075592041016,31.85671043395996,31.564077377319336,31.685165405273438,30.496007919311523,168173
XEQT.TO,2024-07-31,31.977800369262695,32.169525146484375,31.927345275878906,32.03834533691406,30.835933685302734,252804
XEQT.TO,2024-08-01,32.04843521118164,32.058528900146484,31.4429874420166,31.574167251586914,30.389175415039062,340607
XEQT.TO,2024-08-02,31.180625915527344,31.553985595703125,30.696266174316406,30.938446044921875,29.777311325073242,565564
XEQT.TO,2024-08-06,30.252269744873047,30.877901077270508,30.050453186035156,30.262361526489258,29.12660026550293,748403
XEQT.TO,2024-08-07,30.63572120666504,30.706356048583984,30.090816497802734,30.100908279418945,28.971206665039062,287687
XEQT.TO,2024-08-08,30.484359741210938,30.716447830200195,30.332996368408203,30.696266174316406,29.544218063354492,193939
XEQT.TO,2024-08-09,30.63572120666504,30.83753776550293,30.575176239013672,30.80726432800293,29.65105438232422,154893
XEQT.TO,2024-08-12,30.88799285888672,30.938446044921875,30.726539611816406,30.82744789123535,29.67047882080078,187299
XEQT.TO,2024-08-13,30.978809356689453,31.24117088317871,30.948537826538086,31.24117088317871,30.068675994873047,164902
XEQT.TO,2024-08-14,31.271442413330078,31.372350692749023,31.170534133911133,31.372350692749023,30.194934844970703,183038
XEQT.TO,2024-08-15,31.65489387512207,31.85671043395996,31.63471221923828,31.836528778076172,30.64168930053711,146866
XEQT.TO,2024-08-16,31.806255340576172,32.542884826660156,31.786075592041016,31.85671043395996,30.661113739013672,237642
XEQT.TO,2024-08-19,31.907163619995117,32.06861877441406,31.89707374572754,32.06861877441406,30.865066528320312,139335
XEQT.TO,2024-08-20,32.028255462646484,32.06861877441406,31.88698387145996,31.937437057495117,30.73880958557129,131208
XEQT.TO,2024-08-21,31.927345275878906,32.058528900146484,31.907163619995117,32.058528900146484,30.85536003112793,117434
XEQT.TO,2024-08-22,32.08879852294922,32.1291618347168,31.836528778076172,31.87689208984375,30.680540084838867,128533
XEQT.TO,2024-08-23,31.997982025146484,32.139251708984375,31.957618713378906,32.1291618347168,30.923341751098633,117334
XEQT.TO,2024-08-26,32.139251708984375,32.1594352722168,31.957618713378906,32.03834533691406,30.835933685302734,152416
XEQT.TO,2024-08-27,31.937437057495117,32.00807189941406,31.907163619995117,31.987890243530273,30.787370681762695,119713
XEQT.TO,2024-08-28,31.977800369262695,31.987890243530273,31.72553062438965,31.87689208984375,30.680540084838867,148055
XEQT.TO,2024-08-29,31.987890243530273,32.11907196044922,31.907163619995117,31.937437057495117,30.73880958557129,134181
XEQT.TO,2024-08-30,32.058528900146484,32.139251708984375,31.89707374572754,32.12411880493164,30.91848373413086,175110
XEQT.TO,2024-09-03,32.04843521118164,32.07870864868164,31.584257125854492,31.685165405273438,30.496007919311523,385202
XEQT.TO,2024-09-04,31.564077377319336,31.705347061157227,31.50353240966797,31.564077377319336,30.37946128845215,193939
XEQT.TO,2024-09-05,31.624622344970703,31.685165405273438,31.422805786132812,31.46821403503418,30.28719711303711,184623
XEQT.TO,2024-09-06,31.533803939819336,31.574167251586914,31.06962776184082,31.099899291992188,29.932706832885742,284120
XEQT.TO,2024-09-09,31.342079162597656,31.493440628051758,31.321897506713867,31.422805786132812,30.243494033813477,199488
XEQT.TO,2024-09-10,31.50353240966797,31.513622283935547,31.24117088317871,31.513622283935547,30.330902099609375,137848
XEQT.TO,2024-09-11,31.533803939819336,31.735620498657227,31.160444259643555,31.72553062438965,30.53485679626465,138145
XEQT.TO,2024-09-12,31.806255340576172,32.04843521118164,31.735620498657227,32.03834533691406,30.835933685302734,135569
XEQT.TO,2024-09-13,32.10898208618164,32.26034164428711,32.10898208618164,32.20988845825195,31.00103759765625,169461
XEQT.TO,2024-09-16,32.29061508178711,32.36125183105469,32.17961883544922,32.351158142089844,31.137004852294922,189281
XEQT.TO,2024-09-17,32.462158203125,32.48234176635742,32.230072021484375,32.32088851928711,31.107872009277344,146272
XEQT.TO,2024-09-18,32.32088851928711,32.51261520385742,32.21997833251953,32.29061508178711,31.078733444213867,222876
XEQT.TO,2024-09-19,32.71443176269531,32.73461151123047,32.59334182739258,32.68415832519531,31.45750617980957,179074
XEQT.TO,2024-09-20,32.68415832519531,32.68415832519531,32.50252151489258,32.59334182739258,31.370100021362305,237345
XEQT.TO,2024-09-23,32.59334182739258,32.62361145019531,32.50252151489258,32.59334182739258,31.370100021362305,154398
XEQT.TO,2024-09-24,32.63370132446289,32.66397476196289,32.462158203125,32.522705078125,31.39347267150879,146272
XEQT.TO,2024-09-25,32.522705078125,32.53279495239258,32.426841735839844,32.462158203125,31.33502769470215,160641
XEQT.TO,2024-09-26,32.70433807373047,32.815338134765625,32.66397476196289,32.7951545715332,31.65646743774414,143100
XEQT.TO,2024-09-27,32.815338134765625,32.8859748840332,32.754791259765625,32.785064697265625,31.6467227935791,116443
XEQT.TO,2024-09-30,32.74470138549805,32.815338134765625,32.59334182739258,32.7951545715332,31.65646743774414,223669
XEQT.TO,2024-10-01,32.7951545715332,32.815338134765625,32.45206832885742,32.59334182739258,31.461660385131836,320390
XEQT.TO,2024-10-02,32.583248138427734,32.62361145019531,32.45206832885742,32.62361145019531,31.490877151489258,171939
XEQT.TO,2024-10-03,32.542884826660156,32.59334182739258,32.431888580322266,32.583248138427734,31.451915740966797,261129
XEQT.TO,2024-10-04,32.80524826049805,32.87588119506836,32.674068450927734,32.87588119506836,31.73438835144043,170452
XEQT.TO,2024-10-07,32.8557014465332,32.87588119506836,32.68920135498047,32.754791259765625,31.617502212524414,267669
XEQT.TO,2024-10-08,32.7951545715332,32.90615463256836,32.785064697265625,32.87588119506836,31.73438835144043,200380
XEQT.TO,2024-10-09,32.89606475830078,33.173561096191406,32.8557014465332,33.14833450317383,31.997379302978516,131407
XEQT.TO,2024-10-10,33.14833450317383,33.23915100097656,33.087791442871094,33.198787689208984,32.046085357666016,243390
XEQT.TO,2024-10-11,33.229061126708984,33.47124099731445,33.218971252441406,33.44096755981445,32.279850006103516,204047
XEQT.TO,2024-10-15,33.56205749511719,33.62260437011719,33.31987762451172,33.35015106201172,32.192195892333984,306219
XEQT.TO,2024-10-16,33.41069412231445,33.491424560546875,33.37033462524414,33.4510612487793,32.28959274291992,190173
XEQT.TO,2024-10-17,33.662967681884766,33.662967681884766,33.53178787231445,33.59233093261719,32.425960540771484,163614
XEQT.TO,2024-10-18,33.662967681884766,33.7840576171875,33.61251449584961,33.7537841796875,32.581809997558594,183632
XEQT.TO,2024-10-21,33.7537841796875,33.7537841796875,33.54187774658203,33.602420806884766,32.435699462890625,268066
XEQT.TO,2024-10-22,33.48133087158203,33.55196762084961,33.41069412231445,33.53178787231445,32.367523193359375,232984
XEQT.TO,2024-10-23,33.48133087158203,33.48133087158203,33.12815475463867,33.27951431274414,32.12400817871094,351706
XEQT.TO,2024-10-24,33.38042449951172,33.38042449951172,33.218971252441406,33.37033462524414,32.211673736572266,150236
XEQT.TO,2024-10-25,33.461151123046875,33.58224105834961,33.32997131347656,33.3905143737793,32.23115158081055,158758
XEQT.TO,2024-10-28,33.55196762084961,33.58224105834961,33.47124099731445,33.56205749511719,32.39674377441406,151028
XEQT.TO,2024-10-29,33.53178787231445,33.602420806884766,33.44096755981445,33.55196762084961,32.387001037597656,197903
XEQT.TO,2024-10-30,33.55196762084961,33.59233093261719,33.41069412231445,33.41069412231445,32.25062942504883,216137
XEQT.TO,2024-10-31,33.28960418701172,33.28960418701172,32.93642807006836,33.017154693603516,31.870752334594727,432373
XEQT.TO,2024-11-01,33.188697814941406,33.31483459472656,33.14833450317383,33.198787689208984,32.046085357666016,171443
XEQT.TO,2024-11-04,33.10797119140625,33.198787689208984,32.986881256103516,33.057518005371094,31.909719467163086,392139
XEQT.TO,2024-11-05,33.07769775390625,33.27951431274414,33.06760787963867,33.27951431274414,32.12400817871094,170056
XEQT.TO,2024-11-06,33.905147552490234,33.905147552490234,33.53178787231445,33.864784240722656,32.68895721435547,283525
XEQT.TO,2024-11-07,33.905147552490234,34.076690673828125,33.89505386352539,34.06660079956055,32.883766174316406,344174
XEQT.TO,2024-11-08,34.046417236328125,34.09687042236328,33.95560073852539,34.0565071105957,32.874019622802734,226840
XEQT.TO,2024-11-11,34.1473274230957,34.23814392089844,34.076690673828125,34.12714385986328,32.94219970703125,231993
XEQT.TO,2024-11-12,34.16750717163086,34.16750717163086,33.834510803222656,33.95560073852539,32.776615142822266,308003
XEQT.TO,2024-11-13,34.00605392456055,34.076690673828125,33.905147552490234,34.02623748779297,32.84479904174805,195921
XEQT.TO,2024-11-14,34.13723373413086,34.16750717163086,34.016143798828125,34.02623748779297,32.84479904174805,252606
XEQT.TO,2024-11-15,33.94551086425781,33.96569061279297,33.7235107421875,33.814327239990234,32.640254974365234,318111
XEQT.TO,2024-11-18,33.85469055175781,33.95560073852539,33.789100646972656,33.814327239990234,32.640254974365234,223173
XEQT.TO,2024-11-19,33.602420806884766,33.864784240722656,33.55196762084961,33.82442092895508,32.64999008178711,192948
XEQT.TO,2024-11-20,33.864784240722656,33.864784240722656,33.65287780761719,33.834510803222656,32.65972900390625,224660
XEQT.TO,2024-11-21,33.91523742675781,34.0867805480957,33.74369430541992,34.06660079956055,32.883766174316406,223669
XEQT.TO,2024-11-22,34.076690673828125,34.217960357666016,34.0565071105957,34.217960357666016,33.029869079589844,208209
XEQT.TO,2024-11-25,34.39959716796875,34.43996047973633,34.248233795166016,34.318870544433594,33.127281188964844,247750
XEQT.TO,2024-11-26,34.520687103271484,34.56105041503906,34.38950729370117,34.490413665771484,33.29286193847656,202957
XEQT.TO,2024-11-27,34.51059341430664,34.550960540771484,34.35923385620117,34.419776916503906,33.224674224853516,227633
XEQT.TO,2024-11-28,34.47023010253906,34.76286697387695,34.47023010253906,34.76286697387695,33.55585479736328,275498
XEQT.TO,2024-11-29,34.58123016357422,34.82341003417969,34.51059341430664,34.78304672241211,33.5753288269043,250822
XEQT.TO,2024-12-02,34.78304672241211,34.78304672241211,34.6821403503418,34.77295684814453,33.56559371948242,297300
XEQT.TO,2024-12-03,34.81332015991211,34.88395690917969,34.76286697387695,34.873863220214844,33.662994384765625,259246
XEQT.TO,2024-12-04,34.95458984375,35.00504684448242,34.894046783447266,34.97981643676758,33.76526641845703,178578
XEQT.TO,2024-12-05,34.97477340698242,35.065589904785156,34.924320220947266,34.95458984375,33.74091720581055,197903
XEQT.TO,2024-12-06,35.16649627685547,35.277496337890625,35.16649627685547,35.21695327758789,33.994171142578125,185317
XEQT.TO,2024-12-09,35.2875862121582,35.2875862121582,35.105953216552734,35.136226654052734,33.91625213623047,320093
XEQT.TO,2024-12-10,35.15640640258789,35.16649627685547,34.91422653198242,34.95458984375,33.74091720581055,249732
XEQT.TO,2024-12-11,35.15640640258789,35.18667984008789,34.98486328125,35.17658996582031,33.95521545410156,211479
XEQT.TO,2024-12-12,35.15640640258789,35.15640640258789,34.98486328125,35.01513671875,33.79936218261719,221885
XEQT.TO,2024-12-13,35.065589904785156,35.075679779052734,34.88395690917969,34.97477340698242,33.76040267944336,236849
XEQT.TO,2024-12-16,34.99495315551758,35.02522659301758,34.934410095214844,34.99495315551758,33.77988815307617,294030
XEQT.TO,2024-12-17,34.94449996948242,35.02522659301758,34.873863220214844,34.97477340698242,33.76040267944336,266183
XEQT.TO,2024-12-18,34.98486328125,35.04541015625,34.217960357666016,34.248233795166016,33.05908966064453,374895
XEQT.TO,2024-12-19,34.34914016723633,34.36932373046875,34.09687042236328,34.09687042236328,32.91297912597656,494113
XEQT.TO,2024-12-20,33.89505386352539,34.47023010253906,33.85469055175781,34.318870544433594,33.127281188964844,424445
XEQT.TO,2024-12-23,34.419776916503906,34.51059341430664,34.258323669433594,34.51059341430664,33.31234359741211,344769
XEQT.TO,2024-12-24,34.54086685180664,34.75277328491211,34.51059341430664,34.75277328491211,33.54611587524414,124668
XEQT.TO,2024-12-27,34.75277328491211,34.75277328491211,34.53077697753906,34.64177703857422,33.438968658447266,381535
XEQT.TO,2024-12-30,34.288597106933594,34.288597106933594,33.88496398925781,33.96569061279297,33.051109313964844,579240
XEQT.TO,2024-12-31,34.106964111328125,34.18769073486328,33.93541717529297,33.98587417602539,33.07075119018555,344670
XEQT.TO,2025-01-02,34.258323669433594,34.34914016723633,33.86982727050781,34.02623748779297,33.11002731323242,733142
XEQT.TO,2025-01-03,34.17759704589844,34.460140228271484,34.17759704589844,34.42987060546875,33.50278854370117,390058
XEQT.TO,2025-01-06,34.54086685180664,34.6518669128418,34.318870544433594,34.35923385620117,33.43405532836914,615907
XEQT.TO,2025-01-07,34.50050354003906,34.56105041503906,34.12714385986328,34.19778060913086,33.27695083618164,504122
XEQT.TO,2025-01-08,34.248233795166016,34.36932373046875,34.076690673828125,34.258323669433594,33.33586120605469,424941
XEQT.TO,2025-01-09,34.308780670166016,34.39959716796875,34.26841735839844,34.33905029296875,33.4144172668457,218020
XEQT.TO,2025-01-10,34.13723373413086,34.13723373413086,33.76387405395508,33.864784240722656,32.95292282104492,694691
XEQT.TO,2025-01-13,33.662967681884766,33.73360061645508,33.50151443481445,33.7235107421875,32.81545639038086,451599
XEQT.TO,2025-01-14,33.874874114990234,33.874874114990234,33.58224105834961,33.74369430541992,32.835086822509766,258453
XEQT.TO,2025-01-15,34.1170539855957,34.217960357666016,34.06660079956055,34.18769073486328,33.26713562011719,310381
XEQT.TO,2025-01-16,34.33905029296875,34.40968704223633,34.228050231933594,34.33905029296875,33.4144172668457,226840
XEQT.TO,2025-01-17,34.7124137878418,34.77295684814453,34.57114028930664,34.73259353637695,33.79736328125,285606
XEQT.TO,2025-01-20,34.76286697387695,35.20686340332031,34.75277328491211,35.18667984008789,34.239219665527344,368949
XEQT.TO,2025-01-21,34.94449996948242,35.17658996582031,34.84359359741211,34.934410095214844,33.993743896484375,419490
XEQT.TO,2025-01-22,35.16649627685547,35.16649627685547,35.04541015625,35.095863342285156,34.15085220336914,240119
XEQT.TO,2025-01-23,35.095863342285156,35.24722671508789,35.05550003051758,35.24217987060547,34.29322814941406,265687
XEQT.TO,2025-01-24,35.24722671508789,35.307769775390625,35.19676971435547,35.23713302612305,34.28832244873047,348337
XEQT.TO,2025-01-27,34.873863220214844,35.01513671875,34.81332015991211,34.964683532714844,34.02320098876953,465968
XEQT.TO,2025-01-28,35.01513671875,35.20686340332031,34.88395690917969,35.18667984008789,34.239219665527344,306120
XEQT.TO,2025-01-29,35.21695327758789,35.3178596496582,35.075679779052734,35.18667984008789,34.239219665527344,386490
XEQT.TO,2025-01-30,35.307769775390625,35.782039642333984,35.307769775390625,35.61049270629883,34.65163040161133,283822
XEQT.TO,2025-01-31,35.73158264160156,35.79212951660156,35.35822296142578,35.43894958496094,34.48469924926758,384805
XEQT.TO,2025-02-03,33.804237365722656,35.338043212890625,33.662967681884766,35.17658996582031,34.229408264160156,866530
XEQT.TO,2025-02-04,35.17658996582031,35.17658996582031,34.894046783447266,34.97477340698242,34.03302001953125,450806
XEQT.TO,2025-02-05,35.01513671875,35.22704315185547,34.894046783447266,35.22199630737305,34.273590087890625,168272
XEQT.TO,2025-02-06,35.368316650390625,35.38849639892578,35.15640640258789,35.277496337890625,34.32759475708008,259741
XEQT.TO,2025-02-07,35.32795333862305,35.338043212890625,34.964683532714844,34.98486328125,34.0428466796875,284120
XEQT.TO,2025-02-10,35.3178596496582,35.338043212890625,35.23713302612305,35.29767990112305,34.347232818603516,289471
XEQT.TO,2025-02-11,35.22704315185547,35.307769775390625,35.16649627685547,35.25731658935547,34.30795669555664,205732
XEQT.TO,2025-02-12,35.11604309082031,35.24722671508789,34.99495315551758,35.20686340332031,34.25886154174805,210488
XEQT.TO,2025-02-13,35.277496337890625,35.40867614746094,35.24722671508789,35.368316650390625,34.41596984863281,212570
XEQT.TO,2025-02-14,35.41876983642578,35.41876983642578,35.277496337890625,35.2875862121582,34.3374137878418,347940
XEQT.TO,2025-02-18,35.3784065246582,35.48940658569336,35.35822296142578,35.47426986694336,34.519073486328125,317616
XEQT.TO,2025-02-19,35.449039459228516,35.509586334228516,35.29767990112305,35.479312896728516,34.52397537231445,313751
XEQT.TO,2025-02-20,35.43894958496094,35.46922302246094,35.20686340332031,35.31281661987305,34.36196517944336,494608
XEQT.TO,2025-02-21,35.3784065246582,35.3784065246582,34.91422653198242,34.964683532714844,34.02320098876953,425833
XEQT.TO,2025-02-24,35.126136779785156,35.136226654052734,34.76286697387695,34.904136657714844,33.96428680419922,476572
XEQT.TO,2025-02-25,34.924320220947266,35.075679779052734,34.722503662109375,34.98486328125,34.0428466796875,315832
XEQT.TO,2025-02-26,35.136226654052734,35.39858627319336,35.00504684448242,35.11604309082031,34.17048645019531,274012
XEQT.TO,2025-02-27,35.2875862121582,35.3481330871582,34.873863220214844,34.88395690917969,33.94464874267578,334363
XEQT.TO,2025-02-28,34.863773345947266,35.23713302612305,34.7124137878418,35.23713302612305,34.28832244873047,438518
XEQT.TO,2025-03-03,35.3481330871582,35.509586334228516,34.83350372314453,34.95458984375,34.01338195800781,468446
XEQT.TO,2025-03-04,34.550960540771484,34.94449996948242,34.26841735839844,34.57114028930664,33.640262603759766,634042
XEQT.TO,2025-03-05,34.56105041503906,34.909183502197266,34.51059341430664,34.873863220214844,33.93482971191406,306021
XEQT.TO,2025-03-06,34.661956787109375,34.75277328491211,34.233097076416016,34.36932373046875,33.44387435913086,578050
XEQT.TO,2025-03-07,34.34914016723633,34.73259353637695,34.248233795166016,34.692230224609375,33.75809097290039,325742
XEQT.TO,2025-03-10,34.308780670166016,34.480323791503906,33.814327239990234,33.99596405029297,33.080570220947266,666348
XEQT.TO,2025-03-11,33.91523742675781,34.08173751831055,33.73360061645508,33.804237365722656,32.89400863647461,501545
XEQT.TO,2025-03-12,34.12714385986328,34.12714385986328,33.7235107421875,33.93541717529297,33.02165603637695,347445
XEQT.TO,2025-03-13,33.91523742675781,33.91523742675781,33.61251449584961,33.673057556152344,32.766353607177734,334463
XEQT.TO,2025-03-14,33.92532730102539,34.217960357666016,33.88496398925781,34.20787048339844,33.286766052246094,285408
XEQT.TO,2025-03-17,34.20787048339844,34.460140228271484,34.17759704589844,34.38950729370117,33.46351623535156,515221
XEQT.TO,2025-03-18,34.40968704223633,34.40968704223633,34.106964111328125,34.18264389038086,33.26222229003906,275597
XEQT.TO,2025-03-19,34.29868698120117,34.6821403503418,34.26841735839844,34.58123016357422,33.65007781982422,179074
XEQT.TO,2025-03-20,34.51059341430664,34.661956787109375,34.35923385620117,34.42987060546875,33.50278854370117,229317
XEQT.TO,2025-03-21,34.36932373046875,34.419776916503906,34.16750717163086,34.419776916503906,33.49296951293945,327724
XEQT.TO,2025-03-24,34.70232009887695,34.75782012939453,34.631683349609375,34.74268341064453,33.80718231201172,203254
XEQT.TO,2025-03-25,34.78304672241211,34.85368347167969,34.73259353637695,34.75277328491211,33.81700134277344,253795
XEQT.TO,2025-03-26,34.661956787109375,34.661956787109375,34.23814392089844,34.303733825683594,33.46751403808594,319399
XEQT.TO,2025-03-27,34.308780670166016,34.460140228271484,34.20787048339844,34.318870544433594,33.48228073120117,176993
XEQT.TO,2025-03-28,34.23814392089844,34.23814392089844,33.74369430541992,33.79414749145508,32.97034454345703,567744
XEQT.TO,2025-03-31,33.56205749511719,34.00605392456055,33.400604248046875,33.95560073852539,33.127864837646484,391941
XEQT.TO,2025-04-01,33.874874114990234,34.046417236328125,33.6932373046875,33.92532730102539,33.098331451416016,261822
XEQT.TO,2025-04-02,33.673057556152344,34.217960357666016,33.65287780761719,34.18769073486328,33.35429763793945,233579
XEQT.TO,2025-04-03,33.057518005371094,33.29969787597656,32.48234176635742,32.53279495239258,31.739744186401367,1386211
XEQT.TO,2025-04-04,31.816347122192383,32.03834533691406,30.85771942138672,30.88799285888672,30.13503646850586,1409499
XEQT.TO,2025-04-07,29.727548599243164,31.46316909790039,27.790111541748047,30.494449615478516,29.75108528137207,1801935
XEQT.TO,2025-04-08,31.45307731628418,31.513622283935547,29.79818344116211,30.161453247070312,29.42620849609375,1102289
XEQT.TO,2025-04-09,29.82845687866211,32.341068267822266,29.79818344116211,32.28052520751953,31.493619918823242,1149659
XEQT.TO,2025-04-10,31.88698387145996,32.04843521118164,30.474267959594727,31.130172729492188,30.371313095092773,806674
XEQT.TO,2025-04-11,30.776992797851562,31.69525718688965,30.776992797851562,31.63471221923828,30.86355209350586,434256
XEQT.TO,2025-04-14,32.14934539794922,32.169525146484375,31.735620498657227,31.937437057495117,31.158897399902344,425833
XEQT.TO,2025-04-15,32.04843521118164,32.32088851928711,32.028255462646484,32.20988845825195,31.42470932006836,349129
XEQT.TO,2025-04-16,32.03834533691406,32.10898208618164,31.48335075378418,31.715438842773438,30.94230842590332,323958
XEQT.TO,2025-04-17,31.88698387145996,32.03834533691406,31.745710372924805,31.85671043395996,31.08013916015625,232588
XEQT.TO,2025-04-21,31.715438842773438,31.786075592041016,31.160444259643555,31.392532348632812,30.627277374267578,399076
XEQT.TO,2025-04-22,31.69525718688965,32.08879852294922,31.69525718688965,31.997982025146484,31.217967987060547,284813
XEQT.TO,2025-04-23,32.63370132446289,32.76488494873047,32.36125183105469,32.45206832885742,31.660982131958008,474392
XEQT.TO,2025-04-24,32.492431640625,32.90615463256836,32.45206832885742,32.89606475830078,32.09415817260742,267768
XEQT.TO,2025-04-25,32.89606475830078,33.027244567871094,32.754791259765625,33.017154693603516,32.21229553222656,252309
XEQT.TO,2025-04-28,33.07769775390625,33.12815475463867,32.87588119506836,33.047428131103516,32.2418327331543,328219
XEQT.TO,2025-04-29,33.06760787963867,33.28960418701172,33.017154693603516,33.229061126708984,32.419036865234375,294922
XEQT.TO,2025-04-30,32.96670150756836,33.16851806640625,32.66397476196289,33.10797119140625,32.300899505615234,281840
XEQT.TO,2025-05-01,33.31987762451172,33.51160430908203,33.198787689208984,33.27951431274414,32.46826171875,317814
XEQT.TO,2025-05-02,33.632694244384766,33.76387405395508,33.50151443481445,33.72855758666992,32.9063606262207,381634
XEQT.TO,2025-05-05,33.65287780761719,33.7840576171875,33.58224105834961,33.632694244384766,32.81283187866211,338427
XEQT.TO,2025-05-06,33.50151443481445,33.602420806884766,33.38042449951172,33.4359245300293,32.620853424072266,304039
XEQT.TO,2025-05-07,33.52169418334961,33.703330993652344,33.400604248046875,33.61251449584961,32.79314041137695,226840
XEQT.TO,2025-05-08,33.804237365722656,34.13723373413086,33.7537841796875,33.92532730102539,33.098331451416016,256372
XEQT.TO,2025-05-09,34.0867805480957,34.106964111328125,33.92532730102539,33.99596405029297,33.16724395751953,235164
XEQT.TO,2025-05-12,34.81332015991211,34.81332015991211,34.53077697753906,34.73259353637695,33.88591384887695,406013
XEQT.TO,2025-05-13,34.83350372314453,34.924320220947266,34.78304672241211,34.82341003417969,33.974517822265625,350517
XEQT.TO,2025-05-14,34.873863220214844,34.904136657714844,34.78304672241211,34.873863220214844,34.02374267578125,242795
XEQT.TO,2025-05-15,34.873863220214844,35.126136779785156,34.873863220214844,35.075679779052734,34.220638275146484,255282
XEQT.TO,2025-05-16,35.126136779785156,35.2875862121582,35.035316467285156,35.277496337890625,34.41753387451172,220200
XEQT.TO,2025-05-20,35.307769775390625,35.35822296142578,35.17658996582031,35.277496337890625,34.41753387451172,402842
XEQT.TO,2025-05-21,35.02522659301758,35.14631652832031,34.722503662109375,34.79313659667969,33.944984436035156,332976
XEQT.TO,2025-05-22,34.81332015991211,34.91422653198242,34.70232009887695,34.75277328491211,33.90560531616211,248246
XEQT.TO,2025-05-23,34.35923385620117,34.53077697753906,34.308780670166016,34.450050354003906,33.610260009765625,318309
XEQT.TO,2025-05-26,34.91422653198242,34.98486328125,34.77295684814453,34.98486328125,34.132041931152344,158263
XEQT.TO,2025-05-27,35.01513671875,35.19676971435547,34.873863220214844,35.19676971435547,34.338775634765625,202362
XEQT.TO,2025-05-28,35.16649627685547,35.20686340332031,35.00504684448242,35.035316467285156,34.1812629699707,239624
XEQT.TO,2025-05-29,35.29767990112305,35.29767990112305,34.904136657714844,35.05550003051758,34.200950622558594,280255
XEQT.TO,2025-05-30,34.99495315551758,35.02522659301758,34.6821403503418,34.91422653198242,34.06312561035156,275102
XEQT.TO,2025-06-02,34.88395690917969,35.105953216552734,34.73259353637695,35.08577346801758,34.23048782348633,287588
XEQT.TO,2025-06-03,35.075679779052734,35.22704315185547,35.01513671875,35.18667984008789,34.32892990112305,219110
XEQT.TO,2025-06-04,35.20686340332031,35.25731658935547,35.111000061035156,35.15640640258789,34.299400329589844,207615
XEQT.TO,2025-06-05,35.20686340332031,35.25731658935547,34.97477340698242,35.035316467285156,34.1812629699707,324751
XEQT.TO,2025-06-06,35.3178596496582,35.368316650390625,35.23713302612305,35.3329963684082,34.4716796875,268660
XEQT.TO,2025-06-09,35.3784065246582,35.41876983642578,35.2875862121582,35.3178596496582,34.45691680908203,345760
XEQT.TO,2025-06-10,35.41876983642578,35.45913314819336,35.2875862121582,35.43894958496094,34.57505416870117,260534
XEQT.TO,2025-06-11,35.519676208496094,35.554996490478516,35.3481330871582,35.39858627319336,34.535675048828125,344174
XEQT.TO,2025-06-12,35.3784065246582,35.43894958496094,35.292633056640625,35.43894958496094,34.57505416870117,273615
XEQT.TO,2025-06-13,35.21695327758789,35.26740646362305,34.99495315551758,35.035316467285156,34.1812629699707,580528
XEQT.TO,2025-06-16,35.25731658935547,35.368316650390625,35.18667984008789,35.23713302612305,34.37815856933594,321679
XEQT.TO,2025-06-17,35.18667984008789,35.19676971435547,35.05550003051758,35.095863342285156,34.24032974243164,293435
XEQT.TO,2025-06-18,35.22704315185547,35.368316650390625,35.16649627685547,35.24722671508789,34.388004302978516,230408
XEQT.TO,2025-06-19,35.11604309082031,35.19676971435547,35.08577346801758,35.19676971435547,34.338775634765625,225056
XEQT.TO,2025-06-20,35.39858627319336,35.39858627319336,35.11604309082031,35.15640640258789,34.299400329589844,322174
XEQT.TO,2025-06-23,35.23713302612305,35.43894958496094,35.14631652832031,35.43894958496094,34.57505416870117,385796
XEQT.TO,2025-06-24,35.61049270629883,35.81230926513672,35.549949645996094,35.782039642333984,34.90977478027344,278372
XEQT.TO,2025-06-25,35.721492767333984,35.721492767333984,35.368316650390625,35.38849639892578,34.78776931762695,372814
XEQT.TO,2025-06-26,35.43894958496094,35.539859771728516,35.3481330871582,35.52976989746094,34.92664337158203,269057
XEQT.TO,2025-06-27,35.61049270629883,35.8526725769043,35.61049270629883,35.81230926513672,35.20438766479492,300174
XEQT.TO,2025-06-30,35.81230926513672,35.83753967285156,35.696266174316406,35.79212951660156,35.18455123901367,358048
XEQT.TO,2025-07-02,35.82240295410156,35.87285614013672,35.75680923461914,35.8526725769043,35.24406433105469,400959
XEQT.TO,2025-07-03,35.90312957763672,36.08476257324219,35.90312957763672,36.07467269897461,35.46229553222656,320787
XEQT.TO,2025-07-04,35.97376251220703,36.2764892578125,35.923309326171875,36.125125885009766,35.51189041137695,457941
XEQT.TO,2025-07-07,36.01412582397461,36.155399322509766,35.84762954711914,35.9434928894043,35.333343505859375,614123
XEQT.TO,2025-07-08,36.01412582397461,36.05448913574219,35.93339920043945,36.00403594970703,35.39285659790039,260237
XEQT.TO,2025-07-09,36.125125885009766,36.210899353027344,36.07467269897461,36.20585250854492,35.591251373291016,300570
XEQT.TO,2025-07-10,36.2462158203125,36.31685256958008,36.14530944824219,36.2462158203125,35.630924224853516,331390
XEQT.TO,2025-07-11,36.185672760009766,36.2462158203125,36.04439926147461,36.11503601074219,35.50197219848633,458932
XEQT.TO,2025-07-14,36.11503601074219,36.25630569458008,36.07467269897461,36.2310791015625,35.616050720214844,344174
XEQT.TO,2025-07-15,36.34712219238281,36.34712219238281,36.07467269897461,36.07467269897461,35.46229553222656,426130
XEQT.TO,2025-07-16,36.195762634277344,36.22603225708008,35.83249282836914,36.13017272949219,35.51685333251953,488068
XEQT.TO,2025-07-17,36.20585250854492,36.48839569091797,36.20585250854492,36.45812225341797,35.83924102783203,276489
XEQT.TO,2025-07-18,36.47830581665039,36.49848556518555,36.34712219238281,36.36225891113281,35.744998931884766,296606
XEQT.TO,2025-07-21,36.427852630615234,36.538848876953125,36.357215881347656,36.36225891113281,35.744998931884766,343084
XEQT.TO,2025-07-22,36.397579193115234,36.397579193115234,36.22098922729492,36.296669006347656,35.68052673339844,500554
XEQT.TO,2025-07-23,36.45812225341797,36.67002868652344,36.43794250488281,36.6397590637207,36.017791748046875,218119
XEQT.TO,2025-07-24,36.67002868652344,36.740665435791016,36.63471221923828,36.67002868652344,36.04754638671875,269651
XEQT.TO,2025-07-25,36.69021224975586,36.90211868286133,36.69021224975586,36.87184524536133,36.245941162109375,313652
XEQT.TO,2025-07-28,36.92230224609375,36.92230224609375,36.67002868652344,36.73057556152344,36.10707092285156,483410
XEQT.TO,2025-07-29,36.881935119628906,36.90211868286133,36.740665435791016,36.79111862182617,36.16658401489258,258156
XEQT.TO,2025-07-30,36.87184524536133,36.90211868286133,36.6094856262207,36.770938873291016,36.14674377441406,407499
XEQT.TO,2025-07-31,36.87184524536133,36.92230224609375,36.55903244018555,36.6094856262207,35.988037109375,431184
XEQT.TO,2025-08-01,36.31685256958008,36.31685256958008,35.87285614013672,36.10494613647461,35.49205780029297,1043523
XEQT.TO,2025-08-05,36.61957550048828,36.72048568725586,36.46821212768555,36.58930587768555,35.968196868896484,357156
XEQT.TO,2025-08-06,36.68012237548828,36.82139205932617,36.65993881225586,36.801212310791016,36.1765022277832,309489
XEQT.TO,2025-08-07,36.93239212036133,37.043392181396484,36.71543884277344,36.83148193359375,36.206260681152344,490941
XEQT.TO,2025-08-08,36.93239212036133,37.06357192993164,36.912208557128906,37.003028869628906,36.3748893737793,430590
XEQT.TO,2025-08-11,37.013118743896484,37.12411880493164,36.957618713378906,36.982845306396484,36.35505294799805,476572
XEQT.TO,2025-08-12,37.184661865234375,37.37638854980469,37.10393524169922,37.37638854980469,36.74191665649414,388968
XEQT.TO,2025-08-13,37.46720504760742,37.51765823364258,37.416751861572266,37.51765823364258,36.88078689575195,300372
XEQT.TO,2025-08-14,37.537841796875,37.54793167114258,37.401615142822266,37.54793167114258,36.910545349121094,371130
XEQT.TO,2025-08-15,37.588294982910156,37.598384857177734,37.48738479614258,37.54793167114258,36.910545349121094,372616
XEQT.TO,2025-08-18,37.49747848510742,37.558021545410156,37.43693161010742,37.54793167114258,36.910545349121094,335255
XEQT.TO,2025-08-19,37.60847473144531,37.70938491821289,37.49747848510742,37.527748107910156,36.89070510864258,273714
XEQT.TO,2025-08-20,37.54793167114258,37.568111419677734,37.325931549072266,37.537841796875,36.900630950927734,503428
XEQT.TO,2025-08-21,37.477294921875,37.57820510864258,37.426841735839844,37.558021545410156,36.92046356201172,438319
XEQT.TO,2025-08-22,37.63874816894531,38.02220153808594,37.63874816894531,37.96165466308594,37.31724548339844,412851
XEQT.TO,2025-08-25,37.9011116027832,37.91120147705078,37.75983810424805,37.75983810424805,37.118858337402344,438518
XEQT.TO,2025-08-26,37.72956466674805,37.830474853515625,37.658931732177734,37.830474853515625,37.18829345703125,394715
XEQT.TO,2025-08-27,37.800201416015625,37.8405647277832,37.73461151123047,37.769927978515625,37.128780364990234,383220
XEQT.TO,2025-08-28,37.830474853515625,37.8405647277832,37.70938491821289,37.8102912902832,37.168453216552734,285408
XEQT.TO,2025-08-29,37.78002166748047,37.78002166748047,37.54793167114258,37.63874816894531,36.999820709228516,407995
XEQT.TO,2025-09-02,37.426841735839844,37.568111419677734,37.29566192626953,37.568111419677734,36.930381774902344,627997
XEQT.TO,2025-09-03,37.648841857910156,37.72956466674805,37.583248138427734,37.71947479248047,37.07917785644531,315039
XEQT.TO,2025-09-04,37.8102912902832,38.042381286621094,37.75983810424805,38.032291412353516,37.386688232421875,312561
XEQT.TO,2025-09-05,38.19374465942383,38.28456115722656,37.96165466308594,38.173561096191406,37.52556228637695,509077
XEQT.TO,2025-09-08,38.22401428222656,38.28456115722656,38.14329147338867,38.244197845458984,37.594993591308594,435545
XEQT.TO,2025-09-09,38.31483459472656,38.3753776550293,38.18365478515625,38.36528778076172,37.71403121948242,444563
XEQT.TO,2025-09-10,38.50655746459961,38.51665115356445,38.4056510925293,38.476287841796875,37.82314682006836,430193
XEQT.TO,2025-09-11,38.58728790283203,38.77901077270508,38.57719421386719,38.758827209472656,38.10089111328125,374003
XEQT.TO,2025-09-12,38.789100646972656,38.789100646972656,38.662967681884766,38.688194274902344,38.03145217895508,597771
XEQT.TO,2025-09-15,38.77901077270508,38.83955764770508,38.688194274902344,38.7386474609375,38.081050872802734,457941
XEQT.TO,2025-09-16,38.74873733520508,38.74873733520508,38.54692077636719,38.60746765136719,37.95209884643555,361021
XEQT.TO,2025-09-17,38.657920837402344,38.758827209472656,38.446014404296875,38.60746765136719,37.95209884643555,582510
XEQT.TO,2025-09-18,38.7991943359375,38.94046401977539,38.718467712402344,38.859737396240234,38.20008087158203,441986
XEQT.TO,2025-09-19,38.97073745727539,39.1019172668457,38.77901077270508,38.96064758300781,38.29928207397461,650889
XEQT.TO,2025-09-22,38.96064758300781,39.233097076416016,38.94046401977539,39.217960357666016,38.55222702026367,552284
XEQT.TO,2025-09-23,39.263370513916016,39.334007263183594,39.0716438293457,39.1019172668457,38.43815612792969,554266
XEQT.TO,2025-09-24,39.1321907043457,39.16246032714844,38.94046401977539,38.97073745727539,38.40831756591797,468248
XEQT.TO,2025-09-25,38.87991714477539,38.890010833740234,38.657920837402344,38.87991714477539,38.31881332397461,506797
XEQT.TO,2025-09-26,38.93037414550781,39.06660079956055,38.91019058227539,39.046417236328125,38.482906341552734,312264
XEQT.TO,2025-09-29,39.14228057861328,39.24319076538086,39.1019172668457,39.17759704589844,38.6121940612793,430193
XEQT.TO,2025-09-30,39.18264389038086,39.32391357421875,39.061553955078125,39.303733825683594,38.73651123046875,377472
XEQT.TO,2025-10-01,39.293643951416016,39.58627700805664,39.273460388183594,39.55600357055664,38.985137939453125,474392
XEQT.TO,2025-10-02,39.69727325439453,39.69727325439453,39.48536682128906,39.64177703857422,39.06967544555664,499266
XEQT.TO,2025-10-03,39.71745681762695,39.934410095214844,39.707366943359375,39.83854675292969,39.263607025146484,475977
XEQT.TO,2025-10-06,40.0302734375,40.050453186035156,39.878910064697266,39.949546813964844,39.37300109863281,514527
XEQT.TO,2025-10-07,39.98991012573242,39.98991012573242,39.6518669128418,39.71745681762695,39.144264221191406,608573
XEQT.TO,2025-10-08,39.80827331542969,39.92936325073242,39.72754669189453,39.92936325073242,39.353111267089844,383121
XEQT.TO,2025-10-09,39.9697265625,39.9697265625,39.71745681762695,39.83854675292969,39.263607025146484,594402
XEQT.TO,2025-10-10,39.83854675292969,39.83854675292969,38.90010070800781,38.93037414550781,38.36853790283203,1381950
XEQT.TO,2025-10-14,39.25328063964844,39.75782012939453,39.1321907043457,39.61655044555664,39.0448112487793,875945
XEQT.TO,2025-10-15,39.737640380859375,40.060546875,39.59636688232422,39.86882019042969,39.29344177246094,443473
XEQT.TO,2025-10-16,39.97981643676758,40.07063674926758,39.6064567565918,39.73259353637695,39.1591796875,659213
XEQT.TO,2025-10-17,39.57618713378906,39.707366943359375,39.445003509521484,39.62664031982422,39.05475616455078,416418
XEQT.TO,2025-10-20,39.888999938964844,40.10090637207031,39.888999938964844,40.07063674926758,39.49234390258789,327526
XEQT.TO,2025-10-21,39.95963668823242,39.95963668823242,39.75782012939453,39.76791000366211,39.19398880004883,411761
XEQT.TO,2025-10-22,39.75782012939453,39.79818344116211,39.39959716796875,39.61655044555664,39.0448112487793,485293
XEQT.TO,2025-10-23,39.68718338012695,39.92936325073242,39.68718338012695,39.848636627197266,39.27355194091797,301066
XEQT.TO,2025-10-24,40.080726623535156,40.24217987060547,40.060546875,40.11604309082031,39.53709411621094,344075
XEQT.TO,2025-10-27,40.34308624267578,40.38344955444336,40.25226974487305,40.3784065246582,39.79567337036133,368553
XEQT.TO,2025-10-28,40.45408630371094,40.45408630371094,40.27245330810547,40.322906494140625,39.74097442626953,445752
XEQT.TO,2025-10-29,40.3935432434082,40.3935432434082,39.98991012573242,40.181636810302734,39.60174560546875,640483
XEQT.TO,2025-10-30,40.16145324707031,40.25226974487305,40.0302734375,40.04036331176758,39.46250915527344,415427
XEQT.TO,2025-10-31,40.30272674560547,40.30272674560547,40.00504684448242,40.19172668457031,39.611690521240234,379949
XEQT.TO,2025-11-03,40.3632698059082,40.3632698059082,40.111000061035156,40.28254318237305,39.701194763183594,455265
XEQT.TO,2025-11-04,39.92936325073242,40.08577346801758,39.82341003417969,39.848636627197266,39.27355194091797,537023
XEQT.TO,2025-11-05,39.939453125,40.25226974487305,39.909183502197266,40.111000061035156,39.53212356567383,321084
XEQT.TO,2025-11-06,40.13117980957031,40.151363372802734,39.76791000366211,39.83854675292969,39.263607025146484,484599
XEQT.TO,2025-11-07,39.55600357055664,39.737640380859375,39.303733825683594,39.737640380859375,39.164154052734375,729376
XEQT.TO,2025-11-10,40.07063674926758,40.262359619140625,39.97981643676758,40.23208999633789,39.65147018432617,432968
XEQT.TO,2025-11-11,40.23208999633789,40.37335968017578,40.181636810302734,40.32795333862305,39.74594497680664,371625
XEQT.TO,2025-11-12,40.504539489746094,40.57517623901367,40.44399642944336,40.51463317871094,39.929931640625,385796
XEQT.TO,2025-11-13,40.43390655517578,40.464176177978516,39.909183502197266,39.97981643676758,39.402835845947266,485986
XEQT.TO,2025-11-14,39.62664031982422,40.111000061035156,39.465187072753906,39.9697265625,39.39289093017578,587168
XEQT.TO,2025-11-17,39.848636627197266,39.98991012573242,39.445003509521484,39.6064567565918,39.03486633300781,751773
XEQT.TO,2025-11-18,39.32391357421875,39.404640197753906,39.01110076904297,39.202823638916016,38.637054443359375,803404
XEQT.TO,2025-11-19,39.303733825683594,39.55600357055664,39.24319076538086,39.45509719848633,38.88568878173828,536825
XEQT.TO,2025-11-20,39.85873031616211,40.0,38.95055389404297,38.97578048706055,38.41328811645508,897351
XEQT.TO,2025-11-21,39.15237045288086,39.58627700805664,38.99091720581055,39.34409713745117,38.77629089355469,699151
XEQT.TO,2025-11-24,39.505550384521484,39.88395690917969,39.45509719848633,39.86882019042969,39.29344177246094,637213
XEQT.TO,2025-11-25,39.939453125,40.28254318237305,39.77800369262695,40.262359619140625,39.68130111694336,418400
XEQT.TO,2025-11-26,40.3632698059082,40.54490280151367,40.3632698059082,40.47426986694336,39.89015197753906,431184
XEQT.TO,2025-11-27,40.565086364746094,40.79212951660156,40.524723052978516,40.766902923583984,40.178565979003906,331688
XEQT.TO,2025-11-28,40.565086364746094,40.706356048583984,40.3632698059082,40.706356048583984,40.118892669677734,482221
XEQT.TO,2025-12-01,40.3632698059082,40.51463317871094,40.30272674560547,40.34308624267578,39.7608642578125,555356
XEQT.TO,2025-12-02,40.48435974121094,40.51463317871094,40.25731658935547,40.38344955444336,39.80064392089844,421373
XEQT.TO,2025-12-03,40.3329963684082,40.494449615478516,40.31281661987305,40.48435974121094,39.90009689331055,295516
XEQT.TO,2025-12-04,40.58526611328125,40.66094970703125,40.524723052978516,40.64581298828125,40.05921936035156,253597
XEQT.TO,2025-12-05,40.60544967651367,40.65590286254883,40.3329963684082,40.3632698059082,39.780757904052734,432472
XEQT.TO,2025-12-08,40.3632698059082,40.38344955444336,40.23208999633789,40.30272674560547,39.72108459472656,445256
XEQT.TO,2025-12-09,40.28254318237305,40.3935432434082,40.24217987060547,40.28254318237305,39.701194763183594,323264
XEQT.TO,2025-12-10,40.292633056640625,40.54490280151367,40.23208999633789,40.494449615478516,39.910037994384766,435743
XEQT.TO,2025-12-11,40.3632698059082,40.64581298828125,40.3329963684082,40.58526611328125,39.99954605102539,383319
XEQT.TO,2025-12-12,40.60544967651367,40.635719299316406,40.16145324707031,40.292633056640625,39.71113586425781,584987
XEQT.TO,2025-12-15,40.534812927246094,40.58526611328125,40.24217987060547,40.30272674560547,39.72108459472656,541780
XEQT.TO,2025-12-16,40.16145324707031,40.21190643310547,39.92936325073242,40.07063674926758,39.49234390258789,568834
XEQT.TO,2025-12-17,40.23208999633789,40.24217987060547,39.83854675292969,39.83854675292969,39.263607025146484,400067
XEQT.TO,2025-12-18,40.17154312133789,40.31281661987305,40.050453186035156,40.13117980957031,39.55200958251953,314444
XEQT.TO,2025-12-19,40.262359619140625,40.554996490478516,40.23208999633789,40.494449615478516,39.910037994384766,377274
XEQT.TO,2025-12-22,40.61553955078125,40.65590286254883,40.524723052978516,40.65590286254883,40.06916427612305,517302
XEQT.TO,2025-12-23,40.62562942504883,40.696266174316406,40.58526611328125,40.67608642578125,40.08905792236328,363598
XEQT.TO,2025-12-24,40.68617630004883,40.74671936035156,40.60544967651367,40.68617630004883,40.099002838134766,231002
XEQT.TO,2025-12-29,40.61553955078125,40.65590286254883,40.51463317871094,40.62562942504883,40.03932571411133,656438
XEQT.TO,2025-12-30,40.150001525878906,40.16999816894531,40.04999923706055,40.04999923706055,39.67219543457031,536900
XEQT.TO,2025-12-31,40.099998474121094,40.13999938964844,39.869998931884766,39.88999938964844,39.513702392578125,630800
XEQT.TO,2026-01-02,40.150001525878906,40.380001068115234,39.970001220703125,40.15999984741211,39.78115463256836,1036600
XEQT.TO,2026-01-05,40.38999938964844,40.63999938964844,40.38999938964844,40.59000015258789,40.20709991455078,915700
XEQT.TO,2026-01-06,40.65999984741211,40.93000030517578,40.65999984741211,40.90999984741211,40.52408218383789,793400
XEQT.TO,2026-01-07,40.91999816894531,41.0,40.720001220703125,40.83000183105469,40.44483947753906,804000
XEQT.TO,2026-01-08,40.810001373291016,40.939998626708984,40.7400016784668,40.93000030517578,40.54389572143555,653200
XEQT.TO,2026-01-09,41.119998931884766,41.369998931884766,41.099998474121094,41.34000015258789,40.95002746582031,519900
XEQT.TO,2026-01-12,41.2599983215332,41.47999954223633,41.2400016784668,41.470001220703125,41.078800201416016,713200
XEQT.TO,2026-01-13,41.529998779296875,41.54999923706055,41.29999923706055,41.380001068115234,40.98965072631836,774800
XEQT.TO,2026-01-14,41.34000015258789,41.400001525878906,41.15999984741211,41.36000061035156,40.9698371887207,659800
XEQT.TO,2026-01-15,41.529998779296875,41.63999938964844,41.459999084472656,41.4900016784668,41.09861373901367,505800
XEQT.TO,2026-01-16,41.59000015258789,41.63999938964844,41.41999816894531,41.560001373291016,41.16794967651367,639200
XEQT.TO,2026-01-19,41.29999923706055,41.58000183105469,41.220001220703125,41.5,41.108516693115234,955300
XEQT.TO,2026-01-20,41.18000030517578,41.209999084472656,40.720001220703125,40.7599983215332,40.37549591064453,1435800
XEQT.TO,2026-01-21,40.88999938964844,41.290000915527344,40.75,41.13999938964844,40.75191116333008,753500
XEQT.TO,2026-01-22,41.349998474121094,41.470001220703125,41.209999084472656,41.22999954223633,40.841064453125,457400
XEQT.TO,2026-01-23,41.22999954223633,41.349998474121094,41.04999923706055,41.150001525878906,40.761817932128906,431900
XEQT.TO,2026-01-26,41.25,41.439998626708984,41.25,41.310001373291016,40.920310974121094,566800
XEQT.TO,2026-01-27,41.400001525878906,41.400001525878906,41.220001220703125,41.290000915527344,40.90049743652344,543100
XEQT.TO,2026-01-28,41.33000183105469,41.33000183105469,41.09000015258789,41.16999816894531,40.7816276550293,562800
XEQT.TO,2026-01-29,41.209999084472656,41.279998779296875,40.63999938964844,40.970001220703125,40.583518981933594,931100
XEQT.TO,2026-01-30,40.90999984741211,40.91999816894531,40.41999816894531,40.650001525878906,40.266536712646484,855600
XEQT.TO,2026-02-02,40.65999984741211,41.209999084472656,40.65999984741211,41.029998779296875,40.642948150634766,772600
XEQT.TO,2026-02-03,41.20000076293945,41.33000183105469,40.599998474121094,40.900001525878906,40.51417541503906,757900
XEQT.TO,2026-02-04,41.02000045776367,41.15999984741211,40.709999084472656,40.92499923706055,40.538936614990234,709900
XEQT.TO,2026-02-05,40.63999938964844,40.9900016784668,40.380001068115234,40.45000076293945,40.068424224853516,1093000
XEQT.TO,2026-02-06,40.70000076293945,41.19499969482422,40.689998626708984,41.15999984741211,40.77172088623047,728000
XEQT.TO,2026-02-09,41.099998474121094,41.43000030517578,41.02000045776367,41.400001525878906,41.00946044921875,667300
XEQT.TO,2026-02-10,41.5,41.560001373291016,41.380001068115234,41.45500183105469,41.06394577026367,649000
XEQT.TO,2026-02-11,41.83000183105469,41.95000076293945,41.400001525878906,41.58000183105469,41.18776321411133,666500
XEQT.TO,2026-02-12,41.72999954223633,41.72999954223633,40.97999954223633,41.02000045776367,40.6330451965332,956500
XEQT.TO,2026-02-13,41.08000183105469,41.36000061035156,40.849998474121094,41.27000045776367,40.88068771362305,817200
XEQT.TO,2026-02-17,41.29999923706055,41.380001068115234,40.959999084472656,41.279998779296875,40.89059066772461,984300
XEQT.TO,2026-02-18,41.5,41.79999923706055,41.439998626708984,41.66999816894531,41.27690887451172,597300
XEQT.TO,2026-02-19,41.650001525878906,41.709999084472656,41.474998474121094,41.66999816894531,41.27690887451172,651000
XEQT.TO,2026-02-20,41.65999984741211,41.9900016784668,41.63999938964844,41.9900016784668,41.593894958496094,905900
XEQT.TO,2026-02-23,41.95000076293945,42.119998931884766,41.56999969482422,41.7400016784668,41.346256256103516,1086400
XEQT.TO,2026-02-24,41.810001373291016,42.029998779296875,41.66999816894531,42.0,41.60380172729492,684000
XEQT.TO,2026-02-25,42.20000076293945,42.31999969482422,42.09000015258789,42.27000045776367,41.871253967285156,606500
XEQT.TO,2026-02-26,42.33000183105469,42.36000061035156,42.0099983215332,42.29999923706055,41.90096664428711,740100
XEQT.TO,2026-02-27,42.060001373291016,42.2599983215332,41.89500045776367,42.040000915527344,41.6434211730957,1174000
XEQT.TO,2026-03-02,41.689998626708984,42.040000915527344,41.56999969482422,41.959999084472656,41.564178466796875,1262500
XEQT.TO,2026-03-03,41.33000183105469,42.150001525878906,40.44499969482422,41.11000061035156,40.72219467163086,2073200
XEQT.TO,2026-03-04,41.29999923706055,41.470001220703125,41.13999938964844,41.375,40.98469543457031,668700
XEQT.TO,2026-03-05,41.18000030517578,41.220001220703125,40.65999984741211,40.939998626708984,40.55379867553711,1109500
XEQT.TO,2026-03-06,40.439998626708984,40.900001525878906,40.130001068115234,40.2400016784668,39.86040496826172,1448300
XEQT.TO,2026-03-09,39.79999923706055,40.61000061035156,39.45000076293945,40.5,40.117950439453125,1651800
XEQT.TO,2026-03-10,40.599998474121094,40.970001220703125,40.415000915527344,40.540000915527344,40.157569885253906,743800
XEQT.TO,2026-03-11,40.529998779296875,40.599998474121094,40.279998779296875,40.459999084472656,40.07832717895508,528600
XEQT.TO,2026-03-12,40.220001220703125,40.22999954223633,39.95000076293945,39.970001220703125,39.592952728271484,776500
XEQT.TO,2026-03-13,40.33000183105469,40.40999984741211,39.79999923706055,39.85499954223633,39.479034423828125,736500
XEQT.TO,2026-03-16,40.060001373291016,40.36000061035156,40.040000915527344,40.26499938964844,39.88516616821289,511300
XEQT.TO,2026-03-17,40.560001373291016,40.650001525878906,40.400001525878906,40.439998626708984,40.05851745605469,441000
XEQT.TO,2026-03-18,40.29999923706055,40.310001373291016,39.834999084472656,39.834999084472656,39.45922088623047,753600
XEQT.TO,2026-03-19,39.40999984741211,39.77000045776367,39.25,39.68000030517578,39.305686950683594,1135800
XEQT.TO,2026-03-20,39.560001373291016,39.560001373291016,38.619998931884766,38.810001373291016,38.44389343261719,1452100
XEQT.TO,2026-03-23,39.33000183105469,39.83000183105469,39.22999954223633,39.5099983215332,39.13728713989258,1015800
XEQT.TO,2026-03-24,39.22999954223633,39.66999816894531,39.130001068115234,39.45000076293945,39.077857971191406,663600
XEQT.TO,2026-03-25,40.0099983215332,40.119998931884766,39.77000045776367,40.0,39.62266540527344,570200
XEQT.TO,2026-03-26,39.63999938964844,39.86000061035156,39.2599983215332,39.27000045776367,38.988250732421875,602700
XEQT.TO,2026-03-27,39.189998626708984,39.29999923706055,38.869998931884766,38.959999084472656,38.68047332763672,873600
XEQT.TO,2026-03-30,39.40999984741211,39.40999984741211,38.810001373291016,38.970001220703125,38.69040298461914,728600
XEQT.TO,2026-03-31,39.36000061035156,40.130001068115234,39.36000061035156,40.060001373291016,39.7725830078125,743400
XEQT.TO,2026-04-01,40.400001525878906,40.599998474121094,40.310001373291016,40.400001525878906,40.110145568847656,878800
XEQT.TO,2026-04-02,39.83000183105469,40.56999969482422,39.790000915527344,40.45000076293945,40.159786224365234,806700
XEQT.TO,2026-04-06,40.439998626708984,40.650001525878906,40.439998626708984,40.63999938964844,40.348419189453125,792200
XEQT.TO,2026-04-07,40.540000915527344,40.599998474121094,40.16999816894531,40.59000015258789,40.29877853393555,839800
XEQT.TO,2026-04-08,41.779998779296875,41.779998779296875,41.369998931884766,41.54999923706055,41.25189208984375,969900
XEQT.TO,2026-04-09,41.41999816894531,41.63999938964844,41.2599983215332,41.540000915527344,41.241966247558594,522400
XEQT.TO,2026-04-10,41.650001525878906,41.77000045776367,41.58000183105469,41.709999084472656,41.410743713378906,525800
XEQT.TO,2026-04-13,41.5099983215332,41.900001525878906,41.439998626708984,41.900001525878906,41.59938430786133,704100
XEQT.TO,2026-04-14,42.0099983215332,42.29999923706055,41.91999816894531,42.279998779296875,41.976654052734375,619000
XEQT.TO,2026-04-15,42.29999923706055,42.31999969482422,42.150001525878906,42.310001373291016,42.006439208984375,670800
XEQT.TO,2026-04-16,42.400001525878906,42.41999816894531,42.15999984741211,42.244998931884766,41.9419059753418,555300
XEQT.TO,2026-04-17,42.5,42.84000015258789,42.41999816894531,42.7400016784668,42.43335723876953,753600
XEQT.TO,2026-04-20,42.560001373291016,42.630001068115234,42.39500045776367,42.529998779296875,42.22486114501953,757400
XEQT.TO,2026-04-21,42.54999923706055,42.58000183105469,41.994998931884766,42.029998779296875,41.72844696044922,894700
XEQT.TO,2026-04-22,42.349998474121094,42.36000061035156,42.189998626708984,42.34000015258789,42.036224365234375,511500
XEQT.TO,2026-04-23,42.27000045776367,42.38999938964844,41.84000015258789,42.189998626708984,41.887298583984375,799300
XEQT.TO,2026-04-24,42.33000183105469,42.400001525878906,42.16999816894531,42.33000183105469,42.02629852294922,617000
XEQT.TO,2026-04-27,42.209999084472656,42.2599983215332,42.11000061035156,42.2400016784668,41.93694305419922,663700
XEQT.TO,2026-04-28,42.11000061035156,42.22999954223633,41.97999954223633,42.099998474121094,41.797943115234375,649800
XEQT.TO,2026-04-29,42.09000015258789,42.09000015258789,41.7599983215332,41.869998931884766,41.56959533691406,717600
XEQT.TO,2026-04-30,42.16999816894531,42.400001525878906,42.02000045776367,42.380001068115234,42.0759391784668,489300
XEQT.TO,2026-05-01,42.41999816894531,42.56999969482422,42.33000183105469,42.404998779296875,42.10075759887695,734700
XEQT.TO,2026-05-04,42.470001220703125,42.47999954223633,42.08000183105469,42.16999816894531,41.8674430847168,961300
XEQT.TO,2026-05-05,42.43000030517578,42.54999923706055,42.369998931884766,42.5,42.19507598876953,572600
XEQT.TO,2026-05-06,42.939998626708984,43.290000915527344,42.939998626708984,43.2599983215332,42.949623107910156,1042300
XEQT.TO,2026-05-07,43.380001068115234,43.380001068115234,42.84000015258789,42.970001220703125,42.661705017089844,923700
XEQT.TO,2026-05-08,43.31999969482422,43.43000030517578,43.31999969482422,43.380001068115234,43.068763732910156,572200
XEQT.TO,2026-05-11,43.380001068115234,43.5099983215332,43.380001068115234,43.43000030517578,43.118404388427734,759300
XEQT.TO,2026-05-12,43.36000061035156,43.400001525878906,43.029998779296875,43.369998931884766,43.058834075927734,736400
XEQT.TO,2026-05-13,43.43000030517578,43.564998626708984,43.25,43.5099983215332,43.19783020019531,582400
XEQT.TO,2026-05-14,43.599998474121094,43.849998474121094,43.560001373291016,43.7599983215332,43.4460334777832,609600
XEQT.TO,2026-05-15,43.380001068115234,43.380001068115234,43.130001068115234,43.185001373291016,42.87516403198242,1275200
XEQT.TO,2026-05-19,43.2400016784668,43.25,42.90999984741211,42.970001220703125,42.661705017089844,1158300
XEQT.TO,2026-05-20,43.08000183105469,43.560001373291016,43.08000183105469,43.529998779296875,43.21768569946289,710200
XEQT.TO,2026-05-21,43.45000076293945,43.93000030517578,43.380001068115234,43.81999969482422,43.5056037902832,800800
XEQT.TO,2026-05-22,44.0,44.13999938964844,43.90999984741211,43.97999954223633,43.664459228515625,864100
XEQT.TO,2026-05-25,44.41999816894531,45.0,44.31999969482422,44.7599983215332,44.43886184692383,1300800
XEQT.TO,2026-05-26,44.56999969482422,44.56999969482422,44.27000045776367,44.369998931884766,44.051658630371094,848600
XEQT.TO,2026-05-27,44.41999816894531,44.439998626708984,44.27000045776367,44.31999969482422,44.002017974853516,708500
XEQT.TO,2026-05-28,44.29999923706055,44.45000076293945,44.150001525878906,44.36000061035156,44.04173278808594,760200
XEQT.TO,2026-05-29,44.5,44.59000015258789,44.400001525878906,44.494998931884766,44.17576217651367,729300
XEQT.TO,2026-06-01,44.54999923706055,44.77000045776367,44.41999816894531,44.66999816894531,44.34950637817383,1057800
XEQT.TO,2026-06-02,44.689998626708984,44.939998626708984,44.68000030517578,44.939998626708984,44.61756896972656,717700
XEQT.TO,2026-06-03,44.880001068115234,44.88999938964844,44.68000030517578,44.689998626708984,44.369361877441406,891900
XEQT.TO,2026-06-04,44.650001525878906,45.060001373291016,44.63999938964844,45.060001373291016,44.73670959472656,725700
XEQT.TO,2026-06-05,44.65999984741211,44.66999816894531,43.79999923706055,43.880001068115234,43.56517791748047,1710000
XEQT.TO,2026-06-08,44.2599983215332,44.34000015258789,44.01499938964844,44.06999969482422,43.75381088256836,1013800
XEQT.TO,2026-06-09,44.31999969482422,44.5099983215332,43.290000915527344,43.97999954223633,43.664459228515625,1236700
XEQT.TO,2026-06-10,43.66999816894531,43.97999954223633,43.39500045776367,43.415000915527344,43.103511810302734,1000900
XEQT.TO,2026-06-11,43.849998474121094,44.459999084472656,43.7400016784668,44.400001525878906,44.08144760131836,1009800
XEQT.TO,2026-06-12,44.5099983215332,44.779998779296875,44.34000015258789,44.68000030517578,44.35943603515625,859100
XEQT.TO,2026-06-15,45.310001373291016,45.369998931884766,45.220001220703125,45.279998779296875,44.95513153076172,837400
XEQT.TO,2026-06-16,45.439998626708984,45.459999084472656,45.18000030517578,45.19499969482422,44.8707389831543,777500
XEQT.TO,2026-06-17,45.36000061035156,45.55500030517578,45.0,45.06999969482422,44.74663543701172,1216300
XEQT.TO,2026-06-18,45.52000045776367,45.52000045776367,45.29999923706055,45.439998626708984,45.113983154296875,544200
XEQT.TO,2026-06-19,45.459999084472656,45.689998626708984,45.439998626708984,45.47999954223633,45.15369415283203,795400
XEQT.TO,2026-06-22,45.58000183105469,45.66999816894531,45.400001525878906,45.45500183105469,45.128875732421875,938400
XEQT.TO,2026-06-23,44.84000015258789,45.15999984741211,44.709999084472656,44.939998626708984,44.61756896972656,1092300
XEQT.TO,2026-06-24,44.9900016784668,45.15999984741211,44.75,44.880001068115234,44.55800247192383,769700
XEQT.TO,2026-06-25,44.970001220703125,44.97999954223633,44.54999923706055,44.650001525878906,44.650001525878906,908500
XEQT.TO,2026-06-26,44.400001525878906,44.79999923706055,44.310001373291016,44.54999923706055,44.54999923706055,862400
XEQT.TO,2026-06-29,44.79999923706055,44.91999816894531,44.51499938964844,44.91999816894531,44.91999816894531,848200
XEQT.TO,2026-06-30,44.959999084472656,45.20000076293945,44.93000030517578,45.099998474121094,45.099998474121094,622400
XEQT.TO,2026-07-02,45.20000076293945,45.380001068115234,44.72999954223633,45.119998931884766,45.119998931884766,1391700
XEQT.TO,2026-07-03,45.45000076293945,45.65999984741211,45.349998474121094,45.459999084472656,45.459999084472656,1355500
XEQT.TO,2026-07-06,45.5,45.59000015258789,45.38999938964844,45.54999923706055,45.54999923706055,865700
XEQT.TO,2026-07-07,45.5,45.5099983215332,45.09000015258789,45.209999084472656,45.209999084472656,922500
XEQT.TO,2026-07-08,44.869998931884766,44.900001525878906,44.5099983215332,44.849998474121094,44.849998474121094,1039484
