symbol,date,open,high,low,close,adj_close,volume
CP.TO,2001-08-23,6.190000057220459,6.190000057220459,6.099999904632568,6.130000114440918,4.544950008392334,1615000
CP.TO,2001-08-24,6.199999809265137,6.539999961853027,6.1519999504089355,6.460000038146973,4.789620876312256,6388500
CP.TO,2001-08-27,6.5,6.699999809265137,6.489999771118164,6.599999904632568,4.893420219421387,2061000
CP.TO,2001-08-28,6.599999904632568,6.599999904632568,6.380000114440918,6.420000076293945,4.759963035583496,4062500
CP.TO,2001-08-29,6.449999809265137,6.5,6.159999847412109,6.191999912261963,4.590919017791748,508500
CP.TO,2001-08-30,6.265999794006348,6.265999794006348,5.960000038146973,5.961999893188477,4.420389175415039,487500
CP.TO,2001-08-31,6.099999904632568,6.199999809265137,5.809999942779541,5.820000171661377,4.315107822418213,600500
CP.TO,2001-09-04,5.800000190734863,5.900000095367432,5.650000095367432,5.650000095367432,4.18906307220459,1737500
CP.TO,2001-09-05,5.880000114440918,5.880000114440918,5.400000095367432,5.460000038146973,4.048191547393799,931000
CP.TO,2001-09-06,5.5980000495910645,5.6579999923706055,5.440000057220459,5.599999904632568,4.151993751525879,4327500
CP.TO,2001-09-07,5.78000020980835,5.78000020980835,5.579999923706055,5.599999904632568,4.151993751525879,4796500
CP.TO,2001-09-10,5.665999889373779,5.723999977111816,5.559999942779541,5.604000091552734,4.154958248138428,2750500
CP.TO,2001-09-11,5.7179999351501465,5.7179999351501465,4.800000190734863,4.860000133514404,3.6033380031585693,351000
CP.TO,2001-09-13,5.196000099182129,5.5,5.196000099182129,5.449999809265137,4.040778160095215,14244000
CP.TO,2001-09-14,5.300000190734863,5.389999866485596,5.150000095367432,5.320000171661377,3.944392681121826,3537500
CP.TO,2001-09-17,5.329999923706055,5.380000114440918,5.0,5.0,3.7071382999420166,6117000
CP.TO,2001-09-18,5.1579999923706055,5.1579999923706055,4.880000114440918,4.900000095367432,3.632993698120117,11497000
CP.TO,2001-09-19,5.0,5.0,4.800000190734863,4.829999923706055,3.581094264984131,5787000
CP.TO,2001-09-20,4.900000095367432,4.900000095367432,4.199999809265137,4.199999809265137,3.1139938831329346,10862000
CP.TO,2001-09-21,4.199999809265137,4.739999771118164,4.0,4.610000133514404,3.417982578277588,5606000
CP.TO,2001-09-24,4.599999904632568,4.8520002365112305,4.409999847412109,4.769999980926514,3.536609172821045,10656500
CP.TO,2001-09-25,4.800000190734863,4.800000190734863,4.429999828338623,4.599999904632568,3.4105658531188965,9185000
CP.TO,2001-09-26,4.639999866485596,4.650000095367432,4.3460001945495605,4.400000095367432,3.262279987335205,3638500
CP.TO,2001-09-27,4.599999904632568,4.599999904632568,4.429999828338623,4.519999980926514,3.3512508869171143,22674000
CP.TO,2001-09-28,4.697999954223633,4.960000038146973,4.533999919891357,4.900000095367432,3.632993698120117,9235500
CP.TO,2001-10-01,4.8979997634887695,4.8979997634887695,4.5980000495910645,4.6479997634887695,3.4461541175842285,1408000
CP.TO,2001-10-02,4.650000095367432,4.650000095367432,4.400000095367432,4.501999855041504,3.337905168533325,9588500
CP.TO,2001-10-03,4.550000190734863,4.889999866485596,4.5,4.855999946594238,3.6003682613372803,11309500
CP.TO,2001-10-04,5.0,5.159999847412109,4.860000133514404,5.139999866485596,3.810936450958252,7158000
CP.TO,2001-10-05,5.199999809265137,5.199999809265137,4.960000038146973,5.070000171661377,3.7590363025665283,9409500
CP.TO,2001-10-09,5.150000095367432,5.300000190734863,5.072000026702881,5.260000228881836,3.8999083042144775,9500000
CP.TO,2001-10-10,5.449999809265137,5.47599983215332,5.329999923706055,5.46999979019165,4.055608749389648,7244500
CP.TO,2001-10-11,5.670000076293945,5.699999809265137,5.489999771118164,5.570000171661377,4.129748821258545,4553500
CP.TO,2001-10-12,5.5,5.570000171661377,5.381999969482422,5.544000148773193,4.110472679138184,2847000
CP.TO,2001-10-15,5.303999900817871,5.538000106811523,5.303999900817871,5.489999771118164,4.070437431335449,4230000
CP.TO,2001-10-16,5.539999961853027,5.659999847412109,5.460000038146973,5.539999961853027,4.107507705688477,2934500
CP.TO,2001-10-17,5.639999866485596,5.639999866485596,5.159999847412109,5.159999847412109,3.8257644176483154,3573500
CP.TO,2001-10-18,5.300000190734863,5.5,5.230000019073486,5.473999977111816,4.05857515335083,2927000
CP.TO,2001-10-19,5.420000076293945,5.579999923706055,5.340000152587891,5.395999908447266,4.000741958618164,1760000
CP.TO,2001-10-22,5.489999771118164,5.489999771118164,5.300000190734863,5.389999866485596,3.996291399002075,3626500
CP.TO,2001-10-23,5.480000019073486,5.619999885559082,5.360000133514404,5.400000095367432,4.0037078857421875,8340500
CP.TO,2001-10-24,5.49399995803833,5.49399995803833,5.159999847412109,5.179999828338623,3.8405916690826416,3413000
CP.TO,2001-10-25,5.150000095367432,5.179999828338623,5.099999904632568,5.119999885559082,3.7961087226867676,5758500
CP.TO,2001-10-26,5.159999847412109,5.239999771118164,5.139999866485596,5.164000034332275,3.828731060028076,5165000
CP.TO,2001-10-29,5.193999767303467,5.193999767303467,5.050000190734863,5.050000190734863,3.7442073822021484,3412000
CP.TO,2001-10-30,5.070000171661377,5.297999858856201,4.96999979019165,5.239999771118164,3.885077476501465,5482000
CP.TO,2001-10-31,5.23799991607666,5.389999866485596,5.199999809265137,5.349999904632568,3.966639280319214,1921000
CP.TO,2001-11-01,5.420000076293945,5.519999980926514,5.349999904632568,5.5,4.077849388122559,3676000
CP.TO,2001-11-02,5.510000228881836,5.788000106811523,5.46999979019165,5.739999771118164,4.255789756774902,2326500
CP.TO,2001-11-05,5.702000141143799,5.776000022888184,5.559999942779541,5.679999828338623,4.211308002471924,4559500
CP.TO,2001-11-06,5.650000095367432,5.854000091552734,5.611999988555908,5.823999881744385,4.318071365356445,4542000
CP.TO,2001-11-07,5.857999801635742,5.857999801635742,5.650000095367432,5.730000019073486,4.248376369476318,3751500
CP.TO,2001-11-08,5.800000190734863,5.800000190734863,5.519999980926514,5.579999923706055,4.1371636390686035,4588000
CP.TO,2001-11-09,5.539999961853027,5.622000217437744,5.519999980926514,5.5960001945495605,4.1490278244018555,1922000
CP.TO,2001-11-12,5.599999904632568,5.599999904632568,5.443999767303467,5.559999942779541,4.12233829498291,2289000
CP.TO,2001-11-13,5.624000072479248,5.71999979019165,5.610000133514404,5.6539998054504395,4.1920294761657715,2931500
CP.TO,2001-11-14,5.6539998054504395,5.800000190734863,5.6539998054504395,5.714000225067139,4.236515998840332,4480000
CP.TO,2001-11-15,5.714000225067139,5.949999809265137,5.671999931335449,5.900000095367432,4.374420642852783,4618000
CP.TO,2001-11-16,5.949999809265137,6.211999893188477,5.949999809265137,6.1519999504089355,4.561262130737305,7199000
CP.TO,2001-11-19,6.159999847412109,6.441999912261963,6.1519999504089355,6.440000057220459,4.77479362487793,5428500
CP.TO,2001-11-20,6.480000019073486,6.480000019073486,6.208000183105469,6.239999771118164,4.626506328582764,7244500
CP.TO,2001-11-21,6.239999771118164,6.388000011444092,6.099999904632568,6.197999954223633,4.595367431640625,2071000
CP.TO,2001-11-22,6.21999979019165,6.300000190734863,6.21999979019165,6.297999858856201,4.669509410858154,674500
CP.TO,2001-11-23,6.300000190734863,6.380000114440918,6.25,6.340000152587891,4.700650691986084,882500
CP.TO,2001-11-26,6.400000095367432,6.400000095367432,6.2820000648498535,6.380000114440918,4.730306625366211,3017500
CP.TO,2001-11-27,6.380000114440918,6.440000057220459,6.300000190734863,6.369999885559082,4.722890853881836,4998500
CP.TO,2001-11-28,6.368000030517578,6.389999866485596,6.25600004196167,6.331999778747559,4.694718837738037,3979000
CP.TO,2001-11-29,6.303999900817871,6.400000095367432,6.25,6.25,4.633920192718506,902000
CP.TO,2001-11-30,6.300000190734863,6.300000190734863,6.010000228881836,6.099999904632568,4.522706985473633,4388500
CP.TO,2001-12-03,6.099999904632568,6.119999885559082,5.966000080108643,6.099999904632568,4.522706985473633,1088000
CP.TO,2001-12-04,6.190000057220459,6.190000057220459,6.059999942779541,6.118000030517578,4.536052703857422,1276500
CP.TO,2001-12-05,6.170000076293945,6.300000190734863,6.119999885559082,6.269999980926514,4.648747444152832,2965000
CP.TO,2001-12-06,6.300000190734863,6.363999843597412,6.269999980926514,6.309999942779541,4.678407192230225,2073500
CP.TO,2001-12-07,6.360000133514404,6.420000076293945,6.309999942779541,6.409999847412109,4.7525506019592285,1804000
CP.TO,2001-12-10,6.369999885559082,6.46999979019165,6.366000175476074,6.383999824523926,4.733270645141602,1863500
CP.TO,2001-12-11,6.369999885559082,6.415999889373779,6.170000076293945,6.242000102996826,4.627987861633301,1734500
CP.TO,2001-12-12,6.289999961853027,6.3480000495910645,6.139999866485596,6.309999942779541,4.678407192230225,2101000
CP.TO,2001-12-13,6.349999904632568,6.349999904632568,6.260000228881836,6.260000228881836,4.641336441040039,1142500
CP.TO,2001-12-14,6.230000019073486,6.309999942779541,6.230000019073486,6.2820000648498535,4.657644271850586,2065500
CP.TO,2001-12-17,6.380000114440918,6.380000114440918,6.239999771118164,6.269999980926514,4.648747444152832,2024000
CP.TO,2001-12-18,6.230000019073486,6.329999923706055,6.223999977111816,6.329999923706055,4.693234920501709,3490500
CP.TO,2001-12-19,6.25,6.309999942779541,6.138000011444092,6.1539998054504395,4.562744617462158,2553500
CP.TO,2001-12-20,6.139999866485596,6.159999847412109,6.03000020980835,6.070000171661377,4.500463962554932,3694500
CP.TO,2001-12-21,6.179999828338623,6.265999794006348,6.03000020980835,6.139999866485596,4.571643829345703,5286000
CP.TO,2001-12-24,6.090000152587891,6.340000152587891,6.079999923706055,6.340000152587891,4.720559597015381,1313500
CP.TO,2001-12-27,6.360000133514404,6.590000152587891,6.25,6.409999847412109,4.772678852081299,1340000
CP.TO,2001-12-28,6.440000057220459,6.53000020980835,6.415999889373779,6.46999979019165,4.817351818084717,651000
CP.TO,2001-12-31,6.507999897003174,6.507999897003174,6.420000076293945,6.420000076293945,4.780123710632324,763500
CP.TO,2002-01-02,6.409999847412109,6.453999996185303,6.349999904632568,6.400000095367432,4.765232086181641,803500
CP.TO,2002-01-03,6.400000095367432,6.630000114440918,6.400000095367432,6.610000133514404,4.921591758728027,2102000
CP.TO,2002-01-04,6.699999809265137,6.699999809265137,6.53000020980835,6.599999904632568,4.914146423339844,2029500
CP.TO,2002-01-07,6.650000095367432,6.650000095367432,6.4120001792907715,6.570000171661377,4.891809463500977,2842000
CP.TO,2002-01-08,6.53000020980835,6.53000020980835,6.4120001792907715,6.434000015258789,4.790548801422119,1234000
CP.TO,2002-01-09,6.400000095367432,6.480000019073486,6.329999923706055,6.400000095367432,4.765232086181641,2922500
CP.TO,2002-01-10,6.361999988555908,6.400000095367432,6.309999942779541,6.349999904632568,4.728003978729248,1868000
CP.TO,2002-01-11,6.400000095367432,6.400000095367432,6.26200008392334,6.28000020980835,4.67588472366333,1034500
CP.TO,2002-01-14,6.26200008392334,6.309999942779541,6.210000038146973,6.239999771118164,4.646100997924805,1200000
CP.TO,2002-01-15,6.23799991607666,6.25,6.159999847412109,6.25,4.653546333312988,1464000
CP.TO,2002-01-16,6.150000095367432,6.21999979019165,6.110000133514404,6.177999973297119,4.599937915802002,943500
CP.TO,2002-01-17,6.21999979019165,6.25,6.170000076293945,6.23199987411499,4.6401448249816895,3706000
CP.TO,2002-01-18,6.1519999504089355,6.188000202178955,6.070000171661377,6.099999904632568,4.541861057281494,2298000
CP.TO,2002-01-21,6.099999904632568,6.118000030517578,6.010000228881836,6.021999835968018,4.483786106109619,714500
CP.TO,2002-01-22,6.099999904632568,6.216000080108643,6.03000020980835,6.190000057220459,4.6088738441467285,2457500
CP.TO,2002-01-23,6.214000225067139,6.400000095367432,6.214000225067139,6.328000068664551,4.7116217613220215,3273000
CP.TO,2002-01-24,6.389999866485596,6.440000057220459,6.2820000648498535,6.315999984741211,4.702688694000244,1844000
CP.TO,2002-01-25,6.199999809265137,6.369999885559082,6.199999809265137,6.311999797821045,4.699708938598633,1724000
CP.TO,2002-01-28,6.388000011444092,6.418000221252441,6.294000148773193,6.4039998054504395,4.768208026885986,2161500
CP.TO,2002-01-29,6.409999847412109,6.5,6.26800012588501,6.3460001945495605,4.725024700164795,5299000
CP.TO,2002-01-30,6.349999904632568,6.349999904632568,6.190000057220459,6.21999979019165,4.6312103271484375,4656500
CP.TO,2002-01-31,6.21999979019165,6.2779998779296875,6.179999828338623,6.205999851226807,4.620786190032959,2814500
CP.TO,2002-02-01,6.170000076293945,6.234000205993652,6.139999866485596,6.1519999504089355,4.580580711364746,2665000
CP.TO,2002-02-04,6.199999809265137,6.199999809265137,6.1020002365112305,6.127999782562256,4.562709808349609,2055500
CP.TO,2002-02-05,6.159999847412109,6.199999809265137,6.079999923706055,6.110000133514404,4.549308776855469,3454500
CP.TO,2002-02-06,6.099999904632568,6.159999847412109,6.084000110626221,6.130000114440918,4.564199447631836,1428000
CP.TO,2002-02-07,6.159999847412109,6.170000076293945,6.059999942779541,6.059999942779541,4.512077331542969,1916000
CP.TO,2002-02-08,6.139999866485596,6.139999866485596,5.96999979019165,6.010000228881836,4.474851608276367,3133000
CP.TO,2002-02-11,6.050000190734863,6.070000171661377,5.989999771118164,6.059999942779541,4.512077331542969,4571000
CP.TO,2002-02-12,6.050000190734863,6.050000190734863,5.989999771118164,6.0,4.467406749725342,5773000
CP.TO,2002-02-13,6.050000190734863,6.050000190734863,5.964000225067139,6.010000228881836,4.474851608276367,3303500
CP.TO,2002-02-14,6.050000190734863,6.090000152587891,6.0,6.019999980926514,4.482296466827393,2830500
CP.TO,2002-02-15,6.026000022888184,6.070000171661377,5.960000038146973,6.041999816894531,4.49867582321167,1025500
CP.TO,2002-02-18,6.085999965667725,6.130000114440918,6.039999961853027,6.099999904632568,4.541861057281494,640500
CP.TO,2002-02-19,6.079999923706055,6.119999885559082,6.039999961853027,6.064000129699707,4.515055179595947,1920000
CP.TO,2002-02-20,6.099999904632568,6.119999885559082,6.050000190734863,6.079999923706055,4.526969909667969,3497500
CP.TO,2002-02-21,6.079999923706055,6.234000205993652,6.059999942779541,6.171999931335449,4.595468521118164,2613000
CP.TO,2002-02-22,6.239999771118164,6.257999897003174,6.179999828338623,6.245999813079834,4.650567531585693,2500000
CP.TO,2002-02-25,6.25,6.360000133514404,6.25,6.357999801635742,4.733958721160889,3672500
CP.TO,2002-02-26,6.380000114440918,6.420000076293945,6.309999942779541,6.383999824523926,4.7533183097839355,2601500
CP.TO,2002-02-27,6.4039998054504395,6.438000202178955,6.3520002365112305,6.389999866485596,4.757785797119141,4593500
CP.TO,2002-02-28,6.400000095367432,6.48799991607666,6.369999885559082,6.429999828338623,4.787569046020508,4000500
CP.TO,2002-03-01,6.4679999351501465,6.495999813079834,6.420000076293945,6.46999979019165,4.817351818084717,3671000
CP.TO,2002-03-04,6.480000019073486,6.929999828338623,6.449999809265137,6.860000133514404,5.10773229598999,7233000
CP.TO,2002-03-05,6.860000133514404,7.035999774932861,6.789999961853027,6.874000072479248,5.118156433105469,8617000
CP.TO,2002-03-06,6.909999847412109,6.980000019073486,6.880000114440918,6.980000019073486,5.197081089019775,1716000
CP.TO,2002-03-07,7.010000228881836,7.110000133514404,6.952000141143799,7.064000129699707,5.2596235275268555,4616500
CP.TO,2002-03-08,7.199999809265137,7.199999809265137,6.840000152587891,6.860000133514404,5.10773229598999,5164000
CP.TO,2002-03-11,6.900000095367432,6.929999828338623,6.71999979019165,6.7820000648498535,5.049656867980957,2943500
CP.TO,2002-03-12,6.78000020980835,6.826000213623047,6.710000038146973,6.789999961853027,5.055611610412598,3746500
CP.TO,2002-03-13,6.771999835968018,6.840000152587891,6.739999771118164,6.809999942779541,5.070504665374756,4039000
CP.TO,2002-03-14,6.8480000495910645,6.8480000495910645,6.703999996185303,6.739999771118164,5.018383979797363,3569000
CP.TO,2002-03-15,6.757999897003174,6.760000228881836,6.699999809265137,6.699999809265137,4.988604545593262,3363000
CP.TO,2002-03-18,6.760000228881836,6.883999824523926,6.739999771118164,6.860000133514404,5.10773229598999,3122500
CP.TO,2002-03-19,6.877999782562256,7.064000129699707,6.860000133514404,6.940000057220459,5.167299270629883,1417500
CP.TO,2002-03-20,6.938000202178955,6.938000202178955,6.789999961853027,6.889999866485596,5.130069732666016,2739000
CP.TO,2002-03-21,6.940000057220459,7.007999897003174,6.889999866485596,6.920000076293945,5.152406215667725,4546000
CP.TO,2002-03-22,6.938000202178955,6.938000202178955,6.849999904632568,6.889999866485596,5.130069732666016,5065000
CP.TO,2002-03-25,6.949999809265137,6.949999809265137,6.699999809265137,6.7220001220703125,5.023648262023926,2078500
CP.TO,2002-03-26,6.849999904632568,6.875999927520752,6.730000019073486,6.849999904632568,5.119305610656738,1431500
CP.TO,2002-03-27,6.868000030517578,6.960000038146973,6.868000030517578,6.960000038146973,5.201517581939697,2058000
CP.TO,2002-03-28,6.921999931335449,6.97599983215332,6.751999855041504,6.751999855041504,5.0460686683654785,2661500
CP.TO,2002-04-01,6.860000133514404,6.860000133514404,6.716000080108643,6.74399995803833,5.040090084075928,2687500
CP.TO,2002-04-02,6.74399995803833,6.74399995803833,6.585999965667725,6.624000072479248,4.950407028198242,2996500
CP.TO,2002-04-03,6.639999866485596,6.639999866485596,6.429999828338623,6.539999961853027,4.887631416320801,4536500
CP.TO,2002-04-04,6.460000038146973,6.538000106811523,6.432000160217285,6.432000160217285,4.8069167137146,3711000
CP.TO,2002-04-05,6.495999813079834,6.50600004196167,6.435999870300293,6.5,4.8577375411987305,2075500
CP.TO,2002-04-08,6.429999828338623,6.584000110626221,6.363999843597412,6.519999980926514,4.872684001922607,3538000
CP.TO,2002-04-09,6.593999862670898,6.644000053405762,6.533999919891357,6.533999919891357,4.883147239685059,2536500
CP.TO,2002-04-10,6.550000190734863,6.699999809265137,6.550000190734863,6.670000076293945,4.9847869873046875,3069500
CP.TO,2002-04-11,6.699999809265137,6.730000019073486,6.579999923706055,6.618000030517578,4.945923328399658,2802000
CP.TO,2002-04-12,6.679999828338623,6.835999965667725,6.619999885559082,6.75,5.044572353363037,1965000
CP.TO,2002-04-15,6.800000190734863,6.800000190734863,6.668000221252441,6.710000038146973,5.014678478240967,1559500
CP.TO,2002-04-16,6.7820000648498535,6.849999904632568,6.739999771118164,6.849999904632568,5.119305610656738,3057500
CP.TO,2002-04-17,6.869999885559082,6.973999977111816,6.809999942779541,6.949999809265137,5.194040298461914,2484500
CP.TO,2002-04-18,6.949999809265137,7.01800012588501,6.8520002365112305,6.861999988555908,5.128276348114014,1487000
CP.TO,2002-04-19,6.895999908447266,6.96999979019165,6.849999904632568,6.920000076293945,5.171623229980469,1778500
CP.TO,2002-04-22,6.900000095367432,6.949999809265137,6.809999942779541,6.860000133514404,5.1267805099487305,896500
CP.TO,2002-04-23,6.849999904632568,6.860000133514404,6.550000190734863,6.5960001945495605,4.92948055267334,5589500
CP.TO,2002-04-24,6.579999923706055,6.599999904632568,6.360000133514404,6.3979997634887695,4.781506538391113,4460500
CP.TO,2002-04-25,6.363999843597412,6.590000152587891,6.340000152587891,6.5,4.8577375411987305,3471500
CP.TO,2002-04-26,6.611999988555908,6.699999809265137,6.599999904632568,6.610000133514404,4.93994665145874,2273500
CP.TO,2002-04-29,6.670000076293945,6.708000183105469,6.561999797821045,6.599999904632568,4.93247127532959,4789500
CP.TO,2002-04-30,6.6579999923706055,6.6579999923706055,6.452000141143799,6.539999961853027,4.887631416320801,3818000
CP.TO,2002-05-01,6.507999897003174,6.723999977111816,6.435999870300293,6.7179999351501465,5.020658493041992,3188000
CP.TO,2002-05-02,6.75,6.849999904632568,6.699999809265137,6.803999900817871,5.084930419921875,3143500
CP.TO,2002-05-03,6.811999797821045,7.01200008392334,6.811999797821045,6.880000114440918,5.141727447509766,2033500
CP.TO,2002-05-06,6.889999866485596,6.949999809265137,6.771999835968018,6.78000020980835,5.066993236541748,1583000
CP.TO,2002-05-07,6.800000190734863,6.960000038146973,6.78000020980835,6.940000057220459,5.186569690704346,3329000
CP.TO,2002-05-08,7.0,7.139999866485596,7.0,7.099999904632568,5.306142807006836,2793000
CP.TO,2002-05-09,7.099999904632568,7.150000095367432,7.03000020980835,7.079999923706055,5.291195869445801,1542000
CP.TO,2002-05-10,7.130000114440918,7.136000156402588,7.052000045776367,7.107999801635742,5.312122821807861,1252500
CP.TO,2002-05-13,7.111999988555908,7.400000095367432,7.107999801635742,7.230000019073486,5.403298377990723,4042500
CP.TO,2002-05-14,7.349999904632568,7.349999904632568,7.199999809265137,7.24399995803833,5.413761615753174,2993500
CP.TO,2002-05-15,7.21999979019165,7.21999979019165,6.998000144958496,7.079999923706055,5.291195869445801,1304500
CP.TO,2002-05-16,7.079999923706055,7.079999923706055,6.96999979019165,7.079999923706055,5.291195869445801,2316500
CP.TO,2002-05-17,7.099999904632568,7.099999904632568,7.039999961853027,7.059999942779541,5.276251316070557,975500
CP.TO,2002-05-21,7.090000152587891,7.090000152587891,6.78000020980835,6.880000114440918,5.141727447509766,1700000
CP.TO,2002-05-22,6.877999782562256,6.929999828338623,6.75600004196167,6.900000095367432,5.156674385070801,2050500
CP.TO,2002-05-23,6.980000019073486,7.01800012588501,6.929999828338623,7.007999897003174,5.237389087677002,942500
CP.TO,2002-05-24,6.9679999351501465,7.046000003814697,6.909999847412109,6.973999977111816,5.21198034286499,1114500
CP.TO,2002-05-27,7.0279998779296875,7.050000190734863,6.980000019073486,7.050000190734863,5.268779277801514,401000
CP.TO,2002-05-28,7.02400016784668,7.0320000648498535,6.736000061035156,6.809999942779541,5.089416027069092,2508500
CP.TO,2002-05-29,6.835999965667725,6.857999801635742,6.730000019073486,6.760000228881836,5.052048206329346,1843500
CP.TO,2002-05-30,6.765999794006348,6.840000152587891,6.71999979019165,6.800000190734863,5.081940650939941,1341500
CP.TO,2002-05-31,6.820000171661377,6.949999809265137,6.802000045776367,6.949999809265137,5.194040298461914,1272500
CP.TO,2002-06-03,6.920000076293945,6.989999771118164,6.920000076293945,6.934000015258789,5.1820855140686035,1158500
CP.TO,2002-06-04,6.929999828338623,6.949999809265137,6.840000152587891,6.849999904632568,5.119305610656738,1598000
CP.TO,2002-06-05,6.929999828338623,6.99399995803833,6.78000020980835,6.9039998054504395,5.159666061401367,2483000
CP.TO,2002-06-06,6.960000038146973,6.960000038146973,6.829999923706055,6.880000114440918,5.141727447509766,1120000
CP.TO,2002-06-07,6.8979997634887695,6.958000183105469,6.800000190734863,6.949999809265137,5.194040298461914,1503500
CP.TO,2002-06-10,6.980000019073486,7.050000190734863,6.960000038146973,7.03000020980835,5.2538299560546875,1046500
CP.TO,2002-06-11,7.059999942779541,7.070000171661377,6.9039998054504395,6.9039998054504395,5.159666061401367,742500
CP.TO,2002-06-12,6.9039998054504395,6.98799991607666,6.872000217437744,6.986000061035156,5.220948696136475,1058500
CP.TO,2002-06-13,6.998000144958496,7.078000068664551,6.960000038146973,7.0,5.231410503387451,1036000
CP.TO,2002-06-14,6.96999979019165,7.007999897003174,6.900000095367432,6.909999847412109,5.164150714874268,2048500
CP.TO,2002-06-17,6.989999771118164,7.0920000076293945,6.961999893188477,7.033999919891357,5.256817817687988,2543000
CP.TO,2002-06-18,7.019999980926514,7.090000152587891,7.0,7.039999961853027,5.261302947998047,1680500
CP.TO,2002-06-19,7.059999942779541,7.090000152587891,7.00600004196167,7.019999980926514,5.24635648727417,1465000
CP.TO,2002-06-20,7.081999778747559,7.081999778747559,6.949999809265137,7.050000190734863,5.268779277801514,1411500
CP.TO,2002-06-21,7.004000186920166,7.059999942779541,6.949999809265137,6.980000019073486,5.216462135314941,1951500
CP.TO,2002-06-24,6.980000019073486,7.1579999923706055,6.927999973297119,7.119999885559082,5.3210906982421875,1458500
CP.TO,2002-06-25,7.159999847412109,7.265999794006348,7.026000022888184,7.026000022888184,5.269789218902588,2700000
CP.TO,2002-06-26,7.0,7.25,6.960000038146973,7.165999889373779,5.374793529510498,2492000
CP.TO,2002-06-27,7.239999771118164,7.380000114440918,7.199999809265137,7.377999782562256,5.533801555633545,2740000
CP.TO,2002-06-28,7.377999782562256,7.550000190734863,7.320000171661377,7.521999835968018,5.641811370849609,4431000
CP.TO,2002-07-02,7.521999835968018,7.550000190734863,7.329999923706055,7.349999904632568,5.512802600860596,3240500
CP.TO,2002-07-03,7.349999904632568,7.4679999351501465,7.28000020980835,7.446000099182129,5.584805965423584,2024000
CP.TO,2002-07-04,7.409999847412109,7.539999961853027,7.409999847412109,7.519999980926514,5.640307903289795,438000
CP.TO,2002-07-05,7.519999980926514,7.5960001945495605,7.460000038146973,7.579999923706055,5.685311317443848,560500
CP.TO,2002-07-08,7.460000038146973,7.590000152587891,7.460000038146973,7.590000152587891,5.692814826965332,1519500
CP.TO,2002-07-09,7.559999942779541,7.585999965667725,7.400000095367432,7.460000038146973,5.595308303833008,3300000
CP.TO,2002-07-10,7.495999813079834,7.5,7.28000020980835,7.300000190734863,5.47529935836792,2002000
CP.TO,2002-07-11,7.320000171661377,7.320000171661377,7.079999923706055,7.090000152587891,5.317791938781738,1986000
CP.TO,2002-07-12,7.119999885559082,7.150000095367432,6.98199987411499,7.064000129699707,5.298289775848389,2199000
CP.TO,2002-07-15,7.004000186920166,7.065999984741211,6.611999988555908,6.900000095367432,5.175281524658203,3539000
CP.TO,2002-07-16,6.877999782562256,7.099999904632568,6.659999847412109,7.099999904632568,5.325290203094482,2883500
CP.TO,2002-07-17,7.039999961853027,7.104000091552734,6.99399995803833,7.0879998207092285,5.316290378570557,3268000
CP.TO,2002-07-18,7.0879998207092285,7.0879998207092285,6.986000061035156,7.01800012588501,5.263787746429443,3227500
CP.TO,2002-07-19,6.989999771118164,6.989999771118164,6.802000045776367,6.880000114440918,5.160281181335449,2257500
CP.TO,2002-07-22,6.960000038146973,6.960000038146973,6.590000152587891,6.679999828338623,5.010272979736328,5416000
CP.TO,2002-07-23,6.630000114440918,6.776000022888184,6.46999979019165,6.46999979019165,4.852766990661621,3553000
CP.TO,2002-07-24,6.349999904632568,6.760000228881836,6.300000190734863,6.599999904632568,4.950271129608154,6370000
CP.TO,2002-07-25,6.5960001945495605,6.909999847412109,6.5279998779296875,6.754000186920166,5.06577730178833,2240500
CP.TO,2002-07-26,6.820000171661377,6.820000171661377,6.679999828338623,6.769999980926514,5.0777764320373535,1408000
CP.TO,2002-07-29,6.800000190734863,6.849999904632568,6.77400016784668,6.800000190734863,5.100278854370117,2138000
CP.TO,2002-07-30,6.849999904632568,6.900000095367432,6.800000190734863,6.895999908447266,5.172284126281738,2782000
CP.TO,2002-07-31,6.863999843597412,7.0879998207092285,6.863999843597412,6.940000057220459,5.205286026000977,6380000
CP.TO,2002-08-01,6.949999809265137,6.989999771118164,6.769999980926514,6.769999980926514,5.0777764320373535,1327500
CP.TO,2002-08-02,6.7820000648498535,6.840000152587891,6.631999969482422,6.710000038146973,5.032774448394775,2114500
CP.TO,2002-08-06,6.670000076293945,6.739999771118164,6.5960001945495605,6.5960001945495605,4.947268962860107,2629000
CP.TO,2002-08-07,6.796000003814697,6.796000003814697,6.599999904632568,6.659999847412109,4.995274066925049,2122500
CP.TO,2002-08-08,6.710000038146973,6.98199987411499,6.690000057220459,6.98199987411499,5.236787796020508,1857500
CP.TO,2002-08-09,6.78000020980835,7.039999961853027,6.78000020980835,6.929999828338623,5.1977858543396,2327000
CP.TO,2002-08-12,6.929999828338623,6.929999828338623,6.811999797821045,6.815999984741211,5.112276554107666,890000
CP.TO,2002-08-13,6.866000175476074,6.880000114440918,6.639999866485596,6.639999866485596,4.9802727699279785,1565000
CP.TO,2002-08-14,6.631999969482422,6.679999828338623,6.414000034332275,6.630000114440918,4.972772598266602,3600500
CP.TO,2002-08-15,6.688000202178955,6.688000202178955,6.501999855041504,6.550000190734863,4.912769317626953,2627000
CP.TO,2002-08-16,6.501999855041504,6.610000133514404,6.5,6.599999904632568,4.950271129608154,1728000
CP.TO,2002-08-19,6.552000045776367,6.760000228881836,6.550000190734863,6.760000228881836,5.070278644561768,2481500
CP.TO,2002-08-20,6.710000038146973,6.760000228881836,6.690000057220459,6.690000057220459,5.017775058746338,1388000
CP.TO,2002-08-21,6.769999980926514,6.769999980926514,6.4019999504089355,6.550000190734863,4.912769317626953,1863500
CP.TO,2002-08-22,6.539999961853027,6.599999904632568,6.480000019073486,6.5920000076293945,4.944268703460693,5100000
CP.TO,2002-08-23,6.550000190734863,6.5879998207092285,6.48199987411499,6.48199987411499,4.861767768859863,1552000
CP.TO,2002-08-26,6.688000202178955,6.71999979019165,6.570000171661377,6.590000152587891,4.942770004272461,3532500
CP.TO,2002-08-27,6.627999782562256,6.627999782562256,6.53000020980835,6.550000190734863,4.912769317626953,3637000
CP.TO,2002-08-28,6.421999931335449,6.533999919891357,6.421999931335449,6.449999809265137,4.837763786315918,3670000
CP.TO,2002-08-29,6.420000076293945,6.478000164031982,6.369999885559082,6.449999809265137,4.837763786315918,6372500
CP.TO,2002-08-30,6.449999809265137,6.484000205993652,6.418000221252441,6.480000019073486,4.860267639160156,1464000
CP.TO,2002-09-03,6.420000076293945,6.438000202178955,6.199999809265137,6.363999843597412,4.7732625007629395,1592500
CP.TO,2002-09-04,6.363999843597412,6.480000019073486,6.3420000076293945,6.400000095367432,4.800263404846191,2791000
CP.TO,2002-09-05,6.21999979019165,6.21999979019165,5.829999923706055,5.940000057220459,4.455243110656738,9681500
CP.TO,2002-09-06,5.989999771118164,6.0879998207092285,5.866000175476074,5.866000175476074,4.399742126464844,1610500
CP.TO,2002-09-09,5.860000133514404,6.0,5.849999904632568,5.952000141143799,4.464245319366455,1732000
CP.TO,2002-09-10,6.0,6.076000213623047,5.909999847412109,5.940000057220459,4.455243110656738,3376000
CP.TO,2002-09-11,5.940000057220459,6.159999847412109,5.940000057220459,6.0879998207092285,4.566250801086426,3902000
CP.TO,2002-09-12,6.056000232696533,6.065999984741211,5.860000133514404,5.866000175476074,4.399742126464844,1835000
CP.TO,2002-09-13,5.860000133514404,5.860000133514404,5.670000076293945,5.748000144958496,4.311237812042236,7640500
CP.TO,2002-09-16,5.75,5.789999961853027,5.679999828338623,5.769999980926514,4.327737331390381,2328000
CP.TO,2002-09-17,5.849999904632568,5.874000072479248,5.760000228881836,5.76200008392334,4.3217363357543945,1924500
CP.TO,2002-09-18,5.739999771118164,5.800000190734863,5.670000076293945,5.730000019073486,4.297735691070557,1307000
CP.TO,2002-09-19,5.71999979019165,5.941999912261963,5.670000076293945,5.760000228881836,4.320235729217529,2132500
CP.TO,2002-09-20,5.8379998207092285,6.110000133514404,5.829999923706055,6.03000020980835,4.522747993469238,4848500
CP.TO,2002-09-23,6.03000020980835,6.03000020980835,5.809999942779541,5.809999942779541,4.357739448547363,1559500
CP.TO,2002-09-24,5.78000020980835,5.796000003814697,5.6519999504089355,5.71999979019165,4.290234088897705,3553500
CP.TO,2002-09-25,5.75,5.840000152587891,5.676000118255615,5.829999923706055,4.392397880554199,1548500
CP.TO,2002-09-26,5.880000114440918,5.966000080108643,5.78000020980835,5.949999809265137,4.482808589935303,2483500
CP.TO,2002-09-27,5.869999885559082,5.926000118255615,5.796000003814697,5.820000171661377,4.384864330291748,1277500
CP.TO,2002-09-30,5.800000190734863,5.840000152587891,5.684000015258789,5.7179999351501465,4.308016777038574,3460000
CP.TO,2002-10-01,5.751999855041504,5.869999885559082,5.691999912261963,5.849999904632568,4.407464504241943,2920500
CP.TO,2002-10-02,5.794000148773193,5.800000190734863,5.386000156402588,5.420000076293945,4.083500862121582,2780500
CP.TO,2002-10-03,5.480000019073486,5.820000171661377,5.480000019073486,5.699999809265137,4.294454097747803,4563500
CP.TO,2002-10-04,5.75,5.75,5.458000183105469,5.610000133514404,4.2266459465026855,2670500
CP.TO,2002-10-07,5.519999980926514,5.668000221252441,5.50600004196167,5.544000148773193,4.17692232131958,2852000
CP.TO,2002-10-08,5.572000026702881,5.835999965667725,5.567999839782715,5.708000183105469,4.300482273101807,2481500
CP.TO,2002-10-09,5.699999809265137,5.728000164031982,5.611999988555908,5.696000099182129,4.291440486907959,2152000
CP.TO,2002-10-10,5.671999931335449,5.943999767303467,5.624000072479248,5.900000095367432,4.4451398849487305,3892000
CP.TO,2002-10-11,6.050000190734863,6.179999828338623,6.050000190734863,6.170000076293945,4.648560047149658,5657500
CP.TO,2002-10-15,6.269999980926514,6.355999946594238,6.23199987411499,6.320000171661377,4.761569023132324,3744000
CP.TO,2002-10-16,6.03000020980835,6.2779998779296875,6.03000020980835,6.197999954223633,4.669652462005615,2226000
CP.TO,2002-10-17,6.458000183105469,6.535999774932861,6.320000171661377,6.480000019073486,4.882114410400391,3222500
CP.TO,2002-10-18,6.440000057220459,6.6020002365112305,6.400000095367432,6.6020002365112305,4.974032878875732,1603000
CP.TO,2002-10-21,6.5,6.584000110626221,6.432000160217285,6.495999813079834,4.8941731452941895,1904000
CP.TO,2002-10-22,6.5,6.659999847412109,6.383999824523926,6.5,4.897183895111084,3704000
CP.TO,2002-10-23,6.46999979019165,6.46999979019165,6.21999979019165,6.296000003814697,4.743488311767578,2663000
CP.TO,2002-10-24,6.331999778747559,6.360000133514404,6.131999969482422,6.138000011444092,4.624451160430908,2559000
CP.TO,2002-10-25,6.119999885559082,6.208000183105469,6.0,6.1579999923706055,4.639519214630127,1726000
CP.TO,2002-10-28,6.239999771118164,6.289999961853027,6.010000228881836,6.1479997634887695,4.631982803344727,4203500
CP.TO,2002-10-29,6.159999847412109,6.21999979019165,5.989999771118164,6.039999961853027,4.5506157875061035,4566000
CP.TO,2002-10-30,6.099999904632568,6.230000019073486,6.059999942779541,6.199999809265137,4.6711602210998535,3718000
CP.TO,2002-10-31,6.199999809265137,6.239999771118164,6.110000133514404,6.1479997634887695,4.631982803344727,2460500
CP.TO,2002-11-01,6.070000171661377,6.25,6.039999961853027,6.248000144958496,4.707325458526611,1627000
CP.TO,2002-11-04,6.300000190734863,6.420000076293945,6.28000020980835,6.320000171661377,4.761569023132324,2346000
CP.TO,2002-11-05,6.297999858856201,6.349999904632568,6.159999847412109,6.3480000495910645,4.782666206359863,1226000
CP.TO,2002-11-06,6.420000076293945,6.438000202178955,6.335999965667725,6.409999847412109,4.829376697540283,1274500
CP.TO,2002-11-07,6.355999946594238,6.480000019073486,6.355999946594238,6.4039998054504395,4.824855327606201,1380500
CP.TO,2002-11-08,6.400000095367432,6.572000026702881,6.400000095367432,6.53000020980835,4.919785499572754,1311500
CP.TO,2002-11-11,6.53000020980835,6.53000020980835,6.369999885559082,6.369999885559082,4.799239635467529,919000
CP.TO,2002-11-12,6.406000137329102,6.440000057220459,6.322000026702881,6.363999843597412,4.794722080230713,739500
CP.TO,2002-11-13,6.340000152587891,6.375999927520752,6.28000020980835,6.315999984741211,4.75855827331543,906500
CP.TO,2002-11-14,6.383999824523926,6.383999824523926,6.303999900817871,6.349999904632568,4.784172058105469,2087000
CP.TO,2002-11-15,6.360000133514404,6.519999980926514,6.25,6.480000019073486,4.882114410400391,2518500
CP.TO,2002-11-18,6.48199987411499,6.539999961853027,6.400000095367432,6.440000057220459,4.851978302001953,2173000
CP.TO,2002-11-19,6.400000095367432,6.440000057220459,6.340000152587891,6.389999866485596,4.81430721282959,1027500
CP.TO,2002-11-20,6.329999923706055,6.460000038146973,6.329999923706055,6.409999847412109,4.829376697540283,868500
CP.TO,2002-11-21,6.435999870300293,6.5,6.400000095367432,6.4679999351501465,4.87307596206665,1171500
CP.TO,2002-11-22,6.466000080108643,6.466000080108643,6.302000045776367,6.374000072479248,4.802252292633057,2150000
CP.TO,2002-11-25,6.335999965667725,6.380000114440918,6.239999771118164,6.380000114440918,4.806773662567139,1015000
CP.TO,2002-11-26,6.242000102996826,6.360000133514404,6.099999904632568,6.2820000648498535,4.732938289642334,5214000
CP.TO,2002-11-27,6.340000152587891,6.519999980926514,6.320000171661377,6.455999851226807,4.864035606384277,1710500
CP.TO,2002-11-28,6.429999828338623,6.46999979019165,6.420000076293945,6.455999851226807,4.864035606384277,422500
CP.TO,2002-11-29,6.440000057220459,6.4679999351501465,6.315999984741211,6.377999782562256,4.805268287658691,762000
CP.TO,2002-12-02,6.420000076293945,6.519999980926514,6.420000076293945,6.519999980926514,4.912252426147461,1643500
CP.TO,2002-12-03,6.5,6.690000057220459,6.47599983215332,6.627999782562256,4.993620872497559,3522000
CP.TO,2002-12-04,6.5920000076293945,6.7179999351501465,6.585999965667725,6.684000015258789,5.035811901092529,1265000
CP.TO,2002-12-05,6.75,6.75,6.466000080108643,6.5320000648498535,4.921293258666992,1931000
CP.TO,2002-12-06,6.443999767303467,6.659999847412109,6.443999767303467,6.6020002365112305,4.974032878875732,830000
CP.TO,2002-12-09,6.501999855041504,6.616000175476074,6.501999855041504,6.579999923706055,4.957457542419434,623500
CP.TO,2002-12-10,6.599999904632568,6.605999946594238,6.46999979019165,6.605999946594238,4.977046966552734,1055500
CP.TO,2002-12-11,6.590000152587891,6.679999828338623,6.539999961853027,6.630000114440918,4.995128154754639,867500
CP.TO,2002-12-12,6.690000057220459,6.690000057220459,6.492000102996826,6.541999816894531,4.928828716278076,960500
CP.TO,2002-12-13,6.53000020980835,6.53000020980835,6.380000114440918,6.389999866485596,4.81430721282959,2022000
CP.TO,2002-12-16,6.388000011444092,6.388000011444092,6.26200008392334,6.320000171661377,4.761569023132324,11777000
CP.TO,2002-12-17,6.302000045776367,6.302000045776367,6.170000076293945,6.190000057220459,4.663625240325928,3303500
CP.TO,2002-12-18,6.099999904632568,6.230000019073486,6.099999904632568,6.230000019073486,4.693761825561523,2152500
CP.TO,2002-12-19,6.230000019073486,6.309999942779541,6.159999847412109,6.179999828338623,4.656092166900635,1373000
CP.TO,2002-12-20,6.159999847412109,6.239999771118164,6.113999843597412,6.216000080108643,4.6832146644592285,3351500
CP.TO,2002-12-23,6.199999809265137,6.248000144958496,6.185999870300293,6.2220001220703125,4.687736511230469,1105500
CP.TO,2002-12-24,6.210000038146973,6.248000144958496,6.159999847412109,6.23799991607666,4.7192063331604,520500
CP.TO,2002-12-27,6.230000019073486,6.25,6.170000076293945,6.199999809265137,4.690459251403809,427000
CP.TO,2002-12-30,6.25,6.25,6.104000091552734,6.179999828338623,4.675328254699707,3007500
CP.TO,2002-12-31,6.25,6.25,6.179999828338623,6.230000019073486,4.71315336227417,630500
CP.TO,2003-01-02,6.25,6.400000095367432,6.22599983215332,6.380000114440918,4.826632499694824,1580000
CP.TO,2003-01-03,6.360000133514404,6.418000221252441,6.340000152587891,6.3979997634887695,4.840251922607422,576000
CP.TO,2003-01-06,6.414000034332275,6.538000106811523,6.400000095367432,6.51200008392334,4.92649507522583,1402500
CP.TO,2003-01-07,6.5,6.576000213623047,6.489999771118164,6.51800012588501,4.931034564971924,7519000
CP.TO,2003-01-08,6.5,6.5320000648498535,6.4120001792907715,6.415999889373779,4.853869915008545,4064500
CP.TO,2003-01-09,6.420000076293945,6.553999900817871,6.420000076293945,6.550000190734863,4.955244064331055,3330500
CP.TO,2003-01-10,6.519999980926514,6.638000011444092,6.519999980926514,6.613999843597412,5.003661155700684,1843000
CP.TO,2003-01-13,6.677999973297119,6.697999954223633,6.550000190734863,6.570000171661377,4.970374584197998,4186000
CP.TO,2003-01-14,6.519999980926514,6.585999965667725,6.374000072479248,6.381999969482422,4.828144550323486,3785500
CP.TO,2003-01-15,6.3979997634887695,6.3979997634887695,6.239999771118164,6.271999835968018,4.744931221008301,2768500
CP.TO,2003-01-16,6.288000106811523,6.361999988555908,6.099999904632568,6.171999931335449,4.669278621673584,6195000
CP.TO,2003-01-17,6.139999866485596,6.22599983215332,6.070000171661377,6.078000068664551,4.598165035247803,7874000
CP.TO,2003-01-20,6.081999778747559,6.150000095367432,6.081999778747559,6.1020002365112305,4.616321086883545,923500
CP.TO,2003-01-21,6.119999885559082,6.119999885559082,5.97599983215332,6.010000228881836,4.546720027923584,3613500
CP.TO,2003-01-22,5.99399995803833,6.1539998054504395,5.960000038146973,5.980000019073486,4.524022102355957,4571000
CP.TO,2003-01-23,6.010000228881836,6.099999904632568,5.973999977111816,6.070000171661377,4.592111110687256,2938500
CP.TO,2003-01-24,6.0960001945495605,6.0960001945495605,5.952000141143799,5.980000019073486,4.524022102355957,2157500
CP.TO,2003-01-27,5.973999977111816,5.973999977111816,5.829999923706055,5.875999927520752,4.445345401763916,2787500
CP.TO,2003-01-28,6.038000106811523,6.177999973297119,5.978000164031982,6.119999885559082,4.629935264587402,4544000
CP.TO,2003-01-29,6.1020002365112305,6.111999988555908,6.039999961853027,6.070000171661377,4.592111110687256,3586500
CP.TO,2003-01-30,6.099999904632568,6.111999988555908,6.001999855041504,6.001999855041504,4.540665626525879,3637500
CP.TO,2003-01-31,6.0,6.079999923706055,5.973999977111816,6.079999923706055,4.599676132202148,3376500
CP.TO,2003-02-03,6.090000152587891,6.111999988555908,6.010000228881836,6.044000148773193,4.572441101074219,944000
CP.TO,2003-02-04,6.015999794006348,6.019999980926514,5.888000011444092,5.920000076293945,4.47863245010376,5275000
CP.TO,2003-02-05,5.9039998054504395,6.067999839782715,5.9039998054504395,6.0,4.539153575897217,5191500
CP.TO,2003-02-06,5.961999893188477,6.079999923706055,5.961999893188477,6.070000171661377,4.592111110687256,2291000
CP.TO,2003-02-07,6.104000091552734,6.130000114440918,6.019999980926514,6.019999980926514,4.55428409576416,2653500
CP.TO,2003-02-10,6.00600004196167,6.119999885559082,6.00600004196167,6.03000020980835,4.561849117279053,1980500
CP.TO,2003-02-11,6.070000171661377,6.111999988555908,6.03000020980835,6.070000171661377,4.592111110687256,3599000
CP.TO,2003-02-12,6.099999904632568,6.150000095367432,6.059999942779541,6.139999866485596,4.645069122314453,1841500
CP.TO,2003-02-13,6.139999866485596,6.184000015258789,6.099999904632568,6.142000198364258,4.646581172943115,2469000
CP.TO,2003-02-14,6.142000198364258,6.199999809265137,6.090000152587891,6.199999809265137,4.690459251403809,2378500
CP.TO,2003-02-17,6.059999942779541,6.289999961853027,6.059999942779541,6.289999961853027,4.758546829223633,935000
CP.TO,2003-02-18,6.309999942779541,6.349999904632568,6.25,6.323999881744385,4.784267902374268,1434000
CP.TO,2003-02-19,6.2820000648498535,6.300000190734863,6.230000019073486,6.28000020980835,4.75098180770874,1009500
CP.TO,2003-02-20,6.329999923706055,6.360000133514404,6.265999794006348,6.360000133514404,4.811502933502197,1783000
CP.TO,2003-02-21,6.355999946594238,6.420000076293945,6.309999942779541,6.392000198364258,4.8357110023498535,1324000
CP.TO,2003-02-24,6.360000133514404,6.360000133514404,6.144000053405762,6.156000137329102,4.65717077255249,903000
CP.TO,2003-02-25,6.099999904632568,6.139999866485596,6.033999919891357,6.090000152587891,4.607243061065674,2247000
CP.TO,2003-02-26,6.090000152587891,6.179999828338623,6.072000026702881,6.139999866485596,4.645069122314453,929500
CP.TO,2003-02-27,6.191999912261963,6.320000171661377,6.110000133514404,6.28000020980835,4.75098180770874,1678000
CP.TO,2003-02-28,6.260000228881836,6.335999965667725,6.185999870300293,6.23799991607666,4.7192063331604,1082000
CP.TO,2003-03-03,6.297999858856201,6.297999858856201,6.099999904632568,6.176000118255615,4.672301769256592,1179500
CP.TO,2003-03-04,6.125999927520752,6.176000118255615,6.1020002365112305,6.130000114440918,4.6375041007995605,1315500
CP.TO,2003-03-05,6.139999866485596,6.179999828338623,6.00600004196167,6.039999961853027,4.569416046142578,1287500
CP.TO,2003-03-06,6.00600004196167,6.03000020980835,5.9039998054504395,5.9039998054504395,4.466527462005615,1445000
CP.TO,2003-03-07,5.866000175476074,5.915999889373779,5.820000171661377,5.894000053405762,4.458963871002197,3507000
CP.TO,2003-03-10,5.883999824523926,5.894000053405762,5.75,5.760000228881836,4.3575873374938965,1357000
CP.TO,2003-03-11,5.900000095367432,5.900000095367432,5.705999851226807,5.739999771118164,4.342457294464111,1485500
CP.TO,2003-03-12,5.739999771118164,5.760000228881836,5.619999885559082,5.7179999351501465,4.325815677642822,1761500
CP.TO,2003-03-13,5.745999813079834,5.849999904632568,5.736000061035156,5.8480000495910645,4.424163341522217,2012500
CP.TO,2003-03-14,5.860000133514404,5.949999809265137,5.78000020980835,5.800000190734863,4.387845516204834,3873000
CP.TO,2003-03-17,5.849999904632568,5.849999904632568,5.760000228881836,5.800000190734863,4.387845516204834,7846500
CP.TO,2003-03-18,5.699999809265137,5.900000095367432,5.5960001945495605,5.880000114440918,4.448370933532715,3265500
CP.TO,2003-03-19,5.880000114440918,5.943999767303467,5.8420000076293945,5.900000095367432,4.463503837585449,5299000
CP.TO,2003-03-20,5.900000095367432,6.019999980926514,5.860000133514404,5.980000019073486,4.524022102355957,3719500
CP.TO,2003-03-21,6.093999862670898,6.228000164031982,5.995999813079834,6.202000141143799,4.691974639892578,5184000
CP.TO,2003-03-24,6.130000114440918,6.130000114440918,5.9019999504089355,5.927999973297119,4.484683990478516,2077000
CP.TO,2003-03-25,5.906000137329102,6.039999961853027,5.863999843597412,6.013999938964844,4.549744606018066,5677000
CP.TO,2003-03-26,5.980000019073486,6.110000133514404,5.941999912261963,6.099999904632568,4.634533405303955,2446000
CP.TO,2003-03-27,6.039999961853027,6.230000019073486,6.01200008392334,6.211999893188477,4.719627380371094,3248000
CP.TO,2003-03-28,6.145999908447266,6.25,6.144000053405762,6.170000076293945,4.687718868255615,4283000
CP.TO,2003-03-31,6.079999923706055,6.239999771118164,6.079999923706055,6.23799991607666,4.739380359649658,272000
CP.TO,2003-04-01,6.25,6.25,6.170000076293945,6.203999996185303,4.7135515213012695,1135500
CP.TO,2003-04-02,6.289999961853027,6.423999786376953,6.25600004196167,6.409999847412109,4.870059490203857,3282500
CP.TO,2003-04-03,6.414000034332275,6.447999954223633,6.386000156402588,6.429999828338623,4.885253429412842,1708500
CP.TO,2003-04-04,6.4039998054504395,6.47599983215332,6.4039998054504395,6.435999870300293,4.8898138999938965,3245500
CP.TO,2003-04-07,6.53000020980835,6.639999866485596,6.53000020980835,6.559999942779541,4.9840240478515625,5870000
CP.TO,2003-04-08,6.570000171661377,6.570000171661377,6.443999767303467,6.521999835968018,4.955154895782471,1042500
CP.TO,2003-04-09,6.510000228881836,6.539999961853027,6.400000095367432,6.400000095367432,4.86246395111084,1204500
CP.TO,2003-04-10,6.447999954223633,6.47599983215332,6.369999885559082,6.420000076293945,4.877657413482666,2073500
CP.TO,2003-04-11,6.420000076293945,6.460000038146973,6.4120001792907715,6.434000015258789,4.888295650482178,2369500
CP.TO,2003-04-14,6.429999828338623,6.473999977111816,6.4079999923706055,6.449999809265137,4.900449275970459,2902000
CP.TO,2003-04-15,6.432000160217285,6.561999797821045,6.432000160217285,6.5,4.938439846038818,1048500
CP.TO,2003-04-16,6.504000186920166,6.539999961853027,6.4679999351501465,6.510000228881836,4.946037769317627,1198500
CP.TO,2003-04-17,6.4679999351501465,6.51800012588501,6.461999893188477,6.495999813079834,4.935397624969482,653000
CP.TO,2003-04-21,6.519999980926514,6.53000020980835,6.46999979019165,6.504000186920166,4.941477298736572,1069000
CP.TO,2003-04-22,6.455999851226807,6.544000148773193,6.432000160217285,6.51200008392334,4.947556495666504,1658000
CP.TO,2003-04-23,6.547999858856201,6.599999904632568,6.539999961853027,6.564000129699707,4.987061023712158,1067500
CP.TO,2003-04-24,6.5879998207092285,6.590000152587891,6.478000164031982,6.519999980926514,4.953633785247803,1545000
CP.TO,2003-04-25,6.519999980926514,6.610000133514404,6.50600004196167,6.570000171661377,4.991621017456055,2385000
CP.TO,2003-04-28,6.544000148773193,6.579999923706055,6.473999977111816,6.504000186920166,4.941477298736572,3109000
CP.TO,2003-04-29,6.519999980926514,6.5980000495910645,6.460000038146973,6.559999942779541,4.9840240478515625,4563000
CP.TO,2003-04-30,6.578000068664551,6.670000076293945,6.552000045776367,6.659999847412109,5.059999465942383,2231000
CP.TO,2003-05-01,6.630000114440918,6.659999847412109,6.446000099182129,6.480000019073486,4.923241138458252,3071500
CP.TO,2003-05-02,6.48199987411499,6.495999813079834,6.4120001792907715,6.438000202178955,4.89133358001709,3346000
CP.TO,2003-05-05,6.443999767303467,6.504000186920166,6.429999828338623,6.504000186920166,4.941477298736572,2840500
CP.TO,2003-05-06,6.486000061035156,6.510000228881836,6.389999866485596,6.389999866485596,4.854867458343506,2819500
CP.TO,2003-05-07,6.400000095367432,6.400000095367432,6.300000190734863,6.329999923706055,4.80927848815918,3853500
CP.TO,2003-05-08,6.300000190734863,6.363999843597412,6.26800012588501,6.334000110626221,4.812318801879883,3754500
CP.TO,2003-05-09,6.334000110626221,6.519999980926514,6.334000110626221,6.46999979019165,4.915644645690918,3126000
CP.TO,2003-05-12,6.440000057220459,6.630000114440918,6.440000057220459,6.630000114440918,5.03720760345459,3437000
CP.TO,2003-05-13,6.627999782562256,6.682000160217285,6.584000110626221,6.616000175476074,5.026571273803711,3347000
CP.TO,2003-05-14,6.624000072479248,6.699999809265137,6.579999923706055,6.699999809265137,5.090389728546143,3333000
CP.TO,2003-05-15,6.699999809265137,6.716000080108643,6.519999980926514,6.541999816894531,4.970348834991455,3609500
CP.TO,2003-05-16,6.539999961853027,6.539999961853027,6.452000141143799,6.489999771118164,4.930840492248535,2373500
CP.TO,2003-05-20,6.340000152587891,6.409999847412109,6.28000020980835,6.320000171661377,4.80168342590332,4940500
CP.TO,2003-05-21,6.300000190734863,6.329999923706055,6.199999809265137,6.28000020980835,4.771291255950928,2944500
CP.TO,2003-05-22,6.308000087738037,6.380000114440918,6.260000228881836,6.360000133514404,4.8320722579956055,3304500
CP.TO,2003-05-23,6.314000129699707,6.340000152587891,6.242000102996826,6.25,4.748495101928711,2781500
CP.TO,2003-05-26,6.28000020980835,6.340000152587891,6.260000228881836,6.320000171661377,4.80168342590332,439500
CP.TO,2003-05-27,6.214000225067139,6.409999847412109,6.214000225067139,6.381999969482422,4.848784923553467,2591000
CP.TO,2003-05-28,6.426000118255615,6.4679999351501465,6.380000114440918,6.4079999923706055,4.868539810180664,2686500
CP.TO,2003-05-29,6.438000202178955,6.510000228881836,6.409999847412109,6.5,4.938439846038818,1683000
CP.TO,2003-05-30,6.51800012588501,6.5920000076293945,6.46999979019165,6.507999897003174,4.944517135620117,2660000
CP.TO,2003-06-02,6.533999919891357,6.599999904632568,6.533999919891357,6.552000045776367,4.977944374084473,2150500
CP.TO,2003-06-03,6.550000190734863,6.5879998207092285,6.5,6.51200008392334,4.947556495666504,1369500
CP.TO,2003-06-04,6.51200008392334,6.559999942779541,6.47599983215332,6.547999858856201,4.974905490875244,2194500
CP.TO,2003-06-05,6.519999980926514,6.546000003814697,6.460000038146973,6.535999774932861,4.965789318084717,2247000
CP.TO,2003-06-06,6.550000190734863,6.585999965667725,6.3979997634887695,6.400000095367432,4.86246395111084,4256000
CP.TO,2003-06-09,6.400000095367432,6.460000038146973,6.400000095367432,6.409999847412109,4.870059490203857,2820000
CP.TO,2003-06-10,6.4120001792907715,6.4120001792907715,6.349999904632568,6.392000198364258,4.856382846832275,2426500
CP.TO,2003-06-11,6.389999866485596,6.389999866485596,6.25,6.309999942779541,4.7940826416015625,4289000
CP.TO,2003-06-12,6.3480000495910645,6.369999885559082,6.271999835968018,6.309999942779541,4.7940826416015625,2517000
CP.TO,2003-06-13,6.317999839782715,6.340000152587891,6.234000205993652,6.26800012588501,4.762175559997559,4570500
CP.TO,2003-06-16,6.230000019073486,6.230000019073486,6.170000076293945,6.184000015258789,4.6983561515808105,6933500
CP.TO,2003-06-17,6.190000057220459,6.199999809265137,6.00600004196167,6.050000190734863,4.596546649932861,6396000
CP.TO,2003-06-18,6.050000190734863,6.230000019073486,6.039999961853027,6.21999979019165,4.725705146789551,11209500
CP.TO,2003-06-19,6.285999774932861,6.291999816894531,6.150000095367432,6.182000160217285,4.696834564208984,7790000
CP.TO,2003-06-20,6.199999809265137,6.236000061035156,6.150000095367432,6.230000019073486,4.733303546905518,4333000
CP.TO,2003-06-23,6.203999996185303,6.22599983215332,6.090000152587891,6.110000133514404,4.64213228225708,2387500
CP.TO,2003-06-24,6.138000011444092,6.144000053405762,6.059999942779541,6.1020002365112305,4.636056900024414,1570000
CP.TO,2003-06-25,6.059999942779541,6.099999904632568,5.995999813079834,6.019999980926514,4.593021869659424,1692000
CP.TO,2003-06-26,6.010000228881836,6.044000148773193,5.980000019073486,6.044000148773193,4.611334323883057,5108500
CP.TO,2003-06-27,5.992000102996826,6.059999942779541,5.9720001220703125,6.004000186920166,4.580814361572266,2060000
CP.TO,2003-06-30,5.955999851226807,6.191999912261963,5.955999851226807,6.061999797821045,4.625067710876465,2855500
CP.TO,2003-07-02,6.070000171661377,6.113999843597412,6.039999961853027,6.0960001945495605,4.651007652282715,1559000
CP.TO,2003-07-03,6.099999904632568,6.116000175476074,6.078000068664551,6.107999801635742,4.660163402557373,1259000
CP.TO,2003-07-04,6.150000095367432,6.150000095367432,6.090000152587891,6.131999969482422,4.678476333618164,322000
CP.TO,2003-07-07,6.150000095367432,6.23799991607666,6.133999824523926,6.190000057220459,4.722726345062256,1582000
CP.TO,2003-07-08,6.26800012588501,6.349999904632568,6.234000205993652,6.323999881744385,4.824963569641113,2704000
CP.TO,2003-07-09,6.360000133514404,6.464000225067139,6.328000068664551,6.423999786376953,4.901258945465088,5063000
CP.TO,2003-07-10,6.415999889373779,6.429999828338623,6.2820000648498535,6.320000171661377,4.82191276550293,2248500
CP.TO,2003-07-11,6.322000026702881,6.409999847412109,6.306000232696533,6.360000133514404,4.8524298667907715,3677500
CP.TO,2003-07-14,6.429999828338623,6.429999828338623,6.360000133514404,6.406000137329102,4.8875274658203125,2038500
CP.TO,2003-07-15,6.427999973297119,6.447999954223633,6.394000053405762,6.415999889373779,4.895157814025879,5715500
CP.TO,2003-07-16,6.440000057220459,6.440000057220459,6.309999942779541,6.320000171661377,4.82191276550293,2256500
CP.TO,2003-07-17,6.349999904632568,6.380000114440918,6.144000053405762,6.199999809265137,4.730355739593506,5634000
CP.TO,2003-07-18,6.25,6.294000148773193,6.199999809265137,6.260000228881836,4.776133060455322,4261000
CP.TO,2003-07-21,6.289999961853027,6.296000003814697,6.23199987411499,6.265999794006348,4.780712604522705,1637000
CP.TO,2003-07-22,6.269999980926514,6.409999847412109,6.223999977111816,6.400000095367432,4.882949352264404,6175500
CP.TO,2003-07-23,6.447999954223633,6.539999961853027,6.400000095367432,6.519999980926514,4.974503517150879,5500000
CP.TO,2003-07-24,6.550000190734863,6.739999771118164,6.519999980926514,6.607999801635742,5.041645050048828,5029500
CP.TO,2003-07-25,6.630000114440918,6.699999809265137,6.6020002365112305,6.639999866485596,5.0660576820373535,3828000
CP.TO,2003-07-28,6.650000095367432,6.829999923706055,6.644000053405762,6.763999938964844,5.160667419433594,3144500
CP.TO,2003-07-29,6.809999942779541,6.809999942779541,6.699999809265137,6.710000038146973,5.119465351104736,4566000
CP.TO,2003-07-30,6.760000228881836,6.771999835968018,6.710000038146973,6.71999979019165,5.127095699310303,2968000
CP.TO,2003-07-31,6.71999979019165,6.8480000495910645,6.6519999504089355,6.834000110626221,5.2140727043151855,5089500
CP.TO,2003-08-01,6.806000232696533,6.874000072479248,6.806000232696533,6.860000133514404,5.233909606933594,1692500
CP.TO,2003-08-05,6.860000133514404,6.860000133514404,6.734000205993652,6.75600004196167,5.154562473297119,2208000
CP.TO,2003-08-06,6.682000160217285,6.751999855041504,6.639999866485596,6.659999847412109,5.081316947937012,1971000
CP.TO,2003-08-07,6.690000057220459,6.75,6.619999885559082,6.728000164031982,5.133200168609619,3453500
CP.TO,2003-08-08,6.72599983215332,6.74399995803833,6.656000137329102,6.739999771118164,5.142354965209961,1298500
CP.TO,2003-08-11,6.723999977111816,6.723999977111816,6.611999988555908,6.659999847412109,5.081316947937012,3010000
CP.TO,2003-08-12,6.685999870300293,6.73199987411499,6.599999904632568,6.696000099182129,5.108785629272461,4807000
CP.TO,2003-08-13,6.690000057220459,6.710000038146973,6.630000114440918,6.699999809265137,5.111835956573486,1825000
CP.TO,2003-08-14,6.699999809265137,6.710000038146973,6.650000095367432,6.670000076293945,5.0889458656311035,3163000
CP.TO,2003-08-15,6.697999954223633,6.697999954223633,6.5980000495910645,6.638000011444092,5.064531326293945,1154500
CP.TO,2003-08-18,6.633999824523926,6.688000202178955,6.630000114440918,6.645999908447266,5.070635795593262,2932500
CP.TO,2003-08-19,6.638000011444092,6.679999828338623,6.619999885559082,6.624000072479248,5.053850173950195,3015000
CP.TO,2003-08-20,6.630000114440918,6.670000076293945,6.610000133514404,6.633999824523926,5.06148099899292,1519000
CP.TO,2003-08-21,6.659999847412109,6.783999919891357,6.644000053405762,6.769999980926514,5.165243625640869,2922500
CP.TO,2003-08-22,6.809999942779541,6.809999942779541,6.699999809265137,6.703999996185303,5.114889144897461,1226500
CP.TO,2003-08-25,6.688000202178955,6.800000190734863,6.670000076293945,6.72599983215332,5.131673812866211,1210000
CP.TO,2003-08-26,6.690000057220459,6.820000171661377,6.670000076293945,6.769999980926514,5.165243625640869,2274500
CP.TO,2003-08-27,6.800000190734863,6.800000190734863,6.763999938964844,6.783999919891357,5.175925254821777,4007000
CP.TO,2003-08-28,6.763999938964844,6.797999858856201,6.702000141143799,6.730000019073486,5.134726047515869,1116500
CP.TO,2003-08-29,6.745999813079834,6.797999858856201,6.710000038146973,6.78000020980835,5.172872543334961,1939500
CP.TO,2003-09-02,6.78000020980835,6.880000114440918,6.78000020980835,6.869999885559082,5.241539001464844,1383000
CP.TO,2003-09-03,6.883999824523926,6.940000057220459,6.831999778747559,6.900000095367432,5.264430522918701,2433500
CP.TO,2003-09-04,6.860000133514404,6.909999847412109,6.8420000076293945,6.861999988555908,5.235436916351318,3574000
CP.TO,2003-09-05,6.826000213623047,6.849999904632568,6.791999816894531,6.829999923706055,5.2110209465026855,1257500
CP.TO,2003-09-08,6.829999923706055,6.835999965667725,6.769999980926514,6.809999942779541,5.1957621574401855,1048500
CP.TO,2003-09-09,6.809999942779541,6.829999923706055,6.78000020980835,6.815999984741211,5.200340270996094,1875500
CP.TO,2003-09-10,6.815999984741211,6.840000152587891,6.769999980926514,6.800000190734863,5.188133239746094,1846500
CP.TO,2003-09-11,6.800000190734863,6.806000232696533,6.650000095367432,6.771999835968018,5.166770935058594,1740500
CP.TO,2003-09-12,6.668000221252441,6.739999771118164,6.650000095367432,6.714000225067139,5.1225175857543945,1292500
CP.TO,2003-09-15,6.760000228881836,6.760000228881836,6.599999904632568,6.630000114440918,5.058429718017578,1392500
CP.TO,2003-09-16,6.6579999923706055,6.659999847412109,6.552000045776367,6.611999988555908,5.0446929931640625,1899000
CP.TO,2003-09-17,6.639999866485596,6.639999866485596,6.541999816894531,6.565999984741211,5.0095977783203125,2107500
CP.TO,2003-09-18,6.5879998207092285,6.665999889373779,6.484000205993652,6.6579999923706055,5.079789638519287,7714000
CP.TO,2003-09-19,6.679999828338623,6.679999828338623,6.559999942779541,6.6620001792907715,5.082844257354736,7808500
CP.TO,2003-09-22,6.610000133514404,6.650000095367432,6.599999904632568,6.619999885559082,5.050801753997803,1937000
CP.TO,2003-09-23,6.604000091552734,6.656000137329102,6.590000152587891,6.650000095367432,5.0736870765686035,1882000
CP.TO,2003-09-24,6.630000114440918,6.664000034332275,6.489999771118164,6.492000102996826,4.9722819328308105,3267000
CP.TO,2003-09-25,6.50600004196167,6.519999980926514,6.415999889373779,6.449999809265137,4.9401116371154785,2224000
CP.TO,2003-09-26,6.498000144958496,6.498000144958496,6.383999824523926,6.392000198364258,4.895689964294434,1324000
CP.TO,2003-09-29,6.446000099182129,6.489999771118164,6.389999866485596,6.400000095367432,4.90181827545166,1880500
CP.TO,2003-09-30,6.440000057220459,6.440000057220459,6.360000133514404,6.3979997634887695,4.900286674499512,2044500
CP.TO,2003-10-01,6.434000015258789,6.515999794006348,6.383999824523926,6.504000186920166,4.981472492218018,3066000
CP.TO,2003-10-02,6.550000190734863,6.590000152587891,6.507999897003174,6.565999984741211,5.02895975112915,2481000
CP.TO,2003-10-03,6.599999904632568,6.677999973297119,6.579999923706055,6.650000095367432,5.0932936668396,2086500
CP.TO,2003-10-06,6.690000057220459,6.690000057220459,6.599999904632568,6.624000072479248,5.073381423950195,1245500
CP.TO,2003-10-07,6.6020002365112305,6.630000114440918,6.535999774932861,6.553999900817871,5.019769668579102,2323000
CP.TO,2003-10-08,6.5879998207092285,6.619999885559082,6.570000171661377,6.5879998207092285,5.045808792114258,1375500
CP.TO,2003-10-09,6.690000057220459,6.690000057220459,6.607999801635742,6.644000053405762,5.088699817657471,1353000
CP.TO,2003-10-10,6.670000076293945,6.734000205993652,6.633999824523926,6.711999893188477,5.140782833099365,1741500
CP.TO,2003-10-14,6.739999771118164,6.820000171661377,6.739999771118164,6.789999961853027,5.200523853302002,2230500
CP.TO,2003-10-15,6.840000152587891,6.934000015258789,6.802000045776367,6.8979997634887695,5.2832417488098145,4043500
CP.TO,2003-10-16,6.9019999504089355,6.946000099182129,6.860000133514404,6.909999847412109,5.29243278503418,1917500
CP.TO,2003-10-17,6.932000160217285,6.947999954223633,6.8520002365112305,6.869999885559082,5.261796951293945,1610500
CP.TO,2003-10-20,6.869999885559082,6.9120001792907715,6.809999942779541,6.8520002365112305,5.248010635375977,1051500
CP.TO,2003-10-21,6.900000095367432,7.010000228881836,6.900000095367432,6.943999767303467,5.318471908569336,2996500
CP.TO,2003-10-22,6.960000038146973,7.038000106811523,6.909999847412109,7.038000106811523,5.390467643737793,3663500
CP.TO,2003-10-23,7.03000020980835,7.150000095367432,6.973999977111816,7.131999969482422,5.462460517883301,3055000
CP.TO,2003-10-24,7.150000095367432,7.179999828338623,7.099999904632568,7.110000133514404,5.445615291595459,4060000
CP.TO,2003-10-27,7.110000133514404,7.118000030517578,7.0320000648498535,7.070000171661377,5.414977550506592,1110500
CP.TO,2003-10-28,7.099999904632568,7.21999979019165,7.090000152587891,7.210000038146973,5.522205352783203,2438000
CP.TO,2003-10-29,7.210000038146973,7.423999786376953,7.191999912261963,7.329999923706055,5.61411190032959,4209500
CP.TO,2003-10-30,7.389999866485596,7.495999813079834,7.343999862670898,7.429999828338623,5.690704822540283,2725500
CP.TO,2003-10-31,7.427999973297119,7.429999828338623,7.26200008392334,7.389999866485596,5.660069465637207,1760500
CP.TO,2003-11-03,7.400000095367432,7.533999919891357,7.349999904632568,7.473999977111816,5.724405765533447,2624500
CP.TO,2003-11-04,7.473999977111816,7.607999801635742,7.473999977111816,7.590000152587891,5.813250541687012,7073000
CP.TO,2003-11-05,7.590000152587891,7.642000198364258,7.550000190734863,7.627999782562256,5.8423542976379395,2298500
CP.TO,2003-11-06,7.627999782562256,7.702000141143799,7.584000110626221,7.679999828338623,5.882183074951172,1819500
CP.TO,2003-11-07,7.710000038146973,7.730000019073486,7.6479997634887695,7.684000015258789,5.885246753692627,1614500
CP.TO,2003-11-10,7.650000095367432,7.679999828338623,7.552000045776367,7.638000011444092,5.85001277923584,1683500
CP.TO,2003-11-11,7.619999885559082,7.6519999504089355,7.578000068664551,7.5960001945495605,5.817843914031982,3252500
CP.TO,2003-11-12,7.579999923706055,7.613999843597412,7.510000228881836,7.539999961853027,5.774956703186035,1825500
CP.TO,2003-11-13,7.519999980926514,7.5960001945495605,7.501999855041504,7.550000190734863,5.782614231109619,3401500
CP.TO,2003-11-14,7.550000190734863,7.579999923706055,7.48799991607666,7.519999980926514,5.7596354484558105,1284500
CP.TO,2003-11-17,7.5,7.515999794006348,7.429999828338623,7.5,5.744317054748535,1604500
CP.TO,2003-11-18,7.5,7.513999938964844,7.28000020980835,7.369999885559082,5.644748687744141,1812500
CP.TO,2003-11-19,7.349999904632568,7.389999866485596,7.291999816894531,7.343999862670898,5.624835014343262,1810500
CP.TO,2003-11-20,7.343999862670898,7.504000186920166,7.300000190734863,7.455999851226807,5.71061897277832,2187000
CP.TO,2003-11-21,7.455999851226807,7.460000038146973,7.01200008392334,7.019999980926514,5.376681804656982,14925500
CP.TO,2003-11-24,7.03000020980835,7.0980000495910645,6.881999969482422,7.0980000495910645,5.43642520904541,9347000
CP.TO,2003-11-25,7.1479997634887695,7.1479997634887695,6.9720001220703125,6.989999771118164,5.353704452514648,5550500
CP.TO,2003-11-26,7.0,7.0320000648498535,6.989999771118164,7.0,5.361362934112549,4977500
CP.TO,2003-11-27,7.00600004196167,7.090000152587891,7.00600004196167,7.050000190734863,5.399661540985107,1051500
CP.TO,2003-11-28,7.052000045776367,7.0879998207092285,7.03000020980835,7.041999816894531,5.393532752990723,1039000
CP.TO,2003-12-01,7.044000148773193,7.050000190734863,6.980000019073486,7.0,5.361362934112549,5268500
CP.TO,2003-12-02,6.995999813079834,7.0,6.980000019073486,6.998000144958496,5.359830379486084,6473500
CP.TO,2003-12-03,7.0,7.047999858856201,6.96999979019165,7.033999919891357,5.3874030113220215,2134000
CP.TO,2003-12-04,7.079999923706055,7.079999923706055,7.00600004196167,7.059999942779541,5.407317638397217,4559000
CP.TO,2003-12-05,7.058000087738037,7.059999942779541,7.019999980926514,7.035999774932861,5.388936519622803,5198000
CP.TO,2003-12-08,7.03000020980835,7.046000003814697,6.929999828338623,6.9679999351501465,5.336854457855225,5399000
CP.TO,2003-12-09,6.964000225067139,7.0,6.929999828338623,6.96999979019165,5.3383893966674805,6236000
CP.TO,2003-12-10,6.96999979019165,6.980000019073486,6.938000202178955,6.980000019073486,5.346045017242432,4038000
CP.TO,2003-12-11,6.98199987411499,7.138000011444092,6.961999893188477,7.138000011444092,5.467056751251221,3310500
CP.TO,2003-12-12,7.1479997634887695,7.150000095367432,7.064000129699707,7.099999904632568,5.437954425811768,1716000
CP.TO,2003-12-15,7.159999847412109,7.185999870300293,6.980000019073486,7.0,5.361362934112549,3591000
CP.TO,2003-12-16,7.0,7.059999942779541,6.989999771118164,7.039999961853027,5.391999244689941,2204500
CP.TO,2003-12-17,7.050000190734863,7.0960001945495605,7.01200008392334,7.059999942779541,5.407317638397217,2126000
CP.TO,2003-12-18,7.046000003814697,7.090000152587891,7.01200008392334,7.0879998207092285,5.4287638664245605,2949500
CP.TO,2003-12-19,7.119999885559082,7.190000057220459,7.059999942779541,7.119999885559082,5.453271865844727,7129000
CP.TO,2003-12-22,7.119999885559082,7.26800012588501,7.119999885559082,7.239999771118164,5.565194129943848,2512000
CP.TO,2003-12-23,7.23799991607666,7.328000068664551,7.23799991607666,7.306000232696533,5.61592435836792,1814500
CP.TO,2003-12-24,7.311999797821045,7.400000095367432,7.303999900817871,7.303999900817871,5.614387035369873,1196000
CP.TO,2003-12-29,7.322000026702881,7.369999885559082,7.300000190734863,7.3379998207092285,5.640522003173828,1710000
CP.TO,2003-12-30,7.340000152587891,7.360000133514404,7.300000190734863,7.300000190734863,5.6113128662109375,1186000
CP.TO,2003-12-31,7.306000232696533,7.328000068664551,7.300000190734863,7.315999984741211,5.623612403869629,373500
CP.TO,2004-01-02,7.317999839782715,7.409999847412109,7.302000045776367,7.328000068664551,5.632834434509277,719500
CP.TO,2004-01-05,7.320000171661377,7.400000095367432,7.291999816894531,7.369999885559082,5.66511869430542,1163500
CP.TO,2004-01-06,7.349999904632568,7.449999809265137,7.300000190734863,7.449999809265137,5.726612567901611,2785500
CP.TO,2004-01-07,7.480000019073486,7.510000228881836,7.4019999504089355,7.421999931335449,5.705090045928955,3947000
CP.TO,2004-01-08,7.421999931335449,7.421999931335449,7.251999855041504,7.311999797821045,5.6205363273620605,4886500
CP.TO,2004-01-09,7.260000228881836,7.3379998207092285,7.202000141143799,7.234000205993652,5.560580730438232,1699000
CP.TO,2004-01-12,7.263999938964844,7.269999980926514,7.159999847412109,7.214000225067139,5.545204162597656,1554000
CP.TO,2004-01-13,7.260000228881836,7.26800012588501,7.099999904632568,7.156000137329102,5.500624179840088,2684000
CP.TO,2004-01-14,7.170000076293945,7.199999809265137,7.119999885559082,7.150000095367432,5.496012210845947,1583500
CP.TO,2004-01-15,7.133999824523926,7.188000202178955,7.050000190734863,7.059999942779541,5.426829814910889,1819500
CP.TO,2004-01-16,7.119999885559082,7.119999885559082,6.989999771118164,7.0980000495910645,5.456039905548096,2098500
CP.TO,2004-01-19,7.090000152587891,7.25,7.090000152587891,7.25,5.572879314422607,651000
CP.TO,2004-01-20,7.25,7.329999923706055,7.242000102996826,7.329999923706055,5.634373188018799,3829500
CP.TO,2004-01-21,7.349999904632568,7.349999904632568,7.177999973297119,7.25,5.572879314422607,3731500
CP.TO,2004-01-22,7.25,7.320000171661377,7.214000225067139,7.320000171661377,5.626685619354248,1584500
CP.TO,2004-01-23,7.369999885559082,7.369999885559082,7.193999767303467,7.230000019073486,5.557504177093506,1726500
CP.TO,2004-01-26,7.230000019073486,7.25,7.104000091552734,7.113999843597412,5.468338966369629,2420500
CP.TO,2004-01-27,7.199999809265137,7.21999979019165,7.1020002365112305,7.119999885559082,5.472951889038086,4150500
CP.TO,2004-01-28,7.099999904632568,7.190000057220459,6.949999809265137,6.952000141143799,5.343815803527832,7899000
CP.TO,2004-01-29,7.0980000495910645,7.0980000495910645,6.881999969482422,6.900000095367432,5.303843021392822,1864000
CP.TO,2004-01-30,6.964000225067139,6.96999979019165,6.860000133514404,6.866000175476074,5.277707576751709,1533500
CP.TO,2004-02-02,6.958000183105469,7.01800012588501,6.840000152587891,6.97599983215332,5.36226224899292,1715500
CP.TO,2004-02-03,6.995999813079834,7.02400016784668,6.906000137329102,6.909999847412109,5.3115315437316895,2101500
CP.TO,2004-02-04,6.929999828338623,6.929999828338623,6.820000171661377,6.822000026702881,5.243886470794678,1581500
CP.TO,2004-02-05,6.811999797821045,6.829999923706055,6.71999979019165,6.757999897003174,5.194693088531494,2643000
CP.TO,2004-02-06,6.75,6.926000118255615,6.742000102996826,6.900000095367432,5.303843021392822,6962000
CP.TO,2004-02-09,6.920000076293945,7.044000148773193,6.860000133514404,6.96999979019165,5.357652187347412,2599000
CP.TO,2004-02-10,6.986000061035156,7.035999774932861,6.960000038146973,6.96999979019165,5.357652187347412,1218000
CP.TO,2004-02-11,6.99399995803833,6.998000144958496,6.817999839782715,6.923999786376953,5.322290897369385,5422500
CP.TO,2004-02-12,6.855999946594238,6.8979997634887695,6.785999774932861,6.802000045776367,5.228512287139893,8935000
CP.TO,2004-02-13,6.800000190734863,6.840000152587891,6.676000118255615,6.702000141143799,5.151647090911865,2150500
CP.TO,2004-02-16,6.7179999351501465,6.75,6.576000213623047,6.610000133514404,5.080928802490234,3569500
CP.TO,2004-02-17,6.567999839782715,6.567999839782715,6.449999809265137,6.4720001220703125,4.974849224090576,9459000
CP.TO,2004-02-18,6.498000144958496,6.526000022888184,6.46999979019165,6.5,4.996374607086182,5519500
CP.TO,2004-02-19,6.504000186920166,6.585999965667725,6.501999855041504,6.550000190734863,5.034805774688721,3610500
CP.TO,2004-02-20,6.567999839782715,6.567999839782715,6.46999979019165,6.480000019073486,4.980999946594238,2475500
CP.TO,2004-02-23,6.510000228881836,6.539999961853027,6.429999828338623,6.478000164031982,4.979464530944824,3197000
CP.TO,2004-02-24,6.420000076293945,6.458000183105469,6.1539998054504395,6.449999809265137,4.957939624786377,4281000
CP.TO,2004-02-25,6.440000057220459,6.46999979019165,6.380000114440918,6.380000114440918,4.904134750366211,1801000
CP.TO,2004-02-26,6.440000057220459,6.440000057220459,6.2820000648498535,6.300000190734863,4.842640399932861,2588500
CP.TO,2004-02-27,6.289999961853027,6.349999904632568,6.239999771118164,6.300000190734863,4.842640399932861,4040500
CP.TO,2004-03-01,6.309999942779541,6.340000152587891,6.22599983215332,6.309999942779541,4.850327491760254,4056000
CP.TO,2004-03-02,6.400000095367432,6.4720001220703125,6.331999778747559,6.449999809265137,4.957939624786377,5966000
CP.TO,2004-03-03,6.480000019073486,6.579999923706055,6.372000217437744,6.552000045776367,5.036344051361084,3236500
CP.TO,2004-03-04,6.599999904632568,6.659999847412109,6.579999923706055,6.599999904632568,5.073241710662842,5302000
CP.TO,2004-03-05,6.618000030517578,6.671999931335449,6.5920000076293945,6.610000133514404,5.080928802490234,3175000
CP.TO,2004-03-08,6.670000076293945,6.671999931335449,6.541999816894531,6.550000190734863,5.034805774688721,1854500
CP.TO,2004-03-09,6.550000190734863,6.561999797821045,6.389999866485596,6.400000095367432,4.919508457183838,2436000
CP.TO,2004-03-10,6.4679999351501465,6.4679999351501465,6.254000186920166,6.28000020980835,4.827267646789551,3659500
CP.TO,2004-03-11,6.214000225067139,6.300000190734863,6.179999828338623,6.199999809265137,4.765772819519043,3135500
CP.TO,2004-03-12,6.199999809265137,6.263999938964844,6.190000057220459,6.263999938964844,4.814968585968018,2982000
CP.TO,2004-03-15,6.26800012588501,6.26800012588501,6.150000095367432,6.2220001220703125,4.782680988311768,4180000
CP.TO,2004-03-16,6.2220001220703125,6.257999897003174,6.1519999504089355,6.179999828338623,4.7503981590271,1714500
CP.TO,2004-03-17,6.199999809265137,6.374000072479248,6.191999912261963,6.329999923706055,4.865700721740723,3486500
CP.TO,2004-03-18,6.300000190734863,6.368000030517578,6.245999813079834,6.285999774932861,4.8318772315979,2373000
CP.TO,2004-03-19,6.300000190734863,6.386000156402588,6.28000020980835,6.300000190734863,4.842640399932861,5328500
CP.TO,2004-03-22,6.300000190734863,6.300000190734863,6.185999870300293,6.2220001220703125,4.782680988311768,1492500
CP.TO,2004-03-23,6.269999980926514,6.28000020980835,6.165999889373779,6.171999931335449,4.7442498207092285,2156500
CP.TO,2004-03-24,6.182000160217285,6.199999809265137,6.064000129699707,6.150000095367432,4.7470269203186035,3471500
CP.TO,2004-03-25,6.179999828338623,6.25,6.119999885559082,6.25,4.824214935302734,1934000
CP.TO,2004-03-26,6.25,6.289999961853027,6.202000141143799,6.28000020980835,4.847373962402344,3816500
CP.TO,2004-03-29,6.3480000495910645,6.447999954223633,6.302000045776367,6.4120001792907715,4.9492597579956055,2153500
CP.TO,2004-03-30,6.389999866485596,6.418000221252441,6.360000133514404,6.400000095367432,4.939996242523193,2845500
CP.TO,2004-03-31,6.440000057220459,6.440000057220459,6.300000190734863,6.300000190734863,4.862808704376221,2583500
CP.TO,2004-04-01,6.372000217437744,6.374000072479248,6.300000190734863,6.309999942779541,4.8705291748046875,1649500
CP.TO,2004-04-02,6.400000095367432,6.48199987411499,6.400000095367432,6.429999828338623,4.96315336227417,4958000
CP.TO,2004-04-05,6.498000144958496,6.558000087738037,6.480000019073486,6.550000190734863,5.055777072906494,3131500
CP.TO,2004-04-06,6.4720001220703125,6.590000152587891,6.4720001220703125,6.544000148773193,5.051145553588867,1389500
CP.TO,2004-04-07,6.572000026702881,6.572000026702881,6.480000019073486,6.480000019073486,5.001745223999023,3362000
CP.TO,2004-04-08,6.53000020980835,6.53000020980835,6.449999809265137,6.466000080108643,4.99093770980835,1101500
CP.TO,2004-04-12,6.5,6.5,6.4079999923706055,6.440000057220459,4.9708709716796875,941000
CP.TO,2004-04-13,6.466000080108643,6.498000144958496,6.296000003814697,6.322000026702881,4.879788875579834,2971500
CP.TO,2004-04-14,6.320000171661377,6.434000015258789,6.276000022888184,6.323999881744385,4.881336212158203,6146000
CP.TO,2004-04-15,6.320000171661377,6.377999782562256,6.265999794006348,6.335999965667725,4.890597343444824,3145500
CP.TO,2004-04-16,6.380000114440918,6.380000114440918,6.300000190734863,6.354000091552734,4.904487609863281,3054500
CP.TO,2004-04-19,6.354000091552734,6.354000091552734,6.263999938964844,6.300000190734863,4.862808704376221,4485500
CP.TO,2004-04-20,6.331999778747559,6.335999965667725,6.239999771118164,6.2779998779296875,4.845826148986816,4058500
CP.TO,2004-04-21,6.263999938964844,6.28000020980835,6.1620001792907715,6.196000099182129,4.782531261444092,3749000
CP.TO,2004-04-22,6.23199987411499,6.300000190734863,6.202000141143799,6.300000190734863,4.862808704376221,5976500
CP.TO,2004-04-23,6.315999984741211,6.440000057220459,6.269999980926514,6.3979997634887695,4.938452243804932,3467500
CP.TO,2004-04-26,6.460000038146973,6.484000205993652,6.320000171661377,6.354000091552734,4.904487609863281,3514500
CP.TO,2004-04-27,6.210000038146973,6.420000076293945,6.202000141143799,6.239999771118164,4.816495895385742,5123500
CP.TO,2004-04-28,6.199999809265137,6.23799991607666,6.099999904632568,6.099999904632568,4.708433628082275,5460000
CP.TO,2004-04-29,6.142000198364258,6.199999809265137,6.110000133514404,6.110000133514404,4.716153144836426,1826500
CP.TO,2004-04-30,6.150000095367432,6.168000221252441,6.081999778747559,6.099999904632568,4.708433628082275,1804000
CP.TO,2004-05-03,6.139999866485596,6.159999847412109,6.078000068664551,6.119999885559082,4.723870277404785,3680500
CP.TO,2004-05-04,6.173999786376953,6.236000061035156,6.130000114440918,6.230000019073486,4.808779716491699,3874500
CP.TO,2004-05-05,6.210000038146973,6.25,6.159999847412109,6.25,4.824214935302734,3060500
CP.TO,2004-05-06,6.199999809265137,6.23799991607666,6.150000095367432,6.199999809265137,4.785624027252197,3303000
CP.TO,2004-05-07,6.139999866485596,6.199999809265137,6.116000175476074,6.168000221252441,4.760919094085693,2902500
CP.TO,2004-05-10,6.127999782562256,6.139999866485596,6.079999923706055,6.099999904632568,4.708433628082275,2439500
CP.TO,2004-05-11,6.110000133514404,6.170000076293945,6.078000068664551,6.139999866485596,4.739309787750244,1453000
CP.TO,2004-05-12,6.139999866485596,6.165999889373779,6.099999904632568,6.107999801635742,4.714608669281006,2394500
CP.TO,2004-05-13,6.090000152587891,6.130000114440918,6.090000152587891,6.119999885559082,4.723870277404785,1763000
CP.TO,2004-05-14,6.116000175476074,6.145999908447266,6.070000171661377,6.124000072479248,4.726959705352783,1084000
CP.TO,2004-05-17,6.070000171661377,6.144000053405762,6.056000232696533,6.081999778747559,4.694539546966553,2375000
CP.TO,2004-05-18,6.099999904632568,6.138000011444092,5.989999771118164,5.995999813079834,4.628156661987305,2042000
CP.TO,2004-05-19,6.010000228881836,6.033999919891357,5.989999771118164,5.995999813079834,4.628156661987305,3104500
CP.TO,2004-05-20,6.0,6.0,5.9019999504089355,5.914000034332275,4.564864635467529,1936000
CP.TO,2004-05-21,5.923999786376953,5.99399995803833,5.872000217437744,5.99399995803833,4.626615524291992,1732500
CP.TO,2004-05-25,5.989999771118164,5.99399995803833,5.929999828338623,5.98799991607666,4.621986389160156,3136500
CP.TO,2004-05-26,5.98799991607666,6.0,5.900000095367432,5.980000019073486,4.615809440612793,4267500
CP.TO,2004-05-27,6.038000106811523,6.179999828338623,6.019999980926514,6.170000076293945,4.762466907501221,8019000
CP.TO,2004-05-28,6.199999809265137,6.21999979019165,6.090000152587891,6.099999904632568,4.708433628082275,2955500
CP.TO,2004-05-31,6.099999904632568,6.138000011444092,6.064000129699707,6.138000011444092,4.737767219543457,992000
CP.TO,2004-06-01,6.099999904632568,6.118000030517578,6.03000020980835,6.041999816894531,4.663664817810059,1422500
CP.TO,2004-06-02,6.067999839782715,6.156000137329102,6.021999835968018,6.156000137329102,4.7516584396362305,4912500
CP.TO,2004-06-03,6.144000053405762,6.211999893188477,6.130000114440918,6.1579999923706055,4.753201961517334,5087500
CP.TO,2004-06-04,6.21999979019165,6.320000171661377,6.184000015258789,6.260000228881836,4.83193302154541,4540000
CP.TO,2004-06-07,6.360000133514404,6.51200008392334,6.360000133514404,6.51200008392334,5.026447772979736,9601500
CP.TO,2004-06-08,6.460000038146973,6.576000213623047,6.449999809265137,6.572000026702881,5.072757720947266,4900500
CP.TO,2004-06-09,6.559999942779541,6.559999942779541,6.429999828338623,6.4720001220703125,4.995570182800293,4885500
CP.TO,2004-06-10,6.460000038146973,6.47599983215332,6.300000190734863,6.300000190734863,4.862808704376221,3214000
CP.TO,2004-06-11,6.334000110626221,6.380000114440918,6.320000171661377,6.340000152587891,4.893683433532715,2086000
CP.TO,2004-06-14,6.300000190734863,6.340000152587891,6.2220001220703125,6.28000020980835,4.847373962402344,1853000
CP.TO,2004-06-15,6.320000171661377,6.3460001945495605,6.27400016784668,6.28000020980835,4.847373962402344,2584000
CP.TO,2004-06-16,6.291999816894531,6.340000152587891,6.239999771118164,6.285999774932861,4.852001667022705,3888500
CP.TO,2004-06-17,6.320000171661377,6.329999923706055,6.25600004196167,6.329999923706055,4.88596773147583,1111000
CP.TO,2004-06-18,6.300000190734863,6.400000095367432,6.257999897003174,6.257999897003174,4.830390453338623,2542000
CP.TO,2004-06-21,6.329999923706055,6.389999866485596,6.288000106811523,6.349999904632568,4.901400089263916,1748000
CP.TO,2004-06-22,6.340000152587891,6.447999954223633,6.328000068664551,6.409999847412109,4.947714328765869,1927000
CP.TO,2004-06-23,6.400000095367432,6.492000102996826,6.400000095367432,6.478000164031982,5.020251274108887,3959500
CP.TO,2004-06-24,6.478000164031982,6.478000164031982,6.400000095367432,6.434000015258789,4.986153602600098,1630500
CP.TO,2004-06-25,6.4120001792907715,6.5,6.4019999504089355,6.415999889373779,4.972206115722656,2712500
CP.TO,2004-06-28,6.449999809265137,6.53000020980835,6.449999809265137,6.50600004196167,5.041950702667236,3685000
CP.TO,2004-06-29,6.519999980926514,6.611999988555908,6.51200008392334,6.581999778747559,5.100849151611328,4016000
CP.TO,2004-06-30,6.593999862670898,6.619999885559082,6.53000020980835,6.550000190734863,5.076048851013184,2544000
CP.TO,2004-07-02,6.501999855041504,6.515999794006348,6.46999979019165,6.489999771118164,5.0295515060424805,1125500
CP.TO,2004-07-05,6.519999980926514,6.570000171661377,6.480000019073486,6.541999816894531,5.069850444793701,1499000
CP.TO,2004-07-06,6.53000020980835,6.5980000495910645,6.519999980926514,6.584000110626221,5.1023993492126465,3926500
CP.TO,2004-07-07,6.584000110626221,6.673999786376953,6.559999942779541,6.645999908447266,5.15044641494751,1714000
CP.TO,2004-07-08,6.5980000495910645,6.5980000495910645,6.4720001220703125,6.495999813079834,5.034200668334961,1772000
CP.TO,2004-07-09,6.498000144958496,6.51800012588501,6.46999979019165,6.48199987411499,5.02335262298584,714500
CP.TO,2004-07-12,6.460000038146973,6.5,6.440000057220459,6.46999979019165,5.01405143737793,4243500
CP.TO,2004-07-13,6.4679999351501465,6.51800012588501,6.435999870300293,6.441999912261963,4.9923529624938965,3842500
CP.TO,2004-07-14,6.441999912261963,6.53000020980835,6.429999828338623,6.486000061035156,5.026451587677002,1868500
CP.TO,2004-07-15,6.5,6.51800012588501,6.432000160217285,6.432000160217285,4.98460054397583,1971500
CP.TO,2004-07-16,6.46999979019165,6.480000019073486,6.340000152587891,6.360000133514404,4.928806781768799,1805500
CP.TO,2004-07-19,6.366000175476074,6.473999977111816,6.366000175476074,6.4679999351501465,5.012502670288086,2034000
CP.TO,2004-07-20,6.5,6.639999866485596,6.495999813079834,6.599999904632568,5.114800453186035,2423500
CP.TO,2004-07-21,6.650000095367432,6.670000076293945,6.6020002365112305,6.638000011444092,5.1442461013793945,2194000
CP.TO,2004-07-22,6.6020002365112305,6.6479997634887695,6.53000020980835,6.570000171661377,5.091548919677734,2135000
CP.TO,2004-07-23,6.550000190734863,6.610000133514404,6.550000190734863,6.599999904632568,5.114800453186035,1238500
CP.TO,2004-07-26,6.599999904632568,6.630000114440918,6.552000045776367,6.599999904632568,5.114800453186035,2410500
CP.TO,2004-07-27,6.599999904632568,6.6579999923706055,6.579999923706055,6.5960001945495605,5.111698150634766,1716500
CP.TO,2004-07-28,6.639999866485596,6.734000205993652,6.550000190734863,6.734000205993652,5.218644618988037,2992500
CP.TO,2004-07-29,6.73199987411499,6.843999862670898,6.6620001792907715,6.828000068664551,5.291491985321045,4190500
CP.TO,2004-07-30,6.800000190734863,6.800000190734863,6.7220001220703125,6.739999771118164,5.223294258117676,1065500
CP.TO,2004-08-03,6.829999923706055,6.8379998207092285,6.699999809265137,6.809999942779541,5.2775421142578125,1662000
CP.TO,2004-08-04,6.800000190734863,6.829999923706055,6.691999912261963,6.800000190734863,5.269794464111328,5285500
CP.TO,2004-08-05,6.806000232696533,6.806000232696533,6.728000164031982,6.728000164031982,5.213992595672607,3389500
CP.TO,2004-08-06,6.702000141143799,6.702000141143799,6.550000190734863,6.605999946594238,5.119449138641357,1632500
CP.TO,2004-08-09,6.5980000495910645,6.5980000495910645,6.501999855041504,6.553999900817871,5.079150676727295,1096000
CP.TO,2004-08-10,6.501999855041504,6.550000190734863,6.460000038146973,6.478000164031982,5.020251274108887,1378000
CP.TO,2004-08-11,6.452000141143799,6.5,6.429999828338623,6.453999996185303,5.001654148101807,1571000
CP.TO,2004-08-12,6.453999996185303,6.480000019073486,6.320000171661377,6.466000080108643,5.010952472686768,1484500
CP.TO,2004-08-13,6.406000137329102,6.480000019073486,6.381999969482422,6.480000019073486,5.021800994873047,700500
CP.TO,2004-08-16,6.449999809265137,6.607999801635742,6.449999809265137,6.607999801635742,5.120996952056885,1580000
CP.TO,2004-08-17,6.599999904632568,6.630000114440918,6.553999900817871,6.590000152587891,5.107048511505127,991000
CP.TO,2004-08-18,6.552000045776367,6.610000133514404,6.501999855041504,6.526000022888184,5.0574517250061035,1262500
CP.TO,2004-08-19,6.501999855041504,6.533999919891357,6.4019999504089355,6.460000038146973,5.006300926208496,1240500
CP.TO,2004-08-20,6.420000076293945,6.590000152587891,6.420000076293945,6.515999794006348,5.049700736999512,955000
CP.TO,2004-08-23,6.5279998779296875,6.550000190734863,6.46999979019165,6.51200008392334,5.046602249145508,474500
CP.TO,2004-08-24,6.452000141143799,6.599999904632568,6.452000141143799,6.564000129699707,5.086900234222412,2010000
CP.TO,2004-08-25,6.559999942779541,6.677999973297119,6.521999835968018,6.6479997634887695,5.1519975662231445,1326000
CP.TO,2004-08-26,6.659999847412109,6.703999996185303,6.6020002365112305,6.671999931335449,5.170595169067383,1421000
CP.TO,2004-08-27,6.650000095367432,6.71999979019165,6.599999904632568,6.691999912261963,5.186093807220459,1177000
CP.TO,2004-08-30,6.630000114440918,6.670000076293945,6.556000232696533,6.6020002365112305,5.116349697113037,1048000
CP.TO,2004-08-31,6.590000152587891,6.673999786376953,6.559999942779541,6.673999786376953,5.172145843505859,984000
CP.TO,2004-09-01,6.639999866485596,6.696000099182129,6.611999988555908,6.642000198364258,5.147347450256348,609000
CP.TO,2004-09-02,6.610000133514404,6.690000057220459,6.585999965667725,6.690000057220459,5.184545993804932,730000
CP.TO,2004-09-03,6.679999828338623,6.679999828338623,6.599999904632568,6.659999847412109,5.161294937133789,1103500
CP.TO,2004-09-07,6.630000114440918,6.688000202178955,6.630000114440918,6.644000053405762,5.148895740509033,884000
CP.TO,2004-09-08,6.610000133514404,6.76800012588501,6.590000152587891,6.711999893188477,5.201595306396484,1670000
CP.TO,2004-09-09,6.676000118255615,6.690000057220459,6.616000175476074,6.639999866485596,5.145796298980713,1321500
CP.TO,2004-09-10,6.610000133514404,6.639999866485596,6.572000026702881,6.572000026702881,5.093098163604736,636000
CP.TO,2004-09-13,6.590000152587891,6.659999847412109,6.576000213623047,6.630000114440918,5.138046741485596,2122500
CP.TO,2004-09-14,6.6020002365112305,6.636000156402588,6.553999900817871,6.631999969482422,5.139596939086914,1968000
CP.TO,2004-09-15,6.584000110626221,6.636000156402588,6.584000110626221,6.630000114440918,5.138046741485596,778000
CP.TO,2004-09-16,6.6020002365112305,6.659999847412109,6.6020002365112305,6.627999782562256,5.136498928070068,793000
CP.TO,2004-09-17,6.6020002365112305,6.650000095367432,6.464000225067139,6.480000019073486,5.021800994873047,5160000
CP.TO,2004-09-20,6.452000141143799,6.5,6.4120001792907715,6.423999786376953,4.9784016609191895,3842000
CP.TO,2004-09-21,6.447999954223633,6.480000019073486,6.421999931335449,6.460000038146973,5.006300926208496,3980500
CP.TO,2004-09-22,6.440000057220459,6.460000038146973,6.400000095367432,6.432000160217285,5.005212783813477,6085000
CP.TO,2004-09-23,6.415999889373779,6.452000141143799,6.415999889373779,6.440000057220459,5.011439800262451,3934500
CP.TO,2004-09-24,6.409999847412109,6.446000099182129,6.409999847412109,6.440000057220459,5.011439800262451,3771500
CP.TO,2004-09-27,6.421999931335449,6.435999870300293,6.374000072479248,6.389999866485596,4.972527980804443,4227000
CP.TO,2004-09-28,6.389999866485596,6.460000038146973,6.3420000076293945,6.441999912261963,5.012994289398193,4776500
CP.TO,2004-09-29,6.409999847412109,6.519999980926514,6.409999847412109,6.519999980926514,5.073694229125977,1677500
CP.TO,2004-09-30,6.460000038146973,6.539999961853027,6.440000057220459,6.538000106811523,5.087700366973877,2340000
CP.TO,2004-10-01,6.489999771118164,6.570000171661377,6.489999771118164,6.546000003814697,5.093923091888428,1148000
CP.TO,2004-10-04,6.539999961853027,6.619999885559082,6.519999980926514,6.604000091552734,5.1390581130981445,2373500
CP.TO,2004-10-05,6.5920000076293945,6.599999904632568,6.526000022888184,6.559999942779541,5.104820728302002,2918000
CP.TO,2004-10-06,6.561999797821045,6.599999904632568,6.547999858856201,6.599999904632568,5.135948181152344,1025000
CP.TO,2004-10-07,6.552000045776367,6.619999885559082,6.552000045776367,6.619999885559082,5.1515116691589355,2821000
CP.TO,2004-10-08,6.573999881744385,6.627999782562256,6.573999881744385,6.599999904632568,5.135948181152344,847500
CP.TO,2004-10-12,6.579999923706055,6.789999961853027,6.573999881744385,6.789999961853027,5.28380012512207,2733500
CP.TO,2004-10-13,6.789999961853027,6.849999904632568,6.757999897003174,6.76800012588501,5.266681671142578,3130000
CP.TO,2004-10-14,6.751999855041504,6.788000106811523,6.693999767303467,6.76800012588501,5.266681671142578,3136000
CP.TO,2004-10-15,6.730000019073486,6.829999923706055,6.730000019073486,6.809999942779541,5.299362659454346,1432000
CP.TO,2004-10-18,6.803999900817871,6.8480000495910645,6.760000228881836,6.8480000495910645,5.3289337158203125,5839500
CP.TO,2004-10-19,6.860000133514404,6.889999866485596,6.840000152587891,6.840000152587891,5.322707176208496,5198500
CP.TO,2004-10-20,6.800000190734863,6.920000076293945,6.800000190734863,6.920000076293945,5.384963035583496,2314500
CP.TO,2004-10-21,6.929999828338623,6.960000038146973,6.869999885559082,6.880000114440918,5.353835582733154,2245500
CP.TO,2004-10-22,6.823999881744385,6.947999954223633,6.823999881744385,6.849999904632568,5.330489635467529,1810000
CP.TO,2004-10-25,6.817999839782715,6.866000175476074,6.71999979019165,6.7779998779296875,5.2744598388671875,1277000
CP.TO,2004-10-26,6.800000190734863,6.831999778747559,6.699999809265137,6.791999816894531,5.285356044769287,3001000
CP.TO,2004-10-27,6.800000190734863,6.940000057220459,6.760000228881836,6.835999965667725,5.319596290588379,19899000
CP.TO,2004-10-28,6.860000133514404,6.934000015258789,6.8480000495910645,6.918000221252441,5.383406162261963,3281500
CP.TO,2004-10-29,6.920000076293945,6.949999809265137,6.861999988555908,6.881999969482422,5.3553900718688965,1695000
CP.TO,2004-11-01,6.861999988555908,6.960000038146973,6.8520002365112305,6.960000038146973,5.416088104248047,1236000
CP.TO,2004-11-02,6.960000038146973,6.96999979019165,6.869999885559082,6.923999786376953,5.38807487487793,2246000
CP.TO,2004-11-03,6.923999786376953,6.947999954223633,6.840000152587891,6.860000133514404,5.338271617889404,2054000
CP.TO,2004-11-04,6.860000133514404,6.9019999504089355,6.803999900817871,6.8979997634887695,5.367842197418213,1413000
CP.TO,2004-11-05,6.894000053405762,6.960000038146973,6.880000114440918,6.958000183105469,5.414533615112305,1311500
CP.TO,2004-11-08,6.958000183105469,6.958000183105469,6.9039998054504395,6.929999828338623,5.392744541168213,4931000
CP.TO,2004-11-09,6.921999931335449,6.9720001220703125,6.921999931335449,6.952000141143799,5.409865379333496,4112500
CP.TO,2004-11-10,6.960000038146973,7.019999980926514,6.920000076293945,6.949999809265137,5.4083075523376465,2763500
CP.TO,2004-11-11,6.96999979019165,7.010000228881836,6.952000141143799,6.992000102996826,5.440989971160889,1676500
CP.TO,2004-11-12,7.03000020980835,7.03000020980835,6.940000057220459,6.940000057220459,5.400523662567139,2709000
CP.TO,2004-11-15,6.980000019073486,6.980000019073486,6.938000202178955,6.952000141143799,5.409865379333496,3381500
CP.TO,2004-11-16,6.955999851226807,7.1479997634887695,6.953999996185303,7.1479997634887695,5.5623860359191895,8114500
CP.TO,2004-11-17,7.21999979019165,7.449999809265137,7.199999809265137,7.3480000495910645,5.718022346496582,15477000
CP.TO,2004-11-18,7.28000020980835,7.340000152587891,7.248000144958496,7.300000190734863,5.680669784545898,6894000
CP.TO,2004-11-19,7.260000228881836,7.28000020980835,7.208000183105469,7.254000186920166,5.644874572753906,5824500
CP.TO,2004-11-22,7.202000141143799,7.406000137329102,7.202000141143799,7.369999885559082,5.7351393699646,2371500
CP.TO,2004-11-23,7.323999881744385,7.550000190734863,7.323999881744385,7.539999961853027,5.867429733276367,6253500
CP.TO,2004-11-24,7.53000020980835,7.730000019073486,7.53000020980835,7.668000221252441,5.967036247253418,9759500
CP.TO,2004-11-25,7.625999927520752,7.703999996185303,7.6020002365112305,7.699999809265137,5.991939544677734,2515000
CP.TO,2004-11-26,7.659999847412109,7.679999828338623,7.5,7.550000190734863,5.875213623046875,3130000
CP.TO,2004-11-29,7.5,7.579999923706055,7.420000076293945,7.533999919891357,5.862762451171875,3235500
CP.TO,2004-11-30,7.510000228881836,7.800000190734863,7.50600004196167,7.769999980926514,6.0464091300964355,9523500
CP.TO,2004-12-01,7.809999942779541,7.8379998207092285,7.670000076293945,7.745999813079834,6.027733325958252,5478000
CP.TO,2004-12-02,7.699999809265137,7.751999855041504,7.559999942779541,7.6539998054504395,5.956140041351318,5288000
CP.TO,2004-12-03,7.6539998054504395,7.696000099182129,7.624000072479248,7.6479997634887695,5.951473712921143,3438500
CP.TO,2004-12-06,7.613999843597412,7.659999847412109,7.510000228881836,7.599999904632568,5.914122581481934,4032000
CP.TO,2004-12-07,7.590000152587891,7.630000114440918,7.570000171661377,7.579999923706055,5.898558139801025,2794500
CP.TO,2004-12-08,7.599999904632568,7.619999885559082,7.550000190734863,7.590000152587891,5.906339168548584,1858500
CP.TO,2004-12-09,7.550000190734863,7.616000175476074,7.421999931335449,7.599999904632568,5.914122581481934,3122500
CP.TO,2004-12-10,7.559999942779541,7.599999904632568,7.388000011444092,7.388000011444092,5.749146461486816,4989500
CP.TO,2004-12-13,7.388000011444092,7.53000020980835,7.3520002365112305,7.53000020980835,5.859647750854492,5160000
CP.TO,2004-12-14,7.605999946594238,7.947999954223633,7.605999946594238,7.880000114440918,6.132008075714111,16127000
CP.TO,2004-12-15,7.860000133514404,7.935999870300293,7.820000171661377,7.929999828338623,6.170917510986328,10557000
CP.TO,2004-12-16,7.892000198364258,7.978000164031982,7.820000171661377,7.860000133514404,6.116446018218994,4069000
CP.TO,2004-12-17,7.809999942779541,7.8460001945495605,7.607999801635742,7.7820000648498535,6.055747032165527,5806500
CP.TO,2004-12-20,7.849999904632568,7.920000076293945,7.823999881744385,7.881999969482422,6.133566856384277,4813000
CP.TO,2004-12-21,7.880000114440918,8.3100004196167,7.880000114440918,8.265999794006348,6.4323835372924805,11360500
CP.TO,2004-12-22,8.210000038146973,8.25,8.10200023651123,8.204000473022461,6.384137153625488,7009000
CP.TO,2004-12-23,8.173999786376953,8.199999809265137,8.119999885559082,8.15999984741211,6.349897384643555,1163000
CP.TO,2004-12-24,8.199999809265137,8.199999809265137,8.121999740600586,8.196000099182129,6.377911567687988,101000
CP.TO,2004-12-29,8.131999969482422,8.289999961853027,8.071999549865723,8.25,6.41993522644043,3855500
CP.TO,2004-12-30,8.234000205993652,8.289999961853027,8.184000015258789,8.272000312805176,6.437053203582764,856000
CP.TO,2004-12-31,8.25,8.28600025177002,8.220000267028809,8.220000267028809,6.3965911865234375,908000
CP.TO,2005-01-04,8.260000228881836,8.300000190734863,8.157999992370605,8.199999809265137,6.381022930145264,2489500
CP.TO,2005-01-05,8.109999656677246,8.180000305175781,8.02400016784668,8.02400016784668,6.2440643310546875,3447000
CP.TO,2005-01-06,7.96999979019165,8.052000045776367,7.920000076293945,7.966000080108643,6.198934078216553,3423500
CP.TO,2005-01-07,7.96999979019165,7.96999979019165,7.754000186920166,7.811999797821045,6.079091548919678,3626000
CP.TO,2005-01-10,7.800000190734863,7.953999996185303,7.78000020980835,7.938000202178955,6.177142143249512,3566000
CP.TO,2005-01-11,7.929999828338623,7.960000038146973,7.875999927520752,7.9079999923706055,6.153797626495361,2818500
CP.TO,2005-01-12,7.906000137329102,7.906000137329102,7.739999771118164,7.877999782562256,6.130453586578369,2496000
CP.TO,2005-01-13,7.751999855041504,7.892000198364258,7.751999855041504,7.776000022888184,6.051079273223877,2004000
CP.TO,2005-01-14,7.78000020980835,8.0,7.776000022888184,7.980000019073486,6.209826946258545,3871000
CP.TO,2005-01-17,7.929999828338623,7.978000164031982,7.909999847412109,7.929999828338623,6.170917510986328,409500
CP.TO,2005-01-18,7.894000053405762,8.197999954223633,7.889999866485596,8.152000427246094,6.3436713218688965,8688000
CP.TO,2005-01-19,8.149999618530273,8.184000015258789,8.0600004196167,8.100000381469727,6.303206920623779,2580500
CP.TO,2005-01-20,8.062000274658203,8.100000381469727,8.001999855041504,8.076000213623047,6.2845306396484375,1551500
CP.TO,2005-01-21,8.095999717712402,8.095999717712402,8.039999961853027,8.057999610900879,6.270522117614746,1559500
CP.TO,2005-01-24,8.02400016784668,8.09000015258789,8.020000457763672,8.062000274658203,6.2736358642578125,1973000
CP.TO,2005-01-25,8.07800006866455,8.300000190734863,8.062000274658203,8.300000190734863,6.4588422775268555,2530500
CP.TO,2005-01-26,8.399999618530273,8.4399995803833,8.15999984741211,8.15999984741211,6.349897384643555,7089000
CP.TO,2005-01-27,8.199999809265137,8.220000267028809,8.079999923706055,8.154000282287598,6.345229148864746,5536500
CP.TO,2005-01-28,8.154000282287598,8.270000457763672,8.149999618530273,8.204000473022461,6.384137153625488,2997500
CP.TO,2005-01-31,8.184000015258789,8.399999618530273,8.182000160217285,8.399999618530273,6.5366597175598145,4089000
CP.TO,2005-02-01,8.359999656677246,8.399999618530273,8.319999694824219,8.362000465393066,6.507089614868164,2204500
CP.TO,2005-02-02,8.350000381469727,8.430000305175781,8.350000381469727,8.381999969482422,6.5226521492004395,5344000
CP.TO,2005-02-03,8.394000053405762,8.399999618530273,8.326000213623047,8.329999923706055,6.482185363769531,1807500
CP.TO,2005-02-04,8.303999900817871,8.494000434875488,8.260000228881836,8.48799991607666,6.605136394500732,4010500
CP.TO,2005-02-07,8.470000267028809,8.496000289916992,8.383999824523926,8.399999618530273,6.5366597175598145,2007000
CP.TO,2005-02-08,8.399999618530273,8.449999809265137,8.338000297546387,8.449999809265137,6.575571060180664,2383000
CP.TO,2005-02-09,8.40999984741211,8.437999725341797,8.369999885559082,8.380000114440918,6.521096229553223,1255500
CP.TO,2005-02-10,8.37399959564209,8.447999954223633,8.34000015258789,8.420000076293945,6.552222728729248,1120000
CP.TO,2005-02-11,8.369999885559082,8.557999610900879,8.369999885559082,8.503999710083008,6.617588043212891,1289500
CP.TO,2005-02-14,8.503999710083008,8.520000457763672,8.402000427246094,8.423999786376953,6.555333614349365,1506500
CP.TO,2005-02-15,8.444000244140625,8.46399974822998,8.279999732971191,8.302000045776367,6.4603962898254395,2980500
CP.TO,2005-02-16,8.260000228881836,8.342000007629395,8.251999855041504,8.300000190734863,6.4588422775268555,1605000
CP.TO,2005-02-17,8.239999771118164,8.369999885559082,8.218000411987305,8.312000274658203,6.468180179595947,2120500
CP.TO,2005-02-18,8.25,8.420000076293945,8.25,8.40999984741211,6.544441223144531,2608000
CP.TO,2005-02-21,8.314000129699707,8.420000076293945,8.314000129699707,8.407999992370605,6.542887210845947,660500
CP.TO,2005-02-22,8.350000381469727,8.38599967956543,8.22599983215332,8.336000442504883,6.486856937408447,2705500
CP.TO,2005-02-23,8.289999961853027,8.465999603271484,8.289999961853027,8.371999740600586,6.514870643615723,3883500
CP.TO,2005-02-24,8.390000343322754,8.54800033569336,8.387999534606934,8.520000457763672,6.630041599273682,3871500
CP.TO,2005-02-25,8.5,8.779999732971191,8.5,8.75,6.809020042419434,5058500
CP.TO,2005-02-28,8.680000305175781,8.815999984741211,8.649999618530273,8.77400016784668,6.827695369720459,3304500
CP.TO,2005-03-01,8.779999732971191,8.907999992370605,8.748000144958496,8.868000030517578,6.900846481323242,3600500
CP.TO,2005-03-02,8.821999549865723,8.894000053405762,8.770000457763672,8.84000015258789,6.879055023193359,1453500
CP.TO,2005-03-03,8.869999885559082,9.017999649047852,8.869999885559082,9.0,7.003565311431885,6371500
CP.TO,2005-03-04,9.0,9.303999900817871,8.960000038146973,9.180000305175781,7.1436333656311035,5593500
CP.TO,2005-03-07,9.180000305175781,9.265999794006348,9.180000305175781,9.229999542236328,7.182542324066162,3718000
CP.TO,2005-03-08,9.180000305175781,9.258000373840332,9.112000465393066,9.192000389099121,7.152975082397461,3890000
CP.TO,2005-03-09,9.109999656677246,9.15999984741211,9.001999855041504,9.027999877929688,7.025352478027344,5700000
CP.TO,2005-03-10,8.961999893188477,8.998000144958496,8.869999885559082,8.869999885559082,6.902400970458984,6289000
CP.TO,2005-03-11,8.821999549865723,8.949999809265137,8.76200008392334,8.76200008392334,6.818358898162842,4027500
CP.TO,2005-03-14,8.800000190734863,8.800000190734863,8.652000427246094,8.741999626159668,6.802793502807617,1802000
CP.TO,2005-03-15,8.70199966430664,8.8100004196167,8.649999618530273,8.684000015258789,6.757660388946533,2041500
CP.TO,2005-03-16,8.739999771118164,8.739999771118164,8.539999961853027,8.630000114440918,6.715641021728516,1425000
CP.TO,2005-03-17,8.640000343322754,8.817999839782715,8.600000381469727,8.755999565124512,6.813690662384033,7566500
CP.TO,2005-03-18,8.755999565124512,8.8100004196167,8.65999984741211,8.729999542236328,6.793455600738525,5087000
CP.TO,2005-03-21,8.729999542236328,8.800000190734863,8.59000015258789,8.59000015258789,6.684515953063965,2325500
CP.TO,2005-03-22,8.592000007629395,8.791999816894531,8.592000007629395,8.699999809265137,6.791140079498291,6374500
CP.TO,2005-03-23,8.666000366210938,8.748000144958496,8.5600004196167,8.5600004196167,6.681858539581299,4053500
CP.TO,2005-03-24,8.600000381469727,8.708000183105469,8.59000015258789,8.60200023651123,6.714642524719238,3919000
CP.TO,2005-03-28,8.680000305175781,8.697999954223633,8.52400016784668,8.550000190734863,6.674054145812988,1258500
CP.TO,2005-03-29,8.510000228881836,8.600000381469727,8.3100004196167,8.399999618530273,6.556964874267578,3004500
CP.TO,2005-03-30,8.399999618530273,8.557999610900879,8.362000465393066,8.496000289916992,6.63190221786499,1393000
CP.TO,2005-03-31,8.553999900817871,8.779999732971191,8.510000228881836,8.75,6.830170631408691,3805000
CP.TO,2005-04-01,8.779999732971191,8.821999549865723,8.642000198364258,8.73799991607666,6.82080602645874,2252000
CP.TO,2005-04-04,8.670000076293945,8.755999565124512,8.621999740600586,8.755999565124512,6.834855556488037,2059500
CP.TO,2005-04-05,9.140000343322754,9.218000411987305,8.854000091552734,8.930000305175781,6.970672607421875,18625000
CP.TO,2005-04-06,8.979999542236328,9.04800033569336,8.855999946594238,8.930000305175781,6.970672607421875,6035000
CP.TO,2005-04-07,8.859999656677246,8.949999809265137,8.819999694824219,8.942000389099121,6.980041980743408,5954000
CP.TO,2005-04-08,8.9399995803833,8.98799991607666,8.727999687194824,8.748000144958496,6.828612327575684,4255000
CP.TO,2005-04-11,8.847999572753906,8.925999641418457,8.803999900817871,8.925999641418457,6.967555522918701,1998500
CP.TO,2005-04-12,8.947999954223633,8.989999771118164,8.805999755859375,8.960000038146973,6.994094371795654,3504000
CP.TO,2005-04-13,8.96399974822998,9.0600004196167,8.894000053405762,8.90999984741211,6.955066204071045,10069000
CP.TO,2005-04-14,8.90999984741211,8.947999954223633,8.444000244140625,8.600000381469727,6.713082790374756,5458000
CP.TO,2005-04-15,8.609999656677246,8.673999786376953,8.473999977111816,8.51200008392334,6.644387245178223,3981000
CP.TO,2005-04-18,8.430000305175781,8.697999954223633,8.416000366210938,8.569999694824219,6.689662933349609,2106500
CP.TO,2005-04-19,8.699999809265137,8.977999687194824,8.699999809265137,8.907999992370605,6.953503608703613,5854000
CP.TO,2005-04-20,8.947999954223633,8.984000205993652,8.819999694824219,8.906000137329102,6.951945781707764,4102000
CP.TO,2005-04-21,8.934000015258789,9.069999694824219,8.920000076293945,9.017999649047852,7.039369583129883,3974000
CP.TO,2005-04-22,8.920000076293945,8.998000144958496,8.824000358581543,8.854000091552734,6.911351203918457,3896000
CP.TO,2005-04-25,8.89799976348877,8.937999725341797,8.824000358581543,8.850000381469727,6.908231258392334,3097000
CP.TO,2005-04-26,8.850000381469727,9.0,8.84000015258789,8.880000114440918,6.931646347045898,3981500
CP.TO,2005-04-27,8.862000465393066,8.862000465393066,8.65999984741211,8.770000457763672,6.8457818031311035,3109000
CP.TO,2005-04-28,8.920000076293945,8.954000473022461,8.510000228881836,8.621999740600586,6.730251789093018,7678000
CP.TO,2005-04-29,8.699999809265137,8.829999923706055,8.670000076293945,8.789999961853027,6.861392974853516,4765500
CP.TO,2005-05-02,8.789999961853027,9.086000442504883,8.789999961853027,8.960000038146973,6.994094371795654,10266000
CP.TO,2005-05-03,8.9399995803833,9.039999961853027,8.904000282287598,8.956000328063965,6.9909749031066895,3364000
CP.TO,2005-05-04,8.960000038146973,9.029999732971191,8.960000038146973,9.027999877929688,7.04717493057251,6504000
CP.TO,2005-05-05,9.027999877929688,9.097999572753906,8.925999641418457,8.925999641418457,6.967555522918701,4910500
CP.TO,2005-05-06,9.0,9.050000190734863,8.887999534606934,8.979999542236328,7.009707927703857,2476500
CP.TO,2005-05-09,8.998000144958496,8.998000144958496,8.9399995803833,8.9399995803833,6.978480815887451,1512000
CP.TO,2005-05-10,8.942000389099121,8.942000389099121,8.831999778747559,8.907999992370605,6.953503608703613,3154500
CP.TO,2005-05-11,8.907999992370605,8.984000205993652,8.859999656677246,8.984000205993652,7.012828826904297,4861500
CP.TO,2005-05-12,9.0,9.069999694824219,8.765999794006348,8.781999588012695,6.855149745941162,3639000
CP.TO,2005-05-13,8.803999900817871,8.899999618530273,8.6899995803833,8.692000389099121,6.784897327423096,5603500
CP.TO,2005-05-16,8.699999809265137,8.89799976348877,8.699999809265137,8.819999694824219,6.884812355041504,2961000
CP.TO,2005-05-17,8.85200023651123,8.90999984741211,8.788000106811523,8.859999656677246,6.916035175323486,2898000
CP.TO,2005-05-18,8.880000114440918,9.272000312805176,8.880000114440918,9.140000343322754,7.134601593017578,4010000
CP.TO,2005-05-19,9.140000343322754,9.248000144958496,9.105999946594238,9.12600040435791,7.1236724853515625,2799000
CP.TO,2005-05-20,9.119999885559082,9.199999809265137,9.107999801635742,9.14799976348877,7.140846252441406,1417000
CP.TO,2005-05-24,9.14799976348877,9.196000099182129,9.0600004196167,9.185999870300293,7.170509338378906,2663000
CP.TO,2005-05-25,9.149999618530273,9.223999977111816,9.10200023651123,9.223999977111816,7.200173854827881,2148500
CP.TO,2005-05-26,9.199999809265137,9.37600040435791,9.161999702453613,9.289999961853027,7.251689434051514,1683500
CP.TO,2005-05-27,9.251999855041504,9.331999778747559,9.25,9.279999732971191,7.243882656097412,1727000
CP.TO,2005-05-30,9.270000457763672,9.3100004196167,9.220000267028809,9.255999565124512,7.225149631500244,811000
CP.TO,2005-05-31,9.350000381469727,9.350000381469727,9.22599983215332,9.229999542236328,7.2048516273498535,3325500
CP.TO,2005-06-01,9.20199966430664,9.260000228881836,9.119999885559082,9.182000160217285,7.167385101318359,1801000
CP.TO,2005-06-02,9.128000259399414,9.284000396728516,9.10200023651123,9.260000228881836,7.228268623352051,1161500
CP.TO,2005-06-03,9.260000228881836,9.29800033569336,9.130000114440918,9.157999992370605,7.148651599884033,934500
CP.TO,2005-06-06,9.119999885559082,9.220000267028809,9.100000381469727,9.100000381469727,7.103377342224121,1197500
CP.TO,2005-06-07,9.069999694824219,9.197999954223633,8.906000137329102,8.906000137329102,6.951945781707764,5904000
CP.TO,2005-06-08,8.96399974822998,8.965999603271484,8.8100004196167,8.82800006866455,6.891056537628174,3070500
CP.TO,2005-06-09,8.819999694824219,8.819999694824219,8.609999656677246,8.666000366210938,6.7646002769470215,5586500
CP.TO,2005-06-10,8.6899995803833,8.772000312805176,8.680000305175781,8.680000305175781,6.775529861450195,3547500
CP.TO,2005-06-13,8.746000289916992,8.9399995803833,8.720000267028809,8.821999549865723,6.8863749504089355,8223500
CP.TO,2005-06-14,8.831999778747559,8.9399995803833,8.829999923706055,8.84000015258789,6.900423526763916,8864500
CP.TO,2005-06-15,8.869999885559082,8.869999885559082,8.715999603271484,8.814000129699707,6.880128383636475,5427000
CP.TO,2005-06-16,8.814000129699707,9.140000343322754,8.79800033569336,9.140000343322754,7.134601593017578,4760500
CP.TO,2005-06-17,9.199999809265137,9.208000183105469,9.10200023651123,9.163999557495117,7.153332710266113,5433500
CP.TO,2005-06-20,9.100000381469727,9.156000137329102,8.934000015258789,9.010000228881836,7.03312349319458,2372000
CP.TO,2005-06-21,9.0,9.029999732971191,8.760000228881836,8.760000228881836,6.837979793548584,4376000
CP.TO,2005-06-22,8.79800033569336,8.881999969482422,8.75,8.803999900817871,6.895938396453857,5258500
CP.TO,2005-06-23,8.784000396728516,8.784000396728516,8.520000457763672,8.576000213623047,6.717353343963623,6297000
CP.TO,2005-06-24,8.550000190734863,8.550000190734863,8.291999816894531,8.321999549865723,6.518401145935059,7116500
CP.TO,2005-06-27,8.336000442504883,8.418000221252441,8.300000190734863,8.36400032043457,6.551296710968018,5689500
CP.TO,2005-06-28,8.399999618530273,8.684000015258789,8.399999618530273,8.684000015258789,6.801945209503174,4997000
CP.TO,2005-06-29,8.699999809265137,8.699999809265137,8.515999794006348,8.640000343322754,6.767481803894043,2765000
CP.TO,2005-06-30,8.65999984741211,8.696000099182129,8.435999870300293,8.477999687194824,6.640590190887451,3023000
CP.TO,2005-07-04,8.657999992370605,8.657999992370605,8.399999618530273,8.399999618530273,6.579495429992676,1002500
CP.TO,2005-07-05,8.380000114440918,8.494000434875488,8.380000114440918,8.4399995803833,6.610825538635254,2046500
CP.TO,2005-07-06,8.5,8.592000007629395,8.40999984741211,8.494000434875488,6.653126239776611,2428500
CP.TO,2005-07-07,8.42199993133545,8.51200008392334,8.380000114440918,8.38599967956543,6.568531513214111,3187000
CP.TO,2005-07-08,8.36400032043457,8.513999938964844,8.36400032043457,8.508000373840332,6.664090156555176,1408500
CP.TO,2005-07-11,8.508000373840332,8.67199993133545,8.508000373840332,8.644000053405762,6.770615577697754,2685500
CP.TO,2005-07-12,8.680000305175781,8.696000099182129,8.486000061035156,8.541999816894531,6.690722942352295,2710000
CP.TO,2005-07-13,8.564000129699707,8.581999778747559,8.357999801635742,8.369999885559082,6.555998802185059,2713000
CP.TO,2005-07-14,8.562000274658203,8.581999778747559,8.470000267028809,8.522000312805176,6.675058841705322,5530000
CP.TO,2005-07-15,8.539999961853027,8.57800006866455,8.482000350952148,8.52400016784668,6.6766228675842285,3507500
CP.TO,2005-07-18,8.59000015258789,8.59000015258789,8.4399995803833,8.444000244140625,6.613958358764648,2220500
CP.TO,2005-07-19,8.520000457763672,8.539999961853027,8.40999984741211,8.531999588012695,6.682888507843018,2004500
CP.TO,2005-07-20,8.517999649047852,8.916000366210938,8.5,8.87399959564209,6.950765609741211,5140500
CP.TO,2005-07-21,8.87399959564209,8.899999618530273,8.772000312805176,8.838000297546387,6.922569751739502,3450000
CP.TO,2005-07-22,8.857999801635742,8.947999954223633,8.803999900817871,8.892000198364258,6.964868545532227,1962500
CP.TO,2005-07-25,8.930000305175781,8.930000305175781,8.803999900817871,8.899999618530273,6.971133708953857,2869500
CP.TO,2005-07-26,9.069999694824219,9.069999694824219,8.812000274658203,8.871999740600586,6.9492034912109375,5291500
CP.TO,2005-07-27,8.930000305175781,9.027999877929688,8.847999572753906,9.003999710083008,7.052594184875488,4543500
CP.TO,2005-07-28,9.0600004196167,9.40999984741211,9.022000312805176,9.355999946594238,7.328305721282959,6043000
CP.TO,2005-07-29,9.359999656677246,9.62399959564209,9.357999801635742,9.5,7.441097259521484,5265000
CP.TO,2005-08-02,9.5,9.59000015258789,9.399999618530273,9.5,7.441097259521484,5566500
CP.TO,2005-08-03,9.435999870300293,9.513999938964844,9.369999885559082,9.470000267028809,7.417598247528076,2508000
CP.TO,2005-08-04,9.399999618530273,9.470000267028809,9.35200023651123,9.399999618530273,7.362772464752197,3748500
CP.TO,2005-08-05,9.35200023651123,9.35200023651123,9.10200023651123,9.199999809265137,7.206113815307617,3313000
CP.TO,2005-08-08,9.25,9.37600040435791,9.144000053405762,9.255999565124512,7.249979019165039,1978000
CP.TO,2005-08-09,9.281999588012695,9.302000045776367,9.215999603271484,9.300000190734863,7.284445762634277,1213500
CP.TO,2005-08-10,9.3100004196167,9.392000198364258,9.305999755859375,9.387999534606934,7.353369235992432,4366000
CP.TO,2005-08-11,9.387999534606934,9.387999534606934,9.15999984741211,9.15999984741211,7.174785614013672,2198000
CP.TO,2005-08-12,9.161999702453613,9.40999984741211,9.130000114440918,9.399999618530273,7.362772464752197,4306000
CP.TO,2005-08-15,9.369999885559082,9.501999855041504,9.303999900817871,9.479999542236328,7.425431728363037,3624000
CP.TO,2005-08-16,9.45199966430664,9.579999923706055,9.354000091552734,9.37600040435791,7.343973159790039,4823000
CP.TO,2005-08-17,9.40999984741211,9.40999984741211,9.324000358581543,9.390000343322754,7.35493803024292,4969000
CP.TO,2005-08-18,9.390000343322754,9.390000343322754,9.1899995803833,9.197999954223633,7.20455265045166,2657500
CP.TO,2005-08-19,9.239999771118164,9.369999885559082,9.20199966430664,9.347999572753906,7.322038173675537,2548500
CP.TO,2005-08-22,9.3100004196167,9.446000099182129,9.3100004196167,9.420000076293945,7.378436088562012,1131000
CP.TO,2005-08-23,9.420000076293945,9.470000267028809,9.206000328063965,9.276000022888184,7.265643119812012,4032500
CP.TO,2005-08-24,9.253999710083008,9.307999610900879,9.161999702453613,9.229999542236328,7.229616165161133,4024500
CP.TO,2005-08-25,9.300000190734863,9.3100004196167,9.234000205993652,9.270000457763672,7.260945796966553,2018500
CP.TO,2005-08-26,9.28600025177002,9.291999816894531,9.145999908447266,9.145999908447266,7.163816928863525,2379500
CP.TO,2005-08-29,9.145999908447266,9.220000267028809,9.053999900817871,9.204000473022461,7.209250450134277,2587500
CP.TO,2005-08-30,9.131999969482422,9.175999641418457,9.041999816894531,9.097999572753906,7.126221179962158,1171500
CP.TO,2005-08-31,9.0600004196167,9.10200023651123,8.96399974822998,8.96399974822998,7.021263599395752,3466000
CP.TO,2005-09-01,8.960000038146973,9.005999565124512,8.907999992370605,8.920000076293945,6.986800193786621,3850500
CP.TO,2005-09-02,8.904000282287598,9.079999923706055,8.892000198364258,8.984000205993652,7.036930561065674,3390500
CP.TO,2005-09-06,9.050000190734863,9.09000015258789,9.020000457763672,9.0600004196167,7.096456527709961,2934500
CP.TO,2005-09-07,9.119999885559082,9.119999885559082,8.96399974822998,9.020000457763672,7.065126895904541,3123000
CP.TO,2005-09-08,8.970000267028809,9.02400016784668,8.970000267028809,8.970000267028809,7.025964260101318,2152500
CP.TO,2005-09-09,9.0,9.185999870300293,8.923999786376953,9.170000076293945,7.182615280151367,2488500
CP.TO,2005-09-12,9.210000038146973,9.300000190734863,9.161999702453613,9.270000457763672,7.260945796966553,1571500
CP.TO,2005-09-13,9.300000190734863,9.300000190734863,9.104000091552734,9.173999786376953,7.185750484466553,1764500
CP.TO,2005-09-14,9.196000099182129,9.270000457763672,9.149999618530273,9.166000366210938,7.179482936859131,2204000
CP.TO,2005-09-15,9.170000076293945,9.1899995803833,9.065999984741211,9.180000305175781,7.190451622009277,1988000
CP.TO,2005-09-16,9.199999809265137,9.395999908447266,9.182000160217285,9.392000198364258,7.356507301330566,6258500
CP.TO,2005-09-19,9.390000343322754,9.392000198364258,9.260000228881836,9.270000457763672,7.260945796966553,2830500
CP.TO,2005-09-20,9.26200008392334,9.770000457763672,9.26200008392334,9.734000205993652,7.624381065368652,6650500
CP.TO,2005-09-21,9.732000350952148,9.899999618530273,9.673999786376953,9.899999618530273,7.754404544830322,3379500
CP.TO,2005-09-22,9.88599967956543,9.899999618530273,9.53600025177002,9.53600025177002,7.469296932220459,2522000
CP.TO,2005-09-23,9.539999961853027,9.880000114440918,9.435999870300293,9.880000114440918,7.738740921020508,3962500
CP.TO,2005-09-26,9.899999618530273,9.899999618530273,9.77400016784668,9.784000396728516,7.663545608520508,3025000
CP.TO,2005-09-27,9.907999992370605,10.0,9.800000190734863,9.800000190734863,7.676083087921143,3581500
CP.TO,2005-09-28,9.817999839782715,9.890000343322754,9.723999977111816,9.73799991607666,7.650938987731934,3629500
CP.TO,2005-09-29,9.70199966430664,9.899999618530273,9.62399959564209,9.812000274658203,7.70907735824585,1819000
CP.TO,2005-09-30,9.829999923706055,10.097999572753906,9.770000457763672,10.008000373840332,7.863070964813232,2960000
CP.TO,2005-10-03,10.008000373840332,10.092000007629395,9.892000198364258,9.935999870300293,7.806500434875488,4049000
CP.TO,2005-10-04,9.982000350952148,10.223999977111816,9.918000221252441,10.130000114440918,7.958923816680908,4070000
CP.TO,2005-10-05,10.15999984741211,10.178000450134277,10.017999649047852,10.034000396728516,7.883501052856445,2645500
CP.TO,2005-10-06,9.960000038146973,10.29800033569336,9.829999923706055,10.166000366210938,7.987207889556885,4672000
CP.TO,2005-10-07,10.119999885559082,10.199999809265137,10.055999755859375,10.10200023651123,7.936925888061523,3471500
CP.TO,2005-10-11,10.09000015258789,10.300000190734863,10.055999755859375,10.192000389099121,8.007636070251465,3228000
CP.TO,2005-10-12,10.251999855041504,10.288000106811523,10.0600004196167,10.100000381469727,7.9353508949279785,2494000
CP.TO,2005-10-13,10.026000022888184,10.104000091552734,9.710000038146973,9.916000366210938,7.79079008102417,4300500
CP.TO,2005-10-14,9.916000366210938,9.97599983215332,9.739999771118164,9.890000343322754,7.770359516143799,1791000
CP.TO,2005-10-17,9.70199966430664,9.899999618530273,9.70199966430664,9.819999694824219,7.715363025665283,2603500
CP.TO,2005-10-18,9.800000190734863,9.800000190734863,9.583999633789062,9.583999633789062,7.529942989349365,2799500
CP.TO,2005-10-19,9.5600004196167,9.73799991607666,9.5600004196167,9.609999656677246,7.550373077392578,4569000
CP.TO,2005-10-20,9.605999946594238,9.833999633789062,9.565999984741211,9.62600040435791,7.562943935394287,3299000
CP.TO,2005-10-21,9.628000259399414,9.76200008392334,9.583999633789062,9.678000450134277,7.603794097900391,2488500
CP.TO,2005-10-24,9.680000305175781,9.96399974822998,9.680000305175781,9.899999618530273,7.778219699859619,3936000
CP.TO,2005-10-25,9.70199966430664,9.895999908447266,9.513999938964844,9.550000190734863,7.503228187561035,6885000
CP.TO,2005-10-26,9.600000381469727,9.654000282287598,9.4399995803833,9.513999938964844,7.474946975708008,5937500
CP.TO,2005-10-27,9.529999732971191,9.600000381469727,9.319999694824219,9.420000076293945,7.401090621948242,4974000
CP.TO,2005-10-28,9.404000282287598,9.552000045776367,9.359999656677246,9.37600040435791,7.366521835327148,2881500
CP.TO,2005-10-31,9.48799991607666,9.79800033569336,9.432000160217285,9.710000038146973,7.6289381980896,2587500
CP.TO,2005-11-01,9.758000373840332,9.760000228881836,9.458000183105469,9.458000183105469,7.430946350097656,2913000
CP.TO,2005-11-02,9.4399995803833,9.586000442504883,9.34000015258789,9.520000457763672,7.479658126831055,5671500
CP.TO,2005-11-03,9.550000190734863,9.619999885559082,9.449999809265137,9.54800033569336,7.501655101776123,4481500
CP.TO,2005-11-04,9.54800033569336,9.592000007629395,9.473999977111816,9.550000190734863,7.503228187561035,3132000
CP.TO,2005-11-07,9.5600004196167,9.918000221252441,9.5600004196167,9.869999885559082,7.754646301269531,4940500
CP.TO,2005-11-08,9.913999557495117,9.916000366210938,9.751999855041504,9.789999961853027,7.691792011260986,3359000
CP.TO,2005-11-09,9.789999961853027,9.881999969482422,9.75,9.78600025177002,7.688648223876953,4091000
CP.TO,2005-11-10,9.772000312805176,9.845999717712402,9.72599983215332,9.784000396728516,7.6870808601379395,2764000
CP.TO,2005-11-11,9.82800006866455,9.842000007629395,9.668000221252441,9.82800006866455,7.721649646759033,1268500
CP.TO,2005-11-14,9.755999565124512,9.838000297546387,9.748000144958496,9.819999694824219,7.715363025665283,2070000
CP.TO,2005-11-15,9.791999816894531,9.89799976348877,9.760000228881836,9.826000213623047,7.720076560974121,3713000
CP.TO,2005-11-16,9.819999694824219,9.859999656677246,9.61400032043457,9.803999900817871,7.702791213989258,5020000
CP.TO,2005-11-17,9.760000228881836,9.760000228881836,9.539999961853027,9.706000328063965,7.62579870223999,10050000
CP.TO,2005-11-18,9.59000015258789,9.89799976348877,9.59000015258789,9.843999862670898,7.734217643737793,3789500
CP.TO,2005-11-21,9.760000228881836,9.850000381469727,9.699999809265137,9.770000457763672,7.676083087921143,3149500
CP.TO,2005-11-22,9.770000457763672,9.770000457763672,9.63599967956543,9.715999603271484,7.633653163909912,3251000
CP.TO,2005-11-23,9.710000038146973,9.777999877929688,9.654000282287598,9.696000099182129,7.617940902709961,1530000
CP.TO,2005-11-24,9.751999855041504,9.843999862670898,9.706000328063965,9.800000190734863,7.699649810791016,1876000
CP.TO,2005-11-25,9.800000190734863,9.899999618530273,9.800000190734863,9.802000045776367,7.701218605041504,1823000
CP.TO,2005-11-28,9.890000343322754,9.98799991607666,9.87600040435791,9.883999824523926,7.76564359664917,6407000
CP.TO,2005-11-29,9.869999885559082,9.979999542236328,9.854000091552734,9.970000267028809,7.833218097686768,6170500
CP.TO,2005-11-30,9.98799991607666,10.076000213623047,9.918000221252441,10.050000190734863,7.896073818206787,7282500
CP.TO,2005-12-01,10.220000267028809,10.39799976348877,10.210000038146973,10.39799976348877,8.169485092163086,8595000
CP.TO,2005-12-02,10.399999618530273,10.539999961853027,10.307999610900879,10.315999984741211,8.105057716369629,5949000
CP.TO,2005-12-05,10.347999572753906,10.347999572753906,10.185999870300293,10.229999542236328,8.037492752075195,2381500
CP.TO,2005-12-06,10.345999717712402,10.47599983215332,10.25,10.369999885559082,8.147485733032227,4354000
CP.TO,2005-12-07,10.477999687194824,10.477999687194824,10.23799991607666,10.342000007629395,8.125486373901367,4517000
CP.TO,2005-12-08,10.279999732971191,10.279999732971191,9.87600040435791,9.890000343322754,7.770359516143799,8186500
CP.TO,2005-12-09,9.928000450134277,9.928000450134277,9.670000076293945,9.704000473022461,7.6242241859436035,4671500
CP.TO,2005-12-12,9.795999526977539,9.795999526977539,9.399999618530273,9.557999610900879,7.509515285491943,6529500
CP.TO,2005-12-13,9.539999961853027,9.850000381469727,9.539999961853027,9.744000434875488,7.655650615692139,7861500
CP.TO,2005-12-14,9.800000190734863,9.847999572753906,9.729999542236328,9.800000190734863,7.699649810791016,4199000
CP.TO,2005-12-15,9.800000190734863,9.812000274658203,9.630000114440918,9.640000343322754,7.573940753936768,4591500
CP.TO,2005-12-16,9.748000144958496,9.847999572753906,9.704000473022461,9.727999687194824,7.643078327178955,3768500
CP.TO,2005-12-19,9.793999671936035,9.793999671936035,9.668000221252441,9.729999542236328,7.644653797149658,2772000
CP.TO,2005-12-20,9.758000373840332,9.767999649047852,9.593999862670898,9.593999862670898,7.537806510925293,3038000
CP.TO,2005-12-21,9.619999885559082,9.781999588012695,9.619999885559082,9.71399974822998,7.632079601287842,3819500
CP.TO,2005-12-22,9.720000267028809,9.734000205993652,9.666000366210938,9.680000305175781,7.605369567871094,1778000
CP.TO,2005-12-23,9.75,9.814000129699707,9.727999687194824,9.78600025177002,7.688648223876953,1747500
CP.TO,2005-12-28,9.859999656677246,9.868000030517578,9.812000274658203,9.85200023651123,7.764303684234619,1599000
CP.TO,2005-12-29,9.800000190734863,9.925999641418457,9.800000190734863,9.881999969482422,7.787949085235596,2402000
CP.TO,2005-12-30,9.87600040435791,9.87600040435791,9.741999626159668,9.741999626159668,7.677618026733398,1878000
CP.TO,2006-01-03,9.687999725341797,9.696000099182129,9.279999732971191,9.312000274658203,7.338735580444336,9547000
CP.TO,2006-01-04,9.319999694824219,9.447999954223633,9.251999855041504,9.289999961853027,7.321396827697754,8448500
CP.TO,2006-01-05,9.329999923706055,9.380000114440918,9.293999671936035,9.355999946594238,7.373411178588867,4416500
CP.TO,2006-01-06,9.37399959564209,9.395999908447266,9.251999855041504,9.284000396728516,7.3166728019714355,3923500
CP.TO,2006-01-09,9.300000190734863,9.34000015258789,9.239999771118164,9.239999771118164,7.281992435455322,3982000
CP.TO,2006-01-10,9.260000228881836,9.270000457763672,9.109999656677246,9.1899995803833,7.242586612701416,7042500
CP.TO,2006-01-11,9.192000389099121,9.529999732971191,9.170000076293945,9.520000457763672,7.502657413482666,6901500
CP.TO,2006-01-12,9.520000457763672,9.543999671936035,9.350000381469727,9.423999786376953,7.426999092102051,4120500
CP.TO,2006-01-13,9.446000099182129,9.600000381469727,9.430000305175781,9.454000473022461,7.450647830963135,8221500
CP.TO,2006-01-16,9.529999732971191,9.550000190734863,9.45199966430664,9.520000457763672,7.502657413482666,3333500
CP.TO,2006-01-17,9.520000457763672,9.989999771118164,9.477999687194824,9.880000114440918,7.786370277404785,9654500
CP.TO,2006-01-18,9.760000228881836,9.883999824523926,9.682000160217285,9.699999809265137,7.644522666931152,6626000
CP.TO,2006-01-19,9.838000297546387,10.149999618530273,9.800000190734863,10.149999618530273,7.999154090881348,9041000
CP.TO,2006-01-20,10.053999900817871,10.161999702453613,10.022000312805176,10.097999572753906,7.958176612854004,9350000
CP.TO,2006-01-23,10.039999961853027,10.29800033569336,10.039999961853027,10.232000350952148,8.063786506652832,4312000
CP.TO,2006-01-24,10.239999771118164,10.468000411987305,10.239999771118164,10.38599967956543,8.18514347076416,7354500
CP.TO,2006-01-25,10.515999794006348,10.609999656677246,10.4399995803833,10.510000228881836,8.282876014709473,8658500
CP.TO,2006-01-26,10.508000373840332,10.847999572753906,10.473999977111816,10.772000312805176,8.489358901977539,5679000
CP.TO,2006-01-27,10.772000312805176,10.979999542236328,10.753999710083008,10.9399995803833,8.621752738952637,3438000
CP.TO,2006-01-30,10.899999618530273,11.043999671936035,10.777999877929688,11.0,8.669039726257324,4563000
CP.TO,2006-01-31,11.149999618530273,11.232000350952148,10.883999824523926,10.942000389099121,8.623330116271973,7427000
CP.TO,2006-02-01,10.899999618530273,11.0600004196167,10.753999710083008,10.760000228881836,8.479898452758789,3612000
CP.TO,2006-02-02,10.800000190734863,10.977999687194824,10.739999771118164,10.878000259399414,8.572895050048828,4099000
CP.TO,2006-02-03,10.800000190734863,10.916000366210938,10.758000373840332,10.880000114440918,8.574469566345215,4373000
CP.TO,2006-02-06,10.857999801635742,10.998000144958496,10.753999710083008,10.998000144958496,8.667465209960938,2878000
CP.TO,2006-02-07,10.998000144958496,11.112000465393066,10.95199966430664,11.029999732971191,8.692684173583984,4623500
CP.TO,2006-02-08,11.039999961853027,11.218000411987305,10.982000350952148,11.168000221252441,8.801438331604004,4979000
CP.TO,2006-02-09,11.1899995803833,11.229999542236328,11.065999984741211,11.105999946594238,8.752573013305664,1990000
CP.TO,2006-02-10,11.119999885559082,11.1899995803833,10.946000099182129,11.10200023651123,8.74942684173584,2454500
CP.TO,2006-02-13,11.020000457763672,11.10200023651123,10.836000442504883,10.902000427246094,8.591808319091797,2090500
CP.TO,2006-02-14,10.854000091552734,11.1899995803833,10.791999816894531,11.069999694824219,8.724204063415527,2677000
CP.TO,2006-02-15,11.010000228881836,11.248000144958496,11.010000228881836,11.187999725341797,8.817201614379883,3161500
CP.TO,2006-02-16,11.15999984741211,11.29800033569336,11.10200023651123,11.199999809265137,8.826661109924316,2885500
CP.TO,2006-02-17,11.279999732971191,11.293999671936035,11.112000465393066,11.289999961853027,8.897591590881348,1506000
CP.TO,2006-02-20,11.121999740600586,11.592000007629395,11.121999740600586,11.539999961853027,9.094608306884766,2612500
CP.TO,2006-02-21,11.550000190734863,11.777999877929688,11.529999732971191,11.727999687194824,9.242773056030273,6994500
CP.TO,2006-02-22,11.85200023651123,12.170000076293945,11.85200023651123,12.097999572753906,9.534367561340332,8297500
CP.TO,2006-02-23,12.022000312805176,12.081999778747559,11.850000381469727,11.850000381469727,9.338919639587402,4919000
CP.TO,2006-02-24,11.649999618530273,11.847999572753906,11.649999618530273,11.699999809265137,9.220706939697266,3745500
CP.TO,2006-02-27,11.60200023651123,11.883999824523926,11.60200023651123,11.805999755859375,9.304242134094238,3640500
CP.TO,2006-02-28,11.8100004196167,11.831999778747559,11.604000091552734,11.640000343322754,9.173418045043945,3061500
CP.TO,2006-03-01,11.630000114440918,11.899999618530273,11.621999740600586,11.869999885559082,9.354680061340332,3531000
CP.TO,2006-03-02,11.802000045776367,11.998000144958496,11.802000045776367,11.947999954223633,9.416153907775879,3294000
CP.TO,2006-03-03,11.949999809265137,11.977999687194824,11.855999946594238,11.890000343322754,9.370444297790527,5137000
CP.TO,2006-03-06,11.899999618530273,11.899999618530273,11.72599983215332,11.878000259399414,9.360983848571777,1988000
CP.TO,2006-03-07,11.802000045776367,11.88599967956543,11.652000427246094,11.800000190734863,9.299515724182129,1862000
CP.TO,2006-03-08,11.739999771118164,11.739999771118164,11.5,11.649999618530273,9.18130111694336,2518500
CP.TO,2006-03-09,11.697999954223633,11.789999961853027,11.555999755859375,11.588000297546387,9.132439613342285,1617500
CP.TO,2006-03-10,11.529999732971191,11.699999809265137,11.404000282287598,11.562000274658203,9.11194896697998,3100500
CP.TO,2006-03-13,11.567999839782715,11.60200023651123,11.5,11.539999961853027,9.094608306884766,1502000
CP.TO,2006-03-14,11.545999526977539,11.595999717712402,11.407999992370605,11.498000144958496,9.06151008605957,2802000
CP.TO,2006-03-15,11.597999572753906,11.89799976348877,11.586000442504883,11.720000267028809,9.236472129821777,6490500
CP.TO,2006-03-16,11.75,11.86400032043457,11.75,11.788000106811523,9.290058135986328,5024000
CP.TO,2006-03-17,11.880000114440918,11.911999702453613,11.73799991607666,11.815999984741211,9.312124252319336,3481000
CP.TO,2006-03-20,11.800000190734863,11.800000190734863,11.576000213623047,11.694000244140625,9.215982437133789,2860000
CP.TO,2006-03-21,11.649999618530273,11.734000205993652,11.46399974822998,11.539999961853027,9.094608306884766,1875500
CP.TO,2006-03-22,11.5,11.588000297546387,11.37600040435791,11.37600040435791,8.965365409851074,5021500
CP.TO,2006-03-23,11.399999618530273,11.418000221252441,11.25,11.392000198364258,8.977974891662598,6200000
CP.TO,2006-03-24,11.399999618530273,11.539999961853027,11.333999633789062,11.465999603271484,9.03628921508789,2145000
CP.TO,2006-03-27,11.520000457763672,11.630000114440918,11.406000137329102,11.494000434875488,9.058361053466797,2406500
CP.TO,2006-03-28,11.449999809265137,11.479999542236328,11.206000328063965,11.331999778747559,8.930683135986328,3729000
CP.TO,2006-03-29,11.26200008392334,11.270000457763672,11.175999641418457,11.234000205993652,8.882928848266602,4914000
CP.TO,2006-03-30,11.232000350952148,11.538000106811523,11.232000350952148,11.399999618530273,9.01418399810791,4549500
CP.TO,2006-03-31,11.399999618530273,11.715999603271484,11.399999618530273,11.652000427246094,9.213444709777832,4682000
CP.TO,2006-04-03,11.706000328063965,12.14799976348877,11.704000473022461,11.883999824523926,9.396891593933105,4941500
CP.TO,2006-04-04,11.947999954223633,11.960000038146973,11.807999610900879,11.881999969482422,9.39531421661377,2718000
CP.TO,2006-04-05,11.803999900817871,12.119999885559082,11.802000045776367,12.119999885559082,9.583502769470215,2742000
CP.TO,2006-04-06,12.0600004196167,12.145999908447266,12.0,12.107999801635742,9.574012756347656,1615000
CP.TO,2006-04-07,12.010000228881836,12.109999656677246,11.902000427246094,11.918000221252441,9.423776626586914,2419500
CP.TO,2006-04-10,11.977999687194824,12.065999984741211,11.918000221252441,12.053999900817871,9.531318664550781,1492000
CP.TO,2006-04-11,12.039999961853027,12.119999885559082,11.977999687194824,11.984000205993652,9.475968360900879,2678500
CP.TO,2006-04-12,11.960000038146973,12.199999809265137,11.960000038146973,12.131999969482422,9.592991828918457,3049000
CP.TO,2006-04-13,12.199999809265137,12.345999717712402,12.12600040435791,12.345999717712402,9.762205123901367,1493500
CP.TO,2006-04-17,12.347999572753906,12.503999710083008,12.315999984741211,12.359999656677246,9.773277282714844,1876500
CP.TO,2006-04-18,12.449999809265137,12.8100004196167,12.434000015258789,12.76200008392334,10.09114933013916,3735500
CP.TO,2006-04-19,12.842000007629395,13.034000396728516,12.565999984741211,12.673999786376953,10.021562576293945,4836000
CP.TO,2006-04-20,12.682000160217285,12.760000228881836,12.541999816894531,12.541999816894531,9.917186737060547,2323000
CP.TO,2006-04-21,12.619999885559082,12.72599983215332,12.420000076293945,12.456000328063965,9.849183082580566,3706000
CP.TO,2006-04-24,12.479999542236328,12.694000244140625,12.423999786376953,12.496000289916992,9.880809783935547,2688000
CP.TO,2006-04-25,12.670000076293945,12.675999641418457,12.12600040435791,12.199999809265137,9.646759986877441,6754500
CP.TO,2006-04-26,12.291999816894531,12.479999542236328,12.220000267028809,12.411999702453613,9.8143949508667,3566500
CP.TO,2006-04-27,12.291999816894531,12.336000442504883,11.920000076293945,11.970000267028809,9.464897155761719,4744000
CP.TO,2006-04-28,12.0,12.119999885559082,11.847999572753906,11.88599967956543,9.398472785949707,3486500
CP.TO,2006-05-01,12.029999732971191,12.029999732971191,11.791999816894531,11.937999725341797,9.439595222473145,3059500
CP.TO,2006-05-02,11.899999618530273,12.1899995803833,11.899999618530273,12.13599967956543,9.596152305603027,2834000
CP.TO,2006-05-03,12.173999786376953,12.295999526977539,12.0600004196167,12.154000282287598,9.610387802124023,2446000
CP.TO,2006-05-04,12.15999984741211,12.295999526977539,12.02400016784668,12.038000106811523,9.518668174743652,3073000
CP.TO,2006-05-05,12.100000381469727,12.350000381469727,12.062000274658203,12.279999732971191,9.710012435913086,2892500
CP.TO,2006-05-08,12.399999618530273,12.517999649047852,12.300000190734863,12.508000373840332,9.890300750732422,5266500
CP.TO,2006-05-09,12.520000457763672,12.633999824523926,12.326000213623047,12.355999946594238,9.77011489868164,3253500
CP.TO,2006-05-10,12.300000190734863,12.616000175476074,12.300000190734863,12.569999694824219,9.939325332641602,2320500
CP.TO,2006-05-11,12.5600004196167,12.685999870300293,12.39799976348877,12.434000015258789,9.831790924072266,2606000
CP.TO,2006-05-12,12.302000045776367,12.36400032043457,12.083999633789062,12.140000343322754,9.599316596984863,2683000
CP.TO,2006-05-15,12.0,12.112000465393066,11.657999992370605,11.814000129699707,9.341540336608887,4381500
CP.TO,2006-05-16,11.800000190734863,11.95199966430664,11.70199966430664,11.758000373840332,9.297266960144043,1682500
CP.TO,2006-05-17,11.649999618530273,11.776000022888184,11.402000427246094,11.529999732971191,9.11698055267334,2731000
CP.TO,2006-05-18,11.503999710083008,11.944000244140625,11.331999778747559,11.333999633789062,8.96199893951416,4249000
CP.TO,2006-05-19,11.246000289916992,11.581999778747559,11.229999542236328,11.477999687194824,9.0758638381958,2599500
CP.TO,2006-05-23,11.5,11.550000190734863,11.319999694824219,11.324000358581543,8.954096794128418,2129000
CP.TO,2006-05-24,11.25,11.399999618530273,11.013999938964844,11.206000328063965,8.860783576965332,3066500
CP.TO,2006-05-25,11.263999938964844,11.600000381469727,11.263999938964844,11.5,9.093256950378418,4695500
CP.TO,2006-05-26,11.550000190734863,11.699999809265137,11.5,11.605999946594238,9.177071571350098,1678000
CP.TO,2006-05-29,11.696000099182129,11.699999809265137,11.501999855041504,11.527999877929688,9.115400314331055,441000
CP.TO,2006-05-30,11.600000381469727,11.600000381469727,11.362000465393066,11.48799991607666,9.083773612976074,1213500
CP.TO,2006-05-31,11.314000129699707,11.631999969482422,11.314000129699707,11.319999694824219,8.950928688049316,2319000
CP.TO,2006-06-01,11.399999618530273,11.550000190734863,11.223999977111816,11.479999542236328,9.077444076538086,1643000
CP.TO,2006-06-02,11.482000350952148,11.579999923706055,11.371999740600586,11.54800033569336,9.13121223449707,1615500
CP.TO,2006-06-05,11.527999877929688,11.527999877929688,11.149999618530273,11.211999893188477,8.865530014038086,4487500
CP.TO,2006-06-06,11.130000114440918,11.206000328063965,10.949999809265137,11.131999969482422,8.802275657653809,3225000
CP.TO,2006-06-07,11.121999740600586,11.210000038146973,10.92199993133545,11.0,8.697898864746094,2127500
CP.TO,2006-06-08,10.920000076293945,11.020000457763672,10.562000274658203,10.972000122070312,8.67575454711914,6450000
CP.TO,2006-06-09,11.149999618530273,11.236000061035156,10.972000122070312,11.062000274658203,8.74692440032959,4666000
CP.TO,2006-06-12,11.071999549865723,11.20199966430664,11.02400016784668,11.083999633789062,8.764321327209473,3611000
CP.TO,2006-06-13,10.998000144958496,11.027999877929688,10.510000228881836,10.588000297546387,8.372126579284668,3832500
CP.TO,2006-06-14,10.550000190734863,10.760000228881836,10.534000396728516,10.640000343322754,8.41324234008789,2751500
CP.TO,2006-06-15,10.84000015258789,11.15999984741211,10.75,10.887999534606934,8.609341621398926,6222000
CP.TO,2006-06-16,10.862000465393066,11.157999992370605,10.862000465393066,11.104000091552734,8.780136108398438,7225000
CP.TO,2006-06-19,10.991999626159668,11.140000343322754,10.819999694824219,10.90999984741211,8.626733779907227,2589500
CP.TO,2006-06-20,10.90999984741211,10.96399974822998,10.710000038146973,10.718000411987305,8.474916458129883,3309500
CP.TO,2006-06-21,10.720000267028809,11.105999946594238,10.720000267028809,11.104000091552734,8.780136108398438,2072500
CP.TO,2006-06-22,11.152000427246094,11.180000305175781,10.899999618530273,11.022000312805176,8.715295791625977,2472500
CP.TO,2006-06-23,11.020000457763672,11.09000015258789,10.899999618530273,10.979999542236328,8.682087898254395,3344500
CP.TO,2006-06-26,10.871999740600586,10.942000389099121,10.829999923706055,10.880000114440918,8.603014945983887,3325000
CP.TO,2006-06-27,10.92199993133545,11.013999938964844,10.880000114440918,10.9399995803833,8.6504545211792,3096000
CP.TO,2006-06-28,10.86400032043457,11.020000457763672,10.812000274658203,10.984000205993652,8.715204238891602,1642000
CP.TO,2006-06-29,10.935999870300293,11.182000160217285,10.821999549865723,11.15999984741211,8.854848861694336,4349500
CP.TO,2006-06-30,11.199999809265137,11.460000038146973,11.199999809265137,11.381999969482422,9.030994415283203,4522000
CP.TO,2006-07-04,11.579999923706055,11.593999862670898,11.312000274658203,11.460000038146973,9.092880249023438,1170500
CP.TO,2006-07-05,11.404000282287598,11.498000144958496,11.227999687194824,11.260000228881836,8.934191703796387,2666500
CP.TO,2006-07-06,11.220000267028809,11.265999794006348,10.949999809265137,10.973999977111816,8.707269668579102,1368000
CP.TO,2006-07-07,11.0,11.015999794006348,10.824000358581543,10.911999702453613,8.658074378967285,2662000
CP.TO,2006-07-10,10.991999626159668,11.026000022888184,10.895999908447266,10.928000450134277,8.670766830444336,2371000
CP.TO,2006-07-11,10.932000160217285,11.29800033569336,10.930000305175781,11.260000228881836,8.934191703796387,1846000
CP.TO,2006-07-12,11.25,11.357999801635742,11.008000373840332,11.055999755859375,8.77232837677002,2198000
CP.TO,2006-07-13,10.96399974822998,11.076000213623047,10.800000190734863,10.807999610900879,8.575553894042969,2153500
CP.TO,2006-07-14,10.800000190734863,10.89799976348877,10.473999977111816,10.621999740600586,8.427970886230469,2301000
CP.TO,2006-07-17,10.520000457763672,10.777999877929688,10.470000267028809,10.621999740600586,8.427970886230469,1762500
CP.TO,2006-07-18,10.631999969482422,10.678000450134277,10.484000205993652,10.619999885559082,8.426386833190918,2608500
CP.TO,2006-07-19,10.54800033569336,11.140000343322754,10.54800033569336,11.140000343322754,8.83897876739502,3425500
CP.TO,2006-07-20,11.064000129699707,11.199999809265137,10.699999809265137,10.699999809265137,8.489859580993652,3390000
CP.TO,2006-07-21,10.883999824523926,10.883999824523926,10.210000038146973,10.284000396728516,8.1597900390625,5380500
CP.TO,2006-07-24,10.26200008392334,10.800000190734863,10.26200008392334,10.79800033569336,8.567615509033203,3782500
CP.TO,2006-07-25,10.630000114440918,11.119999885559082,10.479999542236328,11.119999885559082,8.82310676574707,6643500
CP.TO,2006-07-26,11.10200023651123,11.10200023651123,10.711999893188477,10.779999732971191,8.55333137512207,5816000
CP.TO,2006-07-27,10.800000190734863,11.0,10.800000190734863,10.833999633789062,8.596183776855469,3157000
CP.TO,2006-07-28,10.857999801635742,11.017999649047852,10.800000190734863,10.960000038146973,8.696160316467285,1755500
CP.TO,2006-07-31,11.034000396728516,11.034000396728516,10.800000190734863,10.800000190734863,8.569209098815918,1774000
CP.TO,2006-08-01,10.883999824523926,10.883999824523926,10.545999526977539,10.642000198364258,8.443845748901367,2681500
CP.TO,2006-08-02,10.817999839782715,10.824000358581543,10.616000175476074,10.763999938964844,8.540642738342285,2987000
CP.TO,2006-08-03,10.763999938964844,11.020000457763672,10.704000473022461,10.973999977111816,8.707269668579102,3188500
CP.TO,2006-08-04,10.968000411987305,11.088000297546387,10.62600040435791,10.75,8.529536247253418,4026500
CP.TO,2006-08-08,10.699999809265137,10.97599983215332,10.699999809265137,10.899999618530273,8.648551940917969,3305000
CP.TO,2006-08-09,10.961999893188477,11.039999961853027,10.640000343322754,10.649999618530273,8.450187683105469,3237000
CP.TO,2006-08-10,10.678000450134277,10.678000450134277,10.371999740600586,10.5600004196167,8.378785133361816,5665000
CP.TO,2006-08-11,10.586000442504883,10.619999885559082,10.447999954223633,10.605999946594238,8.415275573730469,2488000
CP.TO,2006-08-14,10.628000259399414,10.720000267028809,10.53600025177002,10.593999862670898,8.405763626098633,4101500
CP.TO,2006-08-15,10.699999809265137,10.789999961853027,10.619999885559082,10.767999649047852,8.543817520141602,3133000
CP.TO,2006-08-16,10.770000457763672,10.998000144958496,10.699999809265137,10.97599983215332,8.708854675292969,4756000
CP.TO,2006-08-17,10.90999984741211,11.03600025177002,10.845999717712402,10.86400032043457,8.619990348815918,2917000
CP.TO,2006-08-18,10.949999809265137,11.038000106811523,10.805999755859375,10.991999626159668,8.721549034118652,2379500
CP.TO,2006-08-21,10.982000350952148,10.991999626159668,10.779999732971191,10.836000442504883,8.597772598266602,2232500
CP.TO,2006-08-22,10.8100004196167,10.880000114440918,10.763999938964844,10.871999740600586,8.626334190368652,2602000
CP.TO,2006-08-23,10.86400032043457,10.9399995803833,10.803999900817871,10.803999900817871,8.572381019592285,2841000
CP.TO,2006-08-24,10.8100004196167,10.850000381469727,10.652000427246094,10.710000038146973,8.497800827026367,2620000
CP.TO,2006-08-25,10.649999618530273,10.845999717712402,10.5,10.779999732971191,8.55333137512207,2391000
CP.TO,2006-08-28,10.78600025177002,10.930000305175781,10.722000122070312,10.878000259399414,8.631097793579102,2890500
CP.TO,2006-08-29,10.819999694824219,10.819999694824219,10.64799976348877,10.751999855041504,8.531123161315918,3427500
CP.TO,2006-08-30,10.70199966430664,10.8100004196167,10.67199993133545,10.710000038146973,8.497800827026367,1572500
CP.TO,2006-08-31,10.75,10.899999618530273,10.723999977111816,10.859999656677246,8.616815567016602,2436500
CP.TO,2006-09-01,10.911999702453613,10.991999626159668,10.772000312805176,10.84000015258789,8.600945472717285,1784500
CP.TO,2006-09-05,10.847999572753906,10.871999740600586,10.734000205993652,10.784000396728516,8.556517601013184,2356000
CP.TO,2006-09-06,10.760000228881836,10.79800033569336,10.699999809265137,10.720000267028809,8.505730628967285,2407500
CP.TO,2006-09-07,10.649999618530273,10.73799991607666,10.600000381469727,10.687999725341797,8.480340003967285,1635000
CP.TO,2006-09-08,10.795999526977539,10.795999526977539,10.63599967956543,10.670000076293945,8.466058731079102,1741000
CP.TO,2006-09-11,10.550000190734863,10.586000442504883,10.381999969482422,10.489999771118164,8.323240280151367,3362000
CP.TO,2006-09-12,10.489999771118164,10.685999870300293,10.460000038146973,10.619999885559082,8.426386833190918,2476000
CP.TO,2006-09-13,10.562000274658203,10.770000457763672,10.562000274658203,10.73799991607666,8.520012855529785,3258500
CP.TO,2006-09-14,10.760000228881836,10.789999961853027,10.673999786376953,10.75,8.529536247253418,2125000
CP.TO,2006-09-15,10.793999671936035,10.819999694824219,10.63599967956543,10.720000267028809,8.505730628967285,4916000
CP.TO,2006-09-18,10.663999557495117,10.779999732971191,10.65999984741211,10.770000457763672,8.545406341552734,2092500
CP.TO,2006-09-19,10.779999732971191,10.802000045776367,10.682000160217285,10.746000289916992,8.526363372802734,2920500
CP.TO,2006-09-20,10.75,10.982000350952148,10.744000434875488,10.772000312805176,8.546991348266602,3480000
CP.TO,2006-09-21,10.772000312805176,10.8100004196167,10.699999809265137,10.699999809265137,8.489859580993652,3255500
CP.TO,2006-09-22,10.729999542236328,10.729999542236328,10.550000190734863,10.5600004196167,8.378785133361816,2318000
CP.TO,2006-09-25,10.508000373840332,10.61400032043457,10.420000076293945,10.595999717712402,8.407344818115234,2326000
CP.TO,2006-09-26,10.498000144958496,10.82800006866455,10.498000144958496,10.8100004196167,8.57714557647705,2204000
CP.TO,2006-09-27,10.819999694824219,10.984000205993652,10.819999694824219,10.88599967956543,8.667590141296387,2622500
CP.TO,2006-09-28,10.989999771118164,11.071999549865723,10.970000267028809,11.045999526977539,8.7949857711792,3748000
CP.TO,2006-09-29,11.140000343322754,11.161999702453613,11.020000457763672,11.112000465393066,8.847538948059082,3256500
CP.TO,2006-10-02,11.100000381469727,11.100000381469727,11.003999710083008,11.100000381469727,8.837983131408691,2299500
CP.TO,2006-10-03,11.003999710083008,11.12600040435791,10.989999771118164,11.053999900817871,8.801360130310059,2111500
CP.TO,2006-10-04,11.053999900817871,11.399999618530273,11.01200008392334,11.329999923706055,9.021108627319336,2085000
CP.TO,2006-10-05,11.210000038146973,11.715999603271484,11.210000038146973,11.661999702453613,9.285454750061035,4938000
CP.TO,2006-10-06,11.571999549865723,11.600000381469727,11.342000007629395,11.359999656677246,9.044998168945312,3101500
CP.TO,2006-10-10,11.378000259399414,11.479999542236328,11.302000045776367,11.390000343322754,9.068879127502441,2810500
CP.TO,2006-10-11,11.350000381469727,11.486000061035156,11.20199966430664,11.329999923706055,9.021108627319336,2552000
CP.TO,2006-10-12,11.437999725341797,11.670000076293945,11.329999923706055,11.654000282287598,9.27908992767334,2489000
CP.TO,2006-10-13,11.616000175476074,11.805999755859375,11.609999656677246,11.722000122070312,9.333229064941406,4930500
CP.TO,2006-10-16,11.630000114440918,11.982000350952148,11.550000190734863,11.9399995803833,9.506802558898926,4045500
CP.TO,2006-10-17,11.880000114440918,11.9399995803833,11.663999557495117,11.854000091552734,9.438331604003906,4565000
CP.TO,2006-10-18,11.895999908447266,12.199999809265137,11.895999908447266,12.180000305175781,9.697892189025879,7177500
CP.TO,2006-10-19,12.149999618530273,12.29800033569336,12.039999961853027,12.074000358581543,9.613492012023926,2358500
CP.TO,2006-10-20,12.192000389099121,12.284000396728516,12.133999824523926,12.272000312805176,9.771142959594727,3826000
CP.TO,2006-10-23,12.289999961853027,12.5,12.130000114440918,12.204000473022461,9.717001914978027,6502000
CP.TO,2006-10-24,12.20199966430664,12.697999954223633,12.163999557495117,12.54800033569336,9.990901947021484,6223500
CP.TO,2006-10-25,12.460000038146973,12.751999855041504,12.460000038146973,12.600000381469727,10.032304763793945,3712000
CP.TO,2006-10-26,12.597999572753906,12.800000190734863,12.513999938964844,12.710000038146973,10.11988639831543,2930000
CP.TO,2006-10-27,12.640000343322754,12.829999923706055,12.60200023651123,12.652000427246094,10.073702812194824,4385500
CP.TO,2006-10-30,12.600000381469727,12.753999710083008,12.4399995803833,12.706000328063965,10.116703033447266,2437000
CP.TO,2006-10-31,12.642000198364258,12.800000190734863,12.63599967956543,12.680000305175781,10.096003532409668,2459500
CP.TO,2006-11-01,12.5600004196167,12.708000183105469,12.17199993133545,12.552000045776367,9.994086265563965,2638000
CP.TO,2006-11-02,12.552000045776367,12.869999885559082,12.503999710083008,12.829999923706055,10.215434074401855,3387500
CP.TO,2006-11-03,12.720000267028809,12.878000259399414,12.576000213623047,12.706000328063965,10.116703033447266,3445000
CP.TO,2006-11-06,12.619999885559082,12.869999885559082,12.619999885559082,12.795999526977539,10.188361167907715,1783500
CP.TO,2006-11-07,12.800000190734863,12.890000343322754,12.729999542236328,12.85200023651123,10.232948303222656,2030000
CP.TO,2006-11-08,12.85200023651123,12.890000343322754,12.758000373840332,12.843999862670898,10.226580619812012,2464500
CP.TO,2006-11-09,12.800000190734863,12.904000282287598,12.673999786376953,12.673999786376953,10.091219902038574,1750000
CP.TO,2006-11-10,12.699999809265137,12.736000061035156,12.604000091552734,12.65999984741211,10.080071449279785,1561500
CP.TO,2006-11-13,12.631999969482422,12.850000381469727,12.631999969482422,12.8100004196167,10.199509620666504,1271500
CP.TO,2006-11-14,12.8100004196167,12.836000442504883,12.515999794006348,12.604000091552734,10.035487174987793,1797500
CP.TO,2006-11-15,12.645999908447266,12.772000312805176,12.484000205993652,12.539999961853027,9.984528541564941,3076000
CP.TO,2006-11-16,12.51200008392334,12.833999633789062,12.479999542236328,12.77400016784668,10.170842170715332,3160500
CP.TO,2006-11-17,12.817999839782715,12.829999923706055,12.670000076293945,12.720000267028809,10.127850532531738,1408000
CP.TO,2006-11-20,12.552000045776367,12.8100004196167,12.550000190734863,12.763999938964844,10.162882804870605,2720500
CP.TO,2006-11-21,12.682000160217285,12.98799991607666,12.670000076293945,12.970000267028809,10.326900482177734,2409000
CP.TO,2006-11-22,12.86400032043457,12.946000099182129,12.720000267028809,12.788000106811523,10.181990623474121,1924000
CP.TO,2006-11-23,12.75,13.057999610900879,12.75,13.008000373840332,10.357161521911621,1273000
CP.TO,2006-11-24,12.942000389099121,13.027999877929688,12.819999694824219,12.930000305175781,10.295056343078613,1476500
CP.TO,2006-11-27,12.932000160217285,12.97599983215332,12.75,12.75,10.151734352111816,2905500
CP.TO,2006-11-28,12.75,12.789999961853027,12.574000358581543,12.597999572753906,10.030709266662598,3039500
CP.TO,2006-11-29,12.609999656677246,12.718000411987305,12.579999923706055,12.699999809265137,10.111924171447754,2529000
CP.TO,2006-11-30,12.680000305175781,12.800000190734863,12.670000076293945,12.70199966430664,10.113516807556152,2461000
CP.TO,2006-12-01,12.777999877929688,12.777999877929688,12.486000061035156,12.576000213623047,10.013198852539062,3348500
CP.TO,2006-12-04,12.600000381469727,12.739999771118164,12.574000358581543,12.60200023651123,10.033895492553711,3098000
CP.TO,2006-12-05,12.604000091552734,12.892000198364258,12.60200023651123,12.845999717712402,10.228169441223145,2788500
CP.TO,2006-12-06,12.845999717712402,12.857999801635742,12.706000328063965,12.793999671936035,10.186772346496582,3093500
CP.TO,2006-12-07,12.793999671936035,12.815999984741211,12.70199966430664,12.744000434875488,10.146958351135254,1355500
CP.TO,2006-12-08,12.718000411987305,12.814000129699707,12.711999893188477,12.732000350952148,10.137404441833496,990500
CP.TO,2006-12-11,12.77400016784668,12.815999984741211,12.645999908447266,12.729999542236328,10.135810852050781,1642000
CP.TO,2006-12-12,12.729999542236328,12.739999771118164,12.60200023651123,12.644000053405762,10.06733512878418,1766500
CP.TO,2006-12-13,12.720000267028809,12.758000373840332,12.564000129699707,12.633999824523926,10.059375762939453,1762500
CP.TO,2006-12-14,12.59000015258789,12.779999732971191,12.565999984741211,12.751999855041504,10.15333080291748,1611000
CP.TO,2006-12-15,12.776000022888184,12.776000022888184,12.612000465393066,12.621999740600586,10.04981803894043,4074000
CP.TO,2006-12-18,12.621999740600586,12.649999618530273,12.420000076293945,12.503999710083008,9.9558687210083,1661500
CP.TO,2006-12-19,12.380000114440918,12.380000114440918,12.21399974822998,12.359999656677246,9.841212272644043,1990000
CP.TO,2006-12-20,12.359999656677246,12.399999618530273,12.260000228881836,12.3100004196167,9.801403045654297,3488000
CP.TO,2006-12-21,12.347999572753906,12.387999534606934,12.180000305175781,12.234000205993652,9.740890502929688,1220500
CP.TO,2006-12-22,12.220000267028809,12.279999732971191,12.086000442504883,12.086000442504883,9.623050689697266,973000
CP.TO,2006-12-27,12.128000259399414,12.354000091552734,12.10200023651123,12.336000442504883,9.852753639221191,975500
CP.TO,2006-12-28,12.350000381469727,12.411999702453613,12.329999923706055,12.371999740600586,9.881509780883789,2125500
CP.TO,2006-12-29,12.284000396728516,12.387999534606934,12.279999732971191,12.279999732971191,9.808028221130371,633500
CP.TO,2007-01-02,12.324000358581543,12.527999877929688,12.302000045776367,12.435999870300293,9.932626724243164,611000
CP.TO,2007-01-03,12.48799991607666,12.557999610900879,12.277999877929688,12.319999694824219,9.83997631072998,2444000
CP.TO,2007-01-04,12.37600040435791,12.37600040435791,12.12600040435791,12.15999984741211,9.712182998657227,1882500
CP.TO,2007-01-05,12.09000015258789,12.15999984741211,12.045999526977539,12.074000358581543,9.64349365234375,2639500
CP.TO,2007-01-08,12.100000381469727,12.25,12.01200008392334,12.196000099182129,9.740937232971191,2871500
CP.TO,2007-01-09,12.121999740600586,12.319999694824219,12.121999740600586,12.281999588012695,9.809626579284668,4098500
CP.TO,2007-01-10,12.312000274658203,12.350000381469727,12.211999893188477,12.236000061035156,9.772886276245117,4217000
CP.TO,2007-01-11,12.208000183105469,12.428000450134277,12.199999809265137,12.36400032043457,9.8751220703125,3761500
CP.TO,2007-01-12,12.472000122070312,12.758000373840332,12.472000122070312,12.682000160217285,10.129103660583496,2625000
CP.TO,2007-01-15,12.605999946594238,12.767999649047852,12.605999946594238,12.663999557495117,10.114727020263672,1421000
CP.TO,2007-01-16,12.682000160217285,12.949999809265137,12.668000221252441,12.916000366210938,10.316001892089844,2735000
CP.TO,2007-01-17,12.890000343322754,12.947999954223633,12.65999984741211,12.741999626159668,10.177026748657227,2902000
CP.TO,2007-01-18,12.71399974822998,12.880000114440918,12.630000114440918,12.663999557495117,10.114727020263672,3500000
CP.TO,2007-01-19,12.619999885559082,12.829999923706055,12.619999885559082,12.699999809265137,10.143482208251953,3063500
CP.TO,2007-01-22,12.708000183105469,12.755999565124512,12.482000350952148,12.612000465393066,10.073196411132812,3200000
CP.TO,2007-01-23,12.522000312805176,12.9399995803833,12.51200008392334,12.859999656677246,10.271271705627441,3667000
CP.TO,2007-01-24,12.770000457763672,12.998000144958496,12.770000457763672,12.800000190734863,10.223350524902344,4450500
CP.TO,2007-01-25,12.934000015258789,12.954000473022461,12.800000190734863,12.88599967956543,10.292044639587402,3400000
CP.TO,2007-01-26,12.895999908447266,12.918000221252441,12.699999809265137,12.77400016784668,10.202584266662598,3004500
CP.TO,2007-01-29,12.871999740600586,12.916000366210938,12.732000350952148,12.831999778747559,10.248910903930664,2479000
CP.TO,2007-01-30,12.760000228881836,12.784000396728516,12.555999755859375,12.760000228881836,10.191405296325684,3495500
CP.TO,2007-01-31,12.604000091552734,12.904000282287598,12.604000091552734,12.890000343322754,10.295234680175781,5274000
CP.TO,2007-02-01,12.788000106811523,13.265999794006348,12.78600025177002,13.185999870300293,10.531652450561523,6207500
CP.TO,2007-02-02,13.065999984741211,13.23799991607666,13.020000457763672,13.04800033569336,10.421429634094238,3342500
CP.TO,2007-02-05,13.100000381469727,13.12399959564209,12.97599983215332,13.050000190734863,10.42302417755127,1590500
CP.TO,2007-02-06,12.972000122070312,13.015999794006348,12.84000015258789,12.880000114440918,10.287247657775879,2081000
CP.TO,2007-02-07,12.977999687194824,12.982000350952148,12.8100004196167,12.847999572753906,10.261687278747559,1615000
CP.TO,2007-02-08,12.847999572753906,12.86400032043457,12.751999855041504,12.753999710083008,10.186610221862793,1360000
CP.TO,2007-02-09,12.720000267028809,12.812000274658203,12.567999839782715,12.593999862670898,10.058819770812988,2091500
CP.TO,2007-02-12,12.538000106811523,12.65999984741211,12.510000228881836,12.612000465393066,10.073196411132812,3851000
CP.TO,2007-02-13,12.569999694824219,12.887999534606934,12.569999694824219,12.859999656677246,10.271271705627441,2002000
CP.TO,2007-02-14,12.934000015258789,12.984000205993652,12.843999862670898,12.920000076293945,10.319197654724121,2502500
CP.TO,2007-02-15,12.960000038146973,13.053999900817871,12.960000038146973,13.029999732971191,10.407054901123047,2652000
CP.TO,2007-02-16,13.052000045776367,13.052000045776367,12.79800033569336,12.902000427246094,10.304814338684082,3970500
CP.TO,2007-02-19,12.880000114440918,12.977999687194824,12.850000381469727,12.956000328063965,10.347951889038086,855000
CP.TO,2007-02-20,12.899999618530273,12.968000411987305,12.829999923706055,12.895999908447266,10.300027847290039,2302500
CP.TO,2007-02-21,12.857999801635742,13.0,12.75,12.97599983215332,10.363924026489258,3157000
CP.TO,2007-02-22,12.97599983215332,13.03600025177002,12.859999656677246,12.923999786376953,10.322393417358398,2167000
CP.TO,2007-02-23,12.979999542236328,12.979999542236328,12.843999862670898,12.934000015258789,10.330375671386719,2240000
CP.TO,2007-02-26,12.887999534606934,12.930000305175781,12.65999984741211,12.704000473022461,10.14667797088623,4042500
CP.TO,2007-02-27,12.640000343322754,12.640000343322754,12.303999900817871,12.411999702453613,9.913455963134766,4774500
CP.TO,2007-02-28,12.4399995803833,12.517999649047852,12.25,12.489999771118164,9.975757598876953,5561500
CP.TO,2007-03-01,12.399999618530273,12.5600004196167,12.399999618530273,12.51200008392334,9.993327140808105,4595500
CP.TO,2007-03-02,12.51200008392334,12.661999702453613,12.42199993133545,12.649999618530273,10.103547096252441,6301000
CP.TO,2007-03-05,12.61400032043457,12.61400032043457,12.456000328063965,12.571999549865723,10.041247367858887,2777000
CP.TO,2007-03-06,12.60200023651123,12.637999534606934,12.465999603271484,12.52400016784668,10.002912521362305,2826000
CP.TO,2007-03-07,12.539999961853027,12.640000343322754,12.5,12.60200023651123,10.06520938873291,1644500
CP.TO,2007-03-08,12.708000183105469,12.760000228881836,12.621999740600586,12.729999542236328,10.167441368103027,1717000
CP.TO,2007-03-09,12.6899995803833,12.79800033569336,12.649999618530273,12.6899995803833,10.135494232177734,2167000
CP.TO,2007-03-12,12.680000305175781,12.710000038146973,12.630000114440918,12.697999954223633,10.141885757446289,2348000
CP.TO,2007-03-13,12.630000114440918,12.727999687194824,12.5600004196167,12.60200023651123,10.06520938873291,2932500
CP.TO,2007-03-14,12.498000144958496,12.699999809265137,12.498000144958496,12.6899995803833,10.135494232177734,2394500
CP.TO,2007-03-15,12.715999603271484,12.817999839782715,12.62399959564209,12.75,10.183416366577148,1419000
CP.TO,2007-03-16,12.729999542236328,12.850000381469727,12.670000076293945,12.8100004196167,10.231339454650879,4568500
CP.TO,2007-03-19,12.82800006866455,12.916000366210938,12.807999610900879,12.892000198364258,10.296831130981445,2178500
CP.TO,2007-03-20,12.847999572753906,12.892000198364258,12.770000457763672,12.770000457763672,10.199390411376953,2353500
CP.TO,2007-03-21,12.729999542236328,12.92199993133545,12.729999542236328,12.866000175476074,10.276065826416016,2028000
CP.TO,2007-03-22,12.847999572753906,12.9399995803833,12.739999771118164,12.772000312805176,10.200989723205566,1923000
CP.TO,2007-03-23,12.760000228881836,13.065999984741211,12.75,13.017999649047852,10.397469520568848,2046000
CP.TO,2007-03-26,12.984000205993652,13.076000213623047,12.920000076293945,13.0600004196167,10.43101692199707,2621000
CP.TO,2007-03-27,13.0600004196167,13.093999862670898,13.010000228881836,13.02400016784668,10.402262687683105,3273500
CP.TO,2007-03-28,12.918000221252441,12.989999771118164,12.887999534606934,12.89799976348877,10.337342262268066,1932000
CP.TO,2007-03-29,12.970000267028809,12.979999542236328,12.857999801635742,12.923999786376953,10.358179092407227,1420500
CP.TO,2007-03-30,12.899999618530273,13.055999755859375,12.883999824523926,12.989999771118164,10.411080360412598,4091000
CP.TO,2007-04-02,12.989999771118164,13.053999900817871,12.946000099182129,13.045999526977539,10.45595645904541,1724000
CP.TO,2007-04-03,12.982000350952148,13.100000381469727,12.982000350952148,13.071999549865723,10.476798057556152,2099500
CP.TO,2007-04-04,13.04800033569336,13.0600004196167,12.906000137329102,12.937999725341797,10.369402885437012,1043000
CP.TO,2007-04-05,12.831999778747559,12.859999656677246,12.75,12.817999839782715,10.273222923278809,2455500
CP.TO,2007-04-09,12.998000144958496,13.25,12.842000007629395,13.220000267028809,10.595413208007812,3417000
CP.TO,2007-04-10,13.229999542236328,13.491999626159668,13.229999542236328,13.413999557495117,10.750900268554688,2853000
CP.TO,2007-04-11,13.42199993133545,13.513999938964844,13.354000091552734,13.399999618530273,10.739679336547852,3367000
CP.TO,2007-04-12,13.3100004196167,13.753999710083008,13.260000228881836,13.621999740600586,10.917606353759766,2301500
CP.TO,2007-04-13,13.657999992370605,13.696000099182129,13.430000305175781,13.539999961853027,10.851887702941895,1282000
CP.TO,2007-04-16,13.515999794006348,13.770000457763672,13.515999794006348,13.770000457763672,11.036224365234375,1677500
CP.TO,2007-04-17,13.79800033569336,13.800000190734863,13.550000190734863,13.600000381469727,10.899971008300781,1800000
CP.TO,2007-04-18,13.470000267028809,13.824000358581543,13.470000267028809,13.77400016784668,11.039429664611816,3642000
CP.TO,2007-04-19,13.609999656677246,13.850000381469727,13.555999755859375,13.82800006866455,11.082709312438965,2513000
CP.TO,2007-04-20,13.880000114440918,14.137999534606934,13.803999900817871,14.0,11.220562934875488,3224500
CP.TO,2007-04-23,13.960000038146973,14.236000061035156,13.960000038146973,13.989999771118164,11.212547302246094,1905000
CP.TO,2007-04-24,14.057999610900879,14.239999771118164,14.0,14.107999801635742,11.307120323181152,3388500
CP.TO,2007-04-25,14.25,14.696000099182129,14.25,14.390000343322754,11.533133506774902,5075000
CP.TO,2007-04-26,14.317999839782715,14.434000015258789,14.300000190734863,14.399999618530273,11.541146278381348,2347000
CP.TO,2007-04-27,14.331999778747559,14.48799991607666,14.128000259399414,14.437999725341797,11.571599960327148,2979000
CP.TO,2007-04-30,14.380000114440918,14.392000198364258,14.008000373840332,14.057999610900879,11.267046928405762,3390500
CP.TO,2007-05-01,14.09000015258789,14.14799976348877,13.90999984741211,14.001999855041504,11.222160339355469,3542000
CP.TO,2007-05-02,13.935999870300293,14.161999702453613,13.859999656677246,14.043999671936035,11.255823135375977,2206000
CP.TO,2007-05-03,14.100000381469727,14.387999534606934,14.100000381469727,14.258000373840332,11.42734146118164,2056000
CP.TO,2007-05-04,14.36400032043457,14.435999870300293,14.157999992370605,14.314000129699707,11.472224235534668,2848000
CP.TO,2007-05-07,14.336000442504883,14.37399959564209,14.20199966430664,14.305999755859375,11.465807914733887,2233500
CP.TO,2007-05-08,14.3100004196167,14.67199993133545,14.288000106811523,14.600000381469727,11.701441764831543,2237000
CP.TO,2007-05-09,14.600000381469727,14.63599967956543,14.4399995803833,14.541999816894531,11.654952049255371,3839000
CP.TO,2007-05-10,14.479999542236328,14.595999717712402,14.40999984741211,14.57800006866455,11.683809280395508,2855000
CP.TO,2007-05-11,14.529999732971191,14.973999977111816,14.513999938964844,14.817999839782715,11.8761625289917,2915000
CP.TO,2007-05-14,14.649999618530273,14.800000190734863,14.600000381469727,14.685999870300293,11.770370483398438,2954500
CP.TO,2007-05-15,14.604000091552734,14.880000114440918,14.539999961853027,14.784000396728516,11.848907470703125,3145000
CP.TO,2007-05-16,14.791999816894531,15.163999557495117,14.741999626159668,15.163999557495117,12.153467178344727,4786500
CP.TO,2007-05-17,15.095999717712402,15.489999771118164,15.055999755859375,15.484000205993652,12.409942626953125,3700000
CP.TO,2007-05-18,15.472000122070312,15.63599967956543,15.354000091552734,15.54800033569336,12.461235046386719,3936500
CP.TO,2007-05-22,15.380000114440918,15.470000267028809,15.28600025177002,15.36400032043457,12.313764572143555,3590500
CP.TO,2007-05-23,15.359999656677246,15.479999542236328,15.336000442504883,15.40999984741211,12.350627899169922,3953000
CP.TO,2007-05-24,15.35200023651123,15.430000305175781,15.152000427246094,15.199999809265137,12.182327270507812,3158500
CP.TO,2007-05-25,15.222000122070312,15.503999710083008,15.199999809265137,15.40999984741211,12.350627899169922,2896500
CP.TO,2007-05-28,15.34000015258789,15.447999954223633,15.3100004196167,15.354000091552734,12.305752754211426,676500
CP.TO,2007-05-29,15.359999656677246,15.54800033569336,15.329999923706055,15.420000076293945,12.35864543914795,3040500
CP.TO,2007-05-30,15.293999671936035,15.4399995803833,15.270000457763672,15.413999557495117,12.353837966918945,1871000
CP.TO,2007-05-31,15.34000015258789,15.399999618530273,15.185999870300293,15.260000228881836,12.230413436889648,4473000
CP.TO,2007-06-01,15.260000228881836,15.696000099182129,15.253999710083008,15.541999816894531,12.456425666809082,2066500
CP.TO,2007-06-04,15.37600040435791,15.52400016784668,15.321999549865723,15.52400016784668,12.441997528076172,1888500
CP.TO,2007-06-05,15.52400016784668,15.618000030517578,15.350000381469727,15.5,12.422761917114258,2450000
CP.TO,2007-06-06,15.39799976348877,15.498000144958496,15.145999908447266,15.152000427246094,12.143850326538086,2965500
CP.TO,2007-06-07,15.071999549865723,15.149999618530273,14.482000350952148,14.65999984741211,11.749531745910645,4639000
CP.TO,2007-06-08,14.48799991607666,15.07800006866455,14.482000350952148,15.0,12.02203369140625,2537500
CP.TO,2007-06-11,14.932000160217285,15.173999786376953,14.906000137329102,15.050000190734863,12.06209945678711,1372500
CP.TO,2007-06-12,14.855999946594238,15.100000381469727,14.76200008392334,14.824000358581543,11.880970001220703,2614000
CP.TO,2007-06-13,14.795999526977539,15.017999649047852,14.637999534606934,15.017999649047852,12.036457061767578,2154500
CP.TO,2007-06-14,15.01200008392334,15.350000381469727,14.949999809265137,15.119999885559082,12.118205070495605,3935000
CP.TO,2007-06-15,15.09000015258789,15.357999801635742,15.09000015258789,15.300000190734863,12.262467384338379,5039500
CP.TO,2007-06-18,15.251999855041504,15.279999732971191,15.145999908447266,15.175999641418457,12.163087844848633,1535500
CP.TO,2007-06-19,15.197999954223633,15.234000205993652,15.029999732971191,15.107999801635742,12.108590126037598,2910000
CP.TO,2007-06-20,15.199999809265137,15.199999809265137,14.838000297546387,14.84000015258789,11.893793106079102,2443000
CP.TO,2007-06-21,14.892000198364258,15.234000205993652,14.711999893188477,15.21399974822998,12.19354248046875,2167500
CP.TO,2007-06-22,15.142000198364258,15.197999954223633,14.859999656677246,14.92199993133545,11.959514617919922,2319000
CP.TO,2007-06-25,14.800000190734863,14.920000076293945,14.592000007629395,14.600000381469727,11.701441764831543,4840500
CP.TO,2007-06-26,14.649999618530273,14.758000373840332,14.350000381469727,14.371999740600586,11.518708229064941,2790000
CP.TO,2007-06-27,14.35200023651123,14.541999816894531,14.246000289916992,14.460000038146973,11.625638008117676,3141500
CP.TO,2007-06-28,14.51200008392334,14.670000076293945,14.420000076293945,14.522000312805176,11.675482749938965,3229500
CP.TO,2007-06-29,14.63599967956543,14.789999961853027,14.489999771118164,14.71399974822998,11.829850196838379,2023500
CP.TO,2007-07-03,14.817999839782715,15.050000190734863,14.802000045776367,15.050000190734863,12.099983215332031,2470000
CP.TO,2007-07-04,15.050000190734863,15.092000007629395,14.899999618530273,14.930000305175781,12.003507614135742,432500
CP.TO,2007-07-05,14.973999977111816,14.973999977111816,14.699999809265137,14.772000312805176,11.876479148864746,1888500
CP.TO,2007-07-06,14.697999954223633,14.947999954223633,14.692000389099121,14.880000114440918,11.963314056396484,1113500
CP.TO,2007-07-09,14.979999542236328,14.998000144958496,14.82800006866455,14.82800006866455,11.921506881713867,1916000
CP.TO,2007-07-10,14.800000190734863,14.881999969482422,14.710000038146973,14.748000144958496,11.857181549072266,1717000
CP.TO,2007-07-11,14.70199966430664,15.144000053405762,14.697999954223633,15.093999862670898,12.135369300842285,3497000
CP.TO,2007-07-12,15.1899995803833,15.34000015258789,15.100000381469727,15.34000015258789,12.33314323425293,1551000
CP.TO,2007-07-13,15.34000015258789,15.51200008392334,15.272000312805176,15.473999977111816,12.440879821777344,1298500
CP.TO,2007-07-16,15.36400032043457,15.795999526977539,15.300000190734863,15.657999992370605,12.588808059692383,3233000
CP.TO,2007-07-17,15.656000137329102,15.75,15.395999908447266,15.40999984741211,12.389421463012695,3012500
CP.TO,2007-07-18,17.700000762939453,18.200000762939453,17.474000930786133,17.799999237060547,14.310945510864258,24112000
CP.TO,2007-07-19,17.549999237060547,17.746000289916992,17.040000915527344,17.742000579833984,14.264320373535156,21548500
CP.TO,2007-07-20,17.299999237060547,17.672000885009766,17.200000762939453,17.398000717163086,13.987749099731445,13079000
CP.TO,2007-07-23,17.260000228881836,17.4060001373291,17.239999771118164,17.34000015258789,13.94111442565918,7801500
CP.TO,2007-07-24,17.00200080871582,17.100000381469727,16.621999740600586,16.719999313354492,13.442643165588379,6919000
CP.TO,2007-07-25,16.621999740600586,16.988000869750977,16.055999755859375,16.326000213623047,13.125876426696777,32253000
CP.TO,2007-07-26,15.881999969482422,16.025999069213867,15.505999565124512,15.736000061035156,12.65152359008789,8125000
CP.TO,2007-07-27,15.723999977111816,16.030000686645508,15.510000228881836,15.817999839782715,12.717446327209473,5865500
CP.TO,2007-07-30,15.920000076293945,16.200000762939453,15.657999992370605,15.684000015258789,12.60971450805664,3057000
CP.TO,2007-07-31,15.892000198364258,16.0,15.684000015258789,15.699999809265137,12.622583389282227,4481000
CP.TO,2007-08-01,15.550000190734863,15.795999526977539,15.40999984741211,15.640000343322754,12.5743408203125,3785000
CP.TO,2007-08-02,15.899999618530273,15.949999809265137,15.652000427246094,15.789999961853027,12.694941520690918,2531500
CP.TO,2007-08-03,15.777999877929688,15.777999877929688,15.229999542236328,15.267999649047852,12.275257110595703,4284500
CP.TO,2007-08-07,15.21399974822998,15.619999885559082,15.21399974822998,15.484000205993652,12.448919296264648,3137000
CP.TO,2007-08-08,15.673999786376953,15.710000038146973,15.531999588012695,15.586000442504883,12.530925750732422,3778500
CP.TO,2007-08-09,15.399999618530273,15.710000038146973,15.140000343322754,15.140000343322754,12.172344207763672,3109000
CP.TO,2007-08-10,15.119999885559082,15.119999885559082,14.708000183105469,15.079999923706055,12.124107360839844,4931000
CP.TO,2007-08-13,15.100000381469727,15.25,14.899999618530273,14.920000076293945,11.995471000671387,4422000
CP.TO,2007-08-14,14.9399995803833,15.041999816894531,14.416000366210938,14.510000228881836,11.6658353805542,3716500
CP.TO,2007-08-15,14.399999618530273,14.710000038146973,13.907999992370605,13.907999992370605,11.18183708190918,4684500
CP.TO,2007-08-16,13.819999694824219,14.097999572753906,13.5,14.010000228881836,11.263843536376953,5878500
CP.TO,2007-08-17,14.260000228881836,14.359999656677246,13.824000358581543,13.935999870300293,11.204346656799316,3423500
CP.TO,2007-08-20,13.711999893188477,14.319999694824219,13.70199966430664,14.076000213623047,11.316908836364746,2759000
CP.TO,2007-08-21,14.218000411987305,14.37600040435791,14.12600040435791,14.1899995803833,11.408560752868652,5447500
CP.TO,2007-08-22,14.300000190734863,14.607999801635742,14.277999877929688,14.550000190734863,11.697998046875,3252500
CP.TO,2007-08-23,14.619999885559082,14.649999618530273,14.324000358581543,14.446000099182129,11.614381790161133,4319000
CP.TO,2007-08-24,14.552000045776367,14.696000099182129,14.38599967956543,14.593999862670898,11.733370780944824,4343500
CP.TO,2007-08-27,14.48799991607666,14.605999946594238,14.446000099182129,14.550000190734863,11.697998046875,1213500
CP.TO,2007-08-28,14.508000373840332,14.574000358581543,14.272000312805176,14.277999877929688,11.479310989379883,2377500
CP.TO,2007-08-29,14.3100004196167,14.411999702453613,14.20199966430664,14.312000274658203,11.5066499710083,3099500
CP.TO,2007-08-30,14.319999694824219,14.47599983215332,14.239999771118164,14.359999656677246,11.545238494873047,2799000
CP.TO,2007-08-31,14.619999885559082,14.9399995803833,14.5,14.84000015258789,11.93115234375,3744000
CP.TO,2007-09-04,14.800000190734863,14.895999908447266,14.687999725341797,14.694000244140625,11.813773155212402,2516500
CP.TO,2007-09-05,14.529999732971191,14.529999732971191,13.92199993133545,14.185999870300293,11.40534782409668,8627500
CP.TO,2007-09-06,14.140000343322754,14.199999809265137,13.982000350952148,14.140000343322754,11.368358612060547,2703500
CP.TO,2007-09-07,14.100000381469727,14.118000030517578,13.815999984741211,13.84000015258789,11.127165794372559,3190000
CP.TO,2007-09-10,13.862000465393066,13.979999542236328,13.684000015258789,13.720000267028809,11.03068733215332,2320000
CP.TO,2007-09-11,13.791999816894531,14.277999877929688,13.772000312805176,14.267999649047852,11.47126579284668,4121000
CP.TO,2007-09-12,14.241999626159668,14.430000305175781,14.222000122070312,14.25,11.456801414489746,1934500
CP.TO,2007-09-13,14.395999908447266,14.569999694824219,14.220000267028809,14.4399995803833,11.6095552444458,2677000
CP.TO,2007-09-14,14.27400016784668,14.4399995803833,13.95199966430664,14.015999794006348,11.268667221069336,3452500
CP.TO,2007-09-17,14.041999816894531,14.119999885559082,13.960000038146973,13.97599983215332,11.236502647399902,1641500
CP.TO,2007-09-18,14.0,14.355999946594238,13.902000427246094,14.307999610900879,11.503432273864746,4950000
CP.TO,2007-09-19,14.472000122070312,14.472000122070312,14.001999855041504,14.0600004196167,11.304041862487793,2607500
CP.TO,2007-09-20,14.050000190734863,14.050000190734863,13.791999816894531,13.88599967956543,11.164144515991211,3422500
CP.TO,2007-09-21,13.800000190734863,13.883999824523926,13.618000030517578,13.708000183105469,11.021041870117188,7737000
CP.TO,2007-09-24,13.75,13.847999572753906,13.576000213623047,13.576000213623047,10.914913177490234,3913500
CP.TO,2007-09-25,13.555999755859375,13.788000106811523,13.473999977111816,13.673999786376953,10.993704795837402,2322000
CP.TO,2007-09-26,13.770000457763672,13.928000450134277,13.682000160217285,13.845999717712402,11.168743133544922,4283000
CP.TO,2007-09-27,13.998000144958496,14.088000297546387,13.87600040435791,14.0600004196167,11.3413667678833,5080500
CP.TO,2007-09-28,14.038000106811523,14.079999923706055,13.899999618530273,14.0,11.29296875,4535000
CP.TO,2007-10-01,13.994000434875488,14.239999771118164,13.862000465393066,14.23799991607666,11.484945297241211,5828000
CP.TO,2007-10-02,14.222000122070312,14.383999824523926,14.088000297546387,14.345999717712402,11.572066307067871,4816500
CP.TO,2007-10-03,14.355999946594238,14.359999656677246,13.902000427246094,13.902000427246094,11.213918685913086,4270000
CP.TO,2007-10-04,14.064000129699707,14.064000129699707,13.812000274658203,13.925999641418457,11.233278274536133,4695000
CP.TO,2007-10-05,14.039999961853027,14.600000381469727,13.880000114440918,14.539999961853027,11.728554725646973,6579000
CP.TO,2007-10-09,14.496000289916992,14.52400016784668,14.251999855041504,14.359999656677246,11.583357810974121,2088000
CP.TO,2007-10-10,14.380000114440918,14.380000114440918,14.050000190734863,14.1899995803833,11.44622802734375,4469000
CP.TO,2007-10-11,14.239999771118164,14.244000434875488,13.937999725341797,14.026000022888184,11.313936233520508,2632500
CP.TO,2007-10-12,14.09000015258789,14.09000015258789,13.902000427246094,13.944000244140625,11.24779987335205,4456500
CP.TO,2007-10-15,13.989999771118164,13.989999771118164,13.652000427246094,13.718000411987305,11.065495491027832,3138500
CP.TO,2007-10-16,13.710000038146973,13.710000038146973,13.479999542236328,13.569999694824219,10.9461088180542,3088000
CP.TO,2007-10-17,13.729999542236328,13.767999649047852,13.381999969482422,13.472000122070312,10.867058753967285,4885500
CP.TO,2007-10-18,13.5,13.928000450134277,13.435999870300293,13.772000312805176,11.109054565429688,6226000
CP.TO,2007-10-19,13.722000122070312,13.803999900817871,13.5,13.5600004196167,10.938042640686035,4015500
CP.TO,2007-10-22,13.406000137329102,13.699999809265137,13.406000137329102,13.699999809265137,11.05097484588623,2981500
CP.TO,2007-10-23,13.649999618530273,13.76200008392334,13.45199966430664,13.508000373840332,10.896095275878906,2784500
CP.TO,2007-10-24,13.46399974822998,13.609999656677246,13.065999984741211,13.489999771118164,10.881580352783203,4726500
CP.TO,2007-10-25,13.588000297546387,13.588000297546387,13.10200023651123,13.15999984741211,10.615388870239258,5150500
CP.TO,2007-10-26,13.239999771118164,13.399999618530273,13.178000450134277,13.319999694824219,10.7444486618042,3812000
CP.TO,2007-10-29,13.383999824523926,13.45199966430664,13.277999877929688,13.449999809265137,10.849315643310547,2423500
CP.TO,2007-10-30,13.460000038146973,13.460000038146973,12.920000076293945,12.968000411987305,10.460515022277832,4457000
CP.TO,2007-10-31,13.079999923706055,13.302000045776367,13.045999526977539,13.295999526977539,10.725088119506836,5150000
CP.TO,2007-11-01,13.199999809265137,13.277999877929688,12.95199966430664,12.958000183105469,10.45244312286377,4728500
CP.TO,2007-11-02,13.095999717712402,13.187999725341797,12.805999755859375,13.10200023651123,10.568603515625,5412000
CP.TO,2007-11-05,12.960000038146973,13.128000259399414,12.65999984741211,12.763999938964844,10.295960426330566,4236500
CP.TO,2007-11-06,12.710000038146973,12.718000411987305,12.380000114440918,12.472000122070312,10.060423851013184,5710000
CP.TO,2007-11-07,12.319999694824219,12.319999694824219,11.895999908447266,12.008000373840332,9.686141014099121,9176500
CP.TO,2007-11-08,12.1899995803833,12.472000122070312,12.0600004196167,12.45199966430664,10.044289588928223,7301500
CP.TO,2007-11-09,12.395999908447266,12.692000389099121,12.350000381469727,12.503999710083008,10.086230278015137,5662000
CP.TO,2007-11-12,12.60200023651123,12.60200023651123,12.199999809265137,12.277999877929688,9.903931617736816,1652000
CP.TO,2007-11-13,12.449999809265137,12.482000350952148,12.300000190734863,12.45199966430664,10.044289588928223,3762000
CP.TO,2007-11-14,12.541999816894531,12.741999626159668,12.392000198364258,12.628000259399414,10.186258316040039,2201500
CP.TO,2007-11-15,12.656000137329102,12.789999961853027,12.449999809265137,12.517999649047852,10.097527503967285,2084000
CP.TO,2007-11-16,12.522000312805176,12.5600004196167,12.399999618530273,12.53600025177002,10.112044334411621,2282000
CP.TO,2007-11-19,12.545999526977539,12.555999755859375,12.300000190734863,12.350000381469727,9.962013244628906,1992000
CP.TO,2007-11-20,12.362000465393066,12.552000045776367,12.248000144958496,12.321999549865723,9.939424514770508,2044000
CP.TO,2007-11-21,12.227999687194824,12.36400032043457,12.100000381469727,12.163999557495117,9.811972618103027,2008000
CP.TO,2007-11-22,12.25,12.25,12.050000190734863,12.109999656677246,9.768418312072754,748000
CP.TO,2007-11-23,12.116000175476074,12.215999603271484,11.949999809265137,12.184000015258789,9.828104972839355,1184000
CP.TO,2007-11-26,12.180000305175781,12.23799991607666,11.954000473022461,11.954000473022461,9.642583847045898,2773500
CP.TO,2007-11-27,11.961999893188477,12.6899995803833,11.960000038146973,12.649999618530273,10.20400333404541,6233000
CP.TO,2007-11-28,12.539999961853027,13.12399959564209,12.539999961853027,12.949999809265137,10.44599723815918,3925500
CP.TO,2007-11-29,12.979999542236328,12.994000434875488,12.654000282287598,12.989999771118164,10.478263854980469,2629000
CP.TO,2007-11-30,13.057999610900879,13.473999977111816,13.045999526977539,13.32800006866455,10.750905990600586,3981000
CP.TO,2007-12-03,13.107999801635742,13.130000114440918,12.800000190734863,12.800000190734863,10.32499885559082,6323500
CP.TO,2007-12-04,12.652000427246094,12.960000038146973,12.538000106811523,12.770000457763672,10.300799369812012,4338500
CP.TO,2007-12-05,12.850000381469727,13.557999610900879,12.850000381469727,13.39799976348877,10.80737018585205,5871000
CP.TO,2007-12-06,13.38599967956543,13.5600004196167,13.281999588012695,13.529999732971191,10.913849830627441,2731000
CP.TO,2007-12-07,13.515999794006348,13.812000274658203,13.477999687194824,13.564000129699707,10.941277503967285,2821500
CP.TO,2007-12-10,13.57800006866455,13.708000183105469,13.456000328063965,13.656000137329102,11.015482902526855,2250000
CP.TO,2007-12-11,13.520000457763672,13.800000190734863,13.4399995803833,13.4399995803833,10.8412504196167,4427500
CP.TO,2007-12-12,13.350000381469727,13.699999809265137,13.15999984741211,13.276000022888184,10.70895767211914,5994500
CP.TO,2007-12-13,12.960000038146973,13.276000022888184,12.871999740600586,13.140000343322754,10.599257469177246,5204500
CP.TO,2007-12-14,12.942000389099121,13.140000343322754,12.911999702453613,13.064000129699707,10.537947654724121,2396500
CP.TO,2007-12-17,12.960000038146973,13.118000030517578,12.842000007629395,12.920000076293945,10.421796798706055,2394500
CP.TO,2007-12-18,13.041999816894531,13.041999816894531,12.70199966430664,12.859999656677246,10.373401641845703,2598000
CP.TO,2007-12-19,12.75,13.10200023651123,12.645999908447266,12.812000274658203,10.334674835205078,2874000
CP.TO,2007-12-20,12.833999633789062,12.92199993133545,12.517999649047852,12.741999626159668,10.278216361999512,2646500
CP.TO,2007-12-21,12.60200023651123,12.899999618530273,12.60200023651123,12.803999900817871,10.328227043151855,4322000
CP.TO,2007-12-24,12.805999755859375,13.079999923706055,12.802000045776367,13.0,10.523313522338867,880000
CP.TO,2007-12-27,12.880000114440918,13.067999839782715,12.763999938964844,12.913999557495117,10.453694343566895,1292000
CP.TO,2007-12-28,12.89799976348877,13.053999900817871,12.814000129699707,13.0,10.523313522338867,780000
CP.TO,2007-12-31,12.973999977111816,13.0,12.79800033569336,12.843999862670898,10.397037506103516,876000
CP.TO,2008-01-02,12.847999572753906,12.972000122070312,12.734000205993652,12.803999900817871,10.364651679992676,2487000
CP.TO,2008-01-03,12.850000381469727,12.88599967956543,12.758000373840332,12.800000190734863,10.36141300201416,2550000
CP.TO,2008-01-04,12.789999961853027,12.789999961853027,12.59000015258789,12.699999809265137,10.280463218688965,6710500
CP.TO,2008-01-07,12.699999809265137,12.842000007629395,12.553999900817871,12.628000259399414,10.222184181213379,2886500
CP.TO,2008-01-08,12.779999732971191,12.779999732971191,12.343999862670898,12.381999969482422,10.02304458618164,2444000
CP.TO,2008-01-09,12.359999656677246,12.489999771118164,12.039999961853027,12.315999984741211,9.969621658325195,3514500
CP.TO,2008-01-10,12.300000190734863,12.534000396728516,12.166000366210938,12.442000389099121,10.071615219116211,2719000
CP.TO,2008-01-11,12.324000358581543,12.517999649047852,12.324000358581543,12.465999603271484,10.091048240661621,3150000
CP.TO,2008-01-14,12.52400016784668,12.772000312805176,12.52400016784668,12.71399974822998,10.291797637939453,2068000
CP.TO,2008-01-15,12.618000030517578,12.751999855041504,12.470000267028809,12.583999633789062,10.186567306518555,6200000
CP.TO,2008-01-16,12.460000038146973,12.692000389099121,12.442000389099121,12.574000358581543,10.178475379943848,4345500
CP.TO,2008-01-17,12.699999809265137,12.859999656677246,12.4399995803833,12.47599983215332,10.099141120910645,4901000
CP.TO,2008-01-18,12.447999954223633,12.57800006866455,12.001999855041504,12.152000427246094,9.836871147155762,4817000
CP.TO,2008-01-21,11.800000190734863,11.949999809265137,11.663999557495117,11.800000190734863,9.551925659179688,1721500
CP.TO,2008-01-22,11.515999794006348,12.26200008392334,11.460000038146973,12.218000411987305,9.890295028686523,3222000
CP.TO,2008-01-23,11.869999885559082,12.800000190734863,11.859999656677246,12.800000190734863,10.36141300201416,3143500
CP.TO,2008-01-24,12.991999626159668,13.142000198364258,12.729999542236328,12.779999732971191,10.345222473144531,2703000
CP.TO,2008-01-25,13.119999885559082,13.119999885559082,12.550000190734863,12.722000122070312,10.298272132873535,4059500
CP.TO,2008-01-28,12.503999710083008,12.979999542236328,12.402000427246094,12.979999542236328,10.507118225097656,3729000
CP.TO,2008-01-29,13.170000076293945,13.819999694824219,13.029999732971191,13.45199966430664,10.889196395874023,4609000
CP.TO,2008-01-30,13.418000221252441,13.418000221252441,13.029999732971191,13.03600025177002,10.552452087402344,3509000
CP.TO,2008-01-31,12.859999656677246,13.510000228881836,12.680000305175781,13.407999992370605,10.853580474853516,5149500
CP.TO,2008-02-01,13.460000038146973,13.887999534606934,13.425999641418457,13.878000259399414,11.234041213989258,3263500
CP.TO,2008-02-04,13.802000045776367,14.052000045776367,13.802000045776367,13.902000427246094,11.253471374511719,3989000
CP.TO,2008-02-05,13.878000259399414,14.001999855041504,13.685999870300293,13.708000183105469,11.096428871154785,3875000
CP.TO,2008-02-06,13.84000015258789,13.9399995803833,13.668000221252441,13.736000061035156,11.119091987609863,2496000
CP.TO,2008-02-07,13.708000183105469,14.050000190734863,13.465999603271484,13.88599967956543,11.240511894226074,3314000
CP.TO,2008-02-08,13.803999900817871,14.093999862670898,13.708000183105469,13.934000015258789,11.27937126159668,3235000
CP.TO,2008-02-11,13.899999618530273,14.093999862670898,13.824000358581543,14.013999938964844,11.344128608703613,3161000
CP.TO,2008-02-12,13.923999786376953,14.100000381469727,13.86400032043457,13.96399974822998,11.3036527633667,4118500
CP.TO,2008-02-13,14.01200008392334,14.067999839782715,13.826000213623047,13.935999870300293,11.280987739562988,3459500
CP.TO,2008-02-14,13.907999992370605,13.996000289916992,13.784000396728516,13.817999839782715,11.185469627380371,3344500
CP.TO,2008-02-15,13.815999984741211,13.970000267028809,13.70199966430664,13.970000267028809,11.308510780334473,2872500
CP.TO,2008-02-19,14.079999923706055,14.390000343322754,14.031999588012695,14.338000297546387,11.606404304504395,4258000
CP.TO,2008-02-20,14.199999809265137,14.710000038146973,14.152000427246094,14.652000427246094,11.86058235168457,3491000
CP.TO,2008-02-21,14.595999717712402,14.685999870300293,14.359999656677246,14.434000015258789,11.684112548828125,4074000
CP.TO,2008-02-22,14.402000427246094,14.447999954223633,14.031999588012695,14.185999870300293,11.48336410522461,3565500
CP.TO,2008-02-25,14.152000427246094,14.661999702453613,14.07800006866455,14.579999923706055,11.802294731140137,4583000
CP.TO,2008-02-26,14.449999809265137,14.866000175476074,14.449999809265137,14.819999694824219,11.996575355529785,3686000
CP.TO,2008-02-27,14.729999542236328,14.947999954223633,14.619999885559082,14.73799991607666,11.930196762084961,3384000
CP.TO,2008-02-28,14.501999855041504,14.708000183105469,14.501999855041504,14.694000244140625,11.894580841064453,1681500
CP.TO,2008-02-29,14.597999572753906,14.697999954223633,14.293999671936035,14.307999610900879,11.582118034362793,2811000
CP.TO,2008-03-03,14.307999610900879,14.418000221252441,14.081999778747559,14.395999908447266,11.653351783752441,2234000
CP.TO,2008-03-04,14.37600040435791,14.420000076293945,13.87600040435791,13.9399995803833,11.284228324890137,5223500
CP.TO,2008-03-05,14.005999565124512,14.199999809265137,13.956000328063965,14.088000297546387,11.404033660888672,4686500
CP.TO,2008-03-06,14.149999618530273,14.154000282287598,13.64799976348877,13.711999893188477,11.099660873413086,2821500
CP.TO,2008-03-07,13.600000381469727,13.913999557495117,13.366000175476074,13.545999526977539,10.965288162231445,4183500
CP.TO,2008-03-10,13.527999877929688,13.720000267028809,13.32800006866455,13.371999740600586,10.824443817138672,2440000
CP.TO,2008-03-11,13.600000381469727,13.71399974822998,13.468000411987305,13.71399974822998,11.101284980773926,3095000
CP.TO,2008-03-12,13.607999801635742,13.902000427246094,13.468000411987305,13.47599983215332,10.908625602722168,3196500
CP.TO,2008-03-13,13.371999740600586,13.37600040435791,13.081999778747559,13.32800006866455,10.788820266723633,5890500
CP.TO,2008-03-14,13.420000076293945,13.420000076293945,12.753999710083008,13.013999938964844,10.534643173217773,4266000
CP.TO,2008-03-17,12.640000343322754,13.053999900817871,12.60200023651123,12.947999954223633,10.481222152709961,2091000
CP.TO,2008-03-18,13.03600025177002,13.277999877929688,12.61400032043457,13.229999542236328,10.709491729736328,5590500
CP.TO,2008-03-19,13.251999855041504,13.324000358581543,12.859999656677246,12.859999656677246,10.40998649597168,3781000
CP.TO,2008-03-20,12.84000015258789,12.989999771118164,12.477999687194824,12.887999534606934,10.432645797729492,6949000
CP.TO,2008-03-24,13.116000175476074,13.539999961853027,12.92199993133545,13.390000343322754,10.839008331298828,4262000
CP.TO,2008-03-25,13.319999694824219,13.857999801635742,13.319999694824219,13.84000015258789,11.203279495239258,3501000
CP.TO,2008-03-26,13.79800033569336,13.854000091552734,13.456000328063965,13.75,11.170456886291504,3201500
CP.TO,2008-03-27,13.831999778747559,13.838000297546387,13.501999855041504,13.520000457763672,10.983607292175293,3255000
CP.TO,2008-03-28,13.57800006866455,13.57800006866455,13.355999946594238,13.359999656677246,10.853621482849121,4725500
CP.TO,2008-03-31,13.418000221252441,13.418000221252441,13.09000015258789,13.199999809265137,10.723639488220215,3553000
CP.TO,2008-04-01,13.289999961853027,13.472000122070312,13.255999565124512,13.371999740600586,10.863373756408691,3682500
CP.TO,2008-04-02,13.399999618530273,13.45199966430664,13.350000381469727,13.399999618530273,10.88611888885498,5381000
CP.TO,2008-04-03,13.300000190734863,13.387999534606934,13.220000267028809,13.369999885559082,10.861747741699219,2878000
CP.TO,2008-04-04,13.265999794006348,13.531999588012695,13.239999771118164,13.460000038146973,10.934863090515137,2721000
CP.TO,2008-04-07,13.489999771118164,13.819999694824219,13.444000244140625,13.642000198364258,11.082718849182129,4371000
CP.TO,2008-04-08,13.479999542236328,13.649999618530273,13.416000366210938,13.51200008392334,10.977107048034668,2145000
CP.TO,2008-04-09,13.588000297546387,13.607999801635742,13.095999717712402,13.22599983215332,10.744759559631348,3119000
CP.TO,2008-04-10,13.100000381469727,13.46399974822998,13.022000312805176,13.46399974822998,10.93811321258545,2667000
CP.TO,2008-04-11,13.3100004196167,13.42199993133545,13.065999984741211,13.128000259399414,10.66515064239502,2499500
CP.TO,2008-04-14,13.067999839782715,13.15999984741211,12.973999977111816,13.038000106811523,10.59203052520752,1628000
CP.TO,2008-04-15,13.022000312805176,13.097999572753906,12.795999526977539,13.04800033569336,10.600152969360352,2721500
CP.TO,2008-04-16,13.23799991607666,13.770000457763672,13.20199966430664,13.748000144958496,11.168835639953613,3533500
CP.TO,2008-04-17,13.699999809265137,13.755999565124512,13.489999771118164,13.640000343322754,11.081092834472656,3129500
CP.TO,2008-04-18,13.826000213623047,13.973999977111816,13.760000228881836,13.883999824523926,11.279321670532227,2768500
CP.TO,2008-04-21,13.803999900817871,14.425999641418457,13.802000045776367,14.25,11.576659202575684,4363500
CP.TO,2008-04-22,14.0,14.0,13.444000244140625,13.644000053405762,11.084341049194336,5797500
CP.TO,2008-04-23,13.644000053405762,13.644000053405762,13.35200023651123,13.600000381469727,11.04859733581543,5492000
CP.TO,2008-04-24,13.652000427246094,13.734000205993652,13.37399959564209,13.685999870300293,11.118465423583984,3366000
CP.TO,2008-04-25,13.739999771118164,13.815999984741211,13.477999687194824,13.815999984741211,11.224075317382812,8488500
CP.TO,2008-04-28,13.883999824523926,14.050000190734863,13.824000358581543,13.847999572753906,11.250070571899414,2977500
CP.TO,2008-04-29,13.850000381469727,13.850000381469727,13.53600025177002,13.704000473022461,11.133091926574707,3949500
CP.TO,2008-04-30,13.789999961853027,14.116000175476074,13.720000267028809,13.87600040435791,11.272820472717285,5325000
CP.TO,2008-05-01,13.833999633789062,14.27400016784668,13.8100004196167,14.23799991607666,11.56690788269043,3154500
CP.TO,2008-05-02,14.333999633789062,14.854000091552734,14.331999778747559,14.836000442504883,12.052718162536621,3982000
CP.TO,2008-05-05,14.770000457763672,14.850000381469727,14.592000007629395,14.61400032043457,11.872369766235352,2314500
CP.TO,2008-05-06,14.5,14.814000129699707,14.368000030517578,14.789999961853027,12.015349388122559,2955000
CP.TO,2008-05-07,14.767999649047852,14.779999732971191,14.465999603271484,14.465999603271484,11.752131462097168,3765000
CP.TO,2008-05-08,14.34000015258789,15.0,14.34000015258789,14.895999908447266,12.101468086242676,3513500
CP.TO,2008-05-09,14.788000106811523,14.859999656677246,14.600000381469727,14.678000450134277,11.924361228942871,2922000
CP.TO,2008-05-12,14.751999855041504,14.788000106811523,14.42199993133545,14.5600004196167,11.828498840332031,3179500
CP.TO,2008-05-13,14.550000190734863,14.5600004196167,14.34000015258789,14.4399995803833,11.731011390686035,2602500
CP.TO,2008-05-14,14.515999794006348,14.75,14.413999557495117,14.630000114440918,11.885367393493652,4144000
CP.TO,2008-05-15,14.62399959564209,14.697999954223633,14.520000457763672,14.644000053405762,11.896740913391113,2311000
CP.TO,2008-05-16,14.789999961853027,14.793999671936035,14.59000015258789,14.65999984741211,11.909735679626465,2949500
CP.TO,2008-05-20,14.800000190734863,14.838000297546387,14.637999534606934,14.670000076293945,11.917863845825195,4376000
CP.TO,2008-05-21,14.699999809265137,14.781999588012695,14.541999816894531,14.541999816894531,11.81387710571289,4460000
CP.TO,2008-05-22,14.473999977111816,14.71399974822998,14.444000244140625,14.515999794006348,11.792755126953125,4360000
CP.TO,2008-05-23,14.42199993133545,14.4399995803833,14.0,14.083999633789062,11.441801071166992,5191500
CP.TO,2008-05-26,14.265999794006348,14.5,14.163999557495117,14.390000343322754,11.690389633178711,3578500
CP.TO,2008-05-27,14.48799991607666,14.489999771118164,14.0,14.199999809265137,11.536035537719727,5156000
CP.TO,2008-05-28,14.270000457763672,14.744000434875488,14.270000457763672,14.668000221252441,11.916238784790039,5979500
CP.TO,2008-05-29,14.600000381469727,14.935999870300293,14.586000442504883,14.85200023651123,12.065720558166504,5890000
CP.TO,2008-05-30,14.9399995803833,14.9399995803833,14.460000038146973,14.515999794006348,11.792755126953125,6864500
CP.TO,2008-06-02,14.380000114440918,14.380000114440918,14.039999961853027,14.088000297546387,11.445050239562988,4138000
CP.TO,2008-06-03,14.119999885559082,14.279999732971191,13.934000015258789,14.005999565124512,11.378433227539062,3574500
CP.TO,2008-06-04,13.991999626159668,14.093999862670898,13.800000190734863,13.87399959564209,11.271197319030762,3664000
CP.TO,2008-06-05,13.911999702453613,14.130000114440918,13.911999702453613,14.130000114440918,11.479166984558105,4898000
CP.TO,2008-06-06,14.086000442504883,14.086000442504883,13.720000267028809,13.76200008392334,11.18021011352539,4575000
CP.TO,2008-06-09,13.829999923706055,13.829999923706055,13.42199993133545,13.550000190734863,11.007976531982422,3625500
CP.TO,2008-06-10,13.48799991607666,13.565999984741211,13.27400016784668,13.51200008392334,10.977107048034668,5552000
CP.TO,2008-06-11,13.515999794006348,13.515999794006348,12.920000076293945,13.067999839782715,10.616405487060547,4919000
CP.TO,2008-06-12,13.149999618530273,13.329999923706055,13.100000381469727,13.175999641418457,10.704142570495605,2911000
CP.TO,2008-06-13,13.289999961853027,13.508000373840332,13.199999809265137,13.288000106811523,10.795129776000977,2561500
CP.TO,2008-06-16,13.277999877929688,13.576000213623047,13.157999992370605,13.442000389099121,10.920244216918945,2161000
CP.TO,2008-06-17,13.465999603271484,13.63599967956543,13.196000099182129,13.248000144958496,10.762636184692383,2432500
CP.TO,2008-06-18,13.223999977111816,13.270000457763672,12.960000038146973,13.09000015258789,10.634279251098633,3730000
CP.TO,2008-06-19,13.003999710083008,13.347999572753906,12.928000450134277,13.25,10.76425838470459,4262000
CP.TO,2008-06-20,13.25,13.710000038146973,13.25,13.59000015258789,11.040474891662598,8556500
CP.TO,2008-06-23,13.595999717712402,13.6899995803833,13.36400032043457,13.581999778747559,11.033976554870605,2202000
CP.TO,2008-06-24,13.579999923706055,13.850000381469727,13.380000114440918,13.390000343322754,10.877992630004883,4712000
CP.TO,2008-06-25,13.394000053405762,13.741999626159668,13.392000198364258,13.678000450134277,11.153282165527344,4623500
CP.TO,2008-06-26,13.666000366210938,13.6899995803833,13.534000396728516,13.654000282287598,11.133708953857422,3431500
CP.TO,2008-06-27,13.53600025177002,13.748000144958496,13.447999954223633,13.552000045776367,11.050535202026367,3764000
CP.TO,2008-06-30,13.434000015258789,13.654000282287598,13.42199993133545,13.539999961853027,11.040754318237305,2929000
CP.TO,2008-07-02,13.100000381469727,13.15999984741211,12.437999725341797,12.449999809265137,10.151947021484375,6418000
CP.TO,2008-07-03,12.529999732971191,12.65999984741211,12.300000190734863,12.62399959564209,10.293829917907715,4588500
CP.TO,2008-07-04,12.680000305175781,12.776000022888184,12.432000160217285,12.609999656677246,10.2824125289917,420000
CP.TO,2008-07-07,12.609999656677246,12.656000137329102,12.12399959564209,12.35200023651123,10.072036743164062,3923000
CP.TO,2008-07-08,12.498000144958496,13.399999618530273,12.350000381469727,13.211999893188477,10.773294448852539,6349500
CP.TO,2008-07-09,13.470000267028809,13.472000122070312,12.732000350952148,12.739999771118164,10.388418197631836,2714000
CP.TO,2008-07-10,12.751999855041504,13.149999618530273,12.746000289916992,12.913999557495117,10.530301094055176,1828000
CP.TO,2008-07-11,12.866000175476074,13.027999877929688,12.569999694824219,12.791999816894531,10.430822372436523,2542500
CP.TO,2008-07-14,12.998000144958496,13.020000457763672,12.552000045776367,12.675999641418457,10.336230278015137,1485500
CP.TO,2008-07-15,12.510000228881836,12.720000267028809,12.199999809265137,12.458000183105469,10.158472061157227,2916000
CP.TO,2008-07-16,12.48799991607666,13.104000091552734,12.394000053405762,13.104000091552734,10.685230255126953,2519000
CP.TO,2008-07-17,13.196000099182129,13.359999656677246,12.878000259399414,13.276000022888184,10.825482368469238,2795500
CP.TO,2008-07-18,13.5600004196167,13.75,13.291999816894531,13.538000106811523,11.039119720458984,2728500
CP.TO,2008-07-21,13.432000160217285,13.592000007629395,13.204000473022461,13.326000213623047,10.866252899169922,2449000
CP.TO,2008-07-22,12.720000267028809,13.541999816894531,12.100000381469727,12.842000007629395,10.47159194946289,9293000
CP.TO,2008-07-23,12.847999572753906,13.350000381469727,12.564000129699707,13.182000160217285,10.748835563659668,7208500
CP.TO,2008-07-24,13.180000305175781,13.196000099182129,12.42199993133545,12.501999855041504,10.194343566894531,4832500
CP.TO,2008-07-25,12.640000343322754,12.708000183105469,12.505999565124512,12.63599967956543,10.303618431091309,4240500
CP.TO,2008-07-28,12.612000465393066,12.8100004196167,12.612000465393066,12.699999809265137,10.355796813964844,3214000
CP.TO,2008-07-29,12.699999809265137,12.930000305175781,12.652000427246094,12.930000305175781,10.54334831237793,4185000
CP.TO,2008-07-30,12.90999984741211,13.187999725341797,12.890000343322754,13.027999877929688,10.623258590698242,2494000
CP.TO,2008-07-31,13.045999526977539,13.128000259399414,12.815999984741211,12.859999656677246,10.486270904541016,2280000
CP.TO,2008-08-01,12.996000289916992,13.010000228881836,12.496000289916992,12.588000297546387,10.264472961425781,2198000
CP.TO,2008-08-05,12.57800006866455,13.149999618530273,12.57800006866455,13.104000091552734,10.685230255126953,4161000
CP.TO,2008-08-06,13.041999816894531,13.199999809265137,13.039999961853027,13.173999786376953,10.742307662963867,2459000
CP.TO,2008-08-07,13.0,13.196000099182129,12.845999717712402,12.920000076293945,10.535189628601074,2612500
CP.TO,2008-08-08,13.0,13.468000411987305,13.0,13.406000137329102,10.931486129760742,2974000
CP.TO,2008-08-11,13.302000045776367,13.654000282287598,13.263999938964844,13.434000015258789,10.95431900024414,2671000
CP.TO,2008-08-12,13.25,13.449999809265137,12.772000312805176,12.833999633789062,10.465070724487305,3054000
CP.TO,2008-08-13,12.720000267028809,12.92199993133545,12.553999900817871,12.859999656677246,10.486270904541016,3945500
CP.TO,2008-08-14,12.850000381469727,13.067999839782715,12.696000099182129,12.937999725341797,10.549871444702148,1955500
CP.TO,2008-08-15,12.923999786376953,13.017999649047852,12.605999946594238,12.680000305175781,10.339492797851562,1737500
CP.TO,2008-08-18,12.71399974822998,12.767999649047852,12.550000190734863,12.649999618530273,10.315031051635742,1565000
CP.TO,2008-08-19,12.649999618530273,12.649999618530273,12.404000282287598,12.404000282287598,10.114435195922852,2592500
CP.TO,2008-08-20,12.45199966430664,12.595999717712402,12.300000190734863,12.402000427246094,10.112807273864746,1885500
CP.TO,2008-08-21,12.336000442504883,12.61400032043457,12.199999809265137,12.515999794006348,10.205764770507812,1221500
CP.TO,2008-08-22,12.53600025177002,12.694000244140625,12.359999656677246,12.5,10.192721366882324,1633000
CP.TO,2008-08-25,12.520000457763672,12.529999732971191,12.206000328063965,12.302000045776367,10.031267166137695,1222000
CP.TO,2008-08-26,12.300000190734863,12.300000190734863,12.100000381469727,12.267999649047852,10.003540992736816,1581000
CP.TO,2008-08-27,12.347999572753906,12.473999977111816,12.140000343322754,12.399999618530273,10.111180305480957,1459000
CP.TO,2008-08-28,12.42199993133545,12.89799976348877,12.40999984741211,12.892000198364258,10.51236343383789,2337000
CP.TO,2008-08-29,12.800000190734863,13.100000381469727,12.779999732971191,12.956000328063965,10.564544677734375,2252000
CP.TO,2008-09-02,13.0,13.5600004196167,12.871999740600586,12.970000267028809,10.575965881347656,3620000
CP.TO,2008-09-03,12.970000267028809,13.0,12.711999893188477,12.92199993133545,10.536824226379395,2989500
CP.TO,2008-09-04,12.836000442504883,12.836000442504883,12.17199993133545,12.345999717712402,10.067144393920898,4635500
CP.TO,2008-09-05,12.355999946594238,12.39799976348877,12.026000022888184,12.371999740600586,10.088343620300293,4273500
CP.TO,2008-09-08,12.555999755859375,12.699999809265137,12.248000144958496,12.248000144958496,9.987232208251953,1964000
CP.TO,2008-09-09,12.36400032043457,12.430000305175781,11.8100004196167,11.970000267028809,9.76054859161377,5295000
CP.TO,2008-09-10,11.911999702453613,12.29800033569336,11.911999702453613,12.163999557495117,9.918733596801758,4211000
CP.TO,2008-09-11,11.98799991607666,12.343999862670898,11.904000282287598,12.312000274658203,10.039419174194336,7270500
CP.TO,2008-09-12,12.081999778747559,12.321999549865723,11.949999809265137,12.10200023651123,9.868180274963379,3371000
CP.TO,2008-09-15,11.800000190734863,12.09000015258789,11.67199993133545,11.800000190734863,9.62192153930664,3813500
CP.TO,2008-09-16,11.670000076293945,11.895999908447266,11.479999542236328,11.8100004196167,9.630074501037598,3326000
CP.TO,2008-09-17,11.79800033569336,11.79800033569336,11.300000190734863,11.319999694824219,9.230524063110352,3749500
CP.TO,2008-09-18,11.520000457763672,11.871999740600586,11.303999900817871,11.435999870300293,9.325112342834473,6410500
CP.TO,2008-09-19,12.0,12.258000373840332,11.86400032043457,12.097999572753906,9.864921569824219,8952000
CP.TO,2008-09-22,12.300000190734863,12.300000190734863,11.51200008392334,11.574000358581543,9.437642097473145,2889500
CP.TO,2008-09-23,11.399999618530273,11.73799991607666,11.399999618530273,11.498000144958496,9.3756685256958,2112000
CP.TO,2008-09-24,11.522000312805176,11.522000312805176,11.20199966430664,11.270000457763672,9.22956657409668,4696000
CP.TO,2008-09-25,11.295999526977539,11.807999610900879,11.232000350952148,11.539999961853027,9.450681686401367,2208000
CP.TO,2008-09-26,11.5,11.697999954223633,11.432000160217285,11.649999618530273,9.540767669677734,2192000
CP.TO,2008-09-29,11.513999938964844,11.586000442504883,10.760000228881836,11.21399974822998,9.183708190917969,3129500
CP.TO,2008-09-30,11.411999702453613,11.583999633789062,11.118000030517578,11.413999557495117,9.347497940063477,3491500
CP.TO,2008-10-01,11.571999549865723,11.571999549865723,10.904000282287598,11.175999641418457,9.152586936950684,3279000
CP.TO,2008-10-02,11.178000450134277,11.178000450134277,10.350000381469727,10.444000244140625,8.553117752075195,2771500
CP.TO,2008-10-03,10.5600004196167,10.881999969482422,9.838000297546387,9.887999534606934,8.097780227661133,4266000
CP.TO,2008-10-06,9.776000022888184,9.776000022888184,8.868000030517578,9.70199966430664,7.945455074310303,6340500
CP.TO,2008-10-07,9.63599967956543,10.227999687194824,9.37600040435791,9.699999809265137,7.943815231323242,4725000
CP.TO,2008-10-08,9.0,9.63599967956543,8.984000205993652,9.428000450134277,7.721062183380127,5905500
CP.TO,2008-10-09,9.795999526977539,9.871999740600586,9.100000381469727,9.28600025177002,7.604772567749023,6197500
CP.TO,2008-10-10,8.802000045776367,9.770000457763672,8.675999641418457,9.420000076293945,7.714513301849365,3328500
CP.TO,2008-10-14,11.0,11.345999717712402,9.965999603271484,10.223999977111816,8.372947692871094,5982500
CP.TO,2008-10-15,9.70199966430664,9.829999923706055,9.11400032043457,9.180000305175781,7.517961502075195,4088500
CP.TO,2008-10-16,9.197999954223633,9.588000297546387,8.685999870300293,9.416000366210938,7.711237907409668,4020000
CP.TO,2008-10-17,9.336000442504883,9.777999877929688,9.041999816894531,9.541999816894531,7.814419269561768,4751000
CP.TO,2008-10-20,9.649999618530273,10.197999954223633,9.37600040435791,10.166000366210938,8.325448036193848,3388500
CP.TO,2008-10-21,9.855999946594238,10.152000427246094,9.526000022888184,9.550000190734863,7.820971965789795,2106500
CP.TO,2008-10-22,9.600000381469727,9.776000022888184,9.001999855041504,9.140000343322754,7.485206604003906,2584500
CP.TO,2008-10-23,9.39799976348877,9.42199993133545,8.878000259399414,9.404000282287598,7.701410293579102,8689500
CP.TO,2008-10-24,8.824000358581543,9.543999671936035,8.760000228881836,9.538000106811523,7.811147689819336,3028500
CP.TO,2008-10-27,9.215999603271484,9.600000381469727,8.699999809265137,8.699999809265137,7.124868869781494,1928000
CP.TO,2008-10-28,9.25,10.081999778747559,9.0,10.069999694824219,8.24682903289795,4504000
CP.TO,2008-10-29,9.937999725341797,10.741999626159668,9.619999885559082,10.210000038146973,8.361478805541992,5054500
CP.TO,2008-10-30,10.35200023651123,10.720000267028809,10.199999809265137,10.684000015258789,8.74966812133789,3775000
CP.TO,2008-10-31,10.675999641418457,10.958000183105469,10.277999877929688,10.90999984741211,8.934745788574219,3162500
CP.TO,2008-11-03,10.968000411987305,11.142000198364258,10.579999923706055,10.588000297546387,8.671043395996094,2411000
CP.TO,2008-11-04,10.710000038146973,11.482000350952148,10.70199966430664,11.277999877929688,9.236119270324707,4269000
CP.TO,2008-11-05,10.989999771118164,11.199999809265137,10.154000282287598,10.380000114440918,8.50070571899414,3384000
CP.TO,2008-11-06,10.368000030517578,10.390000343322754,9.920000076293945,10.218000411987305,8.368036270141602,3934000
CP.TO,2008-11-07,10.199999809265137,10.199999809265137,9.767999649047852,9.84000015258789,8.05846881866455,3243000
CP.TO,2008-11-10,10.097999572753906,10.565999984741211,9.991999626159668,10.12399959564209,8.291051864624023,4169500
CP.TO,2008-11-11,9.842000007629395,10.105999946594238,9.64799976348877,9.934000015258789,8.135449409484863,2313500
CP.TO,2008-11-12,9.800000190734863,9.890000343322754,9.0600004196167,9.142000198364258,7.486844539642334,4055500
CP.TO,2008-11-13,9.199999809265137,9.526000022888184,8.244000434875488,9.526000022888184,7.801318645477295,6598000
CP.TO,2008-11-14,9.302000045776367,9.321999549865723,8.359999656677246,8.442000389099121,6.913578510284424,4637000
CP.TO,2008-11-17,8.288000106811523,8.368000030517578,7.900000095367432,8.093999862670898,6.628581523895264,4027000
CP.TO,2008-11-18,8.184000015258789,8.406000137329102,8.083999633789062,8.336000442504883,6.826769828796387,4373500
CP.TO,2008-11-19,8.321999549865723,8.321999549865723,7.650000095367432,7.75,6.346864700317383,4452500
CP.TO,2008-11-20,7.599999904632568,7.789999961853027,7.190000057220459,7.296000003814697,5.975061893463135,4001500
CP.TO,2008-11-21,7.25,7.526000022888184,6.8480000495910645,7.331999778747559,6.004543781280518,5835500
CP.TO,2008-11-24,7.447999954223633,7.888000011444092,7.361999988555908,7.734000205993652,6.333761215209961,3953000
CP.TO,2008-11-25,7.734000205993652,7.953999996185303,7.461999893188477,7.547999858856201,6.181434631347656,3875000
CP.TO,2008-11-26,7.26800012588501,7.751999855041504,7.26800012588501,7.751999855041504,6.348501682281494,2581500
CP.TO,2008-11-27,7.788000106811523,7.8979997634887695,7.572000026702881,7.8520002365112305,6.430400371551514,869000
CP.TO,2008-11-28,7.900000095367432,8.25,7.806000232696533,8.140000343322754,6.666255950927734,2129000
CP.TO,2008-12-01,7.800000190734863,8.050000190734863,7.420000076293945,7.449999809265137,6.101181507110596,4874500
CP.TO,2008-12-02,7.644000053405762,7.644000053405762,7.193999767303467,7.322000026702881,5.996353626251221,4341000
CP.TO,2008-12-03,7.0320000648498535,7.723999977111816,7.0320000648498535,7.705999851226807,6.3108296394348145,4772500
CP.TO,2008-12-04,7.673999786376953,7.995999813079834,7.613999843597412,7.730000019073486,6.3304853439331055,4477500
CP.TO,2008-12-05,7.7179999351501465,7.949999809265137,7.645999908447266,7.78000020980835,6.371434211730957,3489500
CP.TO,2008-12-08,8.128000259399414,8.515999794006348,8.050000190734863,8.12600040435791,6.654789924621582,3901000
CP.TO,2008-12-09,8.097999572753906,8.197999954223633,7.817999839782715,8.03600025177002,6.581085205078125,2193000
CP.TO,2008-12-10,8.074000358581543,8.399999618530273,8.067999839782715,8.305999755859375,6.802199363708496,3256500
CP.TO,2008-12-11,8.137999534606934,8.454000473022461,8.100000381469727,8.279999732971191,6.780905723571777,4505500
CP.TO,2008-12-12,8.001999855041504,8.564000129699707,7.949999809265137,8.157999992370605,6.680996417999268,3300500
CP.TO,2008-12-15,8.154000282287598,8.27400016784668,7.909999847412109,8.144000053405762,6.669530391693115,3642000
CP.TO,2008-12-16,8.25,8.430000305175781,8.206000328063965,8.35200023651123,6.839872360229492,2963500
CP.TO,2008-12-17,8.199999809265137,8.520000457763672,8.199999809265137,8.458000183105469,6.92668342590332,169000
CP.TO,2008-12-18,8.460000038146973,8.496000289916992,8.0,8.246000289916992,6.753063201904297,3987000
CP.TO,2008-12-19,8.387999534606934,8.387999534606934,7.757999897003174,7.949999809265137,6.510655403137207,8893000
CP.TO,2008-12-22,7.888000011444092,7.921999931335449,7.636000156402588,7.703999996185303,6.348801612854004,3366500
CP.TO,2008-12-23,7.650000095367432,7.860000133514404,7.533999919891357,7.6620001792907715,6.314190864562988,1890000
CP.TO,2008-12-24,7.682000160217285,7.828000068664551,7.679999828338623,7.776000022888184,6.408137321472168,1343000
CP.TO,2008-12-29,7.840000152587891,7.900000095367432,7.6020002365112305,7.840000152587891,6.460878372192383,1309000
CP.TO,2008-12-30,7.8379998207092285,8.12399959564209,7.826000213623047,8.093999862670898,6.670197486877441,1363000
CP.TO,2008-12-31,8.029999732971191,8.246000289916992,8.029999732971191,8.196000099182129,6.754254341125488,1467500
CP.TO,2009-01-02,8.236000061035156,8.423999786376953,8.166000366210938,8.411999702453613,6.932258129119873,1279500
CP.TO,2009-01-05,8.359999656677246,8.958000183105469,8.26200008392334,8.788000106811523,7.24212121963501,3965500
CP.TO,2009-01-06,8.850000381469727,9.218000411987305,8.82800006866455,9.218000411987305,7.596477508544922,4064000
CP.TO,2009-01-07,9.168000221252441,9.168000221252441,8.758000373840332,8.800000190734863,7.25200891494751,2943000
CP.TO,2009-01-08,8.710000038146973,8.836000442504883,8.60200023651123,8.687999725341797,7.159708023071289,2300500
CP.TO,2009-01-09,8.70199966430664,8.868000030517578,8.399999618530273,8.407999992370605,6.9289631843566895,2146000
CP.TO,2009-01-12,8.270000457763672,8.5,8.128000259399414,8.413999557495117,6.933906555175781,2235000
CP.TO,2009-01-13,8.420000076293945,8.604000091552734,7.947999954223633,8.121999740600586,6.693274021148682,3518500
CP.TO,2009-01-14,8.04800033569336,8.04800033569336,7.676000118255615,7.73199987411499,6.371877193450928,2809500
CP.TO,2009-01-15,7.760000228881836,7.955999851226807,7.501999855041504,7.955999851226807,6.5564727783203125,3501000
CP.TO,2009-01-16,8.079999923706055,8.109999656677246,7.659999847412109,7.751999855041504,6.388360023498535,1912500
CP.TO,2009-01-19,7.754000186920166,7.820000171661377,7.659999847412109,7.659999847412109,6.3125410079956055,819000
CP.TO,2009-01-20,7.739999771118164,7.748000144958496,7.130000114440918,7.168000221252441,5.907089710235596,3857000
CP.TO,2009-01-21,7.269999980926514,7.611999988555908,7.168000221252441,7.611999988555908,6.272985458374023,2606000
CP.TO,2009-01-22,7.486000061035156,7.638000011444092,7.289999961853027,7.449999809265137,6.1394829750061035,2086500
CP.TO,2009-01-23,7.329999923706055,7.578000068664551,7.289999961853027,7.48799991607666,6.170798301696777,2434000
CP.TO,2009-01-26,7.604000091552734,7.763999938964844,7.363999843597412,7.539999961853027,6.213650703430176,3161000
CP.TO,2009-01-27,7.664000034332275,8.168000221252441,7.559999942779541,8.083999633789062,6.661956310272217,3593500
CP.TO,2009-01-28,7.659999847412109,7.860000133514404,7.489999771118164,7.75,6.386712074279785,27925000
CP.TO,2009-01-29,7.739999771118164,7.763999938964844,7.492000102996826,7.519999980926514,6.197169303894043,5704500
CP.TO,2009-01-30,7.639999866485596,7.639999866485596,7.334000110626221,7.443999767303467,6.134537696838379,6032500
CP.TO,2009-02-02,7.349999904632568,7.550000190734863,7.309999942779541,7.48799991607666,6.170798301696777,3133000
CP.TO,2009-02-03,7.5,7.639999866485596,7.409999847412109,7.5980000495910645,6.261447429656982,2929500
CP.TO,2009-02-04,7.627999782562256,7.785999774932861,7.561999797821045,7.659999847412109,6.3125410079956055,2978000
CP.TO,2009-02-05,7.599999904632568,7.875999927520752,7.515999794006348,7.872000217437744,6.487247943878174,4763000
CP.TO,2009-02-06,7.814000129699707,8.145999908447266,7.802000045776367,7.998000144958496,6.5910844802856445,5985000
CP.TO,2009-02-09,8.010000228881836,8.055999755859375,7.785999774932861,8.020000457763672,6.6092143058776855,3946000
CP.TO,2009-02-10,7.980000019073486,8.0,7.556000232696533,7.639999866485596,6.296060085296631,5574500
CP.TO,2009-02-11,7.5980000495910645,7.656000137329102,7.5,7.544000148773193,6.216947555541992,6479000
CP.TO,2009-02-12,7.541999816894531,7.625999927520752,7.349999904632568,7.53000020980835,6.205410480499268,11598500
CP.TO,2009-02-13,7.546000003814697,7.690000057220459,7.492000102996826,7.559999942779541,6.230132579803467,3845000
CP.TO,2009-02-17,7.480000019073486,7.519999980926514,7.21999979019165,7.257999897003174,5.981256484985352,5943000
CP.TO,2009-02-18,7.3480000495910645,7.3480000495910645,7.104000091552734,7.210000038146973,5.941699981689453,4098000
CP.TO,2009-02-19,7.179999828338623,7.239999771118164,7.046000003814697,7.105999946594238,5.8559956550598145,4639000
CP.TO,2009-02-20,7.050000190734863,7.23199987411499,6.973999977111816,7.0980000495910645,5.8494038581848145,4168500
CP.TO,2009-02-23,7.190000057220459,7.2220001220703125,6.769999980926514,6.791999816894531,5.597230434417725,4724500
CP.TO,2009-02-24,6.915999889373779,7.239999771118164,6.840000152587891,7.202000141143799,5.935108184814453,3398500
CP.TO,2009-02-25,7.199999809265137,7.3460001945495605,6.98199987411499,7.21999979019165,5.949941635131836,5211000
CP.TO,2009-02-26,7.28000020980835,7.311999797821045,7.145999908447266,7.24399995803833,5.969720363616943,2810000
CP.TO,2009-02-27,7.053999900817871,7.326000213623047,7.038000106811523,7.199999809265137,5.933461666107178,5686000
CP.TO,2009-03-02,7.099999904632568,7.196000099182129,6.769999980926514,6.860000133514404,5.653269290924072,4131500
CP.TO,2009-03-03,6.888000011444092,6.989999771118164,6.690000057220459,6.849999904632568,5.645028114318848,2931000
CP.TO,2009-03-04,7.050000190734863,7.139999866485596,6.869999885559082,7.065999984741211,5.823032855987549,4565500
CP.TO,2009-03-05,7.047999858856201,7.047999858856201,6.4720001220703125,6.6539998054504395,5.483506202697754,3739500
CP.TO,2009-03-06,6.639999866485596,6.800000190734863,6.5,6.5980000495910645,5.437357425689697,3266000
CP.TO,2009-03-09,6.547999858856201,6.823999881744385,6.547999858856201,6.631999969482422,5.465376853942871,3625500
CP.TO,2009-03-10,6.76800012588501,7.2220001220703125,6.644000053405762,7.199999809265137,5.933461666107178,5641000
CP.TO,2009-03-11,7.2220001220703125,7.300000190734863,7.059999942779541,7.202000141143799,5.935108184814453,4404000
CP.TO,2009-03-12,7.190000057220459,7.550000190734863,7.079999923706055,7.443999767303467,6.134537696838379,4863500
CP.TO,2009-03-13,7.460000038146973,7.510000228881836,7.302000045776367,7.414000034332275,6.109814643859863,2318000
CP.TO,2009-03-16,7.53000020980835,7.8979997634887695,7.440000057220459,7.639999866485596,6.296060085296631,3698000
CP.TO,2009-03-17,7.730000019073486,7.763999938964844,7.486000061035156,7.716000080108643,6.358692169189453,3296500
CP.TO,2009-03-18,7.6479997634887695,7.76800012588501,7.4019999504089355,7.644000053405762,6.2993574142456055,3539500
CP.TO,2009-03-19,7.745999813079834,7.7779998779296875,7.4720001220703125,7.552000045776367,6.223541736602783,5998000
CP.TO,2009-03-20,7.659999847412109,7.659999847412109,7.28000020980835,7.380000114440918,6.081796169281006,4177500
CP.TO,2009-03-23,7.599999904632568,7.909999847412109,7.507999897003174,7.909999847412109,6.518566608428955,4620500
CP.TO,2009-03-24,7.800000190734863,7.960000038146973,7.6519999504089355,7.918000221252441,6.525160312652588,4009000
CP.TO,2009-03-25,7.8979997634887695,7.998000144958496,7.473999977111816,7.624000072479248,6.32248067855835,4019500
CP.TO,2009-03-26,7.78000020980835,8.154000282287598,7.736000061035156,8.04800033569336,6.674098491668701,4705000
CP.TO,2009-03-27,8.008000373840332,8.086000442504883,7.806000232696533,8.005999565124512,6.6392669677734375,5642000
CP.TO,2009-03-30,7.776000022888184,7.776000022888184,7.361999988555908,7.47599983215332,6.1997456550598145,4853000
CP.TO,2009-03-31,7.504000186920166,7.570000171661377,7.438000202178955,7.504000186920166,6.222966194152832,4334000
CP.TO,2009-04-01,7.377999782562256,7.578000068664551,7.360000133514404,7.519999980926514,6.236233711242676,4133500
CP.TO,2009-04-02,7.690000057220459,7.889999866485596,7.605999946594238,7.8379998207092285,6.499948978424072,3924500
CP.TO,2009-04-03,7.76800012588501,7.97599983215332,7.716000080108643,7.877999782562256,6.533116817474365,3454500
CP.TO,2009-04-06,7.849999904632568,7.849999904632568,7.539999961853027,7.742000102996826,6.420334815979004,2808500
CP.TO,2009-04-07,7.642000198364258,7.650000095367432,7.400000095367432,7.455999851226807,6.183160305023193,2418500
CP.TO,2009-04-08,7.489999771118164,7.639999866485596,7.440000057220459,7.639999866485596,6.335749626159668,2863000
CP.TO,2009-04-09,7.739999771118164,7.900000095367432,7.739999771118164,7.843999862670898,6.504924297332764,6861500
CP.TO,2009-04-13,7.751999855041504,7.877999782562256,7.710000038146973,7.849999904632568,6.5099005699157715,1106000
CP.TO,2009-04-14,7.828000068664551,7.8420000076293945,7.599999904632568,7.742000102996826,6.420334815979004,2394000
CP.TO,2009-04-15,7.742000102996826,7.888000011444092,7.624000072479248,7.817999839782715,6.483361721038818,3027500
CP.TO,2009-04-16,7.880000114440918,7.894000053405762,7.74399995803833,7.877999782562256,6.533116817474365,3270500
CP.TO,2009-04-17,7.894000053405762,8.515999794006348,7.802000045776367,8.420000076293945,6.98259162902832,8804000
CP.TO,2009-04-20,8.29800033569336,8.29800033569336,7.9120001792907715,8.038000106811523,6.665806770324707,6733000
CP.TO,2009-04-21,7.914000034332275,8.411999702453613,7.914000034332275,8.288000106811523,6.873127460479736,4948000
CP.TO,2009-04-22,8.248000144958496,8.59000015258789,8.152000427246094,8.199999809265137,6.800148010253906,5431000
CP.TO,2009-04-23,8.0,8.494000434875488,7.995999813079834,8.484000205993652,7.035666465759277,3851000
CP.TO,2009-04-24,8.442000389099121,8.579999923706055,8.354000091552734,8.569999694824219,7.106987953186035,6592000
CP.TO,2009-04-27,8.34000015258789,8.539999961853027,8.303999900817871,8.357999801635742,6.931176662445068,4165000
CP.TO,2009-04-28,8.211999893188477,8.520000457763672,8.199999809265137,8.411999702453613,6.975957870483398,3213500
CP.TO,2009-04-29,8.48799991607666,8.600000381469727,8.39799976348877,8.526000022888184,7.070496082305908,3393000
CP.TO,2009-04-30,8.600000381469727,8.89799976348877,8.539999961853027,8.539999961853027,7.082106590270996,2975000
CP.TO,2009-05-01,8.588000297546387,8.991999626159668,8.449999809265137,8.868000030517578,7.3541131019592285,2174500
CP.TO,2009-05-04,8.850000381469727,9.338000297546387,8.850000381469727,9.289999961853027,7.704075336456299,4161500
CP.TO,2009-05-05,9.279999732971191,9.331999778747559,8.991999626159668,9.069999694824219,7.521630764007568,3092500
CP.TO,2009-05-06,9.187999725341797,9.1899995803833,9.005999565124512,9.104000091552734,7.5498270988464355,2475500
CP.TO,2009-05-07,9.145999908447266,9.173999786376953,8.706000328063965,8.763999938964844,7.267867565155029,3554500
CP.TO,2009-05-08,8.869999885559082,8.996000289916992,8.734000205993652,8.96399974822998,7.433723449707031,3506500
CP.TO,2009-05-11,8.87600040435791,8.87600040435791,8.593999862670898,8.600000381469727,7.131866455078125,2265000
CP.TO,2009-05-12,8.609999656677246,8.640000343322754,8.42199993133545,8.465999603271484,7.020737648010254,5803500
CP.TO,2009-05-13,8.399999618530273,8.399999618530273,8.100000381469727,8.100000381469727,6.717220306396484,3492000
CP.TO,2009-05-14,8.15999984741211,8.302000045776367,8.010000228881836,8.074000358581543,6.695659637451172,2055500
CP.TO,2009-05-15,8.118000030517578,8.39799976348877,8.07800006866455,8.246000289916992,6.838298320770264,1753000
CP.TO,2009-05-19,8.527999877929688,8.6899995803833,8.482000350952148,8.520000457763672,7.065523624420166,2930000
CP.TO,2009-05-20,8.482000350952148,9.0,8.482000350952148,8.779999732971191,7.281136512756348,5426500
CP.TO,2009-05-21,8.612000465393066,8.649999618530273,8.404000282287598,8.522000312805176,7.067178726196289,2395000
CP.TO,2009-05-22,8.468000411987305,8.567999839782715,8.420000076293945,8.434000015258789,6.994202613830566,3223500
CP.TO,2009-05-25,8.479999542236328,8.498000144958496,8.411999702453613,8.449999809265137,7.007469654083252,430500
CP.TO,2009-05-26,8.425999641418457,8.793999671936035,8.359999656677246,8.746000289916992,7.2529401779174805,2798500
CP.TO,2009-05-27,8.800000190734863,8.800000190734863,8.442000389099121,8.456000328063965,7.012450218200684,1788000
CP.TO,2009-05-28,8.479999542236328,8.668000221252441,8.425999641418457,8.600000381469727,7.131866455078125,2952000
CP.TO,2009-05-29,8.631999969482422,8.986000061035156,8.60200023651123,8.880000114440918,7.3640642166137695,4403500
CP.TO,2009-06-01,8.994000434875488,9.387999534606934,8.90999984741211,9.263999938964844,7.68250846862793,3408000
CP.TO,2009-06-02,9.246000289916992,9.5,9.161999702453613,9.180000305175781,7.612852096557617,3465500
CP.TO,2009-06-03,9.178000450134277,9.178000450134277,8.907999992370605,8.998000144958496,7.461923599243164,2908500
CP.TO,2009-06-04,9.0600004196167,9.263999938964844,8.977999687194824,9.118000030517578,7.561436653137207,3561500
CP.TO,2009-06-05,9.258000373840332,9.473999977111816,9.140000343322754,9.473999977111816,7.856659889221191,2844000
CP.TO,2009-06-08,9.447999954223633,9.682000160217285,9.326000213623047,9.619999885559082,7.977740287780762,3080000
CP.TO,2009-06-09,9.432000160217285,9.633999824523926,9.432000160217285,9.539999961853027,7.9113922119140625,1749000
CP.TO,2009-06-10,9.619999885559082,9.649999618530273,9.239999771118164,9.37399959564209,7.7737345695495605,3351500
CP.TO,2009-06-11,9.350000381469727,9.380000114440918,9.03600025177002,9.071999549865723,7.523288726806641,4439000
CP.TO,2009-06-12,9.079999923706055,9.489999771118164,9.071999549865723,9.461999893188477,7.846705913543701,3841000
CP.TO,2009-06-15,9.281999588012695,9.399999618530273,8.973999977111816,8.982000350952148,7.448653221130371,2972500
CP.TO,2009-06-16,9.128000259399414,9.180000305175781,8.871999740600586,8.87600040435791,7.360748767852783,2595000
CP.TO,2009-06-17,8.833999633789062,8.869999885559082,8.62600040435791,8.699999809265137,7.214794158935547,2580500
CP.TO,2009-06-18,8.616000175476074,8.847999572753906,8.5,8.78600025177002,7.286109924316406,2932000
CP.TO,2009-06-19,8.904000282287598,9.100000381469727,8.817999839782715,9.100000381469727,7.5465087890625,4374000
CP.TO,2009-06-22,8.98799991607666,8.991999626159668,8.63599967956543,8.755999565124512,7.261232376098633,3582500
CP.TO,2009-06-23,8.779999732971191,8.82800006866455,8.616000175476074,8.710000038146973,7.223085403442383,2860500
CP.TO,2009-06-24,8.727999687194824,8.989999771118164,8.72599983215332,8.79800033569336,7.337848663330078,3093500
CP.TO,2009-06-25,8.75,9.423999786376953,8.732000350952148,9.378000259399414,7.82159423828125,3707500
CP.TO,2009-06-26,9.378000259399414,9.406000137329102,9.11400032043457,9.300000190734863,7.756535053253174,3403500
CP.TO,2009-06-29,9.300000190734863,9.395999908447266,9.187999725341797,9.28600025177002,7.744859218597412,1738500
CP.TO,2009-06-30,9.222000122070312,9.399999618530273,9.128000259399414,9.276000022888184,7.736518859863281,1840000
CP.TO,2009-07-02,9.236000061035156,9.236000061035156,9.0,9.003999710083008,7.5096611976623535,1742000
CP.TO,2009-07-03,8.98799991607666,9.178000450134277,8.9399995803833,9.04800033569336,7.546353816986084,784000
CP.TO,2009-07-06,8.758000373840332,8.758000373840332,8.395999908447266,8.616000175476074,7.18605375289917,7412000
CP.TO,2009-07-07,8.501999855041504,8.505999565124512,8.12399959564209,8.173999786376953,6.817410469055176,6572000
CP.TO,2009-07-08,8.10200023651123,8.199999809265137,7.869999885559082,8.010000228881836,6.680628776550293,6002000
CP.TO,2009-07-09,8.062000274658203,8.079999923706055,7.803999900817871,7.840000152587891,6.53884220123291,5934500
CP.TO,2009-07-10,7.71999979019165,7.868000030517578,7.670000076293945,7.826000213623047,6.527166843414307,4117500
CP.TO,2009-07-13,7.76800012588501,7.998000144958496,7.688000202178955,7.998000144958496,6.670619964599609,3368500
CP.TO,2009-07-14,8.050000190734863,8.130000114440918,7.989999771118164,8.081999778747559,6.740679740905762,3632500
CP.TO,2009-07-15,8.1899995803833,8.319999694824219,8.145999908447266,8.220000267028809,6.855776309967041,2514500
CP.TO,2009-07-16,8.239999771118164,8.413999557495117,8.215999603271484,8.38599967956543,6.994226932525635,1722500
CP.TO,2009-07-17,8.321999549865723,8.350000381469727,8.194000244140625,8.241999626159668,6.87412691116333,2615000
CP.TO,2009-07-20,8.211999893188477,8.40999984741211,8.17199993133545,8.37600040435791,6.985885143280029,2710500
CP.TO,2009-07-21,8.498000144958496,8.789999961853027,8.48799991607666,8.680000305175781,7.239433288574219,9215000
CP.TO,2009-07-22,8.699999809265137,8.842000007629395,8.592000007629395,8.592000007629395,7.1660380363464355,2473500
CP.TO,2009-07-23,8.640000343322754,8.96399974822998,8.640000343322754,8.880000114440918,7.406241416931152,4519500
CP.TO,2009-07-24,8.826000213623047,8.871999740600586,8.633999824523926,8.76200008392334,7.307824611663818,2044500
CP.TO,2009-07-27,8.802000045776367,8.807999610900879,8.567999839782715,8.649999618530273,7.214410781860352,4228000
CP.TO,2009-07-28,8.562000274658203,8.729999542236328,8.562000274658203,8.619999885559082,7.189389705657959,3033000
CP.TO,2009-07-29,8.5600004196167,8.70199966430664,8.486000061035156,8.661999702453613,7.224422931671143,2494000
CP.TO,2009-07-30,8.859999656677246,9.779999732971191,8.859999656677246,9.722000122070312,8.108500480651855,13560500
CP.TO,2009-07-31,9.600000381469727,9.744000434875488,9.529999732971191,9.579999923706055,7.9900641441345215,4657500
CP.TO,2009-08-04,9.789999961853027,10.246000289916992,9.751999855041504,10.241999626159668,8.542198181152344,4694500
CP.TO,2009-08-05,10.13599967956543,10.223999977111816,9.98799991607666,10.12600040435791,8.44544792175293,3800000
CP.TO,2009-08-06,10.10200023651123,10.239999771118164,9.946000099182129,9.946000099182129,8.295321464538574,2275000
CP.TO,2009-08-07,10.180000305175781,10.32800006866455,10.107999801635742,10.175999641418457,8.487153053283691,3218500
CP.TO,2009-08-10,10.022000312805176,10.185999870300293,9.968000411987305,10.076000213623047,8.403745651245117,1682500
CP.TO,2009-08-11,9.824000358581543,10.175999641418457,9.814000129699707,10.10200023651123,8.425430297851562,1794500
CP.TO,2009-08-12,10.100000381469727,10.246000289916992,10.04800033569336,10.116000175476074,8.43710708618164,3316500
CP.TO,2009-08-13,10.239999771118164,10.489999771118164,10.100000381469727,10.489999771118164,8.749040603637695,2745000
CP.TO,2009-08-14,10.489999771118164,10.600000381469727,10.420000076293945,10.600000381469727,8.840784072875977,2767500
CP.TO,2009-08-17,10.350000381469727,10.350000381469727,9.949999809265137,10.020000457763672,8.357041358947754,2456500
CP.TO,2009-08-18,10.100000381469727,10.34000015258789,10.043999671936035,10.29800033569336,8.588903427124023,2185500
CP.TO,2009-08-19,10.079999923706055,10.272000312805176,10.026000022888184,10.206000328063965,8.512171745300293,3084500
CP.TO,2009-08-20,10.109999656677246,10.241999626159668,10.088000297546387,10.128000259399414,8.44711685180664,1854500
CP.TO,2009-08-21,10.284000396728516,10.368000030517578,10.152000427246094,10.359999656677246,8.64061450958252,1910000
CP.TO,2009-08-24,10.34000015258789,10.449999809265137,10.321999549865723,10.404000282287598,8.677310943603516,2614500
CP.TO,2009-08-25,10.423999786376953,10.607999801635742,10.423999786376953,10.534000396728516,8.785735130310059,3075000
CP.TO,2009-08-26,10.673999786376953,10.836000442504883,10.673999786376953,10.805999755859375,9.012589454650879,2849000
CP.TO,2009-08-27,10.746000289916992,10.838000297546387,10.65999984741211,10.836000442504883,9.037614822387695,1795500
CP.TO,2009-08-28,10.911999702453613,11.192000389099121,10.907999992370605,10.9399995803833,9.124353408813477,2901000
CP.TO,2009-08-31,10.75,10.845999717712402,10.423999786376953,10.484000205993652,8.744037628173828,3616500
CP.TO,2009-09-01,10.390000343322754,10.5,10.086000442504883,10.157999992370605,8.472139358520508,3433000
CP.TO,2009-09-02,9.972000122070312,10.029999732971191,9.87399959564209,9.956000328063965,8.303661346435547,4919000
CP.TO,2009-09-03,10.039999961853027,10.454000473022461,9.989999771118164,10.423999786376953,8.69399356842041,2721000
CP.TO,2009-09-04,10.45199966430664,10.586000442504883,10.380000114440918,10.5600004196167,8.807417869567871,1575000
CP.TO,2009-09-08,10.64799976348877,10.75,10.59000015258789,10.621999740600586,8.859134674072266,2425000
CP.TO,2009-09-09,10.65999984741211,10.65999984741211,10.404000282287598,10.534000396728516,8.785735130310059,3636500
CP.TO,2009-09-10,10.552000045776367,10.734000205993652,10.52400016784668,10.630000114440918,8.865797996520996,4091000
CP.TO,2009-09-11,10.640000343322754,10.75,10.496000289916992,10.600000381469727,8.840784072875977,2892500
CP.TO,2009-09-14,10.449999809265137,10.692000389099121,10.449999809265137,10.63599967956543,8.870809555053711,2634500
CP.TO,2009-09-15,10.710000038146973,10.777999877929688,10.520000457763672,10.763999938964844,8.977563858032227,3249500
CP.TO,2009-09-16,10.753999710083008,10.895999908447266,10.675999641418457,10.6899995803833,8.915846824645996,3434000
CP.TO,2009-09-17,10.770000457763672,10.843999862670898,10.61400032043457,10.70199966430664,8.925853729248047,2417000
CP.TO,2009-09-18,10.62600040435791,10.62600040435791,10.381999969482422,10.48799991607666,8.747371673583984,6055500
CP.TO,2009-09-21,10.40999984741211,10.473999977111816,10.319999694824219,10.359999656677246,8.64061450958252,2731000
CP.TO,2009-09-22,10.460000038146973,10.595999717712402,10.406000137329102,10.465999603271484,8.729021072387695,2615000
CP.TO,2009-09-23,10.473999977111816,10.503999710083008,10.321999549865723,10.347999572753906,8.671704292297363,2552000
CP.TO,2009-09-24,10.338000297546387,10.399999618530273,10.0,10.039999961853027,8.413594245910645,3919000
CP.TO,2009-09-25,10.079999923706055,10.199999809265137,9.928000450134277,10.029999732971191,8.40521240234375,2222000
CP.TO,2009-09-28,10.140000343322754,10.248000144958496,10.092000007629395,10.1899995803833,8.539295196533203,1355500
CP.TO,2009-09-29,10.173999786376953,10.23799991607666,10.034000396728516,10.133999824523926,8.492368698120117,2064000
CP.TO,2009-09-30,10.27400016784668,10.27400016784668,9.944000244140625,10.020000457763672,8.396835327148438,3366000
CP.TO,2009-10-01,10.045999526977539,10.118000030517578,9.803999900817871,9.812000274658203,8.222529411315918,1991000
CP.TO,2009-10-02,9.670000076293945,9.868000030517578,9.656000137329102,9.732000350952148,8.155489921569824,2813500
CP.TO,2009-10-05,9.741999626159668,9.776000022888184,9.562000274658203,9.685999870300293,8.116939544677734,2563500
CP.TO,2009-10-06,9.729999542236328,9.869999885559082,9.67199993133545,9.715999603271484,8.142081260681152,2644500
CP.TO,2009-10-07,9.729999542236328,9.887999534606934,9.642000198364258,9.87399959564209,8.274487495422363,2274000
CP.TO,2009-10-08,9.979999542236328,10.064000129699707,9.902000427246094,10.064000129699707,8.433709144592285,2456000
CP.TO,2009-10-09,9.98799991607666,10.083999633789062,9.9399995803833,9.979999542236328,8.363313674926758,2233500
CP.TO,2009-10-13,9.732000350952148,9.784000396728516,9.670000076293945,9.680000305175781,8.111913681030273,2688500
CP.TO,2009-10-14,9.82800006866455,10.003999710083008,9.60200023651123,9.998000144958496,8.378396034240723,2463000
CP.TO,2009-10-15,9.895999908447266,9.996000289916992,9.84000015258789,9.973999977111816,8.358287811279297,1771500
CP.TO,2009-10-16,9.902000427246094,9.996000289916992,9.760000228881836,9.880000114440918,8.279509544372559,3286000
CP.TO,2009-10-19,9.970000267028809,9.982000350952148,9.862000465393066,9.930000305175781,8.321413040161133,1701000
CP.TO,2009-10-20,9.991999626159668,10.041999816894531,9.906000137329102,9.989999771118164,8.371692657470703,2182000
CP.TO,2009-10-21,9.911999702453613,10.168000221252441,9.847999572753906,9.894000053405762,8.29124641418457,4802000
CP.TO,2009-10-22,9.894000053405762,10.079999923706055,9.862000465393066,10.067999839782715,8.437057495117188,2306500
CP.TO,2009-10-23,10.03600025177002,10.03600025177002,9.8100004196167,9.84000015258789,8.245997428894043,3201000
CP.TO,2009-10-26,9.899999618530273,9.996000289916992,9.64799976348877,9.746000289916992,8.16722297668457,2014000
CP.TO,2009-10-27,9.760000228881836,9.819999694824219,9.241999626159668,9.263999938964844,7.763300895690918,3209000
CP.TO,2009-10-28,9.447999954223633,9.62600040435791,9.081999778747559,9.109999656677246,7.63424825668335,6526500
CP.TO,2009-10-29,9.210000038146973,9.366000175476074,9.081999778747559,9.32800006866455,7.8169331550598145,2902000
CP.TO,2009-10-30,9.342000007629395,9.5,9.302000045776367,9.380000114440918,7.860510349273682,2937000
CP.TO,2009-11-02,9.312000274658203,9.494000434875488,9.28600025177002,9.444000244140625,7.914140701293945,2169500
CP.TO,2009-11-03,9.65999984741211,9.895999908447266,9.618000030517578,9.75,8.170572280883789,4629000
CP.TO,2009-11-04,9.829999923706055,9.845999717712402,9.70199966430664,9.744000434875488,8.165546417236328,3233500
CP.TO,2009-11-05,9.793999671936035,9.923999786376953,9.767999649047852,9.923999786376953,8.316384315490723,2619500
CP.TO,2009-11-06,9.79800033569336,10.100000381469727,9.789999961853027,10.057999610900879,8.428682327270508,2170000
CP.TO,2009-11-09,10.10200023651123,10.300000190734863,10.062000274658203,10.279999732971191,8.614716529846191,2233500
CP.TO,2009-11-10,10.270000457763672,10.289999961853027,10.130000114440918,10.220000267028809,8.564438819885254,1215000
CP.TO,2009-11-11,10.300000190734863,10.39799976348877,10.208000183105469,10.26200008392334,8.59963321685791,1404000
CP.TO,2009-11-12,10.182000160217285,10.366000175476074,10.14799976348877,10.180000305175781,8.530912399291992,1758000
CP.TO,2009-11-13,10.128000259399414,10.270000457763672,10.093999862670898,10.270000457763672,8.606340408325195,1318500
CP.TO,2009-11-16,10.36400032043457,10.454000473022461,10.284000396728516,10.336000442504883,8.661643981933594,1599000
CP.TO,2009-11-17,10.312000274658203,10.491999626159668,10.3100004196167,10.489999771118164,8.790703773498535,1409500
CP.TO,2009-11-18,10.5,10.5600004196167,10.420000076293945,10.552000045776367,8.84265422821045,1141500
CP.TO,2009-11-19,10.413999557495117,10.541999816894531,10.35200023651123,10.465999603271484,8.770585060119629,1284500
CP.TO,2009-11-20,10.27400016784668,10.583999633789062,10.27400016784668,10.553999900817871,8.844330787658691,1181000
CP.TO,2009-11-23,10.600000381469727,10.644000053405762,10.460000038146973,10.484000205993652,8.785670280456543,2225000
CP.TO,2009-11-24,10.447999954223633,10.534000396728516,10.368000030517578,10.442000389099121,8.75047779083252,1656500
CP.TO,2009-11-25,10.48799991607666,10.5,10.392000198364258,10.449999809265137,8.757179260253906,2589500
CP.TO,2009-11-26,10.430000305175781,10.430000305175781,10.137999534606934,10.149999618530273,8.50577449798584,773500
CP.TO,2009-11-27,10.050000190734863,10.411999702453613,10.050000190734863,10.289999961853027,8.623095512390137,1620000
CP.TO,2009-11-30,10.289999961853027,10.380000114440918,10.194000244140625,10.194000244140625,8.542647361755371,1779000
CP.TO,2009-12-01,10.54800033569336,10.565999984741211,10.300000190734863,10.380000114440918,8.698518753051758,5854500
CP.TO,2009-12-02,10.387999534606934,10.473999977111816,10.319999694824219,10.460000038146973,8.7655611038208,1822500
CP.TO,2009-12-03,10.470000267028809,10.5600004196167,10.399999618530273,10.418000221252441,8.730363845825195,2037500
CP.TO,2009-12-04,10.534000396728516,10.767999649047852,10.501999855041504,10.71399974822998,8.978412628173828,2649500
CP.TO,2009-12-07,10.621999740600586,11.03600025177002,10.621999740600586,10.868000030517578,9.107468605041504,2383000
CP.TO,2009-12-08,10.767999649047852,11.157999992370605,10.755999565124512,11.157999992370605,9.35049057006836,2304500
CP.TO,2009-12-09,11.157999992370605,11.157999992370605,10.982000350952148,11.121999740600586,9.320320129394531,2218500
CP.TO,2009-12-10,11.076000213623047,11.362000465393066,11.067999839782715,11.354000091552734,9.514735221862793,1979500
CP.TO,2009-12-11,11.368000030517578,11.411999702453613,11.260000228881836,11.331999778747559,9.49630355834961,1575500
CP.TO,2009-12-14,11.383999824523926,11.633999824523926,11.371999740600586,11.54800033569336,9.677310943603516,3148000
CP.TO,2009-12-15,11.553999900817871,11.557999610900879,11.369999885559082,11.428000450134277,9.576750755310059,2182500
CP.TO,2009-12-16,11.489999771118164,11.520000457763672,11.37600040435791,11.489999771118164,9.628704071044922,2300000
CP.TO,2009-12-17,11.381999969482422,11.420000076293945,11.258000373840332,11.38599967956543,9.541550636291504,1443500
CP.TO,2009-12-18,11.342000007629395,11.420000076293945,11.137999534606934,11.137999534606934,9.333724975585938,3929500
CP.TO,2009-12-21,11.22599983215332,11.329999923706055,11.1899995803833,11.28600025177002,9.45775032043457,1430000
CP.TO,2009-12-22,11.32800006866455,11.432000160217285,11.234000205993652,11.432000160217285,9.580103874206543,992500
CP.TO,2009-12-23,11.342000007629395,11.428000450134277,11.255999565124512,11.3100004196167,9.477863311767578,1506500
CP.TO,2009-12-24,11.255999565124512,11.522000312805176,11.255999565124512,11.489999771118164,9.628704071044922,695500
CP.TO,2009-12-29,11.479999542236328,11.508000373840332,11.343999862670898,11.362000465393066,9.562722206115723,845000
CP.TO,2009-12-30,11.387999534606934,11.458000183105469,11.34000015258789,11.38599967956543,9.582921028137207,711500
CP.TO,2009-12-31,11.37399959564209,11.394000053405762,11.277999877929688,11.357999801635742,9.559356689453125,533500
CP.TO,2010-01-04,11.428000450134277,11.442000389099121,11.25,11.319999694824219,9.527375221252441,1157500
CP.TO,2010-01-05,11.378000259399414,11.458000183105469,11.229999542236328,11.35200023651123,9.554306030273438,1326000
CP.TO,2010-01-06,11.317999839782715,11.411999702453613,11.210000038146973,11.227999687194824,9.449945449829102,1408000
CP.TO,2010-01-07,11.220000267028809,11.289999961853027,11.09000015258789,11.223999977111816,9.446578025817871,1867000
CP.TO,2010-01-08,11.211999893188477,11.435999870300293,11.199999809265137,11.432000160217285,9.621637344360352,1271000
CP.TO,2010-01-11,11.442000389099121,11.496000289916992,11.281999588012695,11.38599967956543,9.582921028137207,1187500
CP.TO,2010-01-12,11.293999671936035,11.369999885559082,11.199999809265137,11.34000015258789,9.544205665588379,1253500
CP.TO,2010-01-13,11.288000106811523,11.319999694824219,11.199999809265137,11.277999877929688,9.492025375366211,1181500
CP.TO,2010-01-14,11.253999710083008,11.302000045776367,11.008000373840332,11.029999732971191,9.283294677734375,2485000
CP.TO,2010-01-15,11.050000190734863,11.064000129699707,10.8100004196167,10.847999572753906,9.130117416381836,2485500
CP.TO,2010-01-18,10.90999984741211,10.90999984741211,10.710000038146973,10.739999771118164,9.039219856262207,813000
CP.TO,2010-01-19,10.770000457763672,10.8100004196167,10.583999633789062,10.67199993133545,8.9819917678833,2715500
CP.TO,2010-01-20,10.65999984741211,10.670000076293945,10.40999984741211,10.496000289916992,8.833861351013184,2825500
CP.TO,2010-01-21,10.538000106811523,10.890000343322754,10.517999649047852,10.793999671936035,9.08466911315918,4360000
CP.TO,2010-01-22,10.819999694824219,11.013999938964844,10.642000198364258,10.746000289916992,9.044272422790527,2880500
CP.TO,2010-01-25,10.758000373840332,10.850000381469727,10.645999908447266,10.767999649047852,9.062786102294922,2682500
CP.TO,2010-01-26,10.819999694824219,10.90999984741211,10.668000221252441,10.855999946594238,9.136856079101562,2853500
CP.TO,2010-01-27,10.748000144958496,10.894000053405762,10.657999992370605,10.881999969482422,9.158733367919922,3230000
CP.TO,2010-01-28,11.008000373840332,11.104000091552734,10.505999565124512,10.552000045776367,8.880990982055664,3165500
CP.TO,2010-01-29,10.531999588012695,10.565999984741211,9.996000289916992,10.095999717712402,8.49720573425293,4469000
CP.TO,2010-02-01,10.10200023651123,10.234000205993652,10.071999549865723,10.206000328063965,8.589787483215332,2381000
CP.TO,2010-02-02,10.29800033569336,10.383999824523926,10.241999626159668,10.331999778747559,8.69582748413086,2430000
CP.TO,2010-02-03,10.350000381469727,10.387999534606934,10.194000244140625,10.276000022888184,8.648700714111328,2640500
CP.TO,2010-02-04,10.248000144958496,10.248000144958496,10.07800006866455,10.109999656677246,8.50898551940918,2485500
CP.TO,2010-02-05,10.118000030517578,10.133999824523926,9.96399974822998,10.057999610900879,8.46522331237793,2501500
CP.TO,2010-02-08,9.989999771118164,10.045999526977539,9.916000366210938,9.947999954223633,8.372641563415527,2010000
CP.TO,2010-02-09,9.961999893188477,10.236000061035156,9.961999893188477,10.196000099182129,8.581369400024414,2949000
CP.TO,2010-02-10,10.223999977111816,10.29800033569336,10.100000381469727,10.208000183105469,8.59146785736084,2392000
CP.TO,2010-02-11,10.244000434875488,10.319999694824219,10.17199993133545,10.319999694824219,8.685730934143066,2467000
CP.TO,2010-02-12,10.251999855041504,10.300000190734863,10.208000183105469,10.295999526977539,8.665535926818848,2012000
CP.TO,2010-02-16,10.314000129699707,10.350000381469727,10.157999992370605,10.206000328063965,8.589787483215332,2213000
CP.TO,2010-02-17,10.260000228881836,10.350000381469727,10.20199966430664,10.289999961853027,8.660483360290527,2431500
CP.TO,2010-02-18,10.246000289916992,10.295999526977539,10.166000366210938,10.210000038146973,8.593151092529297,1996500
CP.TO,2010-02-19,10.211999893188477,10.37600040435791,10.196000099182129,10.37600040435791,8.732866287231445,1804000
CP.TO,2010-02-22,10.423999786376953,10.472000122070312,10.355999946594238,10.39799976348877,8.75137710571289,1593500
CP.TO,2010-02-23,10.430000305175781,10.430000305175781,10.258000373840332,10.300000190734863,8.668901443481445,2752000
CP.TO,2010-02-24,10.350000381469727,10.359999656677246,10.185999870300293,10.234000205993652,8.613348007202148,2993500
CP.TO,2010-02-25,10.234000205993652,10.23799991607666,10.069999694824219,10.170000076293945,8.559486389160156,4022500
CP.TO,2010-02-26,10.170000076293945,10.170000076293945,10.069999694824219,10.157999992370605,8.549386978149414,3257000
CP.TO,2010-03-01,10.199999809265137,10.470000267028809,10.15999984741211,10.449999809265137,8.795147895812988,1999500
CP.TO,2010-03-02,10.4399995803833,10.600000381469727,10.4399995803833,10.569999694824219,8.896145820617676,2077500
CP.TO,2010-03-03,10.668000221252441,11.0,10.61400032043457,10.970000267028809,9.232796669006348,3938500
CP.TO,2010-03-04,10.906000137329102,11.034000396728516,10.878000259399414,11.034000396728516,9.286661148071289,2319500
CP.TO,2010-03-05,11.010000228881836,11.350000381469727,11.010000228881836,11.321999549865723,9.529053688049316,2485500
CP.TO,2010-03-08,11.321999549865723,11.342000007629395,11.100000381469727,11.144000053405762,9.379241943359375,1687500
CP.TO,2010-03-09,11.185999870300293,11.277999877929688,11.064000129699707,11.251999855041504,9.470141410827637,1899500
CP.TO,2010-03-10,11.185999870300293,11.248000144958496,11.131999969482422,11.184000015258789,9.412907600402832,1355500
CP.TO,2010-03-11,11.112000465393066,11.3100004196167,11.112000465393066,11.246000289916992,9.46509075164795,1681500
CP.TO,2010-03-12,11.270000457763672,11.319999694824219,11.17199993133545,11.270000457763672,9.485291481018066,1714000
CP.TO,2010-03-15,11.199999809265137,11.263999938964844,11.142000198364258,11.192000389099121,9.419641494750977,678500
CP.TO,2010-03-16,11.220000267028809,11.28600025177002,11.163999557495117,11.258000373840332,9.475194931030273,931500
CP.TO,2010-03-17,11.279999732971191,11.279999732971191,11.156000137329102,11.199999809265137,9.426377296447754,2046000
CP.TO,2010-03-18,11.161999702453613,11.223999977111816,11.100000381469727,11.13599967956543,9.372509956359863,1907000
CP.TO,2010-03-19,11.079999923706055,11.13599967956543,10.961999893188477,11.020000457763672,9.274879455566406,5278500
CP.TO,2010-03-22,10.958000183105469,11.137999534606934,10.956000328063965,11.095999717712402,9.33884334564209,2537500
CP.TO,2010-03-23,11.140000343322754,11.149999618530273,10.942000389099121,11.0,9.258049011230469,1159500
CP.TO,2010-03-24,10.899999618530273,11.010000228881836,10.899999618530273,10.932000160217285,9.242490768432617,6257500
CP.TO,2010-03-25,11.027999877929688,11.246000289916992,11.001999855041504,11.180000305175781,9.452166557312012,2990000
CP.TO,2010-03-26,11.211999893188477,11.25,11.092000007629395,11.140000343322754,9.418343544006348,2150000
CP.TO,2010-03-29,11.137999534606934,11.387999534606934,11.038000106811523,11.319999694824219,9.570528030395508,1687000
CP.TO,2010-03-30,11.369999885559082,11.508000373840332,11.32800006866455,11.399999618530273,9.638166427612305,1370000
CP.TO,2010-03-31,11.326000213623047,11.447999954223633,11.251999855041504,11.447999954223633,9.678744316101074,2582000
CP.TO,2010-04-01,11.402000427246094,11.555999755859375,11.402000427246094,11.552000045776367,9.766674995422363,1739500
CP.TO,2010-04-05,11.517999649047852,11.704000473022461,11.517999649047852,11.630000114440918,9.83261489868164,1664500
CP.TO,2010-04-06,11.562000274658203,11.605999946594238,11.303999900817871,11.37399959564209,9.616180419921875,2630500
CP.TO,2010-04-07,11.289999961853027,11.338000297546387,11.109999656677246,11.305999755859375,9.558693885803223,1629000
CP.TO,2010-04-08,11.312000274658203,11.553999900817871,11.25,11.505999565124512,9.727782249450684,1993500
CP.TO,2010-04-09,11.51200008392334,11.633999824523926,11.470000267028809,11.557999610900879,9.771744728088379,1065000
CP.TO,2010-04-12,11.579999923706055,11.579999923706055,11.350000381469727,11.479999542236328,9.705799102783203,876500
CP.TO,2010-04-13,11.319999694824219,11.682000160217285,11.319999694824219,11.579999923706055,9.79034423828125,1583500
CP.TO,2010-04-14,11.699999809265137,11.819999694824219,11.65999984741211,11.727999687194824,9.915471076965332,1419500
CP.TO,2010-04-15,11.666000366210938,11.9399995803833,11.666000366210938,11.803999900817871,9.979724884033203,1436000
CP.TO,2010-04-16,11.800000190734863,11.800000190734863,11.515999794006348,11.684000015258789,9.878274917602539,2011000
CP.TO,2010-04-19,11.564000129699707,11.847999572753906,11.564000129699707,11.847999572753906,10.016927719116211,3002500
CP.TO,2010-04-20,11.82800006866455,11.996000289916992,11.776000022888184,11.8100004196167,9.984798431396484,3828500
CP.TO,2010-04-21,11.776000022888184,11.920000076293945,11.776000022888184,11.904000282287598,10.064274787902832,1574500
CP.TO,2010-04-22,11.87600040435791,11.89799976348877,11.699999809265137,11.881999969482422,10.045669555664062,2168500
CP.TO,2010-04-23,11.899999618530273,11.996000289916992,11.869999885559082,11.880000114440918,10.043978691101074,1319500
CP.TO,2010-04-26,11.812000274658203,11.9399995803833,11.812000274658203,11.899999618530273,10.06088924407959,1242500
CP.TO,2010-04-27,11.899999618530273,11.92199993133545,11.62399959564209,11.62399959564209,9.827544212341309,2135000
CP.TO,2010-04-28,11.925999641418457,12.300000190734863,11.920000076293945,11.942000389099121,10.09639835357666,5082500
CP.TO,2010-04-29,12.038000106811523,12.331999778747559,12.027999877929688,12.137999534606934,10.262107849121094,4242000
CP.TO,2010-04-30,12.100000381469727,12.270000457763672,11.95199966430664,11.97599983215332,10.125144958496094,3661000
CP.TO,2010-05-03,12.069999694824219,12.220000267028809,12.038000106811523,12.121999740600586,10.248579978942871,2091500
CP.TO,2010-05-04,12.020000457763672,12.076000213623047,11.715999603271484,11.753999710083008,9.937454223632812,4457000
CP.TO,2010-05-05,11.652000427246094,11.684000015258789,11.418000221252441,11.484000205993652,9.709182739257812,2796500
CP.TO,2010-05-06,11.432000160217285,11.630000114440918,11.022000312805176,11.465999603271484,9.693961143493652,3877000
CP.TO,2010-05-07,11.28600025177002,11.444000244140625,11.180000305175781,11.289999961853027,9.545164108276367,7468500
CP.TO,2010-05-10,11.595999717712402,11.894000053405762,11.57800006866455,11.850000381469727,10.018619537353516,2706000
CP.TO,2010-05-11,11.79800033569336,12.043999671936035,11.727999687194824,11.949999809265137,10.103163719177246,3245000
CP.TO,2010-05-12,12.050000190734863,12.399999618530273,11.994000434875488,12.36400032043457,10.453184127807617,3652000
CP.TO,2010-05-13,12.279999732971191,12.307999610900879,12.112000465393066,12.1899995803833,10.306072235107422,3463000
CP.TO,2010-05-14,12.0600004196167,12.133999824523926,11.73799991607666,11.831999778747559,10.003399848937988,3501000
CP.TO,2010-05-17,11.868000030517578,11.925999641418457,11.479999542236328,11.720000267028809,9.908706665039062,3471000
CP.TO,2010-05-18,11.842000007629395,11.906000137329102,11.416000366210938,11.520000457763672,9.73962116241455,2643000
CP.TO,2010-05-19,11.522000312805176,11.534000396728516,11.088000297546387,11.338000297546387,9.585744857788086,5670500
CP.TO,2010-05-20,11.100000381469727,11.263999938964844,10.954000473022461,10.960000038146973,9.26616382598877,5801000
CP.TO,2010-05-21,10.878000259399414,11.319999694824219,10.71399974822998,11.260000228881836,9.519796371459961,3046000
CP.TO,2010-05-25,11.0,11.343999862670898,10.883999824523926,11.3100004196167,9.5620756149292,3507500
CP.TO,2010-05-26,11.456000328063965,11.538000106811523,11.305999755859375,11.34000015258789,9.587435722351074,3914000
CP.TO,2010-05-27,11.381999969482422,11.581999778747559,11.381999969482422,11.539999961853027,9.756526947021484,1788000
CP.TO,2010-05-28,11.592000007629395,11.675999641418457,11.468000411987305,11.579999923706055,9.79034423828125,3122000
CP.TO,2010-05-31,11.6899995803833,11.776000022888184,11.543999671936035,11.776000022888184,9.956052780151367,752000
CP.TO,2010-06-01,11.553999900817871,11.748000144958496,11.432000160217285,11.51200008392334,9.732855796813965,5069000
CP.TO,2010-06-02,11.437999725341797,11.631999969482422,11.36400032043457,11.631999969482422,9.834306716918945,2009000
CP.TO,2010-06-03,11.644000053405762,12.057999610900879,11.644000053405762,11.923999786376953,10.081180572509766,4422000
CP.TO,2010-06-04,11.795999526977539,11.913999557495117,11.579999923706055,11.612000465393066,9.817399024963379,3355000
CP.TO,2010-06-07,11.645999908447266,11.696000099182129,11.368000030517578,11.381999969482422,9.622941970825195,3024000
CP.TO,2010-06-08,11.53600025177002,11.640000343322754,11.281999588012695,11.435999870300293,9.668600082397461,3352500
CP.TO,2010-06-09,11.496000289916992,11.694000244140625,11.446000099182129,11.477999687194824,9.70411205291748,4143500
CP.TO,2010-06-10,11.57800006866455,11.892000198364258,11.569999694824219,11.859999656677246,10.027070045471191,2437500
CP.TO,2010-06-11,11.732000350952148,11.97599983215332,11.704000473022461,11.895999908447266,10.057506561279297,1433500
CP.TO,2010-06-14,11.984000205993652,12.11400032043457,11.942000389099121,11.989999771118164,10.136977195739746,2340500
CP.TO,2010-06-15,12.0,12.197999954223633,11.984000205993652,12.140000343322754,10.263801574707031,2355500
CP.TO,2010-06-16,12.097999572753906,12.315999984741211,12.003999710083008,12.270000457763672,10.373710632324219,2573500
CP.TO,2010-06-17,12.222000122070312,12.279999732971191,12.092000007629395,12.263999938964844,10.368634223937988,2197500
CP.TO,2010-06-18,12.29800033569336,12.399999618530273,12.241999626159668,12.28600025177002,10.38723373413086,5480500
CP.TO,2010-06-21,12.390000343322754,12.579999923706055,12.369999885559082,12.434000015258789,10.51236343383789,2785000
CP.TO,2010-06-22,12.442000389099121,12.449999809265137,12.09000015258789,12.092000007629395,10.223217010498047,3229000
CP.TO,2010-06-23,12.017999649047852,12.253999710083008,11.899999618530273,12.003999710083008,10.194341659545898,3420000
CP.TO,2010-06-24,11.887999534606934,11.925999641418457,11.72599983215332,11.802000045776367,10.022795677185059,3193500
CP.TO,2010-06-25,11.869999885559082,11.869999885559082,11.59000015258789,11.663999557495117,9.905595779418945,5755000
CP.TO,2010-06-28,11.753999710083008,11.859999656677246,11.663999557495117,11.715999603271484,9.949756622314453,4294000
CP.TO,2010-06-29,11.564000129699707,11.564000129699707,11.206000328063965,11.265999794006348,9.567598342895508,6837000
CP.TO,2010-06-30,11.260000228881836,11.555999755859375,11.255999565124512,11.411999702453613,9.691588401794434,3644000
CP.TO,2010-07-02,11.449999809265137,11.600000381469727,11.300000190734863,11.350000381469727,9.638936042785645,2067000
CP.TO,2010-07-05,11.253999710083008,11.295999526977539,11.130000114440918,11.20199966430664,9.513250350952148,450000
CP.TO,2010-07-06,11.359999656677246,11.526000022888184,11.140000343322754,11.253999710083008,9.557406425476074,7833000
CP.TO,2010-07-07,11.289999961853027,11.595999717712402,11.253999710083008,11.562000274658203,9.818978309631348,2413000
CP.TO,2010-07-08,11.699999809265137,11.767999649047852,11.520000457763672,11.604000091552734,9.854643821716309,2900000
CP.TO,2010-07-09,11.583999633789062,11.631999969482422,11.515999794006348,11.619999885559082,9.868231773376465,1891500
CP.TO,2010-07-12,11.57800006866455,11.758000373840332,11.553999900817871,11.758000373840332,9.985426902770996,2313500
CP.TO,2010-07-13,11.871999740600586,12.0,11.673999786376953,11.802000045776367,10.022795677185059,4673000
CP.TO,2010-07-14,11.842000007629395,11.994000434875488,11.711999893188477,11.918000221252441,10.121307373046875,2679000
CP.TO,2010-07-15,11.918000221252441,12.142000198364258,11.894000053405762,12.142000198364258,10.311539649963379,3272000
CP.TO,2010-07-16,12.095999717712402,12.12399959564209,11.760000228881836,11.87399959564209,10.08393669128418,2932000
CP.TO,2010-07-19,11.826000213623047,11.973999977111816,11.729999542236328,11.859999656677246,10.072050094604492,1571000
CP.TO,2010-07-20,11.739999771118164,11.918000221252441,11.666000366210938,11.892000198364258,10.099228858947754,2974500
CP.TO,2010-07-21,11.942000389099121,11.942000389099121,11.630000114440918,11.715999603271484,9.949756622314453,2104500
CP.TO,2010-07-22,11.838000297546387,12.039999961853027,11.838000297546387,12.039999961853027,10.224916458129883,2524500
CP.TO,2010-07-23,12.008000373840332,12.295999526977539,12.008000373840332,12.199999809265137,10.360794067382812,2712000
CP.TO,2010-07-26,12.279999732971191,12.343999862670898,12.210000038146973,12.239999771118164,10.394760131835938,2789000
CP.TO,2010-07-27,12.26200008392334,12.338000297546387,11.935999870300293,11.96399974822998,10.16037368774414,3840500
CP.TO,2010-07-28,11.9399995803833,12.15999984741211,11.92199993133545,12.121999740600586,10.294554710388184,2764000
CP.TO,2010-07-29,12.131999969482422,12.319999694824219,12.131999969482422,12.300000190734863,10.445722579956055,3028500
CP.TO,2010-07-30,12.25,12.425999641418457,12.076000213623047,12.277999877929688,10.42703628540039,3289000
CP.TO,2010-08-03,12.35200023651123,12.569999694824219,12.35200023651123,12.454000473022461,10.576501846313477,2628000
CP.TO,2010-08-04,12.402000427246094,12.545999526977539,12.38599967956543,12.520000457763672,10.632548332214355,2016500
CP.TO,2010-08-05,12.5,12.600000381469727,12.39799976348877,12.59000015258789,10.692001342773438,2853500
CP.TO,2010-08-06,12.53600025177002,12.600000381469727,12.288000106811523,12.446000099182129,10.569710731506348,2352500
CP.TO,2010-08-09,12.387999534606934,12.470000267028809,12.331999778747559,12.45199966430664,10.574806213378906,1396500
CP.TO,2010-08-10,12.293999671936035,12.45199966430664,12.218000411987305,12.413999557495117,10.542535781860352,1692000
CP.TO,2010-08-11,12.215999603271484,12.289999961853027,11.932000160217285,12.022000312805176,10.209628105163574,3194000
CP.TO,2010-08-12,11.859999656677246,11.859999656677246,11.637999534606934,11.744000434875488,9.973542213439941,3830000
CP.TO,2010-08-13,11.729999542236328,11.96399974822998,11.710000038146973,11.96399974822998,10.16037368774414,2436500
CP.TO,2010-08-16,11.96399974822998,12.027999877929688,11.868000030517578,11.968000411987305,10.16376781463623,1242500
CP.TO,2010-08-17,11.986000061035156,12.276000022888184,11.949999809265137,12.112000465393066,10.28606128692627,2005500
CP.TO,2010-08-18,12.130000114440918,12.144000053405762,11.977999687194824,12.052000045776367,10.235106468200684,2487000
CP.TO,2010-08-19,11.986000061035156,12.062000274658203,11.789999961853027,11.868000030517578,10.078845024108887,2207000
CP.TO,2010-08-20,11.817999839782715,11.946000099182129,11.684000015258789,11.899999618530273,10.106021881103516,1343000
CP.TO,2010-08-23,11.968000411987305,11.98799991607666,11.763999938964844,11.79800033569336,10.019396781921387,1371000
CP.TO,2010-08-24,11.718000411987305,12.163999557495117,11.64799976348877,12.001999855041504,10.192645072937012,3543000
CP.TO,2010-08-25,11.838000297546387,12.092000007629395,11.833999633789062,12.088000297546387,10.265682220458984,3494000
CP.TO,2010-08-26,12.180000305175781,12.399999618530273,12.092000007629395,12.315999984741211,10.459307670593262,4042500
CP.TO,2010-08-27,12.350000381469727,12.543999671936035,12.295999526977539,12.484000205993652,10.601977348327637,3992000
CP.TO,2010-08-30,12.5,12.630000114440918,12.423999786376953,12.447999954223633,10.571406364440918,1674500
CP.TO,2010-08-31,12.369999885559082,12.619999885559082,12.279999732971191,12.562000274658203,10.668220520019531,2999000
CP.TO,2010-09-01,12.649999618530273,12.869999885559082,12.649999618530273,12.845999717712402,10.909404754638672,2981000
CP.TO,2010-09-02,12.789999961853027,12.954000473022461,12.789999961853027,12.923999786376953,10.975650787353516,1876500
CP.TO,2010-09-03,12.850000381469727,13.038000106811523,12.850000381469727,12.92199993133545,10.973949432373047,2904000
CP.TO,2010-09-07,12.86400032043457,13.0,12.855999946594238,12.977999687194824,11.02150821685791,869000
CP.TO,2010-09-08,12.97599983215332,13.163999557495117,12.829999923706055,12.871999740600586,10.931488037109375,2270500
CP.TO,2010-09-09,12.9399995803833,13.005999565124512,12.72599983215332,12.789999961853027,10.861849784851074,1771000
CP.TO,2010-09-10,12.748000144958496,12.831999778747559,12.678000450134277,12.6899995803833,10.776926040649414,1987000
CP.TO,2010-09-13,12.70199966430664,12.739999771118164,12.670000076293945,12.711999893188477,10.795605659484863,1822500
CP.TO,2010-09-14,12.710000038146973,12.90999984741211,12.675999641418457,12.838000297546387,10.902616500854492,2512500
CP.TO,2010-09-15,12.807999610900879,12.913999557495117,12.772000312805176,12.82800006866455,10.894118309020996,2922500
CP.TO,2010-09-16,12.807999610900879,12.82800006866455,12.673999786376953,12.739999771118164,10.819390296936035,1240000
CP.TO,2010-09-17,12.815999984741211,12.84000015258789,12.675999641418457,12.741999626159668,10.821084976196289,5894500
CP.TO,2010-09-20,12.800000190734863,12.89799976348877,12.70199966430664,12.800000190734863,10.870344161987305,3110500
CP.TO,2010-09-21,12.89799976348877,12.89799976348877,12.72599983215332,12.739999771118164,10.819390296936035,2855000
CP.TO,2010-09-22,12.699999809265137,12.793999671936035,12.605999946594238,12.687999725341797,10.821093559265137,2732500
CP.TO,2010-09-23,12.727999687194824,12.727999687194824,12.501999855041504,12.579999923706055,10.728987693786621,2282500
CP.TO,2010-09-24,12.708000183105469,12.850000381469727,12.586000442504883,12.812000274658203,10.92684555053711,3237000
CP.TO,2010-09-27,12.803999900817871,12.90999984741211,12.800000190734863,12.800000190734863,10.916614532470703,1799000
CP.TO,2010-09-28,12.802000045776367,12.868000030517578,12.640000343322754,12.739999771118164,10.865445137023926,1954500
CP.TO,2010-09-29,12.720000267028809,12.720000267028809,12.53600025177002,12.697999954223633,10.829619407653809,2825500
CP.TO,2010-09-30,12.710000038146973,12.819999694824219,12.48799991607666,12.571999549865723,10.722161293029785,3558000
CP.TO,2010-10-01,12.60200023651123,12.663999557495117,12.406000137329102,12.458000183105469,10.624934196472168,2108000
CP.TO,2010-10-04,12.456000328063965,12.513999938964844,12.319999694824219,12.39799976348877,10.573760032653809,1938500
CP.TO,2010-10-05,12.432000160217285,12.670000076293945,12.432000160217285,12.607999801635742,10.752863883972168,2486000
CP.TO,2010-10-06,12.670000076293945,12.670000076293945,12.545999526977539,12.65999984741211,10.797212600708008,2694500
CP.TO,2010-10-07,12.710000038146973,12.935999870300293,12.710000038146973,12.911999702453613,11.012131690979004,3612000
CP.TO,2010-10-08,12.89799976348877,13.050000190734863,12.887999534606934,13.038000106811523,11.119595527648926,1755000
CP.TO,2010-10-12,13.041999816894531,13.041999816894531,12.814000129699707,12.843999862670898,10.954140663146973,3945500
CP.TO,2010-10-13,13.055999755859375,13.368000030517578,13.020000457763672,13.229999542236328,11.283343315124512,7034500
CP.TO,2010-10-14,13.288000106811523,13.288000106811523,13.097999572753906,13.218000411987305,11.27310562133789,2148000
CP.TO,2010-10-15,13.199999809265137,13.276000022888184,13.097999572753906,13.206000328063965,11.262874603271484,1564500
CP.TO,2010-10-18,13.197999954223633,13.220000267028809,13.118000030517578,13.210000038146973,11.26628589630127,1139500
CP.TO,2010-10-19,13.140000343322754,13.26200008392334,13.116000175476074,13.22599983215332,11.279932975769043,2163500
CP.TO,2010-10-20,13.199999809265137,13.434000015258789,13.199999809265137,13.354000091552734,11.3890962600708,1297000
CP.TO,2010-10-21,13.303999900817871,13.407999992370605,13.173999786376953,13.371999740600586,11.404446601867676,2062000
CP.TO,2010-10-22,13.324000358581543,13.456000328063965,13.29800033569336,13.423999786376953,11.448799133300781,1155500
CP.TO,2010-10-25,13.5,13.5,13.321999549865723,13.355999946594238,11.390802383422852,1145500
CP.TO,2010-10-26,13.3100004196167,13.486000061035156,13.300000190734863,13.406000137329102,11.433446884155273,1745000
CP.TO,2010-10-27,13.447999954223633,13.447999954223633,13.03600025177002,13.128000259399414,11.196354866027832,2079500
CP.TO,2010-10-28,13.192000389099121,13.3100004196167,12.895999908447266,13.067999839782715,11.145179748535156,2463000
CP.TO,2010-10-29,12.979999542236328,13.29800033569336,12.979999542236328,13.295999526977539,11.339629173278809,4515000
CP.TO,2010-11-01,13.29800033569336,13.449999809265137,13.28600025177002,13.333999633789062,11.372040748596191,2645000
CP.TO,2010-11-02,13.371999740600586,13.392000198364258,13.229999542236328,13.378000259399414,11.409567832946777,1398500
CP.TO,2010-11-03,13.3100004196167,13.399999618530273,13.157999992370605,13.263999938964844,11.31234359741211,2632000
CP.TO,2010-11-04,13.404000282287598,13.428000450134277,13.276000022888184,13.3100004196167,11.351572036743164,2389000
CP.TO,2010-11-05,13.333999633789062,13.40999984741211,13.128000259399414,13.131999969482422,11.199763298034668,2341000
CP.TO,2010-11-08,13.197999954223633,13.199999809265137,12.998000144958496,13.105999946594238,11.17758560180664,2059500
CP.TO,2010-11-09,13.04800033569336,13.133999824523926,12.942000389099121,13.095999717712402,11.169060707092285,2048000
CP.TO,2010-11-10,13.034000396728516,13.12600040435791,12.970000267028809,13.105999946594238,11.17758560180664,1744000
CP.TO,2010-11-11,13.074000358581543,13.097999572753906,12.95199966430664,13.071999549865723,11.148591995239258,953000
CP.TO,2010-11-12,12.979999542236328,13.065999984741211,12.859999656677246,12.956000328063965,11.049659729003906,2062500
CP.TO,2010-11-15,12.920000076293945,13.208000183105469,12.920000076293945,13.013999938964844,11.099126815795898,1669500
CP.TO,2010-11-16,12.949999809265137,13.053999900817871,12.821999549865723,12.899999618530273,11.001900672912598,1765500
CP.TO,2010-11-17,12.824000358581543,13.034000396728516,12.78600025177002,13.034000396728516,11.11618423461914,1463500
CP.TO,2010-11-18,13.064000129699707,13.315999984741211,13.064000129699707,13.251999855041504,11.302108764648438,2241000
CP.TO,2010-11-19,13.1899995803833,13.354000091552734,13.1899995803833,13.295999526977539,11.339629173278809,1442000
CP.TO,2010-11-22,13.263999938964844,13.35200023651123,13.166000366210938,13.302000045776367,11.344749450683594,1610000
CP.TO,2010-11-23,13.236000061035156,13.236000061035156,12.979999542236328,12.994000434875488,11.082066535949707,2310500
CP.TO,2010-11-24,13.020000457763672,13.13599967956543,13.005999565124512,13.092000007629395,11.165650367736816,1043500
CP.TO,2010-11-25,13.0600004196167,13.119999885559082,13.020000457763672,13.11400032043457,11.184412956237793,465000
CP.TO,2010-11-26,13.065999984741211,13.239999771118164,13.04800033569336,13.220000267028809,11.274813652038574,881000
CP.TO,2010-11-29,13.178000450134277,13.204000473022461,13.07800006866455,13.170000076293945,11.232172012329102,922500
CP.TO,2010-11-30,13.069999694824219,13.204000473022461,13.069999694824219,13.109999656677246,11.180996894836426,3492000
CP.TO,2010-12-01,13.199999809265137,13.291999816894531,13.140000343322754,13.239999771118164,11.291871070861816,2245000
CP.TO,2010-12-02,13.239999771118164,13.319999694824219,13.173999786376953,13.26200008392334,11.310633659362793,2122500
CP.TO,2010-12-03,13.26200008392334,13.336000442504883,13.109999656677246,13.236000061035156,11.288460731506348,1830000
CP.TO,2010-12-06,13.199999809265137,13.29800033569336,13.130000114440918,13.227999687194824,11.281636238098145,1116000
CP.TO,2010-12-07,13.220000267028809,13.220000267028809,13.104000091552734,13.187999725341797,11.24752140045166,2248500
CP.TO,2010-12-08,13.187999725341797,13.187999725341797,12.871999740600586,12.899999618530273,11.001900672912598,2366500
CP.TO,2010-12-09,13.01200008392334,13.144000053405762,12.9399995803833,13.050000190734863,11.129831314086914,4118500
CP.TO,2010-12-10,13.050000190734863,13.076000213623047,12.944000244140625,12.961999893188477,11.054777145385742,2046500
CP.TO,2010-12-13,13.010000228881836,13.010000228881836,12.85200023651123,12.85200023651123,10.960960388183594,2073500
CP.TO,2010-12-14,12.958000183105469,13.010000228881836,12.894000053405762,12.960000038146973,11.053071022033691,1533000
CP.TO,2010-12-15,12.88599967956543,13.050000190734863,12.88599967956543,12.998000144958496,11.085479736328125,2685500
CP.TO,2010-12-16,12.949999809265137,13.093999862670898,12.944000244140625,13.071999549865723,11.148591995239258,1615500
CP.TO,2010-12-17,13.038000106811523,13.118000030517578,12.930000305175781,13.09000015258789,11.163942337036133,3357500
CP.TO,2010-12-20,13.027999877929688,13.12600040435791,12.994000434875488,13.034000396728516,11.11618423461914,1335000
CP.TO,2010-12-21,13.039999961853027,13.140000343322754,13.026000022888184,13.137999534606934,11.204880714416504,1218500
CP.TO,2010-12-22,13.137999534606934,13.144000053405762,13.050000190734863,13.097999572753906,11.17076587677002,919000
CP.TO,2010-12-23,13.041999816894531,13.069999694824219,12.928000450134277,13.020000457763672,11.104241371154785,1534500
CP.TO,2010-12-24,13.095999717712402,13.095999717712402,13.041999816894531,13.074000358581543,11.150299072265625,134000
CP.TO,2010-12-29,12.944000244140625,13.092000007629395,12.944000244140625,13.015999794006348,11.146872520446777,735000
CP.TO,2010-12-30,13.052000045776367,13.052000045776367,12.916000366210938,12.942000389099121,11.083495140075684,746000
CP.TO,2010-12-31,12.902000427246094,12.937999725341797,12.819999694824219,12.923999786376953,11.068084716796875,897500
CP.TO,2011-01-04,13.142000198364258,13.142000198364258,12.8100004196167,12.890000343322754,11.038968086242676,1246000
CP.TO,2011-01-05,12.868000030517578,13.017999649047852,12.842000007629395,12.881999969482422,11.032114028930664,1272000
CP.TO,2011-01-06,12.881999969482422,12.916000366210938,12.795999526977539,12.855999946594238,11.009846687316895,872000
CP.TO,2011-01-07,12.892000198364258,13.086000442504883,12.88599967956543,13.04800033569336,11.174275398254395,1970500
CP.TO,2011-01-10,13.0600004196167,13.140000343322754,13.008000373840332,13.121999740600586,11.237648010253906,1430500
CP.TO,2011-01-11,13.173999786376953,13.270000457763672,13.156000137329102,13.248000144958496,11.345556259155273,2176500
CP.TO,2011-01-12,13.199999809265137,13.279999732971191,13.180000305175781,13.25,11.347270965576172,2265000
CP.TO,2011-01-13,13.222000122070312,13.435999870300293,13.222000122070312,13.406000137329102,11.48087215423584,4108500
CP.TO,2011-01-14,13.387999534606934,13.416000366210938,13.319999694824219,13.387999534606934,11.465450286865234,2500500
CP.TO,2011-01-17,13.300000190734863,13.392000198364258,13.279999732971191,13.284000396728516,11.376388549804688,1162000
CP.TO,2011-01-18,13.270000457763672,13.399999618530273,13.270000457763672,13.383999824523926,11.46202564239502,1077000
CP.TO,2011-01-19,13.359999656677246,13.392000198364258,13.223999977111816,13.3100004196167,11.398653984069824,2842000
CP.TO,2011-01-20,13.315999984741211,13.40999984741211,13.206000328063965,13.300000190734863,11.390088081359863,2737000
CP.TO,2011-01-21,13.28600025177002,13.432000160217285,13.28600025177002,13.342000007629395,11.426056861877441,3225000
CP.TO,2011-01-24,13.369999885559082,13.420000076293945,13.28600025177002,13.366000175476074,11.446611404418945,1403000
CP.TO,2011-01-25,13.314000129699707,13.399999618530273,13.182000160217285,13.265999794006348,11.360971450805664,2641000
CP.TO,2011-01-26,13.359999656677246,13.682000160217285,13.277999877929688,13.652000427246094,11.69154167175293,2437000
CP.TO,2011-01-27,13.649999618530273,13.829999923706055,13.640000343322754,13.763999938964844,11.787457466125488,1678000
CP.TO,2011-01-28,13.76200008392334,13.895999908447266,13.406000137329102,13.444000244140625,11.513411521911621,2173500
CP.TO,2011-01-31,13.468000411987305,13.555999755859375,13.38599967956543,13.434000015258789,11.504847526550293,1822000
CP.TO,2011-02-01,13.430000305175781,13.494000434875488,13.34000015258789,13.420000076293945,11.4928560256958,1434000
CP.TO,2011-02-02,13.418000221252441,13.420000076293945,13.253999710083008,13.272000312805176,11.366111755371094,1519500
CP.TO,2011-02-03,13.368000030517578,13.368000030517578,13.22599983215332,13.239999771118164,11.338703155517578,1323000
CP.TO,2011-02-04,13.253999710083008,13.265999794006348,13.178000450134277,13.220000267028809,11.321581840515137,1495000
CP.TO,2011-02-07,13.272000312805176,13.357999801635742,13.270000457763672,13.3100004196167,11.398653984069824,1507500
CP.TO,2011-02-08,13.345999717712402,13.484000205993652,13.319999694824219,13.407999992370605,11.48258113861084,1832000
CP.TO,2011-02-09,13.39799976348877,13.444000244140625,13.3100004196167,13.354000091552734,11.436334609985352,1398500
CP.TO,2011-02-10,13.338000297546387,13.42199993133545,13.302000045776367,13.390000343322754,11.467164993286133,1577000
CP.TO,2011-02-11,13.329999923706055,13.571999549865723,13.319999694824219,13.45199966430664,11.520258903503418,1289000
CP.TO,2011-02-14,13.503999710083008,13.553999900817871,13.435999870300293,13.503999710083008,11.564789772033691,1801500
CP.TO,2011-02-15,13.48799991607666,13.515999794006348,13.39799976348877,13.399999618530273,11.475728034973145,1829000
CP.TO,2011-02-16,13.399999618530273,13.593999862670898,13.399999618530273,13.494000434875488,11.556229591369629,1991500
CP.TO,2011-02-17,13.5,13.607999801635742,13.458000183105469,13.579999923706055,11.62987995147705,2022000
CP.TO,2011-02-18,13.579999923706055,13.583999633789062,13.428000450134277,13.51200008392334,11.571647644042969,2168500
CP.TO,2011-02-22,13.402000427246094,13.47599983215332,13.244000434875488,13.289999961853027,11.381523132324219,1347500
CP.TO,2011-02-23,13.260000228881836,13.300000190734863,13.0,13.01200008392334,11.143446922302246,2700000
CP.TO,2011-02-24,13.02400016784668,13.100000381469727,12.906000137329102,12.982000350952148,11.117751121520996,1843000
CP.TO,2011-02-25,13.093999862670898,13.118000030517578,13.027999877929688,13.104000091552734,11.222233772277832,1936500
CP.TO,2011-02-28,13.071999549865723,13.22599983215332,13.057999610900879,13.187999725341797,11.294173240661621,1958500
CP.TO,2011-03-01,13.222000122070312,13.244000434875488,12.97599983215332,13.026000022888184,11.155437469482422,1672000
CP.TO,2011-03-02,13.020000457763672,13.083999633789062,12.979999542236328,13.039999961853027,11.1674222946167,1366000
CP.TO,2011-03-03,13.043999671936035,13.043999671936035,12.763999938964844,12.79800033569336,10.960176467895508,5718500
CP.TO,2011-03-04,12.800000190734863,12.894000053405762,12.710000038146973,12.869999885559082,11.021836280822754,5596500
CP.TO,2011-03-07,12.710000038146973,12.836000442504883,12.470000267028809,12.550000190734863,10.74779224395752,5630500
CP.TO,2011-03-08,12.668000221252441,12.850000381469727,12.656000137329102,12.720000267028809,10.893377304077148,4126000
CP.TO,2011-03-09,12.720000267028809,12.755999565124512,12.583999633789062,12.652000427246094,10.835140228271484,3141500
CP.TO,2011-03-10,12.670000076293945,12.670000076293945,12.258000373840332,12.607999801635742,10.797460556030273,4294500
CP.TO,2011-03-11,12.496000289916992,12.670000076293945,12.496000289916992,12.605999946594238,10.795746803283691,1929000
CP.TO,2011-03-14,12.534000396728516,12.62600040435791,12.513999938964844,12.555999755859375,10.752928733825684,2301000
CP.TO,2011-03-15,12.399999618530273,12.637999534606934,12.253999710083008,12.567999839782715,10.76320743560791,2178000
CP.TO,2011-03-16,12.479999542236328,12.574000358581543,12.383999824523926,12.543999671936035,10.742650032043457,2635000
CP.TO,2011-03-17,12.718000411987305,12.718000411987305,12.550000190734863,12.612000465393066,10.800885200500488,2148500
CP.TO,2011-03-18,12.680000305175781,12.744000434875488,12.656000137329102,12.6899995803833,10.867688179016113,4290000
CP.TO,2011-03-21,12.748000144958496,12.89799976348877,12.687999725341797,12.89799976348877,11.045816421508789,1671500
CP.TO,2011-03-22,12.338000297546387,12.649999618530273,12.333999633789062,12.541999816894531,10.74094009399414,7759500
CP.TO,2011-03-23,12.4399995803833,12.517999649047852,12.28600025177002,12.3100004196167,10.587841987609863,4339000
CP.TO,2011-03-24,12.369999885559082,12.369999885559082,12.208000183105469,12.270000457763672,10.55344009399414,3097000
CP.TO,2011-03-25,12.300000190734863,12.428000450134277,12.232000350952148,12.345999717712402,10.618803977966309,2614000
CP.TO,2011-03-28,12.380000114440918,12.437999725341797,12.302000045776367,12.317999839782715,10.594720840454102,1250000
CP.TO,2011-03-29,12.321999549865723,12.482000350952148,12.319999694824219,12.479999542236328,10.734055519104004,2130500
CP.TO,2011-03-30,12.517999649047852,12.520000457763672,12.4399995803833,12.496000289916992,10.747822761535645,2288000
CP.TO,2011-03-31,12.505999565124512,12.550000190734863,12.45199966430664,12.46399974822998,10.720293045043945,3327500
CP.TO,2011-04-01,12.472000122070312,12.567999839782715,12.454000473022461,12.461999893188477,10.718581199645996,1338000
CP.TO,2011-04-04,12.484000205993652,12.644000053405762,12.484000205993652,12.62600040435791,10.859639167785645,1461000
CP.TO,2011-04-05,12.621999740600586,12.673999786376953,12.538000106811523,12.543999671936035,10.789106369018555,1864500
CP.TO,2011-04-06,12.593999862670898,12.595999717712402,12.342000007629395,12.428000450134277,10.689332962036133,3345500
CP.TO,2011-04-07,12.378000259399414,12.399999618530273,12.279999732971191,12.28600025177002,10.567198753356934,1253500
CP.TO,2011-04-08,12.288000106811523,12.289999961853027,12.020000457763672,12.0600004196167,10.372815132141113,3859500
CP.TO,2011-04-11,12.026000022888184,12.133999824523926,11.996000289916992,12.013999938964844,10.33324909210205,2509000
CP.TO,2011-04-12,12.0,12.1899995803833,12.0,12.02400016784668,10.341849327087402,3694500
CP.TO,2011-04-13,12.079999923706055,12.128000259399414,12.020000457763672,12.065999984741211,10.377976417541504,1949000
CP.TO,2011-04-14,12.022000312805176,12.112000465393066,12.0,12.003999710083008,10.324651718139648,1238500
CP.TO,2011-04-15,12.039999961853027,12.12600040435791,12.039999961853027,12.09000015258789,10.3986177444458,2016500
CP.TO,2011-04-18,12.020000457763672,12.074000358581543,11.923999786376953,11.958000183105469,10.285085678100586,2092000
CP.TO,2011-04-19,11.984000205993652,12.0600004196167,11.96399974822998,12.01200008392334,10.331526756286621,980500
CP.TO,2011-04-20,12.222000122070312,12.239999771118164,11.979999542236328,12.052000045776367,10.365936279296875,3121000
CP.TO,2011-04-21,12.104000091552734,12.104000091552734,11.920000076293945,11.949999809265137,10.278203010559082,4889500
CP.TO,2011-04-25,11.958000183105469,12.083999633789062,11.956000328063965,12.065999984741211,10.377976417541504,3033500
CP.TO,2011-04-26,12.140000343322754,12.39799976348877,12.105999946594238,12.333999633789062,10.608482360839844,4050000
CP.TO,2011-04-27,12.399999618530273,12.399999618530273,12.227999687194824,12.368000030517578,10.637728691101074,3025000
CP.TO,2011-04-28,12.359999656677246,12.565999984741211,12.347999572753906,12.53600025177002,10.782224655151367,2930000
CP.TO,2011-04-29,12.553999900817871,12.680000305175781,12.470000267028809,12.550000190734863,10.794267654418945,2245000
CP.TO,2011-05-02,12.588000297546387,12.720000267028809,12.579999923706055,12.644000053405762,10.875114440917969,2985000
CP.TO,2011-05-03,12.699999809265137,12.699999809265137,12.468000411987305,12.645999908447266,10.87683391571045,3802000
CP.TO,2011-05-04,12.630000114440918,12.732000350952148,12.435999870300293,12.513999938964844,10.763298988342285,2160500
CP.TO,2011-05-05,12.460000038146973,12.692000389099121,12.39799976348877,12.552000045776367,10.795985221862793,3091500
CP.TO,2011-05-06,12.652000427246094,12.666000366210938,12.505999565124512,12.609999656677246,10.84587287902832,2210500
CP.TO,2011-05-09,12.600000381469727,12.64799976348877,12.529999732971191,12.576000213623047,10.816628456115723,1299000
CP.TO,2011-05-10,12.62399959564209,12.62399959564209,12.402000427246094,12.470000267028809,10.725461959838867,2315000
CP.TO,2011-05-11,12.423999786376953,12.447999954223633,12.218000411987305,12.218000411987305,10.508715629577637,3796500
CP.TO,2011-05-12,12.218000411987305,12.236000061035156,12.076000213623047,12.12399959564209,10.42785930633545,4440000
CP.TO,2011-05-13,12.12600040435791,12.130000114440918,11.913999557495117,11.949999809265137,10.278203010559082,3420000
CP.TO,2011-05-16,11.949999809265137,12.0,11.899999618530273,11.956000328063965,10.283367156982422,2435000
CP.TO,2011-05-17,11.960000038146973,11.979999542236328,11.78600025177002,11.845999717712402,10.18875503540039,8609500
CP.TO,2011-05-18,11.850000381469727,11.95199966430664,11.755999565124512,11.923999786376953,10.255844116210938,1798500
CP.TO,2011-05-19,11.904000282287598,12.04800033569336,11.904000282287598,12.01200008392334,10.331526756286621,3958500
CP.TO,2011-05-20,12.0,12.076000213623047,11.979999542236328,12.015999794006348,10.334967613220215,7139500
CP.TO,2011-05-24,11.960000038146973,11.973999977111816,11.85200023651123,11.862000465393066,10.2025146484375,2035000
CP.TO,2011-05-25,11.86400032043457,12.069999694824219,11.85200023651123,12.045999526977539,10.360773086547852,1787500
CP.TO,2011-05-26,12.050000190734863,12.157999992370605,12.031999588012695,12.069999694824219,10.381414413452148,1404000
CP.TO,2011-05-27,12.178000450134277,12.289999961853027,12.104000091552734,12.211999893188477,10.50355052947998,2295000
CP.TO,2011-05-30,12.260000228881836,12.329999923706055,12.260000228881836,12.3100004196167,10.587841987609863,412500
CP.TO,2011-05-31,12.347999572753906,12.359999656677246,12.241999626159668,12.279999732971191,10.562039375305176,2407000
CP.TO,2011-06-01,12.210000038146973,12.255999565124512,11.973999977111816,11.98799991607666,10.31088638305664,3486500
CP.TO,2011-06-02,12.0,12.197999954223633,12.0,12.137999534606934,10.439908981323242,2135500
CP.TO,2011-06-03,12.0,12.11400032043457,11.970000267028809,12.071999549865723,10.383137702941895,1685000
CP.TO,2011-06-06,12.076000213623047,12.119999885559082,11.87399959564209,11.90999984741211,10.243802070617676,1262000
CP.TO,2011-06-07,11.86400032043457,12.005999565124512,11.831999778747559,11.925999641418457,10.257563591003418,2585000
CP.TO,2011-06-08,11.899999618530273,11.918000221252441,11.800000190734863,11.817999839782715,10.164670944213867,1891500
CP.TO,2011-06-09,11.842000007629395,11.883999824523926,11.800000190734863,11.871999740600586,10.211114883422852,1763500
CP.TO,2011-06-10,11.807999610900879,11.90999984741211,11.800000190734863,11.883999824523926,10.221437454223633,1677000
CP.TO,2011-06-13,11.88599967956543,12.010000228881836,11.857999801635742,11.871999740600586,10.211114883422852,2419000
CP.TO,2011-06-14,11.944000244140625,12.121999740600586,11.9399995803833,12.071999549865723,10.383137702941895,2310500
CP.TO,2011-06-15,12.010000228881836,12.050000190734863,11.862000465393066,11.881999969482422,10.219717025756836,1852500
CP.TO,2011-06-16,11.890000343322754,11.942000389099121,11.753999710083008,11.767999649047852,10.121665000915527,1838000
CP.TO,2011-06-17,11.789999961853027,11.918000221252441,11.789999961853027,11.829999923706055,10.174989700317383,3293000
CP.TO,2011-06-20,11.857999801635742,11.989999771118164,11.803999900817871,11.904000282287598,10.238638877868652,1522000
CP.TO,2011-06-21,11.960000038146973,12.0,11.88599967956543,11.904000282287598,10.238638877868652,1964500
CP.TO,2011-06-22,11.880000114440918,11.880000114440918,11.65999984741211,11.65999984741211,10.079582214355469,2325000
CP.TO,2011-06-23,11.609999656677246,11.649999618530273,11.418000221252441,11.64799976348877,10.069206237792969,2503500
CP.TO,2011-06-24,11.699999809265137,11.699999809265137,11.479999542236328,11.496000289916992,9.937813758850098,2038500
CP.TO,2011-06-27,11.564000129699707,11.67199993133545,11.539999961853027,11.633999824523926,10.057106018066406,1963500
CP.TO,2011-06-28,11.663999557495117,11.932000160217285,11.607999801635742,11.87399959564209,10.264573097229004,2730500
CP.TO,2011-06-29,11.925999641418457,12.015999794006348,11.815999984741211,11.902000427246094,10.288779258728027,2455000
CP.TO,2011-06-30,11.96399974822998,12.097999572753906,11.894000053405762,12.034000396728516,10.402886390686035,2622000
CP.TO,2011-07-04,12.12600040435791,12.128000259399414,12.050000190734863,12.0600004196167,10.425363540649414,451000
CP.TO,2011-07-05,12.104000091552734,12.187999725341797,12.039999961853027,12.039999961853027,10.408073425292969,2151500
CP.TO,2011-07-06,12.093999862670898,12.218000411987305,12.074000358581543,12.137999534606934,10.492794036865234,2165500
CP.TO,2011-07-07,12.210000038146973,12.220000267028809,12.081999778747559,12.097999572753906,10.458210945129395,2907000
CP.TO,2011-07-08,12.052000045776367,12.064000129699707,11.984000205993652,12.017999649047852,10.389053344726562,1919500
CP.TO,2011-07-11,11.961999893188477,11.96399974822998,11.765999794006348,11.883999824523926,10.27321720123291,1608500
CP.TO,2011-07-12,11.791999816894531,11.902000427246094,11.791999816894531,11.84000015258789,10.235180854797363,2382000
CP.TO,2011-07-13,11.824000358581543,12.03600025177002,11.802000045776367,11.857999801635742,10.250741958618164,2196500
CP.TO,2011-07-14,11.850000381469727,11.918000221252441,11.720000267028809,11.75,10.157382011413574,2200000
CP.TO,2011-07-15,11.807999610900879,11.845999717712402,11.673999786376953,11.802000045776367,10.2023344039917,2429500
CP.TO,2011-07-18,11.802000045776367,11.866000175476074,11.65999984741211,11.704000473022461,10.117619514465332,1250500
CP.TO,2011-07-19,11.744000434875488,11.956000328063965,11.722000122070312,11.911999702453613,10.29742431640625,1959500
CP.TO,2011-07-20,11.90999984741211,11.947999954223633,11.684000015258789,11.715999603271484,10.127989768981934,10278000
CP.TO,2011-07-21,11.736000061035156,11.918000221252441,11.699999809265137,11.868000030517578,10.259385108947754,2187000
CP.TO,2011-07-22,11.899999618530273,11.932000160217285,11.763999938964844,11.817999839782715,10.216165542602539,3028500
CP.TO,2011-07-25,11.727999687194824,11.970000267028809,11.663999557495117,11.895999908447266,10.283590316772461,2135500
CP.TO,2011-07-26,11.890000343322754,11.890000343322754,11.670000076293945,11.673999786376953,10.091680526733398,3581500
CP.TO,2011-07-27,11.670000076293945,11.920000076293945,11.600000381469727,11.600000381469727,10.027716636657715,3450000
CP.TO,2011-07-28,11.791999816894531,12.315999984741211,11.760000228881836,12.161999702453613,10.513534545898438,5617000
CP.TO,2011-07-29,12.050000190734863,12.241999626159668,11.9399995803833,12.20199966430664,10.548116683959961,3148500
CP.TO,2011-08-02,12.100000381469727,12.133999824523926,11.767999649047852,11.802000045776367,10.2023344039917,3393500
CP.TO,2011-08-03,11.723999977111816,12.020000457763672,11.631999969482422,12.010000228881836,10.3821439743042,3269500
CP.TO,2011-08-04,11.907999992370605,11.994000434875488,11.687999725341797,11.807999610900879,10.207521438598633,5603000
CP.TO,2011-08-05,11.800000190734863,11.855999946594238,11.362000465393066,11.631999969482422,10.055376052856445,6251000
CP.TO,2011-08-08,11.300000190734863,11.329999923706055,11.050000190734863,11.199999809265137,9.681928634643555,8709000
CP.TO,2011-08-09,11.180000305175781,11.59000015258789,11.12399959564209,11.564000129699707,9.996593475341797,12281500
CP.TO,2011-08-10,11.501999855041504,11.720000267028809,11.281999588012695,11.541999816894531,9.97757339477539,4077000
CP.TO,2011-08-11,11.543999671936035,11.788000106811523,11.359999656677246,11.72599983215332,10.136637687683105,4756000
CP.TO,2011-08-12,11.767999649047852,11.920000076293945,11.619999885559082,11.819999694824219,10.217893600463867,1884000
CP.TO,2011-08-15,11.833999633789062,11.97599983215332,11.770000457763672,11.78600025177002,10.188501358032227,1950500
CP.TO,2011-08-16,11.723999977111816,11.746000289916992,11.576000213623047,11.65999984741211,10.079582214355469,2798500
CP.TO,2011-08-17,11.60200023651123,11.779999732971191,11.508000373840332,11.581999778747559,10.012151718139648,2431000
CP.TO,2011-08-18,11.39799976348877,11.39799976348877,10.979999542236328,11.02400016784668,9.529783248901367,2871500
CP.TO,2011-08-19,10.970000267028809,11.156000137329102,10.723999977111816,10.75,9.292919158935547,5249000
CP.TO,2011-08-22,10.97599983215332,10.98799991607666,10.770000457763672,10.807999610900879,9.343064308166504,1923500
CP.TO,2011-08-23,10.904000282287598,11.04800033569336,10.727999687194824,11.045999526977539,9.548803329467773,3301000
CP.TO,2011-08-24,11.04800033569336,11.163999557495117,10.949999809265137,11.13599967956543,9.626606941223145,3823000
CP.TO,2011-08-25,11.140000343322754,11.222000122070312,10.979999542236328,11.026000022888184,9.531514167785645,2522000
CP.TO,2011-08-26,11.0,11.116000175476074,10.784000396728516,11.039999961853027,9.543615341186523,1406000
CP.TO,2011-08-29,11.100000381469727,11.300000190734863,11.03600025177002,11.27400016784668,9.745903968811035,1343500
CP.TO,2011-08-30,11.293999671936035,11.423999786376953,11.253999710083008,11.343999862670898,9.806412696838379,2628500
CP.TO,2011-08-31,11.4399995803833,11.510000228881836,11.187999725341797,11.248000144958496,9.723428726196289,3625000
CP.TO,2011-09-01,11.267999649047852,11.3100004196167,11.11400032043457,11.187999725341797,9.671553611755371,3701500
CP.TO,2011-09-02,11.010000228881836,11.022000312805176,10.843999862670898,10.920000076293945,9.439884185791016,2589500
CP.TO,2011-09-06,10.751999855041504,10.777999877929688,10.52400016784668,10.729999542236328,9.275632858276367,2764000
CP.TO,2011-09-07,10.842000007629395,10.913999557495117,10.741999626159668,10.913999557495117,9.434696197509766,1499500
CP.TO,2011-09-08,10.800000190734863,10.838000297546387,10.645999908447266,10.697999954223633,9.247967720031738,2442500
CP.TO,2011-09-09,10.583999633789062,10.649999618530273,10.25,10.319999694824219,8.921205520629883,3677000
CP.TO,2011-09-12,10.199999809265137,10.272000312805176,10.001999855041504,10.112000465393066,8.741398811340332,2298000
CP.TO,2011-09-13,10.156000137329102,10.454000473022461,10.12399959564209,10.362000465393066,8.957513809204102,1787500
CP.TO,2011-09-14,10.491999626159668,10.744000434875488,10.359999656677246,10.666000366210938,9.220309257507324,3551000
CP.TO,2011-09-15,10.765999794006348,10.791999816894531,10.543999671936035,10.685999870300293,9.23759651184082,2035500
CP.TO,2011-09-16,10.6899995803833,10.79800033569336,10.539999961853027,10.543999671936035,9.114843368530273,4817000
CP.TO,2011-09-19,10.381999969482422,10.449999809265137,10.208000183105469,10.270000457763672,8.877983093261719,2946000
CP.TO,2011-09-20,10.272000312805176,10.437999725341797,10.100000381469727,10.163999557495117,8.78635025024414,3573000
CP.TO,2011-09-21,10.194000244140625,10.196000099182129,9.576000213623047,9.576000213623047,8.278045654296875,6251500
CP.TO,2011-09-22,9.402000427246094,9.447999954223633,9.21399974822998,9.244000434875488,7.991046905517578,9606500
CP.TO,2011-09-23,9.258000373840332,9.75,9.20199966430664,9.718000411987305,8.400805473327637,4930500
CP.TO,2011-09-26,9.755999565124512,10.107999801635742,9.755999565124512,10.020000457763672,8.661870002746582,4557000
CP.TO,2011-09-27,10.279999732971191,10.279999732971191,9.97599983215332,10.0,8.644577026367188,4616000
CP.TO,2011-09-28,9.958000183105469,10.067999839782715,9.89799976348877,9.972000122070312,8.672411918640137,4129000
CP.TO,2011-09-29,10.107999801635742,10.380000114440918,10.092000007629395,10.343999862670898,8.995928764343262,4433500
CP.TO,2011-09-30,10.206000328063965,10.248000144958496,10.03600025177002,10.104000091552734,8.787206649780273,3355000
CP.TO,2011-10-03,10.020000457763672,10.020000457763672,9.670000076293945,9.70199966430664,8.43759536743164,6681000
CP.TO,2011-10-04,9.517999649047852,10.265999794006348,9.515999794006348,10.22599983215332,8.893309593200684,5000000
CP.TO,2011-10-05,10.149999618530273,10.527999877929688,10.149999618530273,10.404000282287598,9.048110961914062,3530000
CP.TO,2011-10-06,10.496000289916992,10.531999588012695,10.380000114440918,10.434000015258789,9.07419490814209,4025000
CP.TO,2011-10-07,10.368000030517578,10.597999572753906,10.368000030517578,10.454000473022461,9.091593742370605,3435000
CP.TO,2011-10-11,10.718000411987305,10.777999877929688,10.600000381469727,10.699999809265137,9.30553150177002,8000000
CP.TO,2011-10-12,10.795999526977539,10.904000282287598,10.637999534606934,10.902000427246094,9.48121166229248,2210000
CP.TO,2011-10-13,10.87600040435791,11.043999671936035,10.815999984741211,10.89799976348877,9.477727890014648,3000000
CP.TO,2011-10-14,11.0,11.008000373840332,10.805999755859375,10.880000114440918,9.462075233459473,2145000
CP.TO,2011-10-17,10.918000221252441,10.918000221252441,10.628000259399414,10.687999725341797,9.295098304748535,2735000
CP.TO,2011-10-18,10.619999885559082,11.244000434875488,10.619999885559082,11.215999603271484,9.754283905029297,4295000
CP.TO,2011-10-19,11.163999557495117,11.39799976348877,11.163999557495117,11.354000091552734,9.874300956726074,3745000
CP.TO,2011-10-20,11.359999656677246,11.583999633789062,11.34000015258789,11.47599983215332,9.9804048538208,6484000
CP.TO,2011-10-21,11.550000190734863,11.77400016784668,11.53600025177002,11.755999565124512,10.223913192749023,4291500
CP.TO,2011-10-24,11.800000190734863,11.965999603271484,11.800000190734863,11.965999603271484,10.40654182434082,4139500
CP.TO,2011-10-25,11.800000190734863,11.907999992370605,11.510000228881836,11.904000282287598,10.352625846862793,11443500
CP.TO,2011-10-26,11.802000045776367,11.979999542236328,11.767999649047852,11.965999603271484,10.40654182434082,7104500
CP.TO,2011-10-27,12.0600004196167,12.293999671936035,12.043999671936035,12.28600025177002,10.684840202331543,12631000
CP.TO,2011-10-28,12.251999855041504,12.878000259399414,12.1899995803833,12.760000228881836,11.097066879272461,11324500
CP.TO,2011-10-31,13.149999618530273,13.17199993133545,12.321999549865723,12.321999549865723,10.71614933013916,12368500
CP.TO,2011-11-01,12.0,12.579999923706055,11.930000305175781,12.501999855041504,10.872690200805664,9151000
CP.TO,2011-11-02,12.593999862670898,12.593999862670898,12.430000305175781,12.473999977111816,10.848341941833496,3789000
CP.TO,2011-11-03,12.489999771118164,12.539999961853027,12.423999786376953,12.48799991607666,10.860516548156738,4292000
CP.TO,2011-11-04,12.432000160217285,12.562000274658203,12.251999855041504,12.503999710083008,10.874430656433105,4578000
CP.TO,2011-11-07,12.4399995803833,12.631999969482422,12.4399995803833,12.550000190734863,10.91443157196045,2521500
CP.TO,2011-11-08,12.550000190734863,12.668000221252441,12.423999786376953,12.550000190734863,10.91443157196045,3155500
CP.TO,2011-11-09,12.399999618530273,12.517999649047852,12.321999549865723,12.357999801635742,10.74746036529541,5058500
CP.TO,2011-11-10,12.369999885559082,12.482000350952148,12.35200023651123,12.435999870300293,10.815289497375488,3258500
CP.TO,2011-11-11,12.5,12.576000213623047,12.491999626159668,12.539999961853027,10.905734062194824,2183500
CP.TO,2011-11-14,12.435999870300293,12.595999717712402,12.435999870300293,12.520000457763672,10.88834285736084,1640000
CP.TO,2011-11-15,12.460000038146973,12.564000129699707,12.381999969482422,12.503999710083008,10.874430656433105,2894000
CP.TO,2011-11-16,12.402000427246094,12.468000411987305,12.291999816894531,12.302000045776367,10.698755264282227,8000000
CP.TO,2011-11-17,12.25,12.276000022888184,12.069999694824219,12.12600040435791,10.54569149017334,2972000
CP.TO,2011-11-18,12.104000091552734,12.222000122070312,12.01200008392334,12.185999870300293,10.597874641418457,2260000
CP.TO,2011-11-21,12.026000022888184,12.076000213623047,11.899999618530273,11.949999809265137,10.39262866973877,4014500
CP.TO,2011-11-22,11.935999870300293,11.9399995803833,11.831999778747559,11.918000221252441,10.364799499511719,3237500
CP.TO,2011-11-23,11.814000129699707,11.82800006866455,11.70199966430664,11.746000289916992,10.215216636657715,1582000
CP.TO,2011-11-24,11.746000289916992,11.776000022888184,11.36400032043457,11.581999778747559,10.072591781616211,677500
CP.TO,2011-11-25,11.600000381469727,11.704000473022461,11.505999565124512,11.619999885559082,10.105634689331055,1028000
CP.TO,2011-11-28,11.776000022888184,11.979999542236328,11.765999794006348,11.958000183105469,10.39958381652832,3444000
CP.TO,2011-11-29,11.949999809265137,12.069999694824219,11.918000221252441,12.005999565124512,10.441327095031738,2800000
CP.TO,2011-11-30,12.119999885559082,12.324000358581543,12.100000381469727,12.291999816894531,10.690056800842285,2298500
CP.TO,2011-12-01,12.315999984741211,12.336000442504883,12.121999740600586,12.23799991607666,10.64309310913086,1873000
CP.TO,2011-12-02,12.321999549865723,12.5,12.321999549865723,12.461999893188477,10.837905883789062,1800500
CP.TO,2011-12-05,12.550000190734863,12.821999549865723,12.550000190734863,12.770000457763672,11.10576343536377,3160000
CP.TO,2011-12-06,12.817999839782715,12.878000259399414,12.746000289916992,12.75,11.08836841583252,2189500
CP.TO,2011-12-07,12.675999641418457,12.899999618530273,12.670000076293945,12.899999618530273,11.218817710876465,1640000
CP.TO,2011-12-08,12.843999862670898,12.97599983215332,12.807999610900879,12.9399995803833,11.253610610961914,1867500
CP.TO,2011-12-09,12.930000305175781,12.996000289916992,12.913999557495117,12.949999809265137,11.262304306030273,5531000
CP.TO,2011-12-12,12.857999801635742,12.968000411987305,12.843999862670898,12.968000411987305,11.277961730957031,2450000
CP.TO,2011-12-13,12.899999618530273,13.067999839782715,12.899999618530273,13.067999839782715,11.364927291870117,4915000
CP.TO,2011-12-14,13.095999717712402,13.173999786376953,12.961999893188477,13.100000381469727,11.392753601074219,7659000
CP.TO,2011-12-15,13.100000381469727,13.196000099182129,12.75,12.772000312805176,11.107500076293945,4270000
CP.TO,2011-12-16,12.838000297546387,12.994000434875488,12.791999816894531,12.805999755859375,11.13707160949707,4954000
CP.TO,2011-12-19,12.807999610900879,12.947999954223633,12.718000411987305,12.772000312805176,11.107500076293945,2712000
CP.TO,2011-12-20,12.87399959564209,13.017999649047852,12.788000106811523,12.956000328063965,11.267523765563965,2895500
CP.TO,2011-12-21,12.902000427246094,13.083999633789062,12.868000030517578,13.07800006866455,11.373621940612793,1365000
CP.TO,2011-12-22,13.039999961853027,13.168000221252441,13.039999961853027,13.15999984741211,11.444936752319336,1176000
CP.TO,2011-12-23,13.161999702453613,13.350000381469727,13.145999908447266,13.302000045776367,11.56843376159668,1378500
CP.TO,2011-12-28,13.20199966430664,13.255999565124512,13.07800006866455,13.246000289916992,11.571925163269043,1456500
CP.TO,2011-12-29,13.204000473022461,13.319999694824219,13.197999954223633,13.303999900817871,11.622598648071289,1345500
CP.TO,2011-12-30,13.350000381469727,13.890000343322754,13.338000297546387,13.802000045776367,12.057656288146973,3820500
CP.TO,2012-01-03,13.720000267028809,13.930000305175781,13.720000267028809,13.916000366210938,12.157251358032227,4919000
CP.TO,2012-01-04,13.859999656677246,14.12399959564209,13.859999656677246,14.119999885559082,12.33546257019043,6525500
CP.TO,2012-01-05,14.02400016784668,14.09000015258789,13.887999534606934,14.022000312805176,12.24985408782959,3623500
CP.TO,2012-01-06,13.934000015258789,13.960000038146973,13.739999771118164,13.815999984741211,12.069886207580566,2985500
CP.TO,2012-01-09,13.755999565124512,13.923999786376953,13.597999572753906,13.857999801635742,12.10658073425293,2475000
CP.TO,2012-01-10,13.866000175476074,14.029999732971191,13.734000205993652,13.734000205993652,11.998248100280762,2553500
CP.TO,2012-01-11,13.678000450134277,13.925999641418457,13.675999641418457,13.859999656677246,12.108322143554688,1930000
CP.TO,2012-01-12,13.800000190734863,14.020000457763672,13.800000190734863,14.020000457763672,12.248104095458984,2430500
CP.TO,2012-01-13,13.880000114440918,14.178000450134277,13.84000015258789,14.154000282287598,12.365169525146484,3330000
CP.TO,2012-01-16,14.10200023651123,14.170000076293945,13.954000473022461,14.005999565124512,12.235869407653809,980500
CP.TO,2012-01-17,13.920000076293945,14.14799976348877,13.920000076293945,14.107999801635742,12.324982643127441,3815000
CP.TO,2012-01-18,13.989999771118164,14.381999969482422,13.949999809265137,14.381999969482422,12.564355850219727,6639000
CP.TO,2012-01-19,14.359999656677246,14.736000061035156,14.359999656677246,14.520000457763672,12.68491268157959,5007500
CP.TO,2012-01-20,14.472000122070312,14.539999961853027,14.182000160217285,14.312000274658203,12.50320053100586,3035000
CP.TO,2012-01-23,14.289999961853027,14.37399959564209,14.10200023651123,14.291999816894531,12.48572826385498,3507000
CP.TO,2012-01-24,14.21399974822998,14.234000205993652,14.017999649047852,14.092000007629395,12.311004638671875,7500000
CP.TO,2012-01-25,14.119999885559082,14.37600040435791,13.989999771118164,14.329999923706055,12.518925666809082,9296000
CP.TO,2012-01-26,14.09000015258789,14.515999794006348,14.076000213623047,14.329999923706055,12.518925666809082,4071500
CP.TO,2012-01-27,14.319999694824219,14.52400016784668,14.279999732971191,14.29800033569336,12.490970611572266,3652000
CP.TO,2012-01-30,14.121999740600586,14.468000411987305,14.121999740600586,14.303999900817871,12.496211051940918,2383000
CP.TO,2012-01-31,14.305999755859375,14.456000328063965,14.27400016784668,14.302000045776367,12.494461059570312,2316500
CP.TO,2012-02-01,14.362000465393066,14.458000183105469,14.3100004196167,14.354000091552734,12.53989315032959,2965500
CP.TO,2012-02-02,14.315999984741211,14.434000015258789,14.281999588012695,14.368000030517578,12.55212116241455,2037000
CP.TO,2012-02-03,14.498000144958496,14.86400032043457,14.48799991607666,14.694000244140625,12.836921691894531,6415500
CP.TO,2012-02-06,14.633999824523926,15.0,14.579999923706055,14.868000030517578,12.988930702209473,4978000
CP.TO,2012-02-07,14.868000030517578,15.184000015258789,14.789999961853027,15.119999885559082,13.209087371826172,5618000
CP.TO,2012-02-08,15.062000274658203,15.42199993133545,15.062000274658203,15.305999755859375,13.371573448181152,8286000
CP.TO,2012-02-09,15.20199966430664,15.263999938964844,15.005999565124512,15.050000190734863,13.147927284240723,5836000
CP.TO,2012-02-10,14.925999641418457,15.03600025177002,14.777999877929688,14.984000205993652,13.090266227722168,4281500
CP.TO,2012-02-13,14.979999542236328,15.079999923706055,14.97599983215332,15.020000457763672,13.121725082397461,3833500
CP.TO,2012-02-14,14.958000183105469,15.0,14.777999877929688,14.935999870300293,13.048335075378418,3327500
CP.TO,2012-02-15,14.911999702453613,14.996000289916992,14.543999671936035,14.605999946594238,12.760043144226074,4009000
CP.TO,2012-02-16,14.553999900817871,14.649999618530273,14.489999771118164,14.576000213623047,12.733835220336914,4287000
CP.TO,2012-02-17,14.576000213623047,14.789999961853027,14.576000213623047,14.772000312805176,12.905061721801758,2702000
CP.TO,2012-02-21,14.77400016784668,14.878000259399414,14.755999565124512,14.821999549865723,12.94874382019043,1793500
CP.TO,2012-02-22,14.831999778747559,14.97599983215332,14.791999816894531,14.920000076293945,13.034358024597168,2889000
CP.TO,2012-02-23,14.871999740600586,14.890000343322754,14.776000022888184,14.866000175476074,12.987184524536133,1729500
CP.TO,2012-02-24,14.84000015258789,15.119999885559082,14.84000015258789,15.045999526977539,13.144434928894043,2322500
CP.TO,2012-02-27,14.972000122070312,15.029999732971191,14.89799976348877,14.996000289916992,13.100753784179688,1576500
CP.TO,2012-02-28,14.961999893188477,15.03600025177002,14.84000015258789,14.994000434875488,13.099008560180664,1480500
CP.TO,2012-02-29,14.961999893188477,15.027999877929688,14.734000205993652,14.82800006866455,12.953985214233398,2487500
CP.TO,2012-03-01,14.755999565124512,15.031999588012695,14.755999565124512,14.979999542236328,13.086772918701172,2287500
CP.TO,2012-03-02,14.942000389099121,15.015999794006348,14.817999839782715,14.87399959564209,12.994170188903809,1498000
CP.TO,2012-03-05,14.894000053405762,14.979999542236328,14.824000358581543,14.960000038146973,13.069302558898926,1097000
CP.TO,2012-03-06,14.881999969482422,14.881999969482422,14.362000465393066,14.449999809265137,12.623762130737305,3607500
CP.TO,2012-03-07,14.425999641418457,14.682000160217285,14.42199993133545,14.65999984741211,12.807217597961426,3368500
CP.TO,2012-03-08,14.777999877929688,14.892000198364258,14.65999984741211,14.845999717712402,12.969712257385254,2316500
CP.TO,2012-03-09,14.87600040435791,15.050000190734863,14.789999961853027,15.050000190734863,13.147927284240723,3893000
CP.TO,2012-03-12,15.02400016784668,15.069999694824219,14.996000289916992,15.0600004196167,13.156664848327637,2443500
CP.TO,2012-03-13,15.07800006866455,15.413999557495117,15.043999671936035,15.394000053405762,13.448453903198242,4107000
CP.TO,2012-03-14,15.39799976348877,15.430000305175781,14.996000289916992,15.065999984741211,13.161907196044922,2974500
CP.TO,2012-03-15,15.045999526977539,15.383999824523926,15.027999877929688,15.383999824523926,13.439717292785645,2233000
CP.TO,2012-03-16,15.381999969482422,15.501999855041504,15.333999633789062,15.454000473022461,13.500872611999512,6466000
CP.TO,2012-03-19,15.413999557495117,15.755999565124512,15.40999984741211,15.52400016784668,13.562028884887695,4750500
CP.TO,2012-03-20,15.411999702453613,15.505999565124512,15.234000205993652,15.383999824523926,13.439717292785645,1976500
CP.TO,2012-03-21,15.342000007629395,15.770000457763672,15.331999778747559,15.706000328063965,13.72102165222168,2254000
CP.TO,2012-03-22,15.609999656677246,15.645999908447266,15.444000244140625,15.631999969482422,13.65637493133545,2383000
CP.TO,2012-03-23,15.526000022888184,15.597999572753906,15.418000221252441,15.46399974822998,13.509602546691895,2110500
CP.TO,2012-03-26,15.501999855041504,15.814000129699707,15.489999771118164,15.781999588012695,13.787418365478516,1992000
CP.TO,2012-03-27,15.781999588012695,15.857999801635742,15.555999755859375,15.579999923706055,13.610947608947754,2065000
CP.TO,2012-03-28,15.5,15.529999732971191,15.145999908447266,15.303999900817871,13.421516418457031,2376000
CP.TO,2012-03-29,15.20199966430664,15.26200008392334,14.87600040435791,15.23799991607666,13.363631248474121,3990500
CP.TO,2012-03-30,15.244000434875488,15.38599967956543,15.116000175476074,15.142000198364258,13.279444694519043,2990000
CP.TO,2012-04-02,15.104000091552734,15.383999824523926,15.10200023651123,15.355999946594238,13.467118263244629,1437500
CP.TO,2012-04-03,15.289999961853027,15.38599967956543,15.175999641418457,15.251999855041504,13.3759126663208,3227000
CP.TO,2012-04-04,15.069999694824219,15.265999794006348,15.050000190734863,15.067999839782715,13.214545249938965,2190500
CP.TO,2012-04-05,14.994000434875488,15.017999649047852,14.800000190734863,15.0,13.1549072265625,2060000
CP.TO,2012-04-09,14.845999717712402,14.998000144958496,14.817999839782715,14.932000160217285,13.095272064208984,965000
CP.TO,2012-04-10,14.890000343322754,15.097999572753906,14.491999626159668,14.652000427246094,12.849716186523438,6276500
CP.TO,2012-04-11,14.807999610900879,14.90999984741211,14.711999893188477,14.880000114440918,13.049671173095703,4912500
CP.TO,2012-04-12,14.930000305175781,15.281999588012695,14.92199993133545,15.196000099182129,13.326804161071777,2104500
CP.TO,2012-04-13,15.194000244140625,15.220000267028809,15.017999649047852,15.133999824523926,13.272425651550293,1713000
CP.TO,2012-04-16,15.152000427246094,15.350000381469727,15.109999656677246,15.137999534606934,13.275934219360352,2885000
CP.TO,2012-04-17,15.133999824523926,15.140000343322754,14.934000015258789,15.022000312805176,13.174202919006348,3807000
CP.TO,2012-04-18,14.949999809265137,15.289999961853027,14.937999725341797,15.215999603271484,13.344340324401855,1382500
CP.TO,2012-04-19,15.25,15.510000228881836,15.149999618530273,15.206000328063965,13.33556842803955,2006000
CP.TO,2012-04-20,15.295999526977539,15.380000114440918,15.168000221252441,15.289999961853027,13.409236907958984,3251500
CP.TO,2012-04-23,15.052000045776367,15.118000030517578,14.812000274658203,14.842000007629395,13.016345024108887,3235500
CP.TO,2012-04-24,14.843999862670898,15.156000137329102,14.842000007629395,15.156000137329102,13.291719436645508,2155000
CP.TO,2012-04-25,15.196000099182129,15.293999671936035,15.07800006866455,15.223999977111816,13.351357460021973,1781000
CP.TO,2012-04-26,15.156000137329102,15.288000106811523,15.092000007629395,15.288000106811523,13.407487869262695,1197000
CP.TO,2012-04-27,15.21399974822998,15.354000091552734,15.105999946594238,15.336000442504883,13.449579238891602,2491500
CP.TO,2012-04-30,15.184000015258789,15.359999656677246,15.045999526977539,15.289999961853027,13.409236907958984,1220000
CP.TO,2012-05-01,15.321999549865723,15.562000274658203,15.321999549865723,15.46399974822998,13.5618314743042,1524500
CP.TO,2012-05-02,15.399999618530273,15.503999710083008,15.211999893188477,15.48799991607666,13.582880973815918,1962500
CP.TO,2012-05-03,15.402000427246094,15.4399995803833,15.220000267028809,15.244000434875488,13.368891716003418,1965000
CP.TO,2012-05-04,15.187999725341797,15.187999725341797,14.86400032043457,14.92199993133545,13.086503982543945,1509500
CP.TO,2012-05-07,14.803999900817871,15.04800033569336,14.718000411987305,14.89799976348877,13.065459251403809,2296000
CP.TO,2012-05-08,14.736000061035156,14.845999717712402,14.550000190734863,14.73799991607666,12.925139427185059,8713500
CP.TO,2012-05-09,14.59000015258789,14.692000389099121,14.517999649047852,14.649999618530273,12.847962379455566,3000000
CP.TO,2012-05-10,14.734000205993652,14.760000228881836,14.543999671936035,14.586000442504883,12.79183292388916,1910000
CP.TO,2012-05-11,14.569999694824219,14.75,14.5,14.675999641418457,12.870768547058105,2638500
CP.TO,2012-05-14,14.597999572753906,14.79800033569336,14.529999732971191,14.62600040435791,12.826913833618164,1715000
CP.TO,2012-05-15,14.628000259399414,14.854000091552734,14.586000442504883,14.833999633789062,13.009329795837402,1930500
CP.TO,2012-05-16,14.878000259399414,15.510000228881836,14.871999740600586,15.17199993133545,13.305752754211426,5000000
CP.TO,2012-05-17,15.428000450134277,15.57800006866455,15.194000244140625,15.302000045776367,13.419760704040527,13087500
CP.TO,2012-05-18,15.399999618530273,15.407999992370605,14.715999603271484,14.821999549865723,12.998804092407227,4545000
CP.TO,2012-05-22,15.041999816894531,15.255999565124512,14.920000076293945,14.984000205993652,13.140874862670898,4445000
CP.TO,2012-05-23,14.741999626159668,15.095999717712402,14.574000358581543,14.998000144958496,13.153158187866211,3696000
CP.TO,2012-05-24,14.954000473022461,15.552000045776367,14.954000473022461,15.449999809265137,13.54955768585205,22641000
CP.TO,2012-05-25,15.399999618530273,15.53600025177002,15.324000358581543,15.434000015258789,13.53552532196045,4475500
CP.TO,2012-05-28,15.303999900817871,15.383999824523926,15.003999710083008,15.104000091552734,13.246116638183594,2371500
CP.TO,2012-05-29,15.13599967956543,15.39799976348877,15.13599967956543,15.359999656677246,13.47062873840332,2089500
CP.TO,2012-05-30,15.260000228881836,15.289999961853027,14.989999771118164,15.015999794006348,13.168940544128418,2005500
CP.TO,2012-05-31,15.020000457763672,15.270000457763672,14.916000366210938,15.215999603271484,13.344340324401855,2641000
CP.TO,2012-06-01,15.197999954223633,15.197999954223633,14.692000389099121,14.739999771118164,12.92689037322998,4298500
CP.TO,2012-06-04,14.70199966430664,14.855999946594238,14.321999549865723,14.59000015258789,12.795342445373535,3440500
CP.TO,2012-06-05,14.618000030517578,14.637999534606934,14.423999786376953,14.479999542236328,12.698875427246094,1932500
CP.TO,2012-06-06,14.496000289916992,14.937999725341797,14.484000205993652,14.916000366210938,13.081241607666016,2766000
CP.TO,2012-06-07,15.029999732971191,15.079999923706055,14.807999610900879,14.87399959564209,13.044404983520508,2013000
CP.TO,2012-06-08,14.793999671936035,14.850000381469727,14.607999801635742,14.708000183105469,12.898826599121094,1860500
CP.TO,2012-06-11,14.767999649047852,14.869999885559082,14.71399974822998,14.77400016784668,12.956710815429688,1565000
CP.TO,2012-06-12,14.788000106811523,14.824000358581543,14.54800033569336,14.715999603271484,12.905842781066895,2076500
CP.TO,2012-06-13,14.710000038146973,14.833999633789062,14.57800006866455,14.666000366210938,12.861994743347168,1542000
CP.TO,2012-06-14,14.666000366210938,14.694000244140625,14.460000038146973,14.543999671936035,12.754999160766602,2978500
CP.TO,2012-06-15,14.597999572753906,14.767999649047852,14.597999572753906,14.675999641418457,12.870768547058105,3556000
CP.TO,2012-06-18,14.61400032043457,15.074000358581543,14.609999656677246,14.972000122070312,13.130352020263672,2099000
CP.TO,2012-06-19,14.954000473022461,15.185999870300293,14.935999870300293,14.984000205993652,13.140874862670898,1475500
CP.TO,2012-06-20,14.906000137329102,14.998000144958496,14.8100004196167,14.960000038146973,13.181408882141113,1517500
CP.TO,2012-06-21,14.960000038146973,15.100000381469727,14.838000297546387,14.850000381469727,13.084490776062012,2325000
CP.TO,2012-06-22,14.866000175476074,14.899999618530273,14.65999984741211,14.895999908447266,13.125018119812012,1464000
CP.TO,2012-06-25,14.663999557495117,14.791999816894531,14.600000381469727,14.678000450134277,12.932934761047363,1096500
CP.TO,2012-06-26,14.618000030517578,14.784000396728516,14.539999961853027,14.62600040435791,12.887120246887207,1302000
CP.TO,2012-06-27,14.607999801635742,14.715999603271484,14.399999618530273,14.562000274658203,12.83072280883789,2489000
CP.TO,2012-06-28,14.53600025177002,14.704000473022461,14.399999618530273,14.704000473022461,12.955848693847656,1657000
CP.TO,2012-06-29,14.854000091552734,14.984000205993652,14.789999961853027,14.944000244140625,13.167312622070312,2982000
CP.TO,2012-07-03,15.0600004196167,15.447999954223633,15.053999900817871,15.319999694824219,13.498611450195312,3130000
CP.TO,2012-07-04,15.220000267028809,15.272000312805176,15.149999618530273,15.161999702453613,13.359390258789062,513000
CP.TO,2012-07-05,15.178000450134277,15.350000381469727,15.149999618530273,15.152000427246094,13.350579261779785,2197000
CP.TO,2012-07-06,15.137999534606934,15.152000427246094,14.942000389099121,15.005999565124512,13.221940040588379,2823000
CP.TO,2012-07-09,15.038000106811523,15.067999839782715,14.821999549865723,14.890000343322754,13.119730949401855,1358500
CP.TO,2012-07-10,14.857999801635742,15.003999710083008,14.793999671936035,14.869999885559082,13.102107048034668,2232500
CP.TO,2012-07-11,14.821999549865723,14.878000259399414,14.645999908447266,14.736000061035156,12.984039306640625,3819000
CP.TO,2012-07-12,14.6899995803833,14.744000434875488,14.531999588012695,14.657999992370605,12.915312767028809,1723000
CP.TO,2012-07-13,14.706000328063965,15.12600040435791,14.673999786376953,15.069999694824219,13.278328895568848,7694500
CP.TO,2012-07-16,15.09000015258789,15.119999885559082,14.9399995803833,15.083999633789062,13.290665626525879,1856000
CP.TO,2012-07-17,15.112000465393066,15.223999977111816,15.062000274658203,15.17199993133545,13.368202209472656,2616500
CP.TO,2012-07-18,15.196000099182129,15.229999542236328,15.104000091552734,15.149999618530273,13.348822593688965,1294000
CP.TO,2012-07-19,15.119999885559082,15.293999671936035,15.081999778747559,15.293999671936035,13.475700378417969,10430500
CP.TO,2012-07-20,15.246000289916992,15.246000289916992,15.045999526977539,15.097999572753906,13.302996635437012,1282500
CP.TO,2012-07-23,14.904000282287598,15.097999572753906,14.894000053405762,15.0,13.216652870178223,1973500
CP.TO,2012-07-24,15.0,15.050000190734863,14.946000099182129,15.01200008392334,13.227226257324219,2210000
CP.TO,2012-07-25,15.031999588012695,15.899999618530273,15.027999877929688,15.793999671936035,13.916254043579102,6507000
CP.TO,2012-07-26,15.802000045776367,16.375999450683594,15.802000045776367,16.209999084472656,14.282793045043945,5191000
CP.TO,2012-07-27,16.222000122070312,16.714000701904297,16.197999954223633,16.63599967956543,14.658148765563965,5684000
CP.TO,2012-07-30,16.600000381469727,16.601999282836914,16.38800048828125,16.459999084472656,14.503071784973145,4109500
CP.TO,2012-07-31,16.474000930786133,16.535999298095703,16.26799964904785,16.302000045776367,14.363859176635742,2581000
CP.TO,2012-08-01,16.29800033569336,16.38599967956543,16.145999908447266,16.327999114990234,14.386767387390137,1978000
CP.TO,2012-08-02,16.275999069213867,16.393999099731445,16.106000900268555,16.312000274658203,14.372671127319336,1687000
CP.TO,2012-08-03,16.399999618530273,16.604000091552734,16.378000259399414,16.50200080871582,14.540082931518555,2948500
CP.TO,2012-08-07,16.600000381469727,16.916000366210938,16.576000213623047,16.84000015258789,14.837894439697266,3687500
CP.TO,2012-08-08,16.79800033569336,16.823999404907227,16.694000244140625,16.72800064086914,14.739212036132812,1956000
CP.TO,2012-08-09,16.711999893188477,16.799999237060547,16.68000030517578,16.739999771118164,14.74978256225586,1709000
CP.TO,2012-08-10,16.742000579833984,16.841999053955078,16.697999954223633,16.808000564575195,14.809699058532715,1977500
CP.TO,2012-08-13,16.856000900268555,16.856000900268555,16.691999435424805,16.851999282836914,14.848468780517578,905000
CP.TO,2012-08-14,16.8700008392334,16.895999908447266,16.70800018310547,16.729999542236328,14.740970611572266,1277500
CP.TO,2012-08-15,16.68000030517578,16.823999404907227,16.663999557495117,16.700000762939453,14.714539527893066,923500
CP.TO,2012-08-16,16.70199966430664,16.979999542236328,16.70199966430664,16.950000762939453,14.934820175170898,1593500
CP.TO,2012-08-17,16.95400047302246,17.0,16.923999786376953,16.996000289916992,14.975346565246582,1282500
CP.TO,2012-08-20,16.988000869750977,17.131999969482422,16.97800064086914,17.00200080871582,14.980634689331055,972500
CP.TO,2012-08-21,16.993999481201172,17.125999450683594,16.950000762939453,16.968000411987305,14.950677871704102,2483500
CP.TO,2012-08-22,16.899999618530273,16.983999252319336,16.770000457763672,16.832000732421875,14.830845832824707,973500
CP.TO,2012-08-23,16.780000686645508,16.81599998474121,16.555999755859375,16.68199920654297,14.698681831359863,1451500
CP.TO,2012-08-24,16.714000701904297,16.714000701904297,16.606000900268555,16.68000030517578,14.696920394897461,1248500
CP.TO,2012-08-27,16.639999389648438,16.72599983215332,16.469999313354492,16.577999114990234,14.607041358947754,1083500
CP.TO,2012-08-28,16.558000564575195,16.56999969482422,16.408000946044922,16.468000411987305,14.510120391845703,1835500
CP.TO,2012-08-29,16.511999130249023,16.511999130249023,16.31599998474121,16.445999145507812,14.490740776062012,1675500
CP.TO,2012-08-30,16.395999908447266,16.440000534057617,16.299999237060547,16.3799991607666,14.432588577270508,1013500
CP.TO,2012-08-31,16.381999969482422,16.450000762939453,16.263999938964844,16.29599952697754,14.358572959899902,1309000
CP.TO,2012-09-04,16.277999877929688,16.277999877929688,16.1560001373291,16.266000747680664,14.332138061523438,3391000
CP.TO,2012-09-05,16.222000122070312,16.378000259399414,16.18600082397461,16.222000122070312,14.293365478515625,1221000
CP.TO,2012-09-06,16.20199966430664,16.507999420166016,16.20199966430664,16.507999420166016,14.545368194580078,1825000
CP.TO,2012-09-07,16.422000885009766,16.535999298095703,16.29400062561035,16.511999130249023,14.548891067504883,1950000
CP.TO,2012-09-10,16.513999938964844,16.59000015258789,16.420000076293945,16.527999877929688,14.56298828125,949000
CP.TO,2012-09-11,16.5,16.583999633789062,16.450000762939453,16.54199981689453,14.575325965881348,1678000
CP.TO,2012-09-12,16.558000564575195,16.73200035095215,16.558000564575195,16.70400047302246,14.718069076538086,1185000
CP.TO,2012-09-13,16.694000244140625,16.70800018310547,16.555999755859375,16.631999969482422,14.654623985290527,1497500
CP.TO,2012-09-14,16.761999130249023,17.1200008392334,16.761999130249023,17.04400062561035,15.0176420211792,2596500
CP.TO,2012-09-17,17.04800033569336,17.07200050354004,16.631999969482422,16.642000198364258,14.663437843322754,1527500
CP.TO,2012-09-18,16.639999389648438,16.639999389648438,16.257999420166016,16.27400016784668,14.339190483093262,2235000
CP.TO,2012-09-19,16.29199981689453,16.643999099731445,16.172000885009766,16.583999633789062,14.612332344055176,1948500
CP.TO,2012-09-20,16.270000457763672,16.398000717163086,16.054000854492188,16.149999618530273,14.229931831359863,3226000
CP.TO,2012-09-21,16.197999954223633,16.26799964904785,16.006000518798828,16.006000518798828,14.103047370910645,4940000
CP.TO,2012-09-24,16.006000518798828,16.615999221801758,16.006000518798828,16.479999542236328,14.5206937789917,2518000
CP.TO,2012-09-25,16.5939998626709,16.5939998626709,16.416000366210938,16.461999893188477,14.504836082458496,1671000
CP.TO,2012-09-26,16.332000732421875,16.511999130249023,16.288000106811523,16.42799949645996,14.536689758300781,1596000
CP.TO,2012-09-27,16.577999114990234,16.618000030517578,16.426000595092773,16.468000411987305,14.5720853805542,1515500
CP.TO,2012-09-28,16.399999618530273,16.444000244140625,16.166000366210938,16.31800079345703,14.439350128173828,2043000
CP.TO,2012-10-01,16.32200050354004,16.56999969482422,16.257999420166016,16.527999877929688,14.625178337097168,1813500
CP.TO,2012-10-02,16.56399917602539,16.851999282836914,16.531999588012695,16.851999282836914,14.911877632141113,2945000
CP.TO,2012-10-03,16.860000610351562,17.035999298095703,16.809999465942383,17.00200080871582,15.044607162475586,3216500
CP.TO,2012-10-04,17.04800033569336,17.219999313354492,16.983999252319336,17.097999572753906,15.12955093383789,2074500
CP.TO,2012-10-05,17.101999282836914,17.417999267578125,17.101999282836914,17.395999908447266,15.393248558044434,2720000
CP.TO,2012-10-09,17.280000686645508,17.468000411987305,17.25200080871582,17.299999237060547,15.30829906463623,4842500
CP.TO,2012-10-10,17.25,17.375999450683594,17.229999542236328,17.266000747680664,15.278223037719727,4498500
CP.TO,2012-10-11,17.34000015258789,17.381999969482422,17.260000228881836,17.281999588012695,15.292377471923828,1669000
CP.TO,2012-10-12,17.27400016784668,17.399999618530273,17.238000869750977,17.399999618530273,15.396790504455566,2002500
CP.TO,2012-10-15,17.341999053955078,17.577999114990234,17.290000915527344,17.577999114990234,15.554302215576172,2469000
CP.TO,2012-10-16,17.600000381469727,17.993999481201172,17.600000381469727,17.993999481201172,15.922402381896973,4259000
CP.TO,2012-10-17,18.0,18.011999130249023,17.676000595092773,17.760000228881836,15.715340614318848,4001500
CP.TO,2012-10-18,17.66200065612793,17.986000061035156,17.66200065612793,17.857999801635742,15.80204963684082,3128500
CP.TO,2012-10-19,17.799999237060547,17.84600067138672,17.51799964904785,17.68199920654297,15.646323204040527,1842000
CP.TO,2012-10-22,17.447999954223633,17.709999084472656,17.447999954223633,17.6200008392334,15.591461181640625,2070000
CP.TO,2012-10-23,17.48200035095215,17.59600067138672,17.118000030517578,17.577999114990234,15.554302215576172,2337000
CP.TO,2012-10-24,17.899999618530273,18.781999588012695,17.829999923706055,18.63599967956543,16.4904842376709,11500000
CP.TO,2012-10-25,18.36400032043457,18.56999969482422,18.27400016784668,18.393999099731445,16.276351928710938,3972500
CP.TO,2012-10-26,18.34000015258789,18.437999725341797,18.285999298095703,18.360000610351562,16.246265411376953,3197000
CP.TO,2012-10-29,18.27400016784668,18.371999740600586,17.941999435424805,18.195999145507812,16.101146697998047,768000
CP.TO,2012-10-30,18.06399917602539,18.371999740600586,18.06399917602539,18.33799934387207,16.22679328918457,1610500
CP.TO,2012-10-31,18.336000442504883,18.440000534057617,18.329999923706055,18.375999450683594,16.260427474975586,1979000
CP.TO,2012-11-01,18.384000778198242,18.79599952697754,18.31599998474121,18.79599952697754,16.632070541381836,2578000
CP.TO,2012-11-02,18.742000579833984,18.88800048828125,18.68000030517578,18.742000579833984,16.584285736083984,2219000
CP.TO,2012-11-05,18.729999542236328,18.777999877929688,18.6200008392334,18.667999267578125,16.5188045501709,1018000
CP.TO,2012-11-06,18.68199920654297,18.700000762939453,18.525999069213867,18.573999404907227,16.435638427734375,2542500
CP.TO,2012-11-07,18.496000289916992,18.597999572753906,18.25200080871582,18.381999969482422,16.265729904174805,1569500
CP.TO,2012-11-08,18.398000717163086,18.40999984741211,18.079999923706055,18.110000610351562,16.025047302246094,1394000
CP.TO,2012-11-09,18.0,18.166000366210938,17.898000717163086,18.020000457763672,15.94540786743164,1956000
CP.TO,2012-11-12,18.040000915527344,18.24799919128418,17.950000762939453,18.219999313354492,16.12238311767578,2350000
CP.TO,2012-11-13,18.211999893188477,18.6299991607666,18.163999557495117,18.41200065612793,16.292280197143555,1548000
CP.TO,2012-11-14,18.437999725341797,18.464000701904297,18.20800018310547,18.23200035095215,16.132999420166016,3963000
CP.TO,2012-11-15,18.106000900268555,18.48200035095215,18.030000686645508,18.09000015258789,16.007349014282227,2221500
CP.TO,2012-11-16,18.100000381469727,18.11199951171875,17.899999618530273,18.040000915527344,15.963105201721191,2146500
CP.TO,2012-11-19,18.08799934387207,18.50200080871582,18.08799934387207,18.492000579833984,16.36307144165039,2934000
CP.TO,2012-11-20,18.483999252319336,18.639999389648438,18.357999801635742,18.45199966430664,16.327678680419922,2461000
CP.TO,2012-11-21,18.389999389648438,18.52400016784668,18.34600067138672,18.479999542236328,16.352458953857422,1593000
CP.TO,2012-11-22,18.479999542236328,18.610000610351562,18.450000762939453,18.577999114990234,16.43916893005371,250500
CP.TO,2012-11-23,18.50200080871582,18.649999618530273,18.472000122070312,18.5,16.370147705078125,778000
CP.TO,2012-11-26,18.56999969482422,18.56999969482422,18.333999633789062,18.447999954223633,16.324132919311523,2730000
CP.TO,2012-11-27,18.468000411987305,18.47599983215332,18.350000381469727,18.40999984741211,16.290510177612305,2127000
CP.TO,2012-11-28,18.398000717163086,18.489999771118164,18.242000579833984,18.450000762939453,16.325899124145508,1993500
CP.TO,2012-11-29,18.472000122070312,18.576000213623047,18.416000366210938,18.576000213623047,16.43740463256836,3057000
CP.TO,2012-11-30,18.496000289916992,18.634000778198242,18.350000381469727,18.540000915527344,16.40553855895996,3429500
CP.TO,2012-12-03,18.489999771118164,18.552000045776367,18.20199966430664,18.270000457763672,16.1666259765625,3903500
CP.TO,2012-12-04,18.167999267578125,18.75,18.13800048828125,18.600000381469727,16.458637237548828,2917500
CP.TO,2012-12-05,18.780000686645508,19.607999801635742,18.77400016784668,19.36400032043457,17.134674072265625,9957000
CP.TO,2012-12-06,19.510000228881836,19.983999252319336,19.496000289916992,19.856000900268555,17.570030212402344,4687000
CP.TO,2012-12-07,19.799999237060547,19.923999786376953,19.483999252319336,19.540000915527344,17.29041862487793,5723500
CP.TO,2012-12-10,19.648000717163086,19.95800018310547,19.559999465942383,19.92799949645996,17.633745193481445,3272500
CP.TO,2012-12-11,19.989999771118164,20.170000076293945,19.695999145507812,19.836000442504883,17.552335739135742,2964000
CP.TO,2012-12-12,19.81399917602539,19.8799991607666,19.648000717163086,19.714000701904297,17.444385528564453,2217500
CP.TO,2012-12-13,19.643999099731445,19.81599998474121,19.59600067138672,19.709999084472656,17.440841674804688,1643000
CP.TO,2012-12-14,19.63800048828125,19.746000289916992,19.601999282836914,19.746000289916992,17.472700119018555,3313500
CP.TO,2012-12-17,19.68400001525879,19.79199981689453,19.43000030517578,19.5939998626709,17.338197708129883,2908000
CP.TO,2012-12-18,19.63800048828125,19.799999237060547,19.450000762939453,19.763999938964844,17.488630294799805,6009000
CP.TO,2012-12-19,19.70199966430664,20.0,19.56599998474121,19.950000762939453,17.653217315673828,2971000
CP.TO,2012-12-20,19.920000076293945,20.299999237060547,19.68600082397461,20.26799964904785,17.934608459472656,3087000
CP.TO,2012-12-21,20.200000762939453,20.36199951171875,20.06599998474121,20.195999145507812,17.870895385742188,4319000
CP.TO,2012-12-24,20.107999801635742,20.176000595092773,20.007999420166016,20.163999557495117,17.90462875366211,767000
CP.TO,2012-12-27,20.034000396728516,20.256000518798828,19.974000930786133,20.239999771118164,17.972118377685547,1473500
CP.TO,2012-12-28,20.139999389648438,20.20199966430664,20.06999969482422,20.100000381469727,17.847808837890625,1354500
CP.TO,2012-12-31,20.04199981689453,20.29800033569336,20.031999588012695,20.18000030517578,17.91884422302246,1375000
CP.TO,2013-01-02,20.479999542236328,21.040000915527344,20.42799949645996,20.81999969482422,18.487125396728516,2815500
CP.TO,2013-01-03,20.746000289916992,21.142000198364258,20.711999893188477,20.99799919128418,18.645183563232422,2739000
CP.TO,2013-01-04,20.899999618530273,21.257999420166016,20.899999618530273,21.215999603271484,18.838756561279297,2643500
CP.TO,2013-01-07,21.101999282836914,21.22599983215332,21.0,21.110000610351562,18.74463653564453,2546000
CP.TO,2013-01-08,21.049999237060547,21.54199981689453,21.049999237060547,21.474000930786133,19.06784439086914,4378000
CP.TO,2013-01-09,21.440000534057617,21.719999313354492,21.360000610351562,21.670000076293945,19.24188995361328,3856000
CP.TO,2013-01-10,21.649999618530273,21.836000442504883,21.461999893188477,21.79599952697754,19.35376739501953,3202500
CP.TO,2013-01-11,21.799999237060547,22.020000457763672,21.70599937438965,21.93600082397461,19.47808265686035,3294000
CP.TO,2013-01-14,21.88800048828125,21.99799919128418,21.733999252319336,21.860000610351562,19.410594940185547,2475000
CP.TO,2013-01-15,21.66200065612793,21.823999404907227,21.649999618530273,21.757999420166016,19.32002830505371,3869000
CP.TO,2013-01-16,21.68199920654297,21.97800064086914,21.667999267578125,21.920000076293945,19.4638729095459,1838500
CP.TO,2013-01-17,21.899999618530273,21.988000869750977,21.739999771118164,21.753999710083008,19.31647491455078,2546500
CP.TO,2013-01-18,21.711999893188477,21.895999908447266,21.711999893188477,21.833999633789062,19.38751220703125,3452500
CP.TO,2013-01-21,21.753999710083008,21.83799934387207,21.709999084472656,21.804000854492188,19.360876083374023,2615000
CP.TO,2013-01-22,21.736000061035156,22.054000854492188,21.733999252319336,22.030000686645508,19.561548233032227,2089000
CP.TO,2013-01-23,21.93400001525879,22.31399917602539,21.93400001525879,22.20800018310547,19.7196044921875,1902500
CP.TO,2013-01-24,22.197999954223633,22.70800018310547,22.091999053955078,22.68400001525879,20.142271041870117,2550500
CP.TO,2013-01-25,22.676000595092773,22.77400016784668,22.440000534057617,22.527999877929688,20.003747940063477,2330000
CP.TO,2013-01-28,22.56800079345703,22.84000015258789,22.5,22.554000854492188,20.026830673217773,2386000
CP.TO,2013-01-29,22.488000869750977,23.714000701904297,22.329999923706055,23.243999481201172,20.639522552490234,6634000
CP.TO,2013-01-30,23.0,23.128000259399414,22.714000701904297,22.950000762939453,20.378463745117188,2235500
CP.TO,2013-01-31,22.920000076293945,23.20199966430664,22.799999237060547,23.030000686645508,20.449504852294922,3586000
CP.TO,2013-02-01,23.253999710083008,23.275999069213867,23.058000564575195,23.1560001373291,20.561382293701172,1749000
CP.TO,2013-02-04,22.81999969482422,23.115999221801758,22.70800018310547,22.70800018310547,20.163578033447266,2447500
CP.TO,2013-02-05,22.766000747680664,22.944000244140625,22.649999618530273,22.667999267578125,20.12806510925293,2285500
CP.TO,2013-02-06,22.579999923706055,22.663999557495117,22.42799949645996,22.606000900268555,20.073015213012695,3268500
CP.TO,2013-02-07,22.606000900268555,22.742000579833984,22.464000701904297,22.66200065612793,20.122730255126953,2697000
CP.TO,2013-02-08,22.652000427246094,22.75200080871582,22.56999969482422,22.75200080871582,20.202646255493164,2041000
CP.TO,2013-02-11,22.753999710083008,23.285999298095703,22.753999710083008,23.194000244140625,20.595121383666992,1546500
CP.TO,2013-02-12,23.158000946044922,23.61400032043457,23.131999969482422,23.56599998474121,20.925439834594727,1791000
CP.TO,2013-02-13,23.511999130249023,23.790000915527344,23.511999130249023,23.666000366210938,21.014244079589844,2099000
CP.TO,2013-02-14,23.58799934387207,23.917999267578125,23.525999069213867,23.898000717163086,21.220232009887695,2355500
CP.TO,2013-02-15,23.86199951171875,24.049999237060547,23.86199951171875,23.926000595092773,21.245107650756836,2448000
CP.TO,2013-02-19,23.922000885009766,24.18199920654297,23.922000885009766,24.176000595092773,21.46709632873535,2119500
CP.TO,2013-02-20,24.149999618530273,24.378000259399414,23.950000762939453,24.013999938964844,21.323240280151367,2388500
CP.TO,2013-02-21,23.91200065612793,23.97599983215332,23.68000030517578,23.836000442504883,21.165193557739258,1646500
CP.TO,2013-02-22,23.93199920654297,24.260000228881836,23.923999786376953,24.13800048828125,21.433351516723633,1444000
CP.TO,2013-02-25,24.200000762939453,24.492000579833984,24.011999130249023,24.077999114990234,21.380075454711914,2890500
CP.TO,2013-02-26,24.08799934387207,24.238000869750977,23.95199966430664,24.145999908447266,21.440454483032227,1641000
CP.TO,2013-02-27,24.100000381469727,25.054000854492188,24.097999572753906,24.916000366210938,22.12417984008789,3806500
CP.TO,2013-02-28,24.88800048828125,25.124000549316406,24.856000900268555,25.09000015258789,22.2786808013916,5691500
CP.TO,2013-03-01,25.0,25.483999252319336,24.899999618530273,25.378000259399414,22.534406661987305,2336500
CP.TO,2013-03-04,25.399999618530273,25.940000534057617,25.29599952697754,25.719999313354492,22.83808708190918,2376500
CP.TO,2013-03-05,25.899999618530273,26.281999588012695,25.836000442504883,25.884000778198242,22.983713150024414,2373000
CP.TO,2013-03-06,25.979999542236328,26.26799964904785,25.923999786376953,25.959999084472656,23.051191329956055,1986000
CP.TO,2013-03-07,25.93400001525879,26.257999420166016,25.92799949645996,26.197999954223633,23.26252555847168,1560500
CP.TO,2013-03-08,26.299999237060547,26.393999099731445,25.802000045776367,25.95400047302246,23.045869827270508,2862500
CP.TO,2013-03-11,25.91200065612793,26.197999954223633,25.899999618530273,26.055999755859375,23.13643455505371,1338000
CP.TO,2013-03-12,26.04199981689453,26.239999771118164,25.856000900268555,25.983999252319336,23.0725040435791,1841500
CP.TO,2013-03-13,25.98200035095215,26.13599967956543,25.86199951171875,26.06800079345703,23.147096633911133,2033500
CP.TO,2013-03-14,26.02199935913086,26.09000015258789,25.780000686645508,25.996000289916992,23.08316421508789,1933000
CP.TO,2013-03-15,25.968000411987305,26.239999771118164,25.874000549316406,25.878000259399414,22.97838592529297,3998000
CP.TO,2013-03-18,25.74799919128418,25.947999954223633,25.610000610351562,25.757999420166016,22.87183380126953,1873000
CP.TO,2013-03-19,25.718000411987305,26.0,25.718000411987305,25.926000595092773,23.021011352539062,2405500
CP.TO,2013-03-20,25.961999893188477,26.399999618530273,25.940000534057617,26.399999618530273,23.441896438598633,2825500
CP.TO,2013-03-21,26.170000076293945,26.260000228881836,25.827999114990234,25.847999572753906,22.951744079589844,2784500
CP.TO,2013-03-22,25.892000198364258,26.059999465942383,25.760000228881836,25.868000030517578,22.969501495361328,1311500
CP.TO,2013-03-25,25.97599983215332,26.097999572753906,25.530000686645508,25.61199951171875,22.742191314697266,1708500
CP.TO,2013-03-26,25.559999465942383,25.944000244140625,25.559999465942383,25.899999618530273,23.060943603515625,1602000
CP.TO,2013-03-27,25.878000259399414,26.08799934387207,25.6560001373291,25.812000274658203,22.98259162902832,2135500
CP.TO,2013-03-28,25.812000274658203,26.583999633789062,25.812000274658203,26.507999420166016,23.6023006439209,4267000
CP.TO,2013-04-01,26.492000579833984,26.5,25.799999237060547,25.799999237060547,22.971906661987305,2482000
CP.TO,2013-04-02,25.827999114990234,25.968000411987305,25.134000778198242,25.26799964904785,22.49821662902832,3774000
CP.TO,2013-04-03,25.1200008392334,25.290000915527344,24.440000534057617,24.50200080871582,21.816190719604492,3458500
CP.TO,2013-04-04,24.41200065612793,24.511999130249023,24.121999740600586,24.333999633789062,21.666603088378906,3142500
CP.TO,2013-04-05,23.802000045776367,24.642000198364258,23.649999618530273,24.56399917602539,21.871389389038086,4461500
CP.TO,2013-04-08,24.520000457763672,25.035999298095703,24.520000457763672,24.993999481201172,22.254257202148438,2444500
CP.TO,2013-04-09,25.058000564575195,25.173999786376953,24.54400062561035,24.57200050354004,21.878517150878906,2880500
CP.TO,2013-04-10,24.573999404907227,24.92799949645996,24.549999237060547,24.8439998626709,22.12070083618164,4375000
CP.TO,2013-04-11,24.757999420166016,25.233999252319336,24.643999099731445,24.961999893188477,22.22576904296875,1878000
CP.TO,2013-04-12,24.784000396728516,25.20400047302246,24.70400047302246,25.121999740600586,22.368228912353516,1286000
CP.TO,2013-04-15,25.076000213623047,25.194000244140625,24.224000930786133,24.285999298095703,21.62386131286621,4472500
CP.TO,2013-04-16,24.299999237060547,24.781999588012695,24.299999237060547,24.76799964904785,22.053035736083984,1753500
CP.TO,2013-04-17,24.615999221801758,24.70199966430664,24.121999740600586,24.384000778198242,21.71112632751465,2287500
CP.TO,2013-04-18,24.32200050354004,24.742000579833984,24.172000885009766,24.520000457763672,21.832212448120117,2610000
CP.TO,2013-04-19,24.450000762939453,24.979999542236328,24.43000030517578,24.841999053955078,22.11891746520996,2123000
CP.TO,2013-04-22,24.841999053955078,25.266000747680664,24.74799919128418,25.09000015258789,22.339733123779297,1331000
CP.TO,2013-04-23,25.100000381469727,25.673999786376953,24.889999389648438,25.246000289916992,22.4786376953125,2414500
CP.TO,2013-04-24,25.371999740600586,25.52199935913086,24.84600067138672,24.945999145507812,22.211519241333008,1796000
CP.TO,2013-04-25,25.18000030517578,25.200000762939453,24.892000198364258,25.124000549316406,22.370012283325195,1660000
CP.TO,2013-04-26,25.097999572753906,25.239999771118164,24.979999542236328,25.1299991607666,22.37535285949707,1494000
CP.TO,2013-04-29,25.195999145507812,25.365999221801758,25.040000915527344,25.167999267578125,22.409183502197266,1536500
CP.TO,2013-04-30,25.06399917602539,25.176000595092773,24.823999404907227,25.11199951171875,22.35932159423828,1578500
CP.TO,2013-05-01,25.197999954223633,25.197999954223633,24.535999298095703,24.631999969482422,21.931943893432617,2667000
CP.TO,2013-05-02,24.5939998626709,25.420000076293945,24.5939998626709,25.327999114990234,22.55164909362793,1910500
CP.TO,2013-05-03,25.552000045776367,26.030000686645508,25.3799991607666,25.444000244140625,22.654932022094727,1801000
CP.TO,2013-05-06,25.628000259399414,25.74799919128418,25.375999450683594,25.552000045776367,22.751089096069336,1007000
CP.TO,2013-05-07,25.663999557495117,26.040000915527344,25.618000030517578,25.941999435424805,23.09833526611328,4256000
CP.TO,2013-05-08,25.8799991607666,26.350000381469727,25.8799991607666,26.305999755859375,23.422439575195312,1513000
CP.TO,2013-05-09,26.214000701904297,26.600000381469727,25.739999771118164,25.804000854492188,22.97547149658203,3229500
CP.TO,2013-05-10,25.82200050354004,26.187999725341797,25.799999237060547,26.010000228881836,23.158899307250977,1341000
CP.TO,2013-05-13,26.00200080871582,26.459999084472656,25.68400001525879,26.239999771118164,23.36367416381836,1410000
CP.TO,2013-05-14,26.398000717163086,27.413999557495117,26.308000564575195,27.381999969482422,24.380496978759766,2683000
CP.TO,2013-05-15,27.27400016784668,27.56399917602539,27.214000701904297,27.329999923706055,24.33419418334961,1794000
CP.TO,2013-05-16,27.341999053955078,27.989999771118164,27.329999923706055,27.75,24.708152770996094,4394500
CP.TO,2013-05-17,27.658000946044922,28.552000045776367,27.658000946044922,28.483999252319336,25.361698150634766,2470500
CP.TO,2013-05-21,28.076000213623047,28.527999877929688,27.983999252319336,27.993999481201172,24.92540740966797,2682000
CP.TO,2013-05-22,28.11400032043457,28.88599967956543,27.874000549316406,27.95199966430664,24.888015747070312,2424500
CP.TO,2013-05-23,27.697999954223633,27.697999954223633,27.170000076293945,27.368000030517578,24.368030548095703,2217000
CP.TO,2013-05-24,27.200000762939453,27.63599967956543,27.200000762939453,27.634000778198242,24.60487174987793,1539500
CP.TO,2013-05-27,27.624000549316406,27.631999969482422,27.299999237060547,27.3700008392334,24.369815826416016,404000
CP.TO,2013-05-28,27.780000686645508,28.389999389648438,27.775999069213867,27.8799991607666,24.823904037475586,2373000
CP.TO,2013-05-29,27.700000762939453,27.881999969482422,27.257999420166016,27.697999954223633,24.661853790283203,1409500
CP.TO,2013-05-30,27.93199920654297,28.086000442504883,27.697999954223633,27.77400016784668,24.72952651977539,990500
CP.TO,2013-05-31,27.583999633789062,27.892000198364258,27.360000610351562,27.56800079345703,24.54610252380371,1883000
CP.TO,2013-06-03,27.666000366210938,27.673999786376953,27.055999755859375,27.100000381469727,24.129398345947266,3451000
CP.TO,2013-06-04,25.739999771118164,26.77400016784668,25.70599937438965,26.351999282836914,23.46339225769043,4794000
CP.TO,2013-06-05,25.799999237060547,26.15999984741211,25.083999633789062,25.200000762939453,22.43767547607422,4825500
CP.TO,2013-06-06,25.003999710083008,25.829999923706055,24.847999572753906,25.760000228881836,22.93630027770996,3220500
CP.TO,2013-06-07,25.756000518798828,26.381999969482422,25.687999725341797,25.832000732421875,23.000402450561523,2515000
CP.TO,2013-06-10,25.799999237060547,26.013999938964844,25.29400062561035,25.371999740600586,22.5908260345459,1529000
CP.TO,2013-06-11,25.007999420166016,25.45800018310547,24.97599983215332,25.139999389648438,22.384262084960938,2146000
CP.TO,2013-06-12,25.20800018310547,25.422000885009766,25.0,25.09000015258789,22.339733123779297,1481500
CP.TO,2013-06-13,24.947999954223633,25.375999450683594,24.663999557495117,25.31399917602539,22.53917694091797,1826500
CP.TO,2013-06-14,25.219999313354492,25.43600082397461,24.97800064086914,25.158000946044922,22.40028190612793,1659000
CP.TO,2013-06-17,25.34600067138672,25.381999969482422,24.923999786376953,24.965999603271484,22.229328155517578,1559500
CP.TO,2013-06-18,24.972000122070312,25.450000762939453,24.940000534057617,25.43000030517578,22.642475128173828,1525000
CP.TO,2013-06-19,25.333999633789062,25.739999771118164,25.285999298095703,25.489999771118164,22.69588851928711,1943500
CP.TO,2013-06-20,25.20400047302246,25.351999282836914,24.875999450683594,24.937999725341797,22.204391479492188,2940000
CP.TO,2013-06-21,25.101999282836914,25.195999145507812,24.68199920654297,24.81999969482422,22.099334716796875,4093000
CP.TO,2013-06-24,24.50200080871582,24.670000076293945,24.025999069213867,24.43600082397461,21.757427215576172,2355500
CP.TO,2013-06-25,24.540000915527344,25.308000564575195,24.47599983215332,25.302000045776367,22.52849769592285,1793500
CP.TO,2013-06-26,25.299999237060547,25.582000732421875,25.09600067138672,25.464000701904297,22.73564338684082,1348500
CP.TO,2013-06-27,25.486000061035156,25.63800048828125,25.29400062561035,25.29400062561035,22.583852767944336,1434500
CP.TO,2013-06-28,25.29400062561035,25.709999084472656,25.104000091552734,25.506000518798828,22.773136138916016,1708000
CP.TO,2013-07-02,25.746000289916992,26.17799949645996,25.663999557495117,25.908000946044922,23.13206672668457,1149500
CP.TO,2013-07-03,25.785999298095703,25.827999114990234,25.219999313354492,25.597999572753906,22.855281829833984,942500
CP.TO,2013-07-04,25.6200008392334,25.75,25.323999404907227,25.54800033569336,22.810644149780273,197500
CP.TO,2013-07-05,25.49799919128418,25.694000244140625,25.304000854492188,25.441999435424805,22.715993881225586,1042000
CP.TO,2013-07-08,25.197999954223633,25.506000518798828,24.972000122070312,25.33799934387207,22.623136520385742,1489000
CP.TO,2013-07-09,25.3439998626709,25.785999298095703,25.3439998626709,25.695999145507812,22.94277572631836,1842000
CP.TO,2013-07-10,25.761999130249023,25.86199951171875,25.6200008392334,25.833999633789062,23.065988540649414,1247500
CP.TO,2013-07-11,25.979999542236328,26.031999588012695,25.79800033569336,25.90999984741211,23.133852005004883,1153500
CP.TO,2013-07-12,25.950000762939453,26.5,25.950000762939453,26.34600067138672,23.523136138916016,1259500
CP.TO,2013-07-15,26.444000244140625,26.73200035095215,26.368000030517578,26.4060001373291,23.576704025268555,964000
CP.TO,2013-07-16,26.399999618530273,26.5,26.29400062561035,26.354000091552734,23.530275344848633,1258500
CP.TO,2013-07-17,26.47800064086914,26.979999542236328,26.47800064086914,26.65999984741211,23.803489685058594,2667000
CP.TO,2013-07-18,26.743999481201172,26.979999542236328,26.54400062561035,26.742000579833984,23.8767032623291,2908000
CP.TO,2013-07-19,26.76799964904785,26.81599998474121,26.579999923706055,26.743999481201172,23.87848663330078,3165500
CP.TO,2013-07-22,26.601999282836914,26.881999969482422,26.413999557495117,26.52400016784668,23.682064056396484,1185500
CP.TO,2013-07-23,26.600000381469727,26.615999221801758,26.007999420166016,26.035999298095703,23.246353149414062,1279500
CP.TO,2013-07-24,26.040000915527344,26.083999633789062,25.01799964904785,25.488000869750977,22.7570743560791,5524000
CP.TO,2013-07-25,25.483999252319336,26.34600067138672,25.384000778198242,26.25200080871582,23.43920135498047,2096000
CP.TO,2013-07-26,26.20199966430664,26.43000030517578,26.110000610351562,26.143999099731445,23.3427791595459,1496000
CP.TO,2013-07-29,26.17799949645996,26.209999084472656,25.90999984741211,25.992000579833984,23.207067489624023,1881500
CP.TO,2013-07-30,25.950000762939453,25.992000579833984,25.52199935913086,25.709999084472656,22.955278396606445,3348000
CP.TO,2013-07-31,25.83799934387207,25.979999542236328,25.13800048828125,25.22599983215332,22.523136138916016,3188000
CP.TO,2013-08-01,25.709999084472656,26.082000732421875,25.398000717163086,25.95800018310547,23.176708221435547,2345500
CP.TO,2013-08-02,25.899999618530273,26.15399932861328,25.83799934387207,26.055999755859375,23.264209747314453,1219000
CP.TO,2013-08-06,26.054000854492188,26.054000854492188,25.6200008392334,25.775999069213867,23.01421356201172,2070000
CP.TO,2013-08-07,25.672000885009766,25.8799991607666,25.510000228881836,25.554000854492188,22.81599235534668,1199500
CP.TO,2013-08-08,25.506000518798828,25.63599967956543,25.26799964904785,25.56800079345703,22.828502655029297,1360500
CP.TO,2013-08-09,25.45599937438965,25.56599998474121,25.077999114990234,25.263999938964844,22.557065963745117,874000
CP.TO,2013-08-12,25.25,25.25,25.038000106811523,25.166000366210938,22.46957015991211,1046500
CP.TO,2013-08-13,25.17799949645996,25.802000045776367,25.149999618530273,25.780000686645508,23.01778793334961,1679000
CP.TO,2013-08-14,25.601999282836914,25.6299991607666,25.25200080871582,25.288000106811523,22.578495025634766,1144500
CP.TO,2013-08-15,25.1299991607666,25.266000747680664,24.738000869750977,24.968000411987305,22.292789459228516,1696500
CP.TO,2013-08-16,25.003999710083008,25.288000106811523,24.93400001525879,25.222000122070312,22.51957130432129,1115000
CP.TO,2013-08-19,25.152000427246094,25.20599937438965,24.940000534057617,24.974000930786133,22.298147201538086,828500
CP.TO,2013-08-20,24.902000427246094,25.15999984741211,24.826000213623047,25.02400016784668,22.34278106689453,1476000
CP.TO,2013-08-21,24.940000534057617,25.100000381469727,24.586000442504883,24.781999588012695,22.126708984375,1181000
CP.TO,2013-08-22,25.086000442504883,25.68000030517578,25.0,25.666000366210938,22.91599464416504,1503000
CP.TO,2013-08-23,25.652000427246094,25.913999557495117,25.56399917602539,25.743999481201172,22.985639572143555,1442500
CP.TO,2013-08-26,25.804000854492188,25.808000564575195,25.152000427246094,25.1560001373291,22.460641860961914,1408500
CP.TO,2013-08-27,24.922000885009766,24.940000534057617,24.277999877929688,24.631999969482422,21.99279022216797,2128000
CP.TO,2013-08-28,24.697999954223633,24.860000610351562,24.510000228881836,24.8439998626709,22.182069778442383,1440500
CP.TO,2013-08-29,24.8439998626709,25.15999984741211,24.8439998626709,25.06800079345703,22.382064819335938,592500
CP.TO,2013-08-30,25.038000106811523,25.118000030517578,24.77400016784668,24.77400016784668,22.119569778442383,1248000
CP.TO,2013-09-03,25.00200080871582,25.20599937438965,24.54800033569336,24.756000518798828,22.10349464416504,1866000
CP.TO,2013-09-04,24.700000762939453,25.194000244140625,24.700000762939453,25.194000244140625,22.494564056396484,929500
CP.TO,2013-09-05,25.13800048828125,25.52400016784668,25.086000442504883,25.52199935913086,22.787424087524414,1310000
CP.TO,2013-09-06,25.586000442504883,25.586000442504883,24.922000885009766,25.211999893188477,22.510639190673828,1667500
CP.TO,2013-09-09,25.197999954223633,25.285999298095703,24.908000946044922,25.15399932861328,22.458850860595703,734000
CP.TO,2013-09-10,25.288000106811523,25.393999099731445,25.18400001525879,25.356000900268555,22.63922119140625,1071500
CP.TO,2013-09-11,25.375999450683594,25.40399932861328,25.106000900268555,25.31800079345703,22.605287551879883,2168500
CP.TO,2013-09-12,25.20400047302246,25.299999237060547,24.92799949645996,25.128000259399414,22.435640335083008,1085000
CP.TO,2013-09-13,25.20599937438965,25.666000366210938,25.149999618530273,25.549999237060547,22.81242561340332,2167500
CP.TO,2013-09-16,25.68000030517578,25.961999893188477,25.68000030517578,25.95199966430664,23.17134666442871,2091500
CP.TO,2013-09-17,25.959999084472656,26.030000686645508,25.802000045776367,25.99799919128418,23.212427139282227,2491500
CP.TO,2013-09-18,26.079999923706055,26.520000457763672,25.91200065612793,26.166000366210938,23.362424850463867,3230000
CP.TO,2013-09-19,26.23200035095215,26.56999969482422,26.23200035095215,26.555999755859375,23.71063232421875,3076000
CP.TO,2013-09-20,26.621999740600586,26.65999984741211,25.992000579833984,26.038000106811523,23.248130798339844,3914500
CP.TO,2013-09-23,25.899999618530273,26.020000457763672,25.690000534057617,25.84600067138672,23.07671356201172,1669500
CP.TO,2013-09-24,25.77199935913086,26.121999740600586,25.687999725341797,26.04199981689453,23.251710891723633,1361000
CP.TO,2013-09-25,26.16200065612793,26.16200065612793,25.73200035095215,25.833999633789062,23.12816047668457,2116500
CP.TO,2013-09-26,25.799999237060547,26.0,25.700000762939453,25.895999908447266,23.18366813659668,1616500
CP.TO,2013-09-27,25.802000045776367,25.974000930786133,25.709999084472656,25.81800079345703,23.11384391784668,1139500
CP.TO,2013-09-30,25.65999984741211,25.70400047302246,25.378000259399414,25.417999267578125,22.7557315826416,2056000
CP.TO,2013-10-01,25.36199951171875,25.940000534057617,25.36199951171875,25.854000091552734,23.14606475830078,1460000
CP.TO,2013-10-02,25.75,25.986000061035156,25.604000091552734,25.95199966430664,23.233802795410156,1239000
CP.TO,2013-10-03,25.874000549316406,25.874000549316406,25.284000396728516,25.756000518798828,23.05833625793457,2344500
CP.TO,2013-10-04,25.54599952697754,25.865999221801758,25.49799919128418,25.79800033569336,23.095928192138672,1250000
CP.TO,2013-10-07,25.607999801635742,26.43400001525879,25.54800033569336,26.368000030517578,23.60622787475586,1942500
CP.TO,2013-10-08,26.326000213623047,26.947999954223633,26.326000213623047,26.56599998474121,23.783491134643555,2378000
CP.TO,2013-10-09,26.65399932861328,26.968000411987305,26.45800018310547,26.79400062561035,23.98760986328125,2334500
CP.TO,2013-10-10,26.922000885009766,27.31800079345703,26.922000885009766,27.143999099731445,24.300952911376953,1670500
CP.TO,2013-10-11,27.1560001373291,27.214000701904297,26.743999481201172,26.81599998474121,24.007308959960938,1046500
CP.TO,2013-10-15,26.81599998474121,26.86199951171875,26.649999618530273,26.79199981689453,23.985815048217773,1100000
CP.TO,2013-10-16,26.780000686645508,26.983999252319336,26.6299991607666,26.923999786376953,24.10400390625,1254500
CP.TO,2013-10-17,26.746000289916992,26.850000381469727,26.540000915527344,26.607999801635742,23.82109832763672,1581000
CP.TO,2013-10-18,26.61199951171875,27.176000595092773,26.61199951171875,27.073999404907227,24.23829460144043,1740000
CP.TO,2013-10-21,27.0,27.07200050354004,26.709999084472656,26.847999572753906,24.03595542907715,1206500
CP.TO,2013-10-22,26.746000289916992,26.947999954223633,26.718000411987305,26.947999954223633,24.125484466552734,1738000
CP.TO,2013-10-23,27.691999435424805,30.083999633789062,27.68400001525879,29.70599937438965,26.594615936279297,6585000
CP.TO,2013-10-24,29.600000381469727,29.829999923706055,29.100000381469727,29.59000015258789,26.49076271057129,6186000
CP.TO,2013-10-25,29.74799919128418,30.027999877929688,29.200000762939453,30.007999420166016,26.86497688293457,2847500
CP.TO,2013-10-28,29.780000686645508,30.079999923706055,29.474000930786133,29.634000778198242,26.5301513671875,2037000
CP.TO,2013-10-29,29.739999771118164,30.211999893188477,29.666000366210938,30.176000595092773,27.0153865814209,1704500
CP.TO,2013-10-30,30.1560001373291,30.399999618530273,29.969999313354492,30.312000274658203,27.137142181396484,1975500
CP.TO,2013-10-31,30.25,30.33799934387207,29.808000564575195,29.808000564575195,26.685930252075195,2595000
CP.TO,2013-11-01,30.035999298095703,30.33799934387207,29.937999725341797,30.336000442504883,27.158628463745117,1439000
CP.TO,2013-11-04,30.384000778198242,30.667999267578125,30.194000244140625,30.368000030517578,27.187274932861328,1064500
CP.TO,2013-11-05,30.20199966430664,30.576000213623047,30.200000762939453,30.530000686645508,27.332313537597656,1731000
CP.TO,2013-11-06,30.676000595092773,30.700000762939453,30.40399932861328,30.506000518798828,27.310823440551758,1049500
CP.TO,2013-11-07,30.68400001525879,30.68400001525879,30.214000701904297,30.41200065612793,27.226667404174805,1743000
CP.TO,2013-11-08,30.486000061035156,30.667999267578125,30.375999450683594,30.4060001373291,27.22130012512207,939500
CP.TO,2013-11-11,30.440000534057617,30.788000106811523,30.305999755859375,30.624000549316406,27.416465759277344,706000
CP.TO,2013-11-12,30.461999893188477,30.86400032043457,30.461999893188477,30.722000122070312,27.504199981689453,1260500
CP.TO,2013-11-13,30.65399932861328,31.18000030517578,30.600000381469727,31.18000030517578,27.914222717285156,5413500
CP.TO,2013-11-14,31.139999389648438,31.395999908447266,31.077999114990234,31.15399932861328,27.890947341918945,1508000
CP.TO,2013-11-15,31.229999542236328,31.375999450683594,31.100000381469727,31.173999786376953,27.90885353088379,1200000
CP.TO,2013-11-18,31.312000274658203,31.4060001373291,31.034000396728516,31.263999938964844,27.989429473876953,892500
CP.TO,2013-11-19,31.17799949645996,31.356000900268555,30.868000030517578,30.881999969482422,27.647443771362305,1409500
CP.TO,2013-11-20,30.97599983215332,31.0,30.733999252319336,30.766000747680664,27.543588638305664,1033000
CP.TO,2013-11-21,30.799999237060547,31.416000366210938,30.79199981689453,31.413999557495117,28.12371253967285,1010000
CP.TO,2013-11-22,31.402000427246094,31.98200035095215,31.29800033569336,31.808000564575195,28.476449966430664,1372000
CP.TO,2013-11-25,31.972000122070312,32.52000045776367,31.968000411987305,32.22200012207031,28.847087860107422,2984000
CP.TO,2013-11-26,32.15800094604492,32.349998474121094,31.923999786376953,31.923999786376953,28.58030128479004,1416500
CP.TO,2013-11-27,31.93000030517578,32.53200149536133,31.93000030517578,32.236000061035156,28.859622955322266,682000
CP.TO,2013-11-28,32.20199966430664,32.38999938964844,32.11600112915039,32.141998291015625,28.775463104248047,184000
CP.TO,2013-11-29,32.099998474121094,32.94200134277344,32.099998474121094,32.37799835205078,28.986736297607422,778000
CP.TO,2013-12-02,32.402000427246094,33.400001525878906,32.402000427246094,33.3120002746582,29.822927474975586,1984000
CP.TO,2013-12-03,33.20199966430664,33.327999114990234,32.2760009765625,32.63399887084961,29.21593475341797,1158500
CP.TO,2013-12-04,32.347999572753906,33.04199981689453,32.279998779296875,32.698001861572266,29.273235321044922,1011500
CP.TO,2013-12-05,32.69599914550781,32.72999954223633,32.24399948120117,32.268001556396484,28.88827133178711,1039500
CP.TO,2013-12-06,32.55799865722656,32.992000579833984,32.470001220703125,32.85200119018555,29.411102294921875,627000
CP.TO,2013-12-09,32.85200119018555,33.04199981689453,32.40599822998047,32.540000915527344,29.131784439086914,747500
CP.TO,2013-12-10,32.428001403808594,32.49800109863281,32.21200180053711,32.21799850463867,28.843507766723633,1288500
CP.TO,2013-12-11,32.29399871826172,32.29399871826172,31.694000244140625,31.761999130249023,28.43526840209961,1782500
CP.TO,2013-12-12,31.600000381469727,32.172000885009766,31.520000457763672,32.055999755859375,28.698474884033203,947000
CP.TO,2013-12-13,32.13399887084961,32.242000579833984,31.781999588012695,31.88800048828125,28.548070907592773,931000
CP.TO,2013-12-16,32.03200149536133,32.31800079345703,31.67799949645996,31.68600082397461,28.367225646972656,2001500
CP.TO,2013-12-17,31.775999069213867,31.9060001373291,31.642000198364258,31.715999603271484,28.394079208374023,1846500
CP.TO,2013-12-18,31.79400062561035,32.242000579833984,31.61199951171875,32.178001403808594,28.807693481445312,1583000
CP.TO,2013-12-19,32.178001403808594,32.737998962402344,32.1619987487793,32.720001220703125,29.29292869567871,1099000
CP.TO,2013-12-20,32.89799880981445,33.11800003051758,32.42399978637695,32.42399978637695,29.02793312072754,3580500
CP.TO,2013-12-23,32.59000015258789,32.599998474121094,32.051998138427734,32.257999420166016,28.94179916381836,785500
CP.TO,2013-12-24,32.30799865722656,32.42399978637695,32.029998779296875,32.30799865722656,28.986661911010742,362000
CP.TO,2013-12-27,32.40999984741211,32.64799880981445,32.231998443603516,32.29199981689453,28.972301483154297,610500
CP.TO,2013-12-30,32.290000915527344,32.5,31.969999313354492,32.0,28.710323333740234,619000
CP.TO,2013-12-31,31.983999252319336,32.28200149536133,31.983999252319336,32.130001068115234,28.82695960998535,726500
CP.TO,2014-01-02,31.90399932861328,32.13399887084961,31.784000396728516,31.874000549316406,28.597274780273438,1828000
CP.TO,2014-01-03,31.84000015258789,32.178001403808594,31.58799934387207,31.889999389648438,28.61162757873535,945000
CP.TO,2014-01-06,31.965999603271484,32.00600051879883,31.326000213623047,31.422000885009766,28.19174575805664,1017000
CP.TO,2014-01-07,31.555999755859375,31.802000045776367,31.288000106811523,31.645999908447266,28.392715454101562,1094500
CP.TO,2014-01-08,31.618000030517578,31.871999740600586,31.27199935913086,31.54800033569336,28.30478286743164,1299000
CP.TO,2014-01-09,31.618000030517578,32.332000732421875,31.618000030517578,32.237998962402344,28.923858642578125,1146500
CP.TO,2014-01-10,32.35200119018555,33.470001220703125,32.35200119018555,33.41400146484375,29.978954315185547,1401500
CP.TO,2014-01-13,33.380001068115234,33.380001068115234,32.555999755859375,32.6879997253418,29.32759666442871,2050500
CP.TO,2014-01-14,32.79199981689453,32.928001403808594,32.53200149536133,32.742000579833984,29.376047134399414,1894500
CP.TO,2014-01-15,32.79999923706055,32.93199920654297,32.70600128173828,32.849998474121094,29.47293472290039,1050500
CP.TO,2014-01-16,32.630001068115234,32.715999603271484,32.279998779296875,32.70399856567383,29.341947555541992,1531500
CP.TO,2014-01-17,32.60200119018555,32.880001068115234,32.60200119018555,32.78799819946289,29.417308807373047,1385000
CP.TO,2014-01-20,32.68000030517578,33.0,32.68000030517578,32.869998931884766,29.49088478088379,232500
CP.TO,2014-01-21,32.650001525878906,33.02199935913086,32.599998474121094,32.70600128173828,29.34374237060547,1491500
CP.TO,2014-01-22,32.79800033569336,33.20000076293945,32.79800033569336,33.055999755859375,29.657766342163086,1513500
CP.TO,2014-01-23,32.90399932861328,33.145999908447266,32.731998443603516,32.81999969482422,29.446022033691406,1240000
CP.TO,2014-01-24,32.57600021362305,32.608001708984375,31.29599952697754,31.375999450683594,28.15047264099121,2134000
CP.TO,2014-01-27,31.420000076293945,31.63599967956543,31.04800033569336,31.5,28.261728286743164,1497500
CP.TO,2014-01-28,31.43600082397461,31.81999969482422,31.360000610351562,31.6299991607666,28.37835121154785,1246000
CP.TO,2014-01-29,31.29800033569336,34.262001037597656,31.003999710083008,33.0,29.607519149780273,4661000
CP.TO,2014-01-30,33.481998443603516,34.380001068115234,33.13600158691406,34.20000076293945,30.68416404724121,2807000
CP.TO,2014-01-31,33.66999816894531,34.055999755859375,33.513999938964844,33.768001556396484,30.296566009521484,2285000
CP.TO,2014-02-03,33.77000045776367,33.79600143432617,32.54999923706055,32.68000030517578,29.320417404174805,1578000
CP.TO,2014-02-04,32.66999816894531,32.895999908447266,32.220001220703125,32.874000549316406,29.494478225708008,1993500
CP.TO,2014-02-05,32.63600158691406,32.90399932861328,32.20000076293945,32.83000183105469,29.454998016357422,1392500
CP.TO,2014-02-06,32.78799819946289,33.41999816894531,32.652000427246094,33.34000015258789,29.912565231323242,1356500
CP.TO,2014-02-07,33.42599868774414,33.58399963378906,32.90399932861328,33.54399871826172,30.095584869384766,991500
CP.TO,2014-02-10,33.42399978637695,33.720001220703125,33.34000015258789,33.54399871826172,30.095584869384766,846500
CP.TO,2014-02-11,33.4739990234375,33.768001556396484,33.4640007019043,33.6619987487793,30.201457977294922,1118500
CP.TO,2014-02-12,33.79999923706055,34.0,33.55400085449219,34.0,30.50471305847168,1117000
CP.TO,2014-02-13,33.88600158691406,34.13999938964844,33.604000091552734,34.04600143432617,30.54598617553711,1415000
CP.TO,2014-02-14,34.012001037597656,34.433998107910156,33.70000076293945,33.9739990234375,30.48139190673828,1219000
CP.TO,2014-02-18,33.96799850463867,34.448001861572266,33.922000885009766,34.34600067138672,30.81515121459961,2005000
CP.TO,2014-02-19,34.34600067138672,34.757999420166016,34.27000045776367,34.55400085449219,31.00176239013672,1783000
CP.TO,2014-02-20,34.69200134277344,34.880001068115234,34.45399856567383,34.72800064086914,31.15789031982422,2545500
CP.TO,2014-02-21,34.7400016784668,34.959999084472656,34.65999984741211,34.75400161743164,31.18120574951172,1208500
CP.TO,2014-02-24,34.97200012207031,35.34400177001953,34.849998474121094,34.9739990234375,31.378591537475586,1184000
CP.TO,2014-02-25,35.06399917602539,35.06999969482422,34.507999420166016,34.551998138427734,30.999956130981445,1535500
CP.TO,2014-02-26,34.83599853515625,34.847999572753906,34.428001403808594,34.5,30.953319549560547,2638500
CP.TO,2014-02-27,34.6879997253418,34.6879997253418,34.358001708984375,34.45000076293945,30.908466339111328,1939000
CP.TO,2014-02-28,34.38399887084961,35.20199966430664,34.2760009765625,34.75,31.177621841430664,1586000
CP.TO,2014-03-03,34.481998443603516,34.78200149536133,34.3120002746582,34.61600112915039,31.057382583618164,1721500
CP.TO,2014-03-04,35.03799819946289,35.32400131225586,34.94200134277344,35.04999923706055,31.446773529052734,1313000
CP.TO,2014-03-05,35.04999923706055,35.22600173950195,34.965999603271484,34.99800109863281,31.400127410888672,1050500
CP.TO,2014-03-06,34.99800109863281,35.099998474121094,34.737998962402344,34.742000579833984,31.170440673828125,1184500
CP.TO,2014-03-07,35.0,35.0,34.551998138427734,34.63800048828125,31.077131271362305,782000
CP.TO,2014-03-10,34.742000579833984,34.742000579833984,34.13399887084961,34.262001037597656,30.73978042602539,1055000
CP.TO,2014-03-11,34.400001525878906,34.470001220703125,33.821998596191406,33.95199966430664,30.461650848388672,1745500
CP.TO,2014-03-12,33.970001220703125,34.92399978637695,33.76599884033203,34.81399917602539,31.23503303527832,1606000
CP.TO,2014-03-13,34.79999923706055,35.0,34.1879997253418,34.231998443603516,30.712860107421875,1720500
CP.TO,2014-03-14,34.13999938964844,34.2239990234375,33.96799850463867,33.99800109863281,30.50292205810547,1197500
CP.TO,2014-03-17,34.220001220703125,34.518001556396484,34.051998138427734,34.22800064086914,30.70928382873535,833500
CP.TO,2014-03-18,34.45000076293945,34.9119987487793,34.301998138427734,34.736000061035156,31.16504669189453,1402000
CP.TO,2014-03-19,34.80799865722656,34.84400177001953,34.422000885009766,34.59600067138672,31.03944969177246,719500
CP.TO,2014-03-20,34.400001525878906,34.52199935913086,33.944000244140625,34.02399826049805,30.52625846862793,1183500
CP.TO,2014-03-21,33.98400115966797,34.12200164794922,33.69599914550781,33.72200012207031,30.25530433654785,2391000
CP.TO,2014-03-24,33.86399841308594,34.077999114990234,33.45399856567383,33.57600021362305,30.124311447143555,847500
CP.TO,2014-03-25,33.70000076293945,33.72200012207031,33.43000030517578,33.59000015258789,30.13686180114746,893000
CP.TO,2014-03-26,33.65800094604492,33.87799835205078,33.071998596191406,33.08399963378906,29.744869232177734,1262000
CP.TO,2014-03-27,33.077999114990234,33.077999114990234,32.5099983215332,32.54199981689453,29.257572174072266,857000
CP.TO,2014-03-28,32.757999420166016,33.07400131225586,32.619998931884766,32.731998443603516,29.42839813232422,1267500
CP.TO,2014-03-31,32.9119987487793,33.63600158691406,32.9119987487793,33.130001068115234,29.786224365234375,1411500
CP.TO,2014-04-01,33.19599914550781,33.38600158691406,32.94599914550781,33.231998443603516,29.87792205810547,2340500
CP.TO,2014-04-02,33.0359992980957,33.95199966430664,33.0359992980957,33.74599838256836,30.340063095092773,1404000
CP.TO,2014-04-03,33.683998107910156,33.944000244140625,33.35599899291992,33.939998626708984,30.51447868347168,1073500
CP.TO,2014-04-04,34.0,34.0,33.284000396728516,33.347999572753906,29.982227325439453,739500
CP.TO,2014-04-07,33.16999816894531,33.30799865722656,32.45000076293945,32.513999938964844,29.232398986816406,1579500
CP.TO,2014-04-08,32.50600051879883,32.513999938964844,31.979999542236328,32.24399948120117,28.98965072631836,1270000
CP.TO,2014-04-09,32.3380012512207,32.645999908447266,32.262001037597656,32.41400146484375,29.142498016357422,1295500
CP.TO,2014-04-10,32.50199890136719,32.50199890136719,31.496000289916992,31.74799919128418,28.5437068939209,2126000
CP.TO,2014-04-11,31.395999908447266,31.878000259399414,31.327999114990234,31.600000381469727,28.4106502532959,1277500
CP.TO,2014-04-14,31.6560001373291,31.941999435424805,31.507999420166016,31.777999877929688,28.570688247680664,1199500
CP.TO,2014-04-15,31.90999984741211,32.4640007019043,31.58799934387207,31.893999099731445,28.674978256225586,1214000
CP.TO,2014-04-16,32.0,32.487998962402344,31.922000885009766,32.44200134277344,29.167675018310547,1103000
CP.TO,2014-04-17,32.47600173950195,32.90800094604492,32.448001861572266,32.641998291015625,29.347488403320312,933500
CP.TO,2014-04-21,32.70399856567383,32.917999267578125,32.347999572753906,32.79800033569336,29.487743377685547,726500
CP.TO,2014-04-22,33.402000427246094,34.810001373291016,33.402000427246094,34.52399826049805,31.039525985717773,2627000
CP.TO,2014-04-23,34.50600051879883,34.68199920654297,34.099998474121094,34.099998474121094,30.6583251953125,1664500
CP.TO,2014-04-24,34.242000579833984,34.29999923706055,33.55400085449219,33.75,30.34365463256836,1073500
CP.TO,2014-04-25,33.69599914550781,34.29399871826172,33.608001708984375,34.237998962402344,30.782390594482422,1821500
CP.TO,2014-04-28,34.28200149536133,34.43600082397461,33.81999969482422,34.167999267578125,30.719470977783203,1269500
CP.TO,2014-04-29,32.93199920654297,33.25,32.79999923706055,33.09600067138672,29.75566291809082,2128500
CP.TO,2014-04-30,33.029998779296875,34.22800064086914,33.029998779296875,34.22800064086914,30.773414611816406,1658000
CP.TO,2014-05-01,34.20399856567383,34.566001892089844,34.119998931884766,34.26599884033203,30.807567596435547,839500
CP.TO,2014-05-02,34.444000244140625,35.08000183105469,34.38600158691406,34.650001525878906,31.152809143066406,1669000
CP.TO,2014-05-05,34.444000244140625,34.560001373291016,34.02799987792969,34.31399917602539,30.850730895996094,766000
CP.TO,2014-05-06,34.22999954223633,34.22999954223633,33.91400146484375,33.95800018310547,30.530654907226562,1003500
CP.TO,2014-05-07,34.00600051879883,34.5,33.917999267578125,34.45000076293945,30.97301483154297,970500
CP.TO,2014-05-08,34.402000427246094,35.0,34.290000915527344,34.66600036621094,31.167200088500977,1232500
CP.TO,2014-05-09,34.75600051879883,34.986000061035156,34.60599899291992,34.678001403808594,31.178001403808594,1161500
CP.TO,2014-05-12,34.68199920654297,35.42399978637695,34.68199920654297,35.38800048828125,31.81633758544922,1449000
CP.TO,2014-05-13,35.29999923706055,35.349998474121094,34.959999084472656,34.987998962402344,31.456693649291992,1053000
CP.TO,2014-05-14,35.051998138427734,35.301998138427734,34.85599899291992,35.029998779296875,31.49447250366211,826000
CP.TO,2014-05-15,34.965999603271484,35.12799835205078,34.400001525878906,34.57600021362305,31.086294174194336,1179000
CP.TO,2014-05-16,34.625999450683594,34.89799880981445,34.50400161743164,34.810001373291016,31.296674728393555,816500
CP.TO,2014-05-20,35.1619987487793,35.88800048828125,35.108001708984375,35.332000732421875,31.765987396240234,2001000
CP.TO,2014-05-21,35.54800033569336,35.84199905395508,35.470001220703125,35.68199920654297,32.080657958984375,1842500
CP.TO,2014-05-22,35.641998291015625,36.150001525878906,35.53799819946289,35.880001068115234,32.258670806884766,943500
CP.TO,2014-05-23,35.95600128173828,36.06999969482422,35.720001220703125,36.029998779296875,32.393524169921875,383500
CP.TO,2014-05-26,36.0,36.22800064086914,35.939998626708984,36.09600067138672,32.45288848876953,249000
CP.TO,2014-05-27,36.15999984741211,36.301998138427734,36.04399871826172,36.18000030517578,32.528411865234375,1201000
CP.TO,2014-05-28,36.12799835205078,36.380001068115234,36.0,36.29800033569336,32.634490966796875,1509500
CP.TO,2014-05-29,36.33000183105469,36.433998107910156,36.0620002746582,36.279998779296875,32.61830520629883,1142000
CP.TO,2014-05-30,36.27399826049805,36.433998107910156,36.099998474121094,36.29600143432617,32.632686614990234,1939000
CP.TO,2014-06-02,36.470001220703125,37.013999938964844,36.470001220703125,37.013999938964844,33.27821731567383,1180500
CP.TO,2014-06-03,37.09600067138672,37.50600051879883,36.85200119018555,37.400001525878906,33.62526321411133,988000
CP.TO,2014-06-04,37.672000885009766,38.310001373291016,37.641998291015625,38.14400100708008,34.29417419433594,1814500
CP.TO,2014-06-05,38.2400016784668,38.80799865722656,38.012001037597656,38.7859992980957,34.87137985229492,1682500
CP.TO,2014-06-06,38.86800003051758,39.34000015258789,38.86399841308594,39.2859992980957,35.32091522216797,1433000
CP.TO,2014-06-09,39.30400085449219,39.5359992980957,38.93600082397461,39.18000030517578,35.22560119628906,1208500
CP.TO,2014-06-10,38.99599838256836,39.22999954223633,38.70800018310547,39.15999984741211,35.207618713378906,3255000
CP.TO,2014-06-11,39.00199890136719,39.4640007019043,38.933998107910156,39.38800048828125,35.4126091003418,1638500
CP.TO,2014-06-12,39.10200119018555,39.486000061035156,38.88199996948242,39.48400115966797,35.49892044067383,2940000
CP.TO,2014-06-13,39.34000015258789,40.41600036621094,39.321998596191406,40.09600067138672,36.049163818359375,1790000
CP.TO,2014-06-16,40.13199996948242,40.29600143432617,39.7599983215332,39.96200180053711,35.92868423461914,1390500
CP.TO,2014-06-17,40.0,40.1879997253418,39.551998138427734,39.582000732421875,35.5870361328125,1439000
CP.TO,2014-06-18,39.67399978637695,39.71200180053711,39.53200149536133,39.64799880981445,35.6463737487793,1461000
CP.TO,2014-06-19,39.65800094604492,39.70600128173828,39.459999084472656,39.51599884033203,35.52769470214844,1097500
CP.TO,2014-06-20,39.55799865722656,39.66999816894531,39.0359992980957,39.513999938964844,35.52589797973633,4252000
CP.TO,2014-06-23,39.45000076293945,39.52199935913086,39.14400100708008,39.27000045776367,35.306522369384766,807500
CP.TO,2014-06-24,38.90399932861328,38.90399932861328,38.02399826049805,38.029998779296875,34.19168472290039,2409000
CP.TO,2014-06-25,37.93600082397461,38.50199890136719,37.933998107910156,38.316001892089844,34.5123291015625,2184500
CP.TO,2014-06-26,38.417999267578125,38.53200149536133,38.152000427246094,38.47999954223633,34.660057067871094,1394500
CP.TO,2014-06-27,38.47999954223633,38.571998596191406,38.20600128173828,38.46200180053711,34.64383316040039,1606000
CP.TO,2014-06-30,38.47800064086914,39.59600067138672,38.46200180053711,38.6619987487793,34.823997497558594,1687500
CP.TO,2014-07-02,39.15800094604492,39.27000045776367,38.63199996948242,38.68199920654297,34.84199523925781,2586500
CP.TO,2014-07-03,38.95000076293945,39.27000045776367,38.84199905395508,39.20000076293945,35.30858612060547,1483500
CP.TO,2014-07-04,39.380001068115234,40.0620002746582,39.34600067138672,39.790000915527344,35.840003967285156,1038500
CP.TO,2014-07-07,39.790000915527344,39.81999969482422,38.93199920654297,39.172000885009766,35.28335189819336,2148000
CP.TO,2014-07-08,39.12200164794922,39.130001068115234,38.57600021362305,38.92599868774414,35.0617561340332,1188500
CP.TO,2014-07-09,38.95199966430664,39.231998443603516,38.720001220703125,39.2239990234375,35.330196380615234,918500
CP.TO,2014-07-10,38.858001708984375,38.939998626708984,38.55799865722656,38.70000076293945,34.85821533203125,1222500
CP.TO,2014-07-11,38.88999938964844,39.402000427246094,38.678001403808594,39.2760009765625,35.37704849243164,1151500
CP.TO,2014-07-14,39.40399932861328,39.540000915527344,39.05400085449219,39.2140007019043,35.321197509765625,1284500
CP.TO,2014-07-15,39.04199981689453,39.33000183105469,39.018001556396484,39.22200012207031,35.328407287597656,1244500
CP.TO,2014-07-16,39.25,39.65999984741211,39.19599914550781,39.566001892089844,35.638248443603516,1577500
CP.TO,2014-07-17,39.77799987792969,41.41600036621094,39.68600082397461,40.465999603271484,36.448909759521484,4267000
CP.TO,2014-07-18,40.55799865722656,41.84400177001953,40.55799865722656,41.81800079345703,37.666690826416016,2789500
CP.TO,2014-07-21,41.79999923706055,42.33599853515625,41.66600036621094,41.94200134277344,37.778377532958984,1804500
CP.TO,2014-07-22,42.150001525878906,42.90399932861328,42.10200119018555,42.38600158691406,38.178314208984375,2450500
CP.TO,2014-07-23,42.698001861572266,42.827999114990234,42.32400131225586,42.62200164794922,38.39088821411133,1117500
CP.TO,2014-07-24,42.779998779296875,42.78799819946289,42.00400161743164,42.06399917602539,37.888267517089844,1681500
CP.TO,2014-07-25,41.92399978637695,42.301998138427734,41.858001708984375,42.08599853515625,37.90808868408203,1475000
CP.TO,2014-07-28,41.99599838256836,42.13800048828125,41.4900016784668,41.619998931884766,37.48834991455078,1986000
CP.TO,2014-07-29,41.784000396728516,41.81399917602539,41.257999420166016,41.310001373291016,37.20911407470703,1210000
CP.TO,2014-07-30,41.41400146484375,42.05400085449219,41.41400146484375,42.05400085449219,37.87926483154297,1619000
CP.TO,2014-07-31,41.99800109863281,42.077999114990234,41.31800079345703,41.465999603271484,37.349632263183594,1624000
CP.TO,2014-08-01,41.35200119018555,41.56399917602539,40.63199996948242,40.92599868774414,36.86323165893555,1747500
CP.TO,2014-08-05,41.380001068115234,41.763999938964844,41.316001892089844,41.736000061035156,37.59282684326172,1985500
CP.TO,2014-08-06,41.59600067138672,41.816001892089844,41.33000183105469,41.439998626708984,37.326210021972656,1240000
CP.TO,2014-08-07,41.551998138427734,41.72200012207031,40.736000061035156,40.970001220703125,36.902862548828125,1498000
CP.TO,2014-08-08,41.00600051879883,41.62799835205078,40.970001220703125,41.566001892089844,37.43971633911133,956500
CP.TO,2014-08-11,41.597999572753906,42.029998779296875,41.56999969482422,41.875999450683594,37.71894073486328,772000
CP.TO,2014-08-12,41.92399978637695,42.20000076293945,41.52399826049805,41.77000045776367,37.623451232910156,1214000
CP.TO,2014-08-13,41.94599914550781,41.9900016784668,41.54399871826172,41.61399841308594,37.48293685913086,945000
CP.TO,2014-08-14,41.65999984741211,42.33599853515625,41.65999984741211,42.332000732421875,38.12968444824219,1019500
CP.TO,2014-08-15,42.39799880981445,42.597999572753906,41.77000045776367,42.57400131225586,38.34764099121094,1313500
CP.TO,2014-08-18,42.72999954223633,43.0620002746582,42.63199996948242,42.86800003051758,38.612464904785156,1235000
CP.TO,2014-08-19,43.0,43.358001708984375,42.933998107910156,43.25400161743164,38.960140228271484,846500
CP.TO,2014-08-20,43.189998626708984,43.992000579833984,43.09400177001953,43.96799850463867,39.603271484375,831000
CP.TO,2014-08-21,44.0,44.0,43.52199935913086,43.78200149536133,39.435707092285156,950000
CP.TO,2014-08-22,43.832000732421875,43.85200119018555,43.551998138427734,43.689998626708984,39.35286331176758,651000
CP.TO,2014-08-25,43.74599838256836,44.0,43.736000061035156,43.87200164794922,39.516780853271484,824500
CP.TO,2014-08-26,44.00400161743164,44.124000549316406,43.79800033569336,43.79999923706055,39.451934814453125,896000
CP.TO,2014-08-27,43.7599983215332,43.7599983215332,43.290000915527344,43.51599884033203,39.19612503051758,1115500
CP.TO,2014-08-28,43.46799850463867,43.529998779296875,43.220001220703125,43.46200180053711,39.14748764038086,1274500
CP.TO,2014-08-29,43.486000061035156,43.67399978637695,43.27000045776367,43.55799865722656,39.233951568603516,937000
CP.TO,2014-09-02,43.7599983215332,44.6619987487793,43.74399948120117,44.57600021362305,40.15090560913086,2084500
CP.TO,2014-09-03,44.71799850463867,45.237998962402344,44.57600021362305,44.62799835205078,40.19774627685547,1552000
CP.TO,2014-09-04,44.65399932861328,45.19599914550781,44.50400161743164,44.9739990234375,40.50938415527344,1016500
CP.TO,2014-09-05,44.95800018310547,45.27000045776367,44.92399978637695,45.06800079345703,40.59407043457031,1146000
CP.TO,2014-09-08,45.26599884033203,45.54600143432617,45.077999114990234,45.15800094604492,40.675132751464844,674000
CP.TO,2014-09-09,45.18600082397461,45.619998931884766,45.16999816894531,45.24800109863281,40.756187438964844,991000
CP.TO,2014-09-10,45.38199996948242,45.38399887084961,44.70000076293945,44.71799850463867,40.27880859375,1043000
CP.TO,2014-09-11,44.64799880981445,45.58599853515625,44.5099983215332,45.58599853515625,41.06063461303711,1024000
CP.TO,2014-09-12,45.608001708984375,45.65399932861328,44.56399917602539,44.577999114990234,40.1527099609375,1764500
CP.TO,2014-09-15,44.81399917602539,44.81399917602539,44.51599884033203,44.566001892089844,40.141883850097656,845500
CP.TO,2014-09-16,44.54800033569336,45.34600067138672,44.27799987792969,45.19200134277344,40.705753326416016,2095500
CP.TO,2014-09-17,45.31800079345703,46.06800079345703,45.2239990234375,45.96200180053711,41.39932632446289,1634000
CP.TO,2014-09-18,46.198001861572266,46.198001861572266,45.09000015258789,45.27000045776367,40.77600860595703,1555000
CP.TO,2014-09-19,45.231998443603516,45.45000076293945,44.86199951171875,45.25400161743164,40.761592864990234,4198500
CP.TO,2014-09-22,45.077999114990234,45.512001037597656,44.70000076293945,44.75,40.307621002197266,1416000
CP.TO,2014-09-23,44.68600082397461,44.84400177001953,44.43199920654297,44.5260009765625,40.105865478515625,780500
CP.TO,2014-09-24,44.5260009765625,44.948001861572266,44.310001373291016,44.69599914550781,40.32238006591797,1452500
CP.TO,2014-09-25,44.54399871826172,44.80400085449219,44.02399826049805,44.209999084472656,39.88393783569336,1430000
CP.TO,2014-09-26,44.12200164794922,45.27000045776367,44.12200164794922,45.18600082397461,40.76443099975586,1461000
CP.TO,2014-09-29,44.88999938964844,45.81800079345703,44.55400085449219,45.715999603271484,41.2425651550293,1793500
CP.TO,2014-09-30,46.09199905395508,47.20800018310547,45.8120002746582,46.486000061035156,41.937217712402344,2931000
CP.TO,2014-10-01,46.20399856567383,46.237998962402344,43.959999084472656,44.5620002746582,40.20149230957031,3327500
CP.TO,2014-10-02,45.20000076293945,47.0,44.900001525878906,46.939998626708984,42.346805572509766,5423500
CP.TO,2014-10-03,47.619998931884766,49.512001037597656,47.58000183105469,48.33399963378906,43.604400634765625,4094500
CP.TO,2014-10-06,49.02799987792969,49.316001892089844,47.5880012512207,47.77199935913086,43.097389221191406,1791000
CP.TO,2014-10-07,47.566001892089844,47.63199996948242,46.18199920654297,46.3120002746582,41.78025817871094,2795500
CP.TO,2014-10-08,46.3380012512207,46.417999267578125,45.104000091552734,46.18199920654297,41.662967681884766,3216000
CP.TO,2014-10-09,46.22999954223633,46.25600051879883,44.29999923706055,44.52799987792969,40.17081832885742,3154500
CP.TO,2014-10-10,44.29600143432617,44.43000030517578,40.47800064086914,42.439998626708984,38.28713607788086,6073500
CP.TO,2014-10-14,41.59199905395508,43.38199996948242,41.04800033569336,42.60599899291992,38.43689727783203,3145500
CP.TO,2014-10-15,41.534000396728516,42.4379997253418,40.571998596191406,42.097999572753906,37.97860336303711,2470000
CP.TO,2014-10-16,41.20199966430664,44.29199981689453,41.20199966430664,43.624000549316406,39.35529327392578,2919500
CP.TO,2014-10-17,44.65599822998047,45.44599914550781,44.42399978637695,44.99800109863281,40.5948371887207,3633000
CP.TO,2014-10-20,44.52399826049805,44.9379997253418,43.90399932861328,44.33000183105469,39.9921875,2188000
CP.TO,2014-10-21,43.507999420166016,45.92399978637695,43.04399871826172,44.91600036621094,40.5208625793457,3238500
CP.TO,2014-10-22,45.5,45.63800048828125,44.12799835205078,44.231998443603516,39.9037971496582,2476000
CP.TO,2014-10-23,44.96799850463867,46.03799819946289,44.599998474121094,45.79999923706055,41.318363189697266,2480500
CP.TO,2014-10-24,45.737998962402344,46.13399887084961,45.013999938964844,46.055999755859375,41.54929733276367,1585000
CP.TO,2014-10-27,46.11199951171875,46.11199951171875,45.07600021362305,45.55400085449219,41.09642791748047,1927000
CP.TO,2014-10-28,46.20000076293945,46.2599983215332,45.57400131225586,45.93600082397461,41.441036224365234,1482500
CP.TO,2014-10-29,46.0,46.15399932861328,45.20000076293945,45.801998138427734,41.320159912109375,1261000
CP.TO,2014-10-30,45.891998291015625,46.400001525878906,45.400001525878906,45.854000091552734,41.36705017089844,1490000
CP.TO,2014-10-31,46.7400016784668,46.992000579833984,46.439998626708984,46.88600158691406,42.29808807373047,2150500
CP.TO,2014-11-03,46.61399841308594,46.77000045776367,45.939998626708984,46.0,41.4987907409668,2186500
CP.TO,2014-11-04,46.0,46.35200119018555,45.650001525878906,46.209999084472656,41.688236236572266,1663500
CP.TO,2014-11-05,46.35599899291992,46.83399963378906,46.215999603271484,46.43600082397461,41.892127990722656,1796500
CP.TO,2014-11-06,46.599998474121094,47.15999984741211,46.492000579833984,47.00199890136719,42.402740478515625,1748000
CP.TO,2014-11-07,47.0,47.395999908447266,46.68000030517578,46.77000045776367,42.19343566894531,1306500
CP.TO,2014-11-10,46.895999908447266,47.57400131225586,46.65399932861328,47.5,42.85200881958008,1583000
CP.TO,2014-11-11,47.36399841308594,47.84400177001953,47.36399841308594,47.608001708984375,42.949432373046875,934500
CP.TO,2014-11-12,47.54600143432617,47.98400115966797,46.9640007019043,47.040000915527344,42.43702697753906,2029000
CP.TO,2014-11-13,47.279998779296875,47.4900016784668,46.95800018310547,47.071998596191406,42.46587371826172,1192500
CP.TO,2014-11-14,46.97200012207031,47.02000045776367,46.02399826049805,46.178001403808594,41.65936279296875,1323000
CP.TO,2014-11-17,46.2400016784668,46.86800003051758,45.90399932861328,46.12799835205078,41.614253997802734,1519000
CP.TO,2014-11-18,46.31399917602539,46.400001525878906,45.65599822998047,45.736000061035156,41.260616302490234,2026000
CP.TO,2014-11-19,46.189998626708984,46.189998626708984,45.507999420166016,45.91999816894531,41.42661666870117,1298500
CP.TO,2014-11-20,45.742000579833984,46.439998626708984,45.59000015258789,46.104000091552734,41.59260177612305,1132500
CP.TO,2014-11-21,46.25,46.43199920654297,45.68600082397461,46.00600051879883,41.50419998168945,1445000
CP.TO,2014-11-24,46.400001525878906,46.90599822998047,46.2400016784668,46.89400100708008,42.305301666259766,1547500
CP.TO,2014-11-25,47.00199890136719,47.215999603271484,46.81399917602539,46.854000091552734,42.269229888916016,2277500
CP.TO,2014-11-26,46.970001220703125,47.2400016784668,46.72600173950195,47.15800094604492,42.5434684753418,1258500
CP.TO,2014-11-27,47.194000244140625,47.847999572753906,47.0,47.20000076293945,42.581363677978516,1211000
CP.TO,2014-11-28,47.14799880981445,47.14799880981445,43.84199905395508,44.11199951171875,39.7955322265625,3002500
CP.TO,2014-12-01,44.141998291015625,44.141998291015625,41.209999084472656,42.5359992980957,38.37376403808594,4772500
CP.TO,2014-12-02,42.41600036621094,44.31800079345703,42.41600036621094,44.10200119018555,39.786495208740234,2441000
CP.TO,2014-12-03,44.066001892089844,45.029998779296875,43.847999572753906,44.95800018310547,40.55875015258789,2236500
CP.TO,2014-12-04,44.79999923706055,45.327999114990234,43.948001861572266,44.15800094604492,39.8370246887207,2878500
CP.TO,2014-12-05,44.04199981689453,44.7140007019043,43.74399948120117,43.7859992980957,39.50141143798828,2463500
CP.TO,2014-12-08,42.77399826049805,42.92599868774414,41.189998626708984,41.56800079345703,37.50045394897461,2660000
CP.TO,2014-12-09,41.099998474121094,42.22999954223633,40.768001556396484,42.22800064086914,38.09589385986328,3394000
CP.TO,2014-12-10,41.50400161743164,42.08000183105469,40.00400161743164,40.375999450683594,36.42509078979492,3696000
CP.TO,2014-12-11,40.37799835205078,41.24599838256836,40.09199905395508,40.262001037597656,36.32227325439453,3016500
CP.TO,2014-12-12,39.84000015258789,41.60200119018555,39.428001403808594,40.83000183105469,36.834686279296875,3200500
CP.TO,2014-12-15,41.400001525878906,41.849998474121094,40.625999450683594,41.52000045776367,37.4571647644043,2863500
CP.TO,2014-12-16,41.45600128173828,43.11800003051758,41.06399917602539,42.518001556396484,38.35750961303711,3266000
CP.TO,2014-12-17,42.54399871826172,44.54199981689453,42.18199920654297,44.305999755859375,39.970542907714844,3508000
CP.TO,2014-12-18,45.2400016784668,45.31999969482422,43.11399841308594,44.428001403808594,40.080604553222656,3460500
CP.TO,2014-12-19,44.68600082397461,44.68600082397461,43.599998474121094,43.99399948120117,39.68907928466797,7432000
CP.TO,2014-12-22,44.53200149536133,44.900001525878906,44.31399917602539,44.599998474121094,40.23577117919922,1694500
CP.TO,2014-12-23,44.62200164794922,45.38999938964844,44.487998962402344,45.38600158691406,40.94486999511719,1424000
CP.TO,2014-12-24,45.604000091552734,45.95600128173828,45.141998291015625,45.33000183105469,40.89434051513672,916500
CP.TO,2014-12-29,45.39400100708008,45.65800094604492,44.847999572753906,45.512001037597656,41.12202835083008,1570500
CP.TO,2014-12-30,45.066001892089844,45.4379997253418,44.72800064086914,44.86000061035156,40.53292465209961,1153000
CP.TO,2014-12-31,45.055999755859375,45.10599899291992,44.534000396728516,44.75,40.433536529541016,1391000
CP.TO,2015-01-02,44.91999816894531,45.400001525878906,43.71200180053711,44.40599822998047,40.122718811035156,1644500
CP.TO,2015-01-05,43.90800094604492,44.14400100708008,42.41999816894531,42.5359992980957,38.433101654052734,2767000
CP.TO,2015-01-06,42.41999816894531,42.486000061035156,41.189998626708984,41.93199920654297,37.88734436035156,2887500
CP.TO,2015-01-07,42.40800094604492,42.604000091552734,41.53799819946289,41.736000061035156,37.71026611328125,2363000
CP.TO,2015-01-08,42.08000183105469,43.0,41.82400131225586,42.81999969482422,38.689693450927734,1729500
CP.TO,2015-01-09,43.19599914550781,43.19599914550781,42.28200149536133,42.52000045776367,38.41864013671875,1309000
CP.TO,2015-01-12,42.29600143432617,42.43199920654297,41.400001525878906,42.43199920654297,38.3391227722168,1979000
CP.TO,2015-01-13,42.70399856567383,43.051998138427734,41.87200164794922,42.31800079345703,38.236114501953125,1580500
CP.TO,2015-01-14,41.79800033569336,42.27000045776367,41.38999938964844,42.18199920654297,38.11323165893555,2264000
CP.TO,2015-01-15,42.189998626708984,42.900001525878906,41.948001861572266,42.38399887084961,38.29575729370117,1644000
CP.TO,2015-01-16,42.18000030517578,42.81399917602539,42.18000030517578,42.74399948120117,38.621036529541016,1379500
CP.TO,2015-01-19,42.40399932861328,43.3120002746582,42.40399932861328,43.1619987487793,38.99870300292969,425500
CP.TO,2015-01-20,43.27799987792969,44.29800033569336,43.082000732421875,44.130001068115234,39.873355865478516,2955500
CP.TO,2015-01-21,44.04999923706055,45.757999420166016,43.88800048828125,45.391998291015625,41.013607025146484,2871000
CP.TO,2015-01-22,44.70800018310547,46.9379997253418,44.400001525878906,45.27000045776367,40.90336990356445,2739000
CP.TO,2015-01-23,45.20000076293945,45.20000076293945,43.70000076293945,43.75600051879883,39.535430908203125,2889000
CP.TO,2015-01-26,43.96799850463867,44.68000030517578,43.736000061035156,44.42599868774414,40.14078903198242,2085000
CP.TO,2015-01-27,43.99599838256836,44.70199966430664,43.619998931884766,44.52199935913086,40.22752380371094,2544500
CP.TO,2015-01-28,45.0,45.0,44.15599822998047,44.15599822998047,39.89683532714844,2050000
CP.TO,2015-01-29,44.65999984741211,45.051998138427734,44.0099983215332,44.95600128173828,40.61967468261719,2116500
CP.TO,2015-01-30,44.65999984741211,45.099998474121094,44.29399871826172,44.29399871826172,40.02152633666992,3301500
CP.TO,2015-02-02,44.5620002746582,46.0620002746582,44.104000091552734,45.5260009765625,41.13467788696289,3104000
CP.TO,2015-02-03,45.762001037597656,46.18199920654297,45.32600021362305,46.077999114990234,41.633445739746094,2861000
CP.TO,2015-02-04,46.09199905395508,46.76599884033203,46.0,46.354000091552734,41.882808685302734,2441000
CP.TO,2015-02-05,46.66999816894531,47.380001068115234,46.24800109863281,46.64799880981445,42.14845657348633,2624500
CP.TO,2015-02-06,46.78799819946289,47.4739990234375,46.78799819946289,47.02399826049805,42.48819351196289,2100000
CP.TO,2015-02-09,46.78799819946289,47.27000045776367,46.279998779296875,46.481998443603516,41.99845886230469,1976000
CP.TO,2015-02-10,46.737998962402344,47.481998443603516,46.2400016784668,47.3120002746582,42.748409271240234,2514000
CP.TO,2015-02-11,47.0,47.09000015258789,46.29999923706055,46.827999114990234,42.311100006103516,2726000
CP.TO,2015-02-12,47.119998931884766,47.119998931884766,46.04600143432617,46.698001861572266,42.19364929199219,1515500
CP.TO,2015-02-13,46.597999572753906,47.06399917602539,46.35200119018555,46.369998931884766,41.89727783203125,1206500
CP.TO,2015-02-17,46.439998626708984,48.28799819946289,46.41600036621094,47.93600082397461,43.31222152709961,2279500
CP.TO,2015-02-18,47.900001525878906,48.20000076293945,47.54999923706055,47.83399963378906,43.22006607055664,1452000
CP.TO,2015-02-19,47.60200119018555,48.54800033569336,47.37200164794922,47.43000030517578,42.855045318603516,985500
CP.TO,2015-02-20,47.5620002746582,47.83599853515625,47.20000076293945,47.63199996948242,43.03754806518555,1046500
CP.TO,2015-02-23,47.56999969482422,47.79999923706055,47.21200180053711,47.402000427246094,42.829734802246094,1493500
CP.TO,2015-02-24,47.4900016784668,47.779998779296875,46.90999984741211,46.94200134277344,42.414119720458984,1436500
CP.TO,2015-02-25,47.012001037597656,47.59000015258789,46.79399871826172,47.27199935913086,42.71226119995117,1272000
CP.TO,2015-02-26,47.400001525878906,47.683998107910156,47.097999572753906,47.20600128173828,42.65263748168945,1115500
CP.TO,2015-02-27,47.13999938964844,47.49399948120117,46.77399826049805,46.81999969482422,42.303871154785156,2170500
CP.TO,2015-03-02,47.236000061035156,47.641998291015625,46.83399963378906,47.395999908447266,42.824317932128906,1293000
CP.TO,2015-03-03,47.1619987487793,47.1619987487793,46.47600173950195,46.880001068115234,42.35807418823242,1779500
CP.TO,2015-03-04,46.66999816894531,47.41400146484375,46.47600173950195,47.347999572753906,42.78095245361328,1388000
CP.TO,2015-03-05,47.400001525878906,48.599998474121094,47.36600112915039,48.481998443603516,43.80555725097656,2145500
CP.TO,2015-03-06,48.481998443603516,48.79600143432617,47.31999969482422,47.400001525878906,42.82792282104492,1856000
CP.TO,2015-03-09,47.380001068115234,47.400001525878906,46.79600143432617,46.83000183105469,42.31290817260742,1729000
CP.TO,2015-03-10,46.70600128173828,46.75600051879883,46.268001556396484,46.46799850463867,41.985809326171875,2256500
CP.TO,2015-03-11,46.72999954223633,47.38800048828125,46.560001373291016,47.36399841308594,42.79539108276367,1675500
CP.TO,2015-03-12,47.284000396728516,47.529998779296875,46.895999908447266,47.439998626708984,42.86407470703125,1603000
CP.TO,2015-03-13,47.040000915527344,47.63999938964844,47.040000915527344,47.236000061035156,42.679744720458984,1825500
CP.TO,2015-03-16,47.33000183105469,49.0099983215332,47.29999923706055,48.37799835205078,43.71159362792969,2363000
CP.TO,2015-03-17,48.0,48.5359992980957,47.720001220703125,48.27199935913086,43.61581802368164,1362500
CP.TO,2015-03-18,48.07600021362305,48.43000030517578,47.470001220703125,47.88800048828125,43.26886749267578,2103000
CP.TO,2015-03-19,48.05799865722656,48.486000061035156,47.560001373291016,47.90599822998047,43.28511428833008,1776500
CP.TO,2015-03-20,47.58399963378906,48.06399917602539,47.38399887084961,47.551998138427734,42.965248107910156,6895000
CP.TO,2015-03-23,47.448001861572266,47.448001861572266,46.150001525878906,46.391998291015625,41.917152404785156,2110500
CP.TO,2015-03-24,46.3120002746582,46.9379997253418,46.13999938964844,46.6879997253418,42.18459701538086,1601000
CP.TO,2015-03-25,46.790000915527344,47.0,46.0,46.0,41.625370025634766,2366500
CP.TO,2015-03-26,46.013999938964844,46.189998626708984,45.13999938964844,45.981998443603516,41.60908508300781,1965500
CP.TO,2015-03-27,46.00400161743164,46.16400146484375,45.402000427246094,45.847999572753906,41.48783493041992,1566000
CP.TO,2015-03-30,45.917999267578125,46.645999908447266,45.917999267578125,46.17599868774414,41.784629821777344,1413500
CP.TO,2015-03-31,46.03799819946289,46.64799880981445,45.832000732421875,46.380001068115234,41.96923065185547,1726500
CP.TO,2015-04-01,46.35599899291992,46.61800003051758,46.0,46.369998931884766,41.96019744873047,1866000
CP.TO,2015-04-02,46.41400146484375,46.63399887084961,46.262001037597656,46.369998931884766,41.96019744873047,1635000
CP.TO,2015-04-06,46.35599899291992,46.369998931884766,45.44200134277344,45.672000885009766,41.32855987548828,2454500
CP.TO,2015-04-07,45.99399948120117,46.38999938964844,45.847999572753906,45.891998291015625,41.52764892578125,2425000
CP.TO,2015-04-08,45.981998443603516,46.358001708984375,45.7400016784668,46.316001892089844,41.91131591796875,1329500
CP.TO,2015-04-09,46.3380012512207,47.332000732421875,46.29199981689453,47.321998596191406,42.82164764404297,1295000
CP.TO,2015-04-10,47.52000045776367,47.694000244140625,47.06999969482422,47.4900016784668,42.97366714477539,1103000
CP.TO,2015-04-13,47.4739990234375,47.63999938964844,47.150001525878906,47.25199890136719,42.7583122253418,1103000
CP.TO,2015-04-14,46.24399948120117,46.7599983215332,45.900001525878906,46.63199996948242,42.19725799560547,2130500
CP.TO,2015-04-15,46.99800109863281,47.39799880981445,46.257999420166016,46.433998107910156,42.01810073852539,1444000
CP.TO,2015-04-16,46.417999267578125,46.50600051879883,45.84000015258789,45.93199920654297,41.5638427734375,1146000
CP.TO,2015-04-17,45.742000579833984,46.512001037597656,45.492000579833984,46.42599868774414,42.01085662841797,978500
CP.TO,2015-04-20,46.512001037597656,47.470001220703125,46.40399932861328,47.45199966430664,42.93928909301758,1406000
CP.TO,2015-04-21,47.86000061035156,48.20000076293945,46.21799850463867,46.42399978637695,42.0090446472168,1951500
CP.TO,2015-04-22,46.52399826049805,48.34600067138672,46.465999603271484,47.917999267578125,43.36096954345703,2166000
CP.TO,2015-04-23,47.72600173950195,48.18600082397461,47.0620002746582,47.981998443603516,43.418888092041016,1268500
CP.TO,2015-04-24,48.15999984741211,48.167999267578125,47.66600036621094,48.0359992980957,43.467742919921875,901500
CP.TO,2015-04-27,48.097999572753906,48.11199951171875,46.970001220703125,47.284000396728516,42.78728103637695,1229000
CP.TO,2015-04-28,47.3380012512207,47.3380012512207,46.5620002746582,46.90999984741211,42.44881820678711,966500
CP.TO,2015-04-29,46.64400100708008,46.70000076293945,45.959999084472656,46.52399826049805,42.09953689575195,1343500
CP.TO,2015-04-30,46.54399871826172,46.625999450683594,45.933998107910156,46.00600051879883,41.63080978393555,1501500
CP.TO,2015-05-01,46.24800109863281,47.470001220703125,46.215999603271484,47.22600173950195,42.734771728515625,1506000
CP.TO,2015-05-04,47.608001708984375,47.880001068115234,47.099998474121094,47.27399826049805,42.778221130371094,1524500
CP.TO,2015-05-05,47.29999923706055,47.31399917602539,45.555999755859375,45.65399932861328,41.31227493286133,1619500
CP.TO,2015-05-06,45.70000076293945,45.75,44.720001220703125,45.09600067138672,40.807342529296875,1741000
CP.TO,2015-05-07,45.00199890136719,46.00600051879883,44.63199996948242,45.917999267578125,41.551170349121094,1884000
CP.TO,2015-05-08,46.15399932861328,46.2599983215332,45.53799819946289,45.64400100708008,41.3032341003418,1281500
CP.TO,2015-05-11,45.7599983215332,45.95800018310547,45.1879997253418,45.27199935913086,40.96660232543945,993000
CP.TO,2015-05-12,45.17599868774414,45.17599868774414,43.84000015258789,43.88800048828125,39.71422576904297,1954000
CP.TO,2015-05-13,43.90800094604492,43.97200012207031,42.354000091552734,42.85200119018555,38.776737213134766,2408500
CP.TO,2015-05-14,42.400001525878906,43.236000061035156,41.709999084472656,42.790000915527344,38.72065734863281,2882500
CP.TO,2015-05-15,42.715999603271484,43.465999603271484,42.715999603271484,43.150001525878906,39.046409606933594,1138000
CP.TO,2015-05-19,43.15999984741211,43.21200180053711,42.22800064086914,42.55400085449219,38.50709533691406,2269000
CP.TO,2015-05-20,42.58000183105469,42.768001556396484,42.11000061035156,42.38999938964844,38.358680725097656,1961000
CP.TO,2015-05-21,42.029998779296875,43.5,42.029998779296875,43.183998107910156,39.07717514038086,1723500
CP.TO,2015-05-22,43.183998107910156,43.58399963378906,42.821998596191406,43.55400085449219,39.411991119384766,1447500
CP.TO,2015-05-25,43.52199935913086,43.597999572753906,43.31999969482422,43.4900016784668,39.35407638549805,212500
CP.TO,2015-05-26,43.97999954223633,44.172000885009766,43.16999816894531,43.20600128173828,39.09708023071289,1897000
CP.TO,2015-05-27,43.279998779296875,43.737998962402344,43.27000045776367,43.55400085449219,39.411991119384766,1296000
CP.TO,2015-05-28,43.40399932861328,43.481998443603516,41.39400100708008,41.7599983215332,37.788604736328125,4225000
CP.TO,2015-05-29,41.52399826049805,41.78799819946289,40.849998474121094,40.98400115966797,37.08640670776367,7270000
CP.TO,2015-06-01,40.667999267578125,41.95399856567383,40.667999267578125,41.93600082397461,37.9478645324707,2484000
CP.TO,2015-06-02,41.849998474121094,42.07400131225586,41.40399932861328,41.51599884033203,37.56779861450195,1939500
CP.TO,2015-06-03,41.599998474121094,42.16400146484375,41.4640007019043,41.599998474121094,37.64380645751953,1337000
CP.TO,2015-06-04,41.599998474121094,42.04199981689453,41.37799835205078,41.95800018310547,37.96778106689453,1835500
CP.TO,2015-06-05,41.95600128173828,42.301998138427734,41.81800079345703,42.119998931884766,38.1143684387207,1849500
CP.TO,2015-06-08,42.00199890136719,42.00199890136719,40.8120002746582,41.02399826049805,37.122596740722656,1772000
CP.TO,2015-06-09,40.99399948120117,41.108001708984375,40.486000061035156,40.72999954223633,36.8565559387207,2209500
CP.TO,2015-06-10,40.652000427246094,41.141998291015625,40.43000030517578,40.75400161743164,36.87827682495117,2273000
CP.TO,2015-06-11,41.09400177001953,41.52000045776367,40.70199966430664,41.013999938964844,37.113548278808594,3022500
CP.TO,2015-06-12,40.70399856567383,41.5359992980957,40.70399856567383,41.16600036621094,37.2510871887207,2830500
CP.TO,2015-06-15,40.93000030517578,41.42599868774414,40.81999969482422,41.15999984741211,37.24565505981445,2351500
CP.TO,2015-06-16,41.189998626708984,41.566001892089844,41.077999114990234,41.130001068115234,37.21852111816406,2130500
CP.TO,2015-06-17,41.55400085449219,41.55400085449219,40.900001525878906,41.145999908447266,37.23300552368164,2342500
CP.TO,2015-06-18,41.00199890136719,41.689998626708984,40.94200134277344,41.49399948120117,37.54790496826172,1471000
CP.TO,2015-06-19,41.099998474121094,41.75199890136719,40.97800064086914,41.220001220703125,37.29995346069336,6303500
CP.TO,2015-06-22,41.400001525878906,41.65999984741211,41.301998138427734,41.45800018310547,37.515323638916016,2108000
CP.TO,2015-06-23,41.48400115966797,41.86399841308594,41.36600112915039,41.395999908447266,37.459232330322266,2468000
CP.TO,2015-06-24,41.38199996948242,41.68600082397461,40.27799987792969,40.36800003051758,36.590843200683594,3041500
CP.TO,2015-06-25,40.77399826049805,40.77399826049805,39.933998107910156,40.01599884033203,36.271793365478516,3000000
CP.TO,2015-06-26,40.332000732421875,40.40399932861328,39.75400161743164,39.790000915527344,36.06694030761719,1890000
CP.TO,2015-06-29,39.400001525878906,39.84400177001953,39.13800048828125,39.61000061035156,35.90378952026367,2489000
CP.TO,2015-06-30,39.66400146484375,40.152000427246094,39.61000061035156,40.00400161743164,36.26090621948242,3071000
CP.TO,2015-07-02,40.20399856567383,40.65800094604492,40.051998138427734,40.540000915527344,36.746761322021484,2049000
CP.TO,2015-07-03,40.257999420166016,41.36199951171875,40.257999420166016,41.013999938964844,37.17640686035156,846000
CP.TO,2015-07-06,40.68000030517578,41.237998962402344,40.40800094604492,40.54199981689453,36.748573303222656,2397500
CP.TO,2015-07-07,40.599998474121094,40.90999984741211,40.082000732421875,40.87200164794922,37.04770278930664,1823000
CP.TO,2015-07-08,40.61800003051758,40.61800003051758,39.6879997253418,39.6879997253418,35.974483489990234,1869500
CP.TO,2015-07-09,40.198001861572266,40.34400177001953,39.22800064086914,39.257999420166016,35.584712982177734,1841000
CP.TO,2015-07-10,39.60200119018555,40.08000183105469,39.31399917602539,39.91600036621094,36.18113708496094,4626500
CP.TO,2015-07-13,40.145999908447266,40.54399871826172,40.013999938964844,40.02199935913086,36.27722930908203,1009000
CP.TO,2015-07-14,39.84199905395508,40.27399826049805,39.68600082397461,39.895999908447266,36.16301727294922,1195500
CP.TO,2015-07-15,39.92599868774414,40.95800018310547,39.92599868774414,40.45800018310547,36.67243194580078,1328500
CP.TO,2015-07-16,40.507999420166016,40.731998443603516,40.18000030517578,40.641998291015625,36.83920669555664,942000
CP.TO,2015-07-17,40.683998107910156,41.16999816894531,40.58399963378906,40.987998962402344,37.15283203125,1011500
CP.TO,2015-07-20,41.00199890136719,41.534000396728516,40.92399978637695,41.27000045776367,37.408451080322266,1648500
CP.TO,2015-07-21,40.95399856567383,41.69599914550781,37.95800018310547,38.99399948120117,35.34540939331055,4187000
CP.TO,2015-07-22,39.487998962402344,41.25199890136719,39.487998962402344,41.02000045776367,37.18186569213867,3763000
CP.TO,2015-07-23,40.79800033569336,40.97200012207031,40.04399871826172,40.2760009765625,36.50746536254883,2855500
CP.TO,2015-07-24,40.465999603271484,41.29999923706055,40.38600158691406,40.895999908447266,37.06945037841797,2371000
CP.TO,2015-07-27,40.52399826049805,40.63800048828125,40.11800003051758,40.34400177001953,36.56909942626953,2067500
CP.TO,2015-07-28,40.54999923706055,40.88399887084961,40.29600143432617,40.71200180053711,36.90267562866211,2682000
CP.TO,2015-07-29,40.672000885009766,41.900001525878906,40.571998596191406,41.85200119018555,37.93600082397461,2244000
CP.TO,2015-07-30,41.599998474121094,42.16999816894531,41.50600051879883,42.029998779296875,38.09734344482422,1512500
CP.TO,2015-07-31,42.00600051879883,42.4119987487793,41.88999938964844,42.108001708984375,38.16804885864258,1606500
CP.TO,2015-08-04,42.0,42.20000076293945,41.78200149536133,41.847999572753906,37.932369232177734,1444500
CP.TO,2015-08-05,41.97999954223633,42.22999954223633,41.742000579833984,41.76599884033203,37.858055114746094,1718500
CP.TO,2015-08-06,41.604000091552734,41.7239990234375,40.763999938964844,41.1619987487793,37.31055450439453,2645000
CP.TO,2015-08-07,41.301998138427734,41.63199996948242,40.965999603271484,41.11800003051758,37.27069091796875,2730000
CP.TO,2015-08-10,41.23400115966797,41.96799850463867,41.23400115966797,41.85200119018555,37.93600082397461,2805500
CP.TO,2015-08-11,41.599998474121094,42.03200149536133,41.599998474121094,41.847999572753906,37.932369232177734,3468500
CP.TO,2015-08-12,41.47999954223633,41.512001037597656,40.599998474121094,41.316001892089844,37.45014953613281,2194500
CP.TO,2015-08-13,41.22800064086914,41.810001373291016,41.22800064086914,41.305999755859375,37.44108963012695,2012000
CP.TO,2015-08-14,41.28200149536133,41.891998291015625,41.279998779296875,41.667999267578125,37.769222259521484,1743000
CP.TO,2015-08-17,41.66600036621094,41.66600036621094,40.965999603271484,41.15800094604492,37.306941986083984,1797000
CP.TO,2015-08-18,40.922000885009766,41.18600082397461,40.47600173950195,40.5359992980957,36.743133544921875,2057000
CP.TO,2015-08-19,40.534000396728516,40.582000732421875,39.624000549316406,39.68199920654297,35.96903991699219,2180000
CP.TO,2015-08-20,39.141998291015625,39.152000427246094,37.68000030517578,38.29800033569336,34.714542388916016,3876500
CP.TO,2015-08-21,37.5099983215332,37.86600112915039,36.922000885009766,37.06399917602539,33.596004486083984,3668000
CP.TO,2015-08-24,34.83599853515625,36.9900016784668,34.402000427246094,36.09400177001953,32.71675491333008,3084500
CP.TO,2015-08-25,36.52199935913086,36.97999954223633,35.47600173950195,35.604000091552734,32.272613525390625,3029500
CP.TO,2015-08-26,36.34600067138672,36.50400161743164,35.4900016784668,36.27199935913086,32.878116607666016,3619000
CP.TO,2015-08-27,36.45199966430664,38.215999603271484,36.45199966430664,38.0,34.44443130493164,2903500
CP.TO,2015-08-28,37.95000076293945,38.88199996948242,37.757999420166016,38.63600158691406,35.02090835571289,2291500
CP.TO,2015-08-31,38.79999923706055,38.895999908447266,38.11600112915039,38.21799850463867,34.64202117919922,2006000
CP.TO,2015-09-01,37.694000244140625,37.779998779296875,36.68000030517578,37.12200164794922,33.64857864379883,1728500
CP.TO,2015-09-02,37.52000045776367,37.69599914550781,36.63600158691406,36.93000030517578,33.47454071044922,1461000
CP.TO,2015-09-03,37.077999114990234,37.44200134277344,36.73400115966797,37.209999084472656,33.72834014892578,1204500
CP.TO,2015-09-04,36.604000091552734,37.20000076293945,36.60200119018555,36.82600021362305,33.38026809692383,931500
CP.TO,2015-09-08,37.20199966430664,38.03200149536133,37.20199966430664,37.93000030517578,34.38096237182617,1113500
CP.TO,2015-09-09,38.040000915527344,38.61600112915039,37.683998107910156,38.029998779296875,34.47161865234375,1468500
CP.TO,2015-09-10,37.70199966430664,39.1619987487793,37.70000076293945,38.470001220703125,34.870445251464844,1301000
CP.TO,2015-09-11,38.19200134277344,38.99399948120117,37.99599838256836,38.051998138427734,34.49154281616211,1240500
CP.TO,2015-09-14,38.04399871826172,38.27799987792969,37.784000396728516,37.94599914550781,34.395477294921875,2135500
CP.TO,2015-09-15,37.93199920654297,38.88199996948242,37.93000030517578,38.83399963378906,35.20039367675781,2303500
CP.TO,2015-09-16,38.731998443603516,39.560001373291016,38.650001525878906,39.33399963378906,35.653602600097656,1610000
CP.TO,2015-09-17,39.327999114990234,39.917999267578125,39.305999755859375,39.33599853515625,35.65541458129883,1345500
CP.TO,2015-09-18,38.45000076293945,39.29399871826172,38.422000885009766,38.763999938964844,35.13693618774414,9503500
CP.TO,2015-09-21,38.832000732421875,40.18000030517578,38.827999114990234,39.24800109863281,35.575660705566406,2347500
CP.TO,2015-09-22,38.69200134277344,38.698001861572266,37.81800079345703,38.00400161743164,34.44805908203125,1917500
CP.TO,2015-09-23,38.08000183105469,38.16600036621094,37.220001220703125,37.566001892089844,34.11386489868164,1420000
CP.TO,2015-09-24,37.29999923706055,37.347999572753906,36.48400115966797,37.03200149536133,33.62893295288086,2722000
CP.TO,2015-09-25,37.46200180053711,37.933998107910156,37.433998107910156,37.63199996948242,34.17380905151367,3537500
CP.TO,2015-09-28,37.518001556396484,37.599998474121094,36.79199981689453,36.82600021362305,33.441864013671875,2508500
CP.TO,2015-09-29,36.84199905395508,37.23400115966797,36.619998931884766,37.099998474121094,33.69068908691406,3050500
CP.TO,2015-09-30,37.63199996948242,38.34000015258789,37.63199996948242,38.30799865722656,34.787681579589844,2848500
CP.TO,2015-10-01,38.5359992980957,38.891998291015625,38.29999923706055,38.83399963378906,35.265342712402344,2230500
CP.TO,2015-10-02,38.400001525878906,39.47600173950195,38.099998474121094,39.36000061035156,35.743003845214844,2454500
CP.TO,2015-10-05,39.64799880981445,39.88800048828125,39.310001373291016,39.50600051879883,35.87559509277344,2330000
CP.TO,2015-10-06,39.46799850463867,39.65800094604492,38.77799987792969,38.902000427246094,35.32710266113281,2077500
CP.TO,2015-10-07,39.06800079345703,40.03799819946289,39.066001892089844,39.95000076293945,36.27879333496094,1727000
CP.TO,2015-10-08,39.880001068115234,40.80400085449219,39.880001068115234,40.67599868774414,36.93806838989258,1756500
CP.TO,2015-10-09,40.80400085449219,40.880001068115234,40.332000732421875,40.737998962402344,36.99437713623047,1465500
CP.TO,2015-10-13,40.12200164794922,40.20800018310547,39.30799865722656,39.369998931884766,35.75209045410156,2009500
CP.TO,2015-10-14,39.40999984741211,39.40999984741211,38.77199935913086,38.9900016784668,35.407012939453125,2316500
CP.TO,2015-10-15,39.33000183105469,39.5880012512207,38.74800109863281,39.051998138427734,35.46330642700195,1637000
CP.TO,2015-10-16,39.29800033569336,39.3120002746582,38.284000396728516,38.284000396728516,34.76588439941406,1402000
CP.TO,2015-10-19,38.24599838256836,38.47999954223633,37.76599884033203,38.04399871826172,34.547943115234375,2070500
CP.TO,2015-10-20,38.6619987487793,39.57600021362305,37.20000076293945,39.34400177001953,35.728477478027344,2011000
CP.TO,2015-10-21,39.944000244140625,39.95199966430664,38.95000076293945,38.986000061035156,35.40336608886719,2228500
CP.TO,2015-10-22,39.11000061035156,40.4900016784668,39.11000061035156,40.20000076293945,36.50582504272461,2290500
CP.TO,2015-10-23,40.395999908447266,40.74800109863281,39.70800018310547,40.433998107910156,36.71832275390625,1676000
CP.TO,2015-10-26,40.53799819946289,40.53799819946289,40.0359992980957,40.23400115966797,36.536685943603516,1360000
CP.TO,2015-10-27,40.051998138427734,40.051998138427734,38.16999816894531,38.35200119018555,34.82762908935547,2982000
CP.TO,2015-10-28,38.60200119018555,38.90800094604492,37.57400131225586,38.00600051879883,34.51343536376953,3012500
CP.TO,2015-10-29,38.0,38.20600128173828,37.650001525878906,37.88600158691406,34.40445327758789,1865000
CP.TO,2015-10-30,38.2140007019043,38.2140007019043,36.63600158691406,36.75,33.37285614013672,3109000
CP.TO,2015-11-02,36.83000183105469,36.87200164794922,36.2239990234375,36.67399978637695,33.30384063720703,1972500
CP.TO,2015-11-03,36.694000244140625,37.400001525878906,36.36800003051758,37.03200149536133,33.62893295288086,1826000
CP.TO,2015-11-04,37.15399932861328,37.29999923706055,35.992000579833984,36.29999923706055,32.96420669555664,2070000
CP.TO,2015-11-05,36.35200119018555,36.46799850463867,35.529998779296875,35.81800079345703,32.52649688720703,2373500
CP.TO,2015-11-06,35.81800079345703,35.95800018310547,35.43600082397461,35.72600173950195,32.44295120239258,1726000
CP.TO,2015-11-09,35.599998474121094,38.400001525878906,34.74800109863281,37.757999420166016,34.288204193115234,4251000
CP.TO,2015-11-10,37.54600143432617,38.11600112915039,36.88800048828125,37.15599822998047,33.74155044555664,2020000
CP.TO,2015-11-11,37.347999572753906,37.35200119018555,36.3380012512207,36.486000061035156,33.13310623168945,1466500
CP.TO,2015-11-12,36.375999450683594,36.801998138427734,36.0,36.52399826049805,33.167625427246094,1862500
CP.TO,2015-11-13,36.492000579833984,37.099998474121094,36.124000549316406,36.2239990234375,32.895198822021484,1422000
CP.TO,2015-11-16,36.27199935913086,36.650001525878906,35.87200164794922,36.650001525878906,33.28203582763672,1690000
CP.TO,2015-11-17,36.65599822998047,37.290000915527344,35.689998626708984,36.93600082397461,33.54176712036133,2257500
CP.TO,2015-11-18,38.071998596191406,39.69200134277344,38.0,38.987998962402344,35.40518569946289,4921000
CP.TO,2015-11-19,39.04999923706055,39.630001068115234,38.577999114990234,39.4379997253418,35.813838958740234,1916500
CP.TO,2015-11-20,39.720001220703125,40.07400131225586,39.321998596191406,39.7760009765625,36.12078094482422,2668000
CP.TO,2015-11-23,39.93199920654297,39.9900016784668,39.071998596191406,39.332000732421875,35.71757507324219,1192500
CP.TO,2015-11-24,39.034000396728516,39.262001037597656,38.849998474121094,38.93600082397461,35.35798263549805,1808000
CP.TO,2015-11-25,39.15999984741211,39.5099983215332,38.939998626708984,39.29999923706055,35.68851089477539,1333500
CP.TO,2015-11-26,39.00600051879883,39.45000076293945,39.00600051879883,39.27799987792969,35.66853713989258,182500
CP.TO,2015-11-27,39.32400131225586,39.90800094604492,38.965999603271484,38.965999603271484,35.38520431518555,854000
CP.TO,2015-11-30,39.13800048828125,39.5880012512207,39.13199996948242,39.37799835205078,35.759342193603516,3484000
CP.TO,2015-12-01,39.36000061035156,39.75400161743164,39.16999816894531,39.36600112915039,35.748451232910156,1861000
CP.TO,2015-12-02,39.29999923706055,39.310001373291016,37.92399978637695,38.194000244140625,34.684165954589844,3251500
CP.TO,2015-12-03,38.433998107910156,38.44200134277344,37.42599868774414,37.560001373291016,34.10841369628906,1445500
CP.TO,2015-12-04,37.11399841308594,37.172000885009766,35.900001525878906,36.029998779296875,32.71901321411133,3365000
CP.TO,2015-12-07,35.922000885009766,36.077999114990234,35.13399887084961,35.22200012207031,31.985279083251953,2716000
CP.TO,2015-12-08,34.88199996948242,34.88199996948242,33.70000076293945,34.327999114990234,31.173437118530273,2779500
CP.TO,2015-12-09,34.354000091552734,35.05400085449219,34.066001892089844,34.992000579833984,31.77642059326172,2409000
CP.TO,2015-12-10,34.99399948120117,35.06800079345703,34.19200134277344,34.36000061035156,31.20248031616211,2154000
CP.TO,2015-12-11,34.0,34.327999114990234,33.742000579833984,33.95399856567383,30.833791732788086,2758500
CP.TO,2015-12-14,33.86000061035156,34.22800064086914,33.624000549316406,33.816001892089844,30.70847511291504,2844000
CP.TO,2015-12-15,33.939998626708984,34.402000427246094,33.79999923706055,34.32600021362305,31.17160987854004,2017500
CP.TO,2015-12-16,34.43000030517578,35.5,34.42599868774414,35.41600036621094,32.16145324707031,2355000
CP.TO,2015-12-17,35.737998962402344,35.95000076293945,35.22600173950195,35.459999084472656,32.20139694213867,3315000
CP.TO,2015-12-18,35.20000076293945,35.59000015258789,34.65399932861328,35.0,31.78367805480957,8081500
CP.TO,2015-12-21,35.0,35.27399826049805,34.290000915527344,34.46200180053711,31.29509925842285,2545500
CP.TO,2015-12-22,34.4119987487793,35.37200164794922,34.35200119018555,35.2239990234375,31.98707389831543,2164000
CP.TO,2015-12-23,35.41999816894531,35.619998931884766,35.097999572753906,35.59199905395508,32.321266174316406,1686500
CP.TO,2015-12-24,35.63199996948242,35.86600112915039,35.36000061035156,35.375999450683594,32.1251106262207,470500
CP.TO,2015-12-29,35.63800048828125,35.900001525878906,35.375999450683594,35.5099983215332,32.31073760986328,1789500
CP.TO,2015-12-30,35.512001037597656,35.70600128173828,35.20000076293945,35.39799880981445,32.20883560180664,1027000
CP.TO,2015-12-31,35.00600051879883,35.41600036621094,34.90800094604492,35.34600067138672,32.16151809692383,1765000
CP.TO,2016-01-04,34.97200012207031,35.27799987792969,34.04399871826172,35.231998443603516,32.05778121948242,1500000
CP.TO,2016-01-05,35.055999755859375,35.428001403808594,34.672000885009766,35.2859992980957,32.10691833496094,2347500
CP.TO,2016-01-06,34.86199951171875,35.0,32.68600082397461,32.986000061035156,30.014137268066406,3626500
CP.TO,2016-01-07,31.799999237060547,32.349998474121094,31.61400032043457,31.753999710083008,28.89312744140625,2716000
CP.TO,2016-01-08,31.917999267578125,32.28799819946289,31.79400062561035,31.90999984741211,29.035078048706055,1814500
CP.TO,2016-01-11,32.02399826049805,32.02399826049805,30.959999084472656,31.860000610351562,28.989587783813477,2255000
CP.TO,2016-01-12,31.950000762939453,32.40399932861328,31.389999389648438,31.757999420166016,28.89676856994629,1919000
CP.TO,2016-01-13,31.895999908447266,31.993999481201172,30.040000915527344,30.110000610351562,27.397241592407227,4172500
CP.TO,2016-01-14,30.079999923706055,30.827999114990234,29.884000778198242,30.621999740600586,27.863117218017578,4774000
CP.TO,2016-01-15,29.573999404907227,30.378000259399414,29.552000045776367,30.327999114990234,27.595605850219727,1877000
CP.TO,2016-01-18,30.554000854492188,30.56399917602539,30.003999710083008,30.520000457763672,27.770309448242188,362500
CP.TO,2016-01-19,30.777999877929688,31.20800018310547,30.402000427246094,30.996000289916992,28.203426361083984,2877000
CP.TO,2016-01-20,30.535999298095703,30.70400047302246,29.450000762939453,30.233999252319336,27.510072708129883,4808000
CP.TO,2016-01-21,29.899999618530273,30.06800079345703,28.003999710083008,29.968000411987305,27.268041610717773,5028500
CP.TO,2016-01-22,31.04800033569336,33.439998626708984,30.753999710083008,33.14799880981445,30.161544799804688,6209500
CP.TO,2016-01-25,33.09600067138672,33.11800003051758,32.4119987487793,32.47800064086914,29.551902770996094,1354000
CP.TO,2016-01-26,32.63199996948242,32.939998626708984,32.22200012207031,32.720001220703125,29.772104263305664,2689500
CP.TO,2016-01-27,32.847999572753906,33.077999114990234,32.15800094604492,32.513999938964844,29.584659576416016,3231500
CP.TO,2016-01-28,32.77799987792969,34.04999923706055,32.70000076293945,33.827999114990234,30.780284881591797,3057000
CP.TO,2016-01-29,33.959999084472656,34.2859992980957,33.512001037597656,33.68000030517578,30.64560890197754,2422000
CP.TO,2016-02-01,32.90399932861328,33.47200012207031,32.321998596191406,33.36000061035156,30.354450225830078,1321500
CP.TO,2016-02-02,32.72800064086914,32.72800064086914,31.4060001373291,31.808000564575195,28.942276000976562,2176500
CP.TO,2016-02-03,32.20000076293945,32.20000076293945,31.054000854492188,31.805999755859375,28.940446853637695,2322000
CP.TO,2016-02-04,31.8700008392334,34.54399871826172,31.722000122070312,33.959999084472656,30.90037727355957,3174000
CP.TO,2016-02-05,33.58599853515625,33.86399841308594,33.12799835205078,33.71200180053711,30.674726486206055,2318500
CP.TO,2016-02-08,33.11600112915039,34.0260009765625,32.8120002746582,33.88800048828125,30.834867477416992,2788500
CP.TO,2016-02-09,33.007999420166016,34.91999816894531,33.00600051879883,34.507999420166016,31.399002075195312,4282500
CP.TO,2016-02-10,34.25600051879883,34.96200180053711,34.25600051879883,34.7400016784668,31.610118865966797,4729000
CP.TO,2016-02-11,34.25600051879883,34.25600051879883,32.78200149536133,33.768001556396484,30.725683212280273,4682000
CP.TO,2016-02-12,34.0,34.624000549316406,33.619998931884766,34.34199905395508,31.247966766357422,1622500
CP.TO,2016-02-16,34.56399917602539,34.849998474121094,33.77199935913086,34.79600143432617,31.661069869995117,1602500
CP.TO,2016-02-17,35.0,35.76599884033203,34.768001556396484,35.534000396728516,32.33256912231445,1666500
CP.TO,2016-02-18,35.0,35.74800109863281,34.36199951171875,34.87200164794922,31.730220794677734,1577000
CP.TO,2016-02-19,34.44599914550781,35.11000061035156,34.28799819946289,34.678001403808594,31.553695678710938,1207500
CP.TO,2016-02-22,35.012001037597656,35.422000885009766,34.869998931884766,34.891998291015625,31.74839973449707,2093000
CP.TO,2016-02-23,34.68199920654297,34.959999084472656,33.5359992980957,33.66600036621094,30.632875442504883,3314000
CP.TO,2016-02-24,33.38800048828125,33.38800048828125,32.422000885009766,32.95800018310547,29.988658905029297,2965500
CP.TO,2016-02-25,33.20800018310547,33.21200180053711,32.316001892089844,32.59600067138672,29.659276962280273,1639000
CP.TO,2016-02-26,32.981998443603516,33.5,32.49399948120117,32.604000091552734,29.66655158996582,2371000
CP.TO,2016-02-29,32.60599899291992,33.220001220703125,32.48400115966797,32.97800064086914,30.006866455078125,4011500
CP.TO,2016-03-01,33.0620002746582,33.75400161743164,32.66400146484375,33.04399871826172,30.066911697387695,2449500
CP.TO,2016-03-02,33.17399978637695,33.2599983215332,32.2140007019043,32.27799987792969,29.369924545288086,2104500
CP.TO,2016-03-03,32.47800064086914,32.86399841308594,32.130001068115234,32.67399978637695,29.73024559020996,1717500
CP.TO,2016-03-04,32.68600082397461,33.784000396728516,32.66600036621094,33.395999908447266,30.387197494506836,1694500
CP.TO,2016-03-07,33.31399917602539,35.013999938964844,33.3120002746582,34.97200012207031,31.82120132446289,2152500
CP.TO,2016-03-08,34.79600143432617,35.16999816894531,33.67399978637695,33.709999084472656,30.672901153564453,3146000
CP.TO,2016-03-09,34.01599884033203,34.349998474121094,33.417999267578125,34.183998107910156,31.10420036315918,1345000
CP.TO,2016-03-10,34.40599822998047,34.847999572753906,33.23400115966797,33.56399917602539,30.540054321289062,1587000
CP.TO,2016-03-11,33.87799835205078,34.99599838256836,33.709999084472656,34.94200134277344,31.793914794921875,1525000
CP.TO,2016-03-14,34.79999923706055,35.36199951171875,34.625999450683594,35.02399826049805,31.868528366088867,1575000
CP.TO,2016-03-15,34.97600173950195,34.97600173950195,33.84000015258789,33.97600173950195,30.91493797302246,2621000
CP.TO,2016-03-16,34.358001708984375,34.358001708984375,33.301998138427734,33.400001525878906,30.390853881835938,2401500
CP.TO,2016-03-17,33.41999816894531,34.099998474121094,32.900001525878906,33.83399963378906,30.785737991333008,2361500
CP.TO,2016-03-18,34.29800033569336,34.948001861572266,34.104000091552734,34.88399887084961,31.741132736206055,3767000
CP.TO,2016-03-21,34.90599822998047,35.4900016784668,34.88399887084961,35.2859992980957,32.10691833496094,1743000
CP.TO,2016-03-22,34.9900016784668,35.007999420166016,34.04999923706055,34.051998138427734,31.045677185058594,1642000
CP.TO,2016-03-23,34.58399963378906,34.58399963378906,34.060001373291016,34.104000091552734,31.09308433532715,1199000
CP.TO,2016-03-24,34.22800064086914,34.35200119018555,33.698001861572266,34.22999954223633,31.207958221435547,858000
CP.TO,2016-03-28,34.30799865722656,34.375999450683594,33.369998931884766,33.84000015258789,30.852405548095703,1271500
CP.TO,2016-03-29,33.63399887084961,34.38399887084961,33.34000015258789,34.262001037597656,31.237144470214844,1210000
CP.TO,2016-03-30,34.560001373291016,35.19599914550781,34.46799850463867,34.75,31.682069778442383,1383000
CP.TO,2016-03-31,34.619998931884766,34.768001556396484,34.178001403808594,34.5099983215332,31.463237762451172,1966000
CP.TO,2016-04-01,34.59400177001953,34.59400177001953,33.70000076293945,34.34400177001953,31.311901092529297,1789000
CP.TO,2016-04-04,34.400001525878906,34.790000915527344,34.24399948120117,34.38199996948242,31.346548080444336,1455500
CP.TO,2016-04-05,34.15399932861328,34.70000076293945,34.00600051879883,34.395999908447266,31.35932159423828,935000
CP.TO,2016-04-06,34.422000885009766,34.518001556396484,33.90999984741211,34.04999923706055,31.043853759765625,1573000
CP.TO,2016-04-07,33.95199966430664,34.35599899291992,33.70000076293945,34.215999603271484,31.19520378112793,1370000
CP.TO,2016-04-08,34.402000427246094,35.06999969482422,34.29800033569336,35.0620002746582,31.966522216796875,1677500
CP.TO,2016-04-11,35.20199966430664,36.400001525878906,35.20199966430664,35.981998443603516,32.80527877807617,2627500
CP.TO,2016-04-12,35.981998443603516,37.14400100708008,35.981998443603516,36.78799819946289,33.54013442993164,2596500
CP.TO,2016-04-13,37.395999908447266,38.7760009765625,37.34600067138672,38.36199951171875,34.97516632080078,3341500
CP.TO,2016-04-14,38.32400131225586,38.41999816894531,37.79999923706055,37.99599838256836,34.64149475097656,1882500
CP.TO,2016-04-15,37.96799850463867,38.05799865722656,37.49399948120117,37.529998779296875,34.21662521362305,1739500
CP.TO,2016-04-18,37.487998962402344,37.77199935913086,37.15800094604492,37.29800033569336,34.00510025024414,1058500
CP.TO,2016-04-19,37.45399856567383,37.9900016784668,37.31999969482422,37.9900016784668,34.63601303100586,1946500
CP.TO,2016-04-20,37.32400131225586,37.97200012207031,36.599998474121094,37.7140007019043,34.384376525878906,3718500
CP.TO,2016-04-21,37.5,38.39400100708008,37.41999816894531,38.23400115966797,34.85847091674805,2190500
CP.TO,2016-04-22,38.124000549316406,38.21200180053711,37.5359992980957,37.86000061035156,34.51748275756836,1980000
CP.TO,2016-04-25,37.597999572753906,37.694000244140625,36.57600021362305,36.698001861572266,33.45806884765625,1934500
CP.TO,2016-04-26,36.400001525878906,36.79399871826172,35.92399978637695,36.15800094604492,32.965755462646484,2578500
CP.TO,2016-04-27,36.38600158691406,36.79999923706055,36.27000045776367,36.645999908447266,33.41066360473633,1531500
CP.TO,2016-04-28,36.604000091552734,36.94200134277344,36.15599822998047,36.28200149536133,33.07880783081055,1742000
CP.TO,2016-04-29,36.39400100708008,36.400001525878906,35.84000015258789,36.20600128173828,33.009521484375,1949500
CP.TO,2016-05-02,36.3120002746582,36.61000061035156,35.8380012512207,36.47800064086914,33.257503509521484,1691000
CP.TO,2016-05-03,36.082000732421875,36.417999267578125,35.95000076293945,36.310001373291016,33.104339599609375,1679000
CP.TO,2016-05-04,36.145999908447266,36.47200012207031,36.051998138427734,36.29800033569336,33.09339141845703,1453000
CP.TO,2016-05-05,36.40999984741211,36.49399948120117,36.02000045776367,36.03200149536133,32.85088348388672,1933500
CP.TO,2016-05-06,36.0,36.33000183105469,35.79600143432617,35.86399841308594,32.69770431518555,1241500
CP.TO,2016-05-09,36.018001556396484,36.09199905395508,35.3120002746582,35.43600082397461,32.30751037597656,1942500
CP.TO,2016-05-10,35.69200134277344,36.055999755859375,35.551998138427734,35.650001525878906,32.50260543823242,2081000
CP.TO,2016-05-11,35.619998931884766,35.619998931884766,35.10599899291992,35.400001525878906,32.27467727661133,2040500
CP.TO,2016-05-12,35.47200012207031,35.79999923706055,35.20000076293945,35.262001037597656,32.14885330200195,2189000
CP.TO,2016-05-13,35.20199966430664,35.512001037597656,34.45199966430664,34.57400131225586,31.521596908569336,1817000
CP.TO,2016-05-16,34.57400131225586,35.183998107910156,34.49599838256836,34.5,31.454133987426758,1945000
CP.TO,2016-05-17,34.50199890136719,35.04999923706055,34.36000061035156,34.38800048828125,31.352008819580078,2263500
CP.TO,2016-05-18,34.400001525878906,34.95199966430664,34.13800048828125,34.34199905395508,31.310075759887695,2771500
CP.TO,2016-05-19,34.29199981689453,34.29199981689453,33.439998626708984,33.604000091552734,30.637229919433594,2872500
CP.TO,2016-05-20,33.8120002746582,34.16999816894531,33.8120002746582,33.900001525878906,30.907100677490234,2635000
CP.TO,2016-05-24,33.99800109863281,34.301998138427734,33.582000732421875,33.667999267578125,30.69557762145996,2274000
CP.TO,2016-05-25,33.683998107910156,34.02799987792969,33.54600143432617,33.68000030517578,30.706525802612305,1724000
CP.TO,2016-05-26,33.88999938964844,33.9640007019043,33.44599914550781,33.49800109863281,30.540590286254883,1618500
CP.TO,2016-05-27,33.73400115966797,34.05400085449219,33.560001373291016,33.965999603271484,30.967269897460938,1764500
CP.TO,2016-05-30,34.21200180053711,34.29999923706055,34.0359992980957,34.178001403808594,31.16055679321289,431000
CP.TO,2016-05-31,34.29600143432617,34.39799880981445,33.944000244140625,33.944000244140625,30.947214126586914,2674500
CP.TO,2016-06-01,33.79999923706055,34.29999923706055,33.448001861572266,34.16999816894531,31.153274536132812,1904500
CP.TO,2016-06-02,34.00400161743164,34.25199890136719,33.902000427246094,34.13199996948242,31.118621826171875,958000
CP.TO,2016-06-03,34.00400161743164,34.44200134277344,33.619998931884766,34.349998474121094,31.317365646362305,1297000
CP.TO,2016-06-06,34.44200134277344,34.513999938964844,34.01599884033203,34.28799819946289,31.26084327697754,1217000
CP.TO,2016-06-07,34.395999908447266,34.87200164794922,34.349998474121094,34.7400016784668,31.672956466674805,1469500
CP.TO,2016-06-08,34.80799865722656,35.119998931884766,34.60200119018555,34.6879997253418,31.62553596496582,1492000
CP.TO,2016-06-09,34.59600067138672,34.59600067138672,34.055999755859375,34.125999450683594,31.113143920898438,1134500
CP.TO,2016-06-10,34.0,34.05400085449219,33.13999938964844,33.1619987487793,30.234251022338867,2703000
CP.TO,2016-06-13,33.0,33.16999816894531,32.60599899291992,32.79600143432617,29.90056610107422,2730000
CP.TO,2016-06-14,32.79800033569336,32.858001708984375,32.60599899291992,32.70399856567383,29.816686630249023,1671000
CP.TO,2016-06-15,32.720001220703125,33.07600021362305,32.63800048828125,32.63800048828125,29.756519317626953,1695500
CP.TO,2016-06-16,32.604000091552734,32.604000091552734,32.0,32.263999938964844,29.415531158447266,2775000
CP.TO,2016-06-17,32.22200012207031,33.06800079345703,32.20000076293945,32.84000015258789,29.9406795501709,6371500
CP.TO,2016-06-20,33.20399856567383,33.37799835205078,32.5099983215332,32.619998931884766,29.7401123046875,1557500
CP.TO,2016-06-21,31.70800018310547,32.16600036621094,31.20199966430664,31.860000610351562,29.04720687866211,3502500
CP.TO,2016-06-22,31.83799934387207,32.86399841308594,31.802000045776367,32.672000885009766,29.881303787231445,2782000
CP.TO,2016-06-23,32.981998443603516,33.3120002746582,32.81800079345703,33.22200012207031,30.384323120117188,2285500
CP.TO,2016-06-24,32.108001708984375,32.74399948120117,32.066001892089844,32.19599914550781,29.445968627929688,2943500
CP.TO,2016-06-27,32.007999420166016,32.007999420166016,31.333999633789062,31.63599967956543,28.93379783630371,2523000
CP.TO,2016-06-28,31.827999114990234,32.38800048828125,31.761999130249023,32.198001861572266,29.447799682617188,2044500
CP.TO,2016-06-29,32.52399826049805,32.944000244140625,32.45399856567383,32.810001373291016,30.007518768310547,1836000
CP.TO,2016-06-30,33.30400085449219,33.56800079345703,32.67399978637695,33.26599884033203,30.424564361572266,3172000
CP.TO,2016-07-04,33.599998474121094,34.5,33.56999969482422,34.220001220703125,31.297080993652344,1106500
CP.TO,2016-07-05,34.099998474121094,34.099998474121094,33.65599822998047,33.801998138427734,30.91478729248047,2610000
CP.TO,2016-07-06,33.599998474121094,34.0,33.130001068115234,34.0,31.09587860107422,2272000
CP.TO,2016-07-07,34.0,34.15800094604492,33.715999603271484,33.88399887084961,30.989768981933594,1366500
CP.TO,2016-07-08,34.00400161743164,34.9900016784668,34.00400161743164,34.779998779296875,31.809253692626953,1552000
CP.TO,2016-07-11,34.81999969482422,35.268001556396484,34.79999923706055,34.88999938964844,31.90985870361328,1605000
CP.TO,2016-07-12,35.0,35.70800018310547,35.0,35.5880012512207,32.54823303222656,1653500
CP.TO,2016-07-13,35.59400177001953,36.25400161743164,35.48400115966797,36.12200164794922,33.036617279052734,2059000
CP.TO,2016-07-14,36.400001525878906,36.96799850463867,36.20000076293945,36.540000915527344,33.41891860961914,2588000
CP.TO,2016-07-15,36.69200134277344,36.79800033569336,36.4739990234375,36.56999969482422,33.44635772705078,1153000
CP.TO,2016-07-18,36.56399917602539,37.220001220703125,36.492000579833984,37.220001220703125,34.040836334228516,1369000
CP.TO,2016-07-19,37.20800018310547,37.74599838256836,37.013999938964844,37.20000076293945,34.022552490234375,2280500
CP.TO,2016-07-20,37.007999420166016,39.624000549316406,37.007999420166016,39.25199890136719,35.899261474609375,3811500
CP.TO,2016-07-21,39.13800048828125,39.93600082397461,38.698001861572266,38.965999603271484,35.63770294189453,1822000
CP.TO,2016-07-22,39.20000076293945,39.433998107910156,38.854000091552734,39.19599914550781,35.84806442260742,1760000
CP.TO,2016-07-25,39.19599914550781,39.39400100708008,38.805999755859375,38.85200119018555,35.533451080322266,1659500
CP.TO,2016-07-26,38.917999267578125,38.94200134277344,38.50600051879883,38.683998107910156,35.37977981567383,1743000
CP.TO,2016-07-27,38.849998474121094,38.849998474121094,38.13999938964844,38.60599899291992,35.30845642089844,1798500
CP.TO,2016-07-28,38.57400131225586,39.08399963378906,38.486000061035156,38.9640007019043,35.63587951660156,1449500
CP.TO,2016-07-29,38.95199966430664,39.25,38.790000915527344,39.12200164794922,35.78037643432617,1400500
CP.TO,2016-08-02,38.52000045776367,39.04999923706055,38.11399841308594,38.43000030517578,35.14747619628906,1239500
CP.TO,2016-08-03,38.52000045776367,38.65599822998047,38.27000045776367,38.49800109863281,35.20968246459961,1205500
CP.TO,2016-08-04,37.08000183105469,37.43000030517578,36.95600128173828,37.31999969482422,34.132293701171875,3135500
CP.TO,2016-08-05,37.641998291015625,38.369998931884766,37.641998291015625,37.970001220703125,34.72677993774414,1427500
CP.TO,2016-08-08,38.152000427246094,38.4119987487793,37.90599822998047,38.02199935913086,34.77433776855469,1236000
CP.TO,2016-08-09,38.14400100708008,38.27399826049805,37.880001068115234,38.007999420166016,34.76152801513672,1029500
CP.TO,2016-08-10,38.082000732421875,38.082000732421875,37.518001556396484,37.74399948120117,34.52008056640625,858000
CP.TO,2016-08-11,37.98400115966797,38.36199951171875,37.92599868774414,38.097999572753906,34.84384536743164,1263500
CP.TO,2016-08-12,38.130001068115234,38.29999923706055,37.81999969482422,38.257999420166016,34.990169525146484,1010000
CP.TO,2016-08-15,38.29999923706055,38.757999420166016,38.257999420166016,38.44599914550781,35.162109375,1182000
CP.TO,2016-08-16,38.597999572753906,38.597999572753906,38.055999755859375,38.369998931884766,35.09260559082031,1257000
CP.TO,2016-08-17,38.38600158691406,38.65999984741211,38.284000396728516,38.400001525878906,35.12004852294922,4980000
CP.TO,2016-08-18,38.54399871826172,39.060001373291016,38.38800048828125,38.81999969482422,35.504173278808594,1670000
CP.TO,2016-08-19,38.79199981689453,39.30400085449219,38.75400161743164,39.220001220703125,35.8699951171875,1389500
CP.TO,2016-08-22,39.20000076293945,39.63999938964844,38.970001220703125,39.56800079345703,36.18828201293945,1348500
CP.TO,2016-08-23,39.70000076293945,39.71200180053711,39.39799880981445,39.51599884033203,36.140724182128906,933500
CP.TO,2016-08-24,39.5,39.7400016784668,39.29399871826172,39.321998596191406,35.96330642700195,1038000
CP.TO,2016-08-25,39.34400177001953,39.604000091552734,39.141998291015625,39.38600158691406,36.0218391418457,786000
CP.TO,2016-08-26,39.391998291015625,39.9119987487793,39.391998291015625,39.805999755859375,36.40595245361328,1285500
CP.TO,2016-08-29,39.90800094604492,40.53200149536133,39.8380012512207,40.2859992980957,36.84495544433594,1077500
CP.TO,2016-08-30,40.349998474121094,40.65800094604492,40.3120002746582,40.599998474121094,37.132137298583984,2410500
CP.TO,2016-08-31,40.50199890136719,40.62200164794922,39.95600128173828,40.16999816894531,36.738853454589844,1776500
CP.TO,2016-09-01,40.263999938964844,40.64400100708008,40.04999923706055,40.2859992980957,36.84495544433594,2026000
CP.TO,2016-09-02,40.3120002746582,40.61199951171875,39.98400115966797,40.194000244140625,36.76081848144531,1165000
CP.TO,2016-09-06,40.28799819946289,40.31999969482422,39.880001068115234,39.95600128173828,36.54313278198242,1859000
CP.TO,2016-09-07,39.9900016784668,40.5,39.84400177001953,40.21799850463867,36.782772064208984,1194000
CP.TO,2016-09-08,40.19599914550781,40.19599914550781,39.36800003051758,39.832000732421875,36.42974090576172,1532500
CP.TO,2016-09-09,39.4739990234375,39.63399887084961,38.46799850463867,38.52199935913086,35.23162841796875,1750000
CP.TO,2016-09-12,38.310001373291016,39.47600173950195,38.310001373291016,39.16400146484375,35.81878662109375,1995000
CP.TO,2016-09-13,38.7599983215332,39.189998626708984,38.61399841308594,38.874000549316406,35.55355453491211,1837000
CP.TO,2016-09-14,38.784000396728516,39.279998779296875,38.551998138427734,38.79399871826172,35.48039245605469,1545000
CP.TO,2016-09-15,38.849998474121094,39.07600021362305,38.52199935913086,39.012001037597656,35.67976760864258,1632000
CP.TO,2016-09-16,38.98400115966797,39.08000183105469,38.52199935913086,38.965999603271484,35.63770294189453,3335000
CP.TO,2016-09-19,39.167999267578125,39.167999267578125,38.63199996948242,38.79999923706055,35.485870361328125,1291500
CP.TO,2016-09-20,38.99800109863281,39.145999908447266,38.06399917602539,38.14799880981445,34.889564514160156,1981000
CP.TO,2016-09-21,38.31800079345703,38.891998291015625,38.31800079345703,38.762001037597656,35.45111846923828,1525000
CP.TO,2016-09-22,38.99800109863281,39.0,38.49800109863281,38.58599853515625,35.290164947509766,1292500
CP.TO,2016-09-23,38.57400131225586,38.84400177001953,38.55799865722656,38.59199905395508,35.29564666748047,1588000
CP.TO,2016-09-26,38.40399932861328,38.922000885009766,38.237998962402344,38.715999603271484,35.4090461730957,1020000
CP.TO,2016-09-27,38.62799835205078,39.24599838256836,38.61399841308594,38.801998138427734,35.487709045410156,1258500
CP.TO,2016-09-28,38.78200149536133,39.4640007019043,38.78200149536133,39.3380012512207,36.070884704589844,1968000
CP.TO,2016-09-29,39.268001556396484,39.81999969482422,39.16400146484375,39.599998474121094,36.31112289428711,1848500
CP.TO,2016-09-30,39.801998138427734,40.21799850463867,39.64400100708008,40.03799819946289,36.71276092529297,2215500
CP.TO,2016-10-03,39.86399841308594,40.448001861572266,39.801998138427734,40.071998596191406,36.743934631347656,1781000
CP.TO,2016-10-04,40.16600036621094,40.47600173950195,39.9379997253418,40.029998779296875,36.70541000366211,2199500
CP.TO,2016-10-05,40.237998962402344,40.849998474121094,40.209999084472656,40.79999923706055,37.411468505859375,2036000
CP.TO,2016-10-06,40.79999923706055,40.9640007019043,40.29199981689453,40.45399856567383,37.094207763671875,2359000
CP.TO,2016-10-07,40.38199996948242,40.5260009765625,39.77399826049805,40.39799880981445,37.0428466796875,1111500
CP.TO,2016-10-11,40.50400161743164,40.77199935913086,40.22200012207031,40.37799835205078,37.024513244628906,2508000
CP.TO,2016-10-12,40.37799835205078,40.59000015258789,39.95800018310547,40.12200164794922,36.78977584838867,1007000
CP.TO,2016-10-13,39.77199935913086,40.349998474121094,39.61600112915039,40.215999603271484,36.87596130371094,1267000
CP.TO,2016-10-14,40.36399841308594,40.52000045776367,39.58399963378906,39.630001068115234,36.3386344909668,1186500
CP.TO,2016-10-17,39.4640007019043,39.71799850463867,39.013999938964844,39.48400115966797,36.20475769042969,1300500
CP.TO,2016-10-18,39.742000579833984,40.374000549316406,39.624000549316406,40.262001037597656,36.91814422607422,2479500
CP.TO,2016-10-19,39.534000396728516,40.24800109863281,39.16999816894531,39.481998443603516,36.20292663574219,2710500
CP.TO,2016-10-20,39.50400161743164,39.78200149536133,38.44599914550781,38.678001403808594,35.46570587158203,2306000
CP.TO,2016-10-21,38.608001708984375,39.33000183105469,38.599998474121094,39.20199966430664,35.94617462158203,2062000
CP.TO,2016-10-24,39.380001068115234,39.540000915527344,38.902000427246094,38.986000061035156,35.748138427734375,1308000
CP.TO,2016-10-25,38.97800064086914,39.31999969482422,38.80400085449219,39.27399826049805,36.0121955871582,1102500
CP.TO,2016-10-26,39.20000076293945,39.20000076293945,38.12799835205078,38.433998107910156,35.24195861816406,1707000
CP.TO,2016-10-27,38.50600051879883,38.95000076293945,38.444000244140625,38.79600143432617,35.57390594482422,1275000
CP.TO,2016-10-28,38.801998138427734,39.189998626708984,38.46799850463867,38.59199905395508,35.38683319091797,1224500
CP.TO,2016-10-31,38.59400177001953,38.93199920654297,38.34400177001953,38.347999572753906,35.163124084472656,1260000
CP.TO,2016-11-01,38.470001220703125,38.47200012207031,37.38999938964844,37.779998779296875,34.642276763916016,1699000
CP.TO,2016-11-02,37.779998779296875,38.25600051879883,37.68000030517578,38.097999572753906,34.933876037597656,1066000
CP.TO,2016-11-03,38.22600173950195,38.24800109863281,37.65599822998047,37.737998962402344,34.60377502441406,769000
CP.TO,2016-11-04,37.737998962402344,37.9900016784668,37.55400085449219,37.650001525878906,34.52309036254883,782500
CP.TO,2016-11-07,38.02199935913086,38.992000579833984,37.987998962402344,38.375999450683594,35.18879318237305,1686500
CP.TO,2016-11-08,38.391998291015625,38.68000030517578,37.242000579833984,38.236000061035156,35.06040954589844,1564000
CP.TO,2016-11-09,38.189998626708984,38.566001892089844,37.7599983215332,38.43600082397461,35.24380111694336,1164500
CP.TO,2016-11-10,38.560001373291016,40.02000045776367,38.54399871826172,39.400001525878906,36.12773895263672,2255000
CP.TO,2016-11-11,39.39799880981445,39.61000061035156,38.762001037597656,38.88800048828125,35.65826416015625,1648500
CP.TO,2016-11-14,39.20199966430664,39.257999420166016,38.59400177001953,38.70000076293945,35.48586654663086,1413500
CP.TO,2016-11-15,38.61800003051758,39.119998931884766,38.53799819946289,38.959999084472656,35.72428512573242,2668500
CP.TO,2016-11-16,38.75400161743164,39.013999938964844,38.439998626708984,38.97600173950195,35.738948822021484,3012500
CP.TO,2016-11-17,38.9739990234375,39.61800003051758,38.86399841308594,39.448001861572266,36.1717529296875,2879500
CP.TO,2016-11-18,39.3380012512207,39.560001373291016,39.17599868774414,39.358001708984375,36.0892333984375,954500
CP.TO,2016-11-21,39.36000061035156,39.948001861572266,39.36000061035156,39.900001525878906,36.58620834350586,1213500
CP.TO,2016-11-22,40.0,40.45600128173828,39.90999984741211,40.43600082397461,37.07769775390625,1931000
CP.TO,2016-11-23,40.3120002746582,40.58599853515625,40.20199966430664,40.27000045776367,36.925479888916016,1161500
CP.TO,2016-11-24,40.25600051879883,40.439998626708984,40.099998474121094,40.2859992980957,36.940155029296875,237000
CP.TO,2016-11-25,40.3380012512207,40.560001373291016,40.29600143432617,40.37200164794922,37.019012451171875,807500
CP.TO,2016-11-28,40.22200012207031,40.22200012207031,39.683998107910156,39.82600021362305,36.51836013793945,1421500
CP.TO,2016-11-29,39.762001037597656,40.25,39.58000183105469,40.03799819946289,36.71276092529297,1608000
CP.TO,2016-11-30,40.013999938964844,41.349998474121094,39.992000579833984,41.125999450683594,37.71039581298828,3295500
CP.TO,2016-12-01,41.12799835205078,41.82400131225586,41.060001373291016,41.374000549316406,37.937808990478516,1697000
CP.TO,2016-12-02,41.279998779296875,41.41600036621094,40.04399871826172,40.152000427246094,36.81729507446289,1319500
CP.TO,2016-12-05,40.263999938964844,40.83399963378906,40.20800018310547,40.2239990234375,36.88331985473633,1115000
CP.TO,2016-12-06,40.013999938964844,40.36800003051758,39.74599838256836,40.2239990234375,36.88331985473633,1487000
CP.TO,2016-12-07,40.130001068115234,41.04399871826172,40.125999450683594,40.95000076293945,37.54901123046875,1471500
CP.TO,2016-12-08,40.9900016784668,41.236000061035156,40.59600067138672,41.183998107910156,37.763587951660156,1894000
CP.TO,2016-12-09,41.284000396728516,41.29999923706055,40.84000015258789,41.13600158691406,37.71956253051758,946500
CP.TO,2016-12-12,40.858001708984375,40.86000061035156,39.81999969482422,40.02000045776367,36.696250915527344,2278000
CP.TO,2016-12-13,40.051998138427734,40.400001525878906,39.62799835205078,39.641998291015625,36.34964370727539,1737500
CP.TO,2016-12-14,39.63999938964844,39.667999267578125,38.652000427246094,38.72200012207031,35.50605773925781,2454500
CP.TO,2016-12-15,38.737998962402344,39.61800003051758,38.737998962402344,38.816001892089844,35.59224319458008,3190000
CP.TO,2016-12-16,39.19200134277344,39.39799880981445,38.625999450683594,38.74599838256836,35.52803039550781,7715500
CP.TO,2016-12-19,38.763999938964844,38.900001525878906,38.428001403808594,38.645999908447266,35.436363220214844,1560000
CP.TO,2016-12-20,38.64799880981445,39.130001068115234,38.64799880981445,38.742000579833984,35.524375915527344,1485000
CP.TO,2016-12-21,38.779998779296875,39.24599838256836,38.70600128173828,38.87799835205078,35.64909744262695,1111500
CP.TO,2016-12-22,38.92599868774414,38.99800109863281,38.6619987487793,38.70600128173828,35.49137878417969,1490000
CP.TO,2016-12-23,38.72999954223633,39.066001892089844,38.63199996948242,38.77399826049805,35.55373001098633,1148500
CP.TO,2016-12-28,38.66999816894531,38.970001220703125,38.540000915527344,38.56999969482422,35.45812225341797,994000
CP.TO,2016-12-29,38.63800048828125,38.742000579833984,38.41600036621094,38.63999938964844,35.5224723815918,839000
CP.TO,2016-12-30,38.63999938964844,38.805999755859375,38.2599983215332,38.3120002746582,35.220943450927734,1306000
CP.TO,2017-01-03,38.599998474121094,39.125999450683594,37.97200012207031,38.012001037597656,34.94513702392578,1548500
CP.TO,2017-01-04,38.237998962402344,38.90999984741211,37.90999984741211,38.87200164794922,35.735755920410156,2020000
CP.TO,2017-01-05,38.64799880981445,39.54999923706055,38.599998474121094,38.9739990234375,35.829532623291016,2172500
CP.TO,2017-01-06,39.04199981689453,39.65599822998047,38.6879997253418,39.347999572753906,36.17333984375,1804500
CP.TO,2017-01-09,39.284000396728516,39.2859992980957,38.29999923706055,38.49399948120117,35.38825607299805,1429000
CP.TO,2017-01-10,38.875999450683594,38.875999450683594,38.45000076293945,38.672000885009766,35.551883697509766,1236500
CP.TO,2017-01-11,38.77199935913086,38.9640007019043,38.50199890136719,38.7599983215332,35.632789611816406,1101000
CP.TO,2017-01-12,38.67399978637695,38.849998474121094,38.39799880981445,38.768001556396484,35.64014434814453,1223000
CP.TO,2017-01-13,38.832000732421875,39.150001525878906,38.61800003051758,39.012001037597656,35.86445236206055,1414500
CP.TO,2017-01-16,39.00400161743164,39.0880012512207,38.65999984741211,38.93000030517578,35.7890625,457500
CP.TO,2017-01-17,38.90800094604492,38.90800094604492,38.0359992980957,38.08000183105469,35.007659912109375,2100500
CP.TO,2017-01-18,37.95399856567383,38.59199905395508,37.672000885009766,38.49599838256836,35.39009475708008,2015000
CP.TO,2017-01-19,38.599998474121094,40.84199905395508,38.597999572753906,40.02199935913086,36.792964935302734,4606500
CP.TO,2017-01-20,40.082000732421875,40.375999450683594,39.46200180053711,40.29800033569336,37.04669189453125,2913500
CP.TO,2017-01-23,40.26599884033203,40.5,39.73400115966797,40.39400100708008,37.134952545166016,2360000
CP.TO,2017-01-24,40.37799835205078,40.380001068115234,39.97999954223633,40.22200012207031,36.976837158203125,1862500
CP.TO,2017-01-25,40.31999969482422,40.492000579833984,40.00400161743164,40.301998138427734,37.050376892089844,2118500
CP.TO,2017-01-26,40.41600036621094,40.60599899291992,40.2140007019043,40.52799987792969,37.25815963745117,1378000
CP.TO,2017-01-27,40.5,41.0,40.40399932861328,40.619998931884766,37.34272384643555,1276500
CP.TO,2017-01-30,40.5620002746582,40.604000091552734,39.625999450683594,39.832000732421875,36.61829376220703,1374500
CP.TO,2017-01-31,39.65999984741211,39.69599914550781,39.29999923706055,39.36199951171875,36.186222076416016,2071000
CP.TO,2017-02-01,39.5620002746582,39.79600143432617,39.22600173950195,39.41400146484375,36.2340202331543,1745500
CP.TO,2017-02-02,39.369998931884766,39.369998931884766,38.715999603271484,38.84199905395508,35.70817947387695,2370500
CP.TO,2017-02-03,38.981998443603516,39.374000549316406,38.91400146484375,39.11600112915039,35.96006393432617,1709500
CP.TO,2017-02-06,39.012001037597656,39.15999984741211,38.6619987487793,38.70000076293945,35.57762145996094,2054500
CP.TO,2017-02-07,38.78799819946289,38.959999084472656,38.53799819946289,38.68000030517578,35.559234619140625,2086500
CP.TO,2017-02-08,38.62799835205078,38.62799835205078,38.051998138427734,38.36399841308594,35.26873779296875,1490000
CP.TO,2017-02-09,38.36800003051758,38.75199890136719,38.3380012512207,38.61800003051758,35.50224685668945,1495000
CP.TO,2017-02-10,38.652000427246094,38.79800033569336,38.551998138427734,38.72999954223633,35.60521697998047,1607000
CP.TO,2017-02-13,38.74599838256836,39.25,38.72999954223633,39.2140007019043,36.050167083740234,1347500
CP.TO,2017-02-14,39.25,39.417999267578125,39.15399932861328,39.236000061035156,36.07039260864258,2427000
CP.TO,2017-02-15,39.444000244140625,39.68600082397461,39.439998626708984,39.65800094604492,36.458335876464844,1975500
CP.TO,2017-02-16,39.65800094604492,39.66600036621094,39.22999954223633,39.50199890136719,36.3149299621582,1333500
CP.TO,2017-02-17,39.31399917602539,39.54800033569336,39.119998931884766,39.178001403808594,36.01707077026367,1332500
CP.TO,2017-02-21,39.172000885009766,40.09199905395508,39.15800094604492,40.09199905395508,36.857330322265625,4299000
CP.TO,2017-02-22,39.900001525878906,40.65599822998047,39.81999969482422,40.071998596191406,36.83894348144531,2735000
CP.TO,2017-02-23,40.0880012512207,40.27000045776367,39.25,39.32600021362305,36.153133392333984,2345500
CP.TO,2017-02-24,39.2599983215332,39.279998779296875,38.58000183105469,38.81399917602539,35.68243408203125,2663000
CP.TO,2017-02-27,38.74800109863281,39.108001708984375,38.263999938964844,38.900001525878906,35.76149368286133,4157000
CP.TO,2017-02-28,38.76599884033203,39.2859992980957,38.76599884033203,39.08599853515625,35.93248748779297,2733000
CP.TO,2017-03-01,39.481998443603516,39.79600143432617,39.44599914550781,39.571998596191406,36.379276275634766,3065000
CP.TO,2017-03-02,39.63800048828125,39.698001861572266,39.43000030517578,39.47600173950195,36.29102325439453,2107000
CP.TO,2017-03-03,39.40999984741211,39.939998626708984,39.40399932861328,39.90999984741211,36.690006256103516,2105500
CP.TO,2017-03-06,39.65999984741211,40.09000015258789,39.65999984741211,40.0359992980957,36.80584716796875,1813000
CP.TO,2017-03-07,40.071998596191406,40.189998626708984,39.83399963378906,40.0,36.772743225097656,1924000
CP.TO,2017-03-08,40.06399917602539,40.27799987792969,39.90999984741211,39.95399856567383,36.73045349121094,1007500
CP.TO,2017-03-09,40.0,40.071998596191406,39.68600082397461,39.77399826049805,36.56497573852539,1509500
CP.TO,2017-03-10,39.95199966430664,40.27000045776367,39.54199981689453,39.96200180053711,36.737815856933594,1008500
CP.TO,2017-03-13,40.04800033569336,40.22999954223633,39.83000183105469,39.874000549316406,36.65691375732422,1761000
CP.TO,2017-03-14,39.939998626708984,39.99399948120117,39.59199905395508,39.59199905395508,36.39765930175781,1582000
CP.TO,2017-03-15,39.768001556396484,39.82600021362305,39.26599884033203,39.2760009765625,36.107154846191406,1379000
CP.TO,2017-03-16,39.400001525878906,39.54800033569336,39.16400146484375,39.19599914550781,36.03361892700195,1425500
CP.TO,2017-03-17,39.0,39.34600067138672,38.95800018310547,39.25400161743164,36.086944580078125,5235000
CP.TO,2017-03-20,39.20000076293945,39.30400085449219,39.04800033569336,39.10200119018555,35.94719314575195,1167500
CP.TO,2017-03-21,39.119998931884766,39.194000244140625,38.231998443603516,38.486000061035156,35.38090515136719,2143500
CP.TO,2017-03-22,38.59000015258789,38.77199935913086,38.417999267578125,38.54999923706055,35.439735412597656,2285000
CP.TO,2017-03-23,38.50400161743164,39.060001373291016,38.31999969482422,38.87200164794922,35.735755920410156,1088000
CP.TO,2017-03-24,39.02799987792969,39.209999084472656,38.75,38.93000030517578,35.7890625,1115500
CP.TO,2017-03-27,38.60200119018555,39.279998779296875,38.40999984741211,38.97600173950195,35.831363677978516,1728000
CP.TO,2017-03-28,38.77199935913086,39.720001220703125,38.762001037597656,39.571998596191406,36.379276275634766,1468500
CP.TO,2017-03-29,39.53200149536133,39.55400085449219,39.19200134277344,39.45199966430664,36.36083221435547,1441500
CP.TO,2017-03-30,39.63800048828125,39.71200180053711,39.237998962402344,39.470001220703125,36.37743377685547,908000
CP.TO,2017-03-31,39.35200119018555,39.35200119018555,39.066001892089844,39.06999969482422,36.00876235961914,1344000
CP.TO,2017-04-03,39.2140007019043,39.487998962402344,38.77199935913086,39.40399932861328,36.31661605834961,1296500
CP.TO,2017-04-04,39.44599914550781,39.86199951171875,39.354000091552734,39.858001708984375,36.735042572021484,1364500
CP.TO,2017-04-05,39.95000076293945,40.374000549316406,39.89400100708008,39.96799850463867,36.83640670776367,1812000
CP.TO,2017-04-06,40.15800094604492,40.448001861572266,40.15800094604492,40.32600021362305,37.16636657714844,1600500
CP.TO,2017-04-07,40.400001525878906,40.400001525878906,40.05400085449219,40.2400016784668,37.087100982666016,1177500
CP.TO,2017-04-10,40.125999450683594,40.95800018310547,40.124000549316406,40.784000396728516,37.588478088378906,1264500
CP.TO,2017-04-11,40.79800033569336,40.79999923706055,40.35200119018555,40.79999923706055,37.60322570800781,1438500
CP.TO,2017-04-12,40.68000030517578,40.7599983215332,39.9900016784668,40.055999755859375,36.91753005981445,1343000
CP.TO,2017-04-13,40.00199890136719,40.25600051879883,39.86399841308594,39.9900016784668,36.856693267822266,1043500
CP.TO,2017-04-17,40.05400085449219,40.4739990234375,39.880001068115234,40.42399978637695,37.25668716430664,1687000
CP.TO,2017-04-18,40.32600021362305,40.63999938964844,40.172000885009766,40.54399871826172,37.36729049682617,1378000
CP.TO,2017-04-19,40.555999755859375,40.82600021362305,40.391998291015625,40.40399932861328,37.238258361816406,1385500
CP.TO,2017-04-20,40.900001525878906,42.09199905395508,40.880001068115234,41.45199966430664,38.20413589477539,3190000
CP.TO,2017-04-21,41.34000015258789,41.560001373291016,40.933998107910156,41.375999450683594,38.13410568237305,2045000
CP.TO,2017-04-24,41.87799835205078,41.95800018310547,41.40999984741211,41.641998291015625,38.37924575805664,1858500
CP.TO,2017-04-25,41.900001525878906,42.21200180053711,41.7400016784668,41.99800109863281,38.70736312866211,2537000
CP.TO,2017-04-26,41.922000885009766,42.47999954223633,41.54399871826172,41.54399871826172,38.28892517089844,1715000
CP.TO,2017-04-27,41.58599853515625,42.29399871826172,41.55400085449219,41.86399841308594,38.583858489990234,2040500
CP.TO,2017-04-28,41.88199996948242,41.93000030517578,41.58599853515625,41.832000732421875,38.55437088012695,1693000
CP.TO,2017-05-01,41.95800018310547,42.33399963378906,41.88999938964844,42.12799835205078,38.827178955078125,913500
CP.TO,2017-05-02,42.4739990234375,42.82400131225586,42.16600036621094,42.64799880981445,39.30644226074219,3947000
CP.TO,2017-05-03,42.45399856567383,42.650001525878906,42.06999969482422,42.369998931884766,39.05021667480469,2086500
CP.TO,2017-05-04,42.327999114990234,42.513999938964844,41.902000427246094,41.99599838256836,38.70551300048828,1803000
CP.TO,2017-05-05,42.00600051879883,42.439998626708984,41.84000015258789,42.25400161743164,38.943302154541016,1206000
CP.TO,2017-05-08,42.50199890136719,42.779998779296875,42.2599983215332,42.566001892089844,39.23085403442383,1538500
CP.TO,2017-05-09,42.54999923706055,42.83000183105469,42.37200164794922,42.65800094604492,39.315643310546875,1265500
CP.TO,2017-05-10,42.77000045776367,42.97999954223633,42.42399978637695,42.90599822998047,39.544219970703125,1530000
CP.TO,2017-05-11,42.78799819946289,43.15999984741211,42.61199951171875,42.790000915527344,39.43730163574219,1097500
CP.TO,2017-05-12,42.66600036621094,43.0,42.492000579833984,42.619998931884766,39.28062438964844,1196000
CP.TO,2017-05-15,42.779998779296875,43.55799865722656,42.763999938964844,43.49800109863281,40.08983612060547,1779500
CP.TO,2017-05-16,43.49800109863281,43.75600051879883,42.72999954223633,42.84600067138672,39.488914489746094,1666500
CP.TO,2017-05-17,42.54999923706055,42.59000015258789,41.36800003051758,41.417999267578125,38.17279815673828,2797000
CP.TO,2017-05-18,41.465999603271484,41.7859992980957,41.18000030517578,41.513999938964844,38.26128387451172,2201500
CP.TO,2017-05-19,41.763999938964844,42.12799835205078,41.599998474121094,42.08000183105469,38.78294372558594,1909500
CP.TO,2017-05-23,42.33399963378906,42.790000915527344,42.13800048828125,42.54399871826172,39.2105827331543,1813500
CP.TO,2017-05-24,42.641998291015625,42.698001861572266,42.11399841308594,42.4900016784668,39.16081237792969,1474500
CP.TO,2017-05-25,42.630001068115234,42.986000061035156,42.40800094604492,42.94599914550781,39.581077575683594,1534500
CP.TO,2017-05-26,42.8380012512207,43.11600112915039,42.7239990234375,42.74800109863281,39.398597717285156,1583500
CP.TO,2017-05-29,42.94200134277344,43.198001861572266,42.821998596191406,42.89799880981445,39.536834716796875,301000
CP.TO,2017-05-30,42.736000061035156,42.95600128173828,42.672000885009766,42.720001220703125,39.37278747558594,1122500
CP.TO,2017-05-31,42.84000015258789,42.847999572753906,42.448001861572266,42.74399948120117,39.3949089050293,3582500
CP.TO,2017-06-01,42.88600158691406,43.16600036621094,42.790000915527344,42.992000579833984,39.623477935791016,1368000
CP.TO,2017-06-02,42.86600112915039,43.03200149536133,42.57600021362305,42.66600036621094,39.323028564453125,1166500
CP.TO,2017-06-05,42.69200134277344,42.70000076293945,42.34000015258789,42.369998931884766,39.05021667480469,982500
CP.TO,2017-06-06,42.4119987487793,42.49599838256836,42.04800033569336,42.077999114990234,38.78110122680664,1528500
CP.TO,2017-06-07,42.029998779296875,42.27000045776367,41.65399932861328,41.65399932861328,38.39030456542969,1603500
CP.TO,2017-06-08,41.75600051879883,41.87200164794922,41.59199905395508,41.75400161743164,38.48247146606445,1276000
CP.TO,2017-06-09,41.71799850463867,42.198001861572266,40.895999908447266,41.27399826049805,38.04008483886719,2359500
CP.TO,2017-06-12,41.12799835205078,41.641998291015625,41.04600143432617,41.2239990234375,37.99400329589844,4204500
CP.TO,2017-06-13,41.2599983215332,41.540000915527344,41.15800094604492,41.45600128173828,38.20783615112305,2151000
CP.TO,2017-06-14,41.529998779296875,41.529998779296875,40.715999603271484,40.75,37.55714416503906,2175000
CP.TO,2017-06-15,40.59199905395508,41.172000885009766,40.47600173950195,41.0260009765625,37.8115234375,1818000
CP.TO,2017-06-16,40.93199920654297,41.11399841308594,40.645999908447266,40.96799850463867,37.75807571411133,4816000
CP.TO,2017-06-19,41.108001708984375,41.507999420166016,41.03799819946289,41.215999603271484,37.98663330078125,1474500
CP.TO,2017-06-20,41.20800018310547,41.20800018310547,40.84000015258789,40.97800064086914,37.76729202270508,1225500
CP.TO,2017-06-21,41.104000091552734,41.37200164794922,40.85200119018555,41.3120002746582,38.075111389160156,2494000
CP.TO,2017-06-22,41.3120002746582,41.84600067138672,41.279998779296875,41.64799880981445,38.3847770690918,1400500
CP.TO,2017-06-23,41.59600067138672,42.5359992980957,41.49800109863281,42.25,38.93961715698242,1693000
CP.TO,2017-06-26,42.27799987792969,42.60200119018555,41.86399841308594,42.17399978637695,38.869564056396484,1650000
CP.TO,2017-06-27,42.375999450683594,42.375999450683594,41.928001403808594,42.034000396728516,38.74053955078125,1144500
CP.TO,2017-06-28,42.24399948120117,42.279998779296875,41.83000183105469,42.02000045776367,38.831668853759766,630000
CP.TO,2017-06-29,42.09000015258789,42.11600112915039,41.36800003051758,41.70199966430664,38.53779220581055,1079000
CP.TO,2017-06-30,41.816001892089844,41.89400100708008,41.39400100708008,41.72999954223633,38.56367111206055,1357000
CP.TO,2017-07-04,41.85200119018555,42.08599853515625,41.7239990234375,41.944000244140625,38.76142501831055,442000
CP.TO,2017-07-05,41.9119987487793,42.25199890136719,41.512001037597656,42.183998107910156,38.98321533203125,1419500
CP.TO,2017-07-06,41.95800018310547,42.30799865722656,41.900001525878906,42.10599899291992,38.9111442565918,1345500
CP.TO,2017-07-07,42.07600021362305,42.12200164794922,41.5,41.891998291015625,38.713375091552734,738000
CP.TO,2017-07-10,41.75400161743164,42.29199981689453,41.75400161743164,41.93600082397461,38.75403594970703,700000
CP.TO,2017-07-11,41.81999969482422,42.055999755859375,41.492000579833984,41.709999084472656,38.5451774597168,1272000
CP.TO,2017-07-12,42.0,42.52799987792969,41.6879997253418,41.810001373291016,38.63758087158203,1437500
CP.TO,2017-07-13,41.858001708984375,42.16600036621094,41.709999084472656,41.94599914550781,38.76327896118164,1210000
CP.TO,2017-07-14,41.902000427246094,42.375999450683594,41.902000427246094,42.1619987487793,38.96288299560547,1217000
CP.TO,2017-07-17,42.198001861572266,42.198001861572266,41.55799865722656,41.65999984741211,38.49897384643555,1278000
CP.TO,2017-07-18,41.599998474121094,41.69599914550781,40.880001068115234,41.257999420166016,38.12748718261719,1274500
CP.TO,2017-07-19,41.12200164794922,41.29199981689453,40.67399978637695,40.720001220703125,37.630306243896484,1491500
CP.TO,2017-07-20,41.0,41.96799850463867,40.13800048828125,40.939998626708984,37.83359909057617,2099000
CP.TO,2017-07-21,40.62799835205078,41.20600128173828,40.60599899291992,40.65599822998047,37.5711555480957,1651500
CP.TO,2017-07-24,40.65999984741211,40.66999816894531,39.917999267578125,39.9379997253418,36.907630920410156,1927000
CP.TO,2017-07-25,39.917999267578125,40.465999603271484,39.79999923706055,39.80400085449219,36.78380584716797,2501500
CP.TO,2017-07-26,39.801998138427734,39.88800048828125,39.09400177001953,39.305999755859375,36.323585510253906,3208500
CP.TO,2017-07-27,39.518001556396484,39.64799880981445,39.20399856567383,39.45399856567383,36.460357666015625,2456500
CP.TO,2017-07-28,39.44200134277344,39.577999114990234,39.198001861572266,39.27799987792969,36.29771041870117,2768000
CP.TO,2017-07-31,39.27799987792969,39.599998474121094,38.9739990234375,39.03799819946289,36.07592010498047,2467500
CP.TO,2017-08-01,39.20800018310547,39.5,38.95600128173828,39.18600082397461,36.212703704833984,2458000
CP.TO,2017-08-02,39.10599899291992,39.64400100708008,39.099998474121094,39.597999572753906,36.59342575073242,3161000
CP.TO,2017-08-03,39.47800064086914,39.95600128173828,39.08000183105469,39.2140007019043,36.23856735229492,2588500
CP.TO,2017-08-04,39.4640007019043,39.465999603271484,39.17599868774414,39.36000061035156,36.373497009277344,1343000
CP.TO,2017-08-08,39.2599983215332,39.27399826049805,38.66600036621094,38.7859992980957,35.843048095703125,2937500
CP.TO,2017-08-09,38.70199966430664,39.130001068115234,38.63600158691406,39.10200119018555,36.135074615478516,1447000
CP.TO,2017-08-10,39.013999938964844,39.150001525878906,38.763999938964844,39.00199890136719,36.042659759521484,1724500
CP.TO,2017-08-11,39.07400131225586,39.31399917602539,38.70000076293945,39.06399917602539,36.09996032714844,1842500
CP.TO,2017-08-14,39.22600173950195,39.61600112915039,39.150001525878906,39.45600128173828,36.46220397949219,966000
CP.TO,2017-08-15,39.52799987792969,39.72800064086914,39.44200134277344,39.62799835205078,36.621150970458984,1178000
CP.TO,2017-08-16,39.70000076293945,39.79999923706055,38.88399887084961,38.88399887084961,35.93360900878906,1653500
CP.TO,2017-08-17,39.04999923706055,39.06399917602539,38.534000396728516,38.55400085449219,35.62864303588867,1961500
CP.TO,2017-08-18,38.513999938964844,38.513999938964844,38.09400177001953,38.27399826049805,35.3698844909668,1744000
CP.TO,2017-08-21,38.31999969482422,38.43199920654297,38.099998474121094,38.13999938964844,35.246070861816406,1565000
CP.TO,2017-08-22,38.257999420166016,38.332000732421875,38.018001556396484,38.20199966430664,35.303348541259766,1414000
CP.TO,2017-08-23,38.04600143432617,38.1879997253418,37.94599914550781,37.94599914550781,35.06678771972656,1873500
CP.TO,2017-08-24,38.27799987792969,38.32400131225586,38.0,38.16400146484375,35.268245697021484,1946000
CP.TO,2017-08-25,38.354000091552734,38.5359992980957,38.198001861572266,38.20000076293945,35.30149841308594,1419000
CP.TO,2017-08-28,38.236000061035156,38.33000183105469,38.051998138427734,38.183998107910156,35.28672409057617,1200500
CP.TO,2017-08-29,38.05400085449219,38.54199981689453,37.91400146484375,38.492000579833984,35.571353912353516,1332500
CP.TO,2017-08-30,38.58000183105469,39.12799835205078,38.55799865722656,38.90999984741211,35.95763397216797,1301000
CP.TO,2017-08-31,38.900001525878906,39.0359992980957,38.64799880981445,38.86199951171875,35.913272857666016,1883000
CP.TO,2017-09-01,38.88399887084961,38.94200134277344,38.599998474121094,38.7140007019043,35.77651596069336,799000
CP.TO,2017-09-05,38.61000061035156,38.82400131225586,38.2140007019043,38.72200012207031,35.78390121459961,1542500
CP.TO,2017-09-06,38.88399887084961,39.29800033569336,38.59400177001953,38.61600112915039,35.68593978881836,1514500
CP.TO,2017-09-07,38.604000091552734,39.13999938964844,38.444000244140625,38.89799880981445,35.94654846191406,1450500
CP.TO,2017-09-08,38.92399978637695,39.150001525878906,38.63399887084961,38.895999908447266,35.944698333740234,1057000
CP.TO,2017-09-11,39.00600051879883,39.24399948120117,38.672000885009766,38.928001403808594,35.97426223754883,1102500
CP.TO,2017-09-12,39.03200149536133,39.33399963378906,39.03200149536133,39.198001861572266,36.22378158569336,1111000
CP.TO,2017-09-13,38.832000732421875,38.939998626708984,38.29999923706055,38.33399963378906,35.42534637451172,3615000
CP.TO,2017-09-14,38.33599853515625,38.939998626708984,38.33000183105469,38.74800109863281,35.80792999267578,1614500
CP.TO,2017-09-15,38.70000076293945,38.86000061035156,38.5099983215332,38.68000030517578,35.745079040527344,6316000
CP.TO,2017-09-18,38.79999923706055,39.69200134277344,38.79999923706055,39.597999572753906,36.59342575073242,1796000
CP.TO,2017-09-19,39.599998474121094,39.86000061035156,39.59199905395508,39.698001861572266,36.685855865478516,1621000
CP.TO,2017-09-20,39.67599868774414,40.29199981689453,39.599998474121094,40.24599838256836,37.19227600097656,1750500
CP.TO,2017-09-21,40.25,41.31800079345703,40.25,41.22200012207031,38.09421157836914,2486000
CP.TO,2017-09-22,41.18199920654297,41.61600112915039,41.13199996948242,41.512001037597656,38.362220764160156,1448500
CP.TO,2017-09-25,41.45800018310547,41.900001525878906,41.29999923706055,41.68199920654297,38.51930236816406,1588000
CP.TO,2017-09-26,41.65800094604492,41.68000030517578,41.33599853515625,41.555999755859375,38.402870178222656,1184000
CP.TO,2017-09-27,41.6879997253418,41.99599838256836,41.63600158691406,41.9739990234375,38.789146423339844,1797000
CP.TO,2017-09-28,41.79399871826172,42.060001373291016,41.641998291015625,41.858001708984375,38.78600311279297,968500
CP.TO,2017-09-29,41.895999908447266,42.07400131225586,41.816001892089844,41.91600036621094,38.839744567871094,1094500
CP.TO,2017-10-02,41.93600082397461,42.0880012512207,41.715999603271484,41.88199996948242,38.8082389831543,1043000
CP.TO,2017-10-03,41.8120002746582,41.987998962402344,41.507999420166016,41.64799880981445,38.59141159057617,1699000
CP.TO,2017-10-04,41.5,41.784000396728516,41.400001525878906,41.672000885009766,38.613643646240234,2099500
CP.TO,2017-10-05,41.72200012207031,41.779998779296875,41.34000015258789,41.555999755859375,38.50618362426758,1389000
CP.TO,2017-10-06,41.55400085449219,41.599998474121094,41.150001525878906,41.34600067138672,38.31158447265625,901500
CP.TO,2017-10-10,41.58599853515625,41.61000061035156,40.986000061035156,41.27799987792969,38.248565673828125,1604000
CP.TO,2017-10-11,41.321998596191406,41.77199935913086,41.220001220703125,41.6879997253418,38.62847137451172,857000
CP.TO,2017-10-12,42.00600051879883,42.55799865722656,41.94200134277344,42.11600112915039,39.02506637573242,1896500
CP.TO,2017-10-13,42.25,42.4640007019043,41.95000076293945,42.104000091552734,39.01394271850586,1094500
CP.TO,2017-10-16,42.349998474121094,42.349998474121094,42.13600158691406,42.18600082397461,39.089935302734375,637000
CP.TO,2017-10-17,42.17599868774414,42.22999954223633,41.8120002746582,41.933998107910156,38.85642623901367,1288000
CP.TO,2017-10-18,43.279998779296875,44.4379997253418,43.22800064086914,44.071998596191406,40.83750915527344,5387500
CP.TO,2017-10-19,44.0,44.24399948120117,43.84400177001953,44.18000030517578,40.93758010864258,1258000
CP.TO,2017-10-20,44.439998626708984,45.11800003051758,44.31800079345703,44.832000732421875,41.54173278808594,1906000
CP.TO,2017-10-23,44.801998138427734,45.029998779296875,44.65399932861328,44.79600143432617,41.50837707519531,1179500
CP.TO,2017-10-24,45.16400146484375,45.16400146484375,44.81999969482422,44.95000076293945,41.651065826416016,1135000
CP.TO,2017-10-25,45.02399826049805,45.05400085449219,44.22999954223633,44.577999114990234,41.3063850402832,2335500
CP.TO,2017-10-26,44.54399871826172,44.965999603271484,44.375999450683594,44.8120002746582,41.5232048034668,1354500
CP.TO,2017-10-27,44.86800003051758,45.145999908447266,44.70000076293945,44.70199966430664,41.42127227783203,1014500
CP.TO,2017-10-30,44.5359992980957,45.06800079345703,44.5359992980957,44.810001373291016,41.52135467529297,816000
CP.TO,2017-10-31,44.939998626708984,45.14400100708008,44.61199951171875,44.736000061035156,41.452781677246094,1041500
CP.TO,2017-11-01,44.87200164794922,45.167999267578125,44.529998779296875,44.58000183105469,41.308231353759766,1895000
CP.TO,2017-11-02,44.597999572753906,44.93199920654297,44.03799819946289,44.87200164794922,41.578800201416016,1264000
CP.TO,2017-11-03,44.737998962402344,44.737998962402344,44.09400177001953,44.13199996948242,40.89311599731445,1504500
CP.TO,2017-11-06,44.35200119018555,44.35200119018555,43.965999603271484,44.0,40.77079391479492,1205000
CP.TO,2017-11-07,43.939998626708984,44.29399871826172,43.92399978637695,44.05799865722656,40.82453536987305,746500
CP.TO,2017-11-08,44.06800079345703,44.47200012207031,43.94200134277344,44.38199996948242,41.12477111816406,1301500
CP.TO,2017-11-09,44.12799835205078,44.816001892089844,44.066001892089844,44.689998626708984,41.41014099121094,1272500
CP.TO,2017-11-10,44.77000045776367,44.847999572753906,44.375999450683594,44.44599914550781,41.18406677246094,1037000
CP.TO,2017-11-13,44.125999450683594,44.305999755859375,44.08000183105469,44.141998291015625,40.902374267578125,723500
CP.TO,2017-11-14,44.099998474121094,44.22200012207031,43.61000061035156,43.762001037597656,40.550262451171875,1005000
CP.TO,2017-11-15,43.88600158691406,43.895999908447266,43.00400161743164,43.071998596191406,39.91089630126953,1693500
CP.TO,2017-11-16,43.209999084472656,43.29199981689453,43.018001556396484,43.15999984741211,39.992431640625,1191500
CP.TO,2017-11-17,43.369998931884766,43.577999114990234,42.78799819946289,43.0620002746582,39.901634216308594,1227000
CP.TO,2017-11-20,43.104000091552734,43.15399932861328,42.82400131225586,42.90599822998047,39.75708770751953,1871000
CP.TO,2017-11-21,43.02000045776367,43.599998474121094,42.82600021362305,43.597999572753906,40.39829635620117,1692500
CP.TO,2017-11-22,43.67399978637695,44.19200134277344,43.60599899291992,44.077999114990234,40.84306716918945,1460500
CP.TO,2017-11-23,44.06800079345703,44.19200134277344,43.88800048828125,44.172000885009766,40.930179595947266,289500
CP.TO,2017-11-24,44.321998596191406,44.374000549316406,44.08399963378906,44.2140007019043,40.96909713745117,436000
CP.TO,2017-11-27,44.39799880981445,44.619998931884766,43.96200180053711,44.55799865722656,41.28784942626953,2045500
CP.TO,2017-11-28,44.67399978637695,44.85200119018555,44.327999114990234,44.48400115966797,41.219276428222656,2315500
CP.TO,2017-11-29,44.599998474121094,44.88199996948242,44.19200134277344,44.55799865722656,41.28784942626953,2818000
CP.TO,2017-11-30,44.54999923706055,45.33599853515625,44.540000915527344,45.15999984741211,41.84565734863281,2591500
CP.TO,2017-12-01,45.099998474121094,45.518001556396484,44.31800079345703,45.16999816894531,41.854923248291016,2514000
CP.TO,2017-12-04,45.45399856567383,45.737998962402344,44.566001892089844,44.652000427246094,41.374935150146484,2371500
CP.TO,2017-12-05,44.652000427246094,44.7599983215332,44.22800064086914,44.32600021362305,41.07286834716797,1436000
CP.TO,2017-12-06,44.347999572753906,44.95600128173828,44.22800064086914,44.77000045776367,41.48428726196289,1372500
CP.TO,2017-12-07,44.91999816894531,45.650001525878906,44.91999816894531,45.448001861572266,42.112525939941406,2127000
CP.TO,2017-12-08,45.53200149536133,46.45800018310547,45.53200149536133,46.34600067138672,42.94462203979492,3248000
CP.TO,2017-12-11,46.29800033569336,46.29800033569336,45.599998474121094,45.779998779296875,42.42015838623047,1368500
CP.TO,2017-12-12,45.82400131225586,45.970001220703125,45.63199996948242,45.82600021362305,42.46278762817383,1446500
CP.TO,2017-12-13,45.902000427246094,46.40800094604492,45.902000427246094,46.125999450683594,42.74076461791992,2255500
CP.TO,2017-12-14,46.22999954223633,46.41400146484375,45.832000732421875,45.965999603271484,42.59251022338867,1158000
CP.TO,2017-12-15,46.15599822998047,46.46200180053711,45.90599822998047,46.0099983215332,42.6332893371582,5603500
CP.TO,2017-12-18,46.400001525878906,46.5620002746582,45.90800094604492,46.04199981689453,42.66293716430664,1752500
CP.TO,2017-12-19,46.1879997253418,46.4119987487793,45.87200164794922,46.11199951171875,42.72780227661133,3135500
CP.TO,2017-12-20,46.11000061035156,46.61199951171875,45.902000427246094,46.2599983215332,42.864925384521484,1518000
CP.TO,2017-12-21,46.29800033569336,46.51599884033203,46.0260009765625,46.45399856567383,43.04469299316406,1046500
CP.TO,2017-12-22,46.50199890136719,46.7760009765625,46.27000045776367,46.349998474121094,42.94831466674805,727500
CP.TO,2017-12-27,46.35599899291992,46.465999603271484,46.02799987792969,46.42399978637695,43.01689147949219,683500
CP.TO,2017-12-28,46.2400016784668,46.279998779296875,45.84600067138672,45.965999603271484,42.696067810058594,721500
CP.TO,2017-12-29,45.97600173950195,46.040000915527344,45.7760009765625,45.93199920654297,42.66448974609375,748500
CP.TO,2018-01-02,45.75,46.189998626708984,45.56800079345703,45.85599899291992,42.59389877319336,914000
CP.TO,2018-01-03,45.88600158691406,46.18000030517578,45.79600143432617,46.08000183105469,42.801971435546875,943500
CP.TO,2018-01-04,46.15599822998047,46.38800048828125,45.93199920654297,46.007999420166016,42.735084533691406,1222500
CP.TO,2018-01-05,45.97999954223633,46.12200164794922,45.61399841308594,45.87200164794922,42.6087532043457,1547000
CP.TO,2018-01-08,45.847999572753906,46.40999984741211,45.79199981689453,46.31399917602539,43.01932144165039,1519000
CP.TO,2018-01-09,46.99399948120117,46.99399948120117,46.41400146484375,46.56800079345703,43.255245208740234,1176000
CP.TO,2018-01-10,46.45399856567383,46.63600158691406,44.84600067138672,45.104000091552734,41.8953857421875,2735000
CP.TO,2018-01-11,45.194000244140625,46.13999938964844,44.9900016784668,45.970001220703125,42.69978713989258,2074000
CP.TO,2018-01-12,46.02000045776367,46.119998931884766,45.43199920654297,45.645999908447266,42.39883804321289,2128500
CP.TO,2018-01-15,45.99800109863281,45.99800109863281,45.54600143432617,45.55400085449219,42.31336975097656,361000
CP.TO,2018-01-16,45.77000045776367,45.790000915527344,45.0,45.145999908447266,41.93440246582031,1808500
CP.TO,2018-01-17,45.354000091552734,45.46200180053711,44.75600051879883,45.060001373291016,41.854515075683594,2061000
CP.TO,2018-01-18,45.04999923706055,45.43000030517578,44.86000061035156,45.43000030517578,42.19819641113281,1802000
CP.TO,2018-01-19,45.577999114990234,46.81999969482422,45.448001861572266,46.68000030517578,43.35927963256836,4946000
CP.TO,2018-01-22,46.422000885009766,46.70000076293945,45.395999908447266,46.332000732421875,43.03604507446289,3800500
CP.TO,2018-01-23,46.33399963378906,46.354000091552734,45.66400146484375,45.816001892089844,42.55673599243164,1966500
CP.TO,2018-01-24,45.83000183105469,46.31999969482422,45.599998474121094,46.242000579833984,42.95243835449219,2565000
CP.TO,2018-01-25,46.07400131225586,46.268001556396484,45.77000045776367,46.0880012512207,42.809391021728516,2637500
CP.TO,2018-01-26,46.33599853515625,46.33599853515625,45.80799865722656,46.09199905395508,42.8131103515625,1414500
CP.TO,2018-01-29,45.93199920654297,46.55799865722656,45.928001403808594,46.19200134277344,42.9059944152832,2784500
CP.TO,2018-01-30,46.130001068115234,46.2140007019043,45.70199966430664,45.9739990234375,42.703495025634766,1722000
CP.TO,2018-01-31,45.922000885009766,46.119998931884766,45.400001525878906,45.54800033569336,42.30780029296875,2142000
CP.TO,2018-02-01,45.5,45.5260009765625,45.00199890136719,45.28200149536133,42.06073760986328,1374000
CP.TO,2018-02-02,45.20800018310547,45.2140007019043,44.32400131225586,44.54600143432617,41.37709045410156,2376000
CP.TO,2018-02-05,44.35599899291992,44.63399887084961,43.38399887084961,43.4739990234375,40.3813362121582,3340500
CP.TO,2018-02-06,42.986000061035156,44.23400115966797,42.5,43.90399932861328,40.78075408935547,3840500
CP.TO,2018-02-07,43.895999908447266,44.481998443603516,43.61800003051758,44.20199966430664,41.057559967041016,1827000
CP.TO,2018-02-08,44.470001220703125,44.470001220703125,43.44200134277344,43.47600173950195,40.383201599121094,2112000
CP.TO,2018-02-09,43.63199996948242,43.74599838256836,42.60599899291992,43.19599914550781,40.12312316894531,2385500
CP.TO,2018-02-12,43.400001525878906,44.56399917602539,43.391998291015625,44.52799987792969,41.36035919189453,2514500
CP.TO,2018-02-13,44.92599868774414,45.33000183105469,44.402000427246094,45.03200149536133,41.8285026550293,3161500
CP.TO,2018-02-14,44.72800064086914,45.70199966430664,44.47600173950195,45.5620002746582,42.3208122253418,2395500
CP.TO,2018-02-15,45.801998138427734,46.066001892089844,45.28799819946289,46.02399826049805,42.749942779541016,2428500
CP.TO,2018-02-16,45.880001068115234,47.130001068115234,45.86600112915039,46.582000732421875,43.26824188232422,3064000
CP.TO,2018-02-20,46.20600128173828,46.599998474121094,45.86600112915039,46.034000396728516,42.75922393798828,1413500
CP.TO,2018-02-21,46.060001373291016,46.90800094604492,46.05799865722656,46.71200180053711,43.38898849487305,2054500
CP.TO,2018-02-22,46.77799987792969,47.29999923706055,46.50199890136719,47.02000045776367,43.67508316040039,2264000
CP.TO,2018-02-23,47.12200164794922,47.400001525878906,46.66600036621094,47.279998779296875,43.91658020019531,1303000
CP.TO,2018-02-26,47.29600143432617,47.82400131225586,47.066001892089844,47.694000244140625,44.301143646240234,1425000
CP.TO,2018-02-27,47.481998443603516,48.08000183105469,47.00600051879883,47.178001403808594,43.82184600830078,1813000
CP.TO,2018-02-28,47.284000396728516,47.49599838256836,45.83399963378906,45.900001525878906,42.63477325439453,3062000
CP.TO,2018-03-01,45.599998474121094,45.99399948120117,45.24800109863281,45.38600158691406,42.15732192993164,2017500
CP.TO,2018-03-02,45.20000076293945,45.380001068115234,44.65599822998047,44.95000076293945,41.75233840942383,2071500
CP.TO,2018-03-05,44.70399856567383,45.720001220703125,44.652000427246094,45.63600158691406,42.389556884765625,2805500
CP.TO,2018-03-06,45.599998474121094,45.7400016784668,45.16600036621094,45.347999572753906,42.122032165527344,1548000
CP.TO,2018-03-07,45.198001861572266,45.67599868774414,45.0,45.31800079345703,42.094173431396484,1568500
CP.TO,2018-03-08,45.301998138427734,46.172000885009766,45.290000915527344,45.99599838256836,42.723934173583984,1515000
CP.TO,2018-03-09,46.237998962402344,46.492000579833984,45.99399948120117,46.31999969482422,43.024879455566406,1104500
CP.TO,2018-03-12,46.47200012207031,46.58000183105469,46.15800094604492,46.23400115966797,42.94500732421875,794500
CP.TO,2018-03-13,46.2599983215332,46.72200012207031,46.125999450683594,46.220001220703125,42.93199920654297,1008000
CP.TO,2018-03-14,46.391998291015625,46.47600173950195,45.79999923706055,45.89799880981445,42.632904052734375,1435000
CP.TO,2018-03-15,45.97999954223633,46.40599822998047,45.79800033569336,46.15399932861328,42.870704650878906,1737500
CP.TO,2018-03-16,46.20000076293945,46.784000396728516,46.20000076293945,46.55400085449219,43.24224853515625,5250000
CP.TO,2018-03-19,46.50400161743164,46.551998138427734,45.74800109863281,45.95199966430664,42.683067321777344,1009500
CP.TO,2018-03-20,46.099998474121094,46.28200149536133,45.97200012207031,46.15399932861328,42.870704650878906,1038000
CP.TO,2018-03-21,45.9900016784668,46.49800109863281,45.86800003051758,45.92399978637695,42.657047271728516,1326000
CP.TO,2018-03-22,45.54199981689453,45.551998138427734,44.757999420166016,44.76599884033203,41.68364334106445,1452500
CP.TO,2018-03-23,44.86800003051758,45.21200180053711,44.16999816894531,44.262001037597656,41.21433639526367,1557000
CP.TO,2018-03-26,44.81399917602539,44.895999908447266,44.32400131225586,44.58000183105469,41.51043701171875,1456000
CP.TO,2018-03-27,44.63999938964844,45.9119987487793,44.5260009765625,44.85599899291992,41.767452239990234,2291500
CP.TO,2018-03-28,44.92599868774414,45.27399826049805,44.529998779296875,45.013999938964844,41.91456985473633,1738500
CP.TO,2018-03-29,45.22800064086914,45.619998931884766,45.11399841308594,45.439998626708984,42.311222076416016,1845000
CP.TO,2018-04-02,45.35599899291992,45.433998107910156,44.715999603271484,44.922000885009766,41.82890319824219,1258500
CP.TO,2018-04-03,45.05400085449219,45.141998291015625,44.608001708984375,45.04600143432617,41.94436264038086,997500
CP.TO,2018-04-04,44.74800109863281,44.92599868774414,44.236000061035156,44.84000015258789,41.75253677368164,1321000
CP.TO,2018-04-05,44.959999084472656,45.29399871826172,44.875999450683594,45.08000183105469,41.97603225708008,1262000
CP.TO,2018-04-06,44.95000076293945,45.15999984741211,43.9739990234375,44.25199890136719,41.20503234863281,1753500
CP.TO,2018-04-09,44.512001037597656,45.066001892089844,44.5,44.66600036621094,41.59052276611328,1584000
CP.TO,2018-04-10,45.06800079345703,45.125999450683594,44.486000061035156,44.560001373291016,41.49182891845703,1202000
CP.TO,2018-04-11,44.465999603271484,45.077999114990234,44.38600158691406,44.832000732421875,41.745094299316406,1425000
CP.TO,2018-04-12,44.97200012207031,45.198001861572266,44.678001403808594,44.70800018310547,41.62963104248047,1269000
CP.TO,2018-04-13,44.97200012207031,45.0,44.66600036621094,44.801998138427734,41.71715545654297,1233000
CP.TO,2018-04-16,44.928001403808594,45.42599868774414,44.858001708984375,45.2760009765625,42.15851593017578,1280000
CP.TO,2018-04-17,45.444000244140625,45.46200180053711,45.0,45.108001708984375,42.00209426879883,1783500
CP.TO,2018-04-18,45.358001708984375,45.70000076293945,45.231998443603516,45.257999420166016,42.141761779785156,5117500
CP.TO,2018-04-19,45.400001525878906,45.58000183105469,44.08000183105469,44.69599914550781,41.61846160888672,3225000
CP.TO,2018-04-20,44.86000061035156,44.86399841308594,44.36600112915039,44.69599914550781,41.61846160888672,1562500
CP.TO,2018-04-23,44.80799865722656,46.02000045776367,44.80799865722656,45.47999954223633,42.34846496582031,2100500
CP.TO,2018-04-24,45.56999969482422,45.72800064086914,44.9379997253418,45.16999816894531,42.05982208251953,1683500
CP.TO,2018-04-25,45.279998779296875,46.709999084472656,45.22200012207031,46.38399887084961,43.19023513793945,2308500
CP.TO,2018-04-26,46.380001068115234,47.4640007019043,46.04399871826172,47.0099983215332,43.773136138916016,2045000
CP.TO,2018-04-27,46.981998443603516,47.54199981689453,46.981998443603516,47.4900016784668,44.22007751464844,612000
CP.TO,2018-04-30,47.52000045776367,47.97999954223633,46.78200149536133,46.85599899291992,43.62973403930664,2525500
CP.TO,2018-05-01,47.0,47.00199890136719,45.928001403808594,46.0099983215332,42.841983795166016,1658500
CP.TO,2018-05-02,46.44599914550781,46.44599914550781,45.52799987792969,45.59600067138672,42.45649337768555,1284000
CP.TO,2018-05-03,45.59600067138672,46.13999938964844,45.50600051879883,45.92599868774414,42.763771057128906,1238500
CP.TO,2018-05-04,45.92599868774414,46.874000549316406,45.66600036621094,46.68600082397461,43.471435546875,1277000
CP.TO,2018-05-07,46.85200119018555,47.33599853515625,46.75400161743164,47.28200149536133,44.02640914916992,1170000
CP.TO,2018-05-08,47.31399917602539,47.762001037597656,47.31399917602539,47.49399948120117,44.223785400390625,1510000
CP.TO,2018-05-09,47.5880012512207,47.9900016784668,47.470001220703125,47.75199890136719,44.46403884887695,1131000
CP.TO,2018-05-10,47.902000427246094,48.22800064086914,47.742000579833984,47.82600021362305,44.53295135498047,1259000
CP.TO,2018-05-11,47.82400131225586,48.03200149536133,47.61800003051758,47.69200134277344,44.40816879272461,970000
CP.TO,2018-05-14,47.849998474121094,47.95199966430664,47.50199890136719,47.816001892089844,44.52363586425781,1047500
CP.TO,2018-05-15,47.816001892089844,48.029998779296875,47.38199996948242,47.57600021362305,44.30015182495117,974000
CP.TO,2018-05-16,47.72600173950195,47.821998596191406,46.70399856567383,46.992000579833984,43.75637435913086,1683000
CP.TO,2018-05-17,47.11600112915039,47.641998291015625,47.0260009765625,47.10599899291992,43.86252212524414,2080000
CP.TO,2018-05-18,47.04999923706055,47.13600158691406,46.24399948120117,46.9739990234375,43.7396125793457,1751500
CP.TO,2018-05-22,46.917999267578125,47.321998596191406,46.619998931884766,46.70399856567383,43.48820495605469,1431000
CP.TO,2018-05-23,46.54199981689453,47.349998474121094,46.5359992980957,47.0359992980957,43.797332763671875,1328000
CP.TO,2018-05-24,46.944000244140625,47.75199890136719,46.944000244140625,47.68000030517578,44.396995544433594,1375500
CP.TO,2018-05-25,47.61000061035156,48.71799850463867,47.61000061035156,48.28799819946289,44.963130950927734,1486500
CP.TO,2018-05-28,48.099998474121094,48.183998107910156,47.4119987487793,47.4119987487793,44.1474494934082,697000
CP.TO,2018-05-29,47.34600067138672,48.45000076293945,47.305999755859375,48.20199966430664,44.883052825927734,1829500
CP.TO,2018-05-30,48.0,49.529998779296875,47.9640007019043,49.077999114990234,45.69873046875,2067500
CP.TO,2018-05-31,49.11000061035156,50.077999114990234,48.79999923706055,50.00199890136719,46.559112548828125,2804500
CP.TO,2018-06-01,50.0,50.13999938964844,49.327999114990234,49.62799835205078,46.21086120605469,1233500
CP.TO,2018-06-04,49.604000091552734,49.90999984741211,49.36399841308594,49.689998626708984,46.26859664916992,877500
CP.TO,2018-06-05,49.77399826049805,50.29999923706055,49.459999084472656,49.944000244140625,46.5051155090332,1752000
CP.TO,2018-06-06,49.81999969482422,50.08399963378906,49.29999923706055,50.0260009765625,46.58146286010742,1045000
CP.TO,2018-06-07,49.986000061035156,50.130001068115234,49.47999954223633,49.56399917602539,46.1512565612793,835500
CP.TO,2018-06-08,49.56399917602539,49.81800079345703,49.25600051879883,49.76599884033203,46.339359283447266,817000
CP.TO,2018-06-11,49.858001708984375,50.512001037597656,49.81999969482422,50.31999969482422,46.855224609375,1034000
CP.TO,2018-06-12,50.301998138427734,50.667999267578125,50.12200164794922,50.566001892089844,47.08427810668945,1067000
CP.TO,2018-06-13,50.599998474121094,50.77399826049805,50.28200149536133,50.36800003051758,46.89990997314453,998500
CP.TO,2018-06-14,50.40399932861328,51.11600112915039,50.402000427246094,50.88399887084961,47.38038635253906,821500
CP.TO,2018-06-15,50.86000061035156,51.59000015258789,50.70199966430664,51.20000076293945,47.67462921142578,4060500
CP.TO,2018-06-18,51.11800003051758,51.53799819946289,50.81999969482422,51.11399841308594,47.59454345703125,893500
CP.TO,2018-06-19,50.900001525878906,50.900001525878906,50.152000427246094,50.5359992980957,47.05635070800781,1222000
CP.TO,2018-06-20,50.70800018310547,51.145999908447266,50.422000885009766,50.96799850463867,47.45859146118164,2023000
CP.TO,2018-06-21,50.88399887084961,50.939998626708984,49.5,49.54999923706055,46.13823318481445,2426000
CP.TO,2018-06-22,49.79999923706055,50.183998107910156,49.68199920654297,49.821998596191406,46.391510009765625,1324500
CP.TO,2018-06-25,49.597999572753906,49.597999572753906,47.96799850463867,48.09199905395508,44.78063201904297,3077500
CP.TO,2018-06-26,48.125999450683594,48.67399978637695,47.34600067138672,48.4119987487793,45.07859420776367,2584500
CP.TO,2018-06-27,48.68600082397461,49.15399932861328,48.21200180053711,48.2760009765625,44.95195770263672,1407500
CP.TO,2018-06-28,48.00600051879883,48.194000244140625,47.604000091552734,48.06399917602539,44.875389099121094,1008000
CP.TO,2018-06-29,48.077999114990234,48.439998626708984,47.75400161743164,48.183998107910156,44.98743438720703,1383500
CP.TO,2018-07-03,48.30400085449219,48.31399917602539,46.9379997253418,47.38800048828125,44.24423599243164,1142500
CP.TO,2018-07-04,47.481998443603516,47.56800079345703,47.17599868774414,47.53799819946289,44.38429641723633,245000
CP.TO,2018-07-05,47.51599884033203,47.566001892089844,47.0,47.36600112915039,44.22370147705078,1254500
CP.TO,2018-07-06,47.28200149536133,47.63999938964844,46.965999603271484,47.44599914550781,44.29839324951172,1011000
CP.TO,2018-07-09,47.82400131225586,49.0620002746582,47.82400131225586,49.040000915527344,45.786659240722656,1739000
CP.TO,2018-07-10,49.22600173950195,49.35599899291992,48.487998962402344,49.231998443603516,45.965911865234375,1075500
CP.TO,2018-07-11,48.92399978637695,48.93600082397461,48.1879997253418,48.24599838256836,45.04532241821289,1180500
CP.TO,2018-07-12,48.555999755859375,49.124000549316406,48.29999923706055,48.95000076293945,45.702613830566406,1185500
CP.TO,2018-07-13,49.06399917602539,49.70399856567383,48.965999603271484,49.38199996948242,46.10596466064453,973500
CP.TO,2018-07-16,49.49599838256836,49.52000045776367,48.61800003051758,48.75,45.51587677001953,961000
CP.TO,2018-07-17,48.62200164794922,49.20000076293945,48.599998474121094,49.09400177001953,45.837074279785156,1212500
CP.TO,2018-07-18,49.34199905395508,50.051998138427734,49.34000015258789,49.76599884033203,46.464481353759766,1505000
CP.TO,2018-07-19,50.50400161743164,51.22200012207031,50.03799819946289,50.91999816894531,47.541934967041016,2580500
CP.TO,2018-07-20,50.84199905395508,51.37200164794922,50.465999603271484,51.13999938964844,47.747337341308594,2101000
CP.TO,2018-07-23,51.0,51.189998626708984,50.77000045776367,51.04800033569336,47.66145324707031,944000
CP.TO,2018-07-24,51.150001525878906,51.52399826049805,49.84600067138672,49.93000030517578,46.61760711669922,1302500
CP.TO,2018-07-25,50.02199935913086,50.68600082397461,49.86399841308594,50.5620002746582,47.20768737792969,992500
CP.TO,2018-07-26,50.54600143432617,51.507999420166016,50.38600158691406,51.11399841308594,47.72305679321289,1232000
CP.TO,2018-07-27,51.25400161743164,51.53799819946289,51.0,51.19200134277344,47.795894622802734,1129000
CP.TO,2018-07-30,51.32400131225586,51.5,51.104000091552734,51.20600128173828,47.80895233154297,1370500
CP.TO,2018-07-31,51.29800033569336,51.72999954223633,51.29800033569336,51.59600067138672,48.173091888427734,1416500
CP.TO,2018-08-01,51.683998107910156,52.21200180053711,51.4640007019043,51.849998474121094,48.41023635864258,1097000
CP.TO,2018-08-02,51.74800109863281,52.76599884033203,51.29999923706055,52.619998931884766,49.12914276123047,1193500
CP.TO,2018-08-03,52.54600143432617,52.54600143432617,52.10200119018555,52.34400177001953,48.87146759033203,1004000
CP.TO,2018-08-07,52.74800109863281,52.89400100708008,51.97999954223633,52.2599983215332,48.79302978515625,1488500
CP.TO,2018-08-08,52.237998962402344,53.125999450683594,52.15999984741211,52.9119987487793,49.40177917480469,829500
CP.TO,2018-08-09,53.0359992980957,53.41999816894531,52.83599853515625,53.082000732421875,49.56049346923828,1121500
CP.TO,2018-08-10,52.900001525878906,53.42599868774414,52.63199996948242,53.12799835205078,49.60344696044922,809500
CP.TO,2018-08-13,53.055999755859375,53.9119987487793,52.849998474121094,53.0880012512207,49.566104888916016,1229500
CP.TO,2018-08-14,53.236000061035156,53.46799850463867,52.99599838256836,53.09000015258789,49.567970275878906,968000
CP.TO,2018-08-15,52.683998107910156,52.895999908447266,52.49800109863281,52.68000030517578,49.1851692199707,938000
CP.TO,2018-08-16,52.84000015258789,53.183998107910156,52.59400177001953,52.68000030517578,49.1851692199707,763000
CP.TO,2018-08-17,52.56800079345703,52.762001037597656,52.24599838256836,52.65800094604492,49.16462326049805,728500
CP.TO,2018-08-20,52.4739990234375,52.91999816894531,52.465999603271484,52.560001373291016,49.073123931884766,679000
CP.TO,2018-08-21,52.689998626708984,53.316001892089844,52.560001373291016,53.20399856567383,49.67441940307617,971500
CP.TO,2018-08-22,53.26599884033203,53.90800094604492,53.198001861572266,53.29800033569336,49.762168884277344,1085000
CP.TO,2018-08-23,53.2400016784668,53.64799880981445,53.145999908447266,53.64400100708008,50.08521270751953,869000
CP.TO,2018-08-24,53.91400146484375,54.0,53.071998596191406,53.189998626708984,49.66133117675781,894500
CP.TO,2018-08-27,53.28200149536133,54.018001556396484,53.27799987792969,53.81999969482422,50.249542236328125,979000
CP.TO,2018-08-28,54.00199890136719,54.00199890136719,53.42399978637695,53.43600082397461,49.89102554321289,673000
CP.TO,2018-08-29,53.38800048828125,53.922000885009766,53.38199996948242,53.56999969482422,50.01612854003906,918000
CP.TO,2018-08-30,53.41999816894531,54.400001525878906,53.41999816894531,54.38199996948242,50.77426528930664,1274500
CP.TO,2018-08-31,54.50199890136719,55.11800003051758,54.400001525878906,54.89799880981445,51.25602340698242,1601500
CP.TO,2018-09-04,54.80799865722656,55.237998962402344,54.512001037597656,54.779998779296875,51.14585494995117,1574000
CP.TO,2018-09-05,54.805999755859375,55.11800003051758,54.422000885009766,54.8120002746582,51.17572784423828,1085500
CP.TO,2018-09-06,54.70199966430664,55.45000076293945,54.641998291015625,54.854000091552734,51.21493911743164,1004500
CP.TO,2018-09-07,54.77399826049805,55.2140007019043,54.65999984741211,54.75,51.11784744262695,1065000
CP.TO,2018-09-10,54.94599914550781,54.94599914550781,53.880001068115234,53.91600036621094,50.33917236328125,1723500
CP.TO,2018-09-11,53.9379997253418,55.215999603271484,53.70199966430664,54.74599838256836,51.114105224609375,1991000
CP.TO,2018-09-12,54.74399948120117,54.74399948120117,53.80799865722656,53.83599853515625,50.26448059082031,1610500
CP.TO,2018-09-13,53.9640007019043,54.11199951171875,53.64400100708008,53.81800079345703,50.247676849365234,996000
CP.TO,2018-09-14,53.79199981689453,54.055999755859375,53.470001220703125,53.59000015258789,50.03480529785156,1596000
CP.TO,2018-09-17,53.61000061035156,53.827999114990234,53.29999923706055,53.58000183105469,50.02546310424805,1704500
CP.TO,2018-09-18,53.79800033569336,54.119998931884766,53.45000076293945,53.742000579833984,50.17672348022461,1857500
CP.TO,2018-09-19,53.720001220703125,53.72999954223633,52.965999603271484,53.055999755859375,49.53622817993164,2947500
CP.TO,2018-09-20,53.21200180053711,53.849998474121094,53.12200164794922,53.487998962402344,49.93956756591797,1690000
CP.TO,2018-09-21,53.7599983215332,54.374000549316406,53.75400161743164,54.20000076293945,50.604339599609375,3293500
CP.TO,2018-09-24,54.20199966430664,54.41999816894531,53.82400131225586,54.220001220703125,50.62300491333008,1699000
CP.TO,2018-09-25,54.17599868774414,54.74399948120117,54.02199935913086,54.53799819946289,50.91990661621094,1525500
CP.TO,2018-09-26,54.486000061035156,55.0099983215332,54.46799850463867,54.97999954223633,51.332576751708984,2665000
CP.TO,2018-09-27,54.992000579833984,55.7599983215332,54.71799850463867,55.279998779296875,51.73500442504883,1717500
CP.TO,2018-09-28,55.124000549316406,55.513999938964844,54.40800094604492,54.645999908447266,51.141666412353516,1596500
CP.TO,2018-10-01,54.917999267578125,55.917999267578125,54.5099983215332,55.39799880981445,51.84544372558594,1763000
CP.TO,2018-10-02,55.40999984741211,55.4640007019043,54.439998626708984,54.75,51.23899841308594,1904000
CP.TO,2018-10-03,54.81999969482422,54.99800109863281,54.167999267578125,54.4119987487793,50.922672271728516,1364000
CP.TO,2018-10-04,55.65999984741211,56.183998107910156,55.1879997253418,56.01599884033203,52.42380905151367,3288000
CP.TO,2018-10-05,56.56399917602539,57.948001861572266,56.47999954223633,57.11199951171875,53.44953155517578,3471500
CP.TO,2018-10-09,57.0,57.97999954223633,56.736000061035156,57.7400016784668,54.037269592285156,2169000
CP.TO,2018-10-10,58.3120002746582,58.3120002746582,53.86399841308594,53.93199920654297,50.47346115112305,3154500
CP.TO,2018-10-11,53.58000183105469,54.20399856567383,52.88199996948242,52.99399948120117,49.59560012817383,2652500
CP.TO,2018-10-12,54.375999450683594,54.560001373291016,53.54399871826172,54.00199890136719,50.53896713256836,2787000
CP.TO,2018-10-15,54.09600067138672,54.09600067138672,53.50199890136719,53.928001403808594,50.469730377197266,1356000
CP.TO,2018-10-16,54.13800048828125,54.316001892089844,53.608001708984375,54.231998443603516,50.75421142578125,1729500
CP.TO,2018-10-17,54.40800094604492,54.5,53.22999954223633,53.683998107910156,50.24135971069336,1390500
CP.TO,2018-10-18,53.8380012512207,53.88199996948242,52.03200149536133,52.11800003051758,48.7757682800293,2145500
CP.TO,2018-10-19,53.24599838256836,53.444000244140625,52.10200119018555,52.22200012207031,48.87312316894531,2359500
CP.TO,2018-10-22,52.22200012207031,53.19200134277344,51.75199890136719,53.03200149536133,49.63117980957031,2019500
CP.TO,2018-10-23,52.13600158691406,52.24399948120117,51.43000030517578,51.922000885009766,48.592350006103516,2162000
CP.TO,2018-10-24,51.922000885009766,52.70000076293945,50.73400115966797,51.30799865722656,48.01772689819336,2433500
CP.TO,2018-10-25,51.81399917602539,51.821998596191406,50.790000915527344,51.29999923706055,48.01023483276367,2467500
CP.TO,2018-10-26,51.04399871826172,51.645999908447266,50.68199920654297,51.39799880981445,48.101951599121094,2185000
CP.TO,2018-10-29,51.84199905395508,52.36199951171875,50.720001220703125,51.29199981689453,48.00274658203125,2657000
CP.TO,2018-10-30,51.2400016784668,53.44200134277344,51.21200180053711,53.30400085449219,49.88572311401367,2044000
CP.TO,2018-10-31,53.77799987792969,54.47200012207031,53.47200012207031,53.99399948120117,50.53147888183594,2960500
CP.TO,2018-11-01,53.99399948120117,54.15599822998047,53.172000885009766,53.67599868774414,50.23387145996094,1619000
CP.TO,2018-11-02,53.965999603271484,54.66999816894531,53.444000244140625,53.88999938964844,50.43415832519531,1693500
CP.TO,2018-11-05,53.82600021362305,54.47999954223633,53.650001525878906,54.32600021362305,50.842185974121094,1843500
CP.TO,2018-11-06,54.29199981689453,55.066001892089844,53.604000091552734,54.34000015258789,50.85529327392578,1859500
CP.TO,2018-11-07,54.5880012512207,55.060001373291016,54.0,54.88600158691406,51.366268157958984,1703500
CP.TO,2018-11-08,54.86199951171875,55.40999984741211,54.58599853515625,54.869998931884766,51.351314544677734,1658500
CP.TO,2018-11-09,54.551998138427734,55.4640007019043,54.54999923706055,55.130001068115234,51.59463119506836,2194000
CP.TO,2018-11-12,55.167999267578125,55.215999603271484,54.189998626708984,54.36000061035156,50.87401580810547,2005000
CP.TO,2018-11-13,54.49399948120117,55.439998626708984,54.42399978637695,54.902000427246094,51.38125991821289,2157500
CP.TO,2018-11-14,55.15399932861328,55.83599853515625,54.41999816894531,54.70199966430664,51.194068908691406,1689000
CP.TO,2018-11-15,54.599998474121094,55.63800048828125,54.1619987487793,55.20600128173828,51.66575622558594,1849500
CP.TO,2018-11-16,55.15999984741211,55.70000076293945,54.81399917602539,55.18000030517578,51.641414642333984,1186000
CP.TO,2018-11-19,55.19599914550781,55.56800079345703,54.597999572753906,55.077999114990234,51.54595947265625,1448000
CP.TO,2018-11-20,54.46799850463867,54.46799850463867,52.4739990234375,52.55799865722656,49.18757247924805,2039500
CP.TO,2018-11-21,53.12200164794922,54.7239990234375,53.0,54.310001373291016,50.827213287353516,2226000
CP.TO,2018-11-22,54.20600128173828,54.35200119018555,53.9900016784668,54.02000045776367,50.55582046508789,467500
CP.TO,2018-11-23,53.816001892089844,54.00199890136719,53.38800048828125,53.992000579833984,50.52960968017578,881000
CP.TO,2018-11-26,54.077999114990234,54.47999954223633,53.18600082397461,53.38999938964844,49.966217041015625,1781000
CP.TO,2018-11-27,53.26599884033203,53.93000030517578,53.236000061035156,53.54600143432617,50.112213134765625,1938000
CP.TO,2018-11-28,53.81999969482422,55.87200164794922,53.81999969482422,55.763999938964844,52.1879768371582,2085500
CP.TO,2018-11-29,55.59600067138672,56.67599868774414,55.59600067138672,55.88800048828125,52.304019927978516,1193000
CP.TO,2018-11-30,55.77199935913086,56.55799865722656,55.70199966430664,56.20199966430664,52.5978889465332,2107500
CP.TO,2018-12-03,56.86199951171875,57.42599868774414,55.11399841308594,55.21200180053711,51.67137908935547,1993000
CP.TO,2018-12-04,54.99399948120117,54.99399948120117,52.06999969482422,53.02799987792969,49.627437591552734,2991000
CP.TO,2018-12-05,53.26599884033203,54.209999084472656,53.26599884033203,53.742000579833984,50.29563522338867,1082000
CP.TO,2018-12-06,53.040000915527344,53.2760009765625,52.20000076293945,52.400001525878906,49.039710998535156,2398500
CP.TO,2018-12-07,52.8380012512207,52.959999084472656,50.29199981689453,50.400001525878906,47.167964935302734,2409000
CP.TO,2018-12-10,50.48400115966797,51.11199951171875,49.849998474121094,51.0260009765625,47.75381088256836,1770500
CP.TO,2018-12-11,51.762001037597656,52.4739990234375,50.965999603271484,51.268001556396484,47.98028564453125,1891000
CP.TO,2018-12-12,51.95600128173828,52.04800033569336,51.172000885009766,51.27199935913086,47.984039306640625,1330000
CP.TO,2018-12-13,51.736000061035156,51.82600021362305,50.66600036621094,50.832000732421875,47.57225036621094,1671000
CP.TO,2018-12-14,50.439998626708984,50.79999923706055,48.90999984741211,49.04199981689453,45.89704895019531,1978500
CP.TO,2018-12-17,49.02399826049805,49.0260009765625,48.097999572753906,48.43199920654297,45.32615280151367,1906500
CP.TO,2018-12-18,48.20600128173828,49.75,48.20600128173828,49.27399826049805,46.114173889160156,2390500
CP.TO,2018-12-19,49.45000076293945,49.987998962402344,48.31999969482422,48.45199966430664,45.344879150390625,2011500
CP.TO,2018-12-20,48.279998779296875,48.512001037597656,46.0,47.11199951171875,44.090816497802734,2786500
CP.TO,2018-12-21,47.16400146484375,47.847999572753906,46.74599838256836,46.81800079345703,43.815670013427734,5231500
CP.TO,2018-12-24,46.44200134277344,46.62799835205078,45.66999816894531,45.66999816894531,42.74128341674805,1166500
CP.TO,2018-12-27,46.62799835205078,47.77799987792969,46.518001556396484,47.68199920654297,44.75163650512695,2011500
CP.TO,2018-12-28,48.11399841308594,48.8120002746582,47.84600067138672,48.2859992980957,45.318519592285156,2194000
CP.TO,2018-12-31,48.624000549316406,49.06800079345703,48.215999603271484,48.448001861572266,45.4705810546875,1802500
CP.TO,2019-01-02,47.439998626708984,48.72800064086914,47.25,48.597999572753906,45.611351013183594,1889500
CP.TO,2019-01-03,48.19200134277344,48.45600128173828,47.0,47.097999572753906,44.203529357910156,1962000
CP.TO,2019-01-04,47.63199996948242,48.694000244140625,47.62200164794922,48.45000076293945,45.47244644165039,1746000
CP.TO,2019-01-07,48.58399963378906,49.38999938964844,47.93000030517578,49.02000045776367,46.00741195678711,2242000
CP.TO,2019-01-08,49.428001403808594,50.400001525878906,49.428001403808594,49.86399841308594,46.79954528808594,2257500
CP.TO,2019-01-09,50.055999755859375,50.67599868774414,49.555999755859375,50.39799880981445,47.30072021484375,1931000
CP.TO,2019-01-10,50.3120002746582,50.577999114990234,49.79999923706055,50.27399826049805,47.18434143066406,1763000
CP.TO,2019-01-11,50.599998474121094,50.672000885009766,50.13800048828125,50.189998626708984,47.10551452636719,1344000
CP.TO,2019-01-14,50.167999267578125,51.512001037597656,50.0,51.44200134277344,48.28057098388672,1395000
CP.TO,2019-01-15,51.645999908447266,51.939998626708984,51.08599853515625,51.38800048828125,48.229881286621094,1346000
CP.TO,2019-01-16,51.67399978637695,52.18199920654297,50.88800048828125,51.3380012512207,48.182952880859375,1556000
CP.TO,2019-01-17,51.444000244140625,51.986000061035156,51.02000045776367,51.81800079345703,48.633460998535156,1702500
CP.TO,2019-01-18,52.09400177001953,52.678001403808594,52.09400177001953,52.34400177001953,49.12713623046875,2214500
CP.TO,2019-01-21,52.55400085449219,52.74399948120117,52.02799987792969,52.65399932861328,49.41807556152344,369000
CP.TO,2019-01-22,52.0,52.604000091552734,52.0,52.327999114990234,49.11211013793945,1613500
CP.TO,2019-01-23,52.79600143432617,52.79800033569336,51.95199966430664,52.38199996948242,49.16279220581055,1478000
CP.TO,2019-01-24,54.018001556396484,54.25,53.007999420166016,53.93000030517578,50.61566162109375,3082000
CP.TO,2019-01-25,54.0,54.736000061035156,53.90999984741211,54.29999923706055,50.962921142578125,1578000
CP.TO,2019-01-28,53.97600173950195,53.97600173950195,53.19599914550781,53.801998138427734,50.49551773071289,1700500
CP.TO,2019-01-29,54.29999923706055,54.59000015258789,53.380001068115234,54.5,51.1506233215332,1806500
CP.TO,2019-01-30,54.79999923706055,54.854000091552734,54.25400161743164,54.263999938964844,50.929141998291016,1879500
CP.TO,2019-01-31,54.29999923706055,54.41600036621094,53.624000549316406,53.86199951171875,50.55183410644531,1527500
CP.TO,2019-02-01,53.97800064086914,53.97999954223633,53.15599822998047,53.422000885009766,50.13887405395508,1507500
CP.TO,2019-02-04,53.58399963378906,53.731998443603516,53.32400131225586,53.56399917602539,50.27214813232422,1464000
CP.TO,2019-02-05,53.7140007019043,54.012001037597656,53.428001403808594,53.599998474121094,50.305938720703125,1603500
CP.TO,2019-02-06,53.597999572753906,53.93000030517578,53.130001068115234,53.22600173950195,49.954925537109375,1141500
CP.TO,2019-02-07,53.2239990234375,53.560001373291016,52.72999954223633,53.422000885009766,50.13887405395508,1047500
CP.TO,2019-02-08,53.33399963378906,53.529998779296875,52.96799850463867,53.15800094604492,49.891109466552734,1141500
CP.TO,2019-02-11,53.422000885009766,53.847999572753906,52.358001708984375,52.678001403808594,49.44060134887695,1255000
CP.TO,2019-02-12,53.2400016784668,53.2400016784668,52.36000061035156,52.87200164794922,49.6226806640625,1300000
CP.TO,2019-02-13,52.99800109863281,53.0099983215332,52.28799819946289,52.34400177001953,49.12713623046875,1756000
CP.TO,2019-02-14,52.0,53.84000015258789,51.99800109863281,53.63199996948242,50.33597946166992,1480500
CP.TO,2019-02-15,53.88199996948242,54.36000061035156,53.68600082397461,54.14400100708008,50.81650924682617,1190500
CP.TO,2019-02-19,54.03200149536133,54.65399932861328,53.630001068115234,54.60200119018555,51.246368408203125,1179500
CP.TO,2019-02-20,54.625999450683594,55.31999969482422,54.46799850463867,54.78200149536133,51.41530227661133,1285000
CP.TO,2019-02-21,54.71799850463867,55.03799819946289,54.43199920654297,54.58399963378906,51.22946548461914,1527000
CP.TO,2019-02-22,54.72800064086914,54.948001861572266,54.37200164794922,54.71799850463867,51.355228424072266,879000
CP.TO,2019-02-25,54.65800094604492,55.44599914550781,54.65800094604492,55.02000045776367,51.63867950439453,1337500
CP.TO,2019-02-26,55.06999969482422,55.39400100708008,54.624000549316406,54.6619987487793,51.30266571044922,1020000
CP.TO,2019-02-27,54.731998443603516,55.02000045776367,54.29999923706055,54.88800048828125,51.51478958129883,846500
CP.TO,2019-02-28,54.597999572753906,54.900001525878906,53.9900016784668,54.38399887084961,51.041744232177734,2154000
CP.TO,2019-03-01,55.077999114990234,55.400001525878906,54.349998474121094,54.38199996948242,51.039878845214844,1785500
CP.TO,2019-03-04,54.86600112915039,55.79800033569336,54.790000915527344,55.150001525878906,51.76069259643555,1425000
CP.TO,2019-03-05,55.29199981689453,55.79999923706055,54.92599868774414,54.970001220703125,51.59174346923828,1527000
CP.TO,2019-03-06,55.05799865722656,55.08000183105469,54.417999267578125,54.70000076293945,51.33832931518555,1539000
CP.TO,2019-03-07,54.71799850463867,55.198001861572266,54.45800018310547,55.099998474121094,51.71376037597656,2266000
CP.TO,2019-03-08,54.81999969482422,55.01599884033203,54.11600112915039,55.007999420166016,51.62741470336914,1431000
CP.TO,2019-03-11,55.071998596191406,55.63600158691406,54.85200119018555,55.24399948120117,51.84891128540039,1743000
CP.TO,2019-03-12,55.10200119018555,55.209999084472656,54.13199996948242,54.44599914550781,51.099945068359375,2110500
CP.TO,2019-03-13,54.63999938964844,54.75400161743164,54.119998931884766,54.44599914550781,51.099945068359375,1579500
CP.TO,2019-03-14,54.5,54.53200149536133,53.91400146484375,54.29600143432617,50.959163665771484,1175500
CP.TO,2019-03-15,54.56999969482422,55.11800003051758,54.32600021362305,54.715999603271484,51.35335159301758,5617500
CP.TO,2019-03-18,54.65399932861328,55.20000076293945,54.507999420166016,55.20000076293945,51.807613372802734,908500
CP.TO,2019-03-19,55.32600021362305,55.32600021362305,53.641998291015625,53.90399932861328,50.591251373291016,1914000
CP.TO,2019-03-20,53.9739990234375,54.17599868774414,53.25400161743164,53.28799819946289,50.01310348510742,1917500
CP.TO,2019-03-21,53.27199935913086,54.52000045776367,53.15999984741211,54.444000244140625,51.09807205200195,1712000
CP.TO,2019-03-22,54.198001861572266,54.268001556396484,53.619998931884766,53.821998596191406,50.5142936706543,1635000
CP.TO,2019-03-25,53.5880012512207,54.599998474121094,53.5880012512207,53.75199890136719,50.4486083984375,1264500
CP.TO,2019-03-26,54.54999923706055,54.70000076293945,53.81399917602539,53.970001220703125,50.65320587158203,1748500
CP.TO,2019-03-27,53.97800064086914,54.48400115966797,53.869998931884766,54.29399871826172,50.95728302001953,1192500
CP.TO,2019-03-28,54.0099983215332,55.290000915527344,54.0099983215332,55.03799819946289,51.77955627441406,1582000
CP.TO,2019-03-29,55.20000076293945,55.65999984741211,54.84400177001953,55.06800079345703,51.80776596069336,1785000
CP.TO,2019-04-01,55.63199996948242,55.97200012207031,55.20600128173828,55.689998626708984,52.392940521240234,2019000
CP.TO,2019-04-02,55.85599899291992,55.85599899291992,54.981998443603516,55.20199966430664,51.933837890625,1296500
CP.TO,2019-04-03,55.35200119018555,55.512001037597656,54.70000076293945,55.20800018310547,51.93948745727539,1844500
CP.TO,2019-04-04,55.20000076293945,55.70000076293945,54.99599838256836,55.41400146484375,52.13328552246094,1129000
CP.TO,2019-04-05,55.52399826049805,55.95199966430664,55.32600021362305,55.742000579833984,52.441864013671875,1242000
CP.TO,2019-04-08,55.49800109863281,56.082000732421875,55.11600112915039,56.00400161743164,52.6883544921875,1473500
CP.TO,2019-04-09,55.5,56.19200134277344,55.5,55.95000076293945,52.63755798339844,1191500
CP.TO,2019-04-10,56.0,56.13800048828125,55.66999816894531,56.11800003051758,52.79560852050781,1254000
CP.TO,2019-04-11,56.16400146484375,56.50199890136719,56.16400146484375,56.49800109863281,53.15311050415039,1362000
CP.TO,2019-04-12,56.29999923706055,57.22600173950195,56.2599983215332,56.94200134277344,53.570823669433594,1328500
CP.TO,2019-04-15,56.7239990234375,56.992000579833984,56.33000183105469,56.849998474121094,53.4842643737793,1142000
CP.TO,2019-04-16,57.040000915527344,57.097999572753906,56.37799835205078,56.439998626708984,53.098548889160156,1316000
CP.TO,2019-04-17,56.61199951171875,57.49599838256836,56.61199951171875,57.380001068115234,53.9828987121582,1714500
CP.TO,2019-04-18,57.41400146484375,58.07600021362305,57.41400146484375,57.99800109863281,54.564308166503906,1404000
CP.TO,2019-04-22,57.5,58.529998779296875,57.465999603271484,58.4900016784668,55.02717208862305,1260000
CP.TO,2019-04-23,58.402000427246094,59.0,58.104000091552734,59.0,55.50697708129883,2038500
CP.TO,2019-04-24,59.04600143432617,61.22600173950195,58.902000427246094,60.59199905395508,57.004730224609375,2787500
CP.TO,2019-04-25,60.59199905395508,60.59199905395508,59.582000732421875,60.07600021362305,56.519287109375,1371500
CP.TO,2019-04-26,60.0,60.0,59.512001037597656,59.83000183105469,56.28784942626953,1118000
CP.TO,2019-04-29,59.80799865722656,60.119998931884766,59.36600112915039,59.95600128173828,56.40638732910156,999000
CP.TO,2019-04-30,60.17599868774414,60.31800079345703,59.709999084472656,60.034000396728516,56.47977066040039,1509500
CP.TO,2019-05-01,60.034000396728516,60.369998931884766,59.849998474121094,60.04800033569336,56.49293518066406,1583500
CP.TO,2019-05-02,60.03200149536133,60.03200149536133,59.189998626708984,59.321998596191406,55.80991744995117,1691500
CP.TO,2019-05-03,59.63999938964844,59.900001525878906,59.433998107910156,59.80400085449219,56.263389587402344,1455500
CP.TO,2019-05-06,59.194000244140625,59.82400131225586,58.880001068115234,59.77199935913086,56.23326873779297,2130000
CP.TO,2019-05-07,59.2400016784668,59.582000732421875,58.65399932861328,58.94200134277344,55.452430725097656,1923000
CP.TO,2019-05-08,58.97200012207031,59.816001892089844,58.80799865722656,59.5260009765625,56.00185012817383,1256000
CP.TO,2019-05-09,59.52399826049805,59.5260009765625,58.847999572753906,59.11399841308594,55.61423110961914,1168500
CP.TO,2019-05-10,59.13600158691406,59.13600158691406,58.066001892089844,58.880001068115234,55.39408874511719,1697500
CP.TO,2019-05-13,58.40800094604492,58.63399887084961,57.57400131225586,58.481998443603516,55.01964569091797,1455000
CP.TO,2019-05-14,58.60200119018555,59.332000732421875,58.48400115966797,59.06800079345703,55.570953369140625,1392500
CP.TO,2019-05-15,58.827999114990234,59.986000061035156,58.78200149536133,59.83399963378906,56.291622161865234,1567500
CP.TO,2019-05-16,59.91600036621094,61.59199905395508,59.645999908447266,61.57600021362305,57.93047332763672,2468500
CP.TO,2019-05-17,61.0099983215332,61.900001525878906,60.902000427246094,61.597999572753906,57.95116424560547,1605500
CP.TO,2019-05-21,61.45000076293945,61.56800079345703,60.7599983215332,60.900001525878906,57.294490814208984,1722000
CP.TO,2019-05-22,60.58000183105469,61.130001068115234,60.37799835205078,60.917999267578125,57.311431884765625,981500
CP.TO,2019-05-23,60.599998474121094,60.6879997253418,59.10200119018555,59.79999923706055,56.259613037109375,1979000
CP.TO,2019-05-24,60.05400085449219,60.38399887084961,59.42399978637695,60.04199981689453,56.4872932434082,1143000
CP.TO,2019-05-27,60.17599868774414,60.87200164794922,60.040000915527344,60.87200164794922,57.26815414428711,343000
CP.TO,2019-05-28,60.757999420166016,61.47600173950195,60.5,60.63999938964844,57.04988479614258,2158500
CP.TO,2019-05-29,60.040000915527344,60.2140007019043,59.65999984741211,59.79999923706055,56.259613037109375,1348500
CP.TO,2019-05-30,59.79800033569336,59.95399856567383,59.5359992980957,59.7140007019043,56.178707122802734,894000
CP.TO,2019-05-31,58.652000427246094,59.52199935913086,58.60599899291992,59.25199890136719,55.74406814575195,2301500
CP.TO,2019-06-03,59.2239990234375,60.4900016784668,59.20600128173828,59.854000091552734,56.310401916503906,2467000
CP.TO,2019-06-04,60.33399963378906,60.74800109863281,60.13800048828125,60.507999420166016,56.92570495605469,2085500
CP.TO,2019-06-05,60.72600173950195,61.63199996948242,60.534000396728516,61.391998291015625,57.75736618041992,2028500
CP.TO,2019-06-06,61.56999969482422,61.875999450683594,61.16600036621094,61.784000396728516,58.126155853271484,1275000
CP.TO,2019-06-07,61.91400146484375,62.779998779296875,61.529998779296875,62.34199905395508,58.65113067626953,2056000
CP.TO,2019-06-10,62.540000915527344,62.970001220703125,61.59400177001953,61.67399978637695,58.022674560546875,1610500
CP.TO,2019-06-11,62.1879997253418,62.37799835205078,61.45000076293945,61.880001068115234,58.21647262573242,1244000
CP.TO,2019-06-12,61.715999603271484,62.459999084472656,61.45000076293945,62.145999908447266,58.46674346923828,976500
CP.TO,2019-06-13,62.40399932861328,62.40399932861328,61.63399887084961,62.02199935913086,58.350067138671875,968000
CP.TO,2019-06-14,61.928001403808594,62.39400100708008,61.61000061035156,62.220001220703125,58.53635025024414,1253000
CP.TO,2019-06-17,62.21799850463867,63.013999938964844,61.928001403808594,62.85599899291992,59.13469314575195,1381000
CP.TO,2019-06-18,63.183998107910156,63.58399963378906,62.45199966430664,62.507999420166016,58.807281494140625,1714000
CP.TO,2019-06-19,62.540000915527344,62.97999954223633,62.41400146484375,62.736000061035156,59.02178955078125,899000
CP.TO,2019-06-20,63.0260009765625,63.45000076293945,62.7599983215332,63.42599868774414,59.67095184326172,828500
CP.TO,2019-06-21,63.236000061035156,63.75,63.09199905395508,63.46200180053711,59.70482635498047,3710500
CP.TO,2019-06-24,63.41999816894531,63.551998138427734,62.79999923706055,62.821998596191406,59.10271453857422,797500
CP.TO,2019-06-25,62.75,62.91600036621094,61.59600067138672,61.821998596191406,58.16191482543945,1475000
CP.TO,2019-06-26,61.689998626708984,61.90399932861328,61.20199966430664,61.284000396728516,57.655765533447266,1375500
CP.TO,2019-06-27,61.29800033569336,61.70800018310547,61.055999755859375,61.349998474121094,57.8746223449707,1016500
CP.TO,2019-06-28,61.0359992980957,61.68600082397461,60.933998107910156,61.68600082397461,58.19158935546875,1453000
CP.TO,2019-07-02,62.422000885009766,62.513999938964844,61.61800003051758,61.90599822998047,58.399105072021484,1309000
CP.TO,2019-07-03,62.02000045776367,62.56800079345703,62.02000045776367,62.56800079345703,59.02362060546875,837000
CP.TO,2019-07-04,62.52799987792969,63.172000885009766,62.42599868774414,63.03200149536133,59.461334228515625,483000
CP.TO,2019-07-05,62.891998291015625,62.902000427246094,62.189998626708984,62.36800003051758,58.8349494934082,682000
CP.TO,2019-07-08,62.30799865722656,62.63399887084961,62.0880012512207,62.400001525878906,58.865135192871094,1389000
CP.TO,2019-07-09,62.26599884033203,62.82400131225586,62.10200119018555,62.66600036621094,59.1160774230957,1752500
CP.TO,2019-07-10,62.22999954223633,62.60599899291992,61.41400146484375,61.582000732421875,58.09347152709961,1321000
CP.TO,2019-07-11,61.70000076293945,62.29600143432617,61.52399826049805,62.03799819946289,58.52363967895508,1393000
CP.TO,2019-07-12,61.94599914550781,62.42399978637695,61.60200119018555,62.349998474121094,58.817955017089844,1138500
CP.TO,2019-07-15,61.77000045776367,62.448001861572266,61.64400100708008,61.93199920654297,58.423648834228516,912000
CP.TO,2019-07-16,62.71799850463867,64.74199676513672,62.50600051879883,64.44999694824219,60.79901123046875,3131500
CP.TO,2019-07-17,64.29199981689453,64.5,63.15999984741211,63.83599853515625,60.21979522705078,2615000
CP.TO,2019-07-18,63.832000732421875,64.05000305175781,62.630001068115234,62.92599868774414,59.361328125,2279500
CP.TO,2019-07-19,63.183998107910156,63.22999954223633,62.051998138427734,62.15399932861328,58.6330680847168,1501000
CP.TO,2019-07-22,62.263999938964844,62.61199951171875,62.104000091552734,62.38800048828125,58.853816986083984,823500
CP.TO,2019-07-23,62.762001037597656,62.81999969482422,62.194000244140625,62.332000732421875,58.801002502441406,1029500
CP.TO,2019-07-24,62.24399948120117,62.981998443603516,62.05799865722656,62.79800033569336,59.2405891418457,1010500
CP.TO,2019-07-25,62.90599822998047,62.90599822998047,62.358001708984375,62.54199981689453,58.99909973144531,947500
CP.TO,2019-07-26,62.72600173950195,63.14799880981445,62.59400177001953,62.757999420166016,59.20285415649414,718500
CP.TO,2019-07-29,62.763999938964844,63.22999954223633,62.7140007019043,62.94200134277344,59.376434326171875,771500
CP.TO,2019-07-30,62.81399917602539,63.07400131225586,62.58399963378906,62.821998596191406,59.26323699951172,671500
CP.TO,2019-07-31,62.61600112915039,63.17399978637695,62.25600051879883,63.02199935913086,59.451900482177734,1396500
CP.TO,2019-08-01,62.625999450683594,63.422000885009766,62.125999450683594,62.16600036621094,58.64439010620117,1358500
CP.TO,2019-08-02,62.0,62.39799880981445,61.00199890136719,61.45000076293945,57.968955993652344,1314500
CP.TO,2019-08-06,60.79800033569336,61.40399932861328,60.08000183105469,61.077999114990234,57.6180305480957,1951000
CP.TO,2019-08-07,60.380001068115234,60.91600036621094,60.15999984741211,60.69200134277344,57.253902435302734,2344500
CP.TO,2019-08-08,61.0,61.54600143432617,60.784000396728516,61.422000885009766,57.942535400390625,1052500
CP.TO,2019-08-09,61.38399887084961,61.7859992980957,61.02000045776367,61.58399963378906,58.09536361694336,746500
CP.TO,2019-08-12,61.183998107910156,62.18199920654297,60.986000061035156,61.816001892089844,58.31422805786133,1108000
CP.TO,2019-08-13,61.66400146484375,63.45800018310547,61.566001892089844,63.40599822998047,59.814151763916016,1651000
CP.TO,2019-08-14,62.641998291015625,63.05400085449219,62.013999938964844,62.492000579833984,58.95193099975586,1560000
CP.TO,2019-08-15,62.4739990234375,62.801998138427734,61.5260009765625,62.04600143432617,58.53119659423828,1358500
CP.TO,2019-08-16,62.7599983215332,63.178001403808594,62.167999267578125,63.167999267578125,59.58961868286133,961000
CP.TO,2019-08-19,63.49599838256836,64.23200225830078,63.36000061035156,64.14199829101562,60.50844955444336,1296500
CP.TO,2019-08-20,64.0979995727539,64.0979995727539,63.470001220703125,63.72999954223633,60.119789123535156,901500
CP.TO,2019-08-21,64.19999694824219,64.4280014038086,63.95600128173828,64.3239974975586,60.680137634277344,1062500
CP.TO,2019-08-22,64.31600189208984,64.4739990234375,63.5260009765625,63.970001220703125,60.346195220947266,684500
CP.TO,2019-08-23,62.917999267578125,63.06999969482422,62.012001037597656,62.14799880981445,58.627410888671875,1330500
CP.TO,2019-08-26,62.50199890136719,62.66600036621094,61.566001892089844,62.55400085449219,59.01041030883789,1637500
CP.TO,2019-08-27,62.61000061035156,63.25199890136719,62.59600067138672,62.875999450683594,59.31416702270508,1865000
CP.TO,2019-08-28,62.667999267578125,63.08000183105469,62.599998474121094,62.65599822998047,59.106632232666016,917000
CP.TO,2019-08-29,62.84000015258789,63.5880012512207,62.72800064086914,63.52000045776367,59.92169189453125,1482000
CP.TO,2019-08-30,63.64799880981445,64.3499984741211,63.599998474121094,64.11399841308594,60.48204040527344,1234500
CP.TO,2019-09-03,63.9119987487793,64.01599884033203,62.1619987487793,62.63199996948242,59.08399963378906,1497500
CP.TO,2019-09-04,62.645999908447266,63.577999114990234,62.327999114990234,62.79399871826172,59.236812591552734,1273000
CP.TO,2019-09-05,63.305999755859375,64.41999816894531,62.875999450683594,64.14199829101562,60.50844955444336,1292000
CP.TO,2019-09-06,63.97600173950195,64.13999938964844,63.099998474121094,63.66999816894531,60.063194274902344,991000
CP.TO,2019-09-09,63.597999572753906,63.597999572753906,62.029998779296875,62.097999572753906,58.580238342285156,2005000
CP.TO,2019-09-10,62.082000732421875,62.22600173950195,61.082000732421875,62.06999969482422,58.553829193115234,1879500
CP.TO,2019-09-11,62.11800003051758,62.11800003051758,60.85599899291992,61.763999938964844,58.26517105102539,1888500
CP.TO,2019-09-12,61.79600143432617,61.83599853515625,60.762001037597656,60.847999572753906,57.401058197021484,2830500
CP.TO,2019-09-13,61.17599868774414,61.61399841308594,60.70000076293945,60.768001556396484,57.32558059692383,2345000
CP.TO,2019-09-16,60.742000579833984,61.5359992980957,60.4379997253418,61.327999114990234,57.853858947753906,1766500
CP.TO,2019-09-17,61.36199951171875,61.9739990234375,60.619998931884766,61.60599899291992,58.11610794067383,1096500
CP.TO,2019-09-18,61.54999923706055,61.74800109863281,60.630001068115234,61.56399917602539,58.07649612426758,1048000
CP.TO,2019-09-19,61.737998962402344,62.29800033569336,61.694000244140625,62.029998779296875,58.516082763671875,1066500
CP.TO,2019-09-20,62.172000885009766,62.465999603271484,61.20000076293945,61.34400177001953,57.868961334228516,2886000
CP.TO,2019-09-23,61.33599853515625,61.400001525878906,59.88600158691406,59.94599914550781,56.55015182495117,1251000
CP.TO,2019-09-24,60.26599884033203,60.88199996948242,59.81399917602539,60.082000732421875,56.67844772338867,1643500
CP.TO,2019-09-25,59.902000427246094,60.02399826049805,58.06399917602539,58.42399978637695,55.11437225341797,3817500
CP.TO,2019-09-26,58.38199996948242,58.94200134277344,57.90399932861328,58.928001403808594,55.74821472167969,1551500
CP.TO,2019-09-27,59.57400131225586,59.57400131225586,58.20600128173828,58.36800003051758,55.21843719482422,1240000
CP.TO,2019-09-30,58.518001556396484,59.36600112915039,58.518001556396484,58.88399887084961,55.70658874511719,1370000
CP.TO,2019-10-01,59.06999969482422,59.54999923706055,57.400001525878906,57.465999603271484,54.3651123046875,1847500
CP.TO,2019-10-02,56.9739990234375,57.14400100708008,56.172000885009766,56.630001068115234,53.57421875,1724000
CP.TO,2019-10-03,56.13800048828125,57.18600082397461,56.13800048828125,56.95800018310547,53.88451385498047,1200000
CP.TO,2019-10-04,57.06399917602539,57.167999267578125,56.20399856567383,56.2760009765625,53.239315032958984,1026000
CP.TO,2019-10-07,56.20000076293945,56.492000579833984,55.86000061035156,56.10200119018555,53.074710845947266,1054000
CP.TO,2019-10-08,55.54800033569336,56.09600067138672,54.784000396728516,55.45199966430664,52.45977783203125,1465000
CP.TO,2019-10-09,55.854000091552734,56.42399978637695,55.75,56.242000579833984,53.2071533203125,1347000
CP.TO,2019-10-10,56.066001892089844,56.99399948120117,56.00199890136719,56.948001861572266,53.87506103515625,2004000
CP.TO,2019-10-11,57.34199905395508,57.80799865722656,56.91999816894531,57.06999969482422,53.990482330322266,1570500
CP.TO,2019-10-15,56.487998962402344,57.80799865722656,56.45000076293945,57.66400146484375,54.55242156982422,1900500
CP.TO,2019-10-16,57.41999816894531,57.6619987487793,57.0,57.417999267578125,54.319698333740234,1104000
CP.TO,2019-10-17,57.54600143432617,57.63199996948242,57.09400177001953,57.18600082397461,54.10022735595703,1286500
CP.TO,2019-10-18,57.95000076293945,57.95000076293945,56.768001556396484,56.768001556396484,53.70477294921875,1139500
CP.TO,2019-10-21,57.06800079345703,57.54999923706055,57.04600143432617,57.24399948120117,54.155086517333984,1263000
CP.TO,2019-10-22,57.39799880981445,57.757999420166016,57.209999084472656,57.53200149536133,54.427547454833984,763000
CP.TO,2019-10-23,57.529998779296875,57.928001403808594,56.7140007019043,57.422000885009766,54.323486328125,963000
CP.TO,2019-10-24,58.400001525878906,60.608001708984375,58.400001525878906,59.44200134277344,56.234474182128906,3042000
CP.TO,2019-10-25,59.402000427246094,59.7859992980957,58.689998626708984,59.29600143432617,56.096351623535156,1607000
CP.TO,2019-10-28,59.492000579833984,59.64400100708008,58.86600112915039,59.16400146484375,55.97148895263672,816000
CP.TO,2019-10-29,59.00199890136719,59.3380012512207,58.93199920654297,59.27199935913086,56.07365417480469,1061500
CP.TO,2019-10-30,59.33000183105469,60.45199966430664,58.84400177001953,60.257999420166016,57.006439208984375,1131000
CP.TO,2019-10-31,60.17599868774414,60.25199890136719,59.29999923706055,59.902000427246094,56.6696662902832,1361500
CP.TO,2019-11-01,60.402000427246094,61.400001525878906,60.07400131225586,61.35599899291992,58.04520034790039,1797500
CP.TO,2019-11-04,61.80799865722656,61.97800064086914,61.20399856567383,61.970001220703125,58.62607192993164,2030000
CP.TO,2019-11-05,62.183998107910156,62.61600112915039,61.79999923706055,62.00600051879883,58.66012954711914,1553500
CP.TO,2019-11-06,61.88999938964844,62.13999938964844,61.72800064086914,62.00199890136719,58.656333923339844,1065500
CP.TO,2019-11-07,62.06399917602539,62.625999450683594,62.06399917602539,62.38999938964844,59.02341079711914,851000
CP.TO,2019-11-08,62.38399887084961,62.70199966430664,62.0880012512207,62.236000061035156,58.87771224975586,896000
CP.TO,2019-11-11,62.00199890136719,62.16999816894531,61.57600021362305,61.965999603271484,58.622276306152344,879500
CP.TO,2019-11-12,61.93199920654297,62.512001037597656,61.88999938964844,62.24399948120117,58.88528823852539,1260500
CP.TO,2019-11-13,61.97200012207031,63.34400177001953,61.97200012207031,63.13199996948242,59.725372314453125,1305500
CP.TO,2019-11-14,62.95199966430664,63.465999603271484,62.672000885009766,63.33399963378906,59.91646194458008,845500
CP.TO,2019-11-15,63.486000061035156,64.0,63.215999603271484,63.981998443603516,60.52949523925781,1004000
CP.TO,2019-11-18,63.66999816894531,64.48200225830078,63.46799850463867,64.40399932861328,60.9287223815918,1261000
CP.TO,2019-11-19,64.75399780273438,64.75399780273438,62.95399856567383,63.19200134277344,59.782127380371094,1504500
CP.TO,2019-11-20,63.12799835205078,63.29199981689453,62.683998107910156,62.94599914550781,59.54939270019531,1432500
CP.TO,2019-11-21,62.90399932861328,62.939998626708984,62.16999816894531,62.77399826049805,59.386680603027344,1484000
CP.TO,2019-11-22,62.790000915527344,62.790000915527344,62.172000885009766,62.6879997253418,59.30532455444336,908000
CP.TO,2019-11-25,62.82600021362305,63.6879997253418,62.731998443603516,63.63800048828125,60.20405578613281,993500
CP.TO,2019-11-26,63.571998596191406,63.698001861572266,63.04399871826172,63.45800018310547,60.03377914428711,2102500
CP.TO,2019-11-27,63.4739990234375,64.06400299072266,63.27000045776367,63.38399887084961,59.963768005371094,1417000
CP.TO,2019-11-28,63.38399887084961,63.847999572753906,63.38399887084961,63.5880012512207,60.15675735473633,247500
CP.TO,2019-11-29,63.512001037597656,63.70600128173828,62.91400146484375,62.91400146484375,59.51913070678711,716000
CP.TO,2019-12-02,62.965999603271484,63.347999572753906,62.52199935913086,62.678001403808594,59.29586410522461,1223500
CP.TO,2019-12-03,62.30799865722656,62.30799865722656,61.650001525878906,61.849998474121094,58.51253890991211,1709000
CP.TO,2019-12-04,61.900001525878906,63.66999816894531,61.900001525878906,63.20000076293945,59.78969192504883,2345500
CP.TO,2019-12-05,63.20000076293945,63.2239990234375,62.47200012207031,63.16400146484375,59.755645751953125,1140500
CP.TO,2019-12-06,63.7859992980957,65.13600158691406,63.7859992980957,65.09400177001953,61.58149337768555,1661000
CP.TO,2019-12-09,64.86799621582031,64.95600128173828,64.10199737548828,64.93000030517578,61.42634963989258,1237000
CP.TO,2019-12-10,64.76799774169922,65.47799682617188,64.51000213623047,64.88999938964844,61.38850021362305,1418000
CP.TO,2019-12-11,65.09200286865234,65.65799713134766,64.87200164794922,65.38400268554688,61.85585403442383,1482500
CP.TO,2019-12-12,65.2040023803711,65.94200134277344,64.8499984741211,65.8479995727539,62.29480743408203,2489500
CP.TO,2019-12-13,65.8479995727539,66.43599700927734,65.4000015258789,66.2760009765625,62.69972229003906,4578000
CP.TO,2019-12-16,66.44999694824219,66.74600219726562,66.16000366210938,66.5979995727539,63.00434112548828,1045000
CP.TO,2019-12-17,66.6500015258789,67.33399963378906,66.11199951171875,67.23799896240234,63.609806060791016,1936000
CP.TO,2019-12-18,67.10399627685547,67.11799621582031,66.28600311279297,66.58999633789062,62.996761322021484,1600500
CP.TO,2019-12-19,66.66999816894531,66.69200134277344,66.02799987792969,66.09400177001953,62.52753448486328,1729500
CP.TO,2019-12-20,65.97200012207031,67.08000183105469,65.97200012207031,66.7239990234375,63.12354278564453,4470500
CP.TO,2019-12-23,66.80000305175781,67.33000183105469,66.5260009765625,67.08000183105469,63.4603385925293,1245500
CP.TO,2019-12-24,67.02200317382812,67.37799835205078,66.69999694824219,67.30000305175781,63.826419830322266,699000
CP.TO,2019-12-27,67.31400299072266,67.58200073242188,67.14199829101562,67.26799774169922,63.79603958129883,599000
CP.TO,2019-12-30,67.26799774169922,67.26799774169922,66.29199981689453,66.41999816894531,62.9918212890625,1178500
CP.TO,2019-12-31,66.06800079345703,66.61599731445312,66.06800079345703,66.20600128173828,62.78889083862305,1491500
CP.TO,2020-01-02,66.55000305175781,67.06199645996094,66.26399993896484,67.03600311279297,63.57603454589844,961000
CP.TO,2020-01-03,66.3759994506836,66.96399688720703,66.16200256347656,66.9000015258789,63.44704818725586,1404000
CP.TO,2020-01-06,66.5999984741211,67.16799926757812,66.45600128173828,67.16799926757812,63.70121765136719,1399000
CP.TO,2020-01-07,67.2959976196289,68.66200256347656,67.00199890136719,67.81199645996094,64.31197357177734,1531000
CP.TO,2020-01-08,68.04399871826172,68.29000091552734,67.64800262451172,67.74800109863281,64.25128936767578,1646000
CP.TO,2020-01-09,68.48400115966797,68.48400115966797,67.1240005493164,67.41999816894531,63.940208435058594,1480000
CP.TO,2020-01-10,67.56999969482422,67.70999908447266,67.13600158691406,67.45999908447266,63.97814178466797,1202000
CP.TO,2020-01-13,67.55999755859375,68.60600280761719,67.33200073242188,68.5479965209961,65.00997161865234,4908500
CP.TO,2020-01-14,68.68599700927734,69.90599822998047,68.41000366210938,68.42400360107422,64.89241027832031,1715500
CP.TO,2020-01-15,68.52200317382812,68.81199645996094,68.27200317382812,68.37999725341797,64.8506851196289,1782000
CP.TO,2020-01-16,68.5999984741211,68.81999969482422,67.94599914550781,68.05400085449219,64.54148864746094,1581500
CP.TO,2020-01-17,68.09600067138672,68.89399719238281,67.9020004272461,68.61599731445312,65.0744857788086,1794500
CP.TO,2020-01-20,68.63600158691406,68.88600158691406,68.447998046875,68.45600128173828,64.92274475097656,544000
CP.TO,2020-01-21,68.36599731445312,68.38800048828125,67.22000122070312,67.63400268554688,64.14317321777344,2132500
CP.TO,2020-01-22,67.81400299072266,68.27999877929688,67.5999984741211,67.85399627685547,64.351806640625,1813000
CP.TO,2020-01-23,67.7979965209961,68.45800018310547,67.43599700927734,68.41200256347656,64.88101959228516,1582500
CP.TO,2020-01-24,68.58599853515625,69.2300033569336,68.21600341796875,68.69599914550781,65.15036010742188,1274000
CP.TO,2020-01-27,68.22000122070312,68.48200225830078,67.73799896240234,67.81999969482422,64.31957244873047,1184000
CP.TO,2020-01-28,68.19599914550781,69.41999816894531,67.7020034790039,68.75199890136719,65.20348358154297,1947500
CP.TO,2020-01-29,68.8239974975586,70.28399658203125,68.06600189208984,69.71199798583984,66.1138916015625,2540500
CP.TO,2020-01-30,69.42400360107422,71.17400360107422,69.28600311279297,71.06999969482422,67.4018325805664,2094500
CP.TO,2020-01-31,70.5999984741211,70.96600341796875,69.97000122070312,70.30999755859375,66.68106079101562,2042000
CP.TO,2020-02-03,70.5999984741211,71.2979965209961,70.45600128173828,70.552001953125,66.91055297851562,976000
CP.TO,2020-02-04,71.3499984741211,71.89800262451172,70.80000305175781,71.37999725341797,67.6958236694336,1422500
CP.TO,2020-02-05,71.94999694824219,72.63800048828125,71.78800201416016,72.33399963378906,68.6005859375,1343500
CP.TO,2020-02-06,72.80400085449219,73.13800048828125,71.89199829101562,72.1520004272461,68.42798614501953,1683000
CP.TO,2020-02-07,71.79199981689453,71.89800262451172,70.8479995727539,71.0459976196289,67.3790512084961,1945000
CP.TO,2020-02-10,71.03800201416016,71.40399932861328,70.71199798583984,71.31199645996094,67.6313247680664,1018000
CP.TO,2020-02-11,71.50800323486328,71.94000244140625,71.19999694824219,71.74400329589844,68.0410385131836,1677000
CP.TO,2020-02-12,72.0739974975586,72.5780029296875,71.3499984741211,72.48400115966797,68.74284362792969,1494500
CP.TO,2020-02-13,72.08200073242188,72.86399841308594,72.08200073242188,72.56999969482422,68.82440948486328,1086000
CP.TO,2020-02-14,72.43599700927734,72.48400115966797,71.61000061035156,71.7760009765625,68.0714111328125,960500
CP.TO,2020-02-18,71.61399841308594,72.16999816894531,71.02200317382812,71.31199645996094,67.6313247680664,1884000
CP.TO,2020-02-19,71.53399658203125,71.88999938964844,71.33599853515625,71.4800033569336,67.79066467285156,1327500
CP.TO,2020-02-20,71.44599914550781,71.66799926757812,70.79199981689453,71.66000366210938,67.96138000488281,1175000
CP.TO,2020-02-21,71.32599639892578,71.32599639892578,70.05599975585938,70.20999908447266,66.58621978759766,1711000
CP.TO,2020-02-24,68.13800048828125,70.31999969482422,66.91799926757812,70.0739974975586,66.45723724365234,2378500
CP.TO,2020-02-25,70.50199890136719,70.9260025024414,68.21800231933594,68.54199981689453,65.00430297851562,2557000
CP.TO,2020-02-26,68.65599822998047,70.08399963378906,68.19200134277344,68.30000305175781,64.7748031616211,2539000
CP.TO,2020-02-27,67.18399810791016,68.66600036621094,66.26799774169922,67.96199798583984,64.45423126220703,1259000
CP.TO,2020-02-28,66.39800262451172,67.0,64.25,66.53399658203125,63.099937438964844,4431000
CP.TO,2020-03-02,66.34400177001953,67.9020004272461,65.13999938964844,67.51000213623047,64.02557373046875,3483500
CP.TO,2020-03-03,67.7020034790039,68.54000091552734,65.99800109863281,66.3280029296875,62.904563903808594,3698000
CP.TO,2020-03-04,67.31999969482422,68.947998046875,66.94200134277344,68.8759994506836,65.32106018066406,2310500
CP.TO,2020-03-05,67.35399627685547,68.06199645996094,66.46399688720703,67.01799774169922,63.5589599609375,2118500
CP.TO,2020-03-06,65.43399810791016,66.22599792480469,64.86799621582031,65.9280014038086,62.52521896362305,2393500
CP.TO,2020-03-09,60.0,62.875999450683594,54.428001403808594,55.56399917602539,52.696136474609375,8139000
CP.TO,2020-03-10,57.77000045776367,61.69200134277344,57.43000030517578,61.61199951171875,58.431983947753906,7037000
CP.TO,2020-03-11,59.619998931884766,61.20000076293945,59.08599853515625,59.72999954223633,56.647117614746094,3763500
CP.TO,2020-03-12,56.29399871826172,56.683998107910156,50.79999923706055,55.44599914550781,52.58424377441406,5767000
CP.TO,2020-03-13,57.0,60.470001220703125,55.599998474121094,60.470001220703125,57.34893035888672,3729500
CP.TO,2020-03-16,54.459999084472656,55.948001861572266,52.0,52.698001861572266,49.97806930541992,2895000
CP.TO,2020-03-17,53.57400131225586,56.89799880981445,52.19200134277344,56.05799865722656,53.16463851928711,5657500
CP.TO,2020-03-18,52.599998474121094,54.0880012512207,50.400001525878906,53.36800003051758,50.61349105834961,3261500
CP.TO,2020-03-19,52.70199966430664,56.310001373291016,51.13800048828125,55.88800048828125,53.0034294128418,3443000
CP.TO,2020-03-20,56.29199981689453,58.7599983215332,53.17599868774414,53.63199996948242,50.86385726928711,6559000
CP.TO,2020-03-23,53.0,56.33399963378906,52.29199981689453,52.86199951171875,50.13359832763672,2598500
CP.TO,2020-03-24,55.18199920654297,60.29999923706055,55.16999816894531,59.90999984741211,56.81782150268555,2455000
CP.TO,2020-03-25,59.25,63.582000732421875,58.36600112915039,59.880001068115234,56.789390563964844,2784500
CP.TO,2020-03-26,60.060001373291016,61.79999923706055,58.29199981689453,61.790000915527344,58.763710021972656,2342500
CP.TO,2020-03-27,59.4900016784668,60.534000396728516,58.428001403808594,58.80799865722656,55.92776107788086,2603500
CP.TO,2020-03-30,59.49399948120117,61.67399978637695,59.0,61.582000732421875,58.56589126586914,1609000
CP.TO,2020-03-31,61.869998931884766,62.71799850463867,60.970001220703125,62.11000061035156,59.06803512573242,2530000
CP.TO,2020-04-01,59.79199981689453,61.268001556396484,58.88999938964844,59.6619987487793,56.73992919921875,2126500
CP.TO,2020-04-02,59.55799865722656,61.220001220703125,58.439998626708984,60.84000015258789,57.86023712158203,1875500
CP.TO,2020-04-03,60.43600082397461,61.012001037597656,59.45199966430664,60.20399856567383,57.255393981933594,1071000
CP.TO,2020-04-06,62.25,63.0,61.45800018310547,62.832000732421875,59.754669189453125,1947000
CP.TO,2020-04-07,63.79999923706055,65.22000122070312,61.9119987487793,61.91400146484375,58.88163757324219,1653500
CP.TO,2020-04-08,62.801998138427734,63.9640007019043,61.667999267578125,63.66400146484375,60.54592514038086,1899500
CP.TO,2020-04-09,63.71200180053711,64.66600036621094,62.880001068115234,63.152000427246094,60.05900192260742,2187000
CP.TO,2020-04-13,62.641998291015625,62.650001525878906,61.465999603271484,61.6879997253418,58.66669845581055,1266500
CP.TO,2020-04-14,62.7400016784668,63.70000076293945,62.44200134277344,63.35599899291992,60.25300979614258,1577500
CP.TO,2020-04-15,62.45399856567383,62.68000030517578,61.236000061035156,61.332000732421875,58.32813262939453,1544000
CP.TO,2020-04-16,61.29199981689453,62.35599899291992,60.65999984741211,61.70000076293945,58.6781120300293,1667500
CP.TO,2020-04-17,62.39799880981445,63.125999450683594,61.56999969482422,62.790000915527344,59.7147216796875,1683000
CP.TO,2020-04-20,62.534000396728516,63.20000076293945,61.63800048828125,61.72999954223633,58.70663833618164,3546500
CP.TO,2020-04-21,60.53799819946289,62.13199996948242,60.53799819946289,61.099998474121094,58.10749816894531,1497000
CP.TO,2020-04-22,61.94200134277344,64.02799987792969,61.534000396728516,64.00199890136719,60.86736297607422,2396000
CP.TO,2020-04-23,64.4020004272461,64.91799926757812,63.34600067138672,63.854000091552734,60.72662353515625,1994000
CP.TO,2020-04-24,64.01799774169922,64.7979965209961,63.375999450683594,64.63999938964844,61.4741096496582,1172000
CP.TO,2020-04-27,64.99400329589844,65.88800048828125,64.54000091552734,64.83399963378906,61.65861129760742,1595000
CP.TO,2020-04-28,65.12200164794922,65.9219970703125,64.68399810791016,64.77200317382812,61.59965133666992,1200500
CP.TO,2020-04-29,65.34200286865234,66.43199920654297,65.25,65.41999816894531,62.21592712402344,1135000
CP.TO,2020-04-30,65.0780029296875,65.54399871826172,63.15599822998047,63.27199935913086,60.17312240600586,3094000
CP.TO,2020-05-01,62.25400161743164,63.15999984741211,62.06999969482422,62.380001068115234,59.3248176574707,1740000
CP.TO,2020-05-04,62.08599853515625,62.45800018310547,60.465999603271484,61.4640007019043,58.453678131103516,2439000
CP.TO,2020-05-05,61.86199951171875,62.22999954223633,61.0,61.0,58.01239013671875,2423500
CP.TO,2020-05-06,61.37799835205078,62.68000030517578,61.018001556396484,62.5620002746582,59.49789047241211,1372000
CP.TO,2020-05-07,63.198001861572266,63.30400085449219,62.32400131225586,62.810001373291016,59.733741760253906,1474000
CP.TO,2020-05-08,63.395999908447266,63.895999908447266,63.10200119018555,63.832000732421875,60.7056999206543,1318500
CP.TO,2020-05-11,63.060001373291016,64.63800048828125,63.060001373291016,64.44999694824219,61.29343032836914,1172500
CP.TO,2020-05-12,64.33399963378906,65.5459976196289,64.197998046875,64.33200073242188,61.18120574951172,1671000
CP.TO,2020-05-13,64.41200256347656,64.74199676513672,62.93199920654297,64.12999725341797,60.98908615112305,2454500
CP.TO,2020-05-14,63.55400085449219,63.895999908447266,61.84000015258789,62.33399963378906,59.28105545043945,1467000
CP.TO,2020-05-15,62.071998596191406,62.305999755859375,61.65800094604492,62.06800079345703,59.0280876159668,819000
CP.TO,2020-05-19,64.04000091552734,65.19200134277344,63.88999938964844,64.58999633789062,61.426570892333984,1209500
CP.TO,2020-05-20,65.2020034790039,68.15399932861328,65.2020034790039,67.89600372314453,64.5706558227539,2320500
CP.TO,2020-05-21,67.81800079345703,67.81800079345703,66.5780029296875,67.11199951171875,63.82504653930664,1152000
CP.TO,2020-05-22,67.18800354003906,67.5999984741211,66.93000030517578,67.4280014038086,64.12557220458984,620000
CP.TO,2020-05-25,68.0,68.4000015258789,67.74800109863281,68.03800201416016,64.70571899414062,245500
CP.TO,2020-05-26,68.89399719238281,68.99800109863281,67.96800231933594,68.83999633789062,65.4684066772461,928500
CP.TO,2020-05-27,69.58399963378906,69.77999877929688,68.22200012207031,69.71800231933594,66.30342102050781,1419000
CP.TO,2020-05-28,70.0,70.03800201416016,69.14800262451172,69.1760025024414,65.78797149658203,975000
CP.TO,2020-05-29,68.97000122070312,69.21199798583984,68.3280029296875,69.0199966430664,65.63959503173828,1994000
CP.TO,2020-06-01,68.91600036621094,68.91600036621094,67.52200317382812,67.66799926757812,64.35382843017578,803500
CP.TO,2020-06-02,67.75399780273438,68.57599639892578,67.5719985961914,68.33999633789062,64.99290466308594,988000
CP.TO,2020-06-03,68.61799621582031,70.5999984741211,68.61799621582031,70.33000183105469,66.88542938232422,1075000
CP.TO,2020-06-04,69.64800262451172,70.54199981689453,69.6240005493164,69.85800170898438,66.43656158447266,1265000
CP.TO,2020-06-05,71.11799621582031,72.89600372314453,70.80799865722656,71.49400329589844,67.992431640625,2724500
CP.TO,2020-06-08,71.5999984741211,71.76599884033203,69.80999755859375,70.16799926757812,66.73136138916016,2603000
CP.TO,2020-06-09,69.55400085449219,71.6259994506836,69.00199890136719,70.75,67.28488159179688,2130500
CP.TO,2020-06-10,70.69200134277344,70.7040023803711,69.60399627685547,69.6240005493164,66.21400451660156,1139000
CP.TO,2020-06-11,68.62799835205078,68.62799835205078,67.2979965209961,67.35600280761719,64.05709075927734,1517500
CP.TO,2020-06-12,68.97200012207031,69.18399810791016,67.65799713134766,68.47799682617188,65.12413787841797,1385000
CP.TO,2020-06-15,67.18000030517578,68.89199829101562,66.4260025024414,68.41799926757812,65.06707763671875,786500
CP.TO,2020-06-16,69.94400024414062,70.70999908447266,69.43399810791016,69.63400268554688,66.22356414794922,1188500
CP.TO,2020-06-17,69.94000244140625,70.58000183105469,69.6780014038086,69.86000061035156,66.43846893310547,1304500
CP.TO,2020-06-18,69.56800079345703,70.0,69.3740005493164,69.79000091552734,66.37188720703125,868000
CP.TO,2020-06-19,70.44400024414062,70.44400024414062,68.88400268554688,69.31600189208984,65.9211196899414,6240000
CP.TO,2020-06-22,68.89600372314453,69.23999786376953,68.25,68.447998046875,65.09563446044922,1990000
CP.TO,2020-06-23,69.16999816894531,69.41400146484375,67.91600036621094,68.01200103759766,64.68095397949219,1109000
CP.TO,2020-06-24,67.94200134277344,68.0999984741211,66.87799835205078,66.92400360107422,63.64626693725586,1377000
CP.TO,2020-06-25,66.59600067138672,68.40599822998047,66.45999908447266,68.33000183105469,65.14497375488281,3422000
CP.TO,2020-06-26,68.02999877929688,69.06600189208984,67.64199829101562,67.94200134277344,64.77507781982422,815000
CP.TO,2020-06-29,68.27799987792969,68.93199920654297,67.81400299072266,68.43199920654297,65.24222564697266,834000
CP.TO,2020-06-30,68.05400085449219,69.53399658203125,67.9000015258789,69.06400299072266,65.84475708007812,1571500
CP.TO,2020-07-02,69.29199981689453,69.96600341796875,68.85199737548828,68.9280014038086,65.71509552001953,1134500
CP.TO,2020-07-03,68.9280014038086,68.9280014038086,68.447998046875,68.447998046875,65.25749969482422,238000
CP.TO,2020-07-06,69.14600372314453,69.69599914550781,68.8759994506836,68.93000030517578,65.71703338623047,2396000
CP.TO,2020-07-07,68.71399688720703,70.48400115966797,68.71399688720703,69.47000122070312,66.23181915283203,834500
CP.TO,2020-07-08,69.36000061035156,70.12000274658203,69.36000061035156,70.05599975585938,66.79051971435547,2283500
CP.TO,2020-07-09,70.1520004272461,70.1520004272461,68.99800109863281,69.52799987792969,66.2871322631836,2015500
CP.TO,2020-07-10,69.64399719238281,70.2760009765625,69.08599853515625,70.21600341796875,66.94308471679688,732500
CP.TO,2020-07-13,70.28600311279297,70.66999816894531,68.93199920654297,69.052001953125,65.83332824707031,1074000
CP.TO,2020-07-14,68.73799896240234,71.05000305175781,68.68199920654297,70.947998046875,67.64094543457031,1364500
CP.TO,2020-07-15,71.45800018310547,72.36000061035156,71.26000213623047,71.60199737548828,68.26447296142578,1694000
CP.TO,2020-07-16,71.33999633789062,72.96399688720703,71.25,72.91999816894531,69.52102661132812,997500
CP.TO,2020-07-17,73.0,74.76599884033203,73.0,74.18399810791016,70.72611999511719,1222500
CP.TO,2020-07-20,74.06199645996094,74.39600372314453,73.31999969482422,73.81199645996094,70.3714599609375,2595500
CP.TO,2020-07-21,73.69400024414062,73.99800109863281,72.97599792480469,73.00199890136719,69.59921264648438,839500
CP.TO,2020-07-22,73.22000122070312,75.19999694824219,73.06999969482422,73.09400177001953,69.68694305419922,1604500
CP.TO,2020-07-23,73.91799926757812,74.19999694824219,73.47200012207031,73.7300033569336,70.29326629638672,1867500
CP.TO,2020-07-24,73.4020004272461,73.91400146484375,73.2300033569336,73.54000091552734,70.11212158203125,1380000
CP.TO,2020-07-27,73.58599853515625,74.5199966430664,73.26399993896484,74.0,70.55068969726562,836500
CP.TO,2020-07-28,74.13400268554688,74.18399810791016,73.35600280761719,73.39199829101562,69.97103118896484,1145500
CP.TO,2020-07-29,73.5459976196289,74.95600128173828,73.5,74.75,71.26573944091797,1016500
CP.TO,2020-07-30,73.8239974975586,74.3740005493164,73.51000213623047,74.06199645996094,70.60981750488281,1008000
CP.TO,2020-07-31,73.7760009765625,73.80000305175781,71.88400268554688,73.67400360107422,70.23989868164062,1759500
CP.TO,2020-08-04,72.4000015258789,73.19999694824219,71.78399658203125,72.3219985961914,68.95089721679688,1582500
CP.TO,2020-08-05,72.58599853515625,72.89199829101562,71.96399688720703,72.7020034790039,69.31317901611328,1028500
CP.TO,2020-08-06,72.75599670410156,74.2979965209961,72.68399810791016,74.29000091552734,70.82716369628906,930000
CP.TO,2020-08-07,74.05999755859375,75.48200225830078,74.05999755859375,75.47599792480469,71.95790100097656,732000
CP.TO,2020-08-10,75.38800048828125,76.6780014038086,74.64399719238281,76.60199737548828,73.03141784667969,1717500
CP.TO,2020-08-11,76.63800048828125,78.13600158691406,76.60399627685547,77.4000015258789,73.7922134399414,1699500
CP.TO,2020-08-12,78.26399993896484,79.38400268554688,78.00199890136719,78.302001953125,74.65218353271484,1616500
CP.TO,2020-08-13,78.4000015258789,78.41400146484375,77.48200225830078,77.6719970703125,74.05152130126953,572500
CP.TO,2020-08-14,77.38999938964844,78.33999633789062,77.38999938964844,77.85600280761719,74.2269515991211,573500
CP.TO,2020-08-17,78.07599639892578,79.4000015258789,77.5999984741211,78.77400207519531,75.1021728515625,1079000
CP.TO,2020-08-18,78.93800354003906,79.46199798583984,78.5,79.24800109863281,75.5540542602539,817500
CP.TO,2020-08-19,79.44999694824219,79.5999984741211,78.86199951171875,78.93000030517578,75.25090026855469,630000
CP.TO,2020-08-20,78.47599792480469,79.0,78.43599700927734,78.66200256347656,74.99539184570312,811000
CP.TO,2020-08-21,78.447998046875,78.91200256347656,77.94599914550781,78.7239990234375,75.05450439453125,952500
CP.TO,2020-08-24,79.2020034790039,79.38999938964844,78.3280029296875,78.88200378417969,75.20513153076172,638500
CP.TO,2020-08-25,78.58799743652344,79.38800048828125,78.5459976196289,78.73799896240234,75.0678482055664,660000
CP.TO,2020-08-26,78.57599639892578,78.83200073242188,77.5999984741211,78.77799987792969,75.10599517822266,977000
CP.TO,2020-08-27,78.41400146484375,79.19999694824219,78.35800170898438,79.07599639892578,75.39007568359375,1018000
CP.TO,2020-08-28,78.99600219726562,79.10399627685547,78.19999694824219,78.37999725341797,74.72653198242188,3711500
CP.TO,2020-08-31,78.4020004272461,78.55400085449219,77.05599975585938,77.1780014038086,73.58056640625,1687000
CP.TO,2020-09-01,76.9219970703125,77.69000244140625,76.5260009765625,77.35199737548828,73.74644470214844,1382000
CP.TO,2020-09-02,77.85199737548828,78.1500015258789,77.13600158691406,77.3740005493164,73.7674331665039,1165500
CP.TO,2020-09-03,77.3740005493164,77.80000305175781,76.3499984741211,76.80999755859375,73.22970581054688,1071500
CP.TO,2020-09-04,77.16799926757812,77.54199981689453,75.52999877929688,75.82599639892578,72.29157257080078,1013000
CP.TO,2020-09-08,75.4800033569336,76.9800033569336,74.66000366210938,75.9280014038086,72.38882446289062,3747000
CP.TO,2020-09-09,76.69000244140625,78.08000183105469,76.29199981689453,77.53199768066406,73.91805267333984,1486000
CP.TO,2020-09-10,77.80000305175781,78.20999908447266,77.66000366210938,78.08599853515625,74.44622039794922,2038500
CP.TO,2020-09-11,78.21800231933594,79.54000091552734,77.93199920654297,79.27799987792969,75.58267211914062,1436500
CP.TO,2020-09-14,79.29000091552734,80.70999908447266,79.25800323486328,80.48400115966797,76.73247528076172,1522500
CP.TO,2020-09-15,81.0,82.12799835205078,80.97599792480469,81.16999816894531,77.38648986816406,2031000
CP.TO,2020-09-16,81.04000091552734,81.7979965209961,79.57599639892578,79.57599639892578,75.86678314208984,1368500
CP.TO,2020-09-17,78.03199768066406,80.94999694824219,78.03199768066406,79.79000091552734,76.07080078125,1821000
CP.TO,2020-09-18,80.35800170898438,81.0,79.33599853515625,79.39199829101562,75.69136810302734,4126500
CP.TO,2020-09-21,78.50399780273438,79.04199981689453,77.41000366210938,79.04199981689453,75.357666015625,1178500
CP.TO,2020-09-22,79.33799743652344,80.38600158691406,78.8740005493164,80.14399719238281,76.40830993652344,779000
CP.TO,2020-09-23,80.80400085449219,81.2020034790039,79.65799713134766,79.84400177001953,76.12229919433594,1004500
CP.TO,2020-09-24,79.7040023803711,80.57599639892578,79.2959976196289,80.1500015258789,76.59629821777344,1246000
CP.TO,2020-09-25,80.33000183105469,80.7760009765625,79.9000015258789,80.48200225830078,76.91358947753906,1119000
CP.TO,2020-09-28,81.26200103759766,81.80000305175781,80.41200256347656,80.7300033569336,77.15058135986328,3567000
CP.TO,2020-09-29,80.76399993896484,81.58200073242188,80.3759994506836,81.43599700927734,77.8252944946289,924000
CP.TO,2020-09-30,81.44200134277344,82.03800201416016,80.6760025024414,81.01000213623047,77.41817474365234,2431500
CP.TO,2020-10-01,81.36599731445312,81.61599731445312,79.9800033569336,80.22000122070312,76.6631851196289,1922500
CP.TO,2020-10-02,79.2699966430664,80.96600341796875,79.2699966430664,80.8499984741211,77.26526641845703,1231500
CP.TO,2020-10-05,81.05599975585938,81.4540023803711,80.64600372314453,81.04000091552734,77.44684600830078,2682500
CP.TO,2020-10-06,81.21600341796875,81.5459976196289,79.9020004272461,80.22799682617188,76.67084503173828,1427500
CP.TO,2020-10-07,80.44400024414062,82.50399780273438,80.44400024414062,82.19000244140625,78.54586791992188,1263500
CP.TO,2020-10-08,82.59200286865234,82.76399993896484,81.56999969482422,81.81199645996094,78.18460845947266,2607000
CP.TO,2020-10-09,82.19999694824219,83.23600006103516,81.98600006103516,82.4219970703125,78.76754760742188,1246500
CP.TO,2020-10-13,82.46399688720703,83.85800170898438,82.46399688720703,83.36199951171875,79.6659164428711,2015000
CP.TO,2020-10-14,83.51399993896484,84.87799835205078,83.37999725341797,84.63800048828125,80.88528442382812,1117000
CP.TO,2020-10-15,84.2959976196289,85.97599792480469,84.13999938964844,85.94999694824219,82.13914489746094,1353000
CP.TO,2020-10-16,86.35199737548828,86.4540023803711,85.55999755859375,85.74800109863281,81.94609069824219,1429000
CP.TO,2020-10-19,85.75599670410156,86.03199768066406,84.88200378417969,85.14199829101562,81.36695861816406,1393000
CP.TO,2020-10-20,85.0999984741211,85.5479965209961,83.06199645996094,84.03199768066406,80.30618286132812,2173500
CP.TO,2020-10-21,83.41000366210938,84.5739974975586,82.83399963378906,82.83399963378906,79.16129302978516,2760500
CP.TO,2020-10-22,82.7020034790039,83.52999877929688,82.25199890136719,83.02200317382812,79.34097290039062,1397500
CP.TO,2020-10-23,83.14199829101562,83.49400329589844,82.05000305175781,82.69999694824219,79.0332260131836,1104000
CP.TO,2020-10-26,81.76200103759766,81.91600036621094,80.22200012207031,81.31199645996094,77.70677947998047,1520000
CP.TO,2020-10-27,81.55799865722656,81.6259994506836,80.69599914550781,81.13600158691406,77.53858184814453,1083500
CP.TO,2020-10-28,80.59400177001953,81.08399963378906,79.68000030517578,79.96199798583984,76.41663360595703,2364000
CP.TO,2020-10-29,80.13200378417969,80.80000305175781,79.33200073242188,79.44000244140625,75.91779327392578,1556000
CP.TO,2020-10-30,79.13999938964844,79.71600341796875,78.36000061035156,79.62799835205078,76.09745788574219,1285000
CP.TO,2020-11-02,80.25199890136719,83.00800323486328,79.80000305175781,83.0,79.31995391845703,1807000
CP.TO,2020-11-03,83.40399932861328,84.54399871826172,82.86000061035156,84.27200317382812,80.53553771972656,1176500
CP.TO,2020-11-04,84.33000183105469,85.10600280761719,81.64399719238281,81.98799896240234,78.352783203125,3683000
CP.TO,2020-11-05,83.41000366210938,83.76599884033203,82.4540023803711,83.37200164794922,79.67543029785156,1545000
CP.TO,2020-11-06,83.67400360107422,83.67400360107422,82.16600036621094,83.4260025024414,79.72705078125,938000
CP.TO,2020-11-09,85.06400299072266,86.2239990234375,84.50399780273438,84.697998046875,80.9426498413086,1484500
CP.TO,2020-11-10,84.81400299072266,86.40599822998047,84.74199676513672,85.38200378417969,81.59632873535156,1497500
CP.TO,2020-11-11,85.7760009765625,87.02400207519531,85.53399658203125,85.72200012207031,81.92124938964844,1741500
CP.TO,2020-11-12,86.40399932861328,87.12000274658203,85.9020004272461,86.21800231933594,82.39525604248047,1318000
CP.TO,2020-11-13,86.26799774169922,87.6259994506836,86.26799774169922,87.37999725341797,83.50572204589844,1521000
CP.TO,2020-11-16,87.99800109863281,88.5,86.48600006103516,88.14800262451172,84.23967742919922,1541500
CP.TO,2020-11-17,88.1500015258789,88.4540023803711,87.21399688720703,88.36799621582031,84.44994354248047,1234500
CP.TO,2020-11-18,88.80799865722656,88.89800262451172,87.80000305175781,88.24600219726562,84.33332061767578,1038000
CP.TO,2020-11-19,88.05599975585938,88.5999984741211,87.59400177001953,88.2699966430664,84.35627746582031,1098500
CP.TO,2020-11-20,88.05599975585938,88.06999969482422,86.88999938964844,87.06800079345703,83.20757293701172,1630500
CP.TO,2020-11-23,87.05599975585938,87.44000244140625,86.04000091552734,86.0719985961914,82.2557144165039,1234500
CP.TO,2020-11-24,86.66600036621094,86.67400360107422,84.47799682617188,84.81400299072266,81.05349731445312,2238000
CP.TO,2020-11-25,84.56999969482422,85.06600189208984,83.80000305175781,84.81999969482422,81.05924224853516,1353500
CP.TO,2020-11-26,84.75800323486328,84.9000015258789,83.80000305175781,84.43000030517578,80.68653106689453,880500
CP.TO,2020-11-27,84.7699966430664,84.91600036621094,83.78600311279297,84.36000061035156,80.61963653564453,1027000
CP.TO,2020-11-30,84.00599670410156,84.66799926757812,83.30000305175781,83.91400146484375,80.19342041015625,3085500
CP.TO,2020-12-01,84.37999725341797,84.50199890136719,83.3499984741211,83.51399993896484,79.81114196777344,1636500
CP.TO,2020-12-02,83.60199737548828,84.10399627685547,82.91200256347656,83.01399993896484,79.33331298828125,1329000
CP.TO,2020-12-03,83.16999816894531,83.6259994506836,82.69400024414062,83.48799896240234,79.78630828857422,1297000
CP.TO,2020-12-04,83.46199798583984,85.30400085449219,82.86000061035156,85.24400329589844,81.46443176269531,1373000
CP.TO,2020-12-07,85.12999725341797,85.88999938964844,84.4739990234375,85.6780014038086,81.87920379638672,1129000
CP.TO,2020-12-08,85.24600219726562,86.4520034790039,85.15399932861328,86.2959976196289,82.46981048583984,1705500
CP.TO,2020-12-09,86.25599670410156,87.26799774169922,86.0,87.13400268554688,83.27063751220703,1094000
CP.TO,2020-12-10,86.73200225830078,86.88999938964844,85.87799835205078,86.46600341796875,82.63224792480469,914000
CP.TO,2020-12-11,86.2959976196289,86.79000091552734,86.0719985961914,86.48400115966797,82.64946746826172,1230000
CP.TO,2020-12-14,87.15799713134766,87.15799713134766,85.4000015258789,85.5199966430664,81.72819519042969,1741500
CP.TO,2020-12-15,85.8499984741211,86.35399627685547,85.23200225830078,85.79000091552734,81.98621368408203,938500
CP.TO,2020-12-16,85.96600341796875,86.86599731445312,85.96199798583984,86.45800018310547,82.62462615966797,2255500
CP.TO,2020-12-17,86.82599639892578,87.7959976196289,86.8239974975586,87.32599639892578,83.45411682128906,2205500
CP.TO,2020-12-18,87.47200012207031,88.04199981689453,87.05000305175781,87.94599914550781,84.04662322998047,5520500
CP.TO,2020-12-21,87.18800354003906,87.51399993896484,86.31800079345703,87.27799987792969,83.40826416015625,792000
CP.TO,2020-12-22,87.41600036621094,88.05999755859375,86.80599975585938,87.75800323486328,83.86698150634766,1523500
CP.TO,2020-12-23,87.89399719238281,88.24800109863281,87.5,87.81600189208984,83.92240142822266,1312000
CP.TO,2020-12-24,87.68199920654297,88.49600219726562,87.61199951171875,88.1259994506836,84.2186508178711,437000
CP.TO,2020-12-29,88.5999984741211,89.16999816894531,88.5,88.97000122070312,85.0252456665039,853500
CP.TO,2020-12-30,88.72799682617188,89.30999755859375,88.51000213623047,89.10800170898438,85.3393783569336,1077000
CP.TO,2020-12-31,88.96399688720703,89.4000015258789,88.0999984741211,88.30599975585938,84.5712661743164,1058000
CP.TO,2021-01-04,88.78399658203125,88.80999755859375,87.10399627685547,88.1520004272461,84.42378997802734,1212000
CP.TO,2021-01-05,87.97799682617188,89.58200073242188,87.60199737548828,89.5,85.71478271484375,1126500
CP.TO,2021-01-06,89.49199676513672,92.97799682617188,89.2239990234375,91.31600189208984,87.4539794921875,1716500
CP.TO,2021-01-07,91.52400207519531,94.30799865722656,91.23999786376953,93.9520034790039,89.97850036621094,1576500
CP.TO,2021-01-08,94.22000122070312,96.3740005493164,94.22000122070312,95.77200317382812,91.72154235839844,1436000
CP.TO,2021-01-11,95.27200317382812,96.5479965209961,93.02999877929688,93.10399627685547,89.16636657714844,1363000
CP.TO,2021-01-12,92.87000274658203,93.05000305175781,92.01200103759766,92.64800262451172,88.72966003417969,939500
CP.TO,2021-01-13,93.03199768066406,93.14399719238281,91.33999633789062,92.29000091552734,88.38678741455078,1033500
CP.TO,2021-01-14,92.23799896240234,92.29000091552734,90.0979995727539,90.28800201416016,86.4694595336914,1261000
CP.TO,2021-01-15,89.80599975585938,91.26599884033203,89.77400207519531,90.84600067138672,87.00386810302734,1630000
CP.TO,2021-01-18,91.10199737548828,91.4000015258789,90.91000366210938,91.21399688720703,87.35629272460938,173000
CP.TO,2021-01-19,92.63999938964844,92.6500015258789,89.3499984741211,89.4540023803711,85.67072296142578,1197500
CP.TO,2021-01-20,89.88999938964844,89.88999938964844,88.30799865722656,89.64800262451172,85.85655212402344,1500000
CP.TO,2021-01-21,89.99800109863281,89.99800109863281,88.0999984741211,88.16200256347656,84.43339538574219,784000
CP.TO,2021-01-22,88.16200256347656,88.5999984741211,86.31800079345703,86.34200286865234,82.69033813476562,1806500
CP.TO,2021-01-25,86.29199981689453,87.97200012207031,86.0,87.71800231933594,84.0081558227539,1318000
CP.TO,2021-01-26,88.1760025024414,88.48400115966797,86.75199890136719,86.81400299072266,83.14238739013672,853500
CP.TO,2021-01-27,86.4219970703125,86.84600067138672,84.41000366210938,84.63400268554688,81.05457305908203,1564000
CP.TO,2021-01-28,87.85600280761719,89.61199951171875,85.88999938964844,88.93800354003906,85.17655944824219,1630000
CP.TO,2021-01-29,88.5459976196289,88.5459976196289,84.88800048828125,85.9280014038086,82.29383850097656,1759500
CP.TO,2021-02-01,86.95600128173828,87.31199645996094,86.4000015258789,86.9219970703125,83.24580383300781,1145500
CP.TO,2021-02-02,87.37799835205078,91.04000091552734,87.32599639892578,90.76799774169922,86.92914581298828,1969500
CP.TO,2021-02-03,90.72599792480469,91.04000091552734,89.1240005493164,89.76599884033203,85.96952819824219,1804500
CP.TO,2021-02-04,90.13200378417969,90.4540023803711,89.48999786376953,89.96600341796875,86.16108703613281,847000
CP.TO,2021-02-05,90.06199645996094,91.3759994506836,89.85600280761719,90.89399719238281,87.04983520507812,844000
CP.TO,2021-02-08,91.45800018310547,91.45800018310547,90.35399627685547,90.5719985961914,86.74143981933594,839000
CP.TO,2021-02-09,90.47200012207031,90.8499984741211,89.1780014038086,90.24600219726562,86.42921447753906,909000
CP.TO,2021-02-10,90.87000274658203,90.99600219726562,89.39800262451172,89.8239974975586,86.02510070800781,862000
CP.TO,2021-02-11,89.85600280761719,91.0999984741211,89.79000091552734,90.2020034790039,86.38710021972656,733000
CP.TO,2021-02-12,89.9520034790039,92.87200164794922,89.9520034790039,92.73799896240234,88.81584167480469,878500
CP.TO,2021-02-16,93.2239990234375,93.68800354003906,92.3239974975586,92.73200225830078,88.81008911132812,1067500
CP.TO,2021-02-17,91.23999786376953,92.60199737548828,91.23999786376953,92.28800201416016,88.38488006591797,707500
CP.TO,2021-02-18,91.98200225830078,91.98200225830078,90.19599914550781,91.1780014038086,87.32183837890625,846000
CP.TO,2021-02-19,91.26399993896484,92.99400329589844,91.19999694824219,92.75,88.82733154296875,873500
CP.TO,2021-02-22,92.81600189208984,92.88800048828125,91.49199676513672,91.6520004272461,87.77576446533203,815000
CP.TO,2021-02-23,91.51000213623047,92.22000122070312,90.98999786376953,91.58399963378906,87.71064758300781,664000
CP.TO,2021-02-24,91.26599884033203,92.35600280761719,90.802001953125,91.50800323486328,87.63787841796875,1115000
CP.TO,2021-02-25,91.35600280761719,91.8499984741211,91.06800079345703,91.56199645996094,87.68959045410156,950500
CP.TO,2021-02-26,91.93000030517578,91.93199920654297,89.5999984741211,90.7040023803711,86.86787414550781,1771000
CP.TO,2021-03-01,91.44400024414062,94.23600006103516,91.44000244140625,93.41600036621094,89.46515655517578,1234500
CP.TO,2021-03-02,93.0,93.63200378417969,92.43399810791016,92.52200317382812,88.6089859008789,1098000
CP.TO,2021-03-03,92.4739990234375,92.51599884033203,91.01000213623047,91.36199951171875,87.49805450439453,1065000
CP.TO,2021-03-04,91.08200073242188,91.25800323486328,88.62999725341797,88.98799896240234,85.22442626953125,1140500
CP.TO,2021-03-05,90.0260009765625,91.9260025024414,88.58799743652344,91.81999969482422,87.93666076660156,1385500
CP.TO,2021-03-08,91.60800170898438,93.12999725341797,91.49800109863281,92.05999755859375,88.16651153564453,1085500
CP.TO,2021-03-09,92.20999908447266,94.25,92.20999908447266,93.5479965209961,89.59159088134766,854500
CP.TO,2021-03-10,93.5979995727539,94.44999694824219,93.13999938964844,94.04199981689453,90.064697265625,1147500
CP.TO,2021-03-11,94.59400177001953,94.91200256347656,93.58999633789062,93.77200317382812,89.80609130859375,758500
CP.TO,2021-03-12,93.2959976196289,93.51399993896484,92.35800170898438,93.05799865722656,89.122314453125,1184500
CP.TO,2021-03-15,92.7760009765625,93.4000015258789,91.44999694824219,92.9280014038086,88.99781799316406,1261500
CP.TO,2021-03-16,92.88400268554688,93.76200103759766,92.4260025024414,93.16999816894531,89.22956848144531,1289000
CP.TO,2021-03-17,93.08399963378906,95.16799926757812,92.79399871826172,94.71600341796875,90.71018981933594,1703500
CP.TO,2021-03-18,94.27200317382812,96.30999755859375,93.74600219726562,96.16000366210938,92.09312438964844,1414500
CP.TO,2021-03-19,96.06400299072266,96.06400299072266,93.78600311279297,94.85399627685547,90.84234619140625,6047000
CP.TO,2021-03-22,94.16000366210938,95.5199966430664,89.02400207519531,89.72000122070312,85.92549133300781,5658000
CP.TO,2021-03-23,90.4000015258789,91.19999694824219,88.60600280761719,89.16200256347656,85.39109802246094,2696500
CP.TO,2021-03-24,89.0780029296875,90.03800201416016,88.47000122070312,89.75,85.9542236328125,1944500
CP.TO,2021-03-25,89.3759994506836,90.13400268554688,87.76200103759766,89.16400146484375,85.57417297363281,2877000
CP.TO,2021-03-26,89.59200286865234,90.16000366210938,88.0739974975586,90.01599884033203,86.39185333251953,2171000
CP.TO,2021-03-29,90.22799682617188,92.55799865722656,90.01799774169922,91.84400177001953,88.14625549316406,1839500
CP.TO,2021-03-30,91.89800262451172,93.79000091552734,91.43399810791016,93.4540023803711,89.69143676757812,1713000
CP.TO,2021-03-31,94.61199951171875,96.0,93.447998046875,96.0,92.13494110107422,3867500
CP.TO,2021-04-01,96.0,96.947998046875,94.48999786376953,96.63400268554688,92.7433853149414,1838500
CP.TO,2021-04-05,96.87799835205078,97.8740005493164,96.43199920654297,96.54199981689453,92.65510559082031,844500
CP.TO,2021-04-06,96.73400115966797,96.7760009765625,94.4000015258789,94.55799865722656,90.75096893310547,1448000
CP.TO,2021-04-07,94.9000015258789,95.47200012207031,94.24199676513672,95.197998046875,91.36518859863281,1124000
CP.TO,2021-04-08,95.39800262451172,95.39800262451172,93.5,94.30599975585938,90.5091323852539,1209500
CP.TO,2021-04-09,94.34600067138672,94.62000274658203,93.40599822998047,94.21600341796875,90.42276763916016,1140000
CP.TO,2021-04-12,94.11000061035156,95.26599884033203,93.4000015258789,94.90799713134766,91.08689880371094,1315500
CP.TO,2021-04-13,95.06999969482422,95.20600128173828,93.14399719238281,93.53600311279297,89.77014923095703,1211500
CP.TO,2021-04-14,93.55999755859375,94.4000015258789,93.20999908447266,93.6240005493164,89.8545913696289,1204000
CP.TO,2021-04-15,94.26399993896484,94.55999755859375,92.66999816894531,92.80799865722656,89.07141876220703,1554500
CP.TO,2021-04-16,93.31199645996094,93.31199645996094,91.802001953125,92.34400177001953,88.62613677978516,1146500
CP.TO,2021-04-19,92.3499984741211,92.63200378417969,91.23999786376953,91.58000183105469,87.89289093017578,800500
CP.TO,2021-04-20,90.04000091552734,91.99600219726562,89.16799926757812,89.54199981689453,85.93694305419922,3113500
CP.TO,2021-04-21,89.60399627685547,90.81999969482422,88.7020034790039,88.80000305175781,85.22481536865234,2160500
CP.TO,2021-04-22,88.95800018310547,92.54199981689453,88.89800262451172,91.79199981689453,88.09635925292969,2294500
CP.TO,2021-04-23,91.86199951171875,93.0719985961914,91.02200317382812,92.38800048828125,88.66836547851562,2446500
CP.TO,2021-04-26,92.4020004272461,93.27799987792969,91.73200225830078,92.00199890136719,88.29789733886719,1440500
CP.TO,2021-04-27,92.61199951171875,93.13999938964844,91.8239974975586,92.77200317382812,89.03690338134766,1063500
CP.TO,2021-04-28,93.0260009765625,93.0260009765625,91.83999633789062,92.24400329589844,88.53013610839844,1189000
CP.TO,2021-04-29,92.72200012207031,92.89600372314453,91.85399627685547,91.88800048828125,88.18849182128906,1107500
CP.TO,2021-04-30,91.45600128173828,92.09200286865234,91.38800048828125,91.74199676513672,88.04834747314453,1139500
CP.TO,2021-05-03,92.0,92.7239990234375,91.74400329589844,91.81199645996094,88.11554718017578,729500
CP.TO,2021-05-04,91.98799896240234,92.9540023803711,91.24199676513672,92.35199737548828,88.63379669189453,1352000
CP.TO,2021-05-05,92.70600128173828,94.5719985961914,92.64800262451172,93.77400207519531,89.9985580444336,1199500
CP.TO,2021-05-06,93.60800170898438,94.64199829101562,93.4000015258789,94.3499984741211,90.55136108398438,1454000
CP.TO,2021-05-07,94.35399627685547,96.6780014038086,94.35399627685547,96.60399627685547,92.71461486816406,1252500
CP.TO,2021-05-10,96.48200225830078,97.73400115966797,96.19999694824219,96.4739990234375,92.58985137939453,1235000
CP.TO,2021-05-11,95.59400177001953,96.09600067138672,95.01399993896484,95.72000122070312,91.86620330810547,1058500
CP.TO,2021-05-12,95.52999877929688,95.58000183105469,94.87200164794922,95.1500015258789,91.31915283203125,1159000
CP.TO,2021-05-13,95.27400207519531,97.77400207519531,95.27400207519531,97.4540023803711,93.53038787841797,1364500
CP.TO,2021-05-14,98.37999725341797,98.94000244140625,96.68000030517578,97.01000213623047,93.10427856445312,1909000
CP.TO,2021-05-17,97.18000030517578,97.36000061035156,93.66000366210938,93.77999877929688,90.00430297851562,1429000
CP.TO,2021-05-18,93.63999938964844,94.18000030517578,92.04000091552734,93.01000213623047,89.26532745361328,781000
CP.TO,2021-05-19,92.2300033569336,95.41000366210938,91.75,95.05000305175781,91.22317504882812,1604200
CP.TO,2021-05-20,95.69999694824219,98.55999755859375,95.54000091552734,97.20999908447266,93.29621887207031,1486300
CP.TO,2021-05-21,97.2300033569336,98.94000244140625,96.93000030517578,97.7699966430664,93.83367156982422,1601400
CP.TO,2021-05-25,99.0,99.80000305175781,98.31999969482422,98.83000183105469,94.85102081298828,1740300
CP.TO,2021-05-26,99.0,99.5999984741211,98.27999877929688,98.72000122070312,94.74540710449219,1439400
CP.TO,2021-05-27,98.30000305175781,99.62999725341797,96.77999877929688,96.77999877929688,92.8835220336914,3312700
CP.TO,2021-05-28,97.08000183105469,98.73999786376953,97.06999969482422,98.0999984741211,94.15038299560547,1232100
CP.TO,2021-05-31,98.7699966430664,98.79000091552734,96.95999908447266,97.05999755859375,93.15226745605469,652200
CP.TO,2021-06-01,97.9000015258789,99.4000015258789,97.8499984741211,99.31999969482422,95.32125854492188,1093300
CP.TO,2021-06-02,99.4000015258789,100.0,97.91000366210938,98.0199966430664,94.07360076904297,1093200
CP.TO,2021-06-03,97.8499984741211,99.12999725341797,97.8499984741211,98.23999786376953,94.28474426269531,739900
CP.TO,2021-06-04,98.5,98.75,97.56999969482422,97.88999938964844,93.94884490966797,803300
CP.TO,2021-06-07,98.30999755859375,98.33999633789062,96.80999755859375,96.93000030517578,93.02748107910156,957000
CP.TO,2021-06-08,97.1500015258789,98.0,96.47000122070312,97.91000366210938,93.9680404663086,665200
CP.TO,2021-06-09,97.47000122070312,97.73999786376953,96.7699966430664,97.43000030517578,93.50736236572266,465700
CP.TO,2021-06-10,97.79000091552734,97.87000274658203,96.73999786376953,96.79000091552734,92.89311981201172,603600
CP.TO,2021-06-11,96.83999633789062,98.43000030517578,96.83999633789062,97.76000213623047,93.82408142089844,633500
CP.TO,2021-06-14,97.76000213623047,97.93000030517578,97.0999984741211,97.9000015258789,93.95844268798828,536000
CP.TO,2021-06-15,98.18000030517578,98.55000305175781,97.5,97.87000274658203,93.92964172363281,843100
CP.TO,2021-06-16,97.56999969482422,97.8499984741211,96.4000015258789,96.70999908447266,92.81634521484375,604100
CP.TO,2021-06-17,96.83999633789062,97.29000091552734,95.66000366210938,95.87999725341797,92.01976776123047,1210400
CP.TO,2021-06-18,95.41000366210938,95.66999816894531,94.41999816894531,94.41999816894531,90.61853790283203,3234300
CP.TO,2021-06-21,95.01000213623047,95.58999633789062,94.4800033569336,94.79000091552734,90.97366333007812,788200
CP.TO,2021-06-22,94.87999725341797,95.33000183105469,94.12000274658203,94.13999938964844,90.34981536865234,859700
CP.TO,2021-06-23,94.12000274658203,94.2699966430664,93.2300033569336,93.86000061035156,90.08108520507812,646300
CP.TO,2021-06-24,94.04000091552734,94.4800033569336,93.58000183105469,93.95999908447266,90.35997772216797,650000
CP.TO,2021-06-25,94.2300033569336,94.9000015258789,93.83000183105469,94.87000274658203,91.23512268066406,440700
CP.TO,2021-06-28,94.91999816894531,95.16000366210938,94.26000213623047,94.7699966430664,91.1389389038086,602000
CP.TO,2021-06-29,95.23999786376953,96.1500015258789,94.33999633789062,95.73999786376953,92.07178497314453,783700
CP.TO,2021-06-30,95.66999816894531,96.05999755859375,94.87999725341797,95.31999969482422,91.6678695678711,1238600
CP.TO,2021-07-02,94.70999908447266,95.7699966430664,94.66000366210938,95.55000305175781,91.88905334472656,541400
CP.TO,2021-07-05,95.4800033569336,95.9000015258789,94.97000122070312,95.31999969482422,91.6678695678711,334700
CP.TO,2021-07-06,95.30999755859375,95.69000244140625,94.30000305175781,95.08999633789062,91.44667053222656,1454300
CP.TO,2021-07-07,94.91000366210938,97.33000183105469,94.91000366210938,96.79000091552734,93.08154296875,1036700
CP.TO,2021-07-08,94.54000091552734,94.75,90.79000091552734,91.2699966430664,87.77304077148438,2444400
CP.TO,2021-07-09,92.29000091552734,93.4000015258789,91.55000305175781,93.04000091552734,89.47522735595703,1112600
CP.TO,2021-07-12,92.87999725341797,93.0,91.08000183105469,91.69999694824219,88.18656921386719,614600
CP.TO,2021-07-13,91.31999969482422,92.18000030517578,90.68000030517578,91.25,87.75379943847656,758100
CP.TO,2021-07-14,91.27999877929688,91.30000305175781,89.93000030517578,90.0199966430664,86.57093811035156,1059400
CP.TO,2021-07-15,89.7300033569336,92.01000213623047,89.5999984741211,91.3499984741211,87.84998321533203,715500
CP.TO,2021-07-16,91.30000305175781,91.83999633789062,90.62000274658203,91.2699966430664,87.77304077148438,822500
CP.TO,2021-07-19,90.5,90.56999969482422,89.16000366210938,90.33999633789062,86.87870025634766,1503100
CP.TO,2021-07-20,90.8499984741211,92.13999938964844,90.27999877929688,91.11000061035156,87.61917877197266,940300
CP.TO,2021-07-21,91.2699966430664,91.58999633789062,90.76000213623047,90.93000030517578,87.4460678100586,618300
CP.TO,2021-07-22,91.02999877929688,92.12999725341797,91.0,91.47000122070312,87.96538543701172,716300
CP.TO,2021-07-23,91.75,93.55999755859375,91.66999816894531,92.80999755859375,89.25403594970703,857500
CP.TO,2021-07-26,92.5,92.55999755859375,90.72000122070312,91.44999694824219,87.94615173339844,978200
CP.TO,2021-07-27,91.58999633789062,91.58999633789062,89.83999633789062,90.81999969482422,87.34027862548828,924600
CP.TO,2021-07-28,90.58000183105469,91.27999877929688,89.98999786376953,90.29000091552734,86.83058166503906,1224300
CP.TO,2021-07-29,91.41999816894531,92.5,90.95999908447266,91.52999877929688,88.0230941772461,1060800
CP.TO,2021-07-30,91.26000213623047,92.7699966430664,91.0199966430664,92.63999938964844,89.0905532836914,1482900
CP.TO,2021-08-03,92.66999816894531,93.94999694824219,92.6500015258789,93.0999984741211,89.53292846679688,910400
CP.TO,2021-08-04,92.86000061035156,92.94000244140625,91.83000183105469,92.56999969482422,89.02324676513672,758700
CP.TO,2021-08-05,92.73999786376953,92.77999877929688,91.87999725341797,92.11000061035156,88.58085632324219,742100
CP.TO,2021-08-06,92.58999633789062,93.63999938964844,92.04000091552734,92.30000305175781,88.76356506347656,635500
CP.TO,2021-08-09,92.05000305175781,92.45999908447266,91.4000015258789,91.5,87.9942398071289,602900
CP.TO,2021-08-10,89.0999984741211,91.1500015258789,89.0999984741211,90.41000366210938,86.94600677490234,1371000
CP.TO,2021-08-11,90.48999786376953,91.94000244140625,89.88999938964844,91.81999969482422,88.3019790649414,826800
CP.TO,2021-08-12,91.5199966430664,91.7300033569336,90.51000213623047,90.95999908447266,87.47491455078125,733700
CP.TO,2021-08-13,91.12999725341797,91.54000091552734,90.41000366210938,90.81999969482422,87.34027862548828,519500
CP.TO,2021-08-16,90.51000213623047,90.5199966430664,89.55000305175781,89.76000213623047,86.32091522216797,1074500
CP.TO,2021-08-17,89.7699966430664,89.98999786376953,88.4000015258789,89.80000305175781,86.35936737060547,680400
CP.TO,2021-08-18,89.86000061035156,90.4800033569336,89.55999755859375,89.7699966430664,86.33050537109375,681800
CP.TO,2021-08-19,89.5199966430664,90.91999816894531,89.5199966430664,90.80999755859375,87.33067321777344,785200
CP.TO,2021-08-20,90.8499984741211,90.91999816894531,90.16999816894531,90.47000122070312,87.00371551513672,539600
CP.TO,2021-08-23,90.54000091552734,90.54000091552734,89.76000213623047,90.16000366210938,86.70558166503906,619500
CP.TO,2021-08-24,89.94999694824219,90.4800033569336,89.29000091552734,89.33999633789062,85.91698455810547,818000
CP.TO,2021-08-25,89.26000213623047,89.91999816894531,88.91000366210938,89.72000122070312,86.2824478149414,641500
CP.TO,2021-08-26,89.79000091552734,90.52999877929688,89.61000061035156,90.23999786376953,86.78250885009766,748400
CP.TO,2021-08-27,90.41999816894531,91.23999786376953,90.22000122070312,90.61000061035156,87.13833618164062,666900
CP.TO,2021-08-30,90.48999786376953,91.31999969482422,89.87999725341797,90.81999969482422,87.34027862548828,477600
CP.TO,2021-08-31,91.01000213623047,91.75,85.11000061035156,86.69000244140625,83.36852264404297,7315800
CP.TO,2021-09-01,88.3499984741211,91.94000244140625,87.55000305175781,91.1500015258789,87.65764617919922,6042700
CP.TO,2021-09-02,91.19999694824219,93.33999633789062,91.19999694824219,93.1500015258789,89.58100128173828,2841000
CP.TO,2021-09-03,93.48999786376953,93.79000091552734,90.51000213623047,90.58999633789062,87.1191177368164,3501300
CP.TO,2021-09-07,90.81999969482422,91.87999725341797,89.33999633789062,89.72000122070312,86.2824478149414,2923100
CP.TO,2021-09-08,89.98999786376953,91.55999755859375,89.30000305175781,91.41999816894531,87.91728973388672,1499700
CP.TO,2021-09-09,91.38999938964844,91.4000015258789,87.5199966430664,87.81999969482422,84.45523071289062,2451100
CP.TO,2021-09-10,88.0,88.16999816894531,86.6500015258789,86.91000366210938,83.58009338378906,1520300
CP.TO,2021-09-13,87.23999786376953,88.4000015258789,86.12000274658203,86.80999755859375,83.48392486572266,2700700
CP.TO,2021-09-14,87.13999938964844,87.2699966430664,86.0,86.4800033569336,83.16658020019531,3027300
CP.TO,2021-09-15,86.70999908447266,88.22000122070312,86.25,86.7699966430664,83.4454574584961,3270500
CP.TO,2021-09-16,87.44999694824219,88.20999908447266,86.37999725341797,86.5199966430664,83.20503234863281,1911200
CP.TO,2021-09-17,85.44000244140625,87.1500015258789,85.44000244140625,85.7300033569336,82.44532012939453,5080200
CP.TO,2021-09-20,85.01000213623047,85.22000122070312,82.80000305175781,83.94999694824219,80.7335205078125,2811800
CP.TO,2021-09-21,84.25,84.80999755859375,82.7699966430664,82.81999969482422,79.64678955078125,2109100
CP.TO,2021-09-22,83.44000244140625,84.05000305175781,82.12000274658203,82.68000030517578,79.51215362548828,2058600
CP.TO,2021-09-23,82.58999633789062,83.43000030517578,82.22000122070312,82.94000244140625,79.9459228515625,1749300
CP.TO,2021-09-24,82.69999694824219,83.56999969482422,82.68000030517578,83.29000091552734,80.28327941894531,1252700
CP.TO,2021-09-27,83.11000061035156,85.29000091552734,83.01000213623047,84.5,81.4496078491211,2490100
CP.TO,2021-09-28,84.5,84.5,82.83999633789062,84.01000213623047,80.977294921875,2004000
CP.TO,2021-09-29,84.44999694824219,85.37000274658203,83.94000244140625,84.19999694824219,81.16043090820312,1305400
CP.TO,2021-09-30,84.43000030517578,84.76000213623047,82.44999694824219,82.70999908447266,79.7242202758789,1942000
CP.TO,2021-10-01,82.97000122070312,84.1500015258789,82.4000015258789,83.80999755859375,80.7845230102539,1207900
CP.TO,2021-10-04,83.52999877929688,84.11000061035156,82.58999633789062,83.52999877929688,80.5146255493164,1063800
CP.TO,2021-10-05,83.86000061035156,85.30000305175781,83.55000305175781,84.4000015258789,81.35321807861328,1362800
CP.TO,2021-10-06,83.93000030517578,86.01000213623047,83.45999908447266,85.94999694824219,82.84725952148438,1466100
CP.TO,2021-10-07,86.68000030517578,87.12000274658203,85.26000213623047,85.56999969482422,82.4809799194336,1773300
CP.TO,2021-10-08,85.5,86.69999694824219,85.43000030517578,86.23999786376953,83.12680053710938,1535000
CP.TO,2021-10-12,85.87000274658203,86.13999938964844,85.29000091552734,85.48999786376953,82.40386199951172,1647000
CP.TO,2021-10-13,85.95999908447266,86.86000061035156,85.31999969482422,86.69000244140625,83.560546875,937200
CP.TO,2021-10-14,87.20999908447266,88.7699966430664,86.95999908447266,88.58000183105469,85.38233184814453,1565100
CP.TO,2021-10-15,89.19999694824219,90.26000213623047,88.80000305175781,90.19999694824219,86.94384002685547,1257000
CP.TO,2021-10-18,90.0,90.91999816894531,89.30999755859375,90.87000274658203,87.58965301513672,1083600
CP.TO,2021-10-19,91.05999755859375,91.2699966430664,89.66999816894531,90.81999969482422,87.54145812988281,854200
CP.TO,2021-10-20,90.25,92.13999938964844,90.19000244140625,92.05000305175781,88.72706604003906,1380000
CP.TO,2021-10-21,92.0,93.0199966430664,91.83000183105469,92.73999786376953,89.39215850830078,1059600
CP.TO,2021-10-22,92.91000366210938,94.76000213623047,92.20999908447266,94.16000366210938,90.76087188720703,1055100
CP.TO,2021-10-25,94.16999816894531,94.55999755859375,92.91000366210938,92.93000030517578,89.5752944946289,1216700
CP.TO,2021-10-26,93.19000244140625,94.12000274658203,92.91000366210938,93.51000213623047,90.13435363769531,1044100
CP.TO,2021-10-27,93.62000274658203,94.94000244140625,93.19999694824219,93.4800033569336,90.10543060302734,1034900
CP.TO,2021-10-28,93.86000061035156,95.51000213623047,93.55000305175781,95.44000244140625,91.99467468261719,1358600
CP.TO,2021-10-29,95.36000061035156,96.47000122070312,94.79000091552734,95.79000091552734,92.3320541381836,1416100
CP.TO,2021-11-01,96.80000305175781,96.80000305175781,95.19999694824219,95.61000061035156,92.15855407714844,1504500
CP.TO,2021-11-02,95.68000030517578,96.47000122070312,95.31999969482422,96.37999725341797,92.9007339477539,670200
CP.TO,2021-11-03,96.45999908447266,96.91999816894531,95.25,95.94000244140625,92.47663879394531,764200
CP.TO,2021-11-04,96.08999633789062,96.38999938964844,94.77999877929688,95.04000091552734,91.60910034179688,820700
CP.TO,2021-11-05,95.19999694824219,96.16999816894531,95.06999969482422,95.47000122070312,92.0235824584961,752600
CP.TO,2021-11-08,95.88999938964844,96.1500015258789,94.94999694824219,95.86000061035156,92.39950561523438,788700
CP.TO,2021-11-09,95.87000274658203,97.05000305175781,95.58999633789062,96.91000366210938,93.41162109375,971900
CP.TO,2021-11-10,96.80999755859375,97.05000305175781,96.26000213623047,96.80000305175781,93.30558013916016,644800
CP.TO,2021-11-11,97.05000305175781,97.41000366210938,96.48999786376953,96.80000305175781,93.30558013916016,608200
CP.TO,2021-11-12,97.12999725341797,97.54000091552734,96.63999938964844,97.26000213623047,93.74898529052734,765200
CP.TO,2021-11-15,97.56999969482422,97.79000091552734,96.26000213623047,96.33999633789062,92.86217498779297,626700
CP.TO,2021-11-16,96.69999694824219,97.79000091552734,96.66999816894531,97.05000305175781,93.54656982421875,775400
CP.TO,2021-11-17,97.43000030517578,97.43000030517578,94.0999984741211,94.2300033569336,90.82835388183594,1831800
CP.TO,2021-11-18,93.95999908447266,95.62000274658203,93.2699966430664,95.25,91.81153106689453,1108800
CP.TO,2021-11-19,95.05999755859375,95.55999755859375,94.33999633789062,94.70999908447266,91.291015625,1179300
CP.TO,2021-11-22,95.02999877929688,95.12999725341797,93.58999633789062,93.72000122070312,90.33677673339844,1229100
CP.TO,2021-11-23,93.87999725341797,95.47000122070312,93.87000274658203,95.26000213623047,91.82118225097656,861000
CP.TO,2021-11-24,95.44999694824219,95.5,94.22000122070312,94.56999969482422,91.1561050415039,709100
CP.TO,2021-11-25,94.18000030517578,94.95999908447266,94.18000030517578,94.72000122070312,91.3006591796875,338600
CP.TO,2021-11-26,93.19999694824219,93.48999786376953,90.9800033569336,91.81999969482422,88.5053482055664,2122300
CP.TO,2021-11-29,91.33999633789062,92.86000061035156,91.30999755859375,91.44000244140625,88.13908386230469,1181700
CP.TO,2021-11-30,90.55999755859375,91.44000244140625,89.30999755859375,89.4000015258789,86.17272186279297,2681500
CP.TO,2021-12-01,90.5999984741211,91.02999877929688,88.06999969482422,88.19000244140625,85.00637817382812,1579600
CP.TO,2021-12-02,88.27999877929688,89.79000091552734,88.16999816894531,89.3499984741211,86.12451934814453,1669100
CP.TO,2021-12-03,89.7300033569336,89.7300033569336,87.48999786376953,88.41000366210938,85.21846008300781,1902800
CP.TO,2021-12-06,88.54000091552734,91.7300033569336,88.54000091552734,91.5999984741211,88.2933120727539,1554200
CP.TO,2021-12-07,92.61000061035156,93.56999969482422,92.05000305175781,92.19999694824219,88.87164306640625,1750100
CP.TO,2021-12-08,92.25,92.4000015258789,90.08000183105469,91.19000244140625,87.89808654785156,3213100
CP.TO,2021-12-09,91.02999877929688,92.1500015258789,90.16000366210938,91.61000061035156,88.30294036865234,2583400
CP.TO,2021-12-10,92.6500015258789,92.70999908447266,90.4800033569336,92.33000183105469,88.99695587158203,3493300
CP.TO,2021-12-13,92.0,92.0,88.4800033569336,90.2699966430664,87.01132202148438,37535500
CP.TO,2021-12-14,89.31999969482422,94.05000305175781,89.31999969482422,93.54000091552734,90.16326141357422,3409000
CP.TO,2021-12-15,93.44999694824219,95.44999694824219,93.30000305175781,94.58999633789062,91.17535400390625,3408200
CP.TO,2021-12-16,94.98999786376953,95.66000366210938,94.11000061035156,94.36000061035156,90.95365905761719,1909200
CP.TO,2021-12-17,94.29000091552734,95.58000183105469,92.91000366210938,93.4000015258789,90.02833557128906,3568400
CP.TO,2021-12-20,92.30999755859375,94.20999908447266,91.9000015258789,92.05999755859375,88.7366943359375,1719200
CP.TO,2021-12-21,92.97000122070312,92.97000122070312,90.7699966430664,91.55000305175781,88.24510192871094,1607600
CP.TO,2021-12-22,91.19999694824219,92.2699966430664,90.33999633789062,92.08999633789062,88.76560974121094,1369000
CP.TO,2021-12-23,92.43000030517578,93.19999694824219,91.20999908447266,91.30000305175781,88.00413513183594,2168000
CP.TO,2021-12-24,91.30999755859375,92.41999816894531,91.30999755859375,92.25,88.9198226928711,202800
CP.TO,2021-12-29,92.5999984741211,93.19000244140625,91.91999816894531,92.22000122070312,88.89091491699219,1343400
CP.TO,2021-12-30,91.91000366210938,92.52999877929688,91.20999908447266,91.26000213623047,88.14718627929688,637900
CP.TO,2021-12-31,91.05000305175781,91.4000015258789,90.54000091552734,90.9800033569336,87.87672424316406,718000
CP.TO,2022-01-04,91.80000305175781,94.0199966430664,91.3499984741211,93.80999755859375,90.61018371582031,3070400
CP.TO,2022-01-05,94.0199966430664,94.58000183105469,93.08999633789062,93.19000244140625,90.0113525390625,1941300
CP.TO,2022-01-06,93.72000122070312,94.0199966430664,92.68000030517578,93.7300033569336,90.53294372558594,2034000
CP.TO,2022-01-07,94.0,96.08999633789062,93.5,95.7699966430664,92.50336456298828,1846400
CP.TO,2022-01-10,95.91999816894531,96.37000274658203,95.18000030517578,96.08999633789062,92.81243133544922,1873700
CP.TO,2022-01-11,96.06999969482422,96.13999938964844,93.80000305175781,94.08000183105469,90.8709945678711,1636100
CP.TO,2022-01-12,93.81999969482422,94.77999877929688,93.62000274658203,94.73999786376953,91.50847625732422,1631900
CP.TO,2022-01-13,95.0,96.8499984741211,94.55999755859375,96.45999908447266,93.16980743408203,1344300
CP.TO,2022-01-14,96.22000122070312,97.54000091552734,95.61000061035156,97.33000183105469,94.0101547241211,1689100
CP.TO,2022-01-17,97.83999633789062,98.75,97.75,98.36000061035156,95.00502014160156,592300
CP.TO,2022-01-18,96.7699966430664,96.77999877929688,94.36000061035156,94.63999938964844,91.41189575195312,1942900
CP.TO,2022-01-19,94.6500015258789,95.76000213623047,94.52999877929688,94.91000366210938,91.67267608642578,1449500
CP.TO,2022-01-20,95.72000122070312,96.27999877929688,95.02999877929688,95.66999816894531,92.40674591064453,2472900
CP.TO,2022-01-21,95.33000183105469,95.70999908447266,93.87000274658203,93.9800033569336,90.7743911743164,1967200
CP.TO,2022-01-24,92.88999938964844,93.4800033569336,90.69000244140625,93.19999694824219,90.02101135253906,2964400
CP.TO,2022-01-25,92.1500015258789,93.81999969482422,91.33999633789062,92.91999816894531,89.75054931640625,1407500
CP.TO,2022-01-26,93.20999908447266,94.80000305175781,92.62999725341797,93.54000091552734,90.34941101074219,2347900
CP.TO,2022-01-27,94.25,95.5,93.41999816894531,93.81999969482422,90.61986541748047,1757500
CP.TO,2022-01-28,93.75,93.75,88.9800033569336,92.2699966430664,89.12272644042969,2991700
CP.TO,2022-01-31,91.55000305175781,92.12999725341797,90.38999938964844,90.94000244140625,87.83811950683594,2213800
CP.TO,2022-02-01,90.9000015258789,91.27999877929688,90.0999984741211,90.68000030517578,87.58697509765625,1809700
CP.TO,2022-02-02,90.5999984741211,93.05000305175781,90.5999984741211,92.5199966430664,89.36418914794922,1619000
CP.TO,2022-02-03,92.02999877929688,92.23999786376953,90.08999633789062,90.13999938964844,87.06536865234375,1366200
CP.TO,2022-02-04,90.0,90.5,89.5,90.0999984741211,87.02676391601562,1181300
CP.TO,2022-02-07,90.41000366210938,90.45999908447266,89.0,89.11000061035156,86.07051849365234,1559400
CP.TO,2022-02-08,89.47000122070312,90.91999816894531,89.41999816894531,90.56999969482422,87.48072052001953,1735600
CP.TO,2022-02-09,91.30000305175781,92.94999694824219,91.08000183105469,92.9000015258789,89.73123168945312,1241000
CP.TO,2022-02-10,92.2300033569336,93.45999908447266,91.19999694824219,92.5999984741211,89.44146728515625,1875000
CP.TO,2022-02-11,92.7699966430664,92.7699966430664,91.02999877929688,91.6500015258789,88.52387237548828,1223500
CP.TO,2022-02-14,91.4800033569336,91.93000030517578,90.8499984741211,91.61000061035156,88.4852523803711,1196800
CP.TO,2022-02-15,92.30000305175781,93.87000274658203,92.12999725341797,93.75,90.55223846435547,1591000
CP.TO,2022-02-16,93.66999816894531,95.0,93.01000213623047,94.43000030517578,91.20904541015625,1616900
CP.TO,2022-02-17,93.91999816894531,94.69000244140625,93.22000122070312,93.23999786376953,90.05963897705078,1129100
CP.TO,2022-02-18,93.33000183105469,93.62999725341797,92.27999877929688,92.33000183105469,89.18069458007812,1197500
CP.TO,2022-02-22,91.98999786376953,92.3499984741211,90.11000061035156,90.2300033569336,87.1523208618164,1411400
CP.TO,2022-02-23,90.27999877929688,90.81999969482422,87.77999877929688,87.86000061035156,84.8631591796875,1372500
CP.TO,2022-02-24,86.12000274658203,88.26000213623047,86.12000274658203,88.11000061035156,85.10462951660156,1827200
CP.TO,2022-02-25,88.69999694824219,90.51000213623047,88.08000183105469,90.01000213623047,86.93981170654297,1215900
CP.TO,2022-02-28,88.75,90.36000061035156,88.43000030517578,89.25,86.20576477050781,2228000
CP.TO,2022-03-01,88.69999694824219,89.27999877929688,87.61000061035156,87.91000366210938,84.91143798828125,1339100
CP.TO,2022-03-02,88.08999633789062,91.98999786376953,87.87000274658203,91.77999877929688,88.64945983886719,1801300
CP.TO,2022-03-03,91.98999786376953,94.58000183105469,91.97000122070312,94.04000091552734,90.83234405517578,1371300
CP.TO,2022-03-04,94.05000305175781,99.18000030517578,93.56999969482422,98.97000122070312,95.59419250488281,2671700
CP.TO,2022-03-07,100.98999786376953,104.06999969482422,99.68000030517578,99.83000183105469,96.42485046386719,2893800
CP.TO,2022-03-08,99.94999694824219,100.75,97.66000366210938,97.98999786376953,94.64762878417969,2645800
CP.TO,2022-03-09,98.6500015258789,99.73999786376953,97.55999755859375,98.83000183105469,95.458984375,1320300
CP.TO,2022-03-10,98.44000244140625,100.30000305175781,98.25,99.45999908447266,96.0674819946289,2337500
CP.TO,2022-03-11,99.5,100.75,98.4800033569336,98.91000366210938,95.53624725341797,2157600
CP.TO,2022-03-14,99.20999908447266,100.22000122070312,97.8499984741211,98.20999908447266,94.860107421875,1525300
CP.TO,2022-03-15,99.33000183105469,99.4000015258789,97.0,98.27999877929688,94.92771911621094,1614900
CP.TO,2022-03-16,98.72000122070312,101.08000183105469,98.5,100.77999877929688,97.34246826171875,1891500
CP.TO,2022-03-17,100.45999908447266,101.1500015258789,99.38999938964844,100.88999938964844,97.44872283935547,1518900
CP.TO,2022-03-18,100.88999938964844,101.55999755859375,100.3499984741211,100.44999694824219,97.0237045288086,7145200
CP.TO,2022-03-21,99.88999938964844,101.30000305175781,99.44999694824219,101.16999816894531,97.71916198730469,2075100
CP.TO,2022-03-22,101.75,103.38999938964844,101.62999725341797,102.80000305175781,99.29357147216797,1778800
CP.TO,2022-03-23,102.37999725341797,103.16000366210938,101.88999938964844,102.55000305175781,99.0521011352539,1370800
CP.TO,2022-03-24,102.47000122070312,103.12000274658203,101.5999984741211,102.8499984741211,99.5262451171875,1561600
CP.TO,2022-03-25,103.44999694824219,103.9000015258789,102.16999816894531,103.31999969482422,99.9810562133789,1462500
CP.TO,2022-03-28,103.75,103.9000015258789,102.87000274658203,103.66000366210938,100.3100814819336,1098900
CP.TO,2022-03-29,103.95999908447266,104.18000030517578,101.38999938964844,103.0999984741211,99.7681655883789,1212000
CP.TO,2022-03-30,102.30000305175781,104.41000366210938,102.30000305175781,104.20999908447266,100.8423080444336,1070700
CP.TO,2022-03-31,104.48999786376953,105.45999908447266,103.18000030517578,103.18000030517578,99.84558868408203,2071400
CP.TO,2022-04-01,103.19999694824219,103.83000183105469,97.25,97.83999633789062,94.67815399169922,2033500
CP.TO,2022-04-04,98.12000274658203,98.5199966430664,96.91999816894531,98.37000274658203,95.1910400390625,1027100
CP.TO,2022-04-05,98.37000274658203,100.52999877929688,97.33000183105469,97.36000061035156,94.21367645263672,1021900
CP.TO,2022-04-06,97.0,97.19000244140625,95.52999877929688,96.93000030517578,93.79756164550781,1065100
CP.TO,2022-04-07,96.9000015258789,97.05999755859375,94.4000015258789,96.05000305175781,92.94601440429688,1353200
CP.TO,2022-04-08,95.0,95.58000183105469,93.0999984741211,94.3499984741211,91.3009262084961,1449600
CP.TO,2022-04-11,93.80000305175781,95.30000305175781,93.72000122070312,94.55000305175781,91.49447631835938,814100
CP.TO,2022-04-12,94.86000061035156,95.5,94.11000061035156,94.52999877929688,91.47512817382812,887300
CP.TO,2022-04-13,95.12000274658203,95.69000244140625,94.70999908447266,94.93000030517578,91.86219787597656,844400
CP.TO,2022-04-14,95.44999694824219,96.70999908447266,95.12999725341797,96.36000061035156,93.2459716796875,859100
CP.TO,2022-04-18,96.11000061035156,97.47000122070312,95.77999877929688,96.08999633789062,92.9847183227539,714000
CP.TO,2022-04-19,96.29000091552734,98.08999633789062,96.29000091552734,98.0,94.83300018310547,923800
CP.TO,2022-04-20,98.0,98.19999694824219,97.0199966430664,97.83999633789062,94.67815399169922,1180700
CP.TO,2022-04-21,98.25,99.73999786376953,97.30000305175781,97.55999755859375,94.40719604492188,1597900
CP.TO,2022-04-22,97.41999816894531,97.58999633789062,94.80000305175781,94.94000244140625,91.87187957763672,1508800
CP.TO,2022-04-25,94.4800033569336,95.3499984741211,93.62999725341797,94.87999725341797,91.8138198852539,1174500
CP.TO,2022-04-26,95.04000091552734,95.04000091552734,92.95999908447266,93.05999755859375,90.0526351928711,1397300
CP.TO,2022-04-27,93.02999877929688,94.05000305175781,91.25,93.30999755859375,90.29456329345703,1455500
CP.TO,2022-04-28,91.68000030517578,97.55000305175781,89.66000366210938,96.66000366210938,93.53629302978516,2573600
CP.TO,2022-04-29,95.44000244140625,95.45999908447266,93.83999633789062,93.97000122070312,90.9332275390625,1732900
CP.TO,2022-05-02,94.25,95.02999877929688,91.41000366210938,92.54000091552734,89.54944610595703,1307700
CP.TO,2022-05-03,92.27999877929688,93.63999938964844,91.61000061035156,92.91000366210938,89.90747833251953,1328900
CP.TO,2022-05-04,93.0999984741211,95.95999908447266,93.06999969482422,95.69999694824219,92.60731506347656,1611800
CP.TO,2022-05-05,95.43000030517578,95.62999725341797,92.4000015258789,93.4800033569336,90.45906829833984,921000
CP.TO,2022-05-06,93.20999908447266,93.66999816894531,91.38999938964844,93.27999877929688,90.2655258178711,1180900
CP.TO,2022-05-09,92.0199966430664,92.68000030517578,89.83999633789062,89.98999786376953,87.08183288574219,1103200
CP.TO,2022-05-10,91.38999938964844,91.75,87.5999984741211,88.63999938964844,85.77546691894531,2345200
CP.TO,2022-05-11,88.19000244140625,91.30000305175781,88.0999984741211,89.2699966430664,86.38510131835938,2246000
CP.TO,2022-05-12,88.94000244140625,89.55999755859375,87.6500015258789,88.80000305175781,85.93029022216797,1928100
CP.TO,2022-05-13,89.7699966430664,90.33000183105469,88.62000274658203,89.5,86.60767364501953,893500
CP.TO,2022-05-16,89.54000091552734,90.27999877929688,88.5999984741211,89.66000366210938,86.76249694824219,739400
CP.TO,2022-05-17,90.81999969482422,91.66000366210938,90.43000030517578,91.62000274658203,88.65917205810547,915100
CP.TO,2022-05-18,91.08999633789062,92.23999786376953,89.94999694824219,90.04000091552734,87.1302261352539,803800
CP.TO,2022-05-19,88.30000305175781,89.58999633789062,86.58000183105469,87.9800033569336,85.13680267333984,1665800
CP.TO,2022-05-20,87.95999908447266,88.62999725341797,87.26000213623047,88.33999633789062,85.48516082763672,1401300
CP.TO,2022-05-24,88.97000122070312,88.97000122070312,87.38999938964844,87.83999633789062,85.00131225585938,1392500
CP.TO,2022-05-25,87.80000305175781,88.16999816894531,86.61000061035156,87.63999938964844,84.80777740478516,1227200
CP.TO,2022-05-26,87.87000274658203,89.70999908447266,87.80000305175781,89.41999816894531,86.53026580810547,1183100
CP.TO,2022-05-27,89.69999694824219,91.2300033569336,89.63999938964844,90.62999725341797,87.7011489868164,1256600
CP.TO,2022-05-30,91.5199966430664,91.5199966430664,89.54000091552734,90.19999694824219,87.2850570678711,461400
CP.TO,2022-05-31,89.18000030517578,91.63999938964844,88.6500015258789,90.25,87.33343505859375,4452500
CP.TO,2022-06-01,90.83999633789062,93.08000183105469,90.11000061035156,92.47000122070312,89.48169708251953,1422100
CP.TO,2022-06-02,92.62999725341797,96.2699966430664,92.62999725341797,96.05999755859375,92.95568084716797,2032200
CP.TO,2022-06-03,95.16000366210938,95.66999816894531,93.98999786376953,94.69000244140625,91.62996673583984,1200800
CP.TO,2022-06-06,95.02999877929688,95.91999816894531,94.70999908447266,95.20999908447266,92.13314819335938,1286200
CP.TO,2022-06-07,94.31999969482422,95.80999755859375,93.41999816894531,95.69999694824219,92.60731506347656,1127600
CP.TO,2022-06-08,95.25,95.25,92.91999816894531,93.26000213623047,90.24618530273438,1634000
CP.TO,2022-06-09,92.9000015258789,94.19999694824219,92.5999984741211,92.7699966430664,89.7719955444336,564800
CP.TO,2022-06-10,91.81999969482422,92.0,89.01000213623047,89.0999984741211,86.2205810546875,1492800
CP.TO,2022-06-13,87.44999694824219,88.72000122070312,86.41999816894531,88.0,85.15616607666016,1800700
CP.TO,2022-06-14,90.0,90.0999984741211,87.54000091552734,88.73999786376953,85.87223815917969,1506100
CP.TO,2022-06-15,89.52999877929688,90.19999694824219,88.23999786376953,88.9000015258789,86.02706909179688,1145000
CP.TO,2022-06-16,86.80999755859375,88.3499984741211,86.80999755859375,87.5,84.67230224609375,1144800
CP.TO,2022-06-17,87.0999984741211,88.93000030517578,87.0999984741211,87.87000274658203,85.03036499023438,4323400
CP.TO,2022-06-20,88.5,89.33000183105469,87.9000015258789,89.30000305175781,86.41414642333984,254200
CP.TO,2022-06-21,88.87999725341797,90.68000030517578,88.87999725341797,89.77999877929688,86.87863159179688,2900800
CP.TO,2022-06-22,88.66000366210938,91.75,88.58000183105469,91.08000183105469,88.1366195678711,3362900
CP.TO,2022-06-23,91.02999877929688,91.86000061035156,88.8499984741211,88.9000015258789,86.20690155029297,1176000
CP.TO,2022-06-24,87.76000213623047,91.43000030517578,87.61000061035156,90.94999694824219,88.19478607177734,1531900
CP.TO,2022-06-27,92.05999755859375,92.0999984741211,90.18000030517578,90.97000122070312,88.2142105102539,1410700
CP.TO,2022-06-28,91.08999633789062,93.01000213623047,89.7300033569336,90.26000213623047,87.52570343017578,1008200
CP.TO,2022-06-29,90.41999816894531,91.86000061035156,89.48999786376953,91.52999877929688,88.75724029541016,930200
CP.TO,2022-06-30,89.98999786376953,90.1500015258789,88.69999694824219,89.91000366210938,87.1863021850586,1703400
CP.TO,2022-07-04,90.11000061035156,92.5,90.0,91.91999816894531,89.13541412353516,434500
CP.TO,2022-07-05,91.37999725341797,92.44000244140625,90.1500015258789,92.12000274658203,89.3293685913086,1598100
CP.TO,2022-07-06,92.22000122070312,94.0999984741211,92.05999755859375,93.44000244140625,90.60935974121094,1586700
CP.TO,2022-07-07,93.19000244140625,93.7300033569336,91.61000061035156,93.52999877929688,90.69664001464844,2187200
CP.TO,2022-07-08,93.23999786376953,93.69999694824219,92.33000183105469,93.55000305175781,90.71605682373047,1010300
CP.TO,2022-07-11,93.23999786376953,94.43000030517578,92.47000122070312,93.45999908447266,90.62876892089844,1177800
CP.TO,2022-07-12,93.69999694824219,93.7300033569336,91.31999969482422,91.88999938964844,89.10631561279297,999500
CP.TO,2022-07-13,90.93000030517578,92.38999938964844,90.05999755859375,91.2699966430664,88.50509643554688,1141300
CP.TO,2022-07-14,90.95999908447266,92.20999908447266,90.4000015258789,91.6500015258789,88.87359619140625,1848100
CP.TO,2022-07-15,92.8499984741211,93.26000213623047,91.97000122070312,92.44000244140625,89.6396713256836,1014500
CP.TO,2022-07-18,93.05000305175781,93.5999984741211,92.38999938964844,92.66000366210938,89.85301208496094,1124900
CP.TO,2022-07-19,93.31999969482422,95.36000061035156,93.05999755859375,95.20999908447266,92.32575225830078,1162600
CP.TO,2022-07-20,95.20999908447266,95.22000122070312,93.7699966430664,93.80999755859375,90.96815490722656,825700
CP.TO,2022-07-21,93.86000061035156,95.4800033569336,93.81999969482422,95.33999633789062,92.45181274414062,920200
CP.TO,2022-07-22,95.2699966430664,96.25,95.08999633789062,95.5999984741211,92.70393371582031,967900
CP.TO,2022-07-25,95.70999908447266,96.41999816894531,95.33999633789062,96.33999633789062,93.4215087890625,792100
CP.TO,2022-07-26,96.0999984741211,96.5999984741211,95.20999908447266,96.12999725341797,93.2178726196289,794400
CP.TO,2022-07-27,96.97000122070312,98.97000122070312,96.77999877929688,98.52999877929688,95.54517364501953,1423300
CP.TO,2022-07-28,98.19999694824219,99.58999633789062,97.11000061035156,99.54000091552734,96.52456665039062,1353100
CP.TO,2022-07-29,99.6500015258789,101.5999984741211,99.63999938964844,100.97000122070312,97.91127014160156,1830300
CP.TO,2022-08-02,99.48999786376953,101.30000305175781,98.9000015258789,99.87000274658203,96.84459686279297,1395400
CP.TO,2022-08-03,100.1500015258789,100.37999725341797,99.11000061035156,99.83000183105469,96.80579376220703,922000
CP.TO,2022-08-04,100.30999755859375,102.08999633789062,99.70999908447266,102.05999755859375,98.96824645996094,723400
CP.TO,2022-08-05,101.7300033569336,103.56999969482422,101.7300033569336,103.5,100.36463165283203,982400
CP.TO,2022-08-08,103.6500015258789,103.94000244140625,102.33000183105469,102.3499984741211,99.24944305419922,1956200
CP.TO,2022-08-09,102.30000305175781,103.19000244140625,101.94000244140625,102.18000030517578,99.08460998535156,802900
CP.TO,2022-08-10,103.2699966430664,104.19999694824219,102.87999725341797,104.12999725341797,100.97554016113281,1016800
CP.TO,2022-08-11,104.3499984741211,105.0199966430664,102.5999984741211,103.04000091552734,99.9185562133789,841700
CP.TO,2022-08-12,103.37999725341797,103.7300033569336,102.87999725341797,103.7300033569336,100.58763885498047,500700
CP.TO,2022-08-15,103.58999633789062,104.93000030517578,102.9800033569336,104.13999938964844,100.98523712158203,722600
CP.TO,2022-08-16,104.0,105.80000305175781,103.86000061035156,105.58999633789062,102.39129638671875,1258800
CP.TO,2022-08-17,104.8499984741211,106.83000183105469,104.76000213623047,106.58999633789062,103.36100006103516,1296700
CP.TO,2022-08-18,106.58000183105469,106.80999755859375,105.5,105.97000122070312,102.7597885131836,1146300
CP.TO,2022-08-19,105.68000030517578,106.93000030517578,105.4000015258789,106.13999938964844,102.92464447021484,661300
CP.TO,2022-08-22,105.3499984741211,105.58000183105469,104.8499984741211,105.31999969482422,102.12948608398438,679500
CP.TO,2022-08-23,104.9800033569336,105.2699966430664,103.83000183105469,103.94999694824219,100.80098724365234,907900
CP.TO,2022-08-24,103.86000061035156,104.6500015258789,103.52999877929688,104.44000244140625,101.27616119384766,793500
CP.TO,2022-08-25,104.81999969482422,105.44999694824219,103.87999725341797,105.16999816894531,101.9840087890625,805500
CP.TO,2022-08-26,105.54000091552734,105.87999725341797,103.4800033569336,103.56999969482422,100.43250274658203,1057600
CP.TO,2022-08-29,102.98999786376953,103.30000305175781,101.7300033569336,102.05999755859375,98.96824645996094,976900
CP.TO,2022-08-30,102.25,102.44999694824219,98.11000061035156,98.51000213623047,95.52577209472656,1714200
CP.TO,2022-08-31,98.41999816894531,99.27999877929688,97.80999755859375,98.31999969482422,95.34154510498047,1552400
CP.TO,2022-09-01,97.69999694824219,97.7300033569336,96.16999816894531,97.23999786376953,94.29425048828125,1206200
CP.TO,2022-09-02,97.88999938964844,98.4800033569336,96.68000030517578,97.31999969482422,94.37183380126953,1085000
CP.TO,2022-09-06,97.37999725341797,98.0,96.08000183105469,96.6500015258789,93.72212219238281,1093000
CP.TO,2022-09-07,96.7300033569336,98.76000213623047,96.51000213623047,98.66000366210938,95.67123413085938,996000
CP.TO,2022-09-08,98.33999633789062,100.70999908447266,97.80000305175781,99.8499984741211,96.82518005371094,1643500
CP.TO,2022-09-09,100.33999633789062,102.19000244140625,100.2699966430664,102.0,98.9100570678711,1065800
CP.TO,2022-09-12,103.29000091552734,104.61000061035156,103.19999694824219,103.66999816894531,100.52945709228516,1220300
CP.TO,2022-09-13,102.27999877929688,103.9000015258789,101.88999938964844,102.16000366210938,99.0652084350586,1362700
CP.TO,2022-09-14,102.2300033569336,102.38999938964844,100.97000122070312,101.61000061035156,98.53185272216797,1183400
CP.TO,2022-09-15,101.7300033569336,102.62000274658203,100.05000305175781,100.27999877929688,97.24214935302734,1391200
CP.TO,2022-09-16,98.36000061035156,98.55999755859375,96.22000122070312,97.3499984741211,94.40091705322266,4604700
CP.TO,2022-09-19,96.58000183105469,98.47000122070312,96.44999694824219,98.33999633789062,95.36091613769531,1104100
CP.TO,2022-09-20,98.37999725341797,98.44999694824219,96.7699966430664,97.5999984741211,94.64334869384766,1073800
CP.TO,2022-09-21,97.91999816894531,98.05000305175781,96.33000183105469,96.58000183105469,93.65426635742188,933500
CP.TO,2022-09-22,96.58999633789062,96.83000183105469,95.25,95.97000122070312,93.06272888183594,1172000
CP.TO,2022-09-23,94.83000183105469,95.66999816894531,93.48999786376953,95.19000244140625,92.30635833740234,1281000
CP.TO,2022-09-26,94.66000366210938,95.80999755859375,94.0,94.25,91.39482116699219,1098100
CP.TO,2022-09-27,95.2300033569336,95.52999877929688,93.55999755859375,93.66000366210938,90.82270812988281,1324200
CP.TO,2022-09-28,93.19000244140625,94.31999969482422,92.0,93.9800033569336,91.31824493408203,1026800
CP.TO,2022-09-29,93.0,94.11000061035156,91.9000015258789,93.95999908447266,91.298828125,1328400
CP.TO,2022-09-30,93.91999816894531,94.4000015258789,92.16000366210938,92.20999908447266,89.5984115600586,1606200
CP.TO,2022-10-03,92.58999633789062,96.54000091552734,92.08000183105469,95.6500015258789,92.94096374511719,1350400
CP.TO,2022-10-04,97.23999786376953,97.9800033569336,96.36000061035156,97.81999969482422,95.04950714111328,1182000
CP.TO,2022-10-05,97.41000366210938,97.94999694824219,96.36000061035156,96.58999633789062,93.85433197021484,1208500
CP.TO,2022-10-06,96.37000274658203,96.9800033569336,95.25,95.86000061035156,93.14500427246094,1212400
CP.TO,2022-10-07,94.87000274658203,95.16999816894531,93.48999786376953,94.41999816894531,91.74579620361328,1030000
CP.TO,2022-10-11,93.80000305175781,94.94999694824219,92.86000061035156,93.66999816894531,91.01703643798828,1056900
CP.TO,2022-10-12,93.73999786376953,94.37000274658203,92.69999694824219,92.73999786376953,90.1133804321289,1083000
CP.TO,2022-10-13,91.81999969482422,95.58999633789062,90.83999633789062,95.11000061035156,92.416259765625,1051500
CP.TO,2022-10-14,95.72000122070312,96.05999755859375,92.9000015258789,93.08000183105469,90.4437484741211,1009500
CP.TO,2022-10-17,93.9800033569336,95.79000091552734,93.76000213623047,95.30000305175781,92.60087585449219,994800
CP.TO,2022-10-18,97.0,97.55999755859375,95.94999694824219,97.47000122070312,94.70941162109375,1033900
CP.TO,2022-10-19,97.0999984741211,97.83000183105469,96.66999816894531,97.55999755859375,94.79685974121094,1032100
CP.TO,2022-10-20,96.37999725341797,97.1500015258789,94.55000305175781,94.95999908447266,92.2705078125,1448600
CP.TO,2022-10-21,94.98999786376953,96.95999908447266,94.29000091552734,96.66000366210938,93.92234802246094,1288400
CP.TO,2022-10-24,97.44999694824219,97.80000305175781,96.12999725341797,97.25,94.49564361572266,732600
CP.TO,2022-10-25,96.9800033569336,98.04000091552734,96.9800033569336,97.73999786376953,94.97176361083984,901600
CP.TO,2022-10-26,97.69000244140625,100.98999786376953,97.54000091552734,99.29000091552734,96.47785949707031,1198000
CP.TO,2022-10-27,100.91000366210938,102.29000091552734,99.37000274658203,99.75,96.92484283447266,1377700
CP.TO,2022-10-28,99.73999786376953,101.08999633789062,99.72000122070312,100.52999877929688,97.68274688720703,976000
CP.TO,2022-10-31,100.33000183105469,102.6500015258789,98.72000122070312,101.55999755859375,98.68358612060547,2039100
CP.TO,2022-11-01,102.79000091552734,102.79000091552734,100.44000244140625,101.33000183105469,98.46009826660156,659300
CP.TO,2022-11-02,100.8499984741211,103.54000091552734,100.5199966430664,100.79000091552734,97.93538665771484,1545300
CP.TO,2022-11-03,100.31999969482422,102.26000213623047,99.83000183105469,101.51000213623047,98.6349868774414,1071900
CP.TO,2022-11-04,102.01000213623047,103.73999786376953,101.52999877929688,102.27999877929688,99.38316345214844,1039600
CP.TO,2022-11-07,102.30999755859375,104.0,102.30999755859375,103.94000244140625,100.99616241455078,1441500
CP.TO,2022-11-08,104.12999725341797,105.37999725341797,102.95999908447266,103.86000061035156,100.9184341430664,970300
CP.TO,2022-11-09,103.52999877929688,103.86000061035156,101.70999908447266,101.83000183105469,98.94593048095703,892400
CP.TO,2022-11-10,104.0999984741211,105.19999694824219,103.5199966430664,104.01000213623047,101.0641860961914,1558700
CP.TO,2022-11-11,104.80000305175781,105.55000305175781,100.54000091552734,101.81999969482422,98.93621826171875,1592300
CP.TO,2022-11-14,101.73999786376953,102.5199966430664,101.19999694824219,101.36000061035156,98.4892349243164,1073800
CP.TO,2022-11-15,102.7300033569336,102.7300033569336,99.52999877929688,100.19000244140625,97.35237121582031,1357900
CP.TO,2022-11-16,100.0999984741211,103.9000015258789,99.94999694824219,103.43000030517578,100.50061798095703,2079500
CP.TO,2022-11-17,103.22000122070312,105.41999816894531,102.44000244140625,103.56999969482422,100.63665008544922,1261000
CP.TO,2022-11-18,104.58999633789062,105.30999755859375,104.38999938964844,105.08999633789062,102.11360168457031,937200
CP.TO,2022-11-21,104.66999816894531,106.5,104.0,106.45999908447266,103.44479370117188,1309500
CP.TO,2022-11-22,106.79000091552734,108.62999725341797,106.7300033569336,107.52999877929688,104.48448944091797,1066700
CP.TO,2022-11-23,107.55999755859375,108.55000305175781,107.55999755859375,107.69999694824219,104.64967346191406,879400
CP.TO,2022-11-24,107.94000244140625,108.73999786376953,107.43000030517578,107.43000030517578,104.38732147216797,260600
CP.TO,2022-11-25,108.26000213623047,109.8499984741211,108.12999725341797,108.5,105.4270248413086,759100
CP.TO,2022-11-28,108.27999877929688,109.4800033569336,108.16999816894531,108.62000274658203,105.54360961914062,1202100
CP.TO,2022-11-29,110.16999816894531,110.16999816894531,108.2300033569336,108.91999816894531,105.83511352539062,997700
CP.TO,2022-11-30,108.87000274658203,110.2300033569336,107.98999786376953,110.12999725341797,107.01084899902344,2892300
CP.TO,2022-12-01,110.37000274658203,111.43000030517578,109.41999816894531,110.83000183105469,107.6910400390625,946700
CP.TO,2022-12-02,110.41999816894531,111.16999816894531,109.45999908447266,110.87000274658203,107.72989654541016,994100
CP.TO,2022-12-05,110.62999725341797,110.6500015258789,108.77999877929688,109.05999755859375,105.97117614746094,1166600
CP.TO,2022-12-06,109.30999755859375,109.5,107.04000091552734,107.73999786376953,104.68853759765625,1296600
CP.TO,2022-12-07,107.5999984741211,109.11000061035156,107.55000305175781,107.80999755859375,104.7565689086914,1028800
CP.TO,2022-12-08,107.66999816894531,110.20999908447266,107.51000213623047,109.04000091552734,105.95172119140625,1066400
CP.TO,2022-12-09,109.18000030517578,109.4000015258789,107.69000244140625,107.7699966430664,104.71770477294922,828900
CP.TO,2022-12-12,107.83999633789062,108.33000183105469,106.26000213623047,108.12999725341797,105.06749725341797,1848200
CP.TO,2022-12-13,109.83999633789062,110.16000366210938,107.83000183105469,108.26000213623047,105.19380950927734,1085700
CP.TO,2022-12-14,108.33999633789062,108.72000122070312,106.06999969482422,106.22000122070312,103.21159362792969,1535700
CP.TO,2022-12-15,105.48999786376953,105.48999786376953,103.5999984741211,104.36000061035156,101.40426635742188,1501600
CP.TO,2022-12-16,103.83999633789062,104.0,102.47000122070312,103.19999694824219,100.2771224975586,4170800
CP.TO,2022-12-19,103.19999694824219,104.05000305175781,101.48999786376953,101.62000274658203,98.74187469482422,1308300
CP.TO,2022-12-20,101.51000213623047,102.62999725341797,101.22000122070312,101.8499984741211,98.96537017822266,1745200
CP.TO,2022-12-21,102.94000244140625,103.94000244140625,102.45999908447266,103.16999816894531,100.24798583984375,848400
CP.TO,2022-12-22,102.62999725341797,103.19999694824219,101.54000091552734,102.2300033569336,99.33460998535156,1283900
CP.TO,2022-12-23,102.0,102.70999908447266,101.58999633789062,102.58999633789062,99.68440246582031,791700
CP.TO,2022-12-28,101.91000366210938,102.79000091552734,101.33000183105469,101.37999725341797,98.50865936279297,804100
CP.TO,2022-12-29,101.44000244140625,102.73999786376953,101.19999694824219,102.13999938964844,99.43347930908203,874700
CP.TO,2022-12-30,101.58000183105469,101.7699966430664,100.37000274658203,100.94999694824219,98.27503967285156,1150700
CP.TO,2023-01-03,102.12999725341797,102.69999694824219,101.5199966430664,102.36000061035156,99.64767456054688,918400
CP.TO,2023-01-04,102.5,103.66000366210938,101.91000366210938,103.36000061035156,100.62117004394531,1099000
CP.TO,2023-01-05,103.5999984741211,103.5999984741211,101.05999755859375,101.20999908447266,98.52814483642578,1540500
CP.TO,2023-01-06,101.80999755859375,104.2699966430664,101.55000305175781,104.22000122070312,101.4583969116211,1095400
CP.TO,2023-01-09,104.4000015258789,105.18000030517578,103.76000213623047,104.02999877929688,101.2734146118164,836000
CP.TO,2023-01-10,103.44000244140625,103.45999908447266,101.80000305175781,102.63999938964844,99.9202651977539,943900
CP.TO,2023-01-11,103.02999877929688,104.0,101.9800033569336,103.80000305175781,101.04953002929688,1362300
CP.TO,2023-01-12,103.8499984741211,104.23999786376953,102.68000030517578,104.18000030517578,101.4194564819336,1449500
CP.TO,2023-01-13,103.70999908447266,106.1500015258789,103.55000305175781,105.95999908447266,103.15227508544922,1462700
CP.TO,2023-01-16,106.04000091552734,106.61000061035156,105.44999694824219,105.52999877929688,102.73368835449219,289100
CP.TO,2023-01-17,105.87999725341797,108.13999938964844,105.87999725341797,107.38999938964844,104.54438781738281,1121600
CP.TO,2023-01-18,107.62000274658203,108.13999938964844,105.69999694824219,105.7300033569336,102.92837524414062,1744900
CP.TO,2023-01-19,105.16999816894531,105.95999908447266,104.43000030517578,104.80999755859375,102.03275299072266,1269400
CP.TO,2023-01-20,104.93000030517578,106.47000122070312,104.44999694824219,106.04000091552734,103.23016357421875,964000
CP.TO,2023-01-23,106.13999938964844,107.5999984741211,105.41000366210938,106.63999938964844,103.81425476074219,942600
CP.TO,2023-01-24,105.91999816894531,107.7300033569336,105.44999694824219,106.94000244140625,104.10633087158203,1218600
CP.TO,2023-01-25,105.37000274658203,105.44000244140625,102.43000030517578,102.95999908447266,100.23178100585938,1976200
CP.TO,2023-01-26,102.70999908447266,102.94000244140625,100.26000213623047,102.45999908447266,99.7450180053711,1789500
CP.TO,2023-01-27,102.22000122070312,103.2699966430664,101.12000274658203,103.12000274658203,100.38753509521484,1051200
CP.TO,2023-01-30,102.45999908447266,105.80000305175781,102.45999908447266,103.55999755859375,100.81587219238281,1234300
CP.TO,2023-01-31,103.93000030517578,105.19000244140625,103.1500015258789,105.0199966430664,102.2371826171875,1534200
CP.TO,2023-02-01,105.0999984741211,105.94000244140625,102.5,103.62000274658203,100.8742904663086,2213100
CP.TO,2023-02-02,104.0199966430664,105.70999908447266,102.83999633789062,105.58000183105469,102.78235626220703,1866300
CP.TO,2023-02-03,105.79000091552734,107.4000015258789,105.58000183105469,106.04000091552734,103.23016357421875,1476100
CP.TO,2023-02-06,105.80000305175781,106.19000244140625,104.68000030517578,104.87000274658203,102.09115600585938,1255400
CP.TO,2023-02-07,104.54000091552734,105.26000213623047,103.70999908447266,104.12000274658203,101.36103820800781,1220500
CP.TO,2023-02-08,104.18000030517578,106.44000244140625,104.01000213623047,104.44999694824219,101.68229675292969,1117900
CP.TO,2023-02-09,104.94000244140625,105.25,103.69999694824219,104.54000091552734,101.76990509033203,2309100
CP.TO,2023-02-10,103.9000015258789,106.44999694824219,103.5,106.30999755859375,103.49299621582031,1543000
CP.TO,2023-02-13,106.30999755859375,107.83999633789062,106.30000305175781,106.47000122070312,103.64877319335938,854400
CP.TO,2023-02-14,106.63999938964844,106.63999938964844,105.01000213623047,106.3499984741211,103.53194427490234,1216500
CP.TO,2023-02-15,105.5,106.38999938964844,104.98999786376953,106.18000030517578,103.366455078125,833500
CP.TO,2023-02-16,105.80000305175781,106.81999969482422,105.12999725341797,105.4800033569336,102.68501281738281,1020800
CP.TO,2023-02-17,105.08999633789062,105.91000366210938,104.41999816894531,104.58000183105469,101.80885314941406,970200
CP.TO,2023-02-21,104.19999694824219,104.75,103.7699966430664,103.91000366210938,101.1565933227539,1243900
CP.TO,2023-02-22,103.83000183105469,104.54000091552734,103.27999877929688,103.36000061035156,100.62117004394531,1396500
CP.TO,2023-02-23,105.43000030517578,105.48999786376953,102.93000030517578,104.11000061035156,101.3512954711914,2278800
CP.TO,2023-02-24,103.91999816894531,104.01000213623047,102.43000030517578,103.5999984741211,100.85479736328125,1204700
CP.TO,2023-02-27,104.37000274658203,106.08000183105469,104.27999877929688,104.91000366210938,102.13011169433594,1029700
CP.TO,2023-02-28,104.5199966430664,105.47000122070312,103.44999694824219,103.62999725341797,100.8840103149414,1542300
CP.TO,2023-03-01,103.7300033569336,105.4800033569336,103.37000274658203,104.68000030517578,101.90620422363281,1042400
CP.TO,2023-03-02,104.38999938964844,106.52999877929688,104.05999755859375,106.3499984741211,103.53194427490234,1247700
CP.TO,2023-03-03,106.83000183105469,106.98999786376953,105.43000030517578,106.8499984741211,104.0186996459961,1002300
CP.TO,2023-03-06,106.5999984741211,106.97000122070312,105.5,105.69999694824219,102.899169921875,631700
CP.TO,2023-03-07,105.69000244140625,105.69000244140625,103.29000091552734,103.73999786376953,100.99110412597656,1276500
CP.TO,2023-03-08,103.45999908447266,104.69999694824219,103.12000274658203,104.02999877929688,101.2734146118164,735400
CP.TO,2023-03-09,104.0999984741211,104.3499984741211,102.0199966430664,102.33000183105469,99.61846160888672,1373900
CP.TO,2023-03-10,102.0,103.83999633789062,100.94999694824219,101.18000030517578,98.49893951416016,1649000
CP.TO,2023-03-13,100.0,101.81999969482422,99.18000030517578,100.72000122070312,98.05113220214844,1719100
CP.TO,2023-03-14,101.62000274658203,101.91000366210938,98.66000366210938,99.80000305175781,97.15550994873047,1902900
CP.TO,2023-03-15,106.27999877929688,108.12000274658203,104.62999725341797,106.0999984741211,103.28856658935547,3691300
CP.TO,2023-03-16,106.56999969482422,109.66999816894531,104.5999984741211,109.30000305175781,106.40377807617188,2475800
CP.TO,2023-03-17,109.30000305175781,109.30000305175781,105.80000305175781,106.13999938964844,103.32750701904297,4169000
CP.TO,2023-03-20,106.16000366210938,106.93000030517578,105.41000366210938,105.80000305175781,102.99652862548828,1081700
CP.TO,2023-03-21,106.72000122070312,107.29000091552734,105.68000030517578,105.97000122070312,103.1620101928711,955700
CP.TO,2023-03-22,106.29000091552734,106.30999755859375,104.13999938964844,104.22000122070312,101.4583969116211,2653600
CP.TO,2023-03-23,104.41999816894531,104.54000091552734,102.19000244140625,102.58999633789062,99.87158203125,1668700
CP.TO,2023-03-24,102.0,103.37999725341797,101.58999633789062,103.19000244140625,100.45567321777344,1617000
CP.TO,2023-03-27,103.69000244140625,104.12999725341797,102.93000030517578,103.51000213623047,100.76720428466797,801000
CP.TO,2023-03-28,103.51000213623047,105.36000061035156,103.23999786376953,103.3499984741211,100.6114273071289,1393300
CP.TO,2023-03-29,104.33999633789062,104.41999816894531,102.61000061035156,102.94999694824219,100.2220230102539,1691100
CP.TO,2023-03-30,103.16999816894531,103.55999755859375,101.9000015258789,102.72000122070312,100.18302917480469,1889100
CP.TO,2023-03-31,103.1500015258789,104.55999755859375,102.83000183105469,104.06999969482422,101.49967956542969,1667400
CP.TO,2023-04-03,103.44000244140625,104.41999816894531,103.08000183105469,103.66000366210938,101.09980773925781,791500
CP.TO,2023-04-04,103.94999694824219,104.61000061035156,103.54000091552734,103.81999969482422,101.25586700439453,1121600
CP.TO,2023-04-05,103.9000015258789,104.27999877929688,101.97000122070312,102.0199966430664,99.50032043457031,891000
CP.TO,2023-04-06,101.91000366210938,102.45999908447266,101.5,102.41999816894531,99.89042663574219,1355500
CP.TO,2023-04-10,102.0,102.44000244140625,101.75,102.37999725341797,99.85140991210938,805900
CP.TO,2023-04-11,102.37999725341797,103.54000091552734,102.1500015258789,102.91999816894531,100.37808227539062,918600
CP.TO,2023-04-12,103.38999938964844,104.5,102.97000122070312,103.63999938964844,101.0802993774414,746100
CP.TO,2023-04-13,103.76000213623047,104.0199966430664,102.76000213623047,103.83000183105469,101.26561737060547,932700
CP.TO,2023-04-14,104.13999938964844,104.8499984741211,103.94999694824219,104.44000244140625,101.86055755615234,505500
CP.TO,2023-04-17,104.83999633789062,105.68000030517578,104.56999969482422,105.29000091552734,102.6895523071289,679600
CP.TO,2023-04-18,106.0,107.38999938964844,105.6500015258789,106.68000030517578,104.04521942138672,1318400
CP.TO,2023-04-19,106.08000183105469,108.05000305175781,106.01000213623047,107.91000366210938,105.24484252929688,990800
CP.TO,2023-04-20,107.91999816894531,109.37000274658203,107.83999633789062,108.81999969482422,106.13236999511719,1162200
CP.TO,2023-04-21,109.30999755859375,111.0,109.30000305175781,110.05999755859375,107.34173583984375,1482100
CP.TO,2023-04-24,110.08999633789062,110.94999694824219,109.75,110.05999755859375,107.34173583984375,2203100
CP.TO,2023-04-25,109.91000366210938,110.20999908447266,106.2300033569336,108.12000274658203,105.44965362548828,886600
CP.TO,2023-04-26,108.5,108.66000366210938,105.0199966430664,105.70999908447266,103.09917449951172,1269300
CP.TO,2023-04-27,107.76000213623047,109.25,103.83000183105469,105.98999786376953,103.37226867675781,1367800
CP.TO,2023-04-28,105.55000305175781,107.37999725341797,105.29000091552734,106.80000305175781,104.16226959228516,1452300
CP.TO,2023-05-01,107.05000305175781,108.12000274658203,107.05000305175781,107.4000015258789,104.7474365234375,798600
CP.TO,2023-05-02,107.06999969482422,107.58000183105469,105.38999938964844,106.43000030517578,103.8013916015625,831200
CP.TO,2023-05-03,106.41999816894531,108.44000244140625,106.11000061035156,107.44000244140625,104.78646087646484,779300
CP.TO,2023-05-04,107.19000244140625,108.52999877929688,105.8499984741211,106.0999984741211,103.47953033447266,1044300
CP.TO,2023-05-05,106.44000244140625,108.7699966430664,106.33000183105469,108.38999938964844,105.71298217773438,995600
CP.TO,2023-05-08,108.5199966430664,109.66000366210938,107.91000366210938,108.36000061035156,105.68372344970703,661200
CP.TO,2023-05-09,108.05999755859375,108.68000030517578,107.68000030517578,108.4000015258789,105.72274017333984,817400
CP.TO,2023-05-10,108.73999786376953,109.5199966430664,108.41000366210938,109.20999908447266,106.51273345947266,1376300
CP.TO,2023-05-11,109.4000015258789,110.75,109.12000274658203,109.23999786376953,106.5419921875,859700
CP.TO,2023-05-12,109.93000030517578,111.41999816894531,109.88999938964844,111.04000091552734,108.29753112792969,929200
CP.TO,2023-05-15,111.06999969482422,112.05999755859375,110.06999969482422,111.66999816894531,108.91197967529297,795100
CP.TO,2023-05-16,111.66000366210938,112.2699966430664,111.0,111.66000366210938,108.90220642089844,869500
CP.TO,2023-05-17,111.69999694824219,112.08999633789062,110.11000061035156,110.79000091552734,108.0537109375,821000
CP.TO,2023-05-18,110.81999969482422,111.83000183105469,110.0999984741211,111.62999725341797,108.87297821044922,613800
CP.TO,2023-05-19,112.02999877929688,112.2300033569336,111.12999725341797,111.58000183105469,108.8241958618164,1030500
CP.TO,2023-05-23,109.83000183105469,109.86000061035156,106.38999938964844,106.73999786376953,104.10374450683594,2007400
CP.TO,2023-05-24,106.1500015258789,106.44999694824219,103.45999908447266,104.38999938964844,101.811767578125,1634200
CP.TO,2023-05-25,103.9800033569336,105.47000122070312,103.1500015258789,104.91999816894531,102.32868957519531,1139000
CP.TO,2023-05-26,105.30000305175781,106.37000274658203,104.83999633789062,104.91999816894531,102.32868957519531,921100
CP.TO,2023-05-29,105.29000091552734,105.52999877929688,104.91999816894531,104.91999816894531,102.32868957519531,213800
CP.TO,2023-05-30,105.08999633789062,106.29000091552734,104.33000183105469,104.91999816894531,102.32868957519531,733800
CP.TO,2023-05-31,104.69000244140625,104.75,102.56999969482422,103.44000244140625,100.88525390625,1904000
CP.TO,2023-06-01,103.23999786376953,104.16000366210938,102.25,102.62999725341797,100.09525299072266,757900
CP.TO,2023-06-02,103.38999938964844,105.8499984741211,103.38999938964844,105.66000366210938,103.0504379272461,1200000
CP.TO,2023-06-05,105.62999725341797,106.25,104.63999938964844,104.75,102.16287994384766,1190200
CP.TO,2023-06-06,104.25,104.52999877929688,102.69999694824219,102.80999755859375,100.27079772949219,1157200
CP.TO,2023-06-07,102.66000366210938,106.11000061035156,102.37999725341797,105.91000366210938,103.29423522949219,1340800
CP.TO,2023-06-08,105.58999633789062,106.05999755859375,102.9000015258789,104.05000305175781,101.48017883300781,1031200
CP.TO,2023-06-09,104.06999969482422,104.30999755859375,101.93000030517578,102.04000091552734,99.51980590820312,769900
CP.TO,2023-06-12,101.5999984741211,102.20999908447266,100.73999786376953,102.02999877929688,99.51006317138672,1195100
CP.TO,2023-06-13,102.45999908447266,102.77999877929688,101.47000122070312,102.5,99.96846771240234,937100
CP.TO,2023-06-14,102.55999755859375,104.19999694824219,102.54000091552734,103.61000061035156,101.0510482788086,1014800
CP.TO,2023-06-15,103.48999786376953,104.12000274658203,103.06999969482422,103.5,100.94377136230469,913200
CP.TO,2023-06-16,103.16999816894531,104.13999938964844,102.94999694824219,103.52999877929688,100.9730224609375,4835900
CP.TO,2023-06-19,103.68000030517578,103.70999908447266,102.1500015258789,102.6500015258789,100.11475372314453,237600
CP.TO,2023-06-20,102.7300033569336,104.1500015258789,102.55000305175781,102.58999633789062,100.05623626708984,1504300
CP.TO,2023-06-21,102.27999877929688,104.77999877929688,102.11000061035156,104.37999725341797,101.8020248413086,1289300
CP.TO,2023-06-22,104.22000122070312,106.26000213623047,103.80000305175781,106.12999725341797,103.50880432128906,1451800
CP.TO,2023-06-23,106.01000213623047,106.0999984741211,105.04000091552734,105.56999969482422,102.962646484375,986300
CP.TO,2023-06-26,105.41999816894531,105.91000366210938,104.70999908447266,105.11000061035156,102.51399993896484,630000
CP.TO,2023-06-27,105.87999725341797,106.0999984741211,104.31999969482422,105.87999725341797,103.26496124267578,724200
CP.TO,2023-06-28,103.56999969482422,105.7300033569336,102.31999969482422,104.7699966430664,102.18238067626953,1686400
CP.TO,2023-06-29,104.01000213623047,105.0999984741211,103.0199966430664,105.0999984741211,102.69046783447266,1499400
CP.TO,2023-06-30,105.5,107.5999984741211,105.3499984741211,107.0,104.54690551757812,1587800
CP.TO,2023-07-04,107.02999877929688,108.08000183105469,106.93000030517578,107.83999633789062,105.3676528930664,316900
CP.TO,2023-07-05,107.33999633789062,108.4000015258789,106.20999908447266,106.62000274658203,104.17562103271484,1373700
CP.TO,2023-07-06,106.0,106.13999938964844,104.25,105.25,102.8370132446289,1279100
CP.TO,2023-07-07,104.9800033569336,105.0,103.94000244140625,104.02999877929688,101.6449966430664,1033900
CP.TO,2023-07-10,104.41999816894531,104.41999816894531,103.33999633789062,103.55999755859375,101.18577575683594,709000
CP.TO,2023-07-11,104.0199966430664,104.4000015258789,102.97000122070312,103.69000244140625,101.31279754638672,862400
CP.TO,2023-07-12,104.13999938964844,105.54000091552734,103.31999969482422,104.69999694824219,102.29962921142578,825600
CP.TO,2023-07-13,105.2300033569336,106.33999633789062,104.62999725341797,105.45999908447266,103.04222106933594,1095500
CP.TO,2023-07-14,106.30000305175781,107.0999984741211,105.83999633789062,106.58999633789062,104.14630126953125,1043400
CP.TO,2023-07-17,106.3499984741211,106.6500015258789,104.9800033569336,105.29000091552734,102.87611389160156,681500
CP.TO,2023-07-18,105.11000061035156,105.93000030517578,104.91999816894531,105.88999938964844,103.46235656738281,1369400
CP.TO,2023-07-19,106.11000061035156,106.75,105.13999938964844,106.33000183105469,103.89228057861328,1378700
CP.TO,2023-07-20,106.47000122070312,107.68000030517578,105.80999755859375,106.0999984741211,103.66753387451172,979900
CP.TO,2023-07-21,106.22000122070312,108.16000366210938,105.5,107.62999725341797,105.1624755859375,1236400
CP.TO,2023-07-24,107.51000213623047,108.47000122070312,107.51000213623047,108.31999969482422,105.83663940429688,823600
CP.TO,2023-07-25,108.19999694824219,109.97000122070312,108.19999694824219,109.08999633789062,106.5889892578125,1315700
CP.TO,2023-07-26,109.37000274658203,111.83000183105469,109.2699966430664,110.88999938964844,108.34772491455078,1695100
CP.TO,2023-07-27,111.48999786376953,112.0,109.6500015258789,109.94000244140625,107.41949462890625,1202500
CP.TO,2023-07-28,110.8499984741211,112.95999908447266,109.80999755859375,109.93000030517578,107.40974426269531,1132500
CP.TO,2023-07-31,109.88999938964844,109.88999938964844,107.83999633789062,108.5,106.01251983642578,1520900
CP.TO,2023-08-01,108.20999908447266,109.06999969482422,107.43000030517578,107.97000122070312,105.49467468261719,834700
CP.TO,2023-08-02,107.33999633789062,107.66999816894531,106.0999984741211,106.83000183105469,104.38079833984375,1480000
CP.TO,2023-08-03,106.37999725341797,108.55000305175781,105.98999786376953,108.05999755859375,105.58260345458984,992400
CP.TO,2023-08-04,108.0,109.69999694824219,107.87999725341797,108.19999694824219,105.71939086914062,1384500
CP.TO,2023-08-08,108.75,109.23999786376953,107.48999786376953,108.30000305175781,105.81710815429688,1121900
CP.TO,2023-08-09,108.44000244140625,109.20999908447266,107.86000061035156,108.9800033569336,106.48151397705078,573000
CP.TO,2023-08-10,109.56999969482422,110.41999816894531,108.4800033569336,108.87000274658203,106.37403106689453,584700
CP.TO,2023-08-11,108.62999725341797,109.61000061035156,108.05000305175781,109.18000030517578,106.67693328857422,513600
CP.TO,2023-08-14,109.08000183105469,109.08999633789062,107.9000015258789,108.2300033569336,105.74871063232422,893800
CP.TO,2023-08-15,107.56999969482422,108.04000091552734,106.18000030517578,106.54000091552734,104.09744262695312,1165500
CP.TO,2023-08-16,106.45999908447266,106.7300033569336,105.87000274658203,106.20999908447266,103.77501678466797,911300
CP.TO,2023-08-17,106.5,106.9800033569336,105.8499984741211,106.2699966430664,103.8336410522461,601400
CP.TO,2023-08-18,106.0,106.72000122070312,105.4000015258789,106.43000030517578,103.98997497558594,633700
CP.TO,2023-08-21,106.5,106.80000305175781,105.6500015258789,106.0,103.56983947753906,764400
CP.TO,2023-08-22,106.26000213623047,106.5999984741211,105.66999816894531,106.02999877929688,103.59915924072266,677400
CP.TO,2023-08-23,106.19999694824219,107.19999694824219,106.08999633789062,107.16000366210938,104.70323944091797,629000
CP.TO,2023-08-24,107.12000274658203,107.16999816894531,105.94000244140625,106.06999969482422,103.63823699951172,1005800
CP.TO,2023-08-25,106.51000213623047,107.20999908447266,105.91999816894531,106.87000274658203,104.41990661621094,599700
CP.TO,2023-08-28,107.45999908447266,108.08999633789062,106.98999786376953,107.13999938964844,104.68370819091797,351800
CP.TO,2023-08-29,107.2300033569336,108.0,106.55000305175781,107.47000122070312,105.00613403320312,803800
CP.TO,2023-08-30,107.63999938964844,108.73999786376953,107.48999786376953,108.45999908447266,105.97342681884766,988300
CP.TO,2023-08-31,108.58999633789062,108.9000015258789,106.95999908447266,107.26000213623047,104.80094909667969,1375800
CP.TO,2023-09-01,107.51000213623047,109.47000122070312,107.19000244140625,109.31999969482422,106.813720703125,1249400
CP.TO,2023-09-05,109.0,109.27999877929688,107.36000061035156,108.26000213623047,105.77803039550781,866000
CP.TO,2023-09-06,108.05000305175781,108.76000213623047,106.31999969482422,106.62999725341797,104.18538665771484,923700
CP.TO,2023-09-07,106.68000030517578,107.52999877929688,105.51000213623047,105.68000030517578,103.25716400146484,1566300
CP.TO,2023-09-08,105.16000366210938,105.76000213623047,103.80000305175781,104.22000122070312,101.83065032958984,904600
CP.TO,2023-09-11,104.30000305175781,106.19000244140625,103.88999938964844,105.26000213623047,102.84679412841797,646200
CP.TO,2023-09-12,105.25,105.58000183105469,104.1500015258789,105.2699966430664,102.85657501220703,612700
CP.TO,2023-09-13,105.05999755859375,106.1500015258789,104.66000366210938,105.69999694824219,103.2767105102539,827100
CP.TO,2023-09-14,106.55000305175781,108.16999816894531,106.12999725341797,107.98999786376953,105.51421356201172,1503200
CP.TO,2023-09-15,107.83999633789062,108.70999908447266,106.81999969482422,108.5199966430664,106.03207397460938,4801600
CP.TO,2023-09-18,108.12999725341797,108.38999938964844,106.31999969482422,106.80999755859375,104.36125946044922,723800
CP.TO,2023-09-19,106.26000213623047,106.70999908447266,104.45999908447266,105.31999969482422,102.90542602539062,938400
CP.TO,2023-09-20,105.8499984741211,106.19999694824219,105.0999984741211,105.62999725341797,103.20831298828125,810400
CP.TO,2023-09-21,105.1500015258789,105.66999816894531,102.91999816894531,102.9800033569336,100.61907958984375,1788100
CP.TO,2023-09-22,103.0,103.5999984741211,102.4000015258789,103.11000061035156,100.74610137939453,754600
CP.TO,2023-09-25,103.0,104.2699966430664,102.5,103.44999694824219,101.07830047607422,740800
CP.TO,2023-09-26,103.01000213623047,103.05000305175781,100.51000213623047,100.69999694824219,98.39132690429688,1324600
CP.TO,2023-09-27,101.05999755859375,101.66999816894531,98.75,99.8499984741211,97.56083679199219,1245000
CP.TO,2023-09-28,99.5,101.54000091552734,99.05000305175781,100.73999786376953,98.61808776855469,910800
CP.TO,2023-09-29,101.7699966430664,102.0,100.77999877929688,100.95999908447266,98.83345031738281,1730800
CP.TO,2023-10-02,100.83000183105469,101.38999938964844,99.0,99.66999816894531,97.57061767578125,1121800
CP.TO,2023-10-03,99.22000122070312,100.83000183105469,98.62000274658203,100.72000122070312,98.5985107421875,879600
CP.TO,2023-10-04,100.80000305175781,101.80000305175781,99.77999877929688,100.41000366210938,98.2950439453125,709400
CP.TO,2023-10-05,100.0,100.86000061035156,99.3499984741211,99.7300033569336,97.62936401367188,774600
CP.TO,2023-10-06,99.4000015258789,100.08999633789062,98.26000213623047,99.54000091552734,97.443359375,696400
CP.TO,2023-10-10,100.2300033569336,100.25,98.8499984741211,98.94999694824219,96.86579132080078,2226200
CP.TO,2023-10-11,99.18000030517578,99.95999908447266,98.52999877929688,99.73999786376953,97.63914489746094,1070900
CP.TO,2023-10-12,99.91000366210938,100.16000366210938,98.62000274658203,99.06999969482422,96.98326110839844,762300
CP.TO,2023-10-13,99.4000015258789,99.94000244140625,97.56999969482422,98.18000030517578,96.11200714111328,755700
CP.TO,2023-10-16,98.80000305175781,99.9000015258789,98.18000030517578,99.0999984741211,97.01262664794922,707100
CP.TO,2023-10-17,98.66999816894531,99.16999816894531,98.18000030517578,98.68000030517578,96.6014633178711,905600
CP.TO,2023-10-18,97.88999938964844,98.5,97.26000213623047,97.26000213623047,95.21138763427734,1392400
CP.TO,2023-10-19,97.9800033569336,98.75,97.33000183105469,97.77999877929688,95.7204360961914,1410000
CP.TO,2023-10-20,97.44000244140625,97.87999725341797,96.5199966430664,97.5999984741211,95.54421997070312,1643600
CP.TO,2023-10-23,97.01000213623047,97.51000213623047,96.33999633789062,96.58000183105469,94.54571533203125,761200
CP.TO,2023-10-24,97.06999969482422,97.2300033569336,94.94000244140625,95.33999633789062,93.33182525634766,948800
CP.TO,2023-10-25,95.01000213623047,97.77999877929688,95.01000213623047,96.19999694824219,94.1737060546875,1259100
CP.TO,2023-10-26,97.0,99.41999816894531,95.5999984741211,96.4800033569336,94.44782257080078,1629300
CP.TO,2023-10-27,96.45999908447266,97.37000274658203,95.87999725341797,96.5,94.46739196777344,900500
CP.TO,2023-10-30,96.98999786376953,98.45999908447266,96.68000030517578,98.19999694824219,96.13157653808594,833400
CP.TO,2023-10-31,98.75,99.11000061035156,97.41999816894531,98.45999908447266,96.3861083984375,1148400
CP.TO,2023-11-01,98.54000091552734,99.4800033569336,98.08000183105469,99.31999969482422,97.2280044555664,581600
CP.TO,2023-11-02,99.73999786376953,101.38999938964844,99.4800033569336,100.80000305175781,98.67683410644531,594700
CP.TO,2023-11-03,101.11000061035156,101.72000122070312,100.41999816894531,101.55000305175781,99.4110336303711,626200
CP.TO,2023-11-06,101.75,102.2699966430664,100.5,101.79000091552734,99.6459732055664,448600
CP.TO,2023-11-07,101.66000366210938,101.75,100.66000366210938,101.13999938964844,99.00965881347656,560700
CP.TO,2023-11-08,101.41999816894531,102.19999694824219,101.16999816894531,101.77999877929688,99.63618469238281,463400
CP.TO,2023-11-09,101.94999694824219,102.4800033569336,100.47000122070312,100.55000305175781,98.43208312988281,750300
CP.TO,2023-11-10,100.51000213623047,100.7699966430664,96.5999984741211,97.54000091552734,95.48548126220703,1555200
CP.TO,2023-11-13,97.6500015258789,97.6500015258789,95.4800033569336,95.88999938964844,93.87025451660156,1721300
CP.TO,2023-11-14,96.8499984741211,97.83999633789062,96.5,97.06999969482422,95.025390625,2405800
CP.TO,2023-11-15,97.4800033569336,98.2699966430664,96.93000030517578,97.87000274658203,95.80854034423828,1999000
CP.TO,2023-11-16,97.80000305175781,98.83000183105469,97.72000122070312,98.62000274658203,96.5427474975586,858100
CP.TO,2023-11-17,99.05999755859375,99.7300033569336,97.69999694824219,98.38999938964844,96.31758880615234,836300
CP.TO,2023-11-20,98.37000274658203,98.80999755859375,97.80000305175781,98.12999725341797,96.06306457519531,1036200
CP.TO,2023-11-21,98.16000366210938,98.47000122070312,97.05000305175781,97.20999908447266,95.16243743896484,1048800
CP.TO,2023-11-22,97.41999816894531,98.0999984741211,97.08999633789062,97.22000122070312,95.1722412109375,771800
CP.TO,2023-11-23,97.0,98.08999633789062,97.0,98.0,95.93579864501953,209000
CP.TO,2023-11-24,97.48999786376953,98.43000030517578,97.44000244140625,97.80999755859375,95.74979400634766,845000
CP.TO,2023-11-27,96.9000015258789,98.12000274658203,94.44999694824219,94.8499984741211,92.85215759277344,1792800
CP.TO,2023-11-28,94.68000030517578,96.33999633789062,94.68000030517578,95.33000183105469,93.32203674316406,1267300
CP.TO,2023-11-29,95.79000091552734,97.12999725341797,95.37000274658203,96.94999694824219,94.90790557861328,1193200
CP.TO,2023-11-30,97.37000274658203,97.87999725341797,96.58000183105469,97.69000244140625,95.63232421875,4162400
CP.TO,2023-12-01,97.69999694824219,101.16999816894531,97.5,100.98999786376953,98.86282348632812,1300900
CP.TO,2023-12-04,100.69999694824219,101.70999908447266,100.55000305175781,101.0199966430664,98.89217376708984,978500
CP.TO,2023-12-05,100.79000091552734,101.0,99.8499984741211,99.87000274658203,97.76641082763672,952100
CP.TO,2023-12-06,100.9000015258789,101.11000061035156,100.16999816894531,100.55000305175781,98.43208312988281,919000
CP.TO,2023-12-07,100.66999816894531,100.9000015258789,99.48999786376953,99.63999938964844,97.54125213623047,1009700
CP.TO,2023-12-08,99.6500015258789,100.79000091552734,98.97000122070312,99.05999755859375,96.97346496582031,795200
CP.TO,2023-12-11,98.86000061035156,99.5999984741211,97.93000030517578,99.13999938964844,97.0517807006836,969500
CP.TO,2023-12-12,99.41000366210938,100.6500015258789,99.33000183105469,100.44999694824219,98.33419036865234,1744700
CP.TO,2023-12-13,100.0999984741211,101.25,98.87000274658203,101.16999816894531,99.03902435302734,2185000
CP.TO,2023-12-14,102.0,103.2699966430664,101.62999725341797,103.0,100.83049774169922,2213600
CP.TO,2023-12-15,102.81999969482422,103.30999755859375,101.44000244140625,101.5999984741211,99.45996856689453,5907500
CP.TO,2023-12-18,101.88999938964844,102.44000244140625,101.26000213623047,102.02999877929688,99.88090515136719,908200
CP.TO,2023-12-19,102.3499984741211,103.79000091552734,102.23999786376953,103.66000366210938,101.4765853881836,1588100
CP.TO,2023-12-20,103.41000366210938,104.75,102.88999938964844,103.23999786376953,101.06542205810547,1152300
CP.TO,2023-12-21,103.76000213623047,105.25,103.37000274658203,105.06999969482422,102.85688018798828,1468600
CP.TO,2023-12-22,105.4000015258789,106.44999694824219,105.06999969482422,105.41000366210938,103.1897201538086,917100
CP.TO,2023-12-27,104.70999908447266,105.62999725341797,104.70999908447266,105.3499984741211,103.1309814453125,927700
CP.TO,2023-12-28,105.33999633789062,105.62999725341797,104.72000122070312,104.91000366210938,102.88581085205078,1044200
CP.TO,2023-12-29,105.11000061035156,105.11000061035156,104.30000305175781,104.83999633789062,102.81714630126953,1024000
CP.TO,2024-01-02,104.38999938964844,106.20999908447266,104.26000213623047,105.41000366210938,103.37615966796875,1103300
CP.TO,2024-01-03,104.94999694824219,106.0,104.4000015258789,105.37999725341797,103.34673309326172,969200
CP.TO,2024-01-04,105.5,106.72000122070312,105.30999755859375,105.98999786376953,103.94496154785156,1143200
CP.TO,2024-01-05,105.80999755859375,106.66999816894531,104.95999908447266,105.13999938964844,103.11135864257812,990100
CP.TO,2024-01-08,104.48999786376953,105.68000030517578,104.06999969482422,105.37000274658203,103.33694458007812,1198600
CP.TO,2024-01-09,105.11000061035156,106.19999694824219,104.51000213623047,105.1500015258789,103.12117004394531,1267000
CP.TO,2024-01-10,104.81999969482422,106.58000183105469,104.6500015258789,105.58000183105469,103.54289245605469,1188900
CP.TO,2024-01-11,105.0,105.2300033569336,102.7300033569336,103.2699966430664,101.27745819091797,1267700
CP.TO,2024-01-12,103.33000183105469,104.16000366210938,102.5,103.80999755859375,101.8070297241211,1718400
CP.TO,2024-01-15,103.30999755859375,104.4000015258789,103.19000244140625,104.01000213623047,102.003173828125,202900
CP.TO,2024-01-16,103.83000183105469,104.80000305175781,102.80000305175781,104.44000244140625,102.42488098144531,1207500
CP.TO,2024-01-17,104.16000366210938,104.31999969482422,101.95999908447266,102.66999816894531,100.68903350830078,1414900
CP.TO,2024-01-18,102.68000030517578,104.30000305175781,102.66999816894531,104.22000122070312,102.20912170410156,891400
CP.TO,2024-01-19,105.0,105.75,103.72000122070312,105.44999694824219,103.4153823852539,995000
CP.TO,2024-01-22,105.9000015258789,106.19000244140625,105.16999816894531,105.4000015258789,103.36634826660156,936000
CP.TO,2024-01-23,105.68000030517578,106.05000305175781,104.80999755859375,105.08999633789062,103.06233978271484,1072700
CP.TO,2024-01-24,105.70999908447266,106.19000244140625,104.94000244140625,105.44000244140625,103.40558624267578,948000
CP.TO,2024-01-25,106.01000213623047,106.25,105.01000213623047,106.13999938964844,104.09207916259766,757000
CP.TO,2024-01-26,106.5,106.80999755859375,105.31999969482422,105.6500015258789,103.61153411865234,864400
CP.TO,2024-01-29,105.6500015258789,106.25,105.11000061035156,106.22000122070312,104.17051696777344,820100
CP.TO,2024-01-30,106.06999969482422,106.55999755859375,105.18000030517578,106.37000274658203,104.31764221191406,765600
CP.TO,2024-01-31,106.98999786376953,109.5999984741211,106.87999725341797,108.19000244140625,106.10252380371094,2273000
CP.TO,2024-02-01,108.7300033569336,111.55999755859375,108.41000366210938,111.37000274658203,109.2211685180664,1638300
CP.TO,2024-02-02,111.12000274658203,112.2699966430664,110.30000305175781,112.08999633789062,109.92726135253906,921200
CP.TO,2024-02-05,111.37999725341797,112.87999725341797,111.33999633789062,112.33000183105469,110.16265106201172,700400
CP.TO,2024-02-06,112.69999694824219,113.98999786376953,112.52999877929688,113.66999816894531,111.4767837524414,720000
CP.TO,2024-02-07,113.73999786376953,115.12000274658203,113.41999816894531,114.91999816894531,112.7026596069336,990000
CP.TO,2024-02-08,115.70999908447266,115.75,113.9800033569336,115.01000213623047,112.79093170166016,680100
CP.TO,2024-02-09,115.33000183105469,115.54000091552734,114.5999984741211,114.80999755859375,112.59477996826172,1012700
CP.TO,2024-02-12,114.95999908447266,115.08999633789062,112.80000305175781,113.5,111.31006622314453,1582900
CP.TO,2024-02-13,112.48999786376953,113.5,111.86000061035156,112.54000091552734,110.36860656738281,1609200
CP.TO,2024-02-14,113.27999877929688,114.97000122070312,112.9000015258789,114.76000213623047,112.5457534790039,1006200
CP.TO,2024-02-15,115.04000091552734,115.62000274658203,114.08000183105469,115.41999816894531,113.1930160522461,983900
CP.TO,2024-02-16,115.5199966430664,116.30000305175781,114.8499984741211,115.19000244140625,112.96746826171875,779400
CP.TO,2024-02-20,115.0199966430664,115.97000122070312,114.23999786376953,114.79000091552734,112.57518005371094,1420100
CP.TO,2024-02-21,115.51000213623047,116.0999984741211,114.33000183105469,115.33000183105469,113.10476684570312,802000
CP.TO,2024-02-22,116.01000213623047,116.80000305175781,115.33999633789062,116.3499984741211,114.10507202148438,992500
CP.TO,2024-02-23,116.3499984741211,117.19000244140625,116.29000091552734,116.83000183105469,114.57582092285156,1338000
CP.TO,2024-02-26,116.9000015258789,117.4800033569336,116.44999694824219,116.91000366210938,114.6542739868164,612600
CP.TO,2024-02-27,117.22000122070312,117.2300033569336,116.19000244140625,116.4800033569336,114.2325668334961,633900
CP.TO,2024-02-28,116.08000183105469,116.45999908447266,115.1500015258789,115.29000091552734,113.06554412841797,840900
CP.TO,2024-02-29,115.33000183105469,116.06999969482422,115.0,115.2300033569336,113.0066909790039,2122800
CP.TO,2024-03-01,115.33999633789062,117.16000366210938,115.33999633789062,116.9800033569336,114.72293090820312,913500
CP.TO,2024-03-04,116.70999908447266,117.5,116.20999908447266,117.06999969482422,114.81118774414062,828100
CP.TO,2024-03-05,117.31999969482422,118.20999908447266,117.19000244140625,117.37000274658203,115.10540008544922,1513300
CP.TO,2024-03-06,118.1500015258789,119.73999786376953,118.13999938964844,118.44999694824219,116.16454315185547,1418400
CP.TO,2024-03-07,118.98999786376953,121.4000015258789,118.97000122070312,121.06999969482422,118.73402404785156,1232500
CP.TO,2024-03-08,121.56999969482422,122.45999908447266,120.93000030517578,121.08000183105469,118.74382019042969,835200
CP.TO,2024-03-11,120.87999725341797,121.33000183105469,120.19999694824219,120.83000183105469,118.4986343383789,1175300
CP.TO,2024-03-12,120.95999908447266,122.29000091552734,120.4000015258789,122.19999694824219,119.84219360351562,1264500
CP.TO,2024-03-13,122.18000030517578,123.37000274658203,122.18000030517578,123.12999725341797,120.75425720214844,1384400
CP.TO,2024-03-14,123.12999725341797,123.19999694824219,120.58999633789062,121.41999816894531,119.0772476196289,1212400
CP.TO,2024-03-15,120.7699966430664,122.18000030517578,120.75,121.45999908447266,119.11648559570312,5935400
CP.TO,2024-03-18,121.72000122070312,122.05999755859375,121.0,121.5999984741211,119.25377655029297,1075100
CP.TO,2024-03-19,121.77999877929688,121.95999908447266,118.5,119.22000122070312,116.91970825195312,1098900
CP.TO,2024-03-20,119.41000366210938,121.01000213623047,118.58000183105469,120.91999816894531,118.58689880371094,712600
CP.TO,2024-03-21,121.48999786376953,122.63999938964844,121.0,121.76000213623047,119.41069793701172,1181000
CP.TO,2024-03-22,122.36000061035156,122.83000183105469,121.1500015258789,121.5199966430664,119.17532348632812,752800
CP.TO,2024-03-25,120.0,120.43000030517578,118.62999725341797,118.72000122070312,116.42935180664062,1875700
CP.TO,2024-03-26,118.80000305175781,119.55000305175781,118.06999969482422,118.56999969482422,116.2822494506836,1225000
CP.TO,2024-03-27,119.05999755859375,120.20999908447266,118.44999694824219,120.08000183105469,117.9521255493164,1704100
CP.TO,2024-03-28,120.08999633789062,120.4000015258789,118.76000213623047,119.43000030517578,117.31364440917969,2537500
CP.TO,2024-04-01,119.43000030517578,119.5999984741211,118.30999755859375,119.30000305175781,117.18594360351562,964200
CP.TO,2024-04-02,118.58999633789062,118.97000122070312,117.5999984741211,118.08000183105469,115.98755645751953,1630900
CP.TO,2024-04-03,118.30000305175781,119.08000183105469,117.94999694824219,118.55000305175781,116.44922637939453,647000
CP.TO,2024-04-04,118.9000015258789,119.62000274658203,117.06999969482422,117.81999969482422,115.73217010498047,566900
CP.TO,2024-04-05,118.08000183105469,119.41999816894531,117.93000030517578,118.87000274658203,116.76356506347656,557500
CP.TO,2024-04-08,119.61000061035156,120.29000091552734,119.44999694824219,120.02999877929688,117.90301513671875,475800
CP.TO,2024-04-09,120.19999694824219,121.12999725341797,119.55000305175781,121.08999633789062,118.94422912597656,1207800
CP.TO,2024-04-10,120.01000213623047,121.3499984741211,119.0,120.47000122070312,118.335205078125,929000
CP.TO,2024-04-11,120.68000030517578,120.80000305175781,117.7300033569336,118.56999969482422,116.4688720703125,975800
CP.TO,2024-04-12,118.91999816894531,119.02999877929688,117.5,118.55000305175781,116.44922637939453,804500
CP.TO,2024-04-15,119.5999984741211,120.13999938964844,117.16999816894531,117.87000274658203,115.78128051757812,920200
CP.TO,2024-04-16,117.47000122070312,117.76000213623047,116.26000213623047,116.44000244140625,114.37661743164062,1109100
CP.TO,2024-04-17,117.08999633789062,117.20999908447266,114.47000122070312,115.56999969482422,113.52204132080078,1015400
CP.TO,2024-04-18,116.2300033569336,116.58999633789062,114.7699966430664,115.58999633789062,113.54167938232422,1148900
CP.TO,2024-04-19,115.37999725341797,116.69999694824219,115.37999725341797,116.41000366210938,114.34716033935547,1171100
CP.TO,2024-04-22,116.54000091552734,118.79000091552734,116.54000091552734,118.41000366210938,116.31171417236328,1351200
CP.TO,2024-04-23,118.51000213623047,120.62000274658203,118.11000061035156,119.7699966430664,117.6476058959961,1980000
CP.TO,2024-04-24,119.5999984741211,119.5999984741211,111.94999694824219,112.2300033569336,110.24121856689453,3030600
CP.TO,2024-04-25,111.0,113.16000366210938,109.27999877929688,112.13999938964844,110.15282440185547,1623600
CP.TO,2024-04-26,111.83999633789062,112.43000030517578,111.5,111.62999725341797,109.65185546875,1075700
CP.TO,2024-04-29,112.0,112.20999908447266,110.12999725341797,110.5,108.54188537597656,3728800
CP.TO,2024-04-30,110.30999755859375,110.5,107.94999694824219,108.0,106.08618927001953,2321000
CP.TO,2024-05-01,107.3499984741211,108.12000274658203,106.01000213623047,106.76000213623047,104.86815643310547,2213800
CP.TO,2024-05-02,107.63999938964844,109.05999755859375,107.13999938964844,108.8499984741211,106.92111206054688,1681700
CP.TO,2024-05-03,109.44999694824219,110.1500015258789,108.62000274658203,109.08999633789062,107.15687561035156,530700
CP.TO,2024-05-06,109.61000061035156,111.66999816894531,109.31999969482422,111.43000030517578,109.45539855957031,943500
CP.TO,2024-05-07,112.0,112.56999969482422,110.98999786376953,111.55999755859375,109.58309936523438,808100
CP.TO,2024-05-08,111.62999725341797,112.7699966430664,111.22000122070312,112.13999938964844,110.15282440185547,1025500
CP.TO,2024-05-09,112.2300033569336,113.9800033569336,112.13999938964844,112.91000366210938,110.9091796875,1066700
CP.TO,2024-05-10,113.54000091552734,114.16999816894531,112.69000244140625,113.33999633789062,111.33155059814453,814900
CP.TO,2024-05-13,113.36000061035156,114.33000183105469,112.06999969482422,112.16999816894531,110.18228149414062,751900
CP.TO,2024-05-14,112.19000244140625,112.75,110.19999694824219,110.94000244140625,108.97408294677734,791100
CP.TO,2024-05-15,111.25,111.63999938964844,109.58000183105469,109.93000030517578,107.98197174072266,1372700
CP.TO,2024-05-16,109.93000030517578,111.3499984741211,109.68000030517578,111.29000091552734,109.31787109375,1265500
CP.TO,2024-05-17,111.37999725341797,112.04000091552734,110.79000091552734,111.66999816894531,109.69114685058594,817900
CP.TO,2024-05-21,112.0199966430664,112.79000091552734,110.6500015258789,110.86000061035156,108.89550018310547,1417100
CP.TO,2024-05-22,110.41000366210938,110.69999694824219,109.36000061035156,109.94999694824219,108.00162506103516,1169900
CP.TO,2024-05-23,110.18000030517578,110.5999984741211,108.51000213623047,108.97000122070312,107.03899383544922,1251700
CP.TO,2024-05-24,109.16999816894531,109.66999816894531,108.4800033569336,109.1500015258789,107.21580505371094,996500
CP.TO,2024-05-27,109.05000305175781,109.98999786376953,108.6500015258789,109.52999877929688,107.58906555175781,303800
CP.TO,2024-05-28,108.79000091552734,108.79000091552734,106.02999877929688,106.12999725341797,104.24931335449219,1358200
CP.TO,2024-05-29,105.4800033569336,106.06999969482422,104.88999938964844,105.0,103.13933563232422,1101400
CP.TO,2024-05-30,105.22000122070312,106.20999908447266,104.91999816894531,106.12000274658203,104.23949432373047,2066900
CP.TO,2024-05-31,105.91000366210938,108.48999786376953,105.75,108.48999786376953,106.5675048828125,2834700
CP.TO,2024-06-03,108.26000213623047,108.69999694824219,105.80999755859375,106.18000030517578,104.29843139648438,1059100
CP.TO,2024-06-04,106.3499984741211,106.3499984741211,104.5999984741211,105.62999725341797,103.7581787109375,1655400
CP.TO,2024-06-05,106.0,106.72000122070312,105.45999908447266,106.69000244140625,104.79939270019531,1144200
CP.TO,2024-06-06,106.58000183105469,107.68000030517578,106.4000015258789,107.2699966430664,105.3691177368164,633000
CP.TO,2024-06-07,107.0,108.16999816894531,106.25,106.29000091552734,104.40648651123047,1055100
CP.TO,2024-06-10,106.01000213623047,106.20999908447266,104.9800033569336,105.62999725341797,103.7581787109375,794900
CP.TO,2024-06-11,104.91999816894531,105.69000244140625,104.75,105.44999694824219,103.58135223388672,946100
CP.TO,2024-06-12,106.47000122070312,107.26000213623047,104.86000061035156,104.97000122070312,103.10987091064453,1376600
CP.TO,2024-06-13,105.0,105.26000213623047,104.0999984741211,104.66999816894531,102.81519317626953,953200
CP.TO,2024-06-14,104.29000091552734,105.72000122070312,103.7300033569336,105.62000274658203,103.74836730957031,1288000
CP.TO,2024-06-17,105.56999969482422,108.05000305175781,104.83999633789062,107.25,105.34945678710938,1767300
CP.TO,2024-06-18,107.73999786376953,108.5,105.69999694824219,106.4800033569336,104.59312438964844,1672800
CP.TO,2024-06-19,106.30999755859375,106.94000244140625,105.12999725341797,105.30999755859375,103.44384765625,763700
CP.TO,2024-06-20,106.88999938964844,108.19999694824219,106.2699966430664,107.7300033569336,105.82097625732422,1706200
CP.TO,2024-06-21,107.58999633789062,108.44000244140625,106.62999725341797,107.73999786376953,105.83079528808594,8973300
CP.TO,2024-06-24,108.36000061035156,109.68000030517578,107.55999755859375,108.9000015258789,106.97023010253906,1654000
CP.TO,2024-06-25,108.9800033569336,108.9800033569336,106.8499984741211,108.19000244140625,106.27281951904297,2665900
CP.TO,2024-06-26,108.05999755859375,109.54000091552734,107.27999877929688,109.18000030517578,107.24526977539062,1915700
CP.TO,2024-06-27,109.30000305175781,109.75,107.69000244140625,108.19000244140625,106.27281951904297,1131200
CP.TO,2024-06-28,108.51000213623047,109.41999816894531,107.6500015258789,107.73999786376953,106.01698303222656,2147500
CP.TO,2024-07-02,107.31999969482422,107.87000274658203,106.41000366210938,107.80000305175781,106.07601165771484,1780900
CP.TO,2024-07-03,108.26000213623047,111.20999908447266,108.26000213623047,110.7699966430664,108.99852752685547,1124000
CP.TO,2024-07-04,110.58000183105469,110.73999786376953,109.97000122070312,110.45999908447266,108.69347381591797,179400
CP.TO,2024-07-05,110.44999694824219,110.69999694824219,109.05000305175781,109.36000061035156,107.61106872558594,1371800
CP.TO,2024-07-08,108.77999877929688,109.36000061035156,108.06999969482422,109.12000274658203,107.3749008178711,1333100
CP.TO,2024-07-09,109.25,109.25,106.7699966430664,106.95999908447266,105.24945068359375,798200
CP.TO,2024-07-10,107.97000122070312,110.66999816894531,107.66999816894531,110.5999984741211,108.83123016357422,1501300
CP.TO,2024-07-11,110.80000305175781,113.83999633789062,110.70999908447266,113.48999786376953,111.67501831054688,936500
CP.TO,2024-07-12,114.1500015258789,114.33999633789062,112.93000030517578,113.62999725341797,111.81278228759766,1157000
CP.TO,2024-07-15,113.70999908447266,114.62000274658203,112.94000244140625,114.22000122070312,112.39335632324219,715900
CP.TO,2024-07-16,114.66999816894531,115.7300033569336,113.26000213623047,115.23999786376953,113.39701843261719,1333200
CP.TO,2024-07-17,114.62000274658203,115.7699966430664,114.23999786376953,114.9000015258789,113.0624771118164,904500
CP.TO,2024-07-18,114.6500015258789,115.4000015258789,113.41000366210938,114.2699966430664,112.44254302978516,1516200
CP.TO,2024-07-19,113.7699966430664,115.13999938964844,113.55999755859375,114.77999877929688,112.94438934326172,652300
CP.TO,2024-07-22,115.33999633789062,116.01000213623047,114.76000213623047,114.98999786376953,113.15103149414062,1227900
CP.TO,2024-07-23,114.86000061035156,115.16999816894531,112.8499984741211,112.9800033569336,111.17317962646484,779600
CP.TO,2024-07-24,112.7699966430664,113.20999908447266,111.7300033569336,111.98999786376953,110.19900512695312,718800
CP.TO,2024-07-25,111.83999633789062,113.23999786376953,111.5999984741211,111.95999908447266,110.16949462890625,667600
CP.TO,2024-07-26,112.79000091552734,114.19000244140625,112.77999877929688,113.79000091552734,111.97020721435547,1499200
CP.TO,2024-07-29,113.80000305175781,115.02999877929688,113.4800033569336,114.05999755859375,112.23590087890625,815400
CP.TO,2024-07-30,113.97000122070312,115.04000091552734,113.36000061035156,113.76000213623047,111.94070434570312,1448000
CP.TO,2024-07-31,117.01000213623047,118.48999786376953,112.86000061035156,115.77999877929688,113.92839813232422,2781100
CP.TO,2024-08-01,116.16000366210938,116.16000366210938,111.30000305175781,111.51000213623047,109.7266845703125,1683900
CP.TO,2024-08-02,109.95999908447266,110.0199966430664,107.0199966430664,109.26000213623047,107.5126724243164,1679500
CP.TO,2024-08-06,106.76000213623047,108.37999725341797,105.83999633789062,106.94000244140625,105.22977447509766,2201300
CP.TO,2024-08-07,108.02999877929688,108.73999786376953,106.36000061035156,106.43000030517578,104.72793579101562,827200
CP.TO,2024-08-08,107.69999694824219,108.04000091552734,107.0199966430664,107.56999969482422,105.84968566894531,599000
CP.TO,2024-08-09,107.52999877929688,107.7699966430664,106.16000366210938,106.8499984741211,105.14120483398438,851800
CP.TO,2024-08-12,107.0,107.0999984741211,105.66000366210938,106.13999938964844,104.44256591796875,1046200
CP.TO,2024-08-13,106.61000061035156,106.61000061035156,105.80000305175781,106.33000183105469,104.62953186035156,893000
CP.TO,2024-08-14,106.37000274658203,107.16999816894531,105.77999877929688,107.05000305175781,105.3380126953125,853400
CP.TO,2024-08-15,108.0,109.73999786376953,107.80999755859375,109.05000305175781,107.3060302734375,884700
CP.TO,2024-08-16,108.58000183105469,109.12000274658203,107.80000305175781,108.16000366210938,106.43026733398438,530200
CP.TO,2024-08-19,108.18000030517578,108.73999786376953,107.77999877929688,108.5999984741211,106.86322784423828,943200
CP.TO,2024-08-20,108.63999938964844,108.9800033569336,107.51000213623047,108.02999877929688,106.30233001708984,836200
CP.TO,2024-08-21,108.0999984741211,109.26000213623047,107.80999755859375,108.5199966430664,106.78450012207031,1311600
CP.TO,2024-08-22,108.30000305175781,109.4800033569336,107.63999938964844,109.43000030517578,107.67994689941406,790300
CP.TO,2024-08-23,110.0,111.9800033569336,109.87000274658203,110.83999633789062,109.06739044189453,1243000
CP.TO,2024-08-26,111.12999725341797,112.13999938964844,110.44999694824219,111.41000366210938,109.62828063964844,895400
CP.TO,2024-08-27,111.05000305175781,112.70999908447266,111.05000305175781,111.86000061035156,110.07109832763672,723200
CP.TO,2024-08-28,111.55999755859375,112.7699966430664,110.5999984741211,111.30000305175781,109.5200424194336,651400
CP.TO,2024-08-29,111.83000183105469,112.06999969482422,110.83000183105469,110.9800033569336,109.2051773071289,585800
CP.TO,2024-08-30,111.02999877929688,112.16000366210938,110.62999725341797,111.87000274658203,110.0809326171875,2284500
CP.TO,2024-09-03,111.2300033569336,113.5999984741211,111.0999984741211,112.9800033569336,111.17317962646484,1541600
CP.TO,2024-09-04,112.6500015258789,114.48999786376953,112.63999938964844,114.11000061035156,112.28509521484375,1175600
CP.TO,2024-09-05,114.26000213623047,114.66999816894531,112.30000305175781,112.80999755859375,111.00588989257812,802300
CP.TO,2024-09-06,113.05999755859375,113.76000213623047,111.77999877929688,112.38999938964844,110.59261322021484,600300
CP.TO,2024-09-09,113.16999816894531,114.91999816894531,112.62000274658203,114.77999877929688,112.94438934326172,1174100
CP.TO,2024-09-10,114.80999755859375,115.23999786376953,113.2300033569336,114.33000183105469,112.5015869140625,1232600
CP.TO,2024-09-11,114.12999725341797,116.94000244140625,112.54000091552734,116.79000091552734,114.92223358154297,1874200
CP.TO,2024-09-12,117.16999816894531,118.0,116.0,117.83000183105469,115.94561767578125,1314700
CP.TO,2024-09-13,118.0,118.44000244140625,117.0999984741211,117.3499984741211,115.47328186035156,1210300
CP.TO,2024-09-16,117.9000015258789,118.72000122070312,116.94999694824219,118.61000061035156,116.713134765625,1462000
CP.TO,2024-09-17,118.80999755859375,119.19999694824219,117.33000183105469,117.79000091552734,115.90625,1561800
CP.TO,2024-09-18,117.7699966430664,117.91000366210938,116.08000183105469,117.11000061035156,115.23713684082031,1083800
CP.TO,2024-09-19,118.43000030517578,119.05000305175781,117.55999755859375,117.8499984741211,115.96530151367188,1380700
CP.TO,2024-09-20,117.0,117.1500015258789,115.62000274658203,116.45999908447266,114.59752655029297,5461300
CP.TO,2024-09-23,115.62999725341797,116.19000244140625,115.04000091552734,115.5999984741211,113.75126647949219,1940200
CP.TO,2024-09-24,115.8499984741211,116.6500015258789,115.44999694824219,116.08999633789062,114.23344421386719,1762600
CP.TO,2024-09-25,116.0999984741211,116.5999984741211,114.70999908447266,114.77999877929688,112.94438934326172,963300
CP.TO,2024-09-26,114.87999725341797,116.0,114.87999725341797,115.45999908447266,113.61351776123047,863100
CP.TO,2024-09-27,115.43000030517578,116.83999633789062,115.22000122070312,115.54000091552734,113.87962341308594,3519800
CP.TO,2024-09-30,115.0,115.87000274658203,114.58000183105469,115.66999816894531,114.00775909423828,2067200
CP.TO,2024-10-01,115.55999755859375,115.77999877929688,113.54000091552734,113.56999969482422,111.93793487548828,1397200
CP.TO,2024-10-02,113.54000091552734,114.27999877929688,112.47000122070312,112.6500015258789,111.03116607666016,919000
CP.TO,2024-10-03,112.51000213623047,112.62000274658203,110.75,111.0,109.40487670898438,911200
CP.TO,2024-10-04,111.18000030517578,112.0,110.91999816894531,111.7699966430664,110.16380310058594,933700
CP.TO,2024-10-07,111.30999755859375,111.83999633789062,110.37000274658203,110.55999755859375,108.97119903564453,950300
CP.TO,2024-10-08,110.54000091552734,110.80999755859375,109.55000305175781,110.01000213623047,108.42910766601562,1333800
CP.TO,2024-10-09,109.94999694824219,110.75,109.31999969482422,110.30000305175781,108.71492767333984,1290700
CP.TO,2024-10-10,110.58999633789062,111.95999908447266,110.11000061035156,111.58999633789062,109.98639678955078,1423300
CP.TO,2024-10-11,111.3499984741211,112.9800033569336,111.3499984741211,112.94000244140625,111.31698608398438,1963400
CP.TO,2024-10-15,112.79000091552734,113.27999877929688,111.73999786376953,112.23999786376953,110.62704467773438,1198200
CP.TO,2024-10-16,112.62000274658203,113.29000091552734,112.2699966430664,112.72000122070312,111.10015869140625,1442500
CP.TO,2024-10-17,112.37000274658203,113.12999725341797,111.52999877929688,112.05000305175781,110.4397964477539,1705300
CP.TO,2024-10-18,112.31999969482422,112.31999969482422,109.91999816894531,110.56999969482422,108.98104858398438,1746200
CP.TO,2024-10-21,110.45999908447266,110.76000213623047,108.7699966430664,108.9800033569336,107.41390228271484,828400
CP.TO,2024-10-22,108.8499984741211,110.13999938964844,108.68000030517578,110.04000091552734,108.45865631103516,1368000
CP.TO,2024-10-23,109.93000030517578,110.87999725341797,108.6500015258789,109.06999969482422,107.50260925292969,950300
CP.TO,2024-10-24,107.66000366210938,110.04000091552734,106.58000183105469,108.76000213623047,107.19705963134766,1524700
CP.TO,2024-10-25,108.9800033569336,109.37000274658203,107.08000183105469,107.18000030517578,105.6397705078125,926600
CP.TO,2024-10-28,107.38999938964844,108.55000305175781,107.05999755859375,108.20999908447266,106.65496826171875,1573600
CP.TO,2024-10-29,108.16999816894531,109.25,108.05999755859375,108.66000366210938,107.09850311279297,1489300
CP.TO,2024-10-30,108.30999755859375,109.11000061035156,108.12999725341797,108.69000244140625,107.1280746459961,1096400
CP.TO,2024-10-31,108.38999938964844,108.48999786376953,107.11000061035156,107.41000366210938,105.86647033691406,1866600
CP.TO,2024-11-01,107.94999694824219,108.37000274658203,106.87000274658203,107.55999755859375,106.01429748535156,644900
CP.TO,2024-11-04,107.19999694824219,108.73999786376953,107.19999694824219,108.61000061035156,107.0492172241211,748400
CP.TO,2024-11-05,108.43000030517578,109.79000091552734,108.19999694824219,109.76000213623047,108.18269348144531,749500
CP.TO,2024-11-06,108.06999969482422,110.5,104.8499984741211,109.44999694824219,107.87714385986328,2315700
CP.TO,2024-11-07,110.58000183105469,110.94000244140625,109.01000213623047,109.27999877929688,107.7095947265625,1252700
CP.TO,2024-11-08,109.41000366210938,109.5199966430664,107.41999816894531,108.04000091552734,106.48741912841797,1481100
CP.TO,2024-11-11,108.77999877929688,109.43000030517578,107.62000274658203,107.80999755859375,106.2607192993164,1390800
CP.TO,2024-11-12,107.72000122070312,108.44000244140625,107.16000366210938,107.25,105.70877075195312,1202700
CP.TO,2024-11-13,107.18000030517578,107.73999786376953,105.9800033569336,106.4800033569336,104.94983673095703,1473600
CP.TO,2024-11-14,106.77999877929688,107.52999877929688,106.37999725341797,106.69999694824219,105.16666412353516,1437600
CP.TO,2024-11-15,106.55999755859375,106.55999755859375,104.12999725341797,104.29000091552734,102.79130554199219,1926300
CP.TO,2024-11-18,104.11000061035156,104.80000305175781,103.41000366210938,103.7300033569336,102.2393569946289,1265700
CP.TO,2024-11-19,102.76000213623047,103.52999877929688,101.76000213623047,103.06999969482422,101.58882904052734,1317400
CP.TO,2024-11-20,103.33000183105469,103.62000274658203,102.18000030517578,102.87999725341797,101.40155792236328,1270400
CP.TO,2024-11-21,102.94999694824219,105.27999877929688,102.44000244140625,105.08000183105469,103.5699462890625,1759000
CP.TO,2024-11-22,105.0199966430664,107.83999633789062,105.0199966430664,107.20999908447266,105.6693344116211,1987300
CP.TO,2024-11-25,108.4800033569336,109.5999984741211,107.66999816894531,107.77999877929688,106.23114776611328,4733700
CP.TO,2024-11-26,106.9000015258789,106.9000015258789,103.5,104.62000274658203,103.1165542602539,2640000
CP.TO,2024-11-27,104.73999786376953,106.11000061035156,104.48999786376953,105.66999816894531,104.1514663696289,1484700
CP.TO,2024-11-28,105.73999786376953,106.55999755859375,105.41999816894531,106.30000305175781,104.77241516113281,368500
CP.TO,2024-11-29,105.86000061035156,107.83000183105469,105.75,107.11000061035156,105.57078552246094,1040000
CP.TO,2024-12-02,107.54000091552734,108.12999725341797,106.75,107.22000122070312,105.67919158935547,1750800
CP.TO,2024-12-03,107.12999725341797,107.25,104.98999786376953,106.37000274658203,104.84141540527344,1203700
CP.TO,2024-12-04,106.55999755859375,108.08999633789062,106.38999938964844,107.36000061035156,105.81719207763672,1334400
CP.TO,2024-12-05,107.5,107.75,106.80999755859375,107.12999725341797,105.59048461914062,974400
CP.TO,2024-12-06,107.30000305175781,108.01000213623047,106.44999694824219,106.61000061035156,105.07794952392578,926800
CP.TO,2024-12-09,106.27999877929688,108.19000244140625,106.27999877929688,107.0999984741211,105.56092071533203,1589400
CP.TO,2024-12-10,107.11000061035156,107.51000213623047,106.58999633789062,107.12999725341797,105.59048461914062,1084600
CP.TO,2024-12-11,107.47000122070312,108.4800033569336,106.7300033569336,107.83000183105469,106.28043365478516,1715100
CP.TO,2024-12-12,107.7300033569336,107.76000213623047,105.22000122070312,106.19999694824219,104.6738510131836,1545400
CP.TO,2024-12-13,106.05000305175781,107.02999877929688,105.79000091552734,105.88999938964844,104.36831665039062,1292500
CP.TO,2024-12-16,105.4000015258789,106.33000183105469,105.4000015258789,105.69000244140625,104.17118072509766,1227000
CP.TO,2024-12-17,105.4000015258789,106.19999694824219,104.88999938964844,105.19000244140625,103.6783676147461,1641000
CP.TO,2024-12-18,105.04000091552734,106.54000091552734,105.0,105.43000030517578,103.9149169921875,1608500
CP.TO,2024-12-19,105.19000244140625,105.68000030517578,102.12000274658203,102.25,100.7806167602539,1762900
CP.TO,2024-12-20,102.0,104.5,101.81999969482422,103.80000305175781,102.30834197998047,4483500
CP.TO,2024-12-23,103.62000274658203,105.22000122070312,103.58000183105469,105.12999725341797,103.61921691894531,1908100
CP.TO,2024-12-24,105.62999725341797,105.62999725341797,104.37999725341797,105.62999725341797,104.1120376586914,853300
CP.TO,2024-12-27,104.8499984741211,105.7300033569336,104.3499984741211,104.58000183105469,103.26287078857422,681600
CP.TO,2024-12-30,103.6500015258789,103.87000274658203,102.68000030517578,103.29000091552734,101.98912811279297,1181800
CP.TO,2024-12-31,103.48999786376953,104.37999725341797,103.4800033569336,104.08000183105469,102.76917266845703,561600
CP.TO,2025-01-02,104.83000183105469,106.93000030517578,104.77999877929688,106.11000061035156,104.77359771728516,1483600
CP.TO,2025-01-03,106.41000366210938,107.0999984741211,105.93000030517578,106.79000091552734,105.44503784179688,1111000
CP.TO,2025-01-06,108.0,109.94999694824219,107.44000244140625,109.41000366210938,108.03205108642578,1927200
CP.TO,2025-01-07,110.0,111.08000183105469,109.44000244140625,110.80000305175781,109.40454864501953,1360700
CP.TO,2025-01-08,112.0,112.31999969482422,109.08999633789062,109.62999725341797,108.249267578125,1390400
CP.TO,2025-01-09,109.37999725341797,110.0,108.36000061035156,108.48999786376953,107.1236343383789,454500
CP.TO,2025-01-10,108.16000366210938,109.0999984741211,107.6500015258789,107.86000061035156,106.50155639648438,1893700
CP.TO,2025-01-13,106.75,107.91999816894531,106.0,106.19000244140625,104.85260009765625,1533100
CP.TO,2025-01-14,106.66000366210938,107.56999969482422,106.08999633789062,106.55000305175781,105.20806884765625,859600
CP.TO,2025-01-15,108.38999938964844,108.47000122070312,106.33000183105469,106.38999938964844,105.0500717163086,883800
CP.TO,2025-01-16,106.63999938964844,107.44999694824219,105.91000366210938,107.30000305175781,105.94862365722656,1462100
CP.TO,2025-01-17,107.63999938964844,108.91999816894531,107.3499984741211,108.2699966430664,106.90640258789062,2259300
CP.TO,2025-01-20,108.58999633789062,111.5,108.4000015258789,109.9800033569336,108.5948715209961,760000
CP.TO,2025-01-21,109.0999984741211,111.83000183105469,108.83999633789062,111.4000015258789,109.99698638916016,1456700
CP.TO,2025-01-22,111.66999816894531,113.29000091552734,111.16000366210938,112.83999633789062,111.41883850097656,1465200
CP.TO,2025-01-23,113.69000244140625,115.23999786376953,113.20999908447266,115.05000305175781,113.60101318359375,1105900
CP.TO,2025-01-24,114.66999816894531,114.79000091552734,113.94999694824219,114.48999786376953,113.04805755615234,1469400
CP.TO,2025-01-27,114.13999938964844,116.7699966430664,114.13999938964844,115.94999694824219,114.48966979980469,1325700
CP.TO,2025-01-28,115.69999694824219,116.26000213623047,113.58000183105469,114.0199966430664,112.58397674560547,1314900
CP.TO,2025-01-29,114.08999633789062,114.87000274658203,112.86000061035156,113.63999938964844,112.20877075195312,1260200
CP.TO,2025-01-30,116.22000122070312,118.80000305175781,114.31999969482422,115.62000274658203,114.16383361816406,2024300
CP.TO,2025-01-31,115.80000305175781,117.37000274658203,113.87000274658203,115.5,114.04534149169922,2473300
CP.TO,2025-02-03,103.94999694824219,112.9000015258789,103.94999694824219,108.9000015258789,107.5284652709961,4238100
CP.TO,2025-02-04,109.55000305175781,112.16000366210938,109.55000305175781,110.27999877929688,108.89108276367188,1732300
CP.TO,2025-02-05,110.5,112.02999877929688,110.11000061035156,111.87000274658203,110.4610595703125,1506700
CP.TO,2025-02-06,112.20999908447266,112.66000366210938,111.12999725341797,112.01000213623047,110.59930419921875,1555000
CP.TO,2025-02-07,112.31999969482422,112.4000015258789,109.72000122070312,110.19999694824219,108.81209564208984,1624800
CP.TO,2025-02-10,110.20999908447266,111.81999969482422,110.20999908447266,111.75,110.34255981445312,1160500
CP.TO,2025-02-11,111.27999877929688,112.7300033569336,111.18000030517578,111.98999786376953,110.57955169677734,1280300
CP.TO,2025-02-12,110.0,111.77999877929688,109.68000030517578,111.18000030517578,109.77975463867188,1148400
CP.TO,2025-02-13,111.98999786376953,111.98999786376953,110.47000122070312,110.97000122070312,109.57240295410156,1172800
CP.TO,2025-02-14,111.47000122070312,111.72000122070312,109.7699966430664,109.87999725341797,108.49612426757812,1399100
CP.TO,2025-02-18,110.02999877929688,112.7300033569336,110.02999877929688,112.5199966430664,111.10286712646484,1581500
CP.TO,2025-02-19,112.22000122070312,112.41999816894531,111.19000244140625,111.37999725341797,109.97722625732422,1401300
CP.TO,2025-02-20,111.30999755859375,111.30999755859375,110.2699966430664,110.55999755859375,109.16755676269531,1661600
CP.TO,2025-02-21,110.16999816894531,110.76000213623047,109.83000183105469,110.12000274658203,108.73310852050781,1185000
CP.TO,2025-02-24,110.0,110.80000305175781,108.69999694824219,108.83999633789062,107.46922302246094,894000
CP.TO,2025-02-25,109.41999816894531,111.5,109.3499984741211,110.87000274658203,109.47366333007812,1455000
CP.TO,2025-02-26,111.19000244140625,111.5,110.25,111.44000244140625,110.03649139404297,732800
CP.TO,2025-02-27,111.48999786376953,112.63999938964844,110.30999755859375,110.44000244140625,109.04907989501953,795400
CP.TO,2025-02-28,110.44000244140625,112.72000122070312,110.01000213623047,112.69000244140625,111.27073669433594,2835800
CP.TO,2025-03-03,113.05999755859375,114.62000274658203,109.2699966430664,109.9800033569336,108.5948715209961,1299600
CP.TO,2025-03-04,108.0,109.12999725341797,106.1500015258789,107.48999786376953,106.13622283935547,1408300
CP.TO,2025-03-05,108.05999755859375,110.33999633789062,108.05999755859375,110.16999816894531,108.782470703125,1408600
CP.TO,2025-03-06,109.0,112.62000274658203,108.45999908447266,112.11000061035156,110.69804382324219,1909700
CP.TO,2025-03-07,111.73999786376953,112.55999755859375,109.7699966430664,111.58999633789062,110.18457794189453,2263400
CP.TO,2025-03-10,109.73999786376953,110.19999694824219,106.98999786376953,107.31999969482422,105.96836853027344,2349300
CP.TO,2025-03-11,106.56999969482422,107.47000122070312,103.58000183105469,105.37000274658203,104.04293060302734,3154900
CP.TO,2025-03-12,105.16999816894531,106.94999694824219,104.75,106.5199966430664,105.17843627929688,1151600
CP.TO,2025-03-13,106.05000305175781,107.13999938964844,104.95999908447266,105.08000183105469,103.75658416748047,1603700
CP.TO,2025-03-14,104.9800033569336,108.26000213623047,104.91000366210938,108.08999633789062,106.72866821289062,1212400
CP.TO,2025-03-17,107.81999969482422,107.94999694824219,106.66999816894531,107.54000091552734,106.18559265136719,1037900
CP.TO,2025-03-18,107.05999755859375,107.48999786376953,105.05000305175781,106.30999755859375,104.9710922241211,1845900
CP.TO,2025-03-19,106.44000244140625,106.95999908447266,105.66999816894531,106.38999938964844,105.0500717163086,1440800
CP.TO,2025-03-20,105.29000091552734,106.9000015258789,105.12000274658203,105.37000274658203,104.04293060302734,1705700
CP.TO,2025-03-21,105.0,105.6500015258789,103.0199966430664,103.20999908447266,101.9101333618164,5081500
CP.TO,2025-03-24,104.30999755859375,105.37000274658203,103.87000274658203,104.97000122070312,103.64796447753906,2309100
CP.TO,2025-03-25,104.88999938964844,105.36000061035156,103.1500015258789,103.4000015258789,102.09774017333984,2223500
CP.TO,2025-03-26,103.4800033569336,105.08000183105469,103.2699966430664,104.72000122070312,103.40111541748047,1171800
CP.TO,2025-03-27,104.08999633789062,104.80999755859375,101.76000213623047,102.5999984741211,101.30780029296875,1928100
CP.TO,2025-03-28,101.30000305175781,102.22000122070312,99.19999694824219,99.4000015258789,98.33021545410156,2160900
CP.TO,2025-03-31,98.26000213623047,101.69999694824219,97.5199966430664,100.98999786376953,99.9030990600586,2162300
CP.TO,2025-04-01,100.66999816894531,102.1500015258789,99.86000061035156,101.70999908447266,100.61534118652344,1255500
CP.TO,2025-04-02,100.48999786376953,104.08000183105469,100.05000305175781,103.83999633789062,102.72240447998047,1516900
CP.TO,2025-04-03,100.81999969482422,103.7699966430664,98.70999908447266,99.22000122070312,98.15215301513672,2144700
CP.TO,2025-04-04,97.43000030517578,101.47000122070312,96.80000305175781,99.86000061035156,98.78526306152344,2506200
CP.TO,2025-04-07,97.0,100.54000091552734,94.87999725341797,97.68000030517578,96.62872314453125,3111700
CP.TO,2025-04-08,100.12000274658203,100.37000274658203,94.73999786376953,95.69999694824219,94.67002868652344,4068700
CP.TO,2025-04-09,94.5999984741211,103.62999725341797,94.5999984741211,103.25,102.13876342773438,2786500
CP.TO,2025-04-10,102.33999633789062,102.4000015258789,98.16999816894531,99.4800033569336,98.40935516357422,2158100
CP.TO,2025-04-11,99.54000091552734,102.45999908447266,99.22000122070312,102.16999816894531,101.07039642333984,1797700
CP.TO,2025-04-14,102.18000030517578,102.95999908447266,101.26000213623047,102.61000061035156,101.50566864013672,1225200
CP.TO,2025-04-15,102.5199966430664,103.86000061035156,102.44000244140625,102.93000030517578,101.82221984863281,1620100
CP.TO,2025-04-16,102.05999755859375,102.37000274658203,100.0999984741211,101.16000366210938,100.07127380371094,1256900
CP.TO,2025-04-17,101.25,103.73999786376953,101.16000366210938,103.16000366210938,102.04974365234375,1275600
CP.TO,2025-04-21,102.5199966430664,102.98999786376953,100.5999984741211,101.18000030517578,100.09104919433594,1312000
CP.TO,2025-04-22,102.12000274658203,102.30999755859375,100.5199966430664,100.72000122070312,99.6360092163086,1745200
CP.TO,2025-04-23,102.47000122070312,103.33000183105469,101.19999694824219,101.27999877929688,100.1899642944336,1684800
CP.TO,2025-04-24,101.08999633789062,101.44999694824219,100.20999908447266,101.23999786376953,100.15039825439453,1600800
CP.TO,2025-04-25,100.91999816894531,101.33000183105469,99.69000244140625,100.44999694824219,99.36890411376953,1222600
CP.TO,2025-04-28,100.56999969482422,100.83999633789062,98.9800033569336,99.25,98.18182373046875,1230100
CP.TO,2025-04-29,99.31999969482422,99.79000091552734,98.7300033569336,99.63999938964844,98.567626953125,1328400
CP.TO,2025-04-30,99.08999633789062,100.12999725341797,98.44000244140625,100.12999725341797,99.0523452758789,2292200
CP.TO,2025-05-01,101.0,101.55000305175781,99.37999725341797,100.66000366210938,99.57665252685547,1545100
CP.TO,2025-05-02,102.16000366210938,103.7699966430664,101.63999938964844,103.52999877929688,102.41576385498047,1964300
CP.TO,2025-05-05,103.08999633789062,103.7300033569336,102.06999969482422,102.16000366210938,101.06050872802734,781000
CP.TO,2025-05-06,101.0,102.48999786376953,100.94999694824219,101.19000244140625,100.10094451904297,1312700
CP.TO,2025-05-07,101.51000213623047,102.30000305175781,101.22000122070312,102.18000030517578,101.0802993774414,1800100
CP.TO,2025-05-08,102.51000213623047,103.5999984741211,101.95999908447266,102.63999938964844,101.53533172607422,2360800
CP.TO,2025-05-09,102.63999938964844,103.19999694824219,102.12000274658203,102.19000244140625,101.0901870727539,1216300
CP.TO,2025-05-12,105.0,107.79000091552734,105.0,107.12999725341797,105.97700500488281,2472000
CP.TO,2025-05-13,107.54000091552734,109.95999908447266,107.12999725341797,109.45999908447266,108.28193664550781,2093500
CP.TO,2025-05-14,110.27999877929688,114.05000305175781,110.2300033569336,113.63999938964844,112.41695404052734,2431600
CP.TO,2025-05-15,113.77999877929688,115.19999694824219,113.55000305175781,113.77999877929688,112.55543518066406,1817000
CP.TO,2025-05-16,113.87999725341797,114.69999694824219,112.93000030517578,114.0,112.77307891845703,1107200
CP.TO,2025-05-20,113.75,114.73999786376953,113.38999938964844,114.04000091552734,112.81265258789062,796500
CP.TO,2025-05-21,112.94999694824219,113.7300033569336,111.83000183105469,112.31999969482422,111.11115264892578,1536400
CP.TO,2025-05-22,112.04000091552734,112.20999908447266,111.2699966430664,111.47000122070312,110.27030944824219,1275500
CP.TO,2025-05-23,110.06999969482422,111.02999877929688,109.93000030517578,109.9800033569336,108.79634857177734,1227100
CP.TO,2025-05-26,110.54000091552734,112.16000366210938,110.54000091552734,111.55999755859375,110.35933685302734,990800
CP.TO,2025-05-27,110.94999694824219,112.27999877929688,110.94999694824219,111.44999694824219,110.25051879882812,1827800
CP.TO,2025-05-28,111.25,112.75,111.25,111.76000213623047,110.55718231201172,1174300
CP.TO,2025-05-29,112.44999694824219,112.69000244140625,111.31999969482422,112.08999633789062,110.88362884521484,905500
CP.TO,2025-05-30,111.7300033569336,112.86000061035156,111.7300033569336,112.08999633789062,110.88362884521484,2891900
CP.TO,2025-06-02,109.86000061035156,111.95999908447266,109.79000091552734,111.54000091552734,110.33955383300781,1068900
CP.TO,2025-06-03,111.26000213623047,113.38999938964844,111.11000061035156,112.76000213623047,111.54642486572266,1047300
CP.TO,2025-06-04,112.70999908447266,113.12000274658203,112.18000030517578,112.22000122070312,111.01223754882812,1294600
CP.TO,2025-06-05,112.9800033569336,113.30999755859375,111.63999938964844,111.9000015258789,110.6956787109375,830200
CP.TO,2025-06-06,113.23999786376953,113.58000183105469,111.88999938964844,112.19000244140625,110.98255920410156,1286900
CP.TO,2025-06-09,112.16999816894531,112.41999816894531,111.31999969482422,111.77999877929688,110.57697296142578,1141500
CP.TO,2025-06-10,111.88999938964844,112.69999694824219,110.16999816894531,111.13999938964844,109.94384765625,1189400
CP.TO,2025-06-11,111.48999786376953,111.7300033569336,109.55999755859375,110.41000366210938,109.22171783447266,975200
CP.TO,2025-06-12,110.27999877929688,110.55999755859375,109.69000244140625,110.44000244140625,109.25139617919922,1041300
CP.TO,2025-06-13,109.5199966430664,110.44999694824219,108.9800033569336,109.23999786376953,108.0643081665039,1609900
CP.TO,2025-06-16,109.52999877929688,113.4000015258789,109.52999877929688,110.87999725341797,109.6866455078125,1980700
CP.TO,2025-06-17,110.33000183105469,110.79000091552734,108.94999694824219,109.33000183105469,108.1533432006836,1162700
CP.TO,2025-06-18,109.91000366210938,110.29000091552734,109.41999816894531,109.83000183105469,108.64796447753906,1670200
CP.TO,2025-06-19,109.44000244140625,111.26000213623047,109.43000030517578,110.30999755859375,109.12278747558594,664800
CP.TO,2025-06-20,111.63999938964844,111.63999938964844,109.94000244140625,110.19999694824219,109.01397705078125,3203000
CP.TO,2025-06-23,110.05999755859375,110.52999877929688,108.95999908447266,109.66999816894531,108.48967742919922,2044800
CP.TO,2025-06-24,111.0199966430664,111.0199966430664,107.45999908447266,108.7699966430664,107.59935760498047,1766000
CP.TO,2025-06-25,109.48999786376953,109.48999786376953,106.75,106.93000030517578,105.77916717529297,2364200
CP.TO,2025-06-26,107.2699966430664,108.08999633789062,106.68000030517578,107.7699966430664,106.6101303100586,1290400
CP.TO,2025-06-27,107.4000015258789,108.44999694824219,105.08999633789062,107.37000274658203,106.43962097167969,2167600
CP.TO,2025-06-30,107.61000061035156,108.23999786376953,107.19999694824219,108.18000030517578,107.24259948730469,1323000
CP.TO,2025-07-02,109.19999694824219,111.95999908447266,109.19999694824219,111.0999984741211,110.13729095458984,1566200
CP.TO,2025-07-03,111.52999877929688,111.52999877929688,109.27999877929688,110.27999877929688,109.32440185546875,1030400
CP.TO,2025-07-04,109.88999938964844,110.2300033569336,109.55000305175781,109.94999694824219,108.99725341796875,304200
CP.TO,2025-07-07,110.06999969482422,110.6500015258789,108.7300033569336,108.83000183105469,107.886962890625,809500
CP.TO,2025-07-08,109.38999938964844,111.29000091552734,109.33999633789062,110.54000091552734,109.58214569091797,975400
CP.TO,2025-07-09,110.93000030517578,111.80999755859375,110.6500015258789,111.44999694824219,110.48426055908203,1493300
CP.TO,2025-07-10,111.80999755859375,114.56999969482422,111.72000122070312,112.66000366210938,111.68377685546875,1818900
CP.TO,2025-07-11,111.2300033569336,111.9800033569336,110.4800033569336,111.69000244140625,110.72217559814453,1224500
CP.TO,2025-07-14,111.29000091552734,111.76000213623047,110.19000244140625,111.22000122070312,110.2562484741211,915900
CP.TO,2025-07-15,110.51000213623047,112.18000030517578,110.51000213623047,111.33000183105469,110.36529541015625,1471400
CP.TO,2025-07-16,111.45999908447266,112.01000213623047,110.0,110.62000274658203,109.66145324707031,1069500
CP.TO,2025-07-17,111.3499984741211,112.13999938964844,109.79000091552734,110.29000091552734,109.33431243896484,1505200
CP.TO,2025-07-18,110.12999725341797,110.2699966430664,105.5999984741211,106.3499984741211,105.4284439086914,2481600
CP.TO,2025-07-21,106.7300033569336,107.11000061035156,105.98999786376953,106.02999877929688,105.1112289428711,1949400
CP.TO,2025-07-22,106.38999938964844,107.0999984741211,106.0,106.5199966430664,105.59697723388672,1385600
CP.TO,2025-07-23,106.08999633789062,106.16999816894531,104.54000091552734,105.12000274658203,104.20911407470703,2004400
CP.TO,2025-07-24,105.11000061035156,105.79000091552734,103.56999969482422,103.86000061035156,102.96002960205078,2130700
CP.TO,2025-07-25,104.52999877929688,105.43000030517578,103.91000366210938,105.41999816894531,104.50651550292969,1571500
CP.TO,2025-07-28,104.91999816894531,105.20999908447266,103.94000244140625,104.29000091552734,103.38630676269531,1185300
CP.TO,2025-07-29,104.0,106.33999633789062,104.0,105.0,104.09014892578125,1131000
CP.TO,2025-07-30,105.41999816894531,105.87000274658203,104.44000244140625,104.83000183105469,103.921630859375,1383300
CP.TO,2025-07-31,102.19999694824219,105.7300033569336,101.19000244140625,101.9000015258789,101.01701354980469,3131200
CP.TO,2025-08-01,101.55999755859375,101.9000015258789,99.83000183105469,100.55999755859375,99.6886215209961,1609200
CP.TO,2025-08-05,102.95999908447266,103.66000366210938,101.73999786376953,103.41999816894531,102.52384185791016,2105600
CP.TO,2025-08-06,103.66000366210938,105.47000122070312,103.0999984741211,105.18000030517578,104.26858520507812,2114200
CP.TO,2025-08-07,105.38999938964844,105.7699966430664,103.5999984741211,103.63999938964844,102.741943359375,1303300
CP.TO,2025-08-08,103.52999877929688,104.5,103.05000305175781,103.2699966430664,102.3751449584961,1043600
CP.TO,2025-08-11,102.66999816894531,104.55000305175781,102.2300033569336,102.69999694824219,101.81007385253906,988500
CP.TO,2025-08-12,102.69999694824219,103.66999816894531,102.51000213623047,103.27999877929688,102.38505554199219,875200
CP.TO,2025-08-13,103.87000274658203,104.43000030517578,103.31999969482422,104.16999816894531,103.26734161376953,1165800
CP.TO,2025-08-14,103.45999908447266,103.61000061035156,101.29000091552734,102.02999877929688,101.14588928222656,1747700
CP.TO,2025-08-15,101.97000122070312,102.91000366210938,101.76000213623047,102.55999755859375,101.6712875366211,1123900
CP.TO,2025-08-18,102.38999938964844,102.66000366210938,101.0999984741211,101.5999984741211,100.71961212158203,1400700
CP.TO,2025-08-19,102.2699966430664,104.66999816894531,102.1500015258789,103.83000183105469,102.93029022216797,1098600
CP.TO,2025-08-20,103.66999816894531,104.5,103.05000305175781,103.0999984741211,102.20661163330078,821000
CP.TO,2025-08-21,103.06999969482422,103.16000366210938,101.5,101.87000274658203,100.98727416992188,1387100
CP.TO,2025-08-22,102.01000213623047,104.69000244140625,101.30000305175781,103.4800033569336,102.58332824707031,2002900
CP.TO,2025-08-25,103.44000244140625,103.5,101.4000015258789,101.72000122070312,100.83856964111328,933100
CP.TO,2025-08-26,102.30999755859375,106.05000305175781,101.73999786376953,105.48999786376953,104.57591247558594,2994500
CP.TO,2025-08-27,104.91999816894531,106.18000030517578,104.91999816894531,106.0,105.08148956298828,1623600
CP.TO,2025-08-28,105.88999938964844,106.36000061035156,104.33000183105469,104.94999694824219,104.04058837890625,1224000
CP.TO,2025-08-29,104.5999984741211,105.44000244140625,104.5,104.61000061035156,103.70353698730469,1111800
CP.TO,2025-09-02,103.97000122070312,105.37000274658203,103.94999694824219,105.30999755859375,104.39746856689453,1500100
CP.TO,2025-09-03,105.11000061035156,106.02999877929688,104.83999633789062,105.77999877929688,104.86339569091797,1124300
CP.TO,2025-09-04,105.79000091552734,106.47000122070312,105.01000213623047,106.13999938964844,105.22027587890625,1054600
CP.TO,2025-09-05,106.80000305175781,107.68000030517578,105.93000030517578,106.16999816894531,105.25001525878906,3803600
CP.TO,2025-09-08,106.16000366210938,106.19999694824219,104.87999725341797,105.11000061035156,104.1991958618164,1502000
CP.TO,2025-09-09,104.93000030517578,105.13999938964844,103.30999755859375,103.61000061035156,102.71218872070312,1424700
CP.TO,2025-09-10,103.83999633789062,103.83999633789062,102.18000030517578,103.26000213623047,102.36522674560547,2950800
CP.TO,2025-09-11,104.0,104.87000274658203,102.88999938964844,104.70999908447266,103.80266571044922,2393000
CP.TO,2025-09-12,104.63999938964844,105.13999938964844,103.9000015258789,103.9800033569336,103.07899475097656,1149400
CP.TO,2025-09-15,104.0199966430664,105.05000305175781,103.19000244140625,104.56999969482422,103.66387176513672,1471300
CP.TO,2025-09-16,104.98999786376953,105.80999755859375,103.33999633789062,104.66000366210938,103.75309753417969,1731700
CP.TO,2025-09-17,104.95999908447266,105.12999725341797,103.0999984741211,103.69000244140625,102.79150390625,1405500
CP.TO,2025-09-18,104.58000183105469,105.38999938964844,104.06999969482422,104.33000183105469,103.42596435546875,1523300
CP.TO,2025-09-19,108.0,108.0,104.20999908447266,104.41999816894531,103.51518249511719,5814200
CP.TO,2025-09-22,103.75,104.13999938964844,102.52999877929688,103.12999725341797,102.23635864257812,1709600
CP.TO,2025-09-23,103.1500015258789,103.76000213623047,102.36000061035156,102.62999725341797,101.74068450927734,1492100
CP.TO,2025-09-24,102.44000244140625,103.16000366210938,101.94999694824219,102.93000030517578,102.0380859375,1432400
CP.TO,2025-09-25,101.76000213623047,104.75,101.76000213623047,103.5,102.6031494140625,1889400
CP.TO,2025-09-26,103.25,103.86000061035156,101.45999908447266,102.47000122070312,101.80635070800781,1560100
CP.TO,2025-09-29,102.56999969482422,104.44999694824219,102.2699966430664,102.27999877929688,101.6175765991211,1384400
CP.TO,2025-09-30,102.19999694824219,103.6500015258789,101.68000030517578,103.6500015258789,102.97870635986328,1849300
CP.TO,2025-10-01,103.86000061035156,104.3499984741211,103.0999984741211,104.31999969482422,103.64436340332031,1327100
CP.TO,2025-10-02,103.75,105.9800033569336,103.66999816894531,105.9000015258789,105.21412658691406,1449000
CP.TO,2025-10-03,105.70999908447266,108.4800033569336,105.70999908447266,108.2699966430664,107.56877899169922,1756500
CP.TO,2025-10-06,108.55000305175781,109.06999969482422,107.91000366210938,107.94000244140625,107.24092102050781,2859100
CP.TO,2025-10-07,108.33999633789062,109.25,107.56999969482422,108.4800033569336,107.77742767333984,2357200
CP.TO,2025-10-08,108.48999786376953,109.5,107.80000305175781,108.45999908447266,107.7575454711914,1398700
CP.TO,2025-10-09,108.44000244140625,108.69000244140625,105.62000274658203,106.20999908447266,105.52212524414062,1307200
CP.TO,2025-10-10,106.93000030517578,107.43000030517578,104.52999877929688,104.86000061035156,104.18086242675781,1136000
CP.TO,2025-10-14,105.0199966430664,107.56999969482422,105.01000213623047,107.04000091552734,106.34674835205078,1061100
CP.TO,2025-10-15,108.16999816894531,108.26000213623047,106.94999694824219,107.8499984741211,107.15150451660156,1183400
CP.TO,2025-10-16,108.38999938964844,108.38999938964844,105.05000305175781,106.02999877929688,105.3432846069336,1015500
CP.TO,2025-10-17,105.0,108.62000274658203,105.0,107.2300033569336,106.5355224609375,1424400
CP.TO,2025-10-20,107.70999908447266,108.0999984741211,106.70999908447266,107.37999725341797,106.6845474243164,868800
CP.TO,2025-10-21,106.72000122070312,107.56999969482422,105.81999969482422,106.08999633789062,105.40289306640625,1210600
CP.TO,2025-10-22,106.13999938964844,108.37000274658203,106.12000274658203,107.0199966430664,106.32687377929688,857100
CP.TO,2025-10-23,107.02999877929688,107.66999816894531,106.0,106.23999786376953,105.55193328857422,1037800
CP.TO,2025-10-24,106.33000183105469,106.36000061035156,105.19000244140625,105.63999938964844,104.95581817626953,945600
CP.TO,2025-10-27,105.87999725341797,106.30999755859375,103.69999694824219,104.18000030517578,103.50526428222656,1413900
CP.TO,2025-10-28,104.86000061035156,105.43000030517578,103.5,103.70999908447266,103.0383071899414,1448600
CP.TO,2025-10-29,103.36000061035156,103.69999694824219,101.30000305175781,101.98999786376953,101.32945251464844,1406400
CP.TO,2025-10-30,102.55000305175781,103.0,100.80000305175781,101.62999725341797,100.97178649902344,1571300
CP.TO,2025-10-31,101.88999938964844,102.12000274658203,100.5199966430664,100.93000030517578,100.27632141113281,1890000
CP.TO,2025-11-03,101.29000091552734,101.29000091552734,98.86000061035156,99.36000061035156,98.71648406982422,2209700
CP.TO,2025-11-04,99.93000030517578,99.97000122070312,98.69000244140625,99.5,98.85558319091797,1386100
CP.TO,2025-11-05,99.36000061035156,100.02999877929688,98.91999816894531,99.30000305175781,98.65687561035156,1305100
CP.TO,2025-11-06,98.87999725341797,99.1500015258789,96.55999755859375,97.2699966430664,96.6400146484375,1717100
CP.TO,2025-11-07,97.1500015258789,99.5,96.5,99.47000122070312,98.82577514648438,2425600
CP.TO,2025-11-10,99.76000213623047,100.83000183105469,99.5,99.51000213623047,98.86551666259766,993500
CP.TO,2025-11-11,99.36000061035156,100.1500015258789,99.0199966430664,100.04000091552734,99.39208984375,671500
CP.TO,2025-11-12,100.18000030517578,101.66999816894531,100.11000061035156,101.45999908447266,100.80289459228516,1188200
CP.TO,2025-11-13,100.87000274658203,101.16000366210938,99.4800033569336,99.80000305175781,99.15364074707031,1889400
CP.TO,2025-11-14,99.4000015258789,99.77999877929688,97.80999755859375,99.12999725341797,98.48796844482422,1513500
CP.TO,2025-11-17,98.87000274658203,99.3499984741211,98.05000305175781,98.8499984741211,98.20979309082031,894300
CP.TO,2025-11-18,98.0,98.25,97.02999877929688,97.1500015258789,96.52079772949219,1323600
CP.TO,2025-11-19,97.30000305175781,97.69999694824219,96.83999633789062,97.4000015258789,96.7691879272461,1093200
CP.TO,2025-11-20,97.5,98.80000305175781,97.06999969482422,97.12000274658203,96.49099731445312,833300
CP.TO,2025-11-21,97.94000244140625,99.25,97.25,98.63999938964844,98.00115203857422,1032900
CP.TO,2025-11-24,98.66999816894531,99.05000305175781,97.79000091552734,98.70999908447266,98.07069396972656,4142900
CP.TO,2025-11-25,99.36000061035156,101.22000122070312,99.29000091552734,100.91999816894531,100.2663803100586,1756200
CP.TO,2025-11-26,101.12000274658203,101.83999633789062,100.76000213623047,101.27999877929688,100.62405395507812,737900
CP.TO,2025-11-27,101.0199966430664,101.41999816894531,100.9800033569336,101.06999969482422,100.41541290283203,972200
CP.TO,2025-11-28,101.33999633789062,101.7300033569336,100.8499984741211,101.2300033569336,100.57438659667969,606800
CP.TO,2025-12-01,101.0,102.6500015258789,100.41999816894531,101.27999877929688,100.62405395507812,932800
CP.TO,2025-12-02,101.30000305175781,101.30000305175781,99.63999938964844,100.5,99.84910583496094,859600
CP.TO,2025-12-03,100.87000274658203,103.12999725341797,100.62000274658203,103.11000061035156,102.44219970703125,1445200
CP.TO,2025-12-04,103.19000244140625,103.72000122070312,102.63999938964844,103.19000244140625,102.52168273925781,1290200
CP.TO,2025-12-05,103.11000061035156,103.2699966430664,101.18000030517578,101.94999694824219,101.28971099853516,1220000
CP.TO,2025-12-08,102.69999694824219,104.80999755859375,102.55000305175781,102.69000244140625,102.0249252319336,3989100
CP.TO,2025-12-09,102.7699966430664,103.06999969482422,101.18000030517578,101.22000122070312,100.56443786621094,2005200
CP.TO,2025-12-10,101.12000274658203,103.5,101.11000061035156,103.33999633789062,102.67070770263672,2824000
CP.TO,2025-12-11,103.37000274658203,104.41000366210938,103.19999694824219,103.55000305175781,102.87935638427734,830900
CP.TO,2025-12-12,104.0999984741211,104.0999984741211,102.94999694824219,103.36000061035156,102.69058227539062,1049400
CP.TO,2025-12-15,103.55000305175781,103.5999984741211,102.30000305175781,102.47000122070312,101.80635070800781,1063300
CP.TO,2025-12-16,102.13999938964844,102.26000213623047,100.8499984741211,100.91999816894531,100.2663803100586,1589300
CP.TO,2025-12-17,100.91999816894531,101.8499984741211,100.73999786376953,101.4000015258789,100.74327850341797,1510000
CP.TO,2025-12-18,101.7699966430664,103.05999755859375,101.62000274658203,102.33999633789062,101.67719268798828,1780000
CP.TO,2025-12-19,102.80999755859375,102.91000366210938,101.93000030517578,102.43000030517578,101.7666015625,6681600
CP.TO,2025-12-22,102.5999984741211,102.9800033569336,101.43000030517578,102.44000244140625,101.77653503417969,1065600
CP.TO,2025-12-23,102.3499984741211,102.47000122070312,101.3499984741211,101.9800033569336,101.31952667236328,1330000
CP.TO,2025-12-24,101.52999877929688,102.4800033569336,101.16000366210938,101.94000244140625,101.27978515625,447200
CP.TO,2025-12-29,101.83999633789062,102.77999877929688,101.83999633789062,102.37999725341797,101.71692657470703,3032900
CP.TO,2025-12-30,102.0,102.66000366210938,101.4800033569336,101.7699966430664,101.11087799072266,1790400
CP.TO,2025-12-31,101.58999633789062,101.86000061035156,101.0199966430664,101.05000305175781,100.6209716796875,892200
CP.TO,2026-01-02,101.58000183105469,102.47000122070312,100.9000015258789,102.31999969482422,101.88557434082031,878300
CP.TO,2026-01-05,101.91999816894531,102.05000305175781,99.5999984741211,100.05999755859375,99.63516998291016,2310100
CP.TO,2026-01-06,100.08000183105469,101.62000274658203,99.9000015258789,101.56999969482422,101.13876342773438,1834900
CP.TO,2026-01-07,101.63999938964844,102.37999725341797,97.5,97.66999816894531,97.25531768798828,2014100
CP.TO,2026-01-08,97.83000183105469,100.08999633789062,97.30000305175781,100.05999755859375,99.63516998291016,2871900
CP.TO,2026-01-09,100.26000213623047,101.18000030517578,99.01000213623047,99.55999755859375,99.13729858398438,2006000
CP.TO,2026-01-12,98.95999908447266,99.61000061035156,98.43000030517578,99.37000274658203,98.94810485839844,1687200
CP.TO,2026-01-13,99.41000366210938,99.41000366210938,97.16999816894531,98.04000091552734,97.62374877929688,1604300
CP.TO,2026-01-14,98.04000091552734,100.87999725341797,97.98999786376953,100.08999633789062,99.6650390625,2515800
CP.TO,2026-01-15,100.43000030517578,101.06999969482422,99.2300033569336,100.62999725341797,100.20275115966797,1131200
CP.TO,2026-01-16,100.6500015258789,101.05000305175781,99.94999694824219,100.94000244140625,100.51144409179688,1481800
CP.TO,2026-01-19,100.5,101.25,99.66000366210938,101.19000244140625,100.76038360595703,664000
CP.TO,2026-01-20,100.7699966430664,101.2699966430664,97.0,97.08999633789062,96.67778015136719,2025800
CP.TO,2026-01-21,97.61000061035156,99.77999877929688,97.30000305175781,99.55000305175781,99.1273422241211,2269300
CP.TO,2026-01-22,99.9800033569336,100.75,99.44999694824219,99.86000061035156,99.43602752685547,1185300
CP.TO,2026-01-23,99.91000366210938,100.33999633789062,99.12000274658203,99.7699966430664,99.34639739990234,1359700
CP.TO,2026-01-26,99.72000122070312,100.1500015258789,98.69000244140625,99.4800033569336,99.0576400756836,1285600
CP.TO,2026-01-27,98.87999725341797,99.44999694824219,98.13999938964844,98.80999755859375,98.3904800415039,1154200
CP.TO,2026-01-28,98.83000183105469,99.4000015258789,97.25,97.27999877929688,96.86697387695312,1335500
CP.TO,2026-01-29,98.91999816894531,102.45999908447266,97.4000015258789,102.2699966430664,101.8357925415039,3982600
CP.TO,2026-01-30,102.3499984741211,102.44000244140625,99.55000305175781,101.22000122070312,100.79024505615234,2396000
CP.TO,2026-02-02,100.33000183105469,102.63999938964844,100.33000183105469,102.61000061035156,102.17434692382812,1597500
CP.TO,2026-02-03,102.08000183105469,105.19000244140625,101.88999938964844,104.43000030517578,103.98661804199219,2516900
CP.TO,2026-02-04,104.98999786376953,109.19999694824219,104.93000030517578,108.70999908447266,108.24845123291016,2880400
CP.TO,2026-02-05,107.4800033569336,109.5999984741211,107.38999938964844,108.30999755859375,107.85014343261719,3134900
CP.TO,2026-02-06,109.1500015258789,109.97000122070312,108.0999984741211,109.81999969482422,109.3537368774414,1503100
CP.TO,2026-02-09,109.73999786376953,110.13999938964844,108.66999816894531,109.98999786376953,109.52301025390625,1158200
CP.TO,2026-02-10,110.0,112.95999908447266,109.80000305175781,112.58999633789062,112.11196899414062,1430900
CP.TO,2026-02-11,113.26000213623047,113.88999938964844,112.38999938964844,113.80000305175781,113.31684112548828,1554400
CP.TO,2026-02-12,114.29000091552734,115.54000091552734,112.62999725341797,113.83999633789062,113.3566665649414,2832600
CP.TO,2026-02-13,113.91999816894531,115.05000305175781,113.05000305175781,114.0999984741211,113.61556243896484,1222500
CP.TO,2026-02-17,114.0999984741211,115.33999633789062,114.0,114.37000274658203,113.88441467285156,2058500
CP.TO,2026-02-18,114.66000366210938,115.0999984741211,113.44999694824219,114.7300033569336,114.24288940429688,1027700
CP.TO,2026-02-19,114.44999694824219,116.08000183105469,113.8499984741211,116.0,115.50749969482422,936400
CP.TO,2026-02-20,116.22000122070312,117.08999633789062,115.37000274658203,116.44000244140625,115.94563293457031,1161500
CP.TO,2026-02-23,117.29000091552734,117.41999816894531,115.33999633789062,116.1500015258789,115.6568603515625,1180100
CP.TO,2026-02-24,116.30000305175781,118.29000091552734,116.0199966430664,118.22000122070312,117.71807098388672,1245500
CP.TO,2026-02-25,117.86000061035156,118.5,116.3499984741211,117.33999633789062,116.84180450439453,1630000
CP.TO,2026-02-26,117.9800033569336,119.7300033569336,117.30000305175781,119.2300033569336,118.72378540039062,1098800
CP.TO,2026-02-27,118.93000030517578,121.2699966430664,118.5,119.44000244140625,118.93289947509766,3289000
CP.TO,2026-03-02,118.36000061035156,122.25,118.29000091552734,122.2300033569336,121.71105194091797,1111900
CP.TO,2026-03-03,120.37999725341797,121.01000213623047,117.80999755859375,119.94999694824219,119.44071960449219,2262300
CP.TO,2026-03-04,120.22000122070312,120.66999816894531,117.94999694824219,118.41000366210938,117.90727233886719,1883400
CP.TO,2026-03-05,117.30000305175781,117.63999938964844,115.69999694824219,116.61000061035156,116.11491394042969,1389000
CP.TO,2026-03-06,115.0,115.30000305175781,111.66000366210938,112.69000244140625,112.21155548095703,1765600
CP.TO,2026-03-09,110.93000030517578,114.54000091552734,110.36000061035156,113.91999816894531,113.43632507324219,2112000
CP.TO,2026-03-10,113.41000366210938,115.30999755859375,113.08999633789062,114.02999877929688,113.54586029052734,996700
CP.TO,2026-03-11,113.19999694824219,114.4800033569336,112.87999725341797,112.9000015258789,112.42066192626953,1024100
CP.TO,2026-03-12,112.62000274658203,113.54000091552734,110.41000366210938,110.63999938964844,110.17025756835938,1514600
CP.TO,2026-03-13,111.16000366210938,112.0,110.5999984741211,111.73999786376953,111.26558685302734,1207900
CP.TO,2026-03-16,112.55000305175781,113.16999816894531,111.58999633789062,112.18000030517578,111.7037124633789,1072000
CP.TO,2026-03-17,112.87999725341797,112.97000122070312,110.30999755859375,110.44000244140625,109.97110748291016,1214300
CP.TO,2026-03-18,110.54000091552734,110.73999786376953,109.36000061035156,109.79000091552734,109.32386016845703,902000
CP.TO,2026-03-19,108.9800033569336,109.33999633789062,107.23999786376953,107.83999633789062,107.38214111328125,1079200
CP.TO,2026-03-20,107.37000274658203,108.58999633789062,106.7300033569336,107.5999984741211,107.14315795898438,3487900
CP.TO,2026-03-23,108.9800033569336,110.18000030517578,108.41999816894531,109.16000366210938,108.69654083251953,1247400
CP.TO,2026-03-24,107.88999938964844,110.19000244140625,107.13999938964844,109.08999633789062,108.6268310546875,900600
CP.TO,2026-03-25,110.11000061035156,111.0999984741211,108.58999633789062,110.58999633789062,110.12046813964844,1737100
CP.TO,2026-03-26,109.69999694824219,111.54000091552734,108.94999694824219,109.43000030517578,108.96538543701172,1359100
CP.TO,2026-03-27,108.47000122070312,109.69999694824219,108.02999877929688,108.63999938964844,108.40460968017578,1459400
CP.TO,2026-03-30,108.9800033569336,109.9000015258789,107.83999633789062,108.06999969482422,107.83584594726562,1520200
CP.TO,2026-03-31,108.87000274658203,109.51000213623047,106.54000091552734,109.47000122070312,109.2328109741211,2132900
CP.TO,2026-04-01,110.37000274658203,110.69999694824219,107.61000061035156,108.44000244140625,108.20504760742188,2006100
CP.TO,2026-04-02,107.44999694824219,110.16999816894531,107.12000274658203,109.83000183105469,109.59203338623047,1566000
CP.TO,2026-04-06,108.98999786376953,110.79000091552734,108.36000061035156,110.62999725341797,110.39029693603516,958800
CP.TO,2026-04-07,110.25,111.41999816894531,109.55999755859375,111.27999877929688,111.03888702392578,1086300
CP.TO,2026-04-08,113.0,114.29000091552734,111.91999816894531,112.95999908447266,112.71524810791016,1271000
CP.TO,2026-04-09,112.95999908447266,114.1500015258789,112.16000366210938,112.31999969482422,112.0766372680664,1101200
CP.TO,2026-04-10,112.56999969482422,113.72000122070312,111.08999633789062,111.69000244140625,111.44800567626953,1529900
CP.TO,2026-04-13,111.37000274658203,112.30000305175781,110.83000183105469,112.19999694824219,111.95689392089844,1435000
CP.TO,2026-04-14,111.5199966430664,113.41000366210938,111.30000305175781,113.16999816894531,112.92479705810547,910700
CP.TO,2026-04-15,113.04000091552734,113.06999969482422,111.26000213623047,111.37999725341797,111.138671875,1352900
CP.TO,2026-04-16,111.36000061035156,112.0,109.58999633789062,109.83999633789062,109.60200500488281,989600
CP.TO,2026-04-17,109.94000244140625,112.5,109.94000244140625,111.6500015258789,111.40808868408203,992600
CP.TO,2026-04-20,111.4800033569336,112.16999816894531,110.83000183105469,111.54000091552734,111.29833221435547,895500
CP.TO,2026-04-21,111.63999938964844,113.01000213623047,111.62999725341797,112.79000091552734,112.54562377929688,1166200
CP.TO,2026-04-22,113.08000183105469,113.70999908447266,111.54000091552734,112.45999908447266,112.2163314819336,685400
CP.TO,2026-04-23,113.16999816894531,118.45999908447266,113.05999755859375,118.08000183105469,117.82415771484375,1965800
CP.TO,2026-04-24,117.76000213623047,119.19999694824219,117.56999969482422,118.72000122070312,118.4627685546875,1337900
CP.TO,2026-04-27,118.5,119.81999969482422,118.0,119.08999633789062,118.83196258544922,1250600
CP.TO,2026-04-28,118.5,119.61000061035156,118.37000274658203,118.63999938964844,118.38294219970703,1284600
CP.TO,2026-04-29,118.19999694824219,118.56999969482422,115.02999877929688,115.30000305175781,115.05018615722656,1317800
CP.TO,2026-04-30,116.47000122070312,118.75,115.5199966430664,118.13999938964844,117.88402557373047,1991300
CP.TO,2026-05-01,118.5,118.68000030517578,116.91999816894531,117.16000366210938,116.9061508178711,988700
CP.TO,2026-05-04,116.75,116.75,112.51000213623047,113.06999969482422,112.82501220703125,1492000
CP.TO,2026-05-05,113.20999908447266,114.2300033569336,113.08999633789062,113.80999755859375,113.56340789794922,903600
CP.TO,2026-05-06,115.0,118.05999755859375,115.0,117.2300033569336,116.97600555419922,1334700
CP.TO,2026-05-07,117.19999694824219,118.61000061035156,116.23999786376953,116.27999877929688,116.0280532836914,1251700
CP.TO,2026-05-08,116.37999725341797,117.94000244140625,116.19000244140625,117.69000244140625,117.43500518798828,1379300
CP.TO,2026-05-11,116.5199966430664,118.04000091552734,115.5,115.94999694824219,115.69876861572266,826600
CP.TO,2026-05-12,116.5199966430664,118.08000183105469,115.5,117.62999725341797,117.37512969970703,1681100
CP.TO,2026-05-13,117.0199966430664,119.80000305175781,116.94999694824219,117.37999725341797,117.12567138671875,824000
CP.TO,2026-05-14,117.94000244140625,120.43000030517578,117.94000244140625,119.27999877929688,119.02155303955078,1182500
CP.TO,2026-05-15,118.5999984741211,118.5999984741211,116.69000244140625,117.0,116.74649810791016,1367100
CP.TO,2026-05-19,117.58000183105469,119.2300033569336,117.27999877929688,118.47000122070312,118.21331024169922,1165200
CP.TO,2026-05-20,118.25,120.08999633789062,118.25,118.6500015258789,118.3929214477539,1283700
CP.TO,2026-05-21,118.41999816894531,120.66999816894531,117.66999816894531,119.47000122070312,119.21114349365234,1050200
CP.TO,2026-05-22,119.97000122070312,120.19000244140625,118.93000030517578,119.16999816894531,118.91179656982422,751800
CP.TO,2026-05-25,119.58999633789062,121.16999816894531,119.58999633789062,120.63999938964844,120.37860870361328,327400
CP.TO,2026-05-26,119.58000183105469,123.12999725341797,119.58000183105469,123.05999755859375,122.79336547851562,1010900
CP.TO,2026-05-27,123.3499984741211,126.66000366210938,123.11000061035156,126.23999786376953,125.96647644042969,1303700
CP.TO,2026-05-28,124.91000366210938,125.83999633789062,122.70999908447266,124.86000061035156,124.58946990966797,1247400
CP.TO,2026-05-29,124.47000122070312,126.26000213623047,122.98999786376953,123.0999984741211,122.83328247070312,2455800
CP.TO,2026-06-01,123.19000244140625,123.56999969482422,121.0,122.66999816894531,122.40421295166016,1158600
CP.TO,2026-06-02,122.2699966430664,124.97000122070312,122.2699966430664,124.79000091552734,124.51962280273438,910300
CP.TO,2026-06-03,124.52999877929688,126.94999694824219,123.66999816894531,123.83999633789062,123.57167053222656,1804200
CP.TO,2026-06-04,123.9800033569336,125.81999969482422,122.73999786376953,124.37000274658203,124.10053253173828,1182800
CP.TO,2026-06-05,124.19999694824219,126.37000274658203,124.19999694824219,125.38999938964844,125.11831665039062,895600
CP.TO,2026-06-08,125.06999969482422,127.16999816894531,125.06999969482422,125.7300033569336,125.45758819580078,1265700
CP.TO,2026-06-09,126.33999633789062,127.16999816894531,124.81999969482422,125.87999725341797,125.60725402832031,801200
CP.TO,2026-06-10,125.4000015258789,126.55000305175781,123.9000015258789,124.94000244140625,124.66929626464844,1108900
CP.TO,2026-06-11,125.88999938964844,126.43000030517578,123.80000305175781,124.69999694824219,124.4298095703125,941700
CP.TO,2026-06-12,125.4000015258789,126.4800033569336,125.02999877929688,125.87999725341797,125.60725402832031,1119100
CP.TO,2026-06-15,126.9000015258789,127.5,124.30000305175781,124.91999816894531,124.64933776855469,926700
CP.TO,2026-06-16,125.01000213623047,126.16999816894531,123.81999969482422,124.80000305175781,124.52960205078125,1051200
CP.TO,2026-06-17,124.52999877929688,125.0,120.0999984741211,120.91000366210938,120.64803314208984,1546300
CP.TO,2026-06-18,121.51000213623047,122.7699966430664,120.80000305175781,121.61000061035156,121.34651184082031,1200800
CP.TO,2026-06-19,121.55999755859375,122.0,120.58000183105469,120.80999755859375,120.5482406616211,3746300
CP.TO,2026-06-22,121.06999969482422,122.41999816894531,120.9800033569336,121.2699966430664,121.00724029541016,1632300
CP.TO,2026-06-23,120.87999725341797,122.30999755859375,120.69000244140625,121.2699966430664,121.00724029541016,1253900
CP.TO,2026-06-24,122.5999984741211,123.08000183105469,120.2300033569336,120.7699966430664,120.5083236694336,1391600
CP.TO,2026-06-25,121.58999633789062,124.87000274658203,121.58999633789062,123.69000244140625,123.42200469970703,1910200
CP.TO,2026-06-26,123.5199966430664,124.66000366210938,122.61000061035156,124.43000030517578,124.43000030517578,1534700
CP.TO,2026-06-29,124.16999816894531,125.19999694824219,122.47000122070312,123.47000122070312,123.47000122070312,1193600
CP.TO,2026-06-30,123.27999877929688,124.29000091552734,122.5,122.95999908447266,122.95999908447266,1980400
CP.TO,2026-07-02,123.55000305175781,126.05000305175781,122.58000183105469,124.5999984741211,124.5999984741211,1327300
CP.TO,2026-07-03,124.5,125.44999694824219,124.13999938964844,124.73999786376953,124.73999786376953,446700
CP.TO,2026-07-06,123.52999877929688,125.44999694824219,123.5199966430664,125.04000091552734,125.04000091552734,1515000
CP.TO,2026-07-07,125.44999694824219,126.31999969482422,124.19000244140625,126.0999984741211,126.0999984741211,925900
CP.TO,2026-07-08,125.51000213623047,126.41999816894531,124.1500015258789,126.37000274658203,126.37000274658203,618137
