symbol,date,open,high,low,close,adj_close,volume
FTS.TO,1995-01-12,6.40749979019165,6.40749979019165,6.40749979019165,6.40749979019165,1.8275244235992432,0
FTS.TO,1995-01-13,6.375,6.375,6.375,6.375,1.8182545900344849,2400
FTS.TO,1995-01-16,6.40749979019165,6.40749979019165,6.40749979019165,6.40749979019165,1.8275244235992432,1200
FTS.TO,1995-01-17,6.40749979019165,6.40749979019165,6.40749979019165,6.40749979019165,1.8275244235992432,2800
FTS.TO,1995-01-18,6.40749979019165,6.40749979019165,6.34499979019165,6.34499979019165,1.8096973896026611,6000
FTS.TO,1995-01-19,6.3125,6.3125,6.25,6.28249979019165,1.7918723821640015,7600
FTS.TO,1995-01-20,6.25,6.25,6.25,6.25,1.782602071762085,4400
FTS.TO,1995-01-23,6.25,6.25,6.1875,6.1875,1.7647761106491089,2400
FTS.TO,1995-01-24,6.25,6.25,6.25,6.25,1.782602071762085,400
FTS.TO,1995-01-25,6.25,6.25,6.1875,6.1875,1.7647761106491089,5600
FTS.TO,1995-01-26,6.1875,6.21999979019165,6.1875,6.1875,1.7647761106491089,9200
FTS.TO,1995-01-27,6.15749979019165,6.1875,6.15749979019165,6.1875,1.7647761106491089,27600
FTS.TO,1995-01-30,6.1875,6.1875,6.15749979019165,6.15749979019165,1.7562205791473389,14800
FTS.TO,1995-01-31,6.1875,6.1875,6.15749979019165,6.1875,1.7647761106491089,16800
FTS.TO,1995-02-01,6.1875,6.1875,6.125,6.125,1.7469496726989746,23600
FTS.TO,1995-02-02,6.15749979019165,6.1875,6.125,6.15749979019165,1.7562205791473389,28800
FTS.TO,1995-02-03,6.15749979019165,6.21999979019165,6.15749979019165,6.21999979019165,1.7740459442138672,54400
FTS.TO,1995-02-06,6.1875,6.1875,6.125,6.125,1.7769471406936646,2000
FTS.TO,1995-02-07,6.125,6.15749979019165,6.125,6.125,1.7769471406936646,2800
FTS.TO,1995-02-08,6.125,6.125,6.0625,6.0625,1.7588149309158325,6400
FTS.TO,1995-02-09,6.0625,6.15749979019165,6.0625,6.15749979019165,1.7863759994506836,8400
FTS.TO,1995-02-10,6.125,6.15749979019165,6.125,6.15749979019165,1.7863759994506836,7600
FTS.TO,1995-02-13,6.15749979019165,6.15749979019165,6.09499979019165,6.125,1.7769471406936646,18800
FTS.TO,1995-02-14,6.125,6.125,6.09499979019165,6.125,1.7769471406936646,2000
FTS.TO,1995-02-15,6.125,6.125,6.09499979019165,6.09499979019165,1.7682441473007202,3200
FTS.TO,1995-02-16,6.15749979019165,6.15749979019165,6.09499979019165,6.09499979019165,1.7682441473007202,3200
FTS.TO,1995-02-17,6.09499979019165,6.125,6.09499979019165,6.09499979019165,1.7682441473007202,12000
FTS.TO,1995-02-20,6.125,6.125,6.09499979019165,6.125,1.7769471406936646,18800
FTS.TO,1995-02-21,6.125,6.125,6.09499979019165,6.125,1.7769471406936646,44800
FTS.TO,1995-02-22,6.125,6.15749979019165,6.125,6.15749979019165,1.7863759994506836,12400
FTS.TO,1995-02-23,6.15749979019165,6.1875,6.15749979019165,6.1875,1.7950791120529175,12400
FTS.TO,1995-02-24,6.15749979019165,6.15749979019165,6.125,6.125,1.7769471406936646,18000
FTS.TO,1995-02-27,6.15749979019165,6.15749979019165,6.125,6.125,1.7769471406936646,25200
FTS.TO,1995-02-28,6.15749979019165,6.15749979019165,6.15749979019165,6.15749979019165,1.7863759994506836,1600
FTS.TO,1995-03-01,6.15749979019165,6.15749979019165,6.125,6.125,1.7769471406936646,5600
FTS.TO,1995-03-02,6.1875,6.1875,6.15749979019165,6.15749979019165,1.7863759994506836,6000
FTS.TO,1995-03-03,6.15749979019165,6.15749979019165,6.125,6.15749979019165,1.7863759994506836,11200
FTS.TO,1995-03-06,6.125,6.15749979019165,6.125,6.15749979019165,1.7863759994506836,10400
FTS.TO,1995-03-07,6.125,6.15749979019165,6.125,6.125,1.7769471406936646,95600
FTS.TO,1995-03-08,6.125,6.125,6.0625,6.0625,1.7588149309158325,1200
FTS.TO,1995-03-09,6.125,6.125,6.09499979019165,6.09499979019165,1.7682441473007202,1600
FTS.TO,1995-03-10,6.09499979019165,6.09499979019165,6.09499979019165,6.09499979019165,1.7682441473007202,18400
FTS.TO,1995-03-13,6.09499979019165,6.125,6.09499979019165,6.125,1.7769471406936646,12400
FTS.TO,1995-03-14,6.125,6.125,6.09499979019165,6.09499979019165,1.7682441473007202,2400
FTS.TO,1995-03-15,6.09499979019165,6.125,6.09499979019165,6.125,1.7769471406936646,20400
FTS.TO,1995-03-16,6.1875,6.21999979019165,6.15749979019165,6.21999979019165,1.8045073747634888,2800
FTS.TO,1995-03-17,6.21999979019165,6.3125,6.21999979019165,6.3125,1.8313432931900024,16400
FTS.TO,1995-03-20,6.46999979019165,6.46999979019165,6.375,6.375,1.8494759798049927,14000
FTS.TO,1995-03-21,6.375,6.40749979019165,6.375,6.40749979019165,1.8589036464691162,9600
FTS.TO,1995-03-22,6.3125,6.3125,6.25,6.25,1.8132117986679077,5200
FTS.TO,1995-03-23,6.3125,6.3125,6.25,6.25,1.8132117986679077,2800
FTS.TO,1995-03-24,6.3125,6.375,6.21999979019165,6.21999979019165,1.8045073747634888,48000
FTS.TO,1995-03-27,6.25,6.3125,6.21999979019165,6.3125,1.8313432931900024,13200
FTS.TO,1995-03-28,6.3125,6.3125,6.28249979019165,6.28249979019165,1.822640061378479,6400
FTS.TO,1995-03-29,6.28249979019165,6.3125,6.28249979019165,6.3125,1.8313432931900024,5200
FTS.TO,1995-03-30,6.34499979019165,6.34499979019165,6.3125,6.34499979019165,1.8407719135284424,6400
FTS.TO,1995-03-31,6.375,6.4375,6.34499979019165,6.4375,1.8676091432571411,52800
FTS.TO,1995-04-03,6.40749979019165,6.4375,6.34499979019165,6.4375,1.8676091432571411,35600
FTS.TO,1995-04-04,6.4375,6.4375,6.34499979019165,6.375,1.8494759798049927,28000
FTS.TO,1995-04-05,6.5,6.5,6.4375,6.46999979019165,1.8770368099212646,10000
FTS.TO,1995-04-06,6.4375,6.5,6.4375,6.5,1.8857403993606567,8800
FTS.TO,1995-04-07,6.5,6.5,6.4375,6.4375,1.8676091432571411,7600
FTS.TO,1995-04-10,6.5,6.5,6.5,6.5,1.8857403993606567,2800
FTS.TO,1995-04-11,6.46999979019165,6.5,6.4375,6.46999979019165,1.8770368099212646,21600
FTS.TO,1995-04-12,6.46999979019165,6.46999979019165,6.4375,6.4375,1.8676091432571411,5600
FTS.TO,1995-04-13,6.4375,6.5,6.4375,6.5,1.8857403993606567,8000
FTS.TO,1995-04-17,6.5,6.5,6.46999979019165,6.46999979019165,1.8770368099212646,22000
FTS.TO,1995-04-18,6.5,6.5,6.46999979019165,6.5,1.8857403993606567,3200
FTS.TO,1995-04-19,6.5,6.5,6.46999979019165,6.46999979019165,1.8770368099212646,12400
FTS.TO,1995-04-20,6.46999979019165,6.5,6.4375,6.5,1.8857403993606567,6800
FTS.TO,1995-04-21,6.46999979019165,6.53249979019165,6.46999979019165,6.53249979019165,1.8951677083969116,15600
FTS.TO,1995-04-24,6.5,6.5,6.46999979019165,6.46999979019165,1.8770368099212646,7200
FTS.TO,1995-04-25,6.46999979019165,6.5,6.46999979019165,6.5,1.8857403993606567,15600
FTS.TO,1995-04-26,6.5,6.5,6.5,6.5,1.8857403993606567,8400
FTS.TO,1995-04-27,6.46999979019165,6.53249979019165,6.46999979019165,6.46999979019165,1.8770368099212646,20400
FTS.TO,1995-04-28,6.4375,6.5,6.3125,6.3125,1.8313432931900024,16400
FTS.TO,1995-05-01,6.34499979019165,6.375,6.34499979019165,6.375,1.8494759798049927,9600
FTS.TO,1995-05-02,6.375,6.4375,6.375,6.40749979019165,1.8589036464691162,55600
FTS.TO,1995-05-03,6.46999979019165,6.46999979019165,6.40749979019165,6.4375,1.8676091432571411,11600
FTS.TO,1995-05-04,6.4375,6.4375,6.4375,6.4375,1.8676091432571411,47200
FTS.TO,1995-05-05,6.4375,6.4375,6.40749979019165,6.40749979019165,1.8589036464691162,118800
FTS.TO,1995-05-08,6.375,6.4375,6.375,6.4375,1.8987222909927368,8800
FTS.TO,1995-05-09,6.40749979019165,6.40749979019165,6.375,6.40749979019165,1.88987398147583,14000
FTS.TO,1995-05-10,6.46999979019165,6.46999979019165,6.375,6.375,1.8802882432937622,8800
FTS.TO,1995-05-11,6.375,6.375,6.3125,6.375,1.8802882432937622,24000
FTS.TO,1995-05-12,6.34499979019165,6.375,6.3125,6.375,1.8802882432937622,23600
FTS.TO,1995-05-15,6.34499979019165,6.34499979019165,6.34499979019165,6.34499979019165,1.8714383840560913,1200
FTS.TO,1995-05-16,6.375,6.4375,6.375,6.40749979019165,1.88987398147583,64800
FTS.TO,1995-05-17,6.40749979019165,6.4375,6.40749979019165,6.4375,1.8987222909927368,7200
FTS.TO,1995-05-18,6.40749979019165,6.4375,6.40749979019165,6.4375,1.8987222909927368,10800
FTS.TO,1995-05-19,6.4375,6.4375,6.40749979019165,6.40749979019165,1.88987398147583,24000
FTS.TO,1995-05-23,6.4375,6.4375,6.40749979019165,6.40749979019165,1.88987398147583,9600
FTS.TO,1995-05-24,6.40749979019165,6.4375,6.40749979019165,6.4375,1.8987222909927368,21200
FTS.TO,1995-05-25,6.4375,6.5,6.4375,6.5,1.9171552658081055,15600
FTS.TO,1995-05-26,6.5625,6.5625,6.5,6.53249979019165,1.9267417192459106,34400
FTS.TO,1995-05-29,6.5,6.53249979019165,6.5,6.53249979019165,1.9267417192459106,23200
FTS.TO,1995-05-30,6.53249979019165,6.53249979019165,6.5,6.5,1.9171552658081055,42800
FTS.TO,1995-05-31,6.5,6.5,6.4375,6.4375,1.8987222909927368,16800
FTS.TO,1995-06-01,6.4375,6.5,6.4375,6.5,1.9171552658081055,4800
FTS.TO,1995-06-02,6.5,6.5,6.5,6.5,1.9171552658081055,400
FTS.TO,1995-06-05,6.4375,6.5,6.40749979019165,6.40749979019165,1.88987398147583,12800
FTS.TO,1995-06-06,6.4375,6.46999979019165,6.4375,6.4375,1.8987222909927368,22800
FTS.TO,1995-06-07,6.5,6.5,6.4375,6.5,1.9171552658081055,8000
FTS.TO,1995-06-08,6.5,6.5,6.46999979019165,6.46999979019165,1.9083075523376465,10000
FTS.TO,1995-06-09,6.5,6.5,6.46999979019165,6.46999979019165,1.9083075523376465,24800
FTS.TO,1995-06-12,6.5,6.5,6.4375,6.5,1.9171552658081055,11200
FTS.TO,1995-06-13,6.4375,6.5,6.4375,6.4375,1.8987222909927368,20800
FTS.TO,1995-06-14,6.4375,6.5,6.4375,6.5,1.9171552658081055,30400
FTS.TO,1995-06-15,6.5,6.5625,6.46999979019165,6.5625,1.9355906248092651,13600
FTS.TO,1995-06-16,6.5,6.53249979019165,6.5,6.5,1.9171552658081055,10800
FTS.TO,1995-06-19,6.53249979019165,6.53249979019165,6.53249979019165,6.53249979019165,1.9267417192459106,2800
FTS.TO,1995-06-20,6.5625,6.5625,6.5625,6.5625,1.9355906248092651,10800
FTS.TO,1995-06-21,6.5625,6.5625,6.53249979019165,6.5625,1.9355906248092651,13200
FTS.TO,1995-06-22,6.53249979019165,6.5625,6.53249979019165,6.5625,1.9355906248092651,28000
FTS.TO,1995-06-23,6.5625,6.59499979019165,6.5625,6.59499979019165,1.945176362991333,5600
FTS.TO,1995-06-26,6.59499979019165,6.625,6.53249979019165,6.59499979019165,1.945176362991333,15200
FTS.TO,1995-06-27,6.5625,6.625,6.53249979019165,6.625,1.9540246725082397,13200
FTS.TO,1995-06-28,6.59499979019165,6.59499979019165,6.59499979019165,6.59499979019165,1.945176362991333,4000
FTS.TO,1995-06-29,6.5625,6.5625,6.53249979019165,6.53249979019165,1.9267417192459106,22800
FTS.TO,1995-06-30,6.5,6.53249979019165,6.46999979019165,6.46999979019165,1.9083075523376465,39600
FTS.TO,1995-07-04,6.4375,6.4375,6.4375,6.4375,1.8987222909927368,1200
FTS.TO,1995-07-05,6.46999979019165,6.5,6.4375,6.5,1.9171552658081055,6000
FTS.TO,1995-07-06,6.5,6.5,6.5,6.5,1.9171552658081055,2400
FTS.TO,1995-07-07,6.5,6.5,6.46999979019165,6.5,1.9171552658081055,6800
FTS.TO,1995-07-10,6.46999979019165,6.46999979019165,6.4375,6.46999979019165,1.9083075523376465,19600
FTS.TO,1995-07-11,6.5,6.5,6.5,6.5,1.9171552658081055,5200
FTS.TO,1995-07-12,6.53000020980835,6.53000020980835,6.53000020980835,6.53000020980835,1.9260045289993286,6000
FTS.TO,1995-07-13,6.5625,6.625,6.5625,6.625,1.9540246725082397,10000
FTS.TO,1995-07-14,6.6875,6.6875,6.59499979019165,6.625,1.9540246725082397,17200
FTS.TO,1995-07-17,6.59499979019165,6.625,6.59499979019165,6.59499979019165,1.945176362991333,416000
FTS.TO,1995-07-18,6.625,6.625,6.59499979019165,6.59499979019165,1.945176362991333,26800
FTS.TO,1995-07-19,6.59499979019165,6.71999979019165,6.59499979019165,6.71999979019165,1.9820457696914673,15200
FTS.TO,1995-07-20,6.71999979019165,6.71999979019165,6.625,6.65749979019165,1.9636101722717285,10400
FTS.TO,1995-07-21,6.6875,6.6875,6.59499979019165,6.59499979019165,1.945176362991333,11600
FTS.TO,1995-07-24,6.59499979019165,6.59499979019165,6.5625,6.5625,1.9355906248092651,13200
FTS.TO,1995-07-25,6.5625,6.5625,6.53249979019165,6.5625,1.9355906248092651,32000
FTS.TO,1995-07-26,6.5625,6.59499979019165,6.5625,6.5625,1.9355906248092651,8400
FTS.TO,1995-07-27,6.59499979019165,6.6875,6.5625,6.6875,1.9724581241607666,19200
FTS.TO,1995-07-28,6.71999979019165,6.71999979019165,6.5625,6.625,1.9540246725082397,19600
FTS.TO,1995-07-31,6.59499979019165,6.625,6.53249979019165,6.625,1.9540246725082397,46400
FTS.TO,1995-08-01,6.625,6.625,6.59499979019165,6.59499979019165,1.945176362991333,3600
FTS.TO,1995-08-02,6.65749979019165,6.71999979019165,6.625,6.625,1.9540246725082397,158800
FTS.TO,1995-08-03,6.6875,6.6875,6.65749979019165,6.65749979019165,1.9636101722717285,15200
FTS.TO,1995-08-04,6.65749979019165,6.6875,6.65749979019165,6.65749979019165,1.9636101722717285,7200
FTS.TO,1995-08-08,6.65749979019165,6.6875,6.65749979019165,6.6875,1.9724581241607666,16000
FTS.TO,1995-08-09,6.625,6.625,6.59499979019165,6.59499979019165,1.976204514503479,11200
FTS.TO,1995-08-10,6.59499979019165,6.6875,6.59499979019165,6.65749979019165,1.9949324131011963,17200
FTS.TO,1995-08-11,6.65749979019165,6.65749979019165,6.65749979019165,6.65749979019165,1.9949324131011963,1200
FTS.TO,1995-08-14,6.65749979019165,6.6875,6.65749979019165,6.6875,2.0039210319519043,14000
FTS.TO,1995-08-15,6.65749979019165,6.6875,6.65749979019165,6.6875,2.0039210319519043,24800
FTS.TO,1995-08-16,6.65749979019165,6.75,6.65749979019165,6.75,2.0226500034332275,16000
FTS.TO,1995-08-17,6.6875,6.75,6.6875,6.75,2.0226500034332275,12400
FTS.TO,1995-08-18,6.75,6.75,6.75,6.75,2.0226500034332275,3600
FTS.TO,1995-08-21,6.6875,6.75,6.6875,6.6875,2.0039210319519043,6400
FTS.TO,1995-08-22,6.71999979019165,6.71999979019165,6.6875,6.6875,2.0039210319519043,4400
FTS.TO,1995-08-23,6.75,6.78249979019165,6.75,6.78249979019165,2.0323896408081055,7200
FTS.TO,1995-08-24,6.75,6.75,6.75,6.75,2.0226500034332275,4800
FTS.TO,1995-08-25,6.75,6.78249979019165,6.75,6.78249979019165,2.0323896408081055,6000
FTS.TO,1995-08-28,6.78249979019165,6.8125,6.78249979019165,6.78249979019165,2.0323896408081055,11600
FTS.TO,1995-08-29,6.78249979019165,6.84499979019165,6.78249979019165,6.78249979019165,2.0323896408081055,12000
FTS.TO,1995-08-30,6.8125,6.8125,6.8125,6.8125,2.0413784980773926,6000
FTS.TO,1995-08-31,6.78249979019165,6.875,6.78249979019165,6.875,2.0601067543029785,12800
FTS.TO,1995-09-01,6.8125,6.875,6.8125,6.875,2.0601067543029785,6800
FTS.TO,1995-09-05,6.875,6.875,6.84499979019165,6.84499979019165,2.051117420196533,11600
FTS.TO,1995-09-06,6.84499979019165,6.84499979019165,6.75,6.75,2.0226500034332275,18400
FTS.TO,1995-09-07,6.75,6.75,6.71999979019165,6.71999979019165,2.0136609077453613,38800
FTS.TO,1995-09-08,6.75,6.75,6.6875,6.6875,2.0039210319519043,11600
FTS.TO,1995-09-11,6.71999979019165,6.71999979019165,6.6875,6.6875,2.0039210319519043,7600
FTS.TO,1995-09-12,6.6875,6.71999979019165,6.6875,6.6875,2.0039210319519043,21600
FTS.TO,1995-09-13,6.71999979019165,6.71999979019165,6.71999979019165,6.71999979019165,2.0136609077453613,8000
FTS.TO,1995-09-14,6.75,6.75,6.75,6.75,2.0226500034332275,8800
FTS.TO,1995-09-15,6.71999979019165,6.71999979019165,6.71999979019165,6.71999979019165,2.0136609077453613,800
FTS.TO,1995-09-18,6.71999979019165,6.75,6.71999979019165,6.75,2.0226500034332275,1600
FTS.TO,1995-09-19,6.71999979019165,6.75,6.71999979019165,6.75,2.0226500034332275,8000
FTS.TO,1995-09-20,6.6875,6.75,6.6875,6.71999979019165,2.0136609077453613,10400
FTS.TO,1995-09-21,6.6875,6.75,6.6875,6.71999979019165,2.0136609077453613,11200
FTS.TO,1995-09-22,6.6875,6.6875,6.65749979019165,6.6875,2.0039210319519043,12000
FTS.TO,1995-09-25,6.6875,6.6875,6.625,6.625,1.9851938486099243,3600
FTS.TO,1995-09-26,6.625,6.6875,6.625,6.6875,2.0039210319519043,7200
FTS.TO,1995-09-27,6.625,6.6875,6.625,6.65749979019165,1.9949324131011963,4000
FTS.TO,1995-09-28,6.6875,6.75,6.6875,6.75,2.0226500034332275,6400
FTS.TO,1995-09-29,6.6875,6.75,6.6875,6.75,2.0226500034332275,27200
FTS.TO,1995-10-02,6.71999979019165,6.71999979019165,6.71999979019165,6.71999979019165,2.0136609077453613,1600
FTS.TO,1995-10-03,6.75,6.75,6.71999979019165,6.75,2.0226500034332275,41600
FTS.TO,1995-10-04,6.75,6.75,6.71999979019165,6.71999979019165,2.0136609077453613,26400
FTS.TO,1995-10-05,6.75,6.75,6.71999979019165,6.71999979019165,2.0136609077453613,9200
FTS.TO,1995-10-06,6.75,6.75,6.71999979019165,6.71999979019165,2.0136609077453613,19600
FTS.TO,1995-10-10,6.71999979019165,6.71999979019165,6.6875,6.6875,2.0039210319519043,10000
FTS.TO,1995-10-11,6.71999979019165,6.71999979019165,6.625,6.625,1.9851938486099243,16000
FTS.TO,1995-10-12,6.625,6.625,6.625,6.625,1.9851938486099243,19200
FTS.TO,1995-10-13,6.625,6.625,6.625,6.625,1.9851938486099243,20800
FTS.TO,1995-10-16,6.65749979019165,6.75,6.65749979019165,6.75,2.0226500034332275,9600
FTS.TO,1995-10-17,6.75,6.84499979019165,6.75,6.8125,2.0413784980773926,9200
FTS.TO,1995-10-18,6.84499979019165,6.875,6.78249979019165,6.84499979019165,2.051117420196533,82000
FTS.TO,1995-10-19,6.875,6.875,6.84499979019165,6.875,2.0601067543029785,38800
FTS.TO,1995-10-20,6.875,6.875,6.84499979019165,6.875,2.0601067543029785,41200
FTS.TO,1995-10-23,6.8125,6.8125,6.625,6.625,1.9851938486099243,38800
FTS.TO,1995-10-24,6.53249979019165,6.5625,6.34499979019165,6.5,1.947736382484436,30800
FTS.TO,1995-10-25,6.5625,6.59499979019165,6.4375,6.5,1.947736382484436,43200
FTS.TO,1995-10-26,6.46999979019165,6.5,6.46999979019165,6.5,1.947736382484436,12400
FTS.TO,1995-10-27,6.4375,6.5,6.4375,6.5,1.947736382484436,15200
FTS.TO,1995-10-30,6.4375,6.5,6.40749979019165,6.5,1.947736382484436,8000
FTS.TO,1995-10-31,6.875,6.9375,6.84499979019165,6.84499979019165,2.051117420196533,26400
FTS.TO,1995-11-01,6.8125,6.8125,6.8125,6.8125,2.0413784980773926,7200
FTS.TO,1995-11-02,6.875,6.875,6.8125,6.8125,2.0413784980773926,14000
FTS.TO,1995-11-03,6.84499979019165,6.84499979019165,6.78249979019165,6.84499979019165,2.051117420196533,85200
FTS.TO,1995-11-06,6.8125,6.84499979019165,6.78249979019165,6.78249979019165,2.0323896408081055,14400
FTS.TO,1995-11-07,6.78249979019165,6.84499979019165,6.78249979019165,6.84499979019165,2.051117420196533,17600
FTS.TO,1995-11-08,6.78249979019165,6.8125,6.78249979019165,6.78249979019165,2.064817190170288,25200
FTS.TO,1995-11-09,6.78249979019165,6.78249979019165,6.78249979019165,6.78249979019165,2.064817190170288,4400
FTS.TO,1995-11-10,6.78249979019165,6.8125,6.78249979019165,6.78249979019165,2.064817190170288,14800
FTS.TO,1995-11-13,6.78249979019165,6.78249979019165,6.78249979019165,6.78249979019165,2.064817190170288,2800
FTS.TO,1995-11-14,6.78249979019165,6.8125,6.78249979019165,6.78249979019165,2.064817190170288,8800
FTS.TO,1995-11-15,6.84499979019165,6.84499979019165,6.75,6.75,2.054922342300415,8000
FTS.TO,1995-11-16,6.84499979019165,6.875,6.84499979019165,6.84499979019165,2.0838441848754883,18400
FTS.TO,1995-11-17,6.84499979019165,6.875,6.75,6.78249979019165,2.064817190170288,30800
FTS.TO,1995-11-20,6.8125,6.84499979019165,6.78249979019165,6.78249979019165,2.064817190170288,18400
FTS.TO,1995-11-21,6.78249979019165,6.78249979019165,6.78249979019165,6.78249979019165,2.064817190170288,8800
FTS.TO,1995-11-22,6.8125,6.84499979019165,6.78249979019165,6.78249979019165,2.064817190170288,25200
FTS.TO,1995-11-23,6.84499979019165,6.84499979019165,6.78249979019165,6.78249979019165,2.064817190170288,14800
FTS.TO,1995-11-24,6.84499979019165,6.84499979019165,6.78249979019165,6.78249979019165,2.064817190170288,9600
FTS.TO,1995-11-27,6.8125,6.8125,6.78249979019165,6.8125,2.0739498138427734,13600
FTS.TO,1995-11-28,6.84499979019165,6.875,6.8125,6.8125,2.0739498138427734,10400
FTS.TO,1995-11-29,6.8125,6.8125,6.8125,6.8125,2.0739498138427734,400
FTS.TO,1995-11-30,6.84499979019165,6.84499979019165,6.8125,6.8125,2.0739498138427734,16800
FTS.TO,1995-12-01,6.78249979019165,6.8125,6.75,6.75,2.054922342300415,9600
FTS.TO,1995-12-04,6.8125,6.8125,6.75,6.8125,2.0739498138427734,11200
FTS.TO,1995-12-05,6.8125,6.84499979019165,6.78249979019165,6.8125,2.0739498138427734,10800
FTS.TO,1995-12-06,6.8125,6.8125,6.75,6.78249979019165,2.064817190170288,10400
FTS.TO,1995-12-07,6.78249979019165,6.8125,6.78249979019165,6.8125,2.0739498138427734,9200
FTS.TO,1995-12-08,6.78249979019165,6.8125,6.78249979019165,6.8125,2.0739498138427734,5200
FTS.TO,1995-12-11,6.8125,6.8125,6.75,6.75,2.054922342300415,10400
FTS.TO,1995-12-12,6.75,6.75,6.6875,6.6875,2.0358946323394775,9200
FTS.TO,1995-12-13,6.6875,6.6875,6.65749979019165,6.65749979019165,2.0267622470855713,24000
FTS.TO,1995-12-14,6.6875,6.75,6.6875,6.75,2.054922342300415,6400
FTS.TO,1995-12-15,6.71999979019165,6.8125,6.71999979019165,6.8125,2.0739498138427734,5600
FTS.TO,1995-12-18,6.8125,6.8125,6.75,6.8125,2.0739498138427734,9200
FTS.TO,1995-12-19,6.78249979019165,6.8125,6.78249979019165,6.8125,2.0739498138427734,2000
FTS.TO,1995-12-20,6.75,6.8125,6.75,6.75,2.054922342300415,24800
FTS.TO,1995-12-21,6.78249979019165,6.78249979019165,6.6875,6.6875,2.0358946323394775,26800
FTS.TO,1995-12-22,6.6875,6.78249979019165,6.6875,6.78249979019165,2.064817190170288,14000
FTS.TO,1995-12-27,6.78249979019165,6.78249979019165,6.75,6.78249979019165,2.064817190170288,8400
FTS.TO,1995-12-28,6.78249979019165,6.78249979019165,6.71999979019165,6.71999979019165,2.0457897186279297,21600
FTS.TO,1995-12-29,6.75,6.8125,6.75,6.8125,2.0739498138427734,8400
FTS.TO,1996-01-02,6.84499979019165,6.875,6.84499979019165,6.875,2.0929770469665527,6000
FTS.TO,1996-01-03,6.875,6.875,6.84499979019165,6.84499979019165,2.0838441848754883,17600
FTS.TO,1996-01-04,6.84499979019165,6.84499979019165,6.8125,6.8125,2.0739498138427734,25200
FTS.TO,1996-01-05,6.78249979019165,6.84499979019165,6.78249979019165,6.84499979019165,2.0838441848754883,12000
FTS.TO,1996-01-08,6.84499979019165,6.84499979019165,6.8125,6.8125,2.0739498138427734,7600
FTS.TO,1996-01-09,6.8125,6.8125,6.8125,6.8125,2.0739498138427734,7600
FTS.TO,1996-01-10,6.84499979019165,6.84499979019165,6.75,6.78249979019165,2.064817190170288,107600
FTS.TO,1996-01-11,6.78249979019165,6.84499979019165,6.78249979019165,6.78249979019165,2.064817190170288,421600
FTS.TO,1996-01-12,6.84499979019165,6.84499979019165,6.8125,6.84499979019165,2.0838441848754883,12800
FTS.TO,1996-01-15,6.8125,6.8125,6.75,6.75,2.054922342300415,30400
FTS.TO,1996-01-16,6.8125,6.8125,6.8125,6.8125,2.0739498138427734,9600
FTS.TO,1996-01-17,6.8125,6.875,6.78249979019165,6.875,2.0929770469665527,9600
FTS.TO,1996-01-18,6.875,6.875,6.8125,6.8125,2.0739498138427734,39200
FTS.TO,1996-01-19,6.8125,6.8125,6.75,6.78249979019165,2.064817190170288,34400
FTS.TO,1996-01-22,6.8125,6.8125,6.78249979019165,6.78249979019165,2.064817190170288,29600
FTS.TO,1996-01-23,6.78249979019165,6.8125,6.78249979019165,6.8125,2.0739498138427734,5600
FTS.TO,1996-01-24,6.8125,6.84499979019165,6.8125,6.8125,2.0739498138427734,47600
FTS.TO,1996-01-25,6.84499979019165,6.875,6.84499979019165,6.875,2.0929770469665527,28800
FTS.TO,1996-01-26,6.875,6.875,6.78249979019165,6.78249979019165,2.064817190170288,52800
FTS.TO,1996-01-29,6.8125,6.875,6.8125,6.875,2.0929770469665527,35200
FTS.TO,1996-01-30,6.84499979019165,6.875,6.8125,6.875,2.0929770469665527,24400
FTS.TO,1996-01-31,6.875,6.875,6.84499979019165,6.84499979019165,2.0838441848754883,23600
FTS.TO,1996-02-01,6.84499979019165,6.875,6.84499979019165,6.84499979019165,2.0838441848754883,26000
FTS.TO,1996-02-02,6.875,6.875,6.8125,6.8125,2.0739498138427734,41200
FTS.TO,1996-02-05,6.84499979019165,6.875,6.8125,6.8125,2.0739498138427734,36400
FTS.TO,1996-02-06,6.875,6.875,6.84499979019165,6.875,2.0929770469665527,22400
FTS.TO,1996-02-07,6.8125,6.84499979019165,6.78249979019165,6.78249979019165,2.097615957260132,21600
FTS.TO,1996-02-08,6.8125,6.84499979019165,6.8125,6.84499979019165,2.1169450283050537,17200
FTS.TO,1996-02-09,6.875,6.875,6.875,6.875,2.1262245178222656,2800
FTS.TO,1996-02-12,6.84499979019165,6.875,6.84499979019165,6.84499979019165,2.1169450283050537,26000
FTS.TO,1996-02-13,6.84499979019165,6.875,6.84499979019165,6.875,2.1262245178222656,13200
FTS.TO,1996-02-14,6.875,6.875,6.84499979019165,6.875,2.1262245178222656,33200
FTS.TO,1996-02-15,6.84499979019165,6.875,6.84499979019165,6.875,2.1262245178222656,32800
FTS.TO,1996-02-16,6.875,6.875,6.84499979019165,6.84499979019165,2.1169450283050537,35600
FTS.TO,1996-02-19,6.875,6.875,6.84499979019165,6.84499979019165,2.1169450283050537,18400
FTS.TO,1996-02-20,6.84499979019165,6.875,6.84499979019165,6.84499979019165,2.1169450283050537,15600
FTS.TO,1996-02-21,6.84499979019165,6.875,6.84499979019165,6.875,2.1262245178222656,4800
FTS.TO,1996-02-22,6.875,6.875,6.84499979019165,6.875,2.1262245178222656,6000
FTS.TO,1996-02-23,6.84499979019165,6.875,6.8125,6.84499979019165,2.1169450283050537,18000
FTS.TO,1996-02-26,6.84499979019165,6.875,6.84499979019165,6.875,2.1262245178222656,9600
FTS.TO,1996-02-27,6.875,6.875,6.84499979019165,6.875,2.1262245178222656,20800
FTS.TO,1996-02-28,6.875,6.9375,6.875,6.9375,2.1455531120300293,40000
FTS.TO,1996-02-29,6.90749979019165,6.90749979019165,6.875,6.875,2.1262245178222656,71600
FTS.TO,1996-03-01,6.875,6.90749979019165,6.875,6.90749979019165,2.1362743377685547,3600
FTS.TO,1996-03-04,6.90500020980835,6.9375,6.90500020980835,6.9375,2.1455531120300293,1600
FTS.TO,1996-03-05,6.9375,6.9375,6.9375,6.9375,2.1455531120300293,9200
FTS.TO,1996-03-06,6.9375,6.9375,6.9375,6.9375,2.1455531120300293,14400
FTS.TO,1996-03-07,6.9375,6.9375,6.90500020980835,6.90500020980835,2.135502338409424,14000
FTS.TO,1996-03-08,6.9375,6.9375,6.875,6.875,2.1262245178222656,11200
FTS.TO,1996-03-11,6.875,6.90749979019165,6.875,6.875,2.1262245178222656,15600
FTS.TO,1996-03-12,6.875,6.9375,6.875,6.9375,2.1455531120300293,13600
FTS.TO,1996-03-13,7.0,7.0,6.96999979019165,6.96999979019165,2.155604124069214,58000
FTS.TO,1996-03-14,6.96999979019165,6.96999979019165,6.96999979019165,6.96999979019165,2.155604124069214,1600
FTS.TO,1996-03-15,7.0,7.0,6.875,6.9375,2.1455531120300293,80800
FTS.TO,1996-03-18,6.9375,7.0,6.9375,7.0,2.164881944656372,11600
FTS.TO,1996-03-19,6.96999979019165,6.96999979019165,6.90749979019165,6.90749979019165,2.1362743377685547,17200
FTS.TO,1996-03-20,6.9375,6.96750020980835,6.90500020980835,6.9375,2.1455531120300293,14000
FTS.TO,1996-03-21,6.9375,6.96750020980835,6.90500020980835,6.9375,2.1455531120300293,14400
FTS.TO,1996-03-22,7.0,7.0,6.9375,6.96750020980835,2.154831886291504,29200
FTS.TO,1996-03-25,7.0,7.0,6.96750020980835,6.96750020980835,2.154831886291504,14000
FTS.TO,1996-03-26,6.9375,6.96750020980835,6.9375,6.9375,2.1455531120300293,22400
FTS.TO,1996-03-27,6.96750020980835,6.96750020980835,6.9375,6.9375,2.1455531120300293,19600
FTS.TO,1996-03-28,6.9375,6.9375,6.90500020980835,6.90500020980835,2.135502338409424,7200
FTS.TO,1996-03-29,6.90749979019165,6.90749979019165,6.90749979019165,6.90749979019165,2.1362743377685547,4800
FTS.TO,1996-04-01,6.90500020980835,6.9375,6.90500020980835,6.90500020980835,2.135502338409424,18000
FTS.TO,1996-04-02,6.9375,6.9375,6.90500020980835,6.90500020980835,2.135502338409424,12400
FTS.TO,1996-04-03,6.9375,6.96999979019165,6.9375,6.9375,2.1455531120300293,12400
FTS.TO,1996-04-04,6.96750020980835,7.0,6.9375,6.96750020980835,2.154831886291504,33600
FTS.TO,1996-04-08,6.90749979019165,6.90749979019165,6.875,6.90749979019165,2.1362743377685547,4400
FTS.TO,1996-04-09,6.90500020980835,6.9375,6.90500020980835,6.90500020980835,2.135502338409424,8000
FTS.TO,1996-04-10,6.9375,6.96999979019165,6.9375,6.96999979019165,2.155604124069214,11600
FTS.TO,1996-04-11,6.9375,7.0,6.9375,7.0,2.164881944656372,9200
FTS.TO,1996-04-12,7.0,7.0,6.96750020980835,7.0,2.164881944656372,15200
FTS.TO,1996-04-15,7.0,7.0,6.974999904632568,7.0,2.164881944656372,12800
FTS.TO,1996-04-16,7.0,7.0,6.949999809265137,6.949999809265137,2.149419069290161,4000
FTS.TO,1996-04-17,6.9375,6.974999904632568,6.912499904632568,6.925000190734863,2.1416869163513184,18000
FTS.TO,1996-04-18,6.9375,7.0,6.9375,6.974999904632568,2.1571507453918457,14400
FTS.TO,1996-04-19,7.0,7.0,6.9375,6.9375,2.1455531120300293,423200
FTS.TO,1996-04-22,6.962500095367432,6.962500095367432,6.9375,6.9375,2.1455531120300293,26800
FTS.TO,1996-04-23,6.962500095367432,6.974999904632568,6.900000095367432,6.925000190734863,2.1416869163513184,36000
FTS.TO,1996-04-24,6.9375,6.949999809265137,6.912499904632568,6.949999809265137,2.149419069290161,23200
FTS.TO,1996-04-25,6.962500095367432,6.974999904632568,6.962500095367432,6.974999904632568,2.1571507453918457,23200
FTS.TO,1996-04-26,7.0,7.0,6.974999904632568,7.0,2.164881944656372,25600
FTS.TO,1996-04-29,7.0,7.025000095367432,7.0,7.025000095367432,2.1726138591766357,15600
FTS.TO,1996-04-30,7.025000095367432,7.050000190734863,7.025000095367432,7.050000190734863,2.1803462505340576,16000
FTS.TO,1996-05-01,7.025000095367432,7.025000095367432,7.012499809265137,7.012499809265137,2.168747663497925,8000
FTS.TO,1996-05-02,7.025000095367432,7.025000095367432,7.012499809265137,7.025000095367432,2.1726138591766357,18800
FTS.TO,1996-05-03,7.0,7.025000095367432,6.987500190734863,6.987500190734863,2.1610169410705566,12000
FTS.TO,1996-05-06,6.987500190734863,7.0,6.974999904632568,7.0,2.164881944656372,37200
FTS.TO,1996-05-07,7.0,7.0,6.974999904632568,7.0,2.164881944656372,15600
FTS.TO,1996-05-08,7.0,7.025000095367432,7.0,7.025000095367432,2.1726138591766357,19200
FTS.TO,1996-05-09,7.025000095367432,7.025000095367432,7.0,7.012499809265137,2.168747663497925,24400
FTS.TO,1996-05-10,7.025000095367432,7.025000095367432,7.0,7.0,2.164881944656372,11200
FTS.TO,1996-05-13,7.0,7.112500190734863,7.0,7.112500190734863,2.199673652648926,9600
FTS.TO,1996-05-14,7.3125,7.375,7.25,7.25,2.2421977519989014,12400
FTS.TO,1996-05-15,7.175000190734863,7.175000190734863,7.125,7.150000095367432,2.2445545196533203,10800
FTS.TO,1996-05-16,7.074999809265137,7.074999809265137,7.012499809265137,7.0625,2.2170848846435547,12800
FTS.TO,1996-05-17,7.050000190734863,7.099999904632568,7.050000190734863,7.099999904632568,2.2288568019866943,15200
FTS.TO,1996-05-21,7.074999809265137,7.099999904632568,7.0625,7.099999904632568,2.2288568019866943,12000
FTS.TO,1996-05-22,7.099999904632568,7.099999904632568,7.0625,7.074999809265137,2.2210099697113037,8000
FTS.TO,1996-05-23,7.0625,7.087500095367432,7.0625,7.0625,2.2170848846435547,13600
FTS.TO,1996-05-24,7.087500095367432,7.099999904632568,7.0625,7.074999809265137,2.2210099697113037,6400
FTS.TO,1996-05-27,7.074999809265137,7.099999904632568,7.074999809265137,7.099999904632568,2.2288568019866943,6800
FTS.TO,1996-05-28,7.087500095367432,7.099999904632568,7.087500095367432,7.099999904632568,2.2288568019866943,8400
FTS.TO,1996-05-29,7.087500095367432,7.099999904632568,7.087500095367432,7.087500095367432,2.2249341011047363,20400
FTS.TO,1996-05-30,7.087500095367432,7.087500095367432,7.087500095367432,7.087500095367432,2.2249341011047363,1600
FTS.TO,1996-05-31,7.087500095367432,7.099999904632568,7.074999809265137,7.074999809265137,2.2210099697113037,10800
FTS.TO,1996-06-03,7.087500095367432,7.099999904632568,7.074999809265137,7.074999809265137,2.2210099697113037,12000
FTS.TO,1996-06-04,7.074999809265137,7.099999904632568,7.074999809265137,7.074999809265137,2.2210099697113037,7200
FTS.TO,1996-06-05,7.074999809265137,7.099999904632568,7.074999809265137,7.087500095367432,2.2249341011047363,32400
FTS.TO,1996-06-06,7.099999904632568,7.099999904632568,7.074999809265137,7.074999809265137,2.2210099697113037,26400
FTS.TO,1996-06-07,7.0625,7.0625,7.050000190734863,7.050000190734863,2.213160991668701,16000
FTS.TO,1996-06-10,7.074999809265137,7.074999809265137,7.025000095367432,7.025000095367432,2.2053143978118896,433200
FTS.TO,1996-06-11,7.0625,7.0625,7.025000095367432,7.037499904632568,2.209238290786743,8800
FTS.TO,1996-06-12,7.037499904632568,7.037499904632568,7.025000095367432,7.037499904632568,2.209238290786743,24800
FTS.TO,1996-06-13,7.037499904632568,7.037499904632568,7.025000095367432,7.037499904632568,2.209238290786743,27200
FTS.TO,1996-06-14,7.037499904632568,7.037499904632568,7.012499809265137,7.012499809265137,2.2013895511627197,13600
FTS.TO,1996-06-17,7.037499904632568,7.037499904632568,7.012499809265137,7.037499904632568,2.209238290786743,12800
FTS.TO,1996-06-18,7.025000095367432,7.025000095367432,7.0,7.0,2.1974642276763916,13200
FTS.TO,1996-06-19,7.0,7.0,6.974999904632568,6.974999904632568,2.18961763381958,24400
FTS.TO,1996-06-20,7.0,7.012499809265137,6.974999904632568,7.012499809265137,2.2013895511627197,59600
FTS.TO,1996-06-21,7.025000095367432,7.025000095367432,7.012499809265137,7.012499809265137,2.2013895511627197,30000
FTS.TO,1996-06-24,7.025000095367432,7.050000190734863,7.0,7.025000095367432,2.2053143978118896,30000
FTS.TO,1996-06-25,7.0625,7.099999904632568,7.037499904632568,7.0625,2.2170848846435547,37600
FTS.TO,1996-06-26,7.099999904632568,7.162499904632568,7.099999904632568,7.150000095367432,2.2445545196533203,5200
FTS.TO,1996-06-27,7.162499904632568,7.212500095367432,7.162499904632568,7.212500095367432,2.2641754150390625,13600
FTS.TO,1996-06-28,7.199999809265137,7.237500190734863,7.199999809265137,7.237500190734863,2.2720229625701904,14000
FTS.TO,1996-07-02,7.25,7.25,7.224999904632568,7.224999904632568,2.2680981159210205,26800
FTS.TO,1996-07-03,7.25,7.275000095367432,7.237500190734863,7.237500190734863,2.2720229625701904,36800
FTS.TO,1996-07-04,7.25,7.300000190734863,7.25,7.300000190734863,2.2916417121887207,36400
FTS.TO,1996-07-05,7.300000190734863,7.300000190734863,7.25,7.25,2.275947332382202,16800
FTS.TO,1996-07-08,7.275000095367432,7.275000095367432,7.25,7.262499809265137,2.2798705101013184,20000
FTS.TO,1996-07-09,7.25,7.300000190734863,7.25,7.300000190734863,2.2916417121887207,34000
FTS.TO,1996-07-10,7.275000095367432,7.300000190734863,7.275000095367432,7.300000190734863,2.2916417121887207,28000
FTS.TO,1996-07-11,7.300000190734863,7.324999809265137,7.275000095367432,7.275000095367432,2.28379487991333,30000
FTS.TO,1996-07-12,7.349999904632568,7.349999904632568,7.324999809265137,7.349999904632568,2.3073391914367676,35600
FTS.TO,1996-07-15,7.349999904632568,7.349999904632568,7.324999809265137,7.337500095367432,2.3034143447875977,21200
FTS.TO,1996-07-16,7.349999904632568,7.349999904632568,7.275000095367432,7.275000095367432,2.28379487991333,4800
FTS.TO,1996-07-17,7.362500190734863,7.362500190734863,7.324999809265137,7.337500095367432,2.3034143447875977,4000
FTS.TO,1996-07-18,7.337500095367432,7.400000095367432,7.337500095367432,7.400000095367432,2.3230340480804443,34400
FTS.TO,1996-07-19,7.400000095367432,7.412499904632568,7.387499809265137,7.387499809265137,2.3191113471984863,14800
FTS.TO,1996-07-22,7.425000190734863,7.425000190734863,7.400000095367432,7.425000190734863,2.330883502960205,10800
FTS.TO,1996-07-23,7.425000190734863,7.4375,7.400000095367432,7.425000190734863,2.330883502960205,22800
FTS.TO,1996-07-24,7.412499904632568,7.474999904632568,7.412499904632568,7.474999904632568,2.3465800285339355,28400
FTS.TO,1996-07-25,7.462500095367432,7.474999904632568,7.4375,7.462500095367432,2.3426551818847656,11600
FTS.TO,1996-07-26,7.462500095367432,7.5,7.462500095367432,7.5,2.3544275760650635,2800
FTS.TO,1996-07-29,7.5625,7.5625,7.5,7.5,2.3544275760650635,9600
FTS.TO,1996-07-30,7.5,7.5,7.4375,7.487500190734863,2.3505032062530518,40800
FTS.TO,1996-07-31,7.5,7.5,7.474999904632568,7.474999904632568,2.3465800285339355,22000
FTS.TO,1996-08-01,7.474999904632568,7.5,7.474999904632568,7.5,2.3544275760650635,4400
FTS.TO,1996-08-02,7.5,7.512499809265137,7.4375,7.4375,2.3348069190979004,11600
FTS.TO,1996-08-06,7.5,7.537499904632568,7.5,7.537499904632568,2.366199016571045,10000
FTS.TO,1996-08-07,7.525000095367432,7.5625,7.525000095367432,7.537499904632568,2.366199016571045,10400
FTS.TO,1996-08-08,7.537499904632568,7.625,7.537499904632568,7.625,2.3936679363250732,18400
FTS.TO,1996-08-09,7.599999904632568,7.75,7.599999904632568,7.75,2.432908535003662,19600
FTS.TO,1996-08-12,7.75,7.800000190734863,7.75,7.775000095367432,2.4407567977905273,33200
FTS.TO,1996-08-13,7.8125,7.849999904632568,7.762499809265137,7.824999809265137,2.456451892852783,60400
FTS.TO,1996-08-14,7.762499809265137,7.762499809265137,7.650000095367432,7.650000095367432,2.434967279434204,56000
FTS.TO,1996-08-15,7.650000095367432,7.675000190734863,7.612500190734863,7.612500190734863,2.4230313301086426,26400
FTS.TO,1996-08-16,7.625,7.650000095367432,7.625,7.625,2.4270107746124268,10800
FTS.TO,1996-08-19,7.625,7.662499904632568,7.525000095367432,7.525000095367432,2.3951797485351562,18800
FTS.TO,1996-08-20,7.574999809265137,7.574999809265137,7.574999809265137,7.574999809265137,2.411095142364502,3600
FTS.TO,1996-08-21,7.537499904632568,7.537499904632568,7.5,7.525000095367432,2.3951797485351562,22800
FTS.TO,1996-08-22,7.525000095367432,7.550000190734863,7.5,7.525000095367432,2.3951797485351562,30400
FTS.TO,1996-08-23,7.550000190734863,7.550000190734863,7.537499904632568,7.537499904632568,2.3991587162017822,2800
FTS.TO,1996-08-26,7.525000095367432,7.550000190734863,7.525000095367432,7.550000190734863,2.4031386375427246,3200
FTS.TO,1996-08-27,7.550000190734863,7.550000190734863,7.525000095367432,7.550000190734863,2.4031386375427246,5200
FTS.TO,1996-08-28,7.550000190734863,7.550000190734863,7.525000095367432,7.525000095367432,2.3951797485351562,12400
FTS.TO,1996-08-29,7.550000190734863,7.550000190734863,7.525000095367432,7.550000190734863,2.4031386375427246,36400
FTS.TO,1996-08-30,7.587500095367432,7.599999904632568,7.5625,7.599999904632568,2.419052839279175,9200
FTS.TO,1996-09-03,7.599999904632568,7.599999904632568,7.5625,7.5625,2.4071168899536133,10000
FTS.TO,1996-09-04,7.612500190734863,7.625,7.599999904632568,7.599999904632568,2.419052839279175,9200
FTS.TO,1996-09-05,7.625,7.625,7.599999904632568,7.599999904632568,2.419052839279175,5600
FTS.TO,1996-09-06,7.650000095367432,7.650000095367432,7.625,7.625,2.4270107746124268,8400
FTS.TO,1996-09-09,7.650000095367432,7.6875,7.650000095367432,7.6875,2.446904420852661,6000
FTS.TO,1996-09-10,7.75,7.75,7.712500095367432,7.712500095367432,2.4548611640930176,3200
FTS.TO,1996-09-11,7.724999904632568,7.775000095367432,7.724999904632568,7.724999904632568,2.4588396549224854,37600
FTS.TO,1996-09-12,7.712500095367432,7.8125,7.712500095367432,7.775000095367432,2.474754810333252,27200
FTS.TO,1996-09-13,7.800000190734863,7.849999904632568,7.775000095367432,7.800000190734863,2.4827117919921875,18800
FTS.TO,1996-09-16,7.800000190734863,7.849999904632568,7.800000190734863,7.800000190734863,2.4827117919921875,362800
FTS.TO,1996-09-17,7.824999809265137,7.824999809265137,7.800000190734863,7.824999809265137,2.4906678199768066,54000
FTS.TO,1996-09-18,7.824999809265137,7.824999809265137,7.8125,7.824999809265137,2.4906678199768066,5600
FTS.TO,1996-09-19,7.849999904632568,7.875,7.837500095367432,7.862500190734863,2.502605676651001,5600
FTS.TO,1996-09-20,7.862500190734863,7.875,7.837500095367432,7.849999904632568,2.4986279010772705,31600
FTS.TO,1996-09-23,7.862500190734863,7.862500190734863,7.8125,7.8125,2.4866912364959717,30000
FTS.TO,1996-09-24,7.849999904632568,7.875,7.849999904632568,7.849999904632568,2.4986279010772705,44800
FTS.TO,1996-09-25,7.875,7.875,7.875,7.875,2.5065836906433105,7200
FTS.TO,1996-09-26,7.875,7.9375,7.875,7.875,2.5065836906433105,26800
FTS.TO,1996-09-27,7.900000095367432,7.900000095367432,7.875,7.900000095367432,2.514540910720825,18400
FTS.TO,1996-09-30,7.912499904632568,7.925000190734863,7.887499809265137,7.887499809265137,2.5105621814727783,16400
FTS.TO,1996-10-01,7.900000095367432,7.900000095367432,7.875,7.887499809265137,2.5105621814727783,17200
FTS.TO,1996-10-02,7.887499809265137,7.887499809265137,7.862500190734863,7.862500190734863,2.502605676651001,6400
FTS.TO,1996-10-03,7.862500190734863,7.862500190734863,7.862500190734863,7.862500190734863,2.502605676651001,4800
FTS.TO,1996-10-04,7.875,7.875,7.849999904632568,7.875,2.5065836906433105,20000
FTS.TO,1996-10-07,7.849999904632568,7.875,7.824999809265137,7.824999809265137,2.4906678199768066,18400
FTS.TO,1996-10-08,7.824999809265137,7.862500190734863,7.824999809265137,7.837500095367432,2.4946486949920654,11200
FTS.TO,1996-10-09,7.837500095367432,7.862500190734863,7.837500095367432,7.837500095367432,2.4946486949920654,9200
FTS.TO,1996-10-10,7.849999904632568,7.849999904632568,7.8125,7.8125,2.4866912364959717,20800
FTS.TO,1996-10-11,7.8125,7.837500095367432,7.775000095367432,7.775000095367432,2.474754810333252,15200
FTS.TO,1996-10-15,7.775000095367432,7.8125,7.775000095367432,7.8125,2.4866912364959717,276800
FTS.TO,1996-10-16,7.849999904632568,7.875,7.824999809265137,7.875,2.5065836906433105,19200
FTS.TO,1996-10-17,7.875,7.987500190734863,7.875,7.987500190734863,2.5423922538757324,45200
FTS.TO,1996-10-18,8.012499809265137,8.087499618530273,8.012499809265137,8.074999809265137,2.570244073867798,10400
FTS.TO,1996-10-21,8.100000381469727,8.149999618530273,8.087499618530273,8.149999618530273,2.594116449356079,10400
FTS.TO,1996-10-22,8.1875,8.225000381469727,8.175000190734863,8.225000381469727,2.617988109588623,11200
FTS.TO,1996-10-23,8.225000381469727,8.25,8.225000381469727,8.225000381469727,2.617988109588623,15600
FTS.TO,1996-10-24,8.25,8.287500381469727,8.25,8.274999618530273,2.6339030265808105,18800
FTS.TO,1996-10-25,8.300000190734863,8.550000190734863,8.300000190734863,8.524999618530273,2.71347713470459,10800
FTS.TO,1996-10-28,8.5,8.5,8.412500381469727,8.4375,2.685624837875366,32400
FTS.TO,1996-10-29,8.412500381469727,8.449999809265137,8.375,8.425000190734863,2.6816463470458984,22400
FTS.TO,1996-10-30,8.4375,8.524999618530273,8.399999618530273,8.524999618530273,2.71347713470459,28400
FTS.TO,1996-10-31,8.512499809265137,8.550000190734863,8.512499809265137,8.512499809265137,2.7094979286193848,298000
FTS.TO,1996-11-01,8.5,8.512499809265137,8.475000381469727,8.5,2.705518960952759,16000
FTS.TO,1996-11-04,8.5625,8.5625,8.512499809265137,8.5625,2.7254130840301514,12400
FTS.TO,1996-11-05,8.550000190734863,8.675000190734863,8.524999618530273,8.625,2.745306968688965,22800
FTS.TO,1996-11-06,8.625,8.625,8.5625,8.612500190734863,2.741325855255127,41200
FTS.TO,1996-11-07,8.600000381469727,8.612500190734863,8.587499618530273,8.600000381469727,2.7373485565185547,11200
FTS.TO,1996-11-08,8.600000381469727,8.600000381469727,8.574999809265137,8.587499618530273,2.7333714962005615,26400
FTS.TO,1996-11-11,8.5625,8.574999809265137,8.512499809265137,8.5625,2.7254130840301514,11200
FTS.TO,1996-11-12,8.550000190734863,8.550000190734863,8.524999618530273,8.524999618530273,2.71347713470459,38800
FTS.TO,1996-11-13,8.4375,8.4375,7.800000190734863,7.9375,2.5587432384490967,62000
FTS.TO,1996-11-14,8.125,8.199999809265137,8.0625,8.199999809265137,2.643362283706665,23200
FTS.TO,1996-11-15,8.25,8.25,8.1875,8.1875,2.639333724975586,21200
FTS.TO,1996-11-18,8.225000381469727,8.237500190734863,8.199999809265137,8.225000381469727,2.6514217853546143,7600
FTS.TO,1996-11-19,8.237500190734863,8.300000190734863,8.199999809265137,8.262499809265137,2.6635098457336426,16400
FTS.TO,1996-11-20,8.287500381469727,8.3125,8.274999618530273,8.3125,2.679628849029541,16800
FTS.TO,1996-11-21,8.324999809265137,8.324999809265137,8.262499809265137,8.262499809265137,2.6635098457336426,118000
FTS.TO,1996-11-22,8.287500381469727,8.287500381469727,8.212499618530273,8.212499618530273,2.647392749786377,13200
FTS.TO,1996-11-25,8.212499618530273,8.25,8.212499618530273,8.237500190734863,2.655452013015747,24400
FTS.TO,1996-11-26,8.25,8.25,8.175000190734863,8.1875,2.639333724975586,20400
FTS.TO,1996-11-27,8.199999809265137,8.237500190734863,8.1875,8.237500190734863,2.655452013015747,18000
FTS.TO,1996-11-28,8.237500190734863,8.25,8.237500190734863,8.25,2.659480333328247,4000
FTS.TO,1996-11-29,8.25,8.274999618530273,8.212499618530273,8.212499618530273,2.647392749786377,22800
FTS.TO,1996-12-02,8.274999618530273,8.274999618530273,8.237500190734863,8.25,2.659480333328247,281200
FTS.TO,1996-12-03,8.262499809265137,8.262499809265137,8.237500190734863,8.25,2.659480333328247,33600
FTS.TO,1996-12-04,8.25,8.25,8.225000381469727,8.25,2.659480333328247,18800
FTS.TO,1996-12-05,8.25,8.25,8.212499618530273,8.225000381469727,2.6514217853546143,51600
FTS.TO,1996-12-06,8.225000381469727,8.225000381469727,8.212499618530273,8.225000381469727,2.6514217853546143,25200
FTS.TO,1996-12-09,8.225000381469727,8.3125,8.225000381469727,8.300000190734863,2.6755988597869873,79600
FTS.TO,1996-12-10,8.300000190734863,8.3125,8.300000190734863,8.3125,2.679628849029541,31600
FTS.TO,1996-12-11,8.262499809265137,8.274999618530273,8.225000381469727,8.225000381469727,2.6514217853546143,7600
FTS.TO,1996-12-12,8.199999809265137,8.225000381469727,8.149999618530273,8.1875,2.639333724975586,18800
FTS.TO,1996-12-13,8.1875,8.212499618530273,8.137499809265137,8.212499618530273,2.647392749786377,10400
FTS.TO,1996-12-16,8.212499618530273,8.212499618530273,8.112500190734863,8.112500190734863,2.615157127380371,67600
FTS.TO,1996-12-17,8.112500190734863,8.112500190734863,8.087499618530273,8.087499618530273,2.607097625732422,29200
FTS.TO,1996-12-18,8.074999809265137,8.074999809265137,8.0,8.0,2.5788896083831787,22000
FTS.TO,1996-12-19,8.050000190734863,8.050000190734863,7.912499904632568,8.0,2.5788896083831787,196800
FTS.TO,1996-12-20,8.037500381469727,8.037500381469727,8.0,8.0,2.5788896083831787,64400
FTS.TO,1996-12-23,8.0,8.0625,8.0,8.0625,2.599039077758789,2800
FTS.TO,1996-12-24,8.087499618530273,8.087499618530273,8.050000190734863,8.050000190734863,2.5950074195861816,800
FTS.TO,1996-12-27,8.125,8.225000381469727,8.100000381469727,8.125,2.619187116622925,9200
FTS.TO,1996-12-30,8.199999809265137,8.425000190734863,8.199999809265137,8.425000190734863,2.7158942222595215,14400
FTS.TO,1996-12-31,8.5,8.5,8.449999809265137,8.5,2.7400705814361572,11200
FTS.TO,1997-01-02,8.375,8.375,8.25,8.25,2.659480333328247,6800
FTS.TO,1997-01-03,8.175000190734863,8.25,8.175000190734863,8.25,2.659480333328247,13200
FTS.TO,1997-01-06,8.212499618530273,8.212499618530273,8.199999809265137,8.199999809265137,2.643362283706665,4800
FTS.TO,1997-01-07,8.1875,8.212499618530273,8.175000190734863,8.199999809265137,2.643362283706665,17200
FTS.TO,1997-01-08,8.225000381469727,8.25,8.199999809265137,8.25,2.659480333328247,28800
FTS.TO,1997-01-09,8.25,8.25,8.212499618530273,8.225000381469727,2.6514217853546143,14000
FTS.TO,1997-01-10,8.225000381469727,8.25,8.199999809265137,8.25,2.659480333328247,16400
FTS.TO,1997-01-13,8.212499618530273,8.274999618530273,8.212499618530273,8.25,2.659480333328247,30400
FTS.TO,1997-01-14,8.25,8.287500381469727,8.25,8.287500381469727,2.671569347381592,8000
FTS.TO,1997-01-15,8.337499618530273,8.475000381469727,8.337499618530273,8.475000381469727,2.7320139408111572,6000
FTS.TO,1997-01-16,8.449999809265137,8.487500190734863,8.449999809265137,8.487500190734863,2.736042022705078,12000
FTS.TO,1997-01-17,8.487500190734863,8.5625,8.487500190734863,8.524999618530273,2.7481307983398438,10400
FTS.TO,1997-01-20,8.5,8.537500381469727,8.5,8.524999618530273,2.7481307983398438,18400
FTS.TO,1997-01-21,8.550000190734863,8.550000190734863,8.512499809265137,8.512499809265137,2.74410080909729,5200
FTS.TO,1997-01-22,8.524999618530273,8.550000190734863,8.5,8.537500381469727,2.7521603107452393,10800
FTS.TO,1997-01-23,8.537500381469727,8.550000190734863,8.524999618530273,8.550000190734863,2.7561891078948975,9600
FTS.TO,1997-01-24,8.512499809265137,8.550000190734863,8.5,8.5,2.7400705814361572,6400
FTS.TO,1997-01-27,8.512499809265137,8.537500381469727,8.5,8.5,2.7400705814361572,12000
FTS.TO,1997-01-28,8.537500381469727,8.550000190734863,8.5,8.5,2.7400705814361572,9600
FTS.TO,1997-01-29,8.487500190734863,8.487500190734863,8.4375,8.4375,2.719923257827759,14000
FTS.TO,1997-01-30,8.4375,8.462499618530273,8.425000190734863,8.425000190734863,2.7158942222595215,17600
FTS.TO,1997-01-31,8.4375,8.449999809265137,8.425000190734863,8.425000190734863,2.7158942222595215,33200
FTS.TO,1997-02-03,8.412500381469727,8.449999809265137,8.412500381469727,8.412500381469727,2.7118656635284424,2000
FTS.TO,1997-02-04,8.4375,8.4375,8.412500381469727,8.4375,2.719923257827759,8000
FTS.TO,1997-02-05,8.449999809265137,8.449999809265137,8.425000190734863,8.449999809265137,2.7239527702331543,18400
FTS.TO,1997-02-06,8.449999809265137,8.449999809265137,8.425000190734863,8.4375,2.719923257827759,14800
FTS.TO,1997-02-07,8.4375,8.4375,8.412500381469727,8.4375,2.719923257827759,18800
FTS.TO,1997-02-10,8.4375,8.4375,8.4375,8.4375,2.719923257827759,4800
FTS.TO,1997-02-11,8.4375,8.4375,8.4375,8.4375,2.719923257827759,400
FTS.TO,1997-02-12,8.387499809265137,8.425000190734863,8.375,8.375,2.7354393005371094,18000
FTS.TO,1997-02-13,8.412500381469727,8.412500381469727,8.324999809265137,8.362500190734863,2.7313551902770996,15600
FTS.TO,1997-02-14,8.362500190734863,8.362500190734863,8.324999809265137,8.324999809265137,2.7191076278686523,6000
FTS.TO,1997-02-17,8.324999809265137,8.337499618530273,8.3125,8.324999809265137,2.7191076278686523,15600
FTS.TO,1997-02-18,8.350000381469727,8.350000381469727,8.350000381469727,8.350000381469727,2.7272729873657227,4400
FTS.TO,1997-02-19,8.350000381469727,8.362500190734863,8.350000381469727,8.362500190734863,2.7313551902770996,1600
FTS.TO,1997-02-20,8.350000381469727,8.350000381469727,8.1875,8.1875,2.6741974353790283,10800
FTS.TO,1997-02-21,8.25,8.274999618530273,8.25,8.274999618530273,2.7027759552001953,8000
FTS.TO,1997-02-24,8.3125,8.3125,8.274999618530273,8.300000190734863,2.710942268371582,5600
FTS.TO,1997-02-25,8.3125,8.324999809265137,8.3125,8.324999809265137,2.7191076278686523,4800
FTS.TO,1997-02-26,8.300000190734863,8.3125,8.274999618530273,8.274999618530273,2.7027759552001953,5200
FTS.TO,1997-02-27,8.25,8.25,8.25,8.25,2.6946096420288086,5600
FTS.TO,1997-02-28,8.237500190734863,8.237500190734863,8.199999809265137,8.225000381469727,2.6864447593688965,11200
FTS.TO,1997-03-03,8.274999618530273,8.274999618530273,8.274999618530273,8.274999618530273,2.7027759552001953,0
FTS.TO,1997-03-04,8.274999618530273,8.274999618530273,8.25,8.25,2.6946096420288086,1200
FTS.TO,1997-03-05,8.287500381469727,8.337499618530273,8.274999618530273,8.337499618530273,2.723188877105713,10000
FTS.TO,1997-03-06,8.300000190734863,8.3125,8.300000190734863,8.3125,2.715024709701538,14800
FTS.TO,1997-03-07,8.350000381469727,8.449999809265137,8.3125,8.425000190734863,2.7517693042755127,7200
FTS.TO,1997-03-10,8.449999809265137,8.449999809265137,8.25,8.25,2.6946096420288086,50800
FTS.TO,1997-03-11,8.337499618530273,8.337499618530273,8.274999618530273,8.324999809265137,2.7191076278686523,14000
FTS.TO,1997-03-12,8.324999809265137,8.324999809265137,8.287500381469727,8.324999809265137,2.7191076278686523,7600
FTS.TO,1997-03-13,8.324999809265137,8.350000381469727,8.3125,8.324999809265137,2.7191076278686523,15600
FTS.TO,1997-03-14,8.25,8.3125,8.25,8.3125,2.715024709701538,3200
FTS.TO,1997-03-17,8.300000190734863,8.3125,8.274999618530273,8.3125,2.715024709701538,4400
FTS.TO,1997-03-18,8.3125,8.3125,8.25,8.25,2.6946096420288086,30800
FTS.TO,1997-03-19,8.199999809265137,8.199999809265137,8.199999809265137,8.199999809265137,2.6782796382904053,2400
FTS.TO,1997-03-20,8.199999809265137,8.199999809265137,8.149999618530273,8.149999618530273,2.661947727203369,12400
FTS.TO,1997-03-21,8.125,8.162500381469727,8.100000381469727,8.100000381469727,2.6456186771392822,14000
FTS.TO,1997-03-24,8.100000381469727,8.100000381469727,8.0625,8.0625,2.6333699226379395,12000
FTS.TO,1997-03-25,8.100000381469727,8.100000381469727,8.0625,8.100000381469727,2.6456186771392822,16800
FTS.TO,1997-03-26,8.087499618530273,8.100000381469727,8.087499618530273,8.087499618530273,2.6415348052978516,15200
FTS.TO,1997-03-27,8.074999809265137,8.074999809265137,8.0625,8.0625,2.6333699226379395,46800
FTS.TO,1997-03-31,8.0625,8.0625,7.887499809265137,7.887499809265137,2.5762107372283936,14000
FTS.TO,1997-04-01,7.875,7.887499809265137,7.824999809265137,7.887499809265137,2.5762107372283936,14800
FTS.TO,1997-04-02,7.875,7.900000095367432,7.849999904632568,7.875,2.5721287727355957,12000
FTS.TO,1997-04-03,7.887499809265137,7.887499809265137,7.837500095367432,7.849999904632568,2.563964366912842,10000
FTS.TO,1997-04-04,7.862500190734863,7.875,7.837500095367432,7.837500095367432,2.559880018234253,13200
FTS.TO,1997-04-07,7.862500190734863,7.875,7.862500190734863,7.862500190734863,2.5680458545684814,2800
FTS.TO,1997-04-08,7.862500190734863,7.875,7.837500095367432,7.862500190734863,2.5680458545684814,9200
FTS.TO,1997-04-09,7.837500095367432,7.837500095367432,7.824999809265137,7.837500095367432,2.559880018234253,11600
FTS.TO,1997-04-10,7.824999809265137,7.900000095367432,7.824999809265137,7.887499809265137,2.5762107372283936,17600
FTS.TO,1997-04-11,7.9375,7.9375,7.9375,7.9375,2.5925424098968506,800
FTS.TO,1997-04-14,7.9375,7.9375,7.824999809265137,7.837500095367432,2.559880018234253,9600
FTS.TO,1997-04-15,7.875,7.949999809265137,7.849999904632568,7.949999809265137,2.5966241359710693,26000
FTS.TO,1997-04-16,8.0,8.0,8.0,8.0,2.612955093383789,6000
FTS.TO,1997-04-17,8.125,8.125,8.050000190734863,8.0625,2.6333699226379395,17600
FTS.TO,1997-04-18,8.0,8.024999618530273,8.0,8.0,2.612955093383789,9200
FTS.TO,1997-04-21,8.050000190734863,8.050000190734863,8.050000190734863,8.050000190734863,2.629286289215088,800
FTS.TO,1997-04-22,8.087499618530273,8.225000381469727,8.087499618530273,8.225000381469727,2.6864447593688965,24400
FTS.TO,1997-04-23,8.199999809265137,8.225000381469727,8.175000190734863,8.225000381469727,2.6864447593688965,27200
FTS.TO,1997-04-24,8.25,8.287500381469727,8.225000381469727,8.225000381469727,2.6864447593688965,24000
FTS.TO,1997-04-25,8.25,8.25,8.25,8.25,2.6946096420288086,3200
FTS.TO,1997-04-28,8.274999618530273,8.274999618530273,8.225000381469727,8.25,2.6946096420288086,12000
FTS.TO,1997-04-29,8.274999618530273,8.274999618530273,8.212499618530273,8.212499618530273,2.6823620796203613,7200
FTS.TO,1997-04-30,8.237500190734863,8.300000190734863,8.237500190734863,8.300000190734863,2.710942268371582,11600
FTS.TO,1997-05-01,8.3125,8.350000381469727,8.3125,8.350000381469727,2.7272729873657227,16000
FTS.TO,1997-05-02,8.425000190734863,8.462499618530273,8.425000190734863,8.462499618530273,2.764017343521118,4000
FTS.TO,1997-05-05,8.4375,8.475000381469727,8.4375,8.475000381469727,2.7681009769439697,10000
FTS.TO,1997-05-06,8.5,8.5,8.462499618530273,8.462499618530273,2.764017343521118,14400
FTS.TO,1997-05-07,8.350000381469727,8.4375,8.350000381469727,8.4375,2.792147636413574,7200
FTS.TO,1997-05-08,8.375,8.399999618530273,8.375,8.375,2.7714645862579346,12000
FTS.TO,1997-05-09,8.375,8.425000190734863,8.375,8.425000190734863,2.78800892829895,6400
FTS.TO,1997-05-12,8.387499809265137,8.425000190734863,8.387499809265137,8.425000190734863,2.78800892829895,6000
FTS.TO,1997-05-13,8.425000190734863,8.425000190734863,8.350000381469727,8.350000381469727,2.763190269470215,10800
FTS.TO,1997-05-14,8.3125,8.337499618530273,8.3125,8.3125,2.750779628753662,3600
FTS.TO,1997-05-15,8.3125,8.3125,8.25,8.25,2.730097770690918,55600
FTS.TO,1997-05-16,8.237500190734863,8.274999618530273,8.237500190734863,8.274999618530273,2.7383713722229004,11200
FTS.TO,1997-05-20,8.274999618530273,8.287500381469727,8.262499809265137,8.287500381469727,2.74250864982605,8400
FTS.TO,1997-05-21,8.287500381469727,8.3125,8.262499809265137,8.3125,2.750779628753662,16400
FTS.TO,1997-05-22,8.287500381469727,8.3125,8.287500381469727,8.3125,2.750779628753662,9200
FTS.TO,1997-05-23,8.3125,8.3125,8.300000190734863,8.3125,2.750779628753662,112400
FTS.TO,1997-05-26,8.350000381469727,8.350000381469727,8.3125,8.350000381469727,2.763190269470215,26800
FTS.TO,1997-05-27,8.3125,8.324999809265137,8.287500381469727,8.324999809265137,2.7549173831939697,10000
FTS.TO,1997-05-28,8.337499618530273,8.387499809265137,8.324999809265137,8.375,2.7714645862579346,24800
FTS.TO,1997-05-29,8.387499809265137,8.387499809265137,8.375,8.375,2.7714645862579346,12000
FTS.TO,1997-05-30,8.375,8.375,8.324999809265137,8.324999809265137,2.7549173831939697,11200
FTS.TO,1997-06-02,8.362500190734863,8.362500190734863,8.324999809265137,8.324999809265137,2.7549173831939697,24400
FTS.TO,1997-06-03,8.350000381469727,8.350000381469727,8.3125,8.337499618530273,2.7590534687042236,27600
FTS.TO,1997-06-04,8.362500190734863,8.362500190734863,8.350000381469727,8.350000381469727,2.763190269470215,1200
FTS.TO,1997-06-05,8.350000381469727,8.375,8.350000381469727,8.375,2.7714645862579346,4800
FTS.TO,1997-06-06,8.399999618530273,8.399999618530273,8.375,8.399999618530273,2.7797367572784424,22000
FTS.TO,1997-06-09,8.449999809265137,8.5,8.449999809265137,8.5,2.812828540802002,8000
FTS.TO,1997-06-10,8.550000190734863,8.5625,8.550000190734863,8.5625,2.833512306213379,3200
FTS.TO,1997-06-11,8.625,8.699999809265137,8.625,8.6875,2.874876022338867,5600
FTS.TO,1997-06-12,8.6875,8.699999809265137,8.649999618530273,8.6875,2.874876022338867,26800
FTS.TO,1997-06-13,8.699999809265137,8.699999809265137,8.662500381469727,8.662500381469727,2.8666021823883057,29600
FTS.TO,1997-06-16,8.649999618530273,8.6875,8.649999618530273,8.6875,2.874876022338867,9200
FTS.TO,1997-06-17,8.662500381469727,8.675000190734863,8.662500381469727,8.662500381469727,2.8666021823883057,8000
FTS.TO,1997-06-18,8.6875,8.6875,8.662500381469727,8.6875,2.874876022338867,13200
FTS.TO,1997-06-19,8.6875,8.6875,8.662500381469727,8.6875,2.874876022338867,4800
FTS.TO,1997-06-20,8.649999618530273,8.649999618530273,8.625,8.649999618530273,2.862464666366577,7200
FTS.TO,1997-06-23,8.649999618530273,8.675000190734863,8.637499809265137,8.637499809265137,2.858330249786377,36000
FTS.TO,1997-06-24,8.675000190734863,8.6875,8.649999618530273,8.675000190734863,2.870739459991455,30400
FTS.TO,1997-06-25,8.675000190734863,8.6875,8.675000190734863,8.6875,2.874876022338867,26800
FTS.TO,1997-06-26,8.637499809265137,8.675000190734863,8.637499809265137,8.675000190734863,2.870739459991455,21600
FTS.TO,1997-06-27,8.675000190734863,8.675000190734863,8.675000190734863,8.675000190734863,2.870739459991455,2400
FTS.TO,1997-06-30,8.649999618530273,8.675000190734863,8.637499809265137,8.662500381469727,2.8666021823883057,10400
FTS.TO,1997-07-02,8.675000190734863,8.675000190734863,8.612500190734863,8.662500381469727,2.8666021823883057,14800
FTS.TO,1997-07-03,8.662500381469727,8.675000190734863,8.649999618530273,8.649999618530273,2.862464666366577,89200
FTS.TO,1997-07-04,8.625,8.649999618530273,8.625,8.649999618530273,2.862464666366577,8800
FTS.TO,1997-07-07,8.637499809265137,8.662500381469727,8.625,8.625,2.854194402694702,11600
FTS.TO,1997-07-08,8.600000381469727,8.625,8.600000381469727,8.625,2.854194402694702,3200
FTS.TO,1997-07-09,8.600000381469727,8.637499809265137,8.5625,8.637499809265137,2.858330249786377,13200
FTS.TO,1997-07-10,8.625,8.637499809265137,8.625,8.625,2.854194402694702,9600
FTS.TO,1997-07-11,8.625,8.637499809265137,8.612500190734863,8.625,2.854194402694702,59200
FTS.TO,1997-07-14,8.625,8.625,8.600000381469727,8.612500190734863,2.8500561714172363,9600
FTS.TO,1997-07-15,8.600000381469727,8.600000381469727,8.574999809265137,8.600000381469727,2.8459203243255615,24000
FTS.TO,1997-07-16,8.600000381469727,8.600000381469727,8.600000381469727,8.600000381469727,2.8459203243255615,8800
FTS.TO,1997-07-17,8.574999809265137,8.600000381469727,8.574999809265137,8.600000381469727,2.8459203243255615,432400
FTS.TO,1997-07-18,8.574999809265137,8.600000381469727,8.5625,8.5625,2.833512306213379,21600
FTS.TO,1997-07-21,8.524999618530273,8.5625,8.5,8.5,2.812828540802002,11200
FTS.TO,1997-07-22,8.5625,8.5625,8.5,8.550000190734863,2.8293752670288086,867600
FTS.TO,1997-07-23,8.5625,8.5625,8.550000190734863,8.5625,2.833512306213379,36800
FTS.TO,1997-07-24,8.5625,8.5625,8.537500381469727,8.550000190734863,2.8293752670288086,20000
FTS.TO,1997-07-25,8.550000190734863,8.587499618530273,8.550000190734863,8.550000190734863,2.8293752670288086,24800
FTS.TO,1997-07-28,8.550000190734863,8.587499618530273,8.550000190734863,8.587499618530273,2.8417837619781494,15600
FTS.TO,1997-07-29,8.574999809265137,8.574999809265137,8.550000190734863,8.5625,2.833512306213379,619200
FTS.TO,1997-07-30,8.5625,8.637499809265137,8.5625,8.637499809265137,2.858330249786377,82400
FTS.TO,1997-07-31,8.637499809265137,8.637499809265137,8.625,8.637499809265137,2.858330249786377,15200
FTS.TO,1997-08-01,8.637499809265137,8.637499809265137,8.612500190734863,8.637499809265137,2.858330249786377,23600
FTS.TO,1997-08-05,8.637499809265137,8.675000190734863,8.612500190734863,8.675000190734863,2.870739459991455,36800
FTS.TO,1997-08-06,8.625,8.675000190734863,8.625,8.649999618530273,2.8992271423339844,39200
FTS.TO,1997-08-07,8.662500381469727,8.6875,8.662500381469727,8.6875,2.9117980003356934,12400
FTS.TO,1997-08-08,8.675000190734863,8.6875,8.662500381469727,8.6875,2.9117980003356934,12800
FTS.TO,1997-08-11,8.662500381469727,8.699999809265137,8.662500381469727,8.662500381469727,2.9034175872802734,12800
FTS.TO,1997-08-12,8.662500381469727,8.737500190734863,8.662500381469727,8.737500190734863,2.9285571575164795,14800
FTS.TO,1997-08-13,8.712499618530273,8.725000381469727,8.712499618530273,8.725000381469727,2.9243671894073486,5200
FTS.TO,1997-08-14,8.712499618530273,8.75,8.712499618530273,8.75,2.9327473640441895,9600
FTS.TO,1997-08-15,8.6875,8.774999618530273,8.6875,8.774999618530273,2.9411261081695557,6800
FTS.TO,1997-08-18,8.787500381469727,8.787500381469727,8.75,8.75,2.9327473640441895,26800
FTS.TO,1997-08-19,8.725000381469727,8.725000381469727,8.6875,8.725000381469727,2.9243671894073486,17600
FTS.TO,1997-08-20,8.75,8.75,8.75,8.75,2.9327473640441895,5200
FTS.TO,1997-08-21,8.75,8.75,8.699999809265137,8.699999809265137,2.9159882068634033,22400
FTS.TO,1997-08-22,8.6875,8.725000381469727,8.6875,8.712499618530273,2.9201769828796387,19200
FTS.TO,1997-08-25,8.725000381469727,8.725000381469727,8.699999809265137,8.699999809265137,2.9159882068634033,4400
FTS.TO,1997-08-26,8.6875,8.712499618530273,8.649999618530273,8.649999618530273,2.8992271423339844,14800
FTS.TO,1997-08-27,8.649999618530273,8.662500381469727,8.600000381469727,8.625,2.8908510208129883,21200
FTS.TO,1997-08-28,8.612500190734863,8.625,8.600000381469727,8.625,2.8908510208129883,263600
FTS.TO,1997-08-29,8.625,8.649999618530273,8.5625,8.649999618530273,2.8992271423339844,113600
FTS.TO,1997-09-02,8.600000381469727,8.675000190734863,8.600000381469727,8.675000190734863,2.9076085090637207,493200
FTS.TO,1997-09-03,8.675000190734863,8.699999809265137,8.625,8.699999809265137,2.9159882068634033,110000
FTS.TO,1997-09-04,8.675000190734863,8.737500190734863,8.675000190734863,8.737500190734863,2.9285571575164795,3200
FTS.TO,1997-09-05,8.737500190734863,8.774999618530273,8.737500190734863,8.774999618530273,2.9411261081695557,16000
FTS.TO,1997-09-08,8.75,8.850000381469727,8.75,8.850000381469727,2.96626353263855,2800
FTS.TO,1997-09-09,8.8125,8.8125,8.8125,8.8125,2.953693151473999,8400
FTS.TO,1997-09-10,8.837499618530273,8.837499618530273,8.787500381469727,8.787500381469727,2.9453163146972656,3200
FTS.TO,1997-09-11,8.8125,8.8125,8.699999809265137,8.699999809265137,2.9159882068634033,8400
FTS.TO,1997-09-12,8.725000381469727,8.75,8.699999809265137,8.75,2.9327473640441895,206400
FTS.TO,1997-09-15,8.725000381469727,8.725000381469727,8.725000381469727,8.725000381469727,2.9243671894073486,2800
FTS.TO,1997-09-16,8.737500190734863,8.774999618530273,8.737500190734863,8.75,2.9327473640441895,23600
FTS.TO,1997-09-17,8.75,8.800000190734863,8.75,8.800000190734863,2.94950532913208,18400
FTS.TO,1997-09-18,8.8125,8.875,8.8125,8.875,2.9746434688568115,1600
FTS.TO,1997-09-19,8.899999618530273,8.987500190734863,8.899999618530273,8.987500190734863,3.012349843978882,3200
FTS.TO,1997-09-22,8.949999809265137,9.012499809265137,8.949999809265137,9.012499809265137,3.0207293033599854,26800
FTS.TO,1997-09-23,9.0625,9.087499618530273,9.0625,9.087499618530273,3.0458664894104004,6400
FTS.TO,1997-09-24,9.1875,9.225000381469727,9.137499809265137,9.225000381469727,3.091952323913574,5200
FTS.TO,1997-09-25,9.225000381469727,9.225000381469727,9.125,9.137499809265137,3.062626600265503,42400
FTS.TO,1997-09-26,9.175000190734863,9.212499618530273,9.175000190734863,9.212499618530273,3.087761878967285,6400
FTS.TO,1997-09-29,9.175000190734863,9.25,9.175000190734863,9.199999809265137,3.083573818206787,29200
FTS.TO,1997-09-30,9.199999809265137,9.25,9.175000190734863,9.225000381469727,3.091952323913574,29200
FTS.TO,1997-10-01,9.225000381469727,9.225000381469727,9.1875,9.225000381469727,3.091952323913574,8400
FTS.TO,1997-10-02,9.225000381469727,9.225000381469727,9.1875,9.1875,3.0793843269348145,9200
FTS.TO,1997-10-03,9.1875,9.212499618530273,9.1875,9.1875,3.0793843269348145,12800
FTS.TO,1997-10-06,9.175000190734863,9.175000190734863,9.149999618530273,9.175000190734863,3.07519268989563,14400
FTS.TO,1997-10-07,9.175000190734863,9.274999618530273,9.175000190734863,9.274999618530273,3.108711004257202,47200
FTS.TO,1997-10-08,9.274999618530273,9.274999618530273,9.25,9.25,3.1003305912017822,17200
FTS.TO,1997-10-09,9.300000190734863,9.300000190734863,9.300000190734863,9.300000190734863,3.117091178894043,2000
FTS.TO,1997-10-10,9.25,9.274999618530273,9.237500190734863,9.237500190734863,3.096142530441284,6000
FTS.TO,1997-10-14,9.274999618530273,9.274999618530273,9.274999618530273,9.274999618530273,3.108711004257202,4400
FTS.TO,1997-10-15,9.25,9.287500381469727,9.25,9.25,3.1003305912017822,2400
FTS.TO,1997-10-16,9.25,9.25,9.25,9.25,3.1003305912017822,0
FTS.TO,1997-10-17,9.375,9.4375,9.375,9.4375,3.163175106048584,2000
FTS.TO,1997-10-20,9.449999809265137,9.475000381469727,9.449999809265137,9.449999809265137,3.1673665046691895,10400
FTS.TO,1997-10-21,9.5,9.537500381469727,9.425000190734863,9.425000190734863,3.158987283706665,14400
FTS.TO,1997-10-22,9.274999618530273,9.3125,9.262499809265137,9.3125,3.12127947807312,11200
FTS.TO,1997-10-23,9.225000381469727,9.225000381469727,9.125,9.125,3.0584356784820557,8000
FTS.TO,1997-10-24,9.149999618530273,9.25,9.149999618530273,9.25,3.1003305912017822,6000
FTS.TO,1997-10-27,9.287500381469727,9.287500381469727,9.199999809265137,9.212499618530273,3.087761878967285,6800
FTS.TO,1997-10-28,9.149999618530273,9.25,9.125,9.25,3.1003305912017822,306400
FTS.TO,1997-10-29,9.300000190734863,9.537500381469727,9.300000190734863,9.537500381469727,3.1966941356658936,6400
FTS.TO,1997-10-30,9.550000190734863,9.587499618530273,9.5,9.5,3.1841259002685547,23600
FTS.TO,1997-10-31,9.5,9.5,9.5,9.5,3.1841259002685547,0
FTS.TO,1997-11-03,9.600000381469727,9.675000190734863,9.5625,9.600000381469727,3.217642068862915,26400
FTS.TO,1997-11-04,9.675000190734863,9.8125,9.675000190734863,9.774999618530273,3.276296615600586,18800
FTS.TO,1997-11-05,9.725000381469727,9.75,9.6875,9.75,3.3051095008850098,35600
FTS.TO,1997-11-06,9.762499809265137,9.800000190734863,9.6875,9.787500381469727,3.317823648452759,32400
FTS.TO,1997-11-07,9.800000190734863,9.875,9.75,9.875,3.3474836349487305,8000
FTS.TO,1997-11-10,9.899999618530273,10.0,9.899999618530273,9.962499618530273,3.3771450519561768,6400
FTS.TO,1997-11-11,9.962499618530273,10.0,9.962499618530273,9.975000381469727,3.3813822269439697,7600
FTS.TO,1997-11-12,9.987500190734863,9.987500190734863,9.912500381469727,9.962499618530273,3.3771450519561768,14400
FTS.TO,1997-11-13,9.975000381469727,9.975000381469727,9.899999618530273,9.9375,3.3686702251434326,9600
FTS.TO,1997-11-14,9.962499618530273,9.962499618530273,9.912500381469727,9.925000190734863,3.3644332885742188,16800
FTS.TO,1997-11-17,9.949999809265137,9.949999809265137,9.912500381469727,9.9375,3.3686702251434326,15200
FTS.TO,1997-11-18,9.9375,9.987500190734863,9.9375,9.949999809265137,3.3729071617126465,15600
FTS.TO,1997-11-19,9.9375,10.024999618530273,9.9375,10.024999618530273,3.3983302116394043,15600
FTS.TO,1997-11-20,10.0,10.024999618530273,10.0,10.024999618530273,3.3983302116394043,11600
FTS.TO,1997-11-21,10.024999618530273,10.024999618530273,10.0,10.0,3.3898568153381348,6000
FTS.TO,1997-11-24,10.024999618530273,10.024999618530273,9.899999618530273,9.899999618530273,3.3559563159942627,14000
FTS.TO,1997-11-25,9.9375,9.9375,9.887499809265137,9.9375,3.3686702251434326,10400
FTS.TO,1997-11-26,9.899999618530273,9.975000381469727,9.875,9.875,3.3474836349487305,5200
FTS.TO,1997-11-27,9.875,9.875,9.774999618530273,9.774999618530273,3.3135838508605957,6400
FTS.TO,1997-11-28,9.850000381469727,9.875,9.774999618530273,9.850000381469727,3.3390092849731445,37200
FTS.TO,1997-12-01,9.899999618530273,10.074999809265137,9.899999618530273,10.074999809265137,3.415280818939209,10000
FTS.TO,1997-12-02,10.100000381469727,10.199999809265137,10.100000381469727,10.162500381469727,3.4449408054351807,10400
FTS.TO,1997-12-03,10.1875,10.1875,10.125,10.1875,3.4534168243408203,8400
FTS.TO,1997-12-04,10.149999618530273,10.399999618530273,10.149999618530273,10.399999618530273,3.5254502296447754,18400
FTS.TO,1997-12-05,10.425000190734863,10.5625,10.425000190734863,10.5625,3.580535650253296,13200
FTS.TO,1997-12-08,10.5625,10.612500190734863,10.5625,10.612500190734863,3.5974838733673096,16800
FTS.TO,1997-12-09,10.625,10.625,10.512499809265137,10.574999809265137,3.584773302078247,28000
FTS.TO,1997-12-10,10.550000190734863,10.550000190734863,10.5,10.537500381469727,3.572061777114868,12800
FTS.TO,1997-12-11,10.550000190734863,10.5625,10.550000190734863,10.5625,3.580535650253296,10800
FTS.TO,1997-12-12,10.550000190734863,10.625,10.550000190734863,10.625,3.6017229557037354,22400
FTS.TO,1997-12-15,10.600000381469727,10.625,10.524999618530273,10.625,3.6017229557037354,5600
FTS.TO,1997-12-16,10.524999618530273,10.5625,10.524999618530273,10.5625,3.580535650253296,5200
FTS.TO,1997-12-17,10.550000190734863,10.625,10.550000190734863,10.625,3.6017229557037354,10000
FTS.TO,1997-12-18,10.5625,10.587499618530273,10.524999618530273,10.587499618530273,3.58901047706604,7200
FTS.TO,1997-12-19,10.524999618530273,10.524999618530273,10.5,10.512499809265137,3.5635874271392822,4800
FTS.TO,1997-12-22,10.512499809265137,10.550000190734863,10.5,10.550000190734863,3.5762991905212402,11600
FTS.TO,1997-12-23,10.5,10.524999618530273,10.5,10.512499809265137,3.5635874271392822,4000
FTS.TO,1997-12-24,10.5,10.524999618530273,10.4375,10.4375,3.538163661956787,4800
FTS.TO,1997-12-29,10.5,10.5,10.4375,10.4375,3.538163661956787,3600
FTS.TO,1997-12-30,10.3125,10.350000381469727,10.3125,10.337499618530273,3.5042648315429688,6800
FTS.TO,1997-12-31,10.4375,10.5,10.4375,10.5,3.5593488216400146,18400
FTS.TO,1998-01-02,10.5,10.5,10.462499618530273,10.462499618530273,3.546638011932373,3200
FTS.TO,1998-01-05,10.5,10.625,10.362500190734863,10.524999618530273,3.5678229331970215,40800
FTS.TO,1998-01-06,10.625,10.625,10.550000190734863,10.600000381469727,3.5932483673095703,68000
FTS.TO,1998-01-07,10.625,10.637499809265137,10.600000381469727,10.600000381469727,3.5932483673095703,10800
FTS.TO,1998-01-08,10.574999809265137,10.625,10.5625,10.625,3.6017229557037354,35200
FTS.TO,1998-01-09,10.625,10.625,10.625,10.625,3.6017229557037354,2000
FTS.TO,1998-01-12,10.612500190734863,10.625,10.5,10.625,3.6017229557037354,120000
FTS.TO,1998-01-13,10.625,10.675000190734863,10.625,10.675000190734863,3.618671417236328,217600
FTS.TO,1998-01-14,10.649999618530273,10.675000190734863,10.649999618530273,10.675000190734863,3.618671417236328,12000
FTS.TO,1998-01-15,10.75,10.75,10.675000190734863,10.675000190734863,3.618671417236328,12000
FTS.TO,1998-01-16,10.725000381469727,10.725000381469727,10.662500381469727,10.662500381469727,3.614433526992798,11200
FTS.TO,1998-01-19,10.725000381469727,10.75,10.675000190734863,10.75,3.644097328186035,11600
FTS.TO,1998-01-20,10.774999618530273,10.850000381469727,10.774999618530273,10.850000381469727,3.6779959201812744,6800
FTS.TO,1998-01-21,10.8125,10.9375,10.8125,10.9375,3.707655668258667,12400
FTS.TO,1998-01-22,11.0,11.074999809265137,10.949999809265137,11.074999809265137,3.7542660236358643,20800
FTS.TO,1998-01-23,11.012499809265137,11.050000190734863,11.012499809265137,11.024999618530273,3.7373180389404297,25600
FTS.TO,1998-01-26,11.024999618530273,11.024999618530273,11.0,11.024999618530273,3.7373180389404297,7200
FTS.TO,1998-01-27,11.050000190734863,11.050000190734863,11.024999618530273,11.024999618530273,3.7373180389404297,12000
FTS.TO,1998-01-28,11.024999618530273,11.074999809265137,11.024999618530273,11.050000190734863,3.7457900047302246,93600
FTS.TO,1998-01-29,11.100000381469727,11.100000381469727,10.925000190734863,10.925000190734863,3.7034173011779785,8800
FTS.TO,1998-01-30,11.0,11.125,11.0,11.125,3.7712156772613525,21600
FTS.TO,1998-02-02,11.25,11.550000190734863,11.25,11.550000190734863,3.915282726287842,13200
FTS.TO,1998-02-03,11.5,11.5625,11.425000190734863,11.550000190734863,3.915282726287842,54400
FTS.TO,1998-02-04,11.5,11.5625,11.375,11.5625,3.958073616027832,30400
FTS.TO,1998-02-05,11.524999618530273,11.524999618530273,11.512499809265137,11.512499809265137,3.9409563541412354,622400
FTS.TO,1998-02-06,11.5625,11.625,11.537500381469727,11.587499618530273,3.9666311740875244,9200
FTS.TO,1998-02-09,11.587499618530273,11.649999618530273,11.5625,11.5625,3.958073616027832,35600
FTS.TO,1998-02-10,11.574999809265137,11.612500190734863,11.5625,11.5625,3.958073616027832,12000
FTS.TO,1998-02-11,11.600000381469727,11.600000381469727,11.5625,11.5625,3.958073616027832,26800
FTS.TO,1998-02-12,11.600000381469727,11.699999809265137,11.5625,11.675000190734863,3.9965837001800537,44000
FTS.TO,1998-02-13,11.725000381469727,11.75,11.675000190734863,11.712499618530273,4.009424209594727,15200
FTS.TO,1998-02-16,11.712499618530273,11.712499618530273,11.637499809265137,11.6875,4.000863552093506,20400
FTS.TO,1998-02-17,11.6875,11.699999809265137,11.625,11.675000190734863,3.9965837001800537,20400
FTS.TO,1998-02-18,11.625,11.625,11.574999809265137,11.574999809265137,3.962353229522705,16800
FTS.TO,1998-02-19,11.5625,11.574999809265137,11.449999809265137,11.449999809265137,3.919565200805664,17200
FTS.TO,1998-02-20,11.449999809265137,11.449999809265137,11.274999618530273,11.4375,3.9152846336364746,32800
FTS.TO,1998-02-23,11.4375,11.4375,11.324999809265137,11.324999809265137,3.8767731189727783,20800
FTS.TO,1998-02-24,11.399999618530273,11.475000381469727,11.399999618530273,11.475000381469727,3.9281198978424072,16800
FTS.TO,1998-02-25,11.524999618530273,11.524999618530273,11.4375,11.4375,3.9152846336364746,4400
FTS.TO,1998-02-26,11.5,11.5,11.4375,11.4375,3.9152846336364746,8800
FTS.TO,1998-02-27,11.399999618530273,11.399999618530273,11.225000381469727,11.3125,3.872494697570801,26000
FTS.TO,1998-03-02,11.1875,11.199999809265137,11.175000190734863,11.175000190734863,3.825425148010254,72400
FTS.TO,1998-03-03,11.175000190734863,11.175000190734863,11.125,11.125,3.8083102703094482,8000
FTS.TO,1998-03-04,11.125,11.162500381469727,11.100000381469727,11.162500381469727,3.821146249771118,10800
FTS.TO,1998-03-05,11.137499809265137,11.212499618530273,11.137499809265137,11.212499618530273,3.8382625579833984,10400
FTS.TO,1998-03-06,11.25,11.399999618530273,11.1875,11.399999618530273,3.9024465084075928,12400
FTS.TO,1998-03-09,11.675000190734863,11.962499618530273,11.649999618530273,11.962499618530273,4.095002174377441,17600
FTS.TO,1998-03-10,12.0,12.024999618530273,11.962499618530273,11.962499618530273,4.095002174377441,11200
FTS.TO,1998-03-11,11.899999618530273,11.899999618530273,11.8125,11.8125,4.043654441833496,8800
FTS.TO,1998-03-12,11.8125,11.8125,11.774999618530273,11.787500381469727,4.035096645355225,12400
FTS.TO,1998-03-13,11.8125,11.8125,11.725000381469727,11.725000381469727,4.013702392578125,14400
FTS.TO,1998-03-16,11.725000381469727,11.75,11.725000381469727,11.75,4.022259712219238,4400
FTS.TO,1998-03-17,11.75,11.774999618530273,11.75,11.774999618530273,4.03081750869751,14800
FTS.TO,1998-03-18,11.75,11.800000190734863,11.75,11.75,4.022259712219238,14000
FTS.TO,1998-03-19,11.774999618530273,11.774999618530273,11.399999618530273,11.399999618530273,3.9024465084075928,31200
FTS.TO,1998-03-20,11.487500190734863,11.487500190734863,11.487500190734863,11.487500190734863,3.9324002265930176,1600
FTS.TO,1998-03-23,11.462499618530273,11.462499618530273,11.399999618530273,11.4375,3.9152846336364746,6400
FTS.TO,1998-03-24,11.412500381469727,11.5,11.387499809265137,11.4375,3.9152846336364746,13200
FTS.TO,1998-03-25,11.462499618530273,11.462499618530273,11.375,11.375,3.8938894271850586,134800
FTS.TO,1998-03-26,11.4375,11.550000190734863,11.4375,11.550000190734863,3.953793525695801,53600
FTS.TO,1998-03-27,11.5,11.524999618530273,11.5,11.5,3.936678647994995,4800
FTS.TO,1998-03-30,11.5,11.550000190734863,11.5,11.524999618530273,3.9452364444732666,17600
FTS.TO,1998-03-31,11.512499809265137,11.524999618530273,11.5,11.524999618530273,3.9452364444732666,24800
FTS.TO,1998-04-01,11.524999618530273,11.524999618530273,11.512499809265137,11.524999618530273,3.9452364444732666,15200
FTS.TO,1998-04-02,11.5,11.512499809265137,11.5,11.512499809265137,3.9409563541412354,6800
FTS.TO,1998-04-03,11.512499809265137,11.512499809265137,11.5,11.5,3.936678647994995,15600
FTS.TO,1998-04-06,11.5,11.574999809265137,11.5,11.574999809265137,3.962353229522705,10800
FTS.TO,1998-04-07,11.625,11.625,11.574999809265137,11.600000381469727,3.9709129333496094,5600
FTS.TO,1998-04-08,11.574999809265137,11.574999809265137,11.550000190734863,11.574999809265137,3.962353229522705,14000
FTS.TO,1998-04-09,11.574999809265137,11.574999809265137,11.524999618530273,11.5625,3.958073616027832,14400
FTS.TO,1998-04-13,11.5625,11.5625,11.5,11.5,3.936678647994995,8000
FTS.TO,1998-04-14,11.5,11.5625,11.5,11.512499809265137,3.9409563541412354,14400
FTS.TO,1998-04-15,11.512499809265137,11.550000190734863,11.512499809265137,11.512499809265137,3.9409563541412354,10400
FTS.TO,1998-04-16,11.512499809265137,11.537500381469727,11.5,11.5,3.936678647994995,21200
FTS.TO,1998-04-17,11.5,11.537500381469727,11.5,11.537500381469727,3.9495179653167725,27200
FTS.TO,1998-04-20,11.550000190734863,11.5625,11.550000190734863,11.5625,3.958073616027832,4800
FTS.TO,1998-04-21,11.524999618530273,11.537500381469727,11.5,11.537500381469727,3.9495179653167725,11200
FTS.TO,1998-04-22,11.537500381469727,11.550000190734863,11.5,11.512499809265137,3.9409563541412354,26000
FTS.TO,1998-04-23,11.550000190734863,11.550000190734863,11.537500381469727,11.550000190734863,3.953793525695801,10000
FTS.TO,1998-04-24,11.512499809265137,11.5625,11.512499809265137,11.524999618530273,3.9452364444732666,13600
FTS.TO,1998-04-27,11.512499809265137,11.512499809265137,11.412500381469727,11.475000381469727,3.9281198978424072,11200
FTS.TO,1998-04-28,11.5,11.524999618530273,11.5,11.512499809265137,3.9409563541412354,22400
FTS.TO,1998-04-29,11.5,11.550000190734863,11.475000381469727,11.524999618530273,3.9452364444732666,24400
FTS.TO,1998-04-30,11.537500381469727,11.625,11.537500381469727,11.574999809265137,3.962353229522705,27600
FTS.TO,1998-05-01,11.574999809265137,11.574999809265137,11.524999618530273,11.5625,3.958073616027832,25200
FTS.TO,1998-05-04,11.5625,11.5625,11.537500381469727,11.537500381469727,3.9495179653167725,12800
FTS.TO,1998-05-05,11.5625,11.5625,11.5,11.512499809265137,3.9409563541412354,24000
FTS.TO,1998-05-06,11.4375,11.4375,11.350000381469727,11.350000381469727,3.9236721992492676,263600
FTS.TO,1998-05-07,11.337499618530273,11.337499618530273,11.3125,11.3125,3.91070818901062,9200
FTS.TO,1998-05-08,11.3125,11.362500190734863,11.3125,11.324999809265137,3.9150331020355225,4800
FTS.TO,1998-05-11,11.3125,11.350000381469727,11.3125,11.350000381469727,3.9236721992492676,7200
FTS.TO,1998-05-12,11.350000381469727,11.399999618530273,11.350000381469727,11.375,3.9323158264160156,17600
FTS.TO,1998-05-13,11.412500381469727,11.4375,11.399999618530273,11.399999618530273,3.9409568309783936,7200
FTS.TO,1998-05-14,11.4375,11.5,11.4375,11.4375,3.953922748565674,12000
FTS.TO,1998-05-15,11.412500381469727,11.625,11.399999618530273,11.625,4.018740177154541,55600
FTS.TO,1998-05-19,11.5625,11.5625,11.5,11.5625,3.997133493423462,10000
FTS.TO,1998-05-20,11.462499618530273,11.5,11.399999618530273,11.399999618530273,3.9409568309783936,22400
FTS.TO,1998-05-21,11.337499618530273,11.375,11.25,11.25,3.8891048431396484,17200
FTS.TO,1998-05-22,11.25,11.25,11.1875,11.1875,3.8674986362457275,2000
FTS.TO,1998-05-25,11.175000190734863,11.199999809265137,11.137499809265137,11.199999809265137,3.8718185424804688,12800
FTS.TO,1998-05-26,11.25,11.399999618530273,11.25,11.375,3.9323158264160156,9600
FTS.TO,1998-05-27,11.375,11.375,11.25,11.3125,3.91070818901062,14800
FTS.TO,1998-05-28,11.3125,11.3125,11.3125,11.3125,3.91070818901062,8000
FTS.TO,1998-05-29,11.300000190734863,11.3125,11.25,11.25,3.8891048431396484,20000
FTS.TO,1998-06-01,11.274999618530273,11.274999618530273,11.274999618530273,11.274999618530273,3.8977456092834473,5600
FTS.TO,1998-06-02,11.274999618530273,11.274999618530273,11.25,11.25,3.8891048431396484,6800
FTS.TO,1998-06-03,11.274999618530273,11.300000190734863,11.262499809265137,11.300000190734863,3.9063880443573,7200
FTS.TO,1998-06-04,11.300000190734863,11.300000190734863,11.25,11.25,3.8891048431396484,14800
FTS.TO,1998-06-05,11.300000190734863,11.300000190734863,11.300000190734863,11.300000190734863,3.9063880443573,9200
FTS.TO,1998-06-08,11.300000190734863,11.300000190734863,11.262499809265137,11.262499809265137,3.893423557281494,14800
FTS.TO,1998-06-09,11.262499809265137,11.274999618530273,11.25,11.25,3.8891048431396484,3600
FTS.TO,1998-06-10,11.3125,11.350000381469727,11.300000190734863,11.350000381469727,3.9236721992492676,17600
FTS.TO,1998-06-11,11.350000381469727,11.362500190734863,11.3125,11.362500190734863,3.9279956817626953,28000
FTS.TO,1998-06-12,11.324999809265137,11.337499618530273,11.274999618530273,11.337499618530273,3.9193527698516846,10800
FTS.TO,1998-06-15,11.262499809265137,11.337499618530273,11.25,11.337499618530273,3.9193527698516846,14800
FTS.TO,1998-06-16,11.287500381469727,11.362500190734863,11.287500381469727,11.287500381469727,3.9020683765411377,7600
FTS.TO,1998-06-17,11.324999809265137,11.324999809265137,11.324999809265137,11.324999809265137,3.9150331020355225,800
FTS.TO,1998-06-18,11.3125,11.3125,11.262499809265137,11.262499809265137,3.893423557281494,343600
FTS.TO,1998-06-19,11.274999618530273,11.274999618530273,11.25,11.25,3.8891048431396484,27200
FTS.TO,1998-06-22,11.25,11.274999618530273,11.25,11.25,3.8891048431396484,23600
FTS.TO,1998-06-23,11.262499809265137,11.262499809265137,11.25,11.25,3.8891048431396484,9600
FTS.TO,1998-06-24,11.25,11.25,11.25,11.25,3.8891048431396484,9600
FTS.TO,1998-06-25,11.25,11.300000190734863,11.25,11.300000190734863,3.9063880443573,4400
FTS.TO,1998-06-26,11.300000190734863,11.324999809265137,11.300000190734863,11.300000190734863,3.9063880443573,14800
FTS.TO,1998-06-29,11.300000190734863,11.300000190734863,11.300000190734863,11.300000190734863,3.9063880443573,12000
FTS.TO,1998-06-30,11.274999618530273,11.274999618530273,11.25,11.25,3.8891048431396484,24000
FTS.TO,1998-07-02,11.25,11.3125,11.25,11.3125,3.91070818901062,3600
FTS.TO,1998-07-03,11.25,11.3125,11.25,11.3125,3.91070818901062,3200
FTS.TO,1998-07-06,11.3125,11.3125,11.300000190734863,11.3125,3.91070818901062,24800
FTS.TO,1998-07-07,11.3125,11.362500190734863,11.3125,11.362500190734863,3.9279956817626953,3200
FTS.TO,1998-07-08,11.287500381469727,11.350000381469727,11.287500381469727,11.337499618530273,3.9193527698516846,20000
FTS.TO,1998-07-09,11.287500381469727,11.287500381469727,11.287500381469727,11.287500381469727,3.9020683765411377,1200
FTS.TO,1998-07-10,11.287500381469727,11.287500381469727,11.287500381469727,11.287500381469727,3.9020683765411377,5200
FTS.TO,1998-07-13,11.287500381469727,11.3125,11.287500381469727,11.3125,3.91070818901062,2000
FTS.TO,1998-07-14,11.300000190734863,11.300000190734863,11.149999618530273,11.149999618530273,3.8545334339141846,13600
FTS.TO,1998-07-15,11.25,11.274999618530273,11.25,11.274999618530273,3.8977456092834473,17200
FTS.TO,1998-07-16,11.300000190734863,11.300000190734863,11.25,11.25,3.8891048431396484,45600
FTS.TO,1998-07-17,11.25,11.287500381469727,11.25,11.287500381469727,3.9020683765411377,20800
FTS.TO,1998-07-20,11.287500381469727,11.3125,11.287500381469727,11.3125,3.91070818901062,26400
FTS.TO,1998-07-21,11.3125,11.3125,11.3125,11.3125,3.91070818901062,1200
FTS.TO,1998-07-22,11.337499618530273,11.337499618530273,11.3125,11.3125,3.91070818901062,11200
FTS.TO,1998-07-23,11.337499618530273,11.350000381469727,11.337499618530273,11.350000381469727,3.9236721992492676,23200
FTS.TO,1998-07-24,11.3125,11.3125,11.3125,11.3125,3.91070818901062,3200
FTS.TO,1998-07-27,11.287500381469727,11.3125,11.25,11.25,3.8891048431396484,22000
FTS.TO,1998-07-28,11.25,11.25,11.074999809265137,11.074999809265137,3.828606367111206,14400
FTS.TO,1998-07-29,11.050000190734863,11.074999809265137,10.875,10.875,3.7594659328460693,10400
FTS.TO,1998-07-30,10.5625,10.625,10.5,10.550000190734863,3.6471149921417236,14000
FTS.TO,1998-07-31,10.550000190734863,10.5625,10.5,10.512499809265137,3.6341519355773926,37200
FTS.TO,1998-08-04,10.524999618530273,10.524999618530273,10.3125,10.3125,3.5650100708007812,27200
FTS.TO,1998-08-05,10.037500381469727,10.037500381469727,10.0,10.0,3.495110034942627,12800
FTS.TO,1998-08-06,10.0,10.0625,9.975000381469727,10.0,3.495110034942627,21600
FTS.TO,1998-08-07,10.087499618530273,10.125,10.087499618530273,10.087499618530273,3.52569317817688,18400
FTS.TO,1998-08-10,10.125,10.125,10.125,10.125,3.538797378540039,9200
FTS.TO,1998-08-11,10.024999618530273,10.100000381469727,10.024999618530273,10.024999618530273,3.503847599029541,3600
FTS.TO,1998-08-12,10.050000190734863,10.050000190734863,10.037500381469727,10.037500381469727,3.5082149505615234,6400
FTS.TO,1998-08-13,10.0,10.0,10.0,10.0,3.495110034942627,20800
FTS.TO,1998-08-14,10.0,10.0,10.0,10.0,3.495110034942627,0
FTS.TO,1998-08-17,9.75,9.75,9.737500190734863,9.75,3.407731771469116,8800
FTS.TO,1998-08-18,9.850000381469727,9.9375,9.850000381469727,9.875,3.451421022415161,7200
FTS.TO,1998-08-19,9.9375,9.9375,9.9375,9.9375,3.4732654094696045,4000
FTS.TO,1998-08-20,9.875,9.912500381469727,9.850000381469727,9.850000381469727,3.442683458328247,12400
FTS.TO,1998-08-21,9.787500381469727,9.787500381469727,9.75,9.75,3.407731771469116,28000
FTS.TO,1998-08-24,9.737500190734863,9.8125,9.737500190734863,9.8125,3.4295759201049805,18000
FTS.TO,1998-08-25,9.875,9.875,9.824999809265137,9.850000381469727,3.442683458328247,42000
FTS.TO,1998-08-26,9.774999618530273,9.850000381469727,9.774999618530273,9.850000381469727,3.442683458328247,13200
FTS.TO,1998-08-27,9.837499618530273,9.837499618530273,9.25,9.25,3.232975959777832,6400
FTS.TO,1998-08-28,9.0,9.0,8.75,8.9375,3.123753547668457,15200
FTS.TO,1998-08-31,9.0,9.100000381469727,9.0,9.0,3.145599603652954,23600
FTS.TO,1998-09-01,9.0,9.0,8.774999618530273,8.850000381469727,3.093172788619995,276800
FTS.TO,1998-09-02,8.837499618530273,9.1875,8.824999809265137,9.1875,3.211132049560547,30400
FTS.TO,1998-09-03,9.1875,9.25,9.125,9.162500381469727,3.202394723892212,6000
FTS.TO,1998-09-04,9.175000190734863,9.25,9.175000190734863,9.237500190734863,3.228609085083008,48000
FTS.TO,1998-09-08,9.375,9.625,9.375,9.600000381469727,3.35530424118042,8400
FTS.TO,1998-09-09,9.600000381469727,9.600000381469727,9.512499809265137,9.524999618530273,3.329089879989624,9600
FTS.TO,1998-09-10,9.487500190734863,9.487500190734863,9.175000190734863,9.1875,3.211132049560547,21200
FTS.TO,1998-09-11,9.25,9.25,9.0625,9.0625,3.1674437522888184,20800
FTS.TO,1998-09-14,9.024999618530273,9.087499618530273,9.012499809265137,9.087499618530273,3.176182508468628,12400
FTS.TO,1998-09-15,9.024999618530273,9.024999618530273,9.0,9.024999618530273,3.1543352603912354,4000
FTS.TO,1998-09-16,9.0625,9.0625,9.024999618530273,9.0625,3.1674437522888184,16000
FTS.TO,1998-09-17,8.9375,9.0,8.875,9.0,3.145599603652954,9600
FTS.TO,1998-09-18,9.0,9.024999618530273,8.949999809265137,8.949999809265137,3.1281237602233887,11600
FTS.TO,1998-09-21,8.875,8.9375,8.875,8.925000190734863,3.1193864345550537,18400
FTS.TO,1998-09-22,9.0,9.125,9.0,9.0,3.145599603652954,7200
FTS.TO,1998-09-23,9.125,9.1875,9.100000381469727,9.100000381469727,3.1805496215820312,10400
FTS.TO,1998-09-24,9.125,9.399999618530273,9.125,9.399999618530273,3.285402774810791,17600
FTS.TO,1998-09-25,9.5625,9.5625,9.5,9.5,3.3203542232513428,6000
FTS.TO,1998-09-28,9.5625,9.5625,9.5,9.5,3.3203542232513428,18000
FTS.TO,1998-09-29,9.5,9.5,9.274999618530273,9.274999618530273,3.241713047027588,7200
FTS.TO,1998-09-30,9.237500190734863,9.237500190734863,9.125,9.125,3.1892876625061035,66400
FTS.TO,1998-10-01,9.125,9.125,9.012499809265137,9.012499809265137,3.1499671936035156,8000
FTS.TO,1998-10-02,9.0625,9.125,9.024999618530273,9.024999618530273,3.1543352603912354,6400
FTS.TO,1998-10-05,9.024999618530273,9.037500381469727,9.012499809265137,9.012499809265137,3.1499671936035156,22000
FTS.TO,1998-10-06,9.024999618530273,9.024999618530273,9.024999618530273,9.024999618530273,3.1543352603912354,800
FTS.TO,1998-10-07,9.012499809265137,9.012499809265137,8.975000381469727,9.0,3.145599603652954,22000
FTS.TO,1998-10-08,8.949999809265137,9.0,8.949999809265137,8.949999809265137,3.1281237602233887,3200
FTS.TO,1998-10-09,8.975000381469727,9.0,8.975000381469727,9.0,3.145599603652954,3600
FTS.TO,1998-10-13,9.012499809265137,9.050000190734863,9.012499809265137,9.012499809265137,3.1499671936035156,8000
FTS.TO,1998-10-14,9.0625,9.125,9.037500381469727,9.0625,3.1674437522888184,9600
FTS.TO,1998-10-15,9.149999618530273,9.25,9.149999618530273,9.25,3.232975959777832,14800
FTS.TO,1998-10-16,9.25,9.3125,9.25,9.262499809265137,3.2373454570770264,10000
FTS.TO,1998-10-19,9.262499809265137,9.3125,9.25,9.25,3.232975959777832,16000
FTS.TO,1998-10-20,9.3125,9.375,9.212499618530273,9.237500190734863,3.228609085083008,132800
FTS.TO,1998-10-21,9.25,9.25,9.225000381469727,9.237500190734863,3.228609085083008,3200
FTS.TO,1998-10-22,9.262499809265137,9.262499809265137,9.262499809265137,9.262499809265137,3.2373454570770264,800
FTS.TO,1998-10-23,9.375,9.375,9.375,9.375,3.276664972305298,5200
FTS.TO,1998-10-26,9.375,9.449999809265137,9.350000381469727,9.350000381469727,3.267928123474121,21600
FTS.TO,1998-10-27,9.375,9.487500190734863,9.350000381469727,9.375,3.276664972305298,58400
FTS.TO,1998-10-28,9.425000190734863,9.425000190734863,9.3125,9.324999809265137,3.2591891288757324,24800
FTS.TO,1998-10-29,9.4375,9.5,9.4375,9.5,3.3203542232513428,9600
FTS.TO,1998-10-30,9.625,9.75,9.625,9.75,3.407731771469116,20800
FTS.TO,1998-11-02,9.850000381469727,9.962499618530273,9.850000381469727,9.962499618530273,3.4820029735565186,2000
FTS.TO,1998-11-03,10.0,10.1875,10.0,10.1875,3.560642719268799,10800
FTS.TO,1998-11-04,10.0625,10.5625,10.0625,10.5625,3.7329301834106445,22800
FTS.TO,1998-11-05,10.475000381469727,10.5,10.375,10.412500381469727,3.679922103881836,9600
FTS.TO,1998-11-06,10.412500381469727,10.5,10.412500381469727,10.425000190734863,3.684338092803955,2800
FTS.TO,1998-11-09,10.375,10.375,10.3125,10.3125,3.644577741622925,2800
FTS.TO,1998-11-10,10.3125,10.3125,10.262499809265137,10.262499809265137,3.626909017562866,8000
FTS.TO,1998-11-11,10.25,10.25,10.25,10.25,3.6224889755249023,800
FTS.TO,1998-11-12,10.25,10.25,10.25,10.25,3.6224889755249023,2400
FTS.TO,1998-11-13,10.1875,10.1875,10.149999618530273,10.149999618530273,3.5871458053588867,32400
FTS.TO,1998-11-16,10.149999618530273,10.175000190734863,10.149999618530273,10.175000190734863,3.5959842205047607,6800
FTS.TO,1998-11-17,10.149999618530273,10.175000190734863,10.125,10.125,3.578314781188965,65600
FTS.TO,1998-11-18,10.037500381469727,10.125,10.037500381469727,10.112500190734863,3.5738954544067383,14400
FTS.TO,1998-11-19,10.112500190734863,10.112500190734863,10.100000381469727,10.100000381469727,3.5694797039031982,4000
FTS.TO,1998-11-20,10.237500190734863,10.237500190734863,10.050000190734863,10.050000190734863,3.551806926727295,46000
FTS.TO,1998-11-23,10.100000381469727,10.100000381469727,10.050000190734863,10.0625,3.556225299835205,23600
FTS.TO,1998-11-24,10.0,10.0,9.587499618530273,9.587499618530273,3.3883516788482666,8000
FTS.TO,1998-11-25,9.75,9.75,9.524999618530273,9.524999618530273,3.366265058517456,16400
FTS.TO,1998-11-26,9.875,9.875,9.875,9.875,3.489959955215454,3200
FTS.TO,1998-11-27,9.75,9.875,9.75,9.75,3.4457833766937256,2000
FTS.TO,1998-11-30,9.649999618530273,9.75,9.625,9.649999618530273,3.410443067550659,40800
FTS.TO,1998-12-01,9.75,9.75,9.699999809265137,9.699999809265137,3.428112506866455,10400
FTS.TO,1998-12-02,9.649999618530273,9.75,9.649999618530273,9.6875,3.423694610595703,5600
FTS.TO,1998-12-03,9.762499809265137,10.0,9.762499809265137,10.0,3.534137487411499,7600
FTS.TO,1998-12-04,9.875,9.875,9.649999618530273,9.649999618530273,3.410443067550659,10400
FTS.TO,1998-12-07,9.75,9.837499618530273,9.75,9.837499618530273,3.4767069816589355,8400
FTS.TO,1998-12-08,9.875,9.875,9.850000381469727,9.850000381469727,3.4811251163482666,3600
FTS.TO,1998-12-09,9.899999618530273,9.899999618530273,9.899999618530273,9.899999618530273,3.498795509338379,3600
FTS.TO,1998-12-10,9.850000381469727,9.850000381469727,9.6875,9.6875,3.423694610595703,164400
FTS.TO,1998-12-11,9.6875,9.6875,9.6875,9.6875,3.423694610595703,400
FTS.TO,1998-12-14,9.75,9.8125,9.75,9.8125,3.46787166595459,2000
FTS.TO,1998-12-15,9.75,9.75,9.75,9.75,3.4457833766937256,400
FTS.TO,1998-12-16,9.75,9.75,9.6875,9.725000381469727,3.436948537826538,3600
FTS.TO,1998-12-17,9.649999618530273,9.649999618530273,9.574999809265137,9.574999809265137,3.383936882019043,3200
FTS.TO,1998-12-18,9.649999618530273,9.649999618530273,9.5625,9.5625,3.379518985748291,6800
FTS.TO,1998-12-21,9.600000381469727,9.6875,9.5625,9.612500190734863,3.3971900939941406,14000
FTS.TO,1998-12-22,9.574999809265137,9.574999809265137,9.574999809265137,9.574999809265137,3.383936882019043,4000
FTS.TO,1998-12-23,9.5,9.5,9.024999618530273,9.024999618530273,3.1895575523376465,12000
FTS.TO,1998-12-24,9.25,9.3125,9.1875,9.1875,3.246988534927368,9600
FTS.TO,1998-12-29,9.199999809265137,9.274999618530273,9.199999809265137,9.274999618530273,3.2779104709625244,6800
FTS.TO,1998-12-30,9.25,9.5,9.1875,9.3125,3.291165351867676,5600
FTS.TO,1998-12-31,9.3125,9.5625,9.3125,9.5625,3.379518985748291,1200
FTS.TO,1999-01-04,9.512499809265137,9.625,9.449999809265137,9.449999809265137,3.339759111404419,16800
FTS.TO,1999-01-05,9.449999809265137,9.550000190734863,9.449999809265137,9.550000190734863,3.375101089477539,14800
FTS.TO,1999-01-06,9.5625,9.75,9.5,9.649999618530273,3.410443067550659,21200
FTS.TO,1999-01-07,9.675000190734863,9.875,9.675000190734863,9.875,3.489959955215454,2000
FTS.TO,1999-01-08,9.837499618530273,9.837499618530273,9.774999618530273,9.774999618530273,3.454618453979492,8800
FTS.TO,1999-01-11,9.75,9.875,9.75,9.837499618530273,3.4767069816589355,12400
FTS.TO,1999-01-12,9.862500190734863,9.925000190734863,9.837499618530273,9.837499618530273,3.4767069816589355,8800
FTS.TO,1999-01-13,9.899999618530273,9.899999618530273,9.837499618530273,9.875,3.489959955215454,13600
FTS.TO,1999-01-14,9.899999618530273,9.899999618530273,9.837499618530273,9.875,3.489959955215454,4800
FTS.TO,1999-01-15,9.8125,9.8125,9.75,9.75,3.4457833766937256,8800
FTS.TO,1999-01-18,9.8125,9.837499618530273,9.787500381469727,9.787500381469727,3.4590368270874023,8400
FTS.TO,1999-01-19,9.850000381469727,9.850000381469727,9.649999618530273,9.737500190734863,3.4413671493530273,34800
FTS.TO,1999-01-20,9.6875,9.6875,9.375,9.412500381469727,3.3265066146850586,10400
FTS.TO,1999-01-21,9.412500381469727,9.412500381469727,9.3125,9.324999809265137,3.295581340789795,12400
FTS.TO,1999-01-22,9.475000381469727,9.475000381469727,9.475000381469727,9.475000381469727,3.348595142364502,800
FTS.TO,1999-01-25,9.524999618530273,9.524999618530273,9.524999618530273,9.524999618530273,3.366265058517456,800
FTS.TO,1999-01-26,9.5,9.600000381469727,9.5,9.5,3.3574304580688477,12000
FTS.TO,1999-01-27,9.5625,9.5625,9.399999618530273,9.399999618530273,3.322087526321411,22800
FTS.TO,1999-01-28,9.412500381469727,9.412500381469727,9.3125,9.3125,3.291165351867676,9600
FTS.TO,1999-01-29,9.375,9.375,9.287500381469727,9.337499618530273,3.3000011444091797,30400
FTS.TO,1999-02-01,9.337499618530273,9.337499618530273,9.300000190734863,9.300000190734863,3.286748170852661,31200
FTS.TO,1999-02-02,9.375,9.375,9.25,9.350000381469727,3.3044185638427734,22400
FTS.TO,1999-02-03,9.25,9.300000190734863,9.25,9.274999618530273,3.317831039428711,11200
FTS.TO,1999-02-04,9.25,9.300000190734863,9.25,9.300000190734863,3.3267762660980225,13600
FTS.TO,1999-02-05,9.375,9.375,9.300000190734863,9.300000190734863,3.3267762660980225,2400
FTS.TO,1999-02-08,9.375,9.375,9.3125,9.350000381469727,3.3446624279022217,4400
FTS.TO,1999-02-09,9.3125,9.324999809265137,9.3125,9.324999809265137,3.3357160091400146,2000
FTS.TO,1999-02-10,9.375,9.375,9.3125,9.3125,3.331246852874756,4000
FTS.TO,1999-02-11,9.3125,9.3125,9.25,9.25,3.3088886737823486,5600
FTS.TO,1999-02-12,9.125,9.125,8.875,9.0,3.21946120262146,65600
FTS.TO,1999-02-15,9.125,9.1875,9.125,9.125,3.2641754150390625,8000
FTS.TO,1999-02-16,9.25,9.25,9.25,9.25,3.3088886737823486,120800
FTS.TO,1999-02-17,9.375,9.375,9.375,9.375,3.353604793548584,800
FTS.TO,1999-02-18,9.274999618530273,9.287500381469727,9.274999618530273,9.287500381469727,3.3223044872283936,2400
FTS.TO,1999-02-19,9.274999618530273,9.287500381469727,9.262499809265137,9.262499809265137,3.3133604526519775,8800
FTS.TO,1999-02-22,9.287500381469727,9.287500381469727,9.25,9.25,3.3088886737823486,22800
FTS.TO,1999-02-23,9.149999618530273,9.149999618530273,9.125,9.149999618530273,3.273118257522583,36000
FTS.TO,1999-02-24,9.225000381469727,9.25,9.149999618530273,9.25,3.3088886737823486,20800
FTS.TO,1999-02-25,9.1875,9.225000381469727,9.149999618530273,9.225000381469727,3.2999472618103027,10400
FTS.TO,1999-02-26,9.225000381469727,9.25,9.225000381469727,9.25,3.3088886737823486,4800
FTS.TO,1999-03-01,9.25,9.25,9.25,9.25,3.3088886737823486,400
FTS.TO,1999-03-02,9.199999809265137,9.199999809265137,9.1875,9.1875,3.286531686782837,5200
FTS.TO,1999-03-03,9.175000190734863,9.212499618530273,9.175000190734863,9.1875,3.286531686782837,3600
FTS.TO,1999-03-04,9.199999809265137,9.199999809265137,9.1875,9.1875,3.286531686782837,2800
FTS.TO,1999-03-05,9.137499809265137,9.137499809265137,9.137499809265137,9.137499809265137,3.2686471939086914,2400
FTS.TO,1999-03-08,9.1875,9.1875,9.125,9.125,3.2641754150390625,11200
FTS.TO,1999-03-09,9.1875,9.1875,9.074999809265137,9.074999809265137,3.2462902069091797,17600
FTS.TO,1999-03-10,9.037500381469727,9.112500190734863,9.037500381469727,9.112500190734863,3.259704113006592,10800
FTS.TO,1999-03-11,9.100000381469727,9.25,9.087499618530273,9.25,3.3088886737823486,38400
FTS.TO,1999-03-12,9.25,9.25,9.162500381469727,9.1875,3.286531686782837,13200
FTS.TO,1999-03-15,9.1875,9.1875,9.125,9.1875,3.286531686782837,12400
FTS.TO,1999-03-16,9.225000381469727,9.350000381469727,9.225000381469727,9.274999618530273,3.317831039428711,17600
FTS.TO,1999-03-17,9.287500381469727,9.3125,9.212499618530273,9.3125,3.331246852874756,12000
FTS.TO,1999-03-18,9.3125,9.3125,9.262499809265137,9.262499809265137,3.3133604526519775,6000
FTS.TO,1999-03-19,9.262499809265137,9.274999618530273,9.262499809265137,9.274999618530273,3.317831039428711,13600
FTS.TO,1999-03-22,9.3125,9.3125,9.3125,9.3125,3.331246852874756,2400
FTS.TO,1999-03-23,9.324999809265137,9.375,9.3125,9.3125,3.331246852874756,14800
FTS.TO,1999-03-24,9.3125,9.375,9.3125,9.3125,3.331246852874756,5600
FTS.TO,1999-03-25,9.375,9.375,9.350000381469727,9.350000381469727,3.3446624279022217,10000
FTS.TO,1999-03-26,9.475000381469727,9.5,9.4375,9.4375,3.3759613037109375,16800
FTS.TO,1999-03-29,9.5,9.512499809265137,9.5,9.5,3.3983194828033447,13600
FTS.TO,1999-03-30,9.5625,9.5625,9.5625,9.5625,3.4206771850585938,800
FTS.TO,1999-03-31,9.5625,9.5625,9.5,9.5,3.3983194828033447,63200
FTS.TO,1999-04-01,9.524999618530273,9.550000190734863,9.524999618530273,9.550000190734863,3.4162049293518066,12000
FTS.TO,1999-04-05,9.5,9.625,9.5,9.625,3.443033456802368,2400
FTS.TO,1999-04-06,9.625,9.625,9.5,9.5,3.3983194828033447,23200
FTS.TO,1999-04-07,9.5,9.5,9.4375,9.4375,3.3759613037109375,20400
FTS.TO,1999-04-08,9.375,9.375,9.25,9.25,3.3088886737823486,6000
FTS.TO,1999-04-09,9.25,9.25,9.149999618530273,9.149999618530273,3.273118257522583,15200
FTS.TO,1999-04-12,9.125,9.25,9.125,9.175000190734863,3.2820613384246826,8800
FTS.TO,1999-04-13,9.1875,9.1875,9.125,9.125,3.2641754150390625,2800
FTS.TO,1999-04-14,9.25,9.25,9.25,9.25,3.3088886737823486,1200
FTS.TO,1999-04-15,9.149999618530273,9.225000381469727,9.149999618530273,9.225000381469727,3.2999472618103027,4000
FTS.TO,1999-04-16,9.199999809265137,9.375,9.199999809265137,9.375,3.353604793548584,8800
FTS.TO,1999-04-19,9.25,9.350000381469727,9.25,9.350000381469727,3.3446624279022217,404800
FTS.TO,1999-04-20,9.287500381469727,9.375,9.225000381469727,9.225000381469727,3.2999472618103027,5200
FTS.TO,1999-04-21,9.25,9.25,9.1875,9.1875,3.286531686782837,8800
FTS.TO,1999-04-22,9.25,9.25,9.149999618530273,9.149999618530273,3.273118257522583,16800
FTS.TO,1999-04-23,9.225000381469727,9.225000381469727,9.125,9.125,3.2641754150390625,6400
FTS.TO,1999-04-26,9.1875,9.25,9.137499809265137,9.25,3.3088886737823486,10400
FTS.TO,1999-04-27,9.25,9.25,9.149999618530273,9.25,3.3088886737823486,15200
FTS.TO,1999-04-28,9.262499809265137,9.262499809265137,9.225000381469727,9.225000381469727,3.2999472618103027,10400
FTS.TO,1999-04-29,9.25,9.25,9.199999809265137,9.199999809265137,3.291003704071045,6400
FTS.TO,1999-04-30,9.212499618530273,9.212499618530273,9.199999809265137,9.199999809265137,3.291003704071045,7200
FTS.TO,1999-05-03,9.199999809265137,9.199999809265137,9.125,9.125,3.2641754150390625,6800
FTS.TO,1999-05-04,9.074999809265137,9.149999618530273,9.074999809265137,9.149999618530273,3.273118257522583,3200
FTS.TO,1999-05-05,9.125,9.149999618530273,9.125,9.125,3.3048081398010254,26800
FTS.TO,1999-05-06,9.1875,9.1875,9.0625,9.0625,3.2821719646453857,4000
FTS.TO,1999-05-07,9.012499809265137,9.012499809265137,9.012499809265137,9.012499809265137,3.2640633583068848,800
FTS.TO,1999-05-10,9.050000190734863,9.050000190734863,9.024999618530273,9.024999618530273,3.268590211868286,5200
FTS.TO,1999-05-11,9.0625,9.0625,8.774999618530273,8.774999618530273,3.1780476570129395,22800
FTS.TO,1999-05-12,8.824999809265137,8.875,8.824999809265137,8.850000381469727,3.2052109241485596,16400
FTS.TO,1999-05-13,8.875,8.899999618530273,8.875,8.899999618530273,3.2233190536499023,5200
FTS.TO,1999-05-14,8.8125,8.8125,8.8125,8.8125,3.191629409790039,2800
FTS.TO,1999-05-17,8.875,8.875,8.800000190734863,8.875,3.2142632007598877,5600
FTS.TO,1999-05-18,8.850000381469727,8.850000381469727,8.800000190734863,8.800000190734863,3.1871020793914795,1600
FTS.TO,1999-05-19,8.75,8.75,8.75,8.75,3.1689937114715576,6000
FTS.TO,1999-05-20,8.75,8.800000190734863,8.725000381469727,8.725000381469727,3.1599392890930176,16000
FTS.TO,1999-05-21,8.75,8.800000190734863,8.725000381469727,8.725000381469727,3.1599392890930176,6000
FTS.TO,1999-05-25,8.75,8.75,8.649999618530273,8.649999618530273,3.132777690887451,11600
FTS.TO,1999-05-26,8.725000381469727,8.725000381469727,8.699999809265137,8.699999809265137,3.150885581970215,24000
FTS.TO,1999-05-27,8.75,8.800000190734863,8.75,8.75,3.1689937114715576,22800
FTS.TO,1999-05-28,8.75,8.774999618530273,8.75,8.774999618530273,3.1780476570129395,15600
FTS.TO,1999-05-31,8.762499809265137,8.762499809265137,8.762499809265137,8.762499809265137,3.173520088195801,6400
FTS.TO,1999-06-01,8.75,8.75,8.75,8.75,3.1689937114715576,41200
FTS.TO,1999-06-02,8.699999809265137,8.737500190734863,8.699999809265137,8.737500190734863,3.1644670963287354,4800
FTS.TO,1999-06-03,8.725000381469727,8.75,8.725000381469727,8.75,3.1689937114715576,12400
FTS.TO,1999-06-04,8.75,8.75,8.712499618530273,8.75,3.1689937114715576,6800
FTS.TO,1999-06-07,8.6875,8.75,8.6875,8.725000381469727,3.1599392890930176,10400
FTS.TO,1999-06-08,8.75,8.75,8.75,8.75,3.1689937114715576,11600
FTS.TO,1999-06-09,8.725000381469727,8.725000381469727,8.725000381469727,8.725000381469727,3.1599392890930176,20400
FTS.TO,1999-06-10,8.725000381469727,8.725000381469727,8.712499618530273,8.712499618530273,3.1554112434387207,14000
FTS.TO,1999-06-11,8.75,8.75,8.625,8.625,3.123720645904541,14000
FTS.TO,1999-06-14,8.712499618530273,8.712499618530273,8.625,8.625,3.123720645904541,4400
FTS.TO,1999-06-15,8.5,8.5625,8.462499618530273,8.524999618530273,3.087505578994751,23200
FTS.TO,1999-06-16,8.5,8.5625,8.4375,8.449999809265137,3.0603420734405518,8400
FTS.TO,1999-06-17,8.5,8.5625,8.5,8.5625,3.1010870933532715,26800
FTS.TO,1999-06-18,8.5,8.550000190734863,8.5,8.550000190734863,3.096559762954712,28000
FTS.TO,1999-06-21,8.5,8.5,8.462499618530273,8.5,3.0784499645233154,5600
FTS.TO,1999-06-22,8.5625,8.5625,8.5625,8.5625,3.1010870933532715,2000
FTS.TO,1999-06-23,8.524999618530273,8.550000190734863,8.524999618530273,8.550000190734863,3.096559762954712,6800
FTS.TO,1999-06-24,8.625,8.625,8.475000381469727,8.537500381469727,3.0920326709747314,34400
FTS.TO,1999-06-25,8.537500381469727,8.537500381469727,8.512499809265137,8.512499809265137,3.0829756259918213,10400
FTS.TO,1999-06-28,8.625,8.625,8.625,8.625,3.123720645904541,800
FTS.TO,1999-06-29,8.5625,8.612500190734863,8.512499809265137,8.600000381469727,3.1146678924560547,32400
FTS.TO,1999-06-30,8.537500381469727,8.600000381469727,8.537500381469727,8.550000190734863,3.096559762954712,15200
FTS.TO,1999-07-02,8.5625,8.5625,8.5625,8.5625,3.1010870933532715,800
FTS.TO,1999-07-05,8.5625,8.75,8.5625,8.6875,3.146357536315918,14800
FTS.TO,1999-07-06,8.6875,8.6875,8.625,8.637499809265137,3.1282496452331543,8000
FTS.TO,1999-07-07,8.637499809265137,8.637499809265137,8.5625,8.5625,3.1010870933532715,41200
FTS.TO,1999-07-08,8.625,8.862500190734863,8.625,8.862500190734863,3.2097370624542236,12000
FTS.TO,1999-07-09,8.899999618530273,8.899999618530273,8.75,8.75,3.1689937114715576,14400
FTS.TO,1999-07-12,8.912500381469727,8.912500381469727,8.875,8.875,3.2142632007598877,18400
FTS.TO,1999-07-13,8.899999618530273,8.899999618530273,8.8125,8.824999809265137,3.196157217025757,12800
FTS.TO,1999-07-14,8.875,8.875,8.8125,8.8125,3.191629409790039,6800
FTS.TO,1999-07-15,8.8125,8.875,8.8125,8.824999809265137,3.196157217025757,9600
FTS.TO,1999-07-16,8.975000381469727,8.975000381469727,8.875,8.875,3.2142632007598877,6800
FTS.TO,1999-07-19,8.875,9.0,8.875,9.0,3.2595372200012207,13600
FTS.TO,1999-07-20,9.225000381469727,9.225000381469727,9.0,9.012499809265137,3.2640633583068848,14800
FTS.TO,1999-07-21,9.0625,9.074999809265137,8.9375,8.9375,3.23690128326416,21200
FTS.TO,1999-07-22,9.0,9.074999809265137,9.0,9.074999809265137,3.2867000102996826,10000
FTS.TO,1999-07-23,9.024999618530273,9.199999809265137,9.024999618530273,9.199999809265137,3.331970691680908,13200
FTS.TO,1999-07-26,9.199999809265137,9.25,9.0,9.0,3.2595372200012207,11600
FTS.TO,1999-07-27,9.0,9.149999618530273,9.0,9.0,3.2595372200012207,12800
FTS.TO,1999-07-28,8.9375,9.137499809265137,8.9375,9.0,3.2595372200012207,8800
FTS.TO,1999-07-29,9.0,9.0,8.9375,9.0,3.2595372200012207,10800
FTS.TO,1999-07-30,9.0625,9.0625,8.875,8.875,3.2142632007598877,16000
FTS.TO,1999-08-03,8.9375,8.949999809265137,8.9375,8.949999809265137,3.2414278984069824,2800
FTS.TO,1999-08-04,8.899999618530273,8.9375,8.899999618530273,8.9375,3.278106689453125,13200
FTS.TO,1999-08-05,8.899999618530273,8.899999618530273,8.699999809265137,8.75,3.2093348503112793,13600
FTS.TO,1999-08-06,8.649999618530273,8.649999618530273,8.550000190734863,8.600000381469727,3.1543161869049072,10400
FTS.TO,1999-08-09,8.537500381469727,8.675000190734863,8.512499809265137,8.512499809265137,3.1222236156463623,14800
FTS.TO,1999-08-10,8.600000381469727,8.600000381469727,8.524999618530273,8.524999618530273,3.1268069744110107,6000
FTS.TO,1999-08-11,8.699999809265137,8.699999809265137,8.524999618530273,8.612500190734863,3.158900737762451,11200
FTS.TO,1999-08-12,8.625,8.662500381469727,8.5625,8.5625,3.1405622959136963,4800
FTS.TO,1999-08-13,8.637499809265137,8.637499809265137,8.5625,8.5625,3.1405622959136963,6400
FTS.TO,1999-08-16,8.662500381469727,8.662500381469727,8.5,8.524999618530273,3.1268069744110107,28800
FTS.TO,1999-08-17,8.537500381469727,8.5625,8.524999618530273,8.524999618530273,3.1268069744110107,19200
FTS.TO,1999-08-18,8.537500381469727,8.537500381469727,8.5,8.5,3.11763858795166,18000
FTS.TO,1999-08-19,8.5,8.550000190734863,8.487500190734863,8.550000190734863,3.1359779834747314,66800
FTS.TO,1999-08-20,8.612500190734863,8.612500190734863,8.5,8.5625,3.1405622959136963,25200
FTS.TO,1999-08-23,8.5,8.5625,8.487500190734863,8.487500190734863,3.1130545139312744,8800
FTS.TO,1999-08-24,8.5625,8.5625,8.475000381469727,8.487500190734863,3.1130545139312744,17600
FTS.TO,1999-08-25,8.550000190734863,8.600000381469727,8.5,8.574999809265137,3.1451478004455566,14400
FTS.TO,1999-08-26,8.625,8.625,8.537500381469727,8.550000190734863,3.1359779834747314,17200
FTS.TO,1999-08-27,8.737500190734863,8.737500190734863,8.625,8.6875,3.186410665512085,14400
FTS.TO,1999-08-30,8.725000381469727,8.725000381469727,8.6875,8.725000381469727,3.200164794921875,14800
FTS.TO,1999-08-31,8.699999809265137,8.75,8.699999809265137,8.737500190734863,3.2047486305236816,14000
FTS.TO,1999-09-01,8.800000190734863,8.800000190734863,8.6875,8.6875,3.186410665512085,8400
FTS.TO,1999-09-02,8.625,8.625,8.5625,8.5625,3.1405622959136963,7200
FTS.TO,1999-09-03,8.5625,8.625,8.5625,8.625,3.163487434387207,6000
FTS.TO,1999-09-07,8.625,8.8125,8.625,8.6875,3.186410665512085,64000
FTS.TO,1999-09-08,8.649999618530273,8.6875,8.649999618530273,8.6875,3.186410665512085,7600
FTS.TO,1999-09-09,8.6875,8.725000381469727,8.625,8.625,3.163487434387207,8000
FTS.TO,1999-09-10,8.6875,8.6875,8.524999618530273,8.625,3.163487434387207,17600
FTS.TO,1999-09-13,8.612500190734863,8.725000381469727,8.612500190734863,8.699999809265137,3.190995216369629,13200
FTS.TO,1999-09-14,8.625,8.637499809265137,8.625,8.637499809265137,3.1680707931518555,1600
FTS.TO,1999-09-15,8.649999618530273,8.649999618530273,8.625,8.649999618530273,3.1726572513580322,6000
FTS.TO,1999-09-16,8.587499618530273,8.625,8.574999809265137,8.574999809265137,3.1451478004455566,25200
FTS.TO,1999-09-17,8.574999809265137,8.625,8.5625,8.612500190734863,3.158900737762451,15600
FTS.TO,1999-09-20,8.649999618530273,8.649999618530273,8.587499618530273,8.612500190734863,3.158900737762451,10000
FTS.TO,1999-09-21,8.612500190734863,8.675000190734863,8.612500190734863,8.637499809265137,3.1680707931518555,25200
FTS.TO,1999-09-22,8.612500190734863,8.625,8.550000190734863,8.550000190734863,3.1359779834747314,14400
FTS.TO,1999-09-23,8.574999809265137,8.574999809265137,8.512499809265137,8.524999618530273,3.1268069744110107,38400
FTS.TO,1999-09-24,8.537500381469727,8.5625,8.512499809265137,8.524999618530273,3.1268069744110107,21200
FTS.TO,1999-09-27,8.625,8.625,8.412500381469727,8.412500381469727,3.0855464935302734,31600
FTS.TO,1999-09-28,8.412500381469727,8.4375,8.375,8.375,3.071791172027588,26000
FTS.TO,1999-09-29,8.412500381469727,8.5,8.399999618530273,8.5,3.11763858795166,23600
FTS.TO,1999-09-30,8.625,8.625,8.512499809265137,8.512499809265137,3.1222236156463623,7200
FTS.TO,1999-10-01,8.5625,8.574999809265137,8.537500381469727,8.537500381469727,3.1313934326171875,4000
FTS.TO,1999-10-04,8.600000381469727,8.600000381469727,8.537500381469727,8.600000381469727,3.1543161869049072,3600
FTS.TO,1999-10-05,8.600000381469727,8.625,8.574999809265137,8.625,3.163487434387207,3600
FTS.TO,1999-10-06,8.524999618530273,8.612500190734863,8.524999618530273,8.524999618530273,3.1268069744110107,17600
FTS.TO,1999-10-07,8.5625,8.625,8.550000190734863,8.625,3.163487434387207,13200
FTS.TO,1999-10-08,8.625,8.637499809265137,8.574999809265137,8.625,3.163487434387207,10800
FTS.TO,1999-10-12,8.675000190734863,8.675000190734863,8.587499618530273,8.649999618530273,3.1726572513580322,32800
FTS.TO,1999-10-13,8.649999618530273,8.649999618530273,8.587499618530273,8.587499618530273,3.1497321128845215,7600
FTS.TO,1999-10-14,8.524999618530273,8.600000381469727,8.449999809265137,8.5,3.11763858795166,12400
FTS.TO,1999-10-15,8.5,8.5,8.4375,8.449999809265137,3.0993006229400635,3200
FTS.TO,1999-10-18,8.449999809265137,8.449999809265137,8.412500381469727,8.4375,3.094715118408203,20800
FTS.TO,1999-10-19,8.475000381469727,8.550000190734863,8.475000381469727,8.5,3.11763858795166,4400
FTS.TO,1999-10-20,8.5,8.574999809265137,8.5,8.550000190734863,3.1359779834747314,3600
FTS.TO,1999-10-21,8.512499809265137,8.600000381469727,8.512499809265137,8.550000190734863,3.1359779834747314,5200
FTS.TO,1999-10-22,8.524999618530273,8.524999618530273,8.524999618530273,8.524999618530273,3.1268069744110107,5600
FTS.TO,1999-10-25,8.537500381469727,8.550000190734863,8.5,8.5,3.11763858795166,22000
FTS.TO,1999-10-26,8.524999618530273,8.524999618530273,8.462499618530273,8.475000381469727,3.108470916748047,15600
FTS.TO,1999-10-27,8.475000381469727,8.5,8.449999809265137,8.449999809265137,3.0993006229400635,17600
FTS.TO,1999-10-28,8.449999809265137,8.5,8.449999809265137,8.5,3.11763858795166,11200
FTS.TO,1999-10-29,8.600000381469727,8.600000381469727,8.475000381469727,8.5,3.11763858795166,12000
FTS.TO,1999-11-01,8.449999809265137,8.574999809265137,8.399999618530273,8.574999809265137,3.1451478004455566,28400
FTS.TO,1999-11-02,8.574999809265137,8.600000381469727,8.524999618530273,8.587499618530273,3.1497321128845215,27600
FTS.TO,1999-11-03,8.5,8.5,8.287500381469727,8.287500381469727,3.0809569358825684,18800
FTS.TO,1999-11-04,8.399999618530273,8.399999618530273,8.324999809265137,8.387499809265137,3.1181325912475586,12800
FTS.TO,1999-11-05,8.4375,8.5625,8.4375,8.487500190734863,3.1553094387054443,18400
FTS.TO,1999-11-08,8.4375,8.587499618530273,8.4375,8.587499618530273,3.1924843788146973,15200
FTS.TO,1999-11-09,8.524999618530273,8.5625,8.462499618530273,8.550000190734863,3.17854380607605,16800
FTS.TO,1999-11-10,8.550000190734863,8.574999809265137,8.5,8.574999809265137,3.1878373622894287,12800
FTS.TO,1999-11-11,8.587499618530273,8.587499618530273,8.5,8.5,3.1599555015563965,21600
FTS.TO,1999-11-12,8.5,8.550000190734863,8.5,8.5,3.1599555015563965,16000
FTS.TO,1999-11-15,8.5,8.5,8.4375,8.449999809265137,3.1413683891296387,32800
FTS.TO,1999-11-16,8.5,8.5,8.412500381469727,8.4375,3.136720895767212,15200
FTS.TO,1999-11-17,8.399999618530273,8.399999618530273,8.274999618530273,8.3125,3.090252637863159,27200
FTS.TO,1999-11-18,8.337499618530273,8.362500190734863,8.3125,8.3125,3.090252637863159,11600
FTS.TO,1999-11-19,8.362500190734863,8.375,8.274999618530273,8.274999618530273,3.0763089656829834,31200
FTS.TO,1999-11-22,8.274999618530273,8.287500381469727,8.225000381469727,8.225000381469727,3.0577218532562256,26000
FTS.TO,1999-11-23,8.225000381469727,8.225000381469727,8.125,8.125,3.0205466747283936,12800
FTS.TO,1999-11-24,8.175000190734863,8.1875,8.149999618530273,8.162500381469727,3.034487247467041,25200
FTS.TO,1999-11-25,8.199999809265137,8.350000381469727,8.199999809265137,8.274999618530273,3.0763089656829834,11200
FTS.TO,1999-11-26,8.375,8.425000190734863,8.3125,8.375,3.1134860515594482,24000
FTS.TO,1999-11-29,8.3125,8.412500381469727,8.3125,8.412500381469727,3.127427577972412,30800
FTS.TO,1999-11-30,8.337499618530273,8.337499618530273,8.262499809265137,8.274999618530273,3.0763089656829834,15600
FTS.TO,1999-12-01,8.300000190734863,8.300000190734863,8.1875,8.199999809265137,3.0484273433685303,12400
FTS.TO,1999-12-02,8.1875,8.25,8.125,8.125,3.0205466747283936,42800
FTS.TO,1999-12-03,8.125,8.125,7.900000095367432,7.900000095367432,2.9369001388549805,24800
FTS.TO,1999-12-06,7.75,7.875,7.675000190734863,7.724999904632568,2.871840715408325,32800
FTS.TO,1999-12-07,7.650000095367432,7.75,7.287499904632568,7.462500095367432,2.7742555141448975,61200
FTS.TO,1999-12-08,7.6875,7.6875,7.349999904632568,7.5625,2.811431884765625,140800
FTS.TO,1999-12-09,7.525000095367432,7.599999904632568,7.400000095367432,7.4375,2.7649619579315186,108800
FTS.TO,1999-12-10,7.5,7.625,7.412499904632568,7.512499809265137,2.792841911315918,45600
FTS.TO,1999-12-13,7.412499904632568,7.75,7.400000095367432,7.699999809265137,2.862549066543579,343200
FTS.TO,1999-12-14,7.699999809265137,7.987500190734863,7.699999809265137,7.962500095367432,2.960134506225586,76400
FTS.TO,1999-12-15,8.0,8.0,7.824999809265137,7.875,2.9276070594787598,27200
FTS.TO,1999-12-16,7.849999904632568,7.849999904632568,7.775000095367432,7.837500095367432,2.913666009902954,24400
FTS.TO,1999-12-17,7.875,8.0,7.875,7.900000095367432,2.9369001388549805,44000
FTS.TO,1999-12-20,7.862500190734863,7.9375,7.775000095367432,7.862500190734863,2.9229586124420166,240400
FTS.TO,1999-12-21,7.974999904632568,8.0,7.875,7.987500190734863,2.9694297313690186,29200
FTS.TO,1999-12-22,8.0,8.100000381469727,7.9375,7.9375,2.9508414268493652,42000
FTS.TO,1999-12-23,7.925000190734863,8.037500381469727,7.824999809265137,7.875,2.9276070594787598,54000
FTS.TO,1999-12-24,7.8125,7.9375,7.8125,7.925000190734863,2.9461936950683594,16400
FTS.TO,1999-12-29,7.837500095367432,8.0,7.8125,7.8125,2.904371738433838,18800
FTS.TO,1999-12-30,7.8125,7.875,7.775000095367432,7.862500190734863,2.9229586124420166,14800
FTS.TO,1999-12-31,7.875,7.9375,7.849999904632568,7.849999904632568,2.9183120727539062,3600
FTS.TO,2000-01-04,7.75,8.0,7.675000190734863,7.712500095367432,2.8671956062316895,36800
FTS.TO,2000-01-05,7.712500095367432,7.974999904632568,7.6875,7.900000095367432,2.9369001388549805,41200
FTS.TO,2000-01-06,7.9375,7.9375,7.8125,7.925000190734863,2.9461936950683594,24000
FTS.TO,2000-01-07,7.925000190734863,7.9375,7.787499904632568,7.9375,2.9508414268493652,31600
FTS.TO,2000-01-10,7.875,7.9375,7.849999904632568,7.925000190734863,2.9461936950683594,26800
FTS.TO,2000-01-11,7.925000190734863,7.925000190734863,7.849999904632568,7.887499809265137,2.932253360748291,48000
FTS.TO,2000-01-12,7.875,7.9375,7.849999904632568,7.912499904632568,2.9415476322174072,37600
FTS.TO,2000-01-13,7.875,7.9375,7.875,7.900000095367432,2.9369001388549805,8400
FTS.TO,2000-01-14,7.9375,7.9375,7.900000095367432,7.900000095367432,2.9369001388549805,30400
FTS.TO,2000-01-17,7.925000190734863,7.925000190734863,7.787499904632568,7.849999904632568,2.9183120727539062,23200
FTS.TO,2000-01-18,7.849999904632568,7.849999904632568,7.762499809265137,7.762499809265137,2.885782241821289,36400
FTS.TO,2000-01-19,7.849999904632568,7.849999904632568,7.650000095367432,7.650000095367432,2.843959331512451,44800
FTS.TO,2000-01-20,7.699999809265137,7.875,7.699999809265137,7.699999809265137,2.862549066543579,34800
FTS.TO,2000-01-21,7.6875,7.724999904632568,7.5625,7.612500190734863,2.8300182819366455,42400
FTS.TO,2000-01-24,7.699999809265137,7.699999809265137,7.375,7.375,2.741725444793701,50400
FTS.TO,2000-01-25,7.612500190734863,7.75,7.387499809265137,7.625,2.8346657752990723,553600
FTS.TO,2000-01-26,7.550000190734863,7.625,7.550000190734863,7.5625,2.811431884765625,24000
FTS.TO,2000-01-27,7.625,7.625,7.25,7.4375,2.7649619579315186,43600
FTS.TO,2000-01-28,7.4375,7.5625,7.349999904632568,7.5625,2.811431884765625,20000
FTS.TO,2000-01-31,7.5625,7.650000095367432,7.5,7.512499809265137,2.792841911315918,37600
FTS.TO,2000-02-01,7.5,7.625,7.5,7.625,2.8346657752990723,19600
FTS.TO,2000-02-02,7.625,7.625,7.5,7.5625,2.854483127593994,66400
FTS.TO,2000-02-03,7.75,7.75,7.525000095367432,7.5625,2.854483127593994,36800
FTS.TO,2000-02-04,7.525000095367432,7.75,7.5,7.625,2.878073215484619,52400
FTS.TO,2000-02-07,7.75,7.75,7.5,7.5,2.8308911323547363,36000
FTS.TO,2000-02-08,7.5,7.5,7.4375,7.4375,2.8073012828826904,40800
FTS.TO,2000-02-09,7.4375,7.5,7.4375,7.4375,2.8073012828826904,44000
FTS.TO,2000-02-10,7.625,7.625,7.25,7.474999904632568,2.821455240249634,70000
FTS.TO,2000-02-11,7.449999809265137,7.449999809265137,7.375,7.375,2.7837090492248535,26000
FTS.TO,2000-02-14,7.3125,7.449999809265137,7.3125,7.375,2.7837090492248535,67200
FTS.TO,2000-02-15,7.4375,7.4375,7.324999809265137,7.337500095367432,2.76955509185791,38000
FTS.TO,2000-02-16,7.337500095367432,7.449999809265137,7.337500095367432,7.349999904632568,2.7742738723754883,26400
FTS.TO,2000-02-17,7.5,7.5625,7.375,7.4375,2.8073012828826904,96400
FTS.TO,2000-02-18,7.375,7.5,7.375,7.375,2.7837090492248535,36000
FTS.TO,2000-02-21,7.375,7.5,7.375,7.375,2.7837090492248535,42400
FTS.TO,2000-02-22,7.337500095367432,7.449999809265137,7.337500095367432,7.337500095367432,2.76955509185791,36800
FTS.TO,2000-02-23,7.3125,7.375,7.25,7.3125,2.7601189613342285,36000
FTS.TO,2000-02-24,7.262499809265137,7.375,7.0625,7.125,2.6893484592437744,80400
FTS.TO,2000-02-25,7.375,7.375,7.0625,7.0625,2.665757179260254,28800
FTS.TO,2000-02-28,7.0625,7.25,7.012499809265137,7.25,2.7365286350250244,24800
FTS.TO,2000-02-29,7.3125,7.5,7.199999809265137,7.300000190734863,2.755401372909546,65200
FTS.TO,2000-03-01,7.25,7.5,7.199999809265137,7.5,2.8308911323547363,28800
FTS.TO,2000-03-02,7.275000095367432,7.5,7.25,7.25,2.7365286350250244,18000
FTS.TO,2000-03-03,7.375,7.375,7.224999904632568,7.375,2.7837090492248535,25200
FTS.TO,2000-03-06,7.25,7.25,7.099999904632568,7.125,2.6893484592437744,565200
FTS.TO,2000-03-07,7.125,7.375,7.099999904632568,7.375,2.7837090492248535,12800
FTS.TO,2000-03-08,7.474999904632568,7.474999904632568,7.125,7.150000095367432,2.6987831592559814,22800
FTS.TO,2000-03-09,7.375,7.375,7.0625,7.0625,2.665757179260254,28000
FTS.TO,2000-03-10,7.074999809265137,7.25,7.012499809265137,7.012499809265137,2.6468842029571533,30400
FTS.TO,2000-03-13,7.0,7.125,6.875,7.087500095367432,2.675192356109619,24400
FTS.TO,2000-03-14,7.087500095367432,7.175000190734863,7.087500095367432,7.125,2.6893484592437744,28800
FTS.TO,2000-03-15,7.0625,7.125,7.0,7.0,2.6421658992767334,37200
FTS.TO,2000-03-16,7.125,7.125,7.0,7.037499904632568,2.656320571899414,115600
FTS.TO,2000-03-17,7.037499904632568,7.125,7.025000095367432,7.099999904632568,2.679910898208618,84400
FTS.TO,2000-03-20,7.25,7.25,7.087500095367432,7.112500190734863,2.684628963470459,405600
FTS.TO,2000-03-21,7.375,7.375,7.125,7.25,2.7365286350250244,72800
FTS.TO,2000-03-22,7.262499809265137,7.362500190734863,7.0625,7.3125,2.7601189613342285,80000
FTS.TO,2000-03-23,7.262499809265137,7.337500095367432,7.150000095367432,7.150000095367432,2.6987831592559814,3094400
FTS.TO,2000-03-24,7.375,7.375,7.162499904632568,7.199999809265137,2.7176570892333984,116000
FTS.TO,2000-03-27,7.349999904632568,7.349999904632568,7.0625,7.349999904632568,2.7742738723754883,35600
FTS.TO,2000-03-28,7.25,7.275000095367432,7.125,7.1875,2.712937355041504,54800
FTS.TO,2000-03-29,7.162499904632568,7.25,7.099999904632568,7.125,2.6893484592437744,46800
FTS.TO,2000-03-30,7.25,7.25,7.012499809265137,7.125,2.6893484592437744,36400
FTS.TO,2000-03-31,7.237500190734863,7.487500190734863,7.199999809265137,7.262499809265137,2.7412469387054443,44800
FTS.TO,2000-04-03,7.487500190734863,7.625,7.375,7.525000095367432,2.8403282165527344,40800
FTS.TO,2000-04-04,7.400000095367432,8.225000381469727,7.400000095367432,8.225000381469727,3.1045448780059814,462400
FTS.TO,2000-04-05,8.225000381469727,8.225000381469727,7.787499904632568,7.8125,2.948845624923706,37200
FTS.TO,2000-04-06,7.75,8.0,7.75,7.8125,2.948845624923706,26400
FTS.TO,2000-04-07,8.0,8.0,7.5,7.5,2.8308911323547363,16400
FTS.TO,2000-04-10,8.0,8.0,7.75,7.875,2.9724369049072266,22000
FTS.TO,2000-04-11,7.9375,8.237500190734863,7.6875,8.050000190734863,3.0384905338287354,25200
FTS.TO,2000-04-12,8.050000190734863,8.125,7.875,8.125,3.066800117492676,19600
FTS.TO,2000-04-13,8.125,8.237500190734863,8.125,8.125,3.066800117492676,24400
FTS.TO,2000-04-14,8.0,8.1875,8.0,8.0,3.019617795944214,362800
FTS.TO,2000-04-17,8.225000381469727,8.225000381469727,8.0,8.149999618530273,3.0762362480163574,32400
FTS.TO,2000-04-18,8.225000381469727,8.225000381469727,7.875,7.900000095367432,2.981872797012329,448400
FTS.TO,2000-04-19,8.0,8.0625,7.875,7.875,2.9724369049072266,33600
FTS.TO,2000-04-20,7.8125,7.875,7.75,7.75,2.925255537033081,42800
FTS.TO,2000-04-24,7.9375,7.9375,7.8125,7.824999809265137,2.953563928604126,20800
FTS.TO,2000-04-25,7.9375,7.9375,7.8125,7.8125,2.948845624923706,57600
FTS.TO,2000-04-26,7.8125,7.8125,7.762499809265137,7.775000095367432,2.934691905975342,58800
FTS.TO,2000-04-27,7.925000190734863,7.925000190734863,7.775000095367432,7.787499904632568,2.9394094944000244,22800
FTS.TO,2000-04-28,7.875,7.875,7.775000095367432,7.775000095367432,2.934691905975342,32400
FTS.TO,2000-05-01,7.775000095367432,7.800000190734863,7.762499809265137,7.762499809265137,2.929971933364868,28800
FTS.TO,2000-05-02,7.775000095367432,7.775000095367432,7.625,7.675000190734863,2.9405088424682617,82800
FTS.TO,2000-05-03,7.6875,7.724999904632568,7.574999809265137,7.6875,2.9452991485595703,44800
FTS.TO,2000-05-04,7.6875,7.6875,7.574999809265137,7.574999809265137,2.902195930480957,34000
FTS.TO,2000-05-05,7.574999809265137,7.574999809265137,7.449999809265137,7.474999904632568,2.863882064819336,27200
FTS.TO,2000-05-08,7.724999904632568,7.75,7.525000095367432,7.625,2.9213523864746094,25600
FTS.TO,2000-05-09,7.75,7.75,7.525000095367432,7.599999904632568,2.911774158477783,48000
FTS.TO,2000-05-10,7.625,7.724999904632568,7.612500190734863,7.625,2.9213523864746094,39600
FTS.TO,2000-05-11,7.699999809265137,7.8125,7.625,7.75,2.9692437648773193,34800
FTS.TO,2000-05-12,7.75,7.75,7.650000095367432,7.662499904632568,2.9357199668884277,32000
FTS.TO,2000-05-15,7.75,7.8125,7.675000190734863,7.699999809265137,2.9500880241394043,80000
FTS.TO,2000-05-16,7.712500095367432,7.8125,7.712500095367432,7.737500190734863,2.9644556045532227,29600
FTS.TO,2000-05-17,7.75,7.75,7.662499904632568,7.6875,2.9452991485595703,28800
FTS.TO,2000-05-18,7.75,7.75,7.650000095367432,7.699999809265137,2.9500880241394043,35200
FTS.TO,2000-05-19,7.75,7.75,7.699999809265137,7.699999809265137,2.9500880241394043,38000
FTS.TO,2000-05-23,7.699999809265137,7.75,7.6875,7.724999904632568,2.9596643447875977,23600
FTS.TO,2000-05-24,7.75,7.75,7.6875,7.737500190734863,2.9644556045532227,27200
FTS.TO,2000-05-25,7.75,7.75,7.699999809265137,7.75,2.9692437648773193,115600
FTS.TO,2000-05-26,7.75,7.75,7.712500095367432,7.712500095367432,2.9548776149749756,31600
FTS.TO,2000-05-29,7.712500095367432,7.75,7.699999809265137,7.75,2.9692437648773193,32000
FTS.TO,2000-05-30,7.75,7.75,7.699999809265137,7.699999809265137,2.9500880241394043,36800
FTS.TO,2000-05-31,7.699999809265137,7.8125,7.699999809265137,7.75,2.9692437648773193,56800
FTS.TO,2000-06-01,7.75,7.75,7.712500095367432,7.724999904632568,2.9596643447875977,41200
FTS.TO,2000-06-02,7.8125,7.8125,7.724999904632568,7.75,2.9692437648773193,109600
FTS.TO,2000-06-05,7.8125,7.8125,7.724999904632568,7.75,2.9692437648773193,865600
FTS.TO,2000-06-06,7.75,7.75,7.724999904632568,7.724999904632568,2.9596643447875977,66000
FTS.TO,2000-06-07,7.75,7.75,7.724999904632568,7.724999904632568,2.9596643447875977,441600
FTS.TO,2000-06-08,7.75,7.875,7.75,7.875,3.017134428024292,378800
FTS.TO,2000-06-09,7.862500190734863,7.875,7.75,7.875,3.017134428024292,28800
FTS.TO,2000-06-12,7.875,8.125,7.824999809265137,8.0,3.0650250911712646,48800
FTS.TO,2000-06-13,7.849999904632568,8.375,7.849999904632568,8.125,3.1129167079925537,65200
FTS.TO,2000-06-14,8.4375,8.4375,8.162500381469727,8.300000190734863,3.179964303970337,21200
FTS.TO,2000-06-15,8.375,8.375,8.125,8.125,3.1129167079925537,238800
FTS.TO,2000-06-16,8.125,8.4375,8.125,8.375,3.2086987495422363,40800
FTS.TO,2000-06-19,8.262499809265137,8.362500190734863,8.137499809265137,8.137499809265137,3.117704391479492,21200
FTS.TO,2000-06-20,8.337499618530273,8.337499618530273,7.900000095367432,8.125,3.1129167079925537,46800
FTS.TO,2000-06-21,7.9375,8.125,7.9375,8.125,3.1129167079925537,22000
FTS.TO,2000-06-22,8.125,8.125,8.024999618530273,8.024999618530273,3.0746049880981445,33200
FTS.TO,2000-06-23,8.0,8.125,7.9375,8.024999618530273,3.0746049880981445,42800
FTS.TO,2000-06-26,8.149999618530273,8.149999618530273,8.0625,8.149999618530273,3.122495412826538,12400
FTS.TO,2000-06-27,8.149999618530273,8.25,8.149999618530273,8.162500381469727,3.1272835731506348,19200
FTS.TO,2000-06-28,8.125,8.375,8.125,8.375,3.2086987495422363,29600
FTS.TO,2000-06-29,8.274999618530273,8.274999618530273,8.125,8.125,3.1129167079925537,14000
FTS.TO,2000-06-30,8.137499809265137,8.237500190734863,8.137499809265137,8.137499809265137,3.117704391479492,3200
FTS.TO,2000-07-04,8.237500190734863,8.237500190734863,8.137499809265137,8.137499809265137,3.117704391479492,8000
FTS.TO,2000-07-05,8.137499809265137,8.375,8.137499809265137,8.274999618530273,3.1703853607177734,64400
FTS.TO,2000-07-06,8.375,8.5,8.375,8.375,3.2086987495422363,38800
FTS.TO,2000-07-07,8.5,8.5,8.375,8.375,3.2086987495422363,25200
FTS.TO,2000-07-10,8.375,8.375,8.149999618530273,8.149999618530273,3.122495412826538,46000
FTS.TO,2000-07-11,8.25,8.3125,8.149999618530273,8.149999618530273,3.122495412826538,28800
FTS.TO,2000-07-12,8.149999618530273,8.350000381469727,8.149999618530273,8.350000381469727,3.1991217136383057,15600
FTS.TO,2000-07-13,8.3125,8.362500190734863,8.1875,8.1875,3.1368634700775146,14000
FTS.TO,2000-07-14,8.362500190734863,8.375,8.149999618530273,8.149999618530273,3.122495412826538,25600
FTS.TO,2000-07-17,8.199999809265137,8.25,8.149999618530273,8.149999618530273,3.122495412826538,36000
FTS.TO,2000-07-18,8.25,8.375,8.1875,8.25,3.1608083248138428,82000
FTS.TO,2000-07-19,8.25,8.25,8.162500381469727,8.175000190734863,3.132072925567627,224800
FTS.TO,2000-07-20,8.225000381469727,8.25,8.225000381469727,8.25,3.1608083248138428,50000
FTS.TO,2000-07-21,8.25,8.25,8.1875,8.1875,3.1368634700775146,61600
FTS.TO,2000-07-24,8.225000381469727,8.25,8.1875,8.237500190734863,3.1560189723968506,30000
FTS.TO,2000-07-25,8.25,8.25,8.1875,8.25,3.1608083248138428,56000
FTS.TO,2000-07-26,8.25,8.25,8.162500381469727,8.162500381469727,3.1272835731506348,37200
FTS.TO,2000-07-27,8.375,8.375,8.125,8.274999618530273,3.1703853607177734,45200
FTS.TO,2000-07-28,8.25,8.3125,8.199999809265137,8.199999809265137,3.1416497230529785,27600
FTS.TO,2000-07-31,8.3125,8.3125,8.125,8.125,3.1129167079925537,41600
FTS.TO,2000-08-01,8.25,8.25,8.125,8.175000190734863,3.132072925567627,47200
FTS.TO,2000-08-02,8.125,8.199999809265137,8.074999809265137,8.149999618530273,3.1670467853546143,24400
FTS.TO,2000-08-03,8.149999618530273,8.175000190734863,8.074999809265137,8.125,3.157331943511963,88800
FTS.TO,2000-08-04,8.149999618530273,8.1875,8.137499809265137,8.1875,3.181619644165039,26400
FTS.TO,2000-08-08,8.074999809265137,8.125,8.0,8.0,3.1087567806243896,89200
FTS.TO,2000-08-09,8.037500381469727,8.199999809265137,8.0,8.125,3.157331943511963,16800
FTS.TO,2000-08-10,8.125,8.212499618530273,8.0,8.125,3.157331943511963,40000
FTS.TO,2000-08-11,8.25,8.25,8.012499809265137,8.012499809265137,3.1136152744293213,31200
FTS.TO,2000-08-14,8.25,8.25,8.125,8.149999618530273,3.1670467853546143,25600
FTS.TO,2000-08-15,8.175000190734863,8.25,8.175000190734863,8.212499618530273,3.1913325786590576,27200
FTS.TO,2000-08-16,8.25,8.25,8.012499809265137,8.012499809265137,3.1136152744293213,80400
FTS.TO,2000-08-17,8.212499618530273,8.212499618530273,8.024999618530273,8.037500381469727,3.12332820892334,53600
FTS.TO,2000-08-18,8.0,8.25,8.0,8.25,3.205906629562378,39600
FTS.TO,2000-08-21,8.25,8.25,8.112500190734863,8.112500190734863,3.152473211288452,39200
FTS.TO,2000-08-22,8.125,8.25,8.112500190734863,8.112500190734863,3.152473211288452,48400
FTS.TO,2000-08-23,8.125,8.225000381469727,8.125,8.137499809265137,3.1621882915496826,26400
FTS.TO,2000-08-24,8.125,8.237500190734863,8.0625,8.175000190734863,3.176759719848633,51200
FTS.TO,2000-08-25,8.225000381469727,8.25,8.149999618530273,8.162500381469727,3.171905040740967,40000
FTS.TO,2000-08-28,8.0625,8.25,8.0625,8.125,3.157331943511963,24000
FTS.TO,2000-08-29,8.225000381469727,8.25,8.125,8.25,3.205906629562378,50000
FTS.TO,2000-08-30,8.25,8.25,8.149999618530273,8.175000190734863,3.176759719848633,25200
FTS.TO,2000-08-31,8.175000190734863,8.25,8.149999618530273,8.149999618530273,3.1670467853546143,35600
FTS.TO,2000-09-01,8.25,8.25,8.125,8.149999618530273,3.1670467853546143,30400
FTS.TO,2000-09-05,8.5,8.5,8.149999618530273,8.175000190734863,3.176759719848633,30800
FTS.TO,2000-09-06,8.25,8.375,8.25,8.375,3.2544801235198975,32800
FTS.TO,2000-09-07,8.350000381469727,8.5,8.3125,8.5,3.30305552482605,74800
FTS.TO,2000-09-08,8.5,8.662500381469727,8.5,8.5625,3.327341079711914,124000
FTS.TO,2000-09-11,8.625,8.75,8.5,8.625,3.3516273498535156,126000
FTS.TO,2000-09-12,8.625,8.75,8.625,8.675000190734863,3.371058464050293,33200
FTS.TO,2000-09-13,8.75,8.75,8.675000190734863,8.6875,3.37591552734375,33200
FTS.TO,2000-09-14,8.6875,8.75,8.625,8.725000381469727,3.390491485595703,38400
FTS.TO,2000-09-15,8.75,8.75,8.625,8.637499809265137,3.35648775100708,29200
FTS.TO,2000-09-18,8.625,8.75,8.625,8.637499809265137,3.35648775100708,29200
FTS.TO,2000-09-19,8.75,9.175000190734863,8.75,9.125,3.545926809310913,339200
FTS.TO,2000-09-20,9.112500190734863,9.125,8.875,9.0,3.497352361679077,23600
FTS.TO,2000-09-21,8.862500190734863,9.0,8.862500190734863,8.875,3.448777198791504,20400
FTS.TO,2000-09-22,8.875,9.1875,8.862500190734863,9.0625,3.521639585494995,31200
FTS.TO,2000-09-25,9.125,9.125,8.75,8.762499809265137,3.4050607681274414,40000
FTS.TO,2000-09-26,8.9375,8.9375,8.774999618530273,8.8125,3.4244911670684814,16800
FTS.TO,2000-09-27,8.774999618530273,8.899999618530273,8.75,8.850000381469727,3.43906307220459,40400
FTS.TO,2000-09-28,8.625,8.625,8.600000381469727,8.612500190734863,3.346771001815796,371600
FTS.TO,2000-09-29,8.725000381469727,8.725000381469727,8.5625,8.625,3.3516273498535156,56800
FTS.TO,2000-10-02,8.5625,8.662500381469727,8.5625,8.625,3.3516273498535156,20400
FTS.TO,2000-10-03,8.612500190734863,8.649999618530273,8.5625,8.5625,3.327341079711914,125600
FTS.TO,2000-10-04,8.5,8.512499809265137,8.5,8.512499809265137,3.3079121112823486,44800
FTS.TO,2000-10-05,8.625,8.625,8.5,8.5,3.30305552482605,107200
FTS.TO,2000-10-06,8.4375,8.587499618530273,8.4375,8.587499618530273,3.3370580673217773,48000
FTS.TO,2000-10-10,8.612500190734863,8.625,8.5,8.600000381469727,3.3419151306152344,62000
FTS.TO,2000-10-11,8.600000381469727,8.612500190734863,8.524999618530273,8.524999618530273,3.312769651412964,42000
FTS.TO,2000-10-12,8.524999618530273,8.600000381469727,8.475000381469727,8.475000381469727,3.2933402061462402,86800
FTS.TO,2000-10-13,8.475000381469727,8.5625,8.4375,8.5625,3.327341079711914,52000
FTS.TO,2000-10-16,8.625,8.625,8.5,8.5625,3.327341079711914,19200
FTS.TO,2000-10-17,8.649999618530273,8.649999618530273,8.5,8.5,3.30305552482605,45600
FTS.TO,2000-10-18,8.5,8.600000381469727,8.487500190734863,8.5,3.30305552482605,54000
FTS.TO,2000-10-19,8.512499809265137,8.600000381469727,8.512499809265137,8.512499809265137,3.3079121112823486,26000
FTS.TO,2000-10-20,8.600000381469727,8.600000381469727,8.4375,8.4375,3.278765916824341,43200
FTS.TO,2000-10-23,8.612500190734863,8.612500190734863,8.399999618530273,8.449999809265137,3.2836248874664307,66000
FTS.TO,2000-10-24,8.5625,8.625,8.512499809265137,8.600000381469727,3.3419151306152344,24800
FTS.TO,2000-10-25,8.600000381469727,8.625,8.5,8.5,3.30305552482605,42000
FTS.TO,2000-10-26,8.600000381469727,8.612500190734863,8.5,8.600000381469727,3.3419151306152344,2775200
FTS.TO,2000-10-27,8.574999809265137,8.625,8.574999809265137,8.625,3.3516273498535156,44400
FTS.TO,2000-10-30,8.625,8.625,8.550000190734863,8.625,3.3516273498535156,236800
FTS.TO,2000-10-31,8.600000381469727,8.625,8.5,8.600000381469727,3.3419151306152344,75200
FTS.TO,2000-11-01,8.5,8.625,8.5,8.5,3.347822427749634,32800
FTS.TO,2000-11-02,8.600000381469727,8.600000381469727,8.487500190734863,8.587499618530273,3.3822860717773438,33200
FTS.TO,2000-11-03,8.587499618530273,8.587499618530273,8.274999618530273,8.350000381469727,3.288742780685425,65200
FTS.TO,2000-11-06,8.375,8.4375,8.350000381469727,8.350000381469727,3.288742780685425,54800
FTS.TO,2000-11-07,8.362500190734863,8.5,8.3125,8.375,3.2985892295837402,40400
FTS.TO,2000-11-08,8.362500190734863,8.4375,8.287500381469727,8.425000190734863,3.31828236579895,24000
FTS.TO,2000-11-09,8.5,8.625,8.4375,8.625,3.3970530033111572,40400
FTS.TO,2000-11-10,8.449999809265137,8.625,8.4375,8.587499618530273,3.3822860717773438,453600
FTS.TO,2000-11-13,8.587499618530273,8.587499618530273,8.5625,8.574999809265137,3.3773605823516846,700400
FTS.TO,2000-11-14,8.574999809265137,8.625,8.5625,8.5625,3.372437000274658,546000
FTS.TO,2000-11-15,8.5625,8.600000381469727,8.5625,8.600000381469727,3.387208938598633,433200
FTS.TO,2000-11-16,8.574999809265137,8.675000190734863,8.574999809265137,8.587499618530273,3.3822860717773438,33200
FTS.TO,2000-11-17,8.587499618530273,8.75,8.587499618530273,8.675000190734863,3.4167470932006836,76000
FTS.TO,2000-11-20,8.675000190734863,8.800000190734863,8.625,8.800000190734863,3.4659812450408936,347600
FTS.TO,2000-11-21,8.8125,8.8125,8.725000381469727,8.725000381469727,3.436443567276001,370400
FTS.TO,2000-11-22,8.8125,8.8125,8.725000381469727,8.75,3.4462873935699463,322000
FTS.TO,2000-11-23,8.862500190734863,8.875,8.762499809265137,8.824999809265137,3.47582745552063,48000
FTS.TO,2000-11-24,8.8125,8.9375,8.8125,8.875,3.4955191612243652,441600
FTS.TO,2000-11-27,8.774999618530273,8.875,8.774999618530273,8.875,3.4955191612243652,134400
FTS.TO,2000-11-28,8.875,8.875,8.8125,8.862500190734863,3.4905965328216553,65200
FTS.TO,2000-11-29,8.875,8.875,8.75,8.75,3.4462873935699463,50400
FTS.TO,2000-11-30,8.75,8.774999618530273,8.574999809265137,8.587499618530273,3.3822860717773438,182800
FTS.TO,2000-12-01,8.524999618530273,8.725000381469727,8.5,8.5,3.347822427749634,77200
FTS.TO,2000-12-04,8.75,8.75,8.449999809265137,8.475000381469727,3.337975263595581,173600
FTS.TO,2000-12-05,8.6875,8.6875,8.425000190734863,8.5,3.347822427749634,77200
FTS.TO,2000-12-06,8.5625,8.625,8.462499618530273,8.5,3.347822427749634,128400
FTS.TO,2000-12-07,8.5,8.625,8.475000381469727,8.5,3.347822427749634,76400
FTS.TO,2000-12-08,8.574999809265137,8.6875,8.387499809265137,8.5,3.347822427749634,99600
FTS.TO,2000-12-11,8.625,8.625,8.425000190734863,8.524999618530273,3.35766863822937,97200
FTS.TO,2000-12-12,8.4375,8.574999809265137,8.412500381469727,8.5625,3.372437000274658,242800
FTS.TO,2000-12-13,8.625,8.625,8.5,8.625,3.3970530033111572,109600
FTS.TO,2000-12-14,8.600000381469727,8.75,8.600000381469727,8.75,3.4462873935699463,195200
FTS.TO,2000-12-15,8.75,8.925000190734863,8.6875,8.925000190734863,3.515212059020996,110000
FTS.TO,2000-12-18,8.912500381469727,8.925000190734863,8.637499809265137,8.850000381469727,3.485673666000366,201200
FTS.TO,2000-12-19,8.875,9.0625,8.875,9.0,3.544753074645996,292400
FTS.TO,2000-12-20,9.0,9.0,8.774999618530273,8.774999618530273,3.45613431930542,201200
FTS.TO,2000-12-21,8.975000381469727,8.975000381469727,8.8125,8.9375,3.520136833190918,50000
FTS.TO,2000-12-22,8.975000381469727,9.012499809265137,8.912500381469727,8.912500381469727,3.510291814804077,82800
FTS.TO,2000-12-27,8.8125,8.9375,8.8125,8.9375,3.520136833190918,16000
FTS.TO,2000-12-28,9.0625,9.0625,8.875,8.9375,3.520136833190918,11200
FTS.TO,2000-12-29,9.0,9.0,8.875,9.0,3.544753074645996,24800
FTS.TO,2001-01-02,8.862500190734863,9.0625,8.862500190734863,8.9375,3.520136833190918,90000
FTS.TO,2001-01-03,9.0625,9.0625,8.8125,8.875,3.4955191612243652,160400
FTS.TO,2001-01-04,8.774999618530273,9.0,8.774999618530273,9.0,3.544753074645996,245600
FTS.TO,2001-01-05,9.0,9.0,8.949999809265137,9.0,3.544753074645996,50000
FTS.TO,2001-01-08,8.925000190734863,9.0625,8.887499809265137,9.0,3.544753074645996,70800
FTS.TO,2001-01-09,9.0,9.0,8.912500381469727,8.912500381469727,3.510291814804077,66800
FTS.TO,2001-01-10,9.0,9.0,8.787500381469727,8.875,3.4955191612243652,38000
FTS.TO,2001-01-11,9.0,9.0,8.9375,8.949999809265137,3.5250582695007324,70800
FTS.TO,2001-01-12,8.975000381469727,9.0,8.875,8.875,3.4955191612243652,56800
FTS.TO,2001-01-15,8.9375,8.9375,8.875,8.9375,3.520136833190918,86400
FTS.TO,2001-01-16,8.9375,8.9375,8.8125,8.875,3.4955191612243652,26400
FTS.TO,2001-01-17,8.875,8.9375,8.875,8.899999618530273,3.5053675174713135,79600
FTS.TO,2001-01-18,8.9375,8.9375,8.649999618530273,8.649999618530273,3.406899929046631,117600
FTS.TO,2001-01-19,8.850000381469727,8.850000381469727,8.5625,8.8125,3.4709043502807617,83600
FTS.TO,2001-01-22,8.9375,8.9375,8.75,8.8125,3.4709043502807617,22800
FTS.TO,2001-01-23,8.787500381469727,8.850000381469727,8.649999618530273,8.850000381469727,3.485673666000366,76800
FTS.TO,2001-01-24,8.850000381469727,8.850000381469727,8.737500190734863,8.737500190734863,3.4413645267486572,79600
FTS.TO,2001-01-25,8.800000190734863,8.800000190734863,8.649999618530273,8.737500190734863,3.4413645267486572,112800
FTS.TO,2001-01-26,8.75,8.8125,8.75,8.8125,3.4709043502807617,54400
FTS.TO,2001-01-29,8.8125,8.875,8.762499809265137,8.774999618530273,3.45613431930542,85200
FTS.TO,2001-01-30,8.875,8.875,8.824999809265137,8.837499618530273,3.480750322341919,88400
FTS.TO,2001-01-31,8.862500190734863,8.864999771118164,8.762499809265137,8.8125,3.5166666507720947,234400
FTS.TO,2001-02-01,8.850000381469727,8.850000381469727,8.787500381469727,8.8125,3.5166666507720947,79200
FTS.TO,2001-02-02,8.8125,8.8125,8.649999618530273,8.75,3.4917235374450684,102400
FTS.TO,2001-02-05,8.824999809265137,8.824999809265137,8.725000381469727,8.774999618530273,3.501699209213257,257200
FTS.TO,2001-02-06,8.774999618530273,8.800000190734863,8.75,8.774999618530273,3.501699209213257,325200
FTS.TO,2001-02-07,8.862500190734863,8.862500190734863,8.75,8.850000381469727,3.531628370285034,82400
FTS.TO,2001-02-08,8.84749984741211,8.84749984741211,8.787500381469727,8.837499618530273,3.526641607284546,48000
FTS.TO,2001-02-09,8.837499618530273,8.837499618530273,8.737500190734863,8.737500190734863,3.4867360591888428,103600
FTS.TO,2001-02-12,8.75,8.762499809265137,8.699999809265137,8.762499809265137,3.4967122077941895,88800
FTS.TO,2001-02-13,8.850000381469727,8.875,8.774999618530273,8.850000381469727,3.531628370285034,60400
FTS.TO,2001-02-14,8.897500038146973,9.0,8.875,9.0,3.5914881229400635,94400
FTS.TO,2001-02-15,9.0,9.125,8.975000381469727,9.050000190734863,3.611440420150757,147200
FTS.TO,2001-02-16,9.125,9.125,8.75,9.0,3.5914881229400635,33200
FTS.TO,2001-02-19,9.0,9.100000381469727,8.962499618530273,8.975000381469727,3.581511974334717,52800
FTS.TO,2001-02-20,9.0,9.0625,8.962499618530273,8.962499618530273,3.5765228271484375,65200
FTS.TO,2001-02-21,8.975000381469727,9.024999618530273,8.962499618530273,8.962499618530273,3.5765228271484375,84800
FTS.TO,2001-02-22,8.824999809265137,9.024999618530273,8.800000190734863,8.925000190734863,3.561558485031128,86800
FTS.TO,2001-02-23,8.925000190734863,9.024999618530273,8.899999618530273,8.987500190734863,3.586500644683838,41200
FTS.TO,2001-02-26,8.987500190734863,9.0,8.899999618530273,8.9375,3.566546678543091,61200
FTS.TO,2001-02-27,9.0,9.0,8.962499618530273,8.962499618530273,3.5765228271484375,22400
FTS.TO,2001-02-28,8.962499618530273,9.0,8.962499618530273,8.962499618530273,3.5765228271484375,69200
FTS.TO,2001-03-01,9.0,9.0,8.8125,8.837499618530273,3.526641607284546,106000
FTS.TO,2001-03-02,8.987500190734863,8.987500190734863,8.837499618530273,8.912500381469727,3.5565717220306396,49600
FTS.TO,2001-03-05,9.0,9.0,8.9375,9.0,3.5914881229400635,88800
FTS.TO,2001-03-06,9.0,9.024999618530273,8.949999809265137,9.0,3.5914881229400635,150000
FTS.TO,2001-03-07,9.0,9.0,8.987500190734863,9.0,3.5914881229400635,81600
FTS.TO,2001-03-08,9.0625,9.0625,9.0,9.0625,3.6164281368255615,62000
FTS.TO,2001-03-09,9.0625,9.125,9.0,9.0625,3.6164281368255615,79600
FTS.TO,2001-03-12,9.0625,9.125,9.024999618530273,9.024999618530273,3.601463794708252,65600
FTS.TO,2001-03-13,9.074999809265137,9.125,9.012499809265137,9.125,3.6413702964782715,62000
FTS.TO,2001-03-14,9.125,9.350000381469727,9.125,9.350000381469727,3.7311573028564453,58800
FTS.TO,2001-03-15,9.300000190734863,9.625,9.175000190734863,9.5,3.7910146713256836,114000
FTS.TO,2001-03-16,9.375,9.5625,9.375,9.5,3.7910146713256836,52400
FTS.TO,2001-03-19,9.5,9.975000381469727,9.4375,9.975000381469727,3.9805662631988525,79600
FTS.TO,2001-03-20,9.5,9.625,9.5,9.512499809265137,3.79600191116333,40400
FTS.TO,2001-03-21,9.3125,9.574999809265137,9.3125,9.5,3.7910146713256836,31200
FTS.TO,2001-03-22,9.342499732971191,9.5,9.3125,9.5,3.7910146713256836,42800
FTS.TO,2001-03-23,9.5,9.5,9.375,9.5,3.7910146713256836,36400
FTS.TO,2001-03-26,9.5,9.637499809265137,9.475000381469727,9.600000381469727,3.830920934677124,45600
FTS.TO,2001-03-27,9.5024995803833,9.574999809265137,9.387499809265137,9.5,3.7910146713256836,57600
FTS.TO,2001-03-28,9.4375,9.5,9.375,9.4375,3.7660725116729736,46400
FTS.TO,2001-03-29,9.487500190734863,9.547499656677246,9.399999618530273,9.399999618530273,3.7511093616485596,40800
FTS.TO,2001-03-30,9.487500190734863,9.547499656677246,9.40250015258789,9.547499656677246,3.8099710941314697,41600
FTS.TO,2001-04-02,9.5,9.725000381469727,9.4375,9.725000381469727,3.8808035850524902,48800
FTS.TO,2001-04-03,9.6875,9.75,9.600000381469727,9.600000381469727,3.830920934677124,99600
FTS.TO,2001-04-04,9.75,9.75,9.524999618530273,9.625,3.8408968448638916,68000
FTS.TO,2001-04-05,9.725000381469727,9.8125,9.612500190734863,9.75,3.890777826309204,53600
FTS.TO,2001-04-06,9.8125,9.8125,9.5625,9.637499809265137,3.8458845615386963,31600
FTS.TO,2001-04-09,9.75,9.75,9.550000190734863,9.6875,3.8658368587493896,29200
FTS.TO,2001-04-10,9.6875,9.6875,9.475000381469727,9.600000381469727,3.830920934677124,64400
FTS.TO,2001-04-11,9.587499618530273,9.587499618530273,9.375,9.462499618530273,3.7760496139526367,60000
FTS.TO,2001-04-12,9.5,9.6875,9.4375,9.6875,3.8658368587493896,50800
FTS.TO,2001-04-16,9.6875,9.737500190734863,9.574999809265137,9.6875,3.8658368587493896,25600
FTS.TO,2001-04-17,9.6875,9.6875,9.5,9.649999618530273,3.8508732318878174,19600
FTS.TO,2001-04-18,9.6875,9.712499618530273,9.649999618530273,9.6875,3.8658368587493896,36800
FTS.TO,2001-04-19,9.675000190734863,9.725000381469727,9.675000190734863,9.675000190734863,3.8608474731445312,57200
FTS.TO,2001-04-20,9.5,9.725000381469727,9.5,9.6875,3.8658368587493896,35200
FTS.TO,2001-04-23,9.587499618530273,9.712499618530273,9.587499618530273,9.600000381469727,3.830920934677124,30000
FTS.TO,2001-04-24,9.574999809265137,9.75,9.574999809265137,9.75,3.890777826309204,102000
FTS.TO,2001-04-25,9.75,9.774999618530273,9.6274995803833,9.737500190734863,3.8857908248901367,24000
FTS.TO,2001-04-26,9.5625,9.75,9.5625,9.737500190734863,3.8857908248901367,49600
FTS.TO,2001-04-27,9.75,9.875,9.712499618530273,9.75,3.890777826309204,28400
FTS.TO,2001-04-30,9.699999809265137,9.875,9.574999809265137,9.574999809265137,3.820944309234619,97200
FTS.TO,2001-05-01,9.850000381469727,9.850000381469727,9.587499618530273,9.8125,3.9157190322875977,369200
FTS.TO,2001-05-02,9.699999809265137,9.8100004196167,9.625,9.739999771118164,3.9338924884796143,48000
FTS.TO,2001-05-03,9.800000190734863,9.8125,9.675000190734863,9.675000190734863,3.907639980316162,194400
FTS.TO,2001-05-04,9.725000381469727,9.725000381469727,9.649999618530273,9.649999618530273,3.89754319190979,85200
FTS.TO,2001-05-07,9.625,9.649999618530273,9.512499809265137,9.625,3.8874480724334717,28400
FTS.TO,2001-05-08,9.574999809265137,9.600000381469727,9.462499618530273,9.5,3.836960554122925,50400
FTS.TO,2001-05-09,9.5,9.5,9.375,9.399999618530273,3.7965712547302246,50800
FTS.TO,2001-05-10,9.5,9.725000381469727,9.475000381469727,9.675000190734863,3.907639980316162,48400
FTS.TO,2001-05-11,9.524999618530273,9.675000190734863,9.524999618530273,9.579999923706055,3.8692727088928223,24000
FTS.TO,2001-05-14,9.75,9.75,9.512499809265137,9.625,3.8874480724334717,30800
FTS.TO,2001-05-15,9.5625,9.6875,9.4375,9.600000381469727,3.877349615097046,54400
FTS.TO,2001-05-16,9.524999618530273,9.612500190734863,9.524999618530273,9.612500190734863,3.8823986053466797,18800
FTS.TO,2001-05-17,9.612500190734863,9.625,9.350000381469727,9.350000381469727,3.7763774394989014,61600
FTS.TO,2001-05-18,9.3774995803833,9.5,9.3774995803833,9.425000190734863,3.806669235229492,50800
FTS.TO,2001-05-22,9.625,9.625,9.425000190734863,9.475000381469727,3.8268628120422363,48800
FTS.TO,2001-05-23,9.537500381469727,9.5625,9.5,9.512499809265137,3.842007637023926,38800
FTS.TO,2001-05-24,9.550000190734863,9.5600004196167,9.475000381469727,9.524999618530273,3.847057819366455,40400
FTS.TO,2001-05-25,9.555000305175781,9.5625,9.5,9.5,3.836960554122925,39600
FTS.TO,2001-05-28,9.5,9.5625,9.475000381469727,9.5,3.836960554122925,30800
FTS.TO,2001-05-29,9.550000190734863,9.5625,9.462499618530273,9.5,3.836960554122925,54000
FTS.TO,2001-05-30,9.512499809265137,9.512499809265137,9.375,9.375,3.786472797393799,73200
FTS.TO,2001-05-31,9.375,9.4375,9.350000381469727,9.387499809265137,3.7915241718292236,100400
FTS.TO,2001-06-01,9.475000381469727,9.5,9.449999809265137,9.477499961853027,3.827873706817627,90800
FTS.TO,2001-06-04,9.5625,9.649999618530273,9.5625,9.569999694824219,3.8652303218841553,63600
FTS.TO,2001-06-05,9.612500190734863,9.612500190734863,9.512499809265137,9.574999809265137,3.867253065109253,76000
FTS.TO,2001-06-06,9.612500190734863,9.649999618530273,9.587499618530273,9.587499618530273,3.872300863265991,298400
FTS.TO,2001-06-07,9.649999618530273,9.649999618530273,9.5625,9.5625,3.86220383644104,53200
FTS.TO,2001-06-08,9.524999618530273,9.625,9.475000381469727,9.475000381469727,3.8268628120422363,48400
FTS.TO,2001-06-11,9.612500190734863,9.612500190734863,9.3774995803833,9.550000190734863,3.8571553230285645,26000
FTS.TO,2001-06-12,9.5,9.649999618530273,9.5,9.649999618530273,3.89754319190979,69600
FTS.TO,2001-06-13,9.550000190734863,9.649999618530273,9.524999618530273,9.609999656677246,3.8813884258270264,33200
FTS.TO,2001-06-14,9.505000114440918,9.619999885559082,9.505000114440918,9.609999656677246,3.8813884258270264,20800
FTS.TO,2001-06-15,9.625,9.625,9.574999809265137,9.625,3.8874480724334717,34000
FTS.TO,2001-06-18,9.600000381469727,9.625,9.582500457763672,9.625,3.8874480724334717,29600
FTS.TO,2001-06-19,9.625,9.649999618530273,9.512499809265137,9.512499809265137,3.842007637023926,52800
FTS.TO,2001-06-20,9.517499923706055,9.649999618530273,9.517499923706055,9.587499618530273,3.872300863265991,38800
FTS.TO,2001-06-21,9.625,9.625,9.537500381469727,9.612500190734863,3.8823986053466797,41600
FTS.TO,2001-06-22,9.612500190734863,9.625,9.512499809265137,9.512499809265137,3.842007637023926,49200
FTS.TO,2001-06-25,9.625,9.625,9.524999618530273,9.550000190734863,3.8571553230285645,26400
FTS.TO,2001-06-26,9.550000190734863,9.625,9.5,9.550000190734863,3.8571553230285645,61200
FTS.TO,2001-06-27,9.550000190734863,9.600000381469727,9.5024995803833,9.52750015258789,3.8480663299560547,34000
FTS.TO,2001-06-28,9.524999618530273,9.625,9.4399995803833,9.4399995803833,3.812727451324463,62800
FTS.TO,2001-06-29,9.4399995803833,9.5,9.1875,9.242500305175781,3.7329602241516113,192800
FTS.TO,2001-07-03,9.25,9.25,9.1875,9.225000381469727,3.72589111328125,78800
FTS.TO,2001-07-04,9.225000381469727,9.225000381469727,9.137499809265137,9.137499809265137,3.6905500888824463,59600
FTS.TO,2001-07-05,9.199999809265137,9.199999809265137,9.100000381469727,9.149999618530273,3.695599317550659,96400
FTS.TO,2001-07-06,9.149999618530273,9.175000190734863,9.125,9.125,3.685499668121338,76800
FTS.TO,2001-07-09,9.149999618530273,9.149999618530273,9.0,9.0,3.635014295578003,283200
FTS.TO,2001-07-10,9.024999618530273,9.125,9.0,9.100000381469727,3.6754050254821777,521600
FTS.TO,2001-07-11,9.1875,9.1875,9.137499809265137,9.149999618530273,3.695599317550659,222400
FTS.TO,2001-07-12,9.1875,9.25,9.1875,9.237500190734863,3.7309393882751465,49200
FTS.TO,2001-07-13,9.164999961853027,9.237500190734863,9.164999961853027,9.237500190734863,3.7309393882751465,64400
FTS.TO,2001-07-16,9.25,9.25,9.15250015258789,9.25,3.735987663269043,41200
FTS.TO,2001-07-17,9.25,9.25,9.149999618530273,9.25,3.735987663269043,45600
FTS.TO,2001-07-18,9.25,9.25,9.212499618530273,9.25,3.735987663269043,63600
FTS.TO,2001-07-19,9.1899995803833,9.25,9.1899995803833,9.25,3.735987663269043,81200
FTS.TO,2001-07-20,9.25,9.375,9.1875,9.25,3.735987663269043,324800
FTS.TO,2001-07-23,9.350000381469727,9.375,9.212499618530273,9.375,3.786472797393799,43200
FTS.TO,2001-07-24,9.3125,9.375,9.3125,9.362500190734863,3.7814254760742188,308400
FTS.TO,2001-07-25,9.375,9.375,9.25,9.3125,3.761230945587158,38400
FTS.TO,2001-07-26,9.375,9.375,9.324999809265137,9.362500190734863,3.7814254760742188,20000
FTS.TO,2001-07-27,9.324999809265137,9.4375,9.324999809265137,9.4350004196167,3.8107075691223145,29600
FTS.TO,2001-07-30,9.4375,9.4375,9.25,9.362500190734863,3.7814254760742188,66400
FTS.TO,2001-07-31,9.425000190734863,9.425000190734863,9.300000190734863,9.327500343322754,3.7672901153564453,26800
FTS.TO,2001-08-01,9.375,9.4350004196167,9.375,9.422499656677246,3.8056604862213135,44000
FTS.TO,2001-08-02,9.375,9.475000381469727,9.3149995803833,9.380000114440918,3.788494825363159,92400
FTS.TO,2001-08-03,9.387499809265137,9.675000190734863,9.380000114440918,9.675000190734863,3.907639980316162,86800
FTS.TO,2001-08-07,9.7475004196167,9.75,9.647500038146973,9.7475004196167,3.9369239807128906,80000
FTS.TO,2001-08-08,9.649999618530273,9.8725004196167,9.5,9.662500381469727,3.9502103328704834,71600
FTS.TO,2001-08-09,9.75,9.8100004196167,9.6875,9.762499809265137,3.991091728210449,35600
FTS.TO,2001-08-10,9.762499809265137,9.875,9.712499618530273,9.875,4.037084102630615,67200
FTS.TO,2001-08-13,9.667499542236328,9.875,9.667499542236328,9.824999809265137,4.016641616821289,68000
FTS.TO,2001-08-14,9.8125,9.962499618530273,9.774999618530273,9.875,4.037084102630615,48400
FTS.TO,2001-08-15,9.875,9.987500190734863,9.8125,9.962499618530273,4.072854995727539,74400
FTS.TO,2001-08-16,9.962499618530273,9.987500190734863,9.875,9.914999961853027,4.053436756134033,58000
FTS.TO,2001-08-17,9.962499618530273,10.0,9.899999618530273,9.975000381469727,4.077966213226318,54400
FTS.TO,2001-08-20,10.0,10.1875,10.0,10.074999809265137,4.118846416473389,145600
FTS.TO,2001-08-21,10.125,10.199999809265137,10.0,10.199999809265137,4.169950008392334,52800
FTS.TO,2001-08-22,10.212499618530273,10.212499618530273,10.024999618530273,10.100000381469727,4.129068374633789,44800
FTS.TO,2001-08-23,10.037500381469727,10.199999809265137,9.9375,10.194999694824219,4.167903900146484,84800
FTS.TO,2001-08-24,10.125,10.175000190734863,10.125,10.137499809265137,4.144399166107178,19600
FTS.TO,2001-08-27,10.149999618530273,10.172499656677246,10.050000190734863,10.1225004196167,4.138266563415527,46000
FTS.TO,2001-08-28,10.125,10.149999618530273,10.052499771118164,10.055000305175781,4.110671520233154,60000
FTS.TO,2001-08-29,10.125,10.287500381469727,10.074999809265137,10.1899995803833,4.1658616065979,116800
FTS.TO,2001-08-30,10.1875,10.237500190734863,10.1875,10.1875,4.164840221405029,44400
FTS.TO,2001-08-31,10.1875,10.25,10.1875,10.199999809265137,4.169950008392334,512000
FTS.TO,2001-09-04,10.25,10.274999618530273,10.199999809265137,10.2524995803833,4.191413402557373,57200
FTS.TO,2001-09-05,10.25,10.350000381469727,10.25,10.262499809265137,4.195503234863281,56000
FTS.TO,2001-09-06,10.322500228881836,10.375,10.265000343322754,10.274999618530273,4.200610637664795,76800
FTS.TO,2001-09-07,10.362500190734863,10.362500190734863,10.25,10.274999618530273,4.200610637664795,69200
FTS.TO,2001-09-10,10.25,10.350000381469727,10.25,10.350000381469727,4.231272220611572,56800
FTS.TO,2001-09-11,10.345000267028809,10.350000381469727,10.25,10.25,4.190390586853027,18800
FTS.TO,2001-09-13,10.25,10.25,10.137499809265137,10.237500190734863,4.1852803230285645,102000
FTS.TO,2001-09-14,10.237500190734863,10.237500190734863,10.125,10.125,4.139286041259766,109600
FTS.TO,2001-09-17,10.0625,10.1875,10.0625,10.125,4.139286041259766,128800
FTS.TO,2001-09-18,10.125,10.125,9.637499809265137,10.0625,4.1137375831604,157200
FTS.TO,2001-09-19,10.050000190734863,10.109999656677246,10.050000190734863,10.109999656677246,4.133155345916748,202800
FTS.TO,2001-09-20,10.012499809265137,10.149999618530273,10.012499809265137,10.052499771118164,4.109650611877441,214800
FTS.TO,2001-09-21,10.0,10.0625,10.0,10.0,4.088185787200928,124800
FTS.TO,2001-09-24,10.1899995803833,10.212499618530273,10.074999809265137,10.149999618530273,4.149508476257324,79200
FTS.TO,2001-09-25,10.149999618530273,10.3125,10.125,10.229999542236328,4.182214260101318,71200
FTS.TO,2001-09-26,10.337499618530273,10.387499809265137,10.25,10.25,4.190390586853027,179200
FTS.TO,2001-09-27,10.25,10.3125,10.1875,10.1875,4.164840221405029,88800
FTS.TO,2001-09-28,10.149999618530273,10.4375,10.149999618530273,10.422499656677246,4.2609124183654785,40800
FTS.TO,2001-10-01,10.387499809265137,10.5625,10.387499809265137,10.5,4.2925944328308105,23200
FTS.TO,2001-10-02,10.609999656677246,10.725000381469727,10.5625,10.6875,4.369248390197754,68800
FTS.TO,2001-10-03,10.5625,10.899999618530273,10.5625,10.77750015258789,4.406042575836182,52400
FTS.TO,2001-10-04,10.9350004196167,10.9350004196167,10.625,10.699999809265137,4.374359607696533,96000
FTS.TO,2001-10-05,10.699999809265137,10.850000381469727,10.699999809265137,10.824999809265137,4.425462245941162,46000
FTS.TO,2001-10-09,10.8125,11.0,10.75,10.975000381469727,4.486785888671875,88800
FTS.TO,2001-10-10,11.020000457763672,11.100000381469727,11.0,11.005000114440918,4.499049663543701,145600
FTS.TO,2001-10-11,11.0024995803833,11.074999809265137,10.9375,10.9375,4.471453666687012,90000
FTS.TO,2001-10-12,10.9375,10.987500190734863,10.875,10.8774995803833,4.446924209594727,54800
FTS.TO,2001-10-15,10.850000381469727,10.875,10.6899995803833,10.75,4.394798278808594,62800
FTS.TO,2001-10-16,10.6899995803833,10.75,10.529999732971191,10.625,4.343698501586914,88400
FTS.TO,2001-10-17,10.550000190734863,10.72249984741211,10.539999961853027,10.552499771118164,4.314059257507324,74000
FTS.TO,2001-10-18,10.550000190734863,10.625,10.387499809265137,10.5625,4.318145751953125,108800
FTS.TO,2001-10-19,10.399999618530273,10.425000190734863,10.257499694824219,10.375,4.2414937019348145,39200
FTS.TO,2001-10-22,10.375,10.40999984741211,10.2524995803833,10.40999984741211,4.255802154541016,42000
FTS.TO,2001-10-23,10.425000190734863,10.732500076293945,10.350000381469727,10.675000190734863,4.364138126373291,56800
FTS.TO,2001-10-24,10.744999885559082,10.867500305175781,10.524999618530273,10.737500190734863,4.38969087600708,50000
FTS.TO,2001-10-25,10.524999618530273,10.875,10.524999618530273,10.779999732971191,4.407063961029053,70400
FTS.TO,2001-10-26,10.712499618530273,10.875,10.712499618530273,10.862500190734863,4.440793514251709,40800
FTS.TO,2001-10-29,10.9375,10.9375,10.817500114440918,10.817500114440918,4.422397613525391,26400
FTS.TO,2001-10-30,10.837499618530273,10.9375,10.802499771118164,10.892499923706055,4.453058242797852,62000
FTS.TO,2001-10-31,10.899999618530273,10.9975004196167,10.899999618530273,10.917499542236328,4.463277816772461,43200
FTS.TO,2001-11-01,10.925000190734863,11.087499618530273,10.925000190734863,11.02750015258789,4.508246898651123,90800
FTS.TO,2001-11-02,11.087499618530273,11.125,11.050000190734863,11.09000015258789,4.5337982177734375,69200
FTS.TO,2001-11-05,11.112500190734863,11.125,10.875,10.994999885559082,4.494959831237793,98800
FTS.TO,2001-11-06,10.962499618530273,11.074999809265137,10.890000343322754,11.074999809265137,4.527667999267578,223600
FTS.TO,2001-11-07,11.077500343322754,11.149999618530273,11.0,11.112500190734863,4.591712474822998,103600
FTS.TO,2001-11-08,11.149999618530273,11.207500457763672,11.125,11.125,4.59687614440918,56000
FTS.TO,2001-11-09,11.0649995803833,11.175000190734863,11.02750015258789,11.125,4.59687614440918,56400
FTS.TO,2001-11-12,11.1274995803833,11.175000190734863,11.100000381469727,11.175000190734863,4.617537498474121,41200
FTS.TO,2001-11-13,11.135000228881836,11.182499885559082,11.135000228881836,11.149999618530273,4.607210636138916,68800
FTS.TO,2001-11-14,11.125,11.1875,11.125,11.1274995803833,4.597909927368164,62000
FTS.TO,2001-11-15,11.1875,11.1875,11.0,11.0,4.54522705078125,127200
FTS.TO,2001-11-16,10.949999809265137,11.0,10.7524995803833,10.7524995803833,4.442959308624268,50800
FTS.TO,2001-11-19,10.8125,10.8125,10.712499618530273,10.712499618530273,4.426430702209473,63600
FTS.TO,2001-11-20,10.737500190734863,10.737500190734863,10.524999618530273,10.5625,4.364449977874756,243600
FTS.TO,2001-11-21,10.537500381469727,10.537500381469727,10.4375,10.449999809265137,4.317967891693115,116400
FTS.TO,2001-11-22,10.449999809265137,10.537500381469727,10.337499618530273,10.4975004196167,4.337591648101807,110800
FTS.TO,2001-11-23,10.40250015258789,10.59749984741211,10.40250015258789,10.5024995803833,4.339659690856934,258000
FTS.TO,2001-11-26,10.587499618530273,10.587499618530273,10.475000381469727,10.475000381469727,4.32829475402832,89200
FTS.TO,2001-11-27,10.524999618530273,10.524999618530273,10.475000381469727,10.489999771118164,4.334494590759277,100000
FTS.TO,2001-11-28,10.479999542236328,10.550000190734863,10.479999542236328,10.489999771118164,4.334494590759277,108800
FTS.TO,2001-11-29,10.487500190734863,10.524999618530273,10.487500190734863,10.492500305175781,4.335528373718262,43200
FTS.TO,2001-11-30,10.487500190734863,10.550000190734863,10.487500190734863,10.522500038146973,4.347925186157227,65600
FTS.TO,2001-12-03,10.489999771118164,10.6875,10.489999771118164,10.52750015258789,4.34998893737793,44000
FTS.TO,2001-12-04,10.524999618530273,10.625,10.522500038146973,10.5649995803833,4.36548376083374,34400
FTS.TO,2001-12-05,10.524999618530273,10.550000190734863,10.462499618530273,10.5,4.338625431060791,228800
FTS.TO,2001-12-06,10.5,10.574999809265137,10.4375,10.4375,4.312802314758301,152400
FTS.TO,2001-12-07,10.5,10.625,10.449999809265137,10.505000114440918,4.34069299697876,169200
FTS.TO,2001-12-10,10.5,10.612500190734863,10.449999809265137,10.577500343322754,4.370651721954346,48800
FTS.TO,2001-12-11,10.625,10.6875,10.475000381469727,10.475000381469727,4.32829475402832,250400
FTS.TO,2001-12-12,10.462499618530273,10.5625,10.449999809265137,10.5625,4.364449977874756,227200
FTS.TO,2001-12-13,10.675000190734863,10.6850004196167,10.625,10.654999732971191,4.402670860290527,23600
FTS.TO,2001-12-14,10.587499618530273,10.6875,10.587499618530273,10.649999618530273,4.400606632232666,37600
FTS.TO,2001-12-17,10.637499809265137,10.75,10.637499809265137,10.717499732971191,4.428496360778809,38000
FTS.TO,2001-12-18,10.8125,10.975000381469727,10.8125,10.914999961853027,4.510106086730957,41200
FTS.TO,2001-12-19,10.899999618530273,11.085000038146973,10.899999618530273,11.085000038146973,4.580349922180176,100800
FTS.TO,2001-12-20,11.087499618530273,11.40999984741211,11.024999618530273,11.375,4.7001800537109375,205600
FTS.TO,2001-12-21,11.25,11.887499809265137,11.25,11.5,4.751827716827393,197600
FTS.TO,2001-12-24,11.5625,11.8125,11.5625,11.737500190734863,4.8499650955200195,114400
FTS.TO,2001-12-27,11.625,11.625,11.112500190734863,11.375,4.7001800537109375,66000
FTS.TO,2001-12-28,11.475000381469727,11.5,11.375,11.487500190734863,4.7466630935668945,52800
FTS.TO,2001-12-31,11.5,11.737500190734863,11.5,11.737500190734863,4.8499650955200195,48800
FTS.TO,2002-01-02,11.442500114440918,11.8125,11.442500114440918,11.625,4.803479194641113,225200
FTS.TO,2002-01-03,11.625,11.725000381469727,11.625,11.6274995803833,4.804512023925781,58800
FTS.TO,2002-01-04,11.6875,11.774999618530273,11.625,11.725000381469727,4.844798564910889,86400
FTS.TO,2002-01-07,11.625,11.725000381469727,11.625,11.699999809265137,4.834470272064209,84800
FTS.TO,2002-01-08,11.6274995803833,11.699999809265137,11.6274995803833,11.672499656677246,4.823105812072754,98400
FTS.TO,2002-01-09,11.672499656677246,11.774999618530273,11.5625,11.5625,4.777655124664307,307600
FTS.TO,2002-01-10,11.675000190734863,11.675000190734863,11.125,11.197500228881836,4.62683629989624,64000
FTS.TO,2002-01-11,11.199999809265137,11.300000190734863,11.199999809265137,11.204999923706055,4.629931926727295,33600
FTS.TO,2002-01-14,11.225000381469727,11.297499656677246,11.100000381469727,11.100000381469727,4.5865478515625,113600
FTS.TO,2002-01-15,11.100000381469727,11.375,11.100000381469727,11.350000381469727,4.689847469329834,104400
FTS.TO,2002-01-16,11.350000381469727,11.350000381469727,11.074999809265137,11.112500190734863,4.591712474822998,98800
FTS.TO,2002-01-17,11.125,11.175000190734863,11.0,11.112500190734863,4.591712474822998,47200
FTS.TO,2002-01-18,11.112500190734863,11.212499618530273,11.024999618530273,11.1274995803833,4.597909927368164,40000
FTS.TO,2002-01-21,11.130000114440918,11.25,11.130000114440918,11.15250015258789,4.608241081237793,30400
FTS.TO,2002-01-22,11.25,11.25,11.175000190734863,11.212499618530273,4.63303279876709,67200
FTS.TO,2002-01-23,11.25,11.25,11.149999618530273,11.212499618530273,4.63303279876709,40400
FTS.TO,2002-01-24,11.25,11.25,11.162500381469727,11.220000267028809,4.636134624481201,30400
FTS.TO,2002-01-25,11.149999618530273,11.375,11.149999618530273,11.262499809265137,4.653692245483398,72800
FTS.TO,2002-01-28,11.462499618530273,11.462499618530273,11.287500381469727,11.4375,4.726006031036377,73600
FTS.TO,2002-01-29,11.475000381469727,11.612500190734863,11.350000381469727,11.5,4.751827716827393,156800
FTS.TO,2002-01-30,11.524999618530273,11.717499732971191,11.524999618530273,11.699999809265137,4.834470272064209,72000
FTS.TO,2002-01-31,11.6875,11.6875,11.3774995803833,11.4350004196167,4.724973201751709,58400
FTS.TO,2002-02-01,11.600000381469727,11.600000381469727,11.375,11.387499809265137,4.705342769622803,77200
FTS.TO,2002-02-04,11.262499809265137,11.600000381469727,11.262499809265137,11.449999809265137,4.731170177459717,49200
FTS.TO,2002-02-05,11.462499618530273,11.5625,11.462499618530273,11.524999618530273,4.762157440185547,26000
FTS.TO,2002-02-06,11.524999618530273,11.524999618530273,11.350000381469727,11.462499618530273,4.785118579864502,28800
FTS.TO,2002-02-07,11.475000381469727,11.609999656677246,11.475000381469727,11.607500076293945,4.8456501960754395,53200
FTS.TO,2002-02-08,11.524999618530273,11.587499618530273,11.5,11.524999618530273,4.811209201812744,38000
FTS.TO,2002-02-11,11.574999809265137,11.574999809265137,11.5,11.5,4.8007731437683105,32800
FTS.TO,2002-02-12,11.5625,11.609999656677246,11.5600004196167,11.5649995803833,4.827908515930176,117600
FTS.TO,2002-02-13,11.5649995803833,11.734999656677246,11.5649995803833,11.677499771118164,4.87487268447876,148800
FTS.TO,2002-02-14,11.675000190734863,11.710000038146973,11.625,11.699999809265137,4.884264945983887,57200
FTS.TO,2002-02-15,11.6274995803833,11.7524995803833,11.6274995803833,11.75,4.905137538909912,112800
FTS.TO,2002-02-18,11.75,11.75,11.625,11.725000381469727,4.8947014808654785,43600
FTS.TO,2002-02-19,11.637499809265137,11.8149995803833,11.637499809265137,11.8149995803833,4.932271480560303,53600
FTS.TO,2002-02-20,11.925000190734863,11.9375,11.875,11.887499809265137,4.96253776550293,53200
FTS.TO,2002-02-21,11.887499809265137,11.925000190734863,11.8149995803833,11.899999618530273,4.967756271362305,51200
FTS.TO,2002-02-22,11.824999809265137,11.949999809265137,11.824999809265137,11.899999618530273,4.967756271362305,77200
FTS.TO,2002-02-25,11.899999618530273,11.925000190734863,11.8149995803833,11.912500381469727,4.972973823547363,27200
FTS.TO,2002-02-26,11.899999618530273,12.024999618530273,11.899999618530273,12.0024995803833,5.010544776916504,111200
FTS.TO,2002-02-27,12.037500381469727,12.050000190734863,11.75,11.960000038146973,4.992805480957031,62000
FTS.TO,2002-02-28,11.987500190734863,12.024999618530273,11.9375,12.024999618530273,5.019940376281738,67200
FTS.TO,2002-03-01,12.0,12.024999618530273,11.949999809265137,12.0,5.009501934051514,28000
FTS.TO,2002-03-04,12.0625,12.0625,11.967499732971191,12.0,5.009501934051514,36800
FTS.TO,2002-03-05,12.012499809265137,12.175000190734863,12.0,12.175000190734863,5.082559585571289,63200
FTS.TO,2002-03-06,12.0,12.1875,12.0,12.175000190734863,5.082559585571289,68400
FTS.TO,2002-03-07,12.1875,12.3125,12.149999618530273,12.25,5.113868713378906,102800
FTS.TO,2002-03-08,12.300000190734863,12.4375,12.25,12.274999618530273,5.124303340911865,87200
FTS.TO,2002-03-11,12.274999618530273,12.375,12.037500381469727,12.175000190734863,5.082559585571289,325200
FTS.TO,2002-03-12,12.175000190734863,12.175000190734863,12.074999809265137,12.125,5.061684608459473,34800
FTS.TO,2002-03-13,12.125,12.125,12.012499809265137,12.109999656677246,5.055423259735107,29600
FTS.TO,2002-03-14,12.125,12.25,12.017499923706055,12.069999694824219,5.038726329803467,43200
FTS.TO,2002-03-15,12.024999618530273,12.1875,11.75,11.925000190734863,4.978193283081055,102400
FTS.TO,2002-03-18,11.922499656677246,11.925000190734863,11.712499618530273,11.725000381469727,4.8947014808654785,124800
FTS.TO,2002-03-19,11.699999809265137,11.762499809265137,11.6274995803833,11.677499771118164,4.87487268447876,103600
FTS.TO,2002-03-20,11.662500381469727,11.675000190734863,11.287500381469727,11.675000190734863,4.873827934265137,64000
FTS.TO,2002-03-21,11.664999961853027,11.9375,11.664999961853027,11.899999618530273,4.967756271362305,61200
FTS.TO,2002-03-22,11.899999618530273,11.9375,11.712499618530273,11.807499885559082,4.929141998291016,122800
FTS.TO,2002-03-25,11.8725004196167,11.8725004196167,11.632499694824219,11.762499809265137,4.910356521606445,71600
FTS.TO,2002-03-26,11.774999618530273,11.987500190734863,11.774999618530273,11.90250015258789,4.968800067901611,269600
FTS.TO,2002-03-27,11.914999961853027,12.220000267028809,11.914999961853027,12.220000267028809,5.101344585418701,62400
FTS.TO,2002-03-28,12.25,12.375,12.137499809265137,12.137499809265137,5.066904067993164,93600
FTS.TO,2002-04-01,12.237500190734863,12.237500190734863,12.0,12.137499809265137,5.066904067993164,24800
FTS.TO,2002-04-02,12.149999618530273,12.300000190734863,12.149999618530273,12.274999618530273,5.124303340911865,255600
FTS.TO,2002-04-03,12.274999618530273,12.274999618530273,12.21500015258789,12.21500015258789,5.099257946014404,179200
FTS.TO,2002-04-04,12.262499809265137,12.262499809265137,12.149999618530273,12.22249984741211,5.102388858795166,58800
FTS.TO,2002-04-05,12.175000190734863,12.212499618530273,12.02750015258789,12.032500267028809,5.023070335388184,51600
FTS.TO,2002-04-08,12.125,12.350000381469727,12.1225004196167,12.350000381469727,5.155614376068115,65200
FTS.TO,2002-04-09,12.350000381469727,12.350000381469727,12.1875,12.232500076293945,5.106561183929443,68000
FTS.TO,2002-04-10,12.175000190734863,12.475000381469727,12.175000190734863,12.412500381469727,5.181704521179199,62400
FTS.TO,2002-04-11,12.512499809265137,12.524999618530273,12.25,12.399999618530273,5.176485061645508,124000
FTS.TO,2002-04-12,12.289999961853027,12.350000381469727,12.287500381469727,12.3125,5.139959812164307,23200
FTS.TO,2002-04-15,12.300000190734863,12.350000381469727,12.140000343322754,12.140000343322754,5.0679497718811035,95600
FTS.TO,2002-04-16,12.0,12.1225004196167,11.9375,11.9375,4.98341178894043,70400
FTS.TO,2002-04-17,11.852499961853027,11.9375,11.75,11.837499618530273,4.941664695739746,122800
FTS.TO,2002-04-18,11.824999809265137,11.850000381469727,11.807499885559082,11.807499885559082,4.929141998291016,68400
FTS.TO,2002-04-19,11.850000381469727,11.850000381469727,11.8125,11.850000381469727,4.946882724761963,49600
FTS.TO,2002-04-22,11.829999923706055,12.1225004196167,11.829999923706055,12.010000228881836,5.013678073883057,115200
FTS.TO,2002-04-23,12.102499961853027,12.125,12.024999618530273,12.095000267028809,5.049161911010742,90800
FTS.TO,2002-04-24,12.1274995803833,12.149999618530273,12.0625,12.125,5.061684608459473,90000
FTS.TO,2002-04-25,12.100000381469727,12.100000381469727,12.010000228881836,12.010000228881836,5.013678073883057,175600
FTS.TO,2002-04-26,12.050000190734863,12.087499618530273,11.9375,12.087499618530273,5.046032905578613,174000
FTS.TO,2002-04-29,12.0625,12.0625,11.875,12.0625,5.035594463348389,30800
FTS.TO,2002-04-30,11.800000190734863,12.074999809265137,11.800000190734863,12.0625,5.035594463348389,116000
FTS.TO,2002-05-01,12.037500381469727,12.047499656677246,11.975000381469727,12.024999618530273,5.071441650390625,43600
FTS.TO,2002-05-02,11.875,11.925000190734863,11.75,11.800000190734863,4.976552486419678,280400
FTS.TO,2002-05-03,11.802499771118164,11.850000381469727,11.800000190734863,11.824999809265137,4.987093925476074,36000
FTS.TO,2002-05-06,11.824999809265137,12.0,11.824999809265137,11.9975004196167,5.059844017028809,128800
FTS.TO,2002-05-07,12.024999618530273,12.087499618530273,11.975000381469727,12.074999809265137,5.092530727386475,38800
FTS.TO,2002-05-08,12.050000190734863,12.100000381469727,12.0024995803833,12.015000343322754,5.067224979400635,37200
FTS.TO,2002-05-09,12.0625,12.0625,12.012499809265137,12.050000190734863,5.0819854736328125,36000
FTS.TO,2002-05-10,12.0,12.0625,12.0,12.0625,5.087256908416748,44400
FTS.TO,2002-05-13,12.0625,12.175000190734863,12.024999618530273,12.175000190734863,5.134703636169434,214000
FTS.TO,2002-05-14,12.0649995803833,12.199999809265137,12.0649995803833,12.199999809265137,5.145246982574463,36000
FTS.TO,2002-05-15,12.232500076293945,12.487500190734863,12.232500076293945,12.447500228881836,5.249629020690918,79200
FTS.TO,2002-05-16,12.375,12.375,12.3125,12.3125,5.192692756652832,30000
FTS.TO,2002-05-17,12.25,12.25,12.1274995803833,12.175000190734863,5.134703636169434,103200
FTS.TO,2002-05-21,12.175000190734863,12.212499618530273,12.175000190734863,12.199999809265137,5.145246982574463,78400
FTS.TO,2002-05-22,12.210000038146973,12.210000038146973,12.177499771118164,12.182499885559082,5.1378655433654785,70000
FTS.TO,2002-05-23,12.1875,12.197500228881836,12.162500381469727,12.170000076293945,5.132593631744385,77600
FTS.TO,2002-05-24,12.1899995803833,12.197500228881836,12.175000190734863,12.197500228881836,5.144193172454834,40400
FTS.TO,2002-05-27,12.197500228881836,12.197500228881836,12.140000343322754,12.140000343322754,5.1199445724487305,26000
FTS.TO,2002-05-28,12.1850004196167,12.1850004196167,12.15250015258789,12.15250015258789,5.125215530395508,45600
FTS.TO,2002-05-29,12.162500381469727,12.162500381469727,12.1225004196167,12.147500038146973,5.123106002807617,160400
FTS.TO,2002-05-30,12.194999694824219,12.194999694824219,12.067500114440918,12.149999618530273,5.124159336090088,138000
FTS.TO,2002-05-31,12.074999809265137,12.210000038146973,12.0625,12.0625,5.087256908416748,43600
FTS.TO,2002-06-03,12.1875,12.1875,12.125,12.167499542236328,5.131539821624756,52800
FTS.TO,2002-06-04,12.125,12.125,12.0024995803833,12.104999542236328,5.10518217086792,384400
FTS.TO,2002-06-05,12.087499618530273,12.087499618530273,12.015000343322754,12.020000457763672,5.069333076477051,44000
FTS.TO,2002-06-06,12.015000343322754,12.0625,11.952500343322754,11.987500190734863,5.055624961853027,72000
FTS.TO,2002-06-07,11.9375,12.0,11.9375,11.9975004196167,5.059844017028809,72400
FTS.TO,2002-06-10,12.0,12.0,11.875,11.875,5.008179664611816,51200
FTS.TO,2002-06-11,11.875,11.984999656677246,11.802499771118164,11.977499961853027,5.051409721374512,88400
FTS.TO,2002-06-12,12.0,12.0,11.912500381469727,11.9375,5.034539222717285,87600
FTS.TO,2002-06-13,11.899999618530273,11.9350004196167,11.869999885559082,11.869999885559082,5.006072044372559,44000
FTS.TO,2002-06-14,11.912500381469727,11.9375,11.7524995803833,11.7524995803833,4.956518650054932,65200
FTS.TO,2002-06-17,11.862500190734863,11.899999618530273,11.675000190734863,11.675000190734863,4.923831462860107,90000
FTS.TO,2002-06-18,11.675000190734863,11.6875,11.5625,11.577500343322754,4.882713317871094,108400
FTS.TO,2002-06-19,11.34000015258789,11.574999809265137,11.34000015258789,11.444999694824219,4.826832294464111,52000
FTS.TO,2002-06-20,11.5625,11.625,11.387499809265137,11.5,4.850028038024902,116400
FTS.TO,2002-06-21,11.5625,11.805000305175781,11.5625,11.805000305175781,4.9786601066589355,74000
FTS.TO,2002-06-24,11.942500114440918,11.942500114440918,11.75,11.8725004196167,5.007126331329346,54400
FTS.TO,2002-06-25,11.975000381469727,11.975000381469727,11.862500190734863,11.875,5.008179664611816,43600
FTS.TO,2002-06-26,11.887499809265137,11.9375,11.875,11.899999618530273,5.0187249183654785,59600
FTS.TO,2002-06-27,11.90250015258789,12.087499618530273,11.899999618530273,12.087499618530273,5.09780216217041,81200
FTS.TO,2002-06-28,12.125,12.274999618530273,12.125,12.274999618530273,5.176877021789551,155600
FTS.TO,2002-07-02,12.25,12.25,12.037500381469727,12.1225004196167,5.1125617027282715,40000
FTS.TO,2002-07-03,12.0,12.0625,11.8125,11.837499618530273,4.992366313934326,59600
FTS.TO,2002-07-04,11.837499618530273,11.837499618530273,11.762499809265137,11.762499809265137,4.960734844207764,35600
FTS.TO,2002-07-05,11.824999809265137,11.837499618530273,11.7524995803833,11.7524995803833,4.956518650054932,34400
FTS.TO,2002-07-08,11.725000381469727,11.774999618530273,11.6875,11.75,4.955464839935303,65600
FTS.TO,2002-07-09,11.625,11.824999809265137,11.625,11.822500228881836,4.986038684844971,96000
FTS.TO,2002-07-10,11.787500381469727,11.837499618530273,11.787500381469727,11.824999809265137,4.987093925476074,70000
FTS.TO,2002-07-11,11.837499618530273,11.837499618530273,11.5625,11.5625,4.876387119293213,106000
FTS.TO,2002-07-12,11.625,11.625,11.327500343322754,11.487500190734863,4.844756126403809,102000
FTS.TO,2002-07-15,11.265000343322754,11.4375,11.024999618530273,11.425000190734863,4.8183979988098145,87200
FTS.TO,2002-07-16,11.25,11.420000076293945,11.25,11.375,4.797311782836914,23200
FTS.TO,2002-07-17,11.387499809265137,11.9350004196167,11.375,11.675000190734863,4.923831462860107,64800
FTS.TO,2002-07-18,11.84749984741211,11.84749984741211,11.3774995803833,11.5,4.850028038024902,20800
FTS.TO,2002-07-19,11.5,11.574999809265137,11.380000114440918,11.550000190734863,4.871114253997803,30800
FTS.TO,2002-07-22,11.53499984741211,11.53499984741211,11.012499809265137,11.362500190734863,4.792037487030029,41200
FTS.TO,2002-07-23,11.375,11.5,11.012499809265137,11.1274995803833,4.692928791046143,63600
FTS.TO,2002-07-24,11.0024995803833,11.125,10.762499809265137,11.0625,4.6655168533325195,148400
FTS.TO,2002-07-25,11.462499618530273,11.5,11.375,11.399999618530273,4.807852745056152,134800
FTS.TO,2002-07-26,11.262499809265137,11.34749984741211,11.125,11.274999618530273,4.755135536193848,20400
FTS.TO,2002-07-29,11.494999885559082,11.494999885559082,11.34749984741211,11.375,4.797311782836914,114000
FTS.TO,2002-07-30,11.350000381469727,11.350000381469727,11.137499809265137,11.22249984741211,4.732995510101318,27200
FTS.TO,2002-07-31,11.225000381469727,11.3125,11.137499809265137,11.3125,4.7709527015686035,196400
FTS.TO,2002-08-01,11.362500190734863,11.3774995803833,11.324999809265137,11.375,4.797311782836914,101600
FTS.TO,2002-08-02,11.375,11.600000381469727,11.324999809265137,11.5625,4.876387119293213,189200
FTS.TO,2002-08-06,11.505000114440918,11.875,11.505000114440918,11.875,5.008179664611816,69600
FTS.TO,2002-08-07,11.850000381469727,11.9375,11.75,11.75,5.007117748260498,68800
FTS.TO,2002-08-08,11.6875,11.837499618530273,11.6875,11.827500343322754,5.040139198303223,48000
FTS.TO,2002-08-09,11.824999809265137,11.975000381469727,11.824999809265137,11.9375,5.0870161056518555,88800
FTS.TO,2002-08-12,11.9375,11.9375,11.8125,11.850000381469727,5.04973030090332,70000
FTS.TO,2002-08-13,11.774999618530273,11.975000381469727,11.774999618530273,11.912500381469727,5.076360702514648,112000
FTS.TO,2002-08-14,11.880000114440918,11.9350004196167,11.880000114440918,11.899999618530273,5.071036338806152,56800
FTS.TO,2002-08-15,11.899999618530273,11.987500190734863,11.890000343322754,11.9375,5.0870161056518555,49600
FTS.TO,2002-08-16,11.9375,12.074999809265137,11.9375,12.072500228881836,5.144545555114746,108000
FTS.TO,2002-08-19,12.0,12.100000381469727,12.0,12.037500381469727,5.129628658294678,31200
FTS.TO,2002-08-20,12.037500381469727,12.100000381469727,12.02750015258789,12.074999809265137,5.1456122398376465,51200
FTS.TO,2002-08-21,12.050000190734863,12.100000381469727,12.0,12.0,5.113649845123291,37200
FTS.TO,2002-08-22,12.0,12.175000190734863,12.0,12.117500305175781,5.163723945617676,32800
FTS.TO,2002-08-23,12.1875,12.1875,12.09000015258789,12.09000015258789,5.152003765106201,15600
FTS.TO,2002-08-26,12.0,12.125,12.0,12.125,5.166918754577637,84800
FTS.TO,2002-08-27,12.024999618530273,12.149999618530273,12.024999618530273,12.147500038146973,5.176505088806152,275600
FTS.TO,2002-08-28,12.162500381469727,12.199999809265137,12.100000381469727,12.1875,5.193551063537598,30800
FTS.TO,2002-08-29,12.162500381469727,12.175000190734863,11.9975004196167,11.9975004196167,5.112584114074707,47200
FTS.TO,2002-08-30,12.175000190734863,12.175000190734863,12.137499809265137,12.149999618530273,5.17756986618042,16800
FTS.TO,2002-09-03,12.0,12.125,12.0,12.005000114440918,5.115779876708984,26000
FTS.TO,2002-09-04,12.005000114440918,12.100000381469727,12.0024995803833,12.100000381469727,5.156262397766113,65600
FTS.TO,2002-09-05,12.012499809265137,12.1875,12.012499809265137,12.0625,5.140283584594727,19600
FTS.TO,2002-09-06,12.175000190734863,12.175000190734863,12.077500343322754,12.125,5.166918754577637,33600
FTS.TO,2002-09-09,12.125,12.225000381469727,12.125,12.175000190734863,5.188225269317627,69600
FTS.TO,2002-09-10,12.202500343322754,12.399999618530273,12.202500343322754,12.375,5.273451805114746,145600
FTS.TO,2002-09-11,12.449999809265137,12.475000381469727,12.327500343322754,12.327500343322754,5.25321102142334,73200
FTS.TO,2002-09-12,12.102499961853027,12.300000190734863,12.102499961853027,12.25,5.220184803009033,71600
FTS.TO,2002-09-13,12.25,12.5,12.1899995803833,12.5,5.326718330383301,103200
FTS.TO,2002-09-16,12.5,12.524999618530273,12.3125,12.399999618530273,5.2841033935546875,453600
FTS.TO,2002-09-17,12.487500190734863,12.5625,12.4399995803833,12.550000190734863,5.348024845123291,530000
FTS.TO,2002-09-18,12.442500114440918,12.5024995803833,12.4375,12.4399995803833,5.301149845123291,52800
FTS.TO,2002-09-19,12.375,12.4375,12.202500343322754,12.202500343322754,5.19994592666626,129600
FTS.TO,2002-09-20,12.25,12.3125,12.25,12.260000228881836,5.224444389343262,182000
FTS.TO,2002-09-23,12.475000381469727,12.475000381469727,12.274999618530273,12.407500267028809,5.2873029708862305,38400
FTS.TO,2002-09-24,12.5,12.5,12.375,12.375,5.273451805114746,254800
FTS.TO,2002-09-25,12.375,12.462499618530273,12.375,12.412500381469727,5.289431571960449,22400
FTS.TO,2002-09-26,12.375,12.449999809265137,12.375,12.399999618530273,5.2841033935546875,45200
FTS.TO,2002-09-27,12.399999618530273,12.475000381469727,12.397500038146973,12.404999732971191,5.286238670349121,236000
FTS.TO,2002-09-30,12.375,12.5,12.300000190734863,12.5,5.326718330383301,109200
FTS.TO,2002-10-01,12.3774995803833,12.5,12.3774995803833,12.475000381469727,5.316065788269043,40000
FTS.TO,2002-10-02,12.5,12.625,12.5,12.6225004196167,5.3789215087890625,76000
FTS.TO,2002-10-03,12.574999809265137,12.6225004196167,12.515000343322754,12.6225004196167,5.3789215087890625,35200
FTS.TO,2002-10-04,12.612500190734863,12.612500190734863,12.375,12.412500381469727,5.289431571960449,108800
FTS.TO,2002-10-07,12.412500381469727,12.417499542236328,12.287500381469727,12.399999618530273,5.2841033935546875,367200
FTS.TO,2002-10-08,12.362500190734863,12.447500228881836,12.25,12.25,5.220184803009033,69600
FTS.TO,2002-10-09,12.125,12.237500190734863,12.125,12.225000381469727,5.209530353546143,45200
FTS.TO,2002-10-10,12.225000381469727,12.354999542236328,12.1875,12.300000190734863,5.241494655609131,91600
FTS.TO,2002-10-11,12.199999809265137,12.199999809265137,12.024999618530273,12.0625,5.140283584594727,130400
FTS.TO,2002-10-15,12.130000114440918,12.3725004196167,12.130000114440918,12.350000381469727,5.2627997398376465,62400
FTS.TO,2002-10-16,12.262499809265137,12.262499809265137,12.125,12.162500381469727,5.182897567749023,59600
FTS.TO,2002-10-17,12.149999618530273,12.3125,12.125,12.3125,5.246819496154785,86400
FTS.TO,2002-10-18,12.1899995803833,12.612500190734863,12.1899995803833,12.612500190734863,5.374660968780518,87200
FTS.TO,2002-10-21,12.59749984741211,12.625,12.524999618530273,12.600000381469727,5.369333744049072,82400
FTS.TO,2002-10-22,12.392499923706055,12.664999961853027,12.392499923706055,12.625,5.3799848556518555,90000
FTS.TO,2002-10-23,12.574999809265137,12.662500381469727,12.574999809265137,12.662500381469727,5.39596700668335,34000
FTS.TO,2002-10-24,12.625,12.649999618530273,12.587499618530273,12.640000343322754,5.386378288269043,28800
FTS.TO,2002-10-25,12.574999809265137,12.78499984741211,12.5,12.78499984741211,5.44816780090332,38800
FTS.TO,2002-10-28,12.837499618530273,12.837499618530273,12.75,12.760000228881836,5.4375152587890625,74400
FTS.TO,2002-10-29,12.75,12.800000190734863,12.5,12.587499618530273,5.3640055656433105,112000
FTS.TO,2002-10-30,12.625,12.824999809265137,12.587499618530273,12.7524995803833,5.434319019317627,88400
FTS.TO,2002-10-31,12.787500381469727,13.024999618530273,12.787500381469727,12.912500381469727,5.502501010894775,94400
FTS.TO,2002-11-01,12.9375,13.1225004196167,12.899999618530273,13.0,5.539791584014893,66400
FTS.TO,2002-11-04,12.9975004196167,13.100000381469727,12.977499961853027,13.0,5.539791584014893,72400
FTS.TO,2002-11-05,13.0,13.050000190734863,13.0,13.047499656677246,5.560028553009033,35600
FTS.TO,2002-11-06,13.024999618530273,13.0625,13.0,13.024999618530273,5.603045463562012,157200
FTS.TO,2002-11-07,13.0024995803833,13.087499618530273,13.0024995803833,13.0600004196167,5.618103504180908,36800
FTS.TO,2002-11-08,13.100000381469727,13.225000381469727,13.0625,13.225000381469727,5.689081192016602,53600
FTS.TO,2002-11-11,13.225000381469727,13.225000381469727,13.050000190734863,13.074999809265137,5.624556064605713,31200
FTS.TO,2002-11-12,13.0,13.0,12.512499809265137,12.762499809265137,5.490124702453613,210800
FTS.TO,2002-11-13,12.5,12.712499618530273,12.5,12.699999809265137,5.463242053985596,68400
FTS.TO,2002-11-14,12.5625,12.6875,12.4375,12.517499923706055,5.384734630584717,60000
FTS.TO,2002-11-15,12.600000381469727,12.600000381469727,12.262499809265137,12.520000457763672,5.385807037353516,38800
FTS.TO,2002-11-18,12.5,12.600000381469727,12.475000381469727,12.517499923706055,5.384734630584717,50800
FTS.TO,2002-11-19,12.512499809265137,12.712499618530273,12.5,12.574999809265137,5.409465312957764,71200
FTS.TO,2002-11-20,12.5625,12.625,12.550000190734863,12.625,5.430974960327148,46000
FTS.TO,2002-11-21,12.574999809265137,12.675000190734863,12.5,12.5,5.377203941345215,47200
FTS.TO,2002-11-22,12.5,12.5649995803833,12.262499809265137,12.399999618530273,5.334186553955078,66400
FTS.TO,2002-11-25,12.399999618530273,12.5,12.3725004196167,12.5,5.377203941345215,50800
FTS.TO,2002-11-26,12.302499771118164,12.462499618530273,12.302499771118164,12.420000076293945,5.342788219451904,63200
FTS.TO,2002-11-27,12.350000381469727,12.449999809265137,12.350000381469727,12.425000190734863,5.344941139221191,49200
FTS.TO,2002-11-28,12.5,12.550000190734863,12.442500114440918,12.449999809265137,5.3556976318359375,29200
FTS.TO,2002-11-29,12.449999809265137,12.625,12.449999809265137,12.550000190734863,5.398713111877441,38000
FTS.TO,2002-12-02,12.6875,12.6875,12.475000381469727,12.5,5.377203941345215,42400
FTS.TO,2002-12-03,12.512499809265137,12.5625,12.449999809265137,12.449999809265137,5.3556976318359375,118400
FTS.TO,2002-12-04,12.4375,12.487500190734863,12.412500381469727,12.4399995803833,5.351391792297363,114800
FTS.TO,2002-12-05,12.4399995803833,12.5625,12.4399995803833,12.460000038146973,5.359997272491455,97200
FTS.TO,2002-12-06,12.449999809265137,12.550000190734863,12.449999809265137,12.547499656677246,5.39763879776001,27600
FTS.TO,2002-12-09,12.545000076293945,12.545000076293945,12.449999809265137,12.462499618530273,5.361072540283203,52800
FTS.TO,2002-12-10,12.457500457763672,12.524999618530273,12.457500457763672,12.462499618530273,5.361072540283203,41200
FTS.TO,2002-12-11,12.545000076293945,12.5625,12.4375,12.5625,5.404088973999023,104400
FTS.TO,2002-12-12,12.5600004196167,12.75,12.5600004196167,12.59000015258789,5.415920734405518,97600
FTS.TO,2002-12-13,12.699999809265137,12.975000381469727,12.699999809265137,12.917499542236328,5.556800365447998,93600
FTS.TO,2002-12-16,12.914999961853027,12.914999961853027,12.8125,12.867500305175781,5.535295009613037,86800
FTS.TO,2002-12-17,12.867500305175781,12.875,12.762499809265137,12.875,5.538520336151123,64400
FTS.TO,2002-12-18,12.875,13.112500190734863,12.77750015258789,13.02750015258789,5.604123115539551,104400
FTS.TO,2002-12-19,13.1225004196167,13.22249984741211,13.024999618530273,13.22249984741211,5.688004493713379,100800
FTS.TO,2002-12-20,13.024999618530273,13.25,13.024999618530273,13.212499618530273,5.6837053298950195,56000
FTS.TO,2002-12-23,12.967499732971191,13.199999809265137,12.967499732971191,13.125,5.646063804626465,282800
FTS.TO,2002-12-24,13.125,13.274999618530273,13.087499618530273,13.25,5.699833869934082,21600
FTS.TO,2002-12-27,13.274999618530273,13.274999618530273,13.125,13.25,5.699833869934082,28800
FTS.TO,2002-12-30,12.9375,13.25,12.9375,13.199999809265137,5.678328037261963,25600
FTS.TO,2002-12-31,13.25,13.25,13.050000190734863,13.125,5.646063804626465,105600
FTS.TO,2003-01-02,13.25,13.25,13.0,13.112500190734863,5.64068603515625,28800
FTS.TO,2003-01-03,13.0649995803833,13.25,13.024999618530273,13.1225004196167,5.644988536834717,92800
FTS.TO,2003-01-06,13.237500190734863,13.237500190734863,12.600000381469727,12.75,5.484748363494873,406800
FTS.TO,2003-01-07,12.875,12.875,12.6274995803833,12.850000381469727,5.527768611907959,252000
FTS.TO,2003-01-08,12.852499961853027,13.1875,12.6875,12.875,5.538520336151123,61600
FTS.TO,2003-01-09,12.6875,12.875,12.625,12.6875,5.457859516143799,126400
FTS.TO,2003-01-10,12.875,12.925000190734863,12.712499618530273,12.862500190734863,5.533143043518066,43600
FTS.TO,2003-01-13,12.987500190734863,12.987500190734863,12.637499809265137,12.662500381469727,5.447109699249268,267600
FTS.TO,2003-01-14,12.75,12.75,12.642499923706055,12.712499618530273,5.468613624572754,260400
FTS.TO,2003-01-15,12.75,12.75,12.657500267028809,12.675000190734863,5.45248556137085,40800
FTS.TO,2003-01-16,12.699999809265137,12.824999809265137,12.662500381469727,12.797499656677246,5.505182266235352,1567200
FTS.TO,2003-01-17,12.8125,12.975000381469727,12.8125,12.875,5.538520336151123,47200
FTS.TO,2003-01-20,13.0,13.0,12.789999961853027,12.875,5.538520336151123,30000
FTS.TO,2003-01-21,12.75,12.9375,12.75,12.9375,5.565404891967773,50000
FTS.TO,2003-01-22,12.925000190734863,13.0625,12.925000190734863,13.0625,5.619176387786865,100000
FTS.TO,2003-01-23,13.0,13.125,13.0,13.1225004196167,5.644988536834717,58800
FTS.TO,2003-01-24,13.130000114440918,13.130000114440918,13.037500381469727,13.087499618530273,5.6299309730529785,102800
FTS.TO,2003-01-27,13.1225004196167,13.1225004196167,12.762499809265137,12.850000381469727,5.527768611907959,41600
FTS.TO,2003-01-28,12.762499809265137,13.074999809265137,12.762499809265137,12.927499771118164,5.561104774475098,52800
FTS.TO,2003-01-29,12.75,12.9975004196167,12.75,12.882499694824219,5.541745185852051,36400
FTS.TO,2003-01-30,13.0,13.074999809265137,12.90250015258789,13.015000343322754,5.598746299743652,24400
FTS.TO,2003-01-31,13.1875,13.1875,12.949999809265137,13.0,5.592294692993164,59200
FTS.TO,2003-02-03,12.9975004196167,12.9975004196167,12.962499618530273,12.9975004196167,5.591217517852783,28800
FTS.TO,2003-02-04,13.112500190734863,13.112500190734863,13.0,13.100000381469727,5.63530969619751,19600
FTS.TO,2003-02-05,13.0,13.037500381469727,12.952500343322754,13.024999618530273,5.659205913543701,32400
FTS.TO,2003-02-06,12.952500343322754,13.024999618530273,12.9375,13.024999618530273,5.659205913543701,31600
FTS.TO,2003-02-07,13.0024995803833,13.024999618530273,12.875,13.0,5.648345947265625,34800
FTS.TO,2003-02-10,13.0,13.0,12.787500381469727,12.949999809265137,5.626620769500732,86400
FTS.TO,2003-02-11,13.0,13.100000381469727,13.0,13.100000381469727,5.691793918609619,36800
FTS.TO,2003-02-12,13.100000381469727,13.3125,13.100000381469727,13.1875,5.729812145233154,103200
FTS.TO,2003-02-13,13.1875,13.225000381469727,13.050000190734863,13.050000190734863,5.670068264007568,32800
FTS.TO,2003-02-14,13.237500190734863,13.237500190734863,13.050000190734863,13.050000190734863,5.670068264007568,46000
FTS.TO,2003-02-17,13.197500228881836,13.197500228881836,12.912500381469727,13.037500381469727,5.664636135101318,32800
FTS.TO,2003-02-18,12.917499542236328,13.1875,12.917499542236328,13.125,5.702653408050537,47200
FTS.TO,2003-02-19,13.125,13.172499656677246,13.012499809265137,13.172499656677246,5.723291397094727,50000
FTS.TO,2003-02-20,13.1875,13.1875,13.0,13.1225004196167,5.701569080352783,36000
FTS.TO,2003-02-21,12.962499618530273,13.100000381469727,12.925000190734863,13.074999809265137,5.6809306144714355,86000
FTS.TO,2003-02-24,13.125,13.125,13.0,13.050000190734863,5.670068264007568,56800
FTS.TO,2003-02-25,13.0,13.037500381469727,12.949999809265137,13.037500381469727,5.664636135101318,34400
FTS.TO,2003-02-26,13.125,13.125,13.012499809265137,13.015000343322754,5.654862403869629,34800
FTS.TO,2003-02-27,13.125,13.274999618530273,13.074999809265137,13.272500038146973,5.766740322113037,46400
FTS.TO,2003-02-28,13.270000457763672,13.297499656677246,13.162500381469727,13.1875,5.729812145233154,42800
FTS.TO,2003-03-03,13.142499923706055,13.297499656677246,13.125,13.125,5.702653408050537,32800
FTS.TO,2003-03-04,13.25,13.25,12.925000190734863,12.927499771118164,5.616843223571777,41600
FTS.TO,2003-03-05,13.074999809265137,13.300000190734863,12.762499809265137,13.300000190734863,5.778690814971924,62400
FTS.TO,2003-03-06,13.295000076293945,13.295000076293945,13.0,13.050000190734863,5.670068264007568,39600
FTS.TO,2003-03-07,13.012499809265137,13.170000076293945,12.762499809265137,12.774999618530273,5.550585746765137,143600
FTS.TO,2003-03-10,12.9975004196167,12.9975004196167,12.762499809265137,12.787500381469727,5.556014537811279,56800
FTS.TO,2003-03-11,12.975000381469727,12.975000381469727,12.577500343322754,12.577500343322754,5.464773178100586,77600
FTS.TO,2003-03-12,12.925000190734863,12.925000190734863,11.625,12.25,5.322478771209717,71200
FTS.TO,2003-03-13,12.25,12.8725004196167,12.25,12.587499618530273,5.4691162109375,106000
FTS.TO,2003-03-14,12.5,13.005000114440918,12.462499618530273,12.5,5.431100368499756,154800
FTS.TO,2003-03-17,12.475000381469727,12.475000381469727,12.274999618530273,12.337499618530273,5.360495090484619,23600
FTS.TO,2003-03-18,12.475000381469727,12.550000190734863,12.337499618530273,12.454999923706055,5.411549091339111,70000
FTS.TO,2003-03-19,12.375,12.5,12.350000381469727,12.5,5.431100368499756,81200
FTS.TO,2003-03-20,12.487500190734863,12.5,12.4399995803833,12.5,5.431100368499756,67200
FTS.TO,2003-03-21,12.5,12.5,12.337499618530273,12.494999885559082,5.428926944732666,141200
FTS.TO,2003-03-24,12.449999809265137,12.487500190734863,12.3125,12.324999809265137,5.355065822601318,36800
FTS.TO,2003-03-25,12.3125,12.425000190734863,12.3125,12.342499732971191,5.362666606903076,28800
FTS.TO,2003-03-26,12.337499618530273,12.5,12.324999809265137,12.4350004196167,5.402860641479492,35600
FTS.TO,2003-03-27,12.387499809265137,12.475000381469727,12.350000381469727,12.4375,5.4039435386657715,31600
FTS.TO,2003-03-28,12.362500190734863,12.425000190734863,12.3125,12.324999809265137,5.355065822601318,19600
FTS.TO,2003-03-31,12.274999618530273,12.462499618530273,12.274999618530273,12.462499618530273,5.41480827331543,2800
FTS.TO,2003-04-01,12.425000190734863,12.425000190734863,12.25,12.25,5.322478771209717,56400
FTS.TO,2003-04-02,12.449999809265137,12.449999809265137,12.265000343322754,12.274999618530273,5.333337783813477,61600
FTS.TO,2003-04-03,12.4375,12.4375,12.274999618530273,12.359999656677246,5.370273113250732,12400
FTS.TO,2003-04-04,12.425000190734863,12.5,12.300000190734863,12.375,5.3767900466918945,29200
FTS.TO,2003-04-07,12.387499809265137,12.737500190734863,12.387499809265137,12.612500190734863,5.479980945587158,71600
FTS.TO,2003-04-08,12.5649995803833,12.675000190734863,12.5,12.675000190734863,5.507137775421143,32000
FTS.TO,2003-04-09,12.725000381469727,12.725000381469727,12.5,12.512499809265137,5.436531066894531,64400
FTS.TO,2003-04-10,12.625,12.625,12.5,12.5625,5.458255767822266,15600
FTS.TO,2003-04-11,12.625,12.6875,12.524999618530273,12.524999618530273,5.441962242126465,20000
FTS.TO,2003-04-14,12.699999809265137,12.699999809265137,12.600000381469727,12.625,5.485410690307617,17200
FTS.TO,2003-04-15,12.625,12.625,12.524999618530273,12.550000190734863,5.452822685241699,65600
FTS.TO,2003-04-16,12.512499809265137,12.662500381469727,12.5024995803833,12.539999961853027,5.448480606079102,17200
FTS.TO,2003-04-17,12.672499656677246,12.672499656677246,12.515000343322754,12.579999923706055,5.465857982635498,35200
FTS.TO,2003-04-21,12.699999809265137,12.725000381469727,12.625,12.65250015258789,5.497359275817871,20800
FTS.TO,2003-04-22,12.725000381469727,12.725000381469727,12.625,12.725000381469727,5.528859615325928,40400
FTS.TO,2003-04-23,12.737500190734863,12.96500015258789,12.6274995803833,12.850000381469727,5.583172798156738,121600
FTS.TO,2003-04-24,12.925000190734863,12.925000190734863,12.75,12.862500190734863,5.588603496551514,23200
FTS.TO,2003-04-25,12.774999618530273,12.800000190734863,12.712499618530273,12.787500381469727,5.556014537811279,35600
FTS.TO,2003-04-28,12.787500381469727,12.787500381469727,12.699999809265137,12.744999885559082,5.537550449371338,17600
FTS.TO,2003-04-29,12.75,12.75,12.5625,12.649999618530273,5.496272563934326,248400
FTS.TO,2003-04-30,12.699999809265137,12.75,12.637499809265137,12.712499618530273,5.523427486419678,230400
FTS.TO,2003-05-01,12.850000381469727,13.0,12.75,13.0,5.648345947265625,72800
FTS.TO,2003-05-02,13.1225004196167,13.262499809265137,13.024999618530273,13.262499809265137,5.762397766113281,90400
FTS.TO,2003-05-05,13.180000305175781,13.324999809265137,13.0,13.0,5.648345947265625,95600
FTS.TO,2003-05-06,13.237500190734863,13.375,13.154999732971191,13.375,5.811275005340576,97600
FTS.TO,2003-05-07,13.362500190734863,13.362500190734863,13.162500381469727,13.234999656677246,5.806890964508057,115200
FTS.TO,2003-05-08,13.25,13.25,13.15250015258789,13.225000381469727,5.802504062652588,28000
FTS.TO,2003-05-09,13.012499809265137,13.300000190734863,13.0,13.199999809265137,5.791534423828125,56400
FTS.TO,2003-05-12,13.25,13.375,13.15250015258789,13.375,5.868313789367676,51200
FTS.TO,2003-05-13,13.362500190734863,13.362500190734863,13.25,13.274999618530273,5.82443904876709,72000
FTS.TO,2003-05-14,13.3125,13.4375,13.202500343322754,13.364999771118164,5.863926887512207,69200
FTS.TO,2003-05-15,13.462499618530273,13.612500190734863,13.4375,13.537500381469727,5.939610481262207,183600
FTS.TO,2003-05-16,13.5625,13.9350004196167,13.5625,13.8725004196167,6.086594581604004,110800
FTS.TO,2003-05-20,13.887499809265137,14.057499885559082,13.887499809265137,13.967499732971191,6.128276824951172,154800
FTS.TO,2003-05-21,14.0,14.0,13.899999618530273,14.0,6.142534255981445,139200
FTS.TO,2003-05-22,13.975000381469727,14.337499618530273,13.975000381469727,14.2524995803833,6.25331974029541,96400
FTS.TO,2003-05-23,14.012499809265137,14.25,14.0,14.007499694824219,6.14582633972168,140400
FTS.TO,2003-05-26,14.050000190734863,14.050000190734863,13.9375,13.9375,6.115110397338867,48000
FTS.TO,2003-05-27,13.9375,14.0,13.5,13.725000381469727,6.021878242492676,110000
FTS.TO,2003-05-28,13.75,13.8125,13.625,13.680000305175781,6.002136707305908,75600
FTS.TO,2003-05-29,13.524999618530273,13.75,13.524999618530273,13.75,6.032848834991455,58800
FTS.TO,2003-05-30,13.8125,14.050000190734863,13.8125,13.887499809265137,6.093173980712891,56000
FTS.TO,2003-06-02,13.762499809265137,14.0625,13.762499809265137,14.012499809265137,6.148020267486572,39600
FTS.TO,2003-06-03,14.024999618530273,14.125,14.024999618530273,14.087499618530273,6.1809258460998535,33600
FTS.TO,2003-06-04,14.085000038146973,14.085000038146973,13.9399995803833,14.03499984741211,6.157891273498535,74000
FTS.TO,2003-06-05,13.9375,14.087499618530273,13.9375,14.0625,6.169958591461182,78800
FTS.TO,2003-06-06,14.100000381469727,14.100000381469727,13.949999809265137,14.012499809265137,6.148020267486572,55600
FTS.TO,2003-06-09,13.7524995803833,14.112500190734863,13.7524995803833,14.0625,6.169958591461182,48400
FTS.TO,2003-06-10,14.074999809265137,14.212499618530273,14.0,14.037500381469727,6.158990383148193,52000
FTS.TO,2003-06-11,14.037500381469727,14.074999809265137,13.837499618530273,13.895000457763672,6.096466064453125,93200
FTS.TO,2003-06-12,13.852499961853027,13.987500190734863,13.824999809265137,13.842499732971191,6.073434352874756,66800
FTS.TO,2003-06-13,13.824999809265137,13.949999809265137,13.824999809265137,13.862500190734863,6.0822062492370605,66800
FTS.TO,2003-06-16,13.837499618530273,13.9375,13.837499618530273,13.920000076293945,6.107437610626221,13200
FTS.TO,2003-06-17,13.9375,14.0,13.837499618530273,14.0,6.142534255981445,56400
FTS.TO,2003-06-18,13.987500190734863,14.104999542236328,13.890000343322754,14.104999542236328,6.1886067390441895,80800
FTS.TO,2003-06-19,14.087499618530273,14.112500190734863,14.0,14.012499809265137,6.148020267486572,44800
FTS.TO,2003-06-20,14.112500190734863,14.324999809265137,14.112500190734863,14.305000305175781,6.276352882385254,92000
FTS.TO,2003-06-23,14.475000381469727,14.6225004196167,14.375,14.5,6.361912727355957,93600
FTS.TO,2003-06-24,14.850000381469727,14.859999656677246,14.412500381469727,14.412500381469727,6.323520183563232,83600
FTS.TO,2003-06-25,14.380000114440918,14.612500190734863,14.380000114440918,14.600000381469727,6.405786514282227,59200
FTS.TO,2003-06-26,14.725000381469727,14.737500190734863,14.524999618530273,14.725000381469727,6.460634708404541,174800
FTS.TO,2003-06-27,14.862500190734863,14.925000190734863,14.774999618530273,14.875,6.526445388793945,74000
FTS.TO,2003-06-30,14.774999618530273,14.850000381469727,14.75,14.75,6.471598148345947,26000
FTS.TO,2003-07-02,14.869999885559082,14.869999885559082,14.649999618530273,14.712499618530273,6.455145359039307,44000
FTS.TO,2003-07-03,14.6875,14.6875,14.587499618530273,14.662500381469727,6.43320894241333,810800
FTS.TO,2003-07-04,14.649999618530273,14.649999618530273,14.399999618530273,14.412500381469727,6.323520183563232,15600
FTS.TO,2003-07-07,14.399999618530273,14.600000381469727,14.387499809265137,14.4375,6.3344902992248535,286000
FTS.TO,2003-07-08,14.399999618530273,14.5625,14.399999618530273,14.5625,6.389331817626953,346400
FTS.TO,2003-07-09,14.462499618530273,14.675000190734863,14.462499618530273,14.5625,6.389331817626953,147200
FTS.TO,2003-07-10,14.5625,14.675000190734863,14.5625,14.675000190734863,6.43869161605835,48400
FTS.TO,2003-07-11,14.574999809265137,14.837499618530273,14.574999809265137,14.837499618530273,6.50999116897583,68800
FTS.TO,2003-07-14,14.837499618530273,14.837499618530273,14.8125,14.822500228881836,6.503409385681152,19600
FTS.TO,2003-07-15,14.850000381469727,14.850000381469727,14.6875,14.6875,6.444180011749268,46400
FTS.TO,2003-07-16,14.887499809265137,14.887499809265137,14.5649995803833,14.75,6.471598148345947,30000
FTS.TO,2003-07-17,14.800000190734863,14.800000190734863,14.537500381469727,14.592499732971191,6.402493953704834,42800
FTS.TO,2003-07-18,14.574999809265137,14.787500381469727,14.574999809265137,14.75,6.471598148345947,36000
FTS.TO,2003-07-21,14.899999618530273,14.899999618530273,14.762499809265137,14.787500381469727,6.4880499839782715,37600
FTS.TO,2003-07-22,14.9350004196167,14.9350004196167,14.765000343322754,14.767499923706055,6.479275703430176,58800
FTS.TO,2003-07-23,14.975000381469727,14.975000381469727,14.699999809265137,14.75,6.471598148345947,82800
FTS.TO,2003-07-24,14.75,14.9375,14.75,14.755000114440918,6.4737935066223145,435600
FTS.TO,2003-07-25,14.75,15.050000190734863,14.75,15.050000190734863,6.6032257080078125,70800
FTS.TO,2003-07-28,15.03499984741211,15.0625,14.824999809265137,15.050000190734863,6.6032257080078125,189200
FTS.TO,2003-07-29,15.112500190734863,15.149999618530273,15.012499809265137,15.077500343322754,6.615289688110352,60800
FTS.TO,2003-07-30,15.074999809265137,15.194999694824219,15.037500381469727,15.039999961853027,6.598836421966553,47200
FTS.TO,2003-07-31,15.1875,15.1875,15.050000190734863,15.0625,6.608710765838623,32400
FTS.TO,2003-08-01,15.100000381469727,15.199999809265137,15.100000381469727,15.194999694824219,6.666844367980957,23600
FTS.TO,2003-08-05,15.175000190734863,15.1875,14.765000343322754,15.0,6.5812859535217285,96800
FTS.TO,2003-08-06,15.0,15.0,14.524999618530273,14.75,6.528176307678223,88800
FTS.TO,2003-08-07,14.512499809265137,14.8125,14.512499809265137,14.7475004196167,6.527069091796875,32000
FTS.TO,2003-08-08,14.7475004196167,14.987500190734863,14.710000038146973,14.710000038146973,6.510472297668457,83600
FTS.TO,2003-08-11,14.962499618530273,14.962499618530273,14.6899995803833,14.774999618530273,6.539241790771484,74000
FTS.TO,2003-08-12,14.577500343322754,14.925000190734863,14.577500343322754,14.912500381469727,6.600099086761475,457200
FTS.TO,2003-08-13,14.912500381469727,14.912500381469727,14.824999809265137,14.824999809265137,6.561369895935059,794000
FTS.TO,2003-08-14,14.899999618530273,14.912500381469727,14.824999809265137,14.899999618530273,6.594568252563477,34800
FTS.TO,2003-08-15,14.899999618530273,14.912500381469727,14.824999809265137,14.824999809265137,6.561369895935059,8400
FTS.TO,2003-08-18,14.824999809265137,14.987500190734863,14.8125,14.8125,6.555839538574219,85200
FTS.TO,2003-08-19,14.975000381469727,14.975000381469727,14.845000267028809,14.97249984741211,6.626652717590332,36400
FTS.TO,2003-08-20,14.97249984741211,14.975000381469727,14.6875,14.832500457763672,6.564692497253418,38400
FTS.TO,2003-08-21,14.8125,14.975000381469727,14.8125,14.882499694824219,6.586822032928467,26800
FTS.TO,2003-08-22,15.0625,15.237500190734863,15.0024995803833,15.170000076293945,6.714067459106445,82800
FTS.TO,2003-08-25,15.0625,15.100000381469727,14.75,14.8125,6.555839538574219,44000
FTS.TO,2003-08-26,15.0,15.0,14.637499809265137,14.637499809265137,6.4783830642700195,66400
FTS.TO,2003-08-27,14.662500381469727,14.875,14.630000114440918,14.75,6.528176307678223,150000
FTS.TO,2003-08-28,14.75,14.75,14.662500381469727,14.6875,6.500518321990967,40400
FTS.TO,2003-08-29,14.975000381469727,14.975000381469727,14.8125,14.850000381469727,6.572437286376953,38800
FTS.TO,2003-09-02,14.850000381469727,14.850000381469727,14.712499618530273,14.824999809265137,6.561369895935059,35600
FTS.TO,2003-09-03,14.837499618530273,14.887499809265137,14.774999618530273,14.824999809265137,6.561369895935059,73200
FTS.TO,2003-09-04,14.949999809265137,15.074999809265137,14.824999809265137,14.9975004196167,6.63771915435791,42400
FTS.TO,2003-09-05,14.942500114440918,14.975000381469727,14.762499809265137,14.762499809265137,6.533709526062012,65200
FTS.TO,2003-09-08,14.875,14.994999885559082,14.787500381469727,14.875,6.583501815795898,132000
FTS.TO,2003-09-09,14.875,15.0,14.789999961853027,14.9375,6.6111650466918945,29200
FTS.TO,2003-09-10,14.922499656677246,14.922499656677246,14.774999618530273,14.774999618530273,6.539241790771484,80400
FTS.TO,2003-09-11,14.762499809265137,14.862500190734863,14.625,14.84749984741211,6.571329116821289,66000
FTS.TO,2003-09-12,14.875,14.899999618530273,14.75,14.795000076293945,6.548091888427734,49200
FTS.TO,2003-09-15,14.7524995803833,14.875,14.662500381469727,14.6899995803833,6.501620292663574,85600
FTS.TO,2003-09-16,14.5,14.5,13.767499923706055,13.9375,6.16857385635376,584800
FTS.TO,2003-09-17,13.920000076293945,13.920000076293945,13.5625,13.649999618530273,6.041330337524414,453200
FTS.TO,2003-09-18,13.8725004196167,13.8725004196167,13.662500381469727,13.727499961853027,6.075630187988281,297600
FTS.TO,2003-09-19,13.75,13.8125,13.6875,13.8125,6.113250732421875,311600
FTS.TO,2003-09-22,13.787500381469727,13.787500381469727,13.6875,13.725000381469727,6.074526309967041,174800
FTS.TO,2003-09-23,13.7475004196167,13.8125,13.699999809265137,13.8100004196167,6.112144470214844,436000
FTS.TO,2003-09-24,13.8125,13.875,13.7475004196167,13.800000190734863,6.107716083526611,348000
FTS.TO,2003-09-25,13.850000381469727,13.862500190734863,13.774999618530273,13.850000381469727,6.129848957061768,203200
FTS.TO,2003-09-26,13.850000381469727,13.949999809265137,13.850000381469727,13.875,6.140915393829346,152000
FTS.TO,2003-09-29,14.005000114440918,14.005000114440918,13.800000190734863,13.875,6.140915393829346,198400
FTS.TO,2003-09-30,13.875,13.887499809265137,13.850000381469727,13.875,6.140915393829346,226000
FTS.TO,2003-10-01,13.850000381469727,14.125,13.850000381469727,13.947500228881836,6.172998905181885,116800
FTS.TO,2003-10-02,13.975000381469727,14.100000381469727,13.975000381469727,14.100000381469727,6.240492820739746,371600
FTS.TO,2003-10-03,14.100000381469727,14.100000381469727,14.0,14.100000381469727,6.240492820739746,241200
FTS.TO,2003-10-06,14.100000381469727,14.225000381469727,14.087499618530273,14.100000381469727,6.240492820739746,199600
FTS.TO,2003-10-07,14.112500190734863,14.112500190734863,14.087499618530273,14.112500190734863,6.246027946472168,128800
FTS.TO,2003-10-08,14.125,14.237500190734863,14.125,14.130000114440918,6.253774642944336,406800
FTS.TO,2003-10-09,14.175000190734863,14.1875,14.130000114440918,14.1875,6.279221057891846,282400
FTS.TO,2003-10-10,14.149999618530273,14.210000038146973,14.149999618530273,14.210000038146973,6.289177417755127,122400
FTS.TO,2003-10-14,14.210000038146973,14.212499618530273,14.180000305175781,14.199999809265137,6.284756660461426,126400
FTS.TO,2003-10-15,14.2475004196167,14.2475004196167,14.1875,14.197500228881836,6.283645153045654,179200
FTS.TO,2003-10-16,14.194999694824219,14.375,14.15250015258789,14.375,6.362206935882568,574800
FTS.TO,2003-10-17,14.375,14.375,14.225000381469727,14.3125,6.334543704986572,229200
FTS.TO,2003-10-20,14.25,14.297499656677246,14.25,14.2524995803833,6.307990074157715,48400
FTS.TO,2003-10-21,14.475000381469727,14.475000381469727,14.199999809265137,14.25,6.306885719299316,140400
FTS.TO,2003-10-22,14.34749984741211,14.34749984741211,14.0,14.175000190734863,6.273688793182373,185200
FTS.TO,2003-10-23,14.175000190734863,14.225000381469727,14.102499961853027,14.225000381469727,6.29581880569458,138400
FTS.TO,2003-10-24,14.25,14.25,14.1875,14.1899995803833,6.28032922744751,111600
FTS.TO,2003-10-27,14.175000190734863,14.369999885559082,14.175000190734863,14.262499809265137,6.312414646148682,100000
FTS.TO,2003-10-28,14.300000190734863,14.3125,14.1875,14.244999885559082,6.304670333862305,119200
FTS.TO,2003-10-29,14.287500381469727,14.287500381469727,14.154999732971191,14.202500343322754,6.285860061645508,136800
FTS.TO,2003-10-30,14.274999618530273,14.3125,14.154999732971191,14.25,6.306885719299316,91600
FTS.TO,2003-10-31,14.300000190734863,14.300000190734863,14.037500381469727,14.2524995803833,6.307990074157715,440800
FTS.TO,2003-11-03,14.4375,14.475000381469727,14.3125,14.412500381469727,6.37880277633667,109200
FTS.TO,2003-11-04,14.5625,14.654999732971191,14.5,14.654999732971191,6.486131191253662,257600
FTS.TO,2003-11-05,14.637499809265137,14.654999732971191,14.517499923706055,14.654999732971191,6.544183254241943,122000
FTS.TO,2003-11-06,14.619999885559082,14.987500190734863,14.619999885559082,14.699999809265137,6.564277648925781,168800
FTS.TO,2003-11-07,14.75,14.8125,14.6875,14.797499656677246,6.607816696166992,67600
FTS.TO,2003-11-10,14.75,14.789999961853027,14.662500381469727,14.725000381469727,6.575442314147949,79600
FTS.TO,2003-11-11,14.75,14.837499618530273,14.6899995803833,14.800000190734863,6.608932971954346,221600
FTS.TO,2003-11-12,14.800000190734863,14.925000190734863,14.797499656677246,14.837499618530273,6.625680446624756,150400
FTS.TO,2003-11-13,14.875,14.9375,14.837499618530273,14.875,6.642423629760742,133600
FTS.TO,2003-11-14,14.925000190734863,14.925000190734863,14.774999618530273,14.800000190734863,6.608932971954346,64000
FTS.TO,2003-11-17,14.802499771118164,14.824999809265137,14.649999618530273,14.692500114440918,6.560927867889404,129600
FTS.TO,2003-11-18,14.712499618530273,14.75,14.649999618530273,14.75,6.586604595184326,191600
FTS.TO,2003-11-19,14.7524995803833,14.875,14.7524995803833,14.8725004196167,6.6413092613220215,172000
FTS.TO,2003-11-20,14.875,14.875,14.8125,14.869999885559082,6.640191078186035,313200
FTS.TO,2003-11-21,14.869999885559082,15.119999885559082,14.850000381469727,14.850000381469727,6.631262302398682,188000
FTS.TO,2003-11-24,15.0,15.0,14.899999618530273,14.9350004196167,6.669219017028809,134000
FTS.TO,2003-11-25,14.949999809265137,14.949999809265137,14.837499618530273,14.899999618530273,6.653588771820068,161200
FTS.TO,2003-11-26,14.899999618530273,15.100000381469727,14.899999618530273,14.975000381469727,6.687079429626465,199600
FTS.TO,2003-11-27,15.0,15.0,14.9375,14.9375,6.67033052444458,12000
FTS.TO,2003-11-28,14.9375,15.0,14.925000190734863,14.9399995803833,6.671454429626465,80800
FTS.TO,2003-12-01,15.135000228881836,15.135000228881836,15.0,15.037500381469727,6.714986324310303,72000
FTS.TO,2003-12-02,15.024999618530273,15.024999618530273,14.9375,15.0,6.698243618011475,268800
FTS.TO,2003-12-03,14.949999809265137,15.037500381469727,14.949999809265137,15.0,6.698243618011475,204400
FTS.TO,2003-12-04,14.975000381469727,15.050000190734863,14.962499618530273,15.022500038146973,6.708293914794922,115200
FTS.TO,2003-12-05,15.024999618530273,15.024999618530273,14.962499618530273,14.975000381469727,6.687079429626465,85600
FTS.TO,2003-12-08,14.977499961853027,15.024999618530273,14.977499961853027,14.987500190734863,6.692661285400391,121200
FTS.TO,2003-12-09,15.0,15.039999961853027,14.977499961853027,15.037500381469727,6.714986324310303,275600
FTS.TO,2003-12-10,15.03499984741211,15.037500381469727,14.975000381469727,14.979999542236328,6.68931245803833,110400
FTS.TO,2003-12-11,15.0024995803833,15.050000190734863,14.899999618530273,14.96500015258789,6.682615756988525,32400
FTS.TO,2003-12-12,14.96500015258789,14.975000381469727,14.8125,14.8125,6.614515781402588,95600
FTS.TO,2003-12-15,14.8125,14.922499656677246,14.7524995803833,14.755000114440918,6.588839054107666,91600
FTS.TO,2003-12-16,14.822500228881836,14.822500228881836,14.755000114440918,14.755000114440918,6.588839054107666,54000
FTS.TO,2003-12-17,14.800000190734863,14.800000190734863,14.614999771118164,14.75,6.586604595184326,152000
FTS.TO,2003-12-18,14.8125,14.8125,14.664999961853027,14.75,6.586604595184326,202000
FTS.TO,2003-12-19,14.675000190734863,14.75,14.425000190734863,14.545000076293945,6.495061874389648,523600
FTS.TO,2003-12-22,14.625,14.712499618530273,14.550000190734863,14.625,6.530786037445068,63600
FTS.TO,2003-12-23,14.712499618530273,14.712499618530273,14.5625,14.699999809265137,6.564277648925781,168400
FTS.TO,2003-12-24,14.737500190734863,14.787500381469727,14.649999618530273,14.75,6.586604595184326,41600
FTS.TO,2003-12-29,14.75,14.850000381469727,14.75,14.75,6.586604595184326,32400
FTS.TO,2003-12-30,14.800000190734863,14.800000190734863,14.6875,14.6875,6.558696746826172,76400
FTS.TO,2003-12-31,14.75,14.75,14.6875,14.725000381469727,6.575442314147949,20000
FTS.TO,2004-01-02,14.787500381469727,14.824999809265137,14.75,14.824999809265137,6.620096683502197,31600
FTS.TO,2004-01-05,14.875,14.875,14.765000343322754,14.824999809265137,6.620096683502197,116800
FTS.TO,2004-01-06,14.862500190734863,14.887499809265137,14.787500381469727,14.850000381469727,6.631262302398682,158000
FTS.TO,2004-01-07,14.84749984741211,14.850000381469727,14.774999618530273,14.800000190734863,6.608932971954346,116400
FTS.TO,2004-01-08,14.792499542236328,14.837499618530273,14.5,14.649999618530273,6.5419487953186035,147200
FTS.TO,2004-01-09,14.699999809265137,14.699999809265137,14.5,14.600000381469727,6.519622802734375,208800
FTS.TO,2004-01-12,14.75,14.987500190734863,14.612500190734863,14.862500190734863,6.636843681335449,174000
FTS.TO,2004-01-13,14.975000381469727,15.0625,14.9375,15.0625,6.726149559020996,158800
FTS.TO,2004-01-14,15.125,15.157500267028809,15.012499809265137,15.125,6.754059791564941,156000
FTS.TO,2004-01-15,15.087499618530273,15.1875,15.074999809265137,15.15999984741211,6.769692420959473,234000
FTS.TO,2004-01-16,15.137499809265137,15.25,15.137499809265137,15.25,6.809879779815674,134000
FTS.TO,2004-01-19,15.324999809265137,15.375,15.25,15.265000343322754,6.816580295562744,100400
FTS.TO,2004-01-20,15.382499694824219,15.494999885559082,15.324999809265137,15.452500343322754,6.9003071784973145,212400
FTS.TO,2004-01-21,15.5,15.587499618530273,15.449999809265137,15.524999618530273,6.932675838470459,133200
FTS.TO,2004-01-22,15.5,15.5625,15.5,15.512499809265137,6.927098274230957,337200
FTS.TO,2004-01-23,15.4975004196167,15.5,15.375,15.4375,6.893606662750244,106400
FTS.TO,2004-01-26,15.4375,15.512499809265137,15.324999809265137,15.324999809265137,6.8433709144592285,344000
FTS.TO,2004-01-27,15.305000305175781,15.3125,15.1875,15.199999809265137,6.787552356719971,60000
FTS.TO,2004-01-28,15.199999809265137,15.5,15.1875,15.399999618530273,6.876863479614258,155200
FTS.TO,2004-01-29,15.5,15.5,15.262499809265137,15.425000190734863,6.888027191162109,101200
FTS.TO,2004-01-30,15.5625,15.625,15.5,15.607500076293945,6.969521999359131,109200
FTS.TO,2004-02-02,15.612500190734863,15.612500190734863,15.4375,15.5,6.921517848968506,66800
FTS.TO,2004-02-03,15.612500190734863,15.75,15.612500190734863,15.6875,7.005245685577393,266400
FTS.TO,2004-02-04,15.675000190734863,15.675000190734863,15.262499809265137,15.262499809265137,6.8746209144592285,68800
FTS.TO,2004-02-05,15.27750015258789,15.422499656677246,15.125,15.237500190734863,6.8633623123168945,121600
FTS.TO,2004-02-06,15.262499809265137,15.487500190734863,15.262499809265137,15.462499618530273,6.964707851409912,66000
FTS.TO,2004-02-09,15.484999656677246,15.484999656677246,15.324999809265137,15.420000076293945,6.945563316345215,83200
FTS.TO,2004-02-10,15.420000076293945,15.420000076293945,15.149999618530273,15.212499618530273,6.852099895477295,122400
FTS.TO,2004-02-11,15.25,15.34749984741211,15.199999809265137,15.337499618530273,6.908401966094971,185600
FTS.TO,2004-02-12,15.287500381469727,15.375,15.265000343322754,15.3125,6.8971476554870605,332800
FTS.TO,2004-02-13,15.350000381469727,15.412500381469727,15.300000190734863,15.375,6.92529296875,99600
FTS.TO,2004-02-16,15.4975004196167,15.4975004196167,15.375,15.425000190734863,6.947818279266357,31200
FTS.TO,2004-02-17,15.4375,15.4375,15.274999618530273,15.375,6.92529296875,68800
FTS.TO,2004-02-18,15.337499618530273,15.375,15.3125,15.3125,6.8971476554870605,76800
FTS.TO,2004-02-19,15.3725004196167,15.425000190734863,15.362500190734863,15.387499809265137,6.930923938751221,49200
FTS.TO,2004-02-20,15.4375,15.5,15.399999618530273,15.5,6.9815993309021,126400
FTS.TO,2004-02-23,15.427499771118164,15.427499771118164,15.382499694824219,15.382499694824219,6.928670406341553,50000
FTS.TO,2004-02-24,15.392499923706055,15.422499656677246,15.287500381469727,15.287500381469727,6.885884761810303,97200
FTS.TO,2004-02-25,15.274999618530273,15.362500190734863,15.274999618530273,15.27750015258789,6.881377220153809,51200
FTS.TO,2004-02-26,15.324999809265137,15.324999809265137,15.287500381469727,15.305000305175781,6.893765926361084,72000
FTS.TO,2004-02-27,15.262499809265137,15.270000457763672,15.149999618530273,15.225000381469727,6.857732772827148,103200
FTS.TO,2004-03-01,15.237500190734863,15.237500190734863,15.0625,15.112500190734863,6.807058334350586,118400
FTS.TO,2004-03-02,15.109999656677246,15.109999656677246,15.012499809265137,15.012499809265137,6.762017250061035,73600
FTS.TO,2004-03-03,15.020000457763672,15.175000190734863,15.020000457763672,15.162500381469727,6.829579830169678,63200
FTS.TO,2004-03-04,15.197500228881836,15.3125,15.125,15.287500381469727,6.885884761810303,112400
FTS.TO,2004-03-05,15.3100004196167,15.397500038146973,15.149999618530273,15.375,6.92529296875,101600
FTS.TO,2004-03-08,15.4975004196167,15.4975004196167,15.3125,15.3125,6.8971476554870605,94400
FTS.TO,2004-03-09,15.3125,15.507499694824219,15.3125,15.475000381469727,6.970340251922607,98400
FTS.TO,2004-03-10,15.475000381469727,15.72249984741211,15.399999618530273,15.649999618530273,7.049161434173584,112800
FTS.TO,2004-03-11,15.625,15.637499809265137,15.5,15.5024995803833,6.982724666595459,91600
FTS.TO,2004-03-12,15.505000114440918,15.625,15.5024995803833,15.5625,7.00975227355957,50800
FTS.TO,2004-03-15,15.5625,15.574999809265137,15.449999809265137,15.5600004196167,7.00862455368042,92000
FTS.TO,2004-03-16,15.547499656677246,15.65250015258789,15.5024995803833,15.52750015258789,6.993985176086426,70800
FTS.TO,2004-03-17,15.675000190734863,15.75,15.574999809265137,15.739999771118164,7.089698314666748,91200
FTS.TO,2004-03-18,15.587499618530273,15.587499618530273,15.5,15.537500381469727,6.998490333557129,353600
FTS.TO,2004-03-19,15.512499809265137,15.625,15.5,15.550000190734863,7.004120826721191,122800
FTS.TO,2004-03-22,15.550000190734863,15.75,15.5,15.617500305175781,7.034524917602539,57200
FTS.TO,2004-03-23,15.654999732971191,15.675000190734863,15.5,15.587499618530273,7.021010398864746,105600
FTS.TO,2004-03-24,15.592499732971191,15.680000305175781,15.587499618530273,15.649999618530273,7.049161434173584,37600
FTS.TO,2004-03-25,15.65250015258789,15.762499809265137,15.625,15.75,7.094203948974609,464400
FTS.TO,2004-03-26,15.75,15.875,15.75,15.800000190734863,7.116726398468018,125200
FTS.TO,2004-03-29,15.899999618530273,16.227500915527344,15.875,16.145000457763672,7.272122859954834,123600
FTS.TO,2004-03-30,16.125,16.125,16.0,16.075000762939453,7.240591049194336,111200
FTS.TO,2004-03-31,15.962499618530273,16.122499465942383,15.962499618530273,16.122499465942383,7.261991024017334,111200
FTS.TO,2004-04-01,16.142499923706055,16.142499923706055,16.022499084472656,16.100000381469727,7.251855850219727,40000
FTS.TO,2004-04-02,16.102500915527344,16.1825008392334,16.024999618530273,16.047500610351562,7.228207588195801,90000
FTS.TO,2004-04-05,16.037500381469727,16.122499465942383,16.037500381469727,16.087499618530273,7.246221542358398,82800
FTS.TO,2004-04-06,16.024999618530273,16.087499618530273,15.975000381469727,16.002500534057617,7.207936763763428,108400
FTS.TO,2004-04-07,16.0625,16.0625,15.949999809265137,15.949999809265137,7.184289455413818,68800
FTS.TO,2004-04-08,15.952500343322754,16.022499084472656,15.952500343322754,16.012500762939453,7.2124409675598145,62400
FTS.TO,2004-04-12,16.0,16.049999237060547,15.957500457763672,15.977499961853027,7.196678161621094,31600
FTS.TO,2004-04-13,16.049999237060547,16.049999237060547,15.7524995803833,15.8774995803833,7.1516337394714355,199200
FTS.TO,2004-04-14,15.8125,15.899999618530273,15.555000305175781,15.625,7.037900924682617,128800
FTS.TO,2004-04-15,15.625,15.75,15.25,15.375,6.92529296875,92400
FTS.TO,2004-04-16,15.262499809265137,15.75,15.262499809265137,15.744999885559082,7.091953754425049,115600
FTS.TO,2004-04-19,15.75,15.75,15.600000381469727,15.600000381469727,7.026639938354492,91200
FTS.TO,2004-04-20,15.625,15.625,15.52750015258789,15.537500381469727,6.998490333557129,31600
FTS.TO,2004-04-21,15.537500381469727,15.625,15.3149995803833,15.4350004196167,6.952320575714111,60000
FTS.TO,2004-04-22,15.4375,15.612500190734863,15.375,15.524999618530273,6.992858409881592,154400
FTS.TO,2004-04-23,15.625,15.699999809265137,15.524999618530273,15.699999809265137,7.07168436050415,61600
FTS.TO,2004-04-26,15.850000381469727,15.975000381469727,15.774999618530273,15.819999694824219,7.125734806060791,71200
FTS.TO,2004-04-27,15.819999694824219,15.850000381469727,15.762499809265137,15.837499618530273,7.133616924285889,52400
FTS.TO,2004-04-28,15.837499618530273,15.875,15.5024995803833,15.550000190734863,7.004120826721191,172000
FTS.TO,2004-04-29,15.6225004196167,15.625,15.5024995803833,15.5024995803833,6.982724666595459,48800
FTS.TO,2004-04-30,15.515000343322754,16.0,15.512499809265137,16.0,7.206817150115967,69200
FTS.TO,2004-05-03,15.975000381469727,15.975000381469727,15.697500228881836,15.699999809265137,7.07168436050415,44800
FTS.TO,2004-05-04,15.71500015258789,15.800000190734863,15.587499618530273,15.762499809265137,7.099836349487305,599600
FTS.TO,2004-05-05,15.725000381469727,15.725000381469727,15.375,15.449999809265137,7.019193649291992,224000
FTS.TO,2004-05-06,15.647500038146973,15.672499656677246,15.449999809265137,15.4975004196167,7.040775299072266,53200
FTS.TO,2004-05-07,15.4975004196167,15.4975004196167,15.114999771118164,15.1875,6.899933338165283,55200
FTS.TO,2004-05-10,15.1875,15.1875,14.5,14.854999542236328,6.748875141143799,110000
FTS.TO,2004-05-11,14.854999542236328,14.987500190734863,14.762499809265137,14.837499618530273,6.740925312042236,108400
FTS.TO,2004-05-12,14.837499618530273,14.925000190734863,14.8125,14.8149995803833,6.730700969696045,85600
FTS.TO,2004-05-13,14.8725004196167,14.9375,14.8125,14.899999618530273,6.769322395324707,72000
FTS.TO,2004-05-14,14.899999618530273,15.087499618530273,14.899999618530273,15.0625,6.843147277832031,60800
FTS.TO,2004-05-17,15.0,15.100000381469727,14.96500015258789,15.0,6.814752101898193,68000
FTS.TO,2004-05-18,14.887499809265137,15.0,14.837499618530273,14.84000015258789,6.742061614990234,33200
FTS.TO,2004-05-19,14.975000381469727,14.975000381469727,14.8774995803833,14.925000190734863,6.780677795410156,35600
FTS.TO,2004-05-20,14.9975004196167,14.9975004196167,14.755000114440918,14.774999618530273,6.712531566619873,41200
FTS.TO,2004-05-21,14.7524995803833,14.862500190734863,14.75,14.75,6.701174259185791,36000
FTS.TO,2004-05-25,14.875,14.975000381469727,14.737500190734863,14.975000381469727,6.8033928871154785,94000
FTS.TO,2004-05-26,14.975000381469727,14.975000381469727,14.875,14.887499809265137,6.763641834259033,64800
FTS.TO,2004-05-27,14.887499809265137,14.9375,14.854999542236328,14.9375,6.786357402801514,106400
FTS.TO,2004-05-28,14.9375,14.9375,14.862500190734863,14.925000190734863,6.780677795410156,62400
FTS.TO,2004-05-31,14.925000190734863,14.994999885559082,14.887499809265137,14.912500381469727,6.774998664855957,40000
FTS.TO,2004-06-01,14.987500190734863,14.987500190734863,14.75,14.8100004196167,6.728431701660156,79600
FTS.TO,2004-06-02,14.75,15.095000267028809,14.6875,15.0,6.814752101898193,335200
FTS.TO,2004-06-03,14.7524995803833,14.9350004196167,14.7524995803833,14.912500381469727,6.774998664855957,47600
FTS.TO,2004-06-04,14.779999732971191,14.875,14.725000381469727,14.75,6.701174259185791,78000
FTS.TO,2004-06-07,14.762499809265137,14.975000381469727,14.5625,14.630000114440918,6.646653652191162,142000
FTS.TO,2004-06-08,14.612500190734863,14.6875,14.5625,14.5625,6.6159868240356445,98800
FTS.TO,2004-06-09,14.600000381469727,14.6875,14.5625,14.574999809265137,6.621667861938477,953200
FTS.TO,2004-06-10,14.647500038146973,14.774999618530273,14.600000381469727,14.75,6.701174259185791,163600
FTS.TO,2004-06-11,14.75,14.779999732971191,14.6274995803833,14.737500190734863,6.695495128631592,45200
FTS.TO,2004-06-14,14.75,14.75,14.574999809265137,14.6274995803833,6.645518779754639,84400
FTS.TO,2004-06-15,14.664999961853027,14.899999618530273,14.664999961853027,14.887499809265137,6.763641834259033,268000
FTS.TO,2004-06-16,14.797499656677246,14.899999618530273,14.7524995803833,14.8125,6.729567050933838,332800
FTS.TO,2004-06-17,14.892499923706055,15.09749984741211,14.774999618530273,15.09749984741211,6.8590497970581055,106800
FTS.TO,2004-06-18,15.074999809265137,15.337499618530273,15.074999809265137,15.337499618530273,6.968082427978516,970000
FTS.TO,2004-06-21,15.337499618530273,15.337499618530273,15.0,15.024999618530273,6.826108455657959,172000
FTS.TO,2004-06-22,15.0,15.024999618530273,14.875,14.9375,6.786357402801514,312400
FTS.TO,2004-06-23,14.9375,14.9375,14.8125,14.864999771118164,6.753419876098633,138400
FTS.TO,2004-06-24,14.859999656677246,14.859999656677246,14.800000190734863,14.8125,6.729567050933838,208000
FTS.TO,2004-06-25,14.824999809265137,14.837499618530273,14.75,14.75,6.701174259185791,84400
FTS.TO,2004-06-28,14.800000190734863,14.800000190734863,14.587499618530273,14.587499618530273,6.627346038818359,70800
FTS.TO,2004-06-29,14.604999542236328,14.672499656677246,14.5649995803833,14.574999809265137,6.621667861938477,96400
FTS.TO,2004-06-30,14.5649995803833,14.5649995803833,14.512499809265137,14.537500381469727,6.604629039764404,222000
FTS.TO,2004-07-02,14.529999732971191,14.537500381469727,14.475000381469727,14.475000381469727,6.576236248016357,62800
FTS.TO,2004-07-05,14.5,14.600000381469727,14.487500190734863,14.5625,6.6159868240356445,190400
FTS.TO,2004-07-06,14.524999618530273,14.587499618530273,14.5,14.5,6.587592601776123,208800
FTS.TO,2004-07-07,14.5,14.5,14.462499618530273,14.5,6.587592601776123,78800
FTS.TO,2004-07-08,14.5,14.5,14.487500190734863,14.5,6.587592601776123,79200
FTS.TO,2004-07-09,14.5,14.5,14.477499961853027,14.484999656677246,6.5807785987854,67600
FTS.TO,2004-07-12,14.475000381469727,14.4975004196167,14.475000381469727,14.4975004196167,6.5864577293396,43200
FTS.TO,2004-07-13,14.4975004196167,14.4975004196167,14.225000381469727,14.3774995803833,6.531940460205078,209600
FTS.TO,2004-07-14,14.475000381469727,14.5625,14.412500381469727,14.5625,6.6159868240356445,160400
FTS.TO,2004-07-15,14.512499809265137,14.882499694824219,14.5,14.774999618530273,6.712531566619873,88400
FTS.TO,2004-07-16,14.850000381469727,14.850000381469727,14.5024995803833,14.574999809265137,6.621667861938477,68800
FTS.TO,2004-07-19,14.75,14.875,14.550000190734863,14.6875,6.672778129577637,49200
FTS.TO,2004-07-20,14.75,14.75,14.600000381469727,14.600000381469727,6.633023738861084,173200
FTS.TO,2004-07-21,14.75,14.75,14.5625,14.625,6.644383430480957,77600
FTS.TO,2004-07-22,14.75,14.75,14.505000114440918,14.512499809265137,6.5932722091674805,63200
FTS.TO,2004-07-23,14.550000190734863,14.75,14.5024995803833,14.640000343322754,6.651198863983154,48400
FTS.TO,2004-07-26,14.625,14.625,14.505000114440918,14.6225004196167,6.643245697021484,47200
FTS.TO,2004-07-27,14.515000343322754,14.875,14.515000343322754,14.550000190734863,6.610310077667236,48800
FTS.TO,2004-07-28,14.8125,14.8125,14.512499809265137,14.617500305175781,6.640976428985596,67200
FTS.TO,2004-07-29,14.6875,14.6875,14.529999732971191,14.65999984741211,6.66028356552124,42400
FTS.TO,2004-07-30,14.600000381469727,14.875,14.600000381469727,14.875,6.757958889007568,37200
FTS.TO,2004-08-03,14.8725004196167,15.017499923706055,14.75,14.927499771118164,6.7818121910095215,82000
FTS.TO,2004-08-04,15.0,15.0,14.762499809265137,14.842499732971191,6.804737091064453,69600
FTS.TO,2004-08-05,14.97249984741211,14.97249984741211,14.832500457763672,14.850000381469727,6.808173179626465,37600
FTS.TO,2004-08-06,14.925000190734863,15.112500190734863,14.850000381469727,14.96500015258789,6.860897064208984,44000
FTS.TO,2004-08-09,15.005000114440918,15.037500381469727,14.9375,15.0,6.876945972442627,86800
FTS.TO,2004-08-10,15.0,15.1875,15.0,15.137499809265137,6.93998384475708,147600
FTS.TO,2004-08-11,15.199999809265137,15.199999809265137,15.125,15.125,6.93425178527832,87200
FTS.TO,2004-08-12,15.130000114440918,15.149999618530273,15.050000190734863,15.100000381469727,6.922791004180908,129600
FTS.TO,2004-08-13,15.137499809265137,15.225000381469727,15.112500190734863,15.172499656677246,6.956027984619141,98000
FTS.TO,2004-08-16,15.162500381469727,15.197500228881836,15.112500190734863,15.197500228881836,6.967491149902344,89600
FTS.TO,2004-08-17,15.1875,15.225000381469727,14.875,14.875,6.819633483886719,109600
FTS.TO,2004-08-18,15.050000190734863,15.050000190734863,14.774999618530273,14.852499961853027,6.809321403503418,84000
FTS.TO,2004-08-19,14.97249984741211,15.02750015258789,14.887499809265137,15.02750015258789,6.889552593231201,70000
FTS.TO,2004-08-20,14.954999923706055,15.0600004196167,14.949999809265137,14.975000381469727,6.865482330322266,60400
FTS.TO,2004-08-23,14.975000381469727,14.975000381469727,14.850000381469727,14.897500038146973,6.829951286315918,92000
FTS.TO,2004-08-24,14.912500381469727,14.9375,14.8774995803833,14.925000190734863,6.842559337615967,37200
FTS.TO,2004-08-25,14.912500381469727,14.942500114440918,14.875,14.922499656677246,6.841412544250488,59200
FTS.TO,2004-08-26,14.9375,14.9375,14.837499618530273,14.852499961853027,6.809321403503418,38800
FTS.TO,2004-08-27,14.912500381469727,14.920000076293945,14.852499961853027,14.8774995803833,6.820781707763672,88800
FTS.TO,2004-08-30,14.925000190734863,14.925000190734863,14.875,14.875,6.819633483886719,100000
FTS.TO,2004-08-31,14.875,15.0,14.875,15.0,6.876945972442627,46400
FTS.TO,2004-09-01,14.97249984741211,15.0,14.962499618530273,15.0,6.876945972442627,47600
FTS.TO,2004-09-02,14.9975004196167,15.1875,14.994999885559082,15.077500343322754,6.912473678588867,99600
FTS.TO,2004-09-03,15.015000343322754,15.2475004196167,15.015000343322754,15.074999809265137,6.911327362060547,56400
FTS.TO,2004-09-07,15.125,15.149999618530273,14.975000381469727,15.037500381469727,6.894137859344482,85200
FTS.TO,2004-09-08,15.037500381469727,15.037500381469727,14.9375,14.962499618530273,6.859750747680664,41200
FTS.TO,2004-09-09,14.962499618530273,15.067500114440918,14.962499618530273,15.0625,6.905600547790527,55200
FTS.TO,2004-09-10,15.024999618530273,15.175000190734863,15.024999618530273,15.074999809265137,6.911327362060547,67600
FTS.TO,2004-09-13,15.0024995803833,15.149999618530273,15.0024995803833,15.024999618530273,6.88840389251709,161600
FTS.TO,2004-09-14,15.012499809265137,15.125,15.0,15.0024995803833,6.878087043762207,111600
FTS.TO,2004-09-15,14.987500190734863,15.100000381469727,14.987500190734863,15.0,6.876945972442627,46400
FTS.TO,2004-09-16,14.977499961853027,15.1225004196167,14.977499961853027,15.100000381469727,6.922791004180908,90400
FTS.TO,2004-09-17,15.0625,15.25,15.029999732971191,15.125,6.93425178527832,131200
FTS.TO,2004-09-20,15.162500381469727,15.162500381469727,15.0625,15.087499618530273,6.917060852050781,216800
FTS.TO,2004-09-21,15.100000381469727,15.100000381469727,15.012499809265137,15.087499618530273,6.917060852050781,51600
FTS.TO,2004-09-22,15.050000190734863,15.100000381469727,15.050000190734863,15.0649995803833,6.906744956970215,50400
FTS.TO,2004-09-23,15.100000381469727,15.100000381469727,15.0625,15.100000381469727,6.922791004180908,108800
FTS.TO,2004-09-24,15.050000190734863,15.057499885559082,14.899999618530273,14.987500190734863,6.871214866638184,326000
FTS.TO,2004-09-27,15.0,15.072500228881836,15.0,15.069999694824219,6.909038066864014,328000
FTS.TO,2004-09-28,15.0625,15.287500381469727,15.050000190734863,15.239999771118164,6.986979007720947,76400
FTS.TO,2004-09-29,15.274999618530273,15.350000381469727,15.1875,15.350000381469727,7.0374064445495605,39200
FTS.TO,2004-09-30,15.350000381469727,15.375,15.3125,15.3125,7.020214557647705,186400
FTS.TO,2004-10-01,15.25,15.4975004196167,15.25,15.4975004196167,7.105031490325928,36400
FTS.TO,2004-10-04,15.404999732971191,15.7475004196167,15.404999732971191,15.649999618530273,7.17494535446167,132800
FTS.TO,2004-10-05,15.699999809265137,15.824999809265137,15.670000076293945,15.800000190734863,7.243713855743408,86000
FTS.TO,2004-10-06,15.625,15.859999656677246,15.574999809265137,15.662500381469727,7.180678844451904,67600
FTS.TO,2004-10-07,15.4399995803833,15.800000190734863,15.4399995803833,15.774999618530273,7.232250213623047,92800
FTS.TO,2004-10-08,15.772500038146973,15.824999809265137,15.662500381469727,15.779999732971191,7.2345452308654785,106000
FTS.TO,2004-10-12,15.800000190734863,15.987500190734863,15.800000190734863,15.897500038146973,7.288416385650635,44400
FTS.TO,2004-10-13,15.875,15.987500190734863,15.875,15.987500190734863,7.329678535461426,120800
FTS.TO,2004-10-14,16.0,16.110000610351562,15.925000190734863,16.045000076293945,7.356039047241211,147600
FTS.TO,2004-10-15,16.0,16.03499984741211,15.887499809265137,15.899999618530273,7.2895612716674805,101200
FTS.TO,2004-10-18,15.899999618530273,16.024999618530273,15.899999618530273,15.90250015258789,7.290706157684326,56400
FTS.TO,2004-10-19,15.912500381469727,16.0,15.912500381469727,15.944999694824219,7.310193061828613,383600
FTS.TO,2004-10-20,15.8774995803833,15.987500190734863,15.875,15.975000381469727,7.323945045471191,36000
FTS.TO,2004-10-21,16.0,16.049999237060547,15.75,15.962499618530273,7.318213939666748,168400
FTS.TO,2004-10-22,15.962499618530273,15.975000381469727,15.630000114440918,15.630000114440918,7.165775299072266,56800
FTS.TO,2004-10-25,15.9375,15.9375,15.3774995803833,15.75,7.220791816711426,61200
FTS.TO,2004-10-26,15.8125,15.8125,15.5,15.649999618530273,7.17494535446167,126000
FTS.TO,2004-10-27,15.649999618530273,15.875,15.625,15.800000190734863,7.243713855743408,52800
FTS.TO,2004-10-28,15.6875,16.247499465942383,15.6875,16.0625,7.3640618324279785,70000
FTS.TO,2004-10-29,16.225000381469727,16.225000381469727,15.899999618530273,16.0625,7.3640618324279785,52000
FTS.TO,2004-11-01,16.0,16.11750030517578,15.899999618530273,16.11750030517578,7.38927698135376,117200
FTS.TO,2004-11-02,15.949999809265137,16.127500534057617,15.949999809265137,16.100000381469727,7.381251811981201,39200
FTS.TO,2004-11-03,16.087499618530273,16.49250030517578,16.0,16.375,7.570814609527588,88000
FTS.TO,2004-11-04,16.25,16.5,16.25,16.5,7.628605365753174,50400
FTS.TO,2004-11-05,16.50749969482422,16.649999618530273,16.5049991607666,16.587499618530273,7.669058322906494,56000
FTS.TO,2004-11-08,16.575000762939453,16.649999618530273,16.395000457763672,16.424999237060547,7.593931198120117,78400
FTS.TO,2004-11-09,16.424999237060547,16.5,16.274999618530273,16.462499618530273,7.611264705657959,60400
FTS.TO,2004-11-10,16.459999084472656,16.459999084472656,16.25,16.36750030517578,7.56734561920166,107600
FTS.TO,2004-11-11,16.21500015258789,16.36750030517578,16.21500015258789,16.3125,7.541918754577637,38800
FTS.TO,2004-11-12,16.375,16.524999618530273,16.212499618530273,16.524999618530273,7.640165328979492,53200
FTS.TO,2004-11-15,16.524999618530273,16.53499984741211,16.375,16.522499084472656,7.639006614685059,309600
FTS.TO,2004-11-16,16.522499084472656,16.649999618530273,16.4375,16.61750030517578,7.682932376861572,57600
FTS.TO,2004-11-17,16.5,16.737499237060547,16.5,16.6875,7.715295314788818,67600
FTS.TO,2004-11-18,16.6875,16.987499237060547,16.6875,16.875,7.801985263824463,103600
FTS.TO,2004-11-19,16.6924991607666,16.862499237060547,16.6875,16.774999618530273,7.755749225616455,196400
FTS.TO,2004-11-22,16.625,16.737499237060547,16.575000762939453,16.674999237060547,7.7095136642456055,155600
FTS.TO,2004-11-23,16.600000381469727,16.8125,16.600000381469727,16.762500762939453,7.74997091293335,138000
FTS.TO,2004-11-24,16.764999389648438,16.862499237060547,16.764999389648438,16.860000610351562,7.79504919052124,195600
FTS.TO,2004-11-25,16.850000381469727,16.9375,16.587499618530273,16.9375,7.830880165100098,68000
FTS.TO,2004-11-26,16.9375,16.9375,16.690000534057617,16.770000457763672,7.753436088562012,55200
FTS.TO,2004-11-29,16.625,16.875,16.625,16.8125,7.773089408874512,132800
FTS.TO,2004-11-30,16.649999618530273,16.799999237060547,16.625,16.799999237060547,7.767307758331299,94400
FTS.TO,2004-12-01,16.6875,16.8125,16.4375,16.747499465942383,7.743038654327393,131600
FTS.TO,2004-12-02,16.600000381469727,16.747499465942383,16.5,16.547500610351562,7.650566577911377,156000
FTS.TO,2004-12-03,16.502500534057617,16.625,16.262500762939453,16.325000762939453,7.547698020935059,334000
FTS.TO,2004-12-06,16.34000015258789,16.622499465942383,16.337499618530273,16.612499237060547,7.680618762969971,63600
FTS.TO,2004-12-07,16.600000381469727,16.6875,16.412500381469727,16.537500381469727,7.645945072174072,88400
FTS.TO,2004-12-08,16.5625,16.59000015258789,16.4375,16.575000762939453,7.6632795333862305,124000
FTS.TO,2004-12-09,16.575000762939453,16.747499465942383,16.5625,16.747499465942383,7.743038654327393,47600
FTS.TO,2004-12-10,16.75,16.962499618530273,16.649999618530273,16.887500762939453,7.807762622833252,104000
FTS.TO,2004-12-13,16.850000381469727,16.975000381469727,16.752500534057617,16.77750015258789,7.756900787353516,89600
FTS.TO,2004-12-14,16.899999618530273,17.0,16.762500762939453,16.8125,7.773089408874512,42400
FTS.TO,2004-12-15,16.9375,16.9375,16.825000762939453,16.912500381469727,7.8193206787109375,54800
FTS.TO,2004-12-16,16.987499237060547,17.125,16.905000686645508,17.012500762939453,7.8655548095703125,64400
FTS.TO,2004-12-17,17.125,17.487499237060547,17.125,17.424999237060547,8.056267738342285,103200
FTS.TO,2004-12-20,17.1299991607666,17.424999237060547,17.1299991607666,17.424999237060547,8.056267738342285,48000
FTS.TO,2004-12-21,17.487499237060547,17.674999237060547,17.325000762939453,17.674999237060547,8.171856880187988,80000
FTS.TO,2004-12-22,17.672500610351562,17.672500610351562,17.25,17.552499771118164,8.115219116210938,65200
FTS.TO,2004-12-23,17.737499237060547,17.737499237060547,17.522499084472656,17.6200008392334,8.146424293518066,69200
FTS.TO,2004-12-24,17.572500228881836,17.600000381469727,17.524999618530273,17.594999313354492,8.13486385345459,77600
FTS.TO,2004-12-29,17.600000381469727,17.600000381469727,17.387500762939453,17.392499923706055,8.041239738464355,34800
FTS.TO,2004-12-30,17.575000762939453,17.747499465942383,17.502500534057617,17.639999389648438,8.155674934387207,20800
FTS.TO,2004-12-31,17.61750030517578,17.61750030517578,17.200000762939453,17.375,8.033153533935547,23200
FTS.TO,2005-01-04,17.625,17.625,17.125,17.362499237060547,8.027374267578125,67600
FTS.TO,2005-01-05,17.040000915527344,17.375,17.012500762939453,17.012500762939453,7.8655548095703125,58800
FTS.TO,2005-01-06,17.017499923706055,17.34749984741211,17.0,17.334999084472656,8.014660835266113,80000
FTS.TO,2005-01-07,17.252500534057617,17.3125,17.1875,17.25,7.975363731384277,74800
FTS.TO,2005-01-10,17.25,17.350000381469727,17.127500534057617,17.25,7.975363731384277,52800
FTS.TO,2005-01-11,17.1875,17.287500381469727,17.125,17.235000610351562,7.9684271812438965,27200
FTS.TO,2005-01-12,17.25,17.25,17.077499389648438,17.197500228881836,7.951086044311523,56800
FTS.TO,2005-01-13,17.087499618530273,17.237499237060547,17.087499618530273,17.200000762939453,7.95224142074585,20800
FTS.TO,2005-01-14,17.25,17.25,17.087499618530273,17.087499618530273,7.900228500366211,60400
FTS.TO,2005-01-17,17.1875,17.25,17.112499237060547,17.200000762939453,7.95224142074585,25600
FTS.TO,2005-01-18,17.25,17.3125,17.1875,17.239999771118164,7.970736503601074,176800
FTS.TO,2005-01-19,17.3125,17.3125,17.125,17.287500381469727,7.992700099945068,143600
FTS.TO,2005-01-20,17.262500762939453,17.610000610351562,17.18000030517578,17.5,8.090949058532715,102000
FTS.TO,2005-01-21,17.575000762939453,18.49250030517578,17.502500534057617,18.237499237060547,8.431917190551758,192800
FTS.TO,2005-01-24,17.8125,18.237499237060547,17.8125,18.09749984741211,8.367194175720215,42400
FTS.TO,2005-01-25,18.012500762939453,18.309999465942383,18.0,18.309999465942383,8.465438842773438,103200
FTS.TO,2005-01-26,18.012500762939453,18.375,18.012500762939453,18.325000762939453,8.472381591796875,89600
FTS.TO,2005-01-27,18.1875,18.487499237060547,18.1875,18.362499237060547,8.489713668823242,107200
FTS.TO,2005-01-28,18.475000381469727,18.549999237060547,18.350000381469727,18.549999237060547,8.57640266418457,40000
FTS.TO,2005-01-31,18.622499465942383,18.622499465942383,18.5,18.530000686645508,8.567155838012695,141600
FTS.TO,2005-02-01,18.5625,18.607500076293945,18.5,18.5625,8.58218002319336,200000
FTS.TO,2005-02-02,18.5,18.5,18.162500381469727,18.424999237060547,8.51860523223877,172800
FTS.TO,2005-02-03,18.424999237060547,18.5,18.25,18.5,8.553287506103516,74400
FTS.TO,2005-02-04,18.252500534057617,18.600000381469727,18.252500534057617,18.549999237060547,8.57640266418457,202800
FTS.TO,2005-02-07,18.575000762939453,18.575000762939453,18.375,18.422500610351562,8.5174560546875,45200
FTS.TO,2005-02-08,18.440000534057617,18.875,18.440000534057617,18.875,8.726661682128906,84000
FTS.TO,2005-02-09,18.625,18.700000762939453,18.25,18.65250015258789,8.623793601989746,199200
FTS.TO,2005-02-10,18.637500762939453,18.637500762939453,18.575000762939453,18.59000015258789,8.594895362854004,854800
FTS.TO,2005-02-11,18.575000762939453,18.625,18.5625,18.625,8.611079216003418,180800
FTS.TO,2005-02-14,18.587499618530273,18.600000381469727,18.587499618530273,18.59749984741211,8.59836483001709,133200
FTS.TO,2005-02-15,18.59749984741211,18.622499465942383,18.549999237060547,18.552499771118164,8.577556610107422,104800
FTS.TO,2005-02-16,18.59749984741211,18.59749984741211,18.377500534057617,18.475000381469727,8.541731834411621,87600
FTS.TO,2005-02-17,18.5,18.5,18.424999237060547,18.450000762939453,8.530167579650879,68000
FTS.TO,2005-02-18,18.4375,18.549999237060547,18.315000534057617,18.3799991607666,8.497802734375,72400
FTS.TO,2005-02-21,18.549999237060547,18.549999237060547,18.375,18.487499237060547,8.547505378723145,32000
FTS.TO,2005-02-22,18.3799991607666,18.5,18.375,18.3799991607666,8.497802734375,57600
FTS.TO,2005-02-23,18.397499084472656,18.397499084472656,18.3125,18.387500762939453,8.501272201538086,53600
FTS.TO,2005-02-24,18.262500762939453,18.524999618530273,18.262500762939453,18.4950008392334,8.55097484588623,113600
FTS.TO,2005-02-25,18.530000686645508,18.53499984741211,18.299999237060547,18.315000534057617,8.467751502990723,172400
FTS.TO,2005-02-28,18.552499771118164,18.552499771118164,18.299999237060547,18.322500228881836,8.471219062805176,128800
FTS.TO,2005-03-01,18.325000762939453,18.375,18.125,18.1875,8.408804893493652,190800
FTS.TO,2005-03-02,18.287500381469727,18.287500381469727,18.145000457763672,18.25,8.437703132629395,80800
FTS.TO,2005-03-03,18.274999618530273,18.274999618530273,18.125,18.237499237060547,8.431917190551758,223600
FTS.TO,2005-03-04,18.25,18.350000381469727,18.1299991607666,18.25,8.437703132629395,128400
FTS.TO,2005-03-07,18.337499618530273,18.337499618530273,18.1875,18.252500534057617,8.438857078552246,128800
FTS.TO,2005-03-08,18.262500762939453,18.297500610351562,18.1875,18.237499237060547,8.431917190551758,382000
FTS.TO,2005-03-09,18.235000610351562,18.235000610351562,18.125,18.212499618530273,8.420366287231445,103600
FTS.TO,2005-03-10,18.212499618530273,18.212499618530273,18.125,18.127500534057617,8.381063461303711,141200
FTS.TO,2005-03-11,18.1299991607666,18.197500228881836,18.125,18.139999389648438,8.386842727661133,242400
FTS.TO,2005-03-14,18.142499923706055,18.5,18.0625,18.5,8.553287506103516,83200
FTS.TO,2005-03-15,18.142499923706055,18.4375,18.137500762939453,18.200000762939453,8.414581298828125,115200
FTS.TO,2005-03-16,18.149999618530273,18.325000762939453,18.127500534057617,18.25,8.437703132629395,94800
FTS.TO,2005-03-17,18.3125,18.3125,18.125,18.25,8.437703132629395,38400
FTS.TO,2005-03-18,18.270000457763672,18.424999237060547,18.174999237060547,18.315000534057617,8.467751502990723,386800
FTS.TO,2005-03-21,18.177499771118164,18.5,18.177499771118164,18.387500762939453,8.501272201538086,126800
FTS.TO,2005-03-22,18.25,18.450000762939453,18.25,18.450000762939453,8.530167579650879,114800
FTS.TO,2005-03-23,18.1875,18.375,18.0625,18.0625,8.351012229919434,77200
FTS.TO,2005-03-24,18.012500762939453,18.184999465942383,17.875,17.899999618530273,8.27588176727295,101600
FTS.TO,2005-03-28,17.899999618530273,17.899999618530273,17.25,17.375,8.033153533935547,186400
FTS.TO,2005-03-29,17.5,17.625,17.262500762939453,17.5,8.090949058532715,140000
FTS.TO,2005-03-30,17.5625,17.75,17.459999084472656,17.6875,8.177633285522461,147600
FTS.TO,2005-03-31,17.725000381469727,17.9375,17.725000381469727,17.850000381469727,8.252766609191895,259600
FTS.TO,2005-04-01,18.362499237060547,18.362499237060547,17.912500381469727,18.125,8.37990665435791,149200
FTS.TO,2005-04-04,18.125,18.125,17.875,18.02750015258789,8.33482837677002,66000
FTS.TO,2005-04-05,17.927499771118164,18.087499618530273,17.927499771118164,18.0,8.322118759155273,117200
FTS.TO,2005-04-06,18.002500534057617,18.087499618530273,17.952499389648438,18.075000762939453,8.356790542602539,111200
FTS.TO,2005-04-07,18.02750015258789,18.225000381469727,17.987499237060547,18.22249984741211,8.4249849319458,58400
FTS.TO,2005-04-08,18.174999237060547,18.225000381469727,18.125,18.125,8.37990665435791,86800
FTS.TO,2005-04-11,18.125,18.174999237060547,18.0,18.162500381469727,8.397248268127441,226400
FTS.TO,2005-04-12,18.125,18.127500534057617,18.02750015258789,18.0625,8.351012229919434,66800
FTS.TO,2005-04-13,18.087499618530273,18.087499618530273,17.975000381469727,18.0,8.322118759155273,189200
FTS.TO,2005-04-14,18.024999618530273,18.02750015258789,17.850000381469727,17.94499969482422,8.296687126159668,230400
FTS.TO,2005-04-15,17.81999969482422,17.954999923706055,17.770000457763672,17.829999923706055,8.243518829345703,82400
FTS.TO,2005-04-18,17.822500228881836,17.822500228881836,17.524999618530273,17.799999237060547,8.229644775390625,70800
FTS.TO,2005-04-19,17.75,17.799999237060547,17.512500762939453,17.565000534057617,8.120996475219727,69600
FTS.TO,2005-04-20,17.725000381469727,17.725000381469727,17.592500686645508,17.642499923706055,8.156825065612793,83200
FTS.TO,2005-04-21,17.75,17.75,17.514999389648438,17.674999237060547,8.171856880187988,185600
FTS.TO,2005-04-22,17.674999237060547,17.674999237060547,17.577499389648438,17.670000076293945,8.16954231262207,159200
FTS.TO,2005-04-25,17.670000076293945,17.674999237060547,17.537500381469727,17.63249969482422,8.152203559875488,44000
FTS.TO,2005-04-26,17.625,18.247499465942383,17.625,18.125,8.37990665435791,150800
FTS.TO,2005-04-27,17.8799991607666,18.0625,17.825000762939453,18.0,8.322118759155273,95600
FTS.TO,2005-04-28,18.049999237060547,18.049999237060547,17.762500762939453,17.927499771118164,8.288593292236328,101200
FTS.TO,2005-04-29,18.049999237060547,18.125,17.952499389648438,18.014999389648438,8.329049110412598,167200
FTS.TO,2005-05-02,18.125,18.322500228881836,17.815000534057617,18.25,8.437703132629395,93200
FTS.TO,2005-05-03,18.065000534057617,18.272499084472656,18.065000534057617,18.22249984741211,8.4249849319458,219200
FTS.TO,2005-05-04,18.002500534057617,18.162500381469727,18.002500534057617,18.149999618530273,8.457605361938477,108400
FTS.TO,2005-05-05,18.149999618530273,18.149999618530273,18.104999542236328,18.135000228881836,8.450613021850586,94400
FTS.TO,2005-05-06,18.135000228881836,18.135000228881836,17.975000381469727,18.0625,8.416829109191895,102000
FTS.TO,2005-05-09,18.024999618530273,18.1875,18.024999618530273,18.165000915527344,8.464594841003418,75600
FTS.TO,2005-05-10,18.1875,18.322500228881836,18.049999237060547,18.25,8.504205703735352,172000
FTS.TO,2005-05-11,18.325000762939453,18.467500686645508,18.287500381469727,18.4375,8.591574668884277,132800
FTS.TO,2005-05-12,18.450000762939453,18.475000381469727,18.327499389648438,18.375,8.562450408935547,87200
FTS.TO,2005-05-13,18.385000228881836,18.385000228881836,18.174999237060547,18.25,8.504205703735352,54800
FTS.TO,2005-05-16,18.337499618530273,18.489999771118164,18.25,18.395000457763672,8.571770668029785,108000
FTS.TO,2005-05-17,18.375,18.5,18.3125,18.5,8.620699882507324,78800
FTS.TO,2005-05-18,18.375,18.524999618530273,18.375,18.4375,8.591574668884277,44400
FTS.TO,2005-05-19,18.127500534057617,18.572500228881836,18.127500534057617,18.559999465942383,8.648658752441406,87200
FTS.TO,2005-05-20,18.522499084472656,18.5625,18.440000534057617,18.5,8.620699882507324,44000
FTS.TO,2005-05-24,18.559999465942383,18.684999465942383,18.482500076293945,18.625,8.678948402404785,123600
FTS.TO,2005-05-25,18.649999618530273,18.832500457763672,18.575000762939453,18.627500534057617,8.680110931396484,157600
FTS.TO,2005-05-26,18.649999618530273,18.837499618530273,18.649999618530273,18.837499618530273,8.777970314025879,72000
FTS.TO,2005-05-27,18.662500381469727,18.850000381469727,18.662500381469727,18.799999237060547,8.760494232177734,115600
FTS.TO,2005-05-30,18.747499465942383,18.8125,18.6875,18.809999465942383,8.765151977539062,24800
FTS.TO,2005-05-31,18.8075008392334,18.809999465942383,18.662500381469727,18.700000762939453,8.713897705078125,71200
FTS.TO,2005-06-01,18.674999237060547,18.825000762939453,18.649999618530273,18.825000762939453,8.77214527130127,68000
FTS.TO,2005-06-02,18.837499618530273,18.850000381469727,18.75,18.762500762939453,8.743022918701172,166800
FTS.TO,2005-06-03,18.850000381469727,18.850000381469727,18.5625,18.670000076293945,8.69991683959961,76400
FTS.TO,2005-06-06,18.725000381469727,18.774999618530273,18.71500015258789,18.74250030517578,8.733702659606934,96800
FTS.TO,2005-06-07,18.74250030517578,18.75,18.625,18.625,8.678948402404785,254400
FTS.TO,2005-06-08,18.59000015258789,18.647499084472656,18.4375,18.4375,8.591574668884277,95600
FTS.TO,2005-06-09,18.487499237060547,18.487499237060547,18.267499923706055,18.399999618530273,8.574101448059082,66800
FTS.TO,2005-06-10,18.397499084472656,18.75,18.375,18.6200008392334,8.676620483398438,66400
FTS.TO,2005-06-13,18.6200008392334,18.75,18.600000381469727,18.75,8.737195014953613,52800
FTS.TO,2005-06-14,18.8125,19.030000686645508,18.752500534057617,19.0,8.853692054748535,206800
FTS.TO,2005-06-15,19.125,19.357500076293945,19.0575008392334,19.357500076293945,9.020282745361328,118000
FTS.TO,2005-06-16,19.4375,19.752500534057617,19.1924991607666,19.75,9.203179359436035,254400
FTS.TO,2005-06-17,19.635000228881836,19.637500762939453,19.040000915527344,19.262500762939453,8.976008415222168,145200
FTS.TO,2005-06-20,19.262500762939453,19.6299991607666,19.262500762939453,19.5,9.08668327331543,171200
FTS.TO,2005-06-21,19.262500762939453,19.524999618530273,19.262500762939453,19.524999618530273,9.098331451416016,62400
FTS.TO,2005-06-22,19.440000534057617,19.649999618530273,19.440000534057617,19.649999618530273,9.15658187866211,50400
FTS.TO,2005-06-23,19.524999618530273,19.875,19.512500762939453,19.875,9.26142692565918,90800
FTS.TO,2005-06-24,19.872499465942383,19.99250030517578,19.575000762939453,19.99250030517578,9.316177368164062,83600
FTS.TO,2005-06-27,19.99250030517578,20.184999465942383,19.627500534057617,20.0049991607666,9.322001457214355,124000
FTS.TO,2005-06-28,20.0,20.0,19.665000915527344,19.75,9.203179359436035,128000
FTS.TO,2005-06-29,19.587499618530273,19.75,19.5049991607666,19.612499237060547,9.139104843139648,169600
FTS.TO,2005-06-30,19.59749984741211,19.725000381469727,19.4325008392334,19.4325008392334,9.055231094360352,84400
FTS.TO,2005-07-04,19.375,19.625,19.125,19.467500686645508,9.071537971496582,54800
FTS.TO,2005-07-05,19.412500381469727,19.510000228881836,19.25,19.375,9.028437614440918,213200
FTS.TO,2005-07-06,19.375,19.875,19.375,19.727500915527344,9.192694664001465,268800
FTS.TO,2005-07-07,19.737499237060547,19.875,19.627500534057617,19.850000381469727,9.249777793884277,85200
FTS.TO,2005-07-08,19.850000381469727,19.850000381469727,19.6299991607666,19.850000381469727,9.249777793884277,44800
FTS.TO,2005-07-11,19.850000381469727,19.9950008392334,19.790000915527344,19.940000534057617,9.291714668273926,81600
FTS.TO,2005-07-12,19.987499237060547,20.100000381469727,19.875,20.100000381469727,9.36627197265625,94400
FTS.TO,2005-07-13,20.112499237060547,20.112499237060547,19.892499923706055,19.96500015258789,9.303360939025879,59600
FTS.TO,2005-07-14,20.0,20.0625,19.842500686645508,20.0049991607666,9.322001457214355,128000
FTS.TO,2005-07-15,20.03499984741211,20.087499618530273,19.889999389648438,19.969999313354492,9.305697441101074,341200
FTS.TO,2005-07-18,19.920000076293945,19.962499618530273,19.7549991607666,19.850000381469727,9.249777793884277,44400
FTS.TO,2005-07-19,19.725000381469727,19.9375,19.690000534057617,19.9375,9.29055404663086,75600
FTS.TO,2005-07-20,19.975000381469727,19.975000381469727,19.84000015258789,19.9375,9.29055404663086,170000
FTS.TO,2005-07-21,19.924999237060547,19.924999237060547,19.559999465942383,19.75,9.203179359436035,135600
FTS.TO,2005-07-22,19.75,19.787500381469727,19.625,19.725000381469727,9.191530227661133,65600
FTS.TO,2005-07-25,19.8125,19.8125,19.389999389648438,19.475000381469727,9.075031280517578,99600
FTS.TO,2005-07-26,19.375,19.592500686645508,19.262500762939453,19.575000762939453,9.12163257598877,76800
FTS.TO,2005-07-27,19.575000762939453,19.922500610351562,19.575000762939453,19.899999618530273,9.273077011108398,84800
FTS.TO,2005-07-28,19.872499465942383,20.5625,19.872499465942383,20.325000762939453,9.471117973327637,190400
FTS.TO,2005-07-29,20.0625,20.8125,20.0625,20.59749984741211,9.598099708557129,166000
FTS.TO,2005-08-02,20.52750015258789,21.125,20.52750015258789,21.112499237060547,9.838081359863281,158800
FTS.TO,2005-08-03,20.9325008392334,21.112499237060547,20.75,21.0,9.852153778076172,105600
FTS.TO,2005-08-04,20.752500534057617,21.0,20.649999618530273,20.649999618530273,9.687952041625977,157200
FTS.TO,2005-08-05,21.1200008392334,21.1200008392334,20.700000762939453,20.850000381469727,9.781782150268555,115600
FTS.TO,2005-08-08,20.850000381469727,20.950000762939453,20.790000915527344,20.802499771118164,9.759499549865723,155200
FTS.TO,2005-08-09,20.815000534057617,20.875,20.75,20.850000381469727,9.781782150268555,92800
FTS.TO,2005-08-10,20.850000381469727,20.9375,20.625,20.809999465942383,9.763018608093262,226400
FTS.TO,2005-08-11,20.8125,20.897499084472656,20.587499618530273,20.8075008392334,9.76184368133545,85200
FTS.TO,2005-08-12,20.725000381469727,20.912500381469727,20.627500534057617,20.797500610351562,9.75715160369873,147600
FTS.TO,2005-08-15,20.797500610351562,21.22249984741211,20.767499923706055,20.875,9.793513298034668,167200
FTS.TO,2005-08-16,20.792499542236328,20.875,20.625,20.625,9.676223754882812,135600
FTS.TO,2005-08-17,20.377500534057617,20.635000228881836,20.327499389648438,20.524999618530273,9.629314422607422,164400
FTS.TO,2005-08-18,20.405000686645508,20.600000381469727,20.405000686645508,20.46500015258789,9.60115909576416,110000
FTS.TO,2005-08-19,20.475000381469727,20.875,20.462499618530273,20.72249984741211,9.72197151184082,80000
FTS.TO,2005-08-22,20.809999465942383,20.8125,20.737499237060547,20.782499313354492,9.750114440917969,68400
FTS.TO,2005-08-23,20.809999465942383,20.8125,20.6875,20.797500610351562,9.75715160369873,57200
FTS.TO,2005-08-24,20.795000076293945,20.809999465942383,20.55500030517578,20.802499771118164,9.759499549865723,533600
FTS.TO,2005-08-25,20.627500534057617,20.802499771118164,20.627500534057617,20.762500762939453,9.740735054016113,74400
FTS.TO,2005-08-26,20.774999618530273,21.06999969482422,20.774999618530273,20.825000762939453,9.770057678222656,146000
FTS.TO,2005-08-29,21.125,21.25,21.0049991607666,21.125,9.910802841186523,163600
FTS.TO,2005-08-30,21.0,21.104999542236328,21.0,21.010000228881836,9.856847763061523,170800
FTS.TO,2005-08-31,20.7549991607666,21.100000381469727,20.7549991607666,21.024999618530273,9.863883972167969,159200
FTS.TO,2005-09-01,20.899999618530273,21.434999465942383,20.65250015258789,21.434999465942383,10.056236267089844,94000
FTS.TO,2005-09-02,21.302499771118164,21.434999465942383,21.162500381469727,21.165000915527344,9.929567337036133,84400
FTS.TO,2005-09-06,21.1875,21.612499237060547,21.065000534057617,21.612499237060547,10.139508247375488,215600
FTS.TO,2005-09-07,21.725000381469727,22.1200008392334,21.612499237060547,22.0575008392334,10.348284721374512,170800
FTS.TO,2005-09-08,22.184999465942383,22.375,21.920000076293945,22.137500762939453,10.385815620422363,254400
FTS.TO,2005-09-09,22.227500915527344,22.3075008392334,21.877500534057617,22.1299991607666,10.382299423217773,232400
FTS.TO,2005-09-12,22.1299991607666,22.4950008392334,21.9375,22.49250030517578,10.55236530303955,142000
FTS.TO,2005-09-13,22.502500534057617,22.725000381469727,22.502500534057617,22.625,10.614529609680176,91200
FTS.TO,2005-09-14,22.625,22.787500381469727,22.517499923706055,22.690000534057617,10.64501667022705,172400
FTS.TO,2005-09-15,22.642499923706055,22.8700008392334,22.642499923706055,22.8125,10.702488899230957,132400
FTS.TO,2005-09-16,22.787500381469727,22.8125,22.502500534057617,22.642499923706055,10.622740745544434,577600
FTS.TO,2005-09-19,22.7450008392334,22.837499618530273,22.69499969482422,22.719999313354492,10.659095764160156,222800
FTS.TO,2005-09-20,22.6924991607666,23.292499542236328,22.6924991607666,23.174999237060547,10.87255573272705,204400
FTS.TO,2005-09-21,23.219999313354492,23.219999313354492,22.875,23.092500686645508,10.833857536315918,182400
FTS.TO,2005-09-22,23.059999465942383,23.059999465942383,22.392499923706055,22.72249984741211,10.66026496887207,268400
FTS.TO,2005-09-23,22.5575008392334,22.850000381469727,22.247499465942383,22.537500381469727,10.573474884033203,208000
FTS.TO,2005-09-26,22.510000228881836,22.8125,22.315000534057617,22.43000030517578,10.523038864135742,168800
FTS.TO,2005-09-27,22.5,22.850000381469727,22.475000381469727,22.697500228881836,10.648542404174805,138800
FTS.TO,2005-09-28,23.0625,23.75,23.0625,23.6875,11.112998962402344,232800
FTS.TO,2005-09-29,23.827499389648438,25.1875,23.827499389648438,24.350000381469727,11.423810958862305,415600
FTS.TO,2005-09-30,24.502500534057617,24.725000381469727,23.877500534057617,24.104999542236328,11.308868408203125,272000
FTS.TO,2005-10-03,24.434999465942383,24.559999465942383,24.002500534057617,24.25,11.376896858215332,215600
FTS.TO,2005-10-04,24.462499618530273,24.587499618530273,24.137500762939453,24.137500762939453,11.324116706848145,214400
FTS.TO,2005-10-05,24.149999618530273,24.247499465942383,23.8125,23.862499237060547,11.195101737976074,272400
FTS.TO,2005-10-06,23.752500534057617,23.752500534057617,23.212499618530273,23.395000457763672,10.97576904296875,227600
FTS.TO,2005-10-07,23.375,23.53499984741211,23.252500534057617,23.270000457763672,10.917129516601562,208400
FTS.TO,2005-10-11,23.357500076293945,24.1875,23.357500076293945,24.059999465942383,11.28775405883789,258800
FTS.TO,2005-10-12,24.280000686645508,25.489999771118164,24.25,24.799999237060547,11.634927749633789,345000
FTS.TO,2005-10-13,24.899999618530273,24.899999618530273,23.510000228881836,23.510000228881836,11.029727935791016,160800
FTS.TO,2005-10-14,24.0,24.399999618530273,23.75,24.09000015258789,11.30182933807373,199600
FTS.TO,2005-10-17,24.229999542236328,24.229999542236328,23.799999237060547,23.850000381469727,11.189237594604492,338500
FTS.TO,2005-10-18,24.100000381469727,24.100000381469727,23.600000381469727,23.799999237060547,11.165777206420898,178700
FTS.TO,2005-10-19,23.600000381469727,23.850000381469727,23.549999237060547,23.84000015258789,11.184539794921875,219400
FTS.TO,2005-10-20,24.239999771118164,24.239999771118164,23.25,23.600000381469727,11.071942329406738,147200
FTS.TO,2005-10-21,23.75,23.799999237060547,23.25,23.799999237060547,11.165777206420898,203600
FTS.TO,2005-10-24,23.709999084472656,24.100000381469727,23.5,23.5,11.025031089782715,146200
FTS.TO,2005-10-25,23.260000228881836,23.489999771118164,22.5,22.75,10.673172950744629,143900
FTS.TO,2005-10-26,22.81999969482422,22.850000381469727,22.549999237060547,22.709999084472656,10.654403686523438,260200
FTS.TO,2005-10-27,22.799999237060547,22.799999237060547,21.5,22.010000228881836,10.325997352600098,225500
FTS.TO,2005-10-28,21.850000381469727,22.75,21.850000381469727,22.5,10.555879592895508,180500
FTS.TO,2005-10-31,22.5,22.5,22.0,22.0,10.321304321289062,190900
FTS.TO,2005-11-01,22.010000228881836,22.950000762939453,22.0,22.700000762939453,10.649711608886719,290300
FTS.TO,2005-11-02,22.899999618530273,23.5,22.700000762939453,23.219999313354492,10.97099781036377,314600
FTS.TO,2005-11-03,23.790000915527344,23.969999313354492,23.25,23.799999237060547,11.245037078857422,285000
FTS.TO,2005-11-04,23.75,23.809999465942383,23.25,23.25,10.985169410705566,160100
FTS.TO,2005-11-07,23.59000015258789,23.780000686645508,23.299999237060547,23.3799991607666,11.046598434448242,98900
FTS.TO,2005-11-08,23.739999771118164,23.739999771118164,23.100000381469727,23.219999313354492,10.97099781036377,147000
FTS.TO,2005-11-09,23.549999237060547,23.549999237060547,23.209999084472656,23.479999542236328,11.093839645385742,62200
FTS.TO,2005-11-10,23.5,23.5,23.09000015258789,23.5,11.10329532623291,113600
FTS.TO,2005-11-11,23.489999771118164,23.5,23.0,23.190000534057617,10.95682430267334,52300
FTS.TO,2005-11-14,23.450000762939453,23.5,23.15999984741211,23.399999618530273,11.056046485900879,54600
FTS.TO,2005-11-15,23.260000228881836,23.5,23.260000228881836,23.5,11.10329532623291,86100
FTS.TO,2005-11-16,23.40999984741211,23.600000381469727,23.299999237060547,23.600000381469727,11.15053939819336,95500
FTS.TO,2005-11-17,23.75,25.5,23.739999771118164,25.25,11.930136680603027,363600
FTS.TO,2005-11-18,25.200000762939453,25.200000762939453,24.309999465942383,24.8700008392334,11.750592231750488,481700
FTS.TO,2005-11-21,24.850000381469727,24.850000381469727,24.520000457763672,24.729999542236328,11.684439659118652,112900
FTS.TO,2005-11-22,24.65999984741211,25.100000381469727,24.549999237060547,24.899999618530273,11.764762878417969,277400
FTS.TO,2005-11-23,24.850000381469727,24.850000381469727,24.309999465942383,24.350000381469727,11.504900932312012,159600
FTS.TO,2005-11-24,25.200000762939453,25.200000762939453,24.770000457763672,24.860000610351562,11.745870590209961,379000
FTS.TO,2005-11-25,24.979999542236328,25.0,24.899999618530273,24.899999618530273,11.764762878417969,64800
FTS.TO,2005-11-28,25.200000762939453,25.459999084472656,24.760000228881836,24.760000228881836,11.698623657226562,155800
FTS.TO,2005-11-29,24.989999771118164,25.190000534057617,24.75,24.799999237060547,11.717519760131836,278100
FTS.TO,2005-11-30,24.989999771118164,25.09000015258789,24.799999237060547,24.90999984741211,11.769491195678711,282400
FTS.TO,2005-12-01,24.850000381469727,25.0,24.649999618530273,24.899999618530273,11.764762878417969,142400
FTS.TO,2005-12-02,24.950000762939453,25.299999237060547,24.610000610351562,25.0,11.81201171875,127200
FTS.TO,2005-12-05,25.040000915527344,25.239999771118164,24.809999465942383,24.850000381469727,11.74113941192627,70800
FTS.TO,2005-12-06,25.0,25.639999389648438,24.979999542236328,25.399999618530273,12.001006126403809,147400
FTS.TO,2005-12-07,25.5,25.5,25.0,25.200000762939453,11.906511306762695,177800
FTS.TO,2005-12-08,25.200000762939453,25.200000762939453,24.649999618530273,24.75,11.693896293640137,170000
FTS.TO,2005-12-09,24.809999465942383,24.899999618530273,24.290000915527344,24.549999237060547,11.599396705627441,200700
FTS.TO,2005-12-12,24.350000381469727,24.489999771118164,23.3799991607666,23.5,11.10329532623291,262800
FTS.TO,2005-12-13,23.8700008392334,24.100000381469727,23.40999984741211,23.899999618530273,11.292282104492188,209600
FTS.TO,2005-12-14,24.299999237060547,25.0,23.899999618530273,24.739999771118164,11.68917179107666,222100
FTS.TO,2005-12-15,24.56999969482422,24.75,24.0,24.149999618530273,11.410408973693848,200100
FTS.TO,2005-12-16,24.149999618530273,24.479999542236328,23.75,23.790000915527344,11.240315437316895,313900
FTS.TO,2005-12-19,24.0,24.450000762939453,23.809999465942383,23.809999465942383,11.249760627746582,147600
FTS.TO,2005-12-20,23.899999618530273,24.1200008392334,23.75,23.780000686645508,11.235587120056152,114100
FTS.TO,2005-12-21,23.989999771118164,24.690000534057617,23.850000381469727,23.920000076293945,11.301739692687988,104500
FTS.TO,2005-12-22,24.440000534057617,24.75,24.1299991607666,24.600000381469727,11.62302017211914,84400
FTS.TO,2005-12-23,24.75,24.75,24.399999618530273,24.510000228881836,11.580497741699219,43300
FTS.TO,2005-12-28,24.520000457763672,24.520000457763672,23.700000762939453,24.010000228881836,11.34426212310791,40900
FTS.TO,2005-12-29,24.389999389648438,24.389999389648438,24.020000457763672,24.200000762939453,11.434028625488281,60300
FTS.TO,2005-12-30,24.219999313354492,24.469999313354492,24.030000686645508,24.270000457763672,11.467101097106934,33200
FTS.TO,2006-01-03,24.600000381469727,24.600000381469727,24.219999313354492,24.3799991607666,11.51907730102539,81300
FTS.TO,2006-01-04,24.56999969482422,24.56999969482422,24.010000228881836,24.190000534057617,11.429303169250488,85100
FTS.TO,2006-01-05,24.139999389648438,24.18000030517578,23.760000228881836,23.84000015258789,11.263936996459961,108900
FTS.TO,2006-01-06,24.1200008392334,24.1200008392334,23.700000762939453,23.860000610351562,11.273385047912598,104400
FTS.TO,2006-01-09,24.18000030517578,24.18000030517578,23.25,23.649999618530273,11.174166679382324,368400
FTS.TO,2006-01-10,23.739999771118164,23.739999771118164,23.350000381469727,23.549999237060547,11.126917839050293,209300
FTS.TO,2006-01-11,23.600000381469727,23.799999237060547,23.3700008392334,23.469999313354492,11.089118957519531,144500
FTS.TO,2006-01-12,23.5,23.940000534057617,23.5,23.600000381469727,11.15053939819336,324300
FTS.TO,2006-01-13,23.610000610351562,24.170000076293945,23.610000610351562,23.6200008392334,11.159993171691895,142900
FTS.TO,2006-01-16,23.760000228881836,24.049999237060547,23.6200008392334,24.010000228881836,11.34426212310791,95800
FTS.TO,2006-01-17,23.850000381469727,24.09000015258789,23.809999465942383,23.809999465942383,11.249760627746582,151300
FTS.TO,2006-01-18,24.049999237060547,24.049999237060547,23.75,23.760000228881836,11.226140022277832,145700
FTS.TO,2006-01-19,23.979999542236328,23.979999542236328,23.6200008392334,23.799999237060547,11.245037078857422,75500
FTS.TO,2006-01-20,23.850000381469727,23.899999618530273,23.530000686645508,23.68000030517578,11.188338279724121,101800
FTS.TO,2006-01-23,23.75,24.0,23.559999465942383,24.0,11.339532852172852,80200
FTS.TO,2006-01-24,23.950000762939453,23.950000762939453,23.559999465942383,23.610000610351562,11.155265808105469,79200
FTS.TO,2006-01-25,23.610000610351562,23.799999237060547,23.540000915527344,23.649999618530273,11.174166679382324,65800
FTS.TO,2006-01-26,23.700000762939453,23.889999389648438,23.5,23.510000228881836,11.108022689819336,84700
FTS.TO,2006-01-27,23.649999618530273,23.649999618530273,22.799999237060547,23.25,10.985169410705566,223900
FTS.TO,2006-01-30,23.020000457763672,23.229999542236328,22.760000228881836,22.940000534057617,10.838703155517578,185500
FTS.TO,2006-01-31,23.020000457763672,23.75,23.0,23.719999313354492,11.207236289978027,1087700
FTS.TO,2006-02-01,23.459999084472656,23.5,23.260000228881836,23.3700008392334,11.116861343383789,112100
FTS.TO,2006-02-02,23.110000610351562,23.649999618530273,23.110000610351562,23.520000457763672,11.188211441040039,63000
FTS.TO,2006-02-03,23.15999984741211,23.540000915527344,23.0,23.290000915527344,11.078801155090332,104200
FTS.TO,2006-02-06,23.309999465942383,23.489999771118164,22.899999618530273,23.1299991607666,11.002693176269531,461300
FTS.TO,2006-02-07,23.139999389648438,23.25,22.959999084472656,22.959999084472656,10.921821594238281,340500
FTS.TO,2006-02-08,22.899999618530273,23.06999969482422,22.0,22.15999984741211,10.541276931762695,1637500
FTS.TO,2006-02-09,22.489999771118164,22.670000076293945,22.079999923706055,22.239999771118164,10.579333305358887,192000
FTS.TO,2006-02-10,22.25,22.670000076293945,22.200000762939453,22.5,10.703006744384766,84800
FTS.TO,2006-02-13,22.489999771118164,22.700000762939453,22.15999984741211,22.479999542236328,10.69349479675293,1333100
FTS.TO,2006-02-14,22.299999237060547,22.479999542236328,22.06999969482422,22.25,10.584084510803223,174000
FTS.TO,2006-02-15,22.200000762939453,22.440000534057617,22.040000915527344,22.25,10.584084510803223,181000
FTS.TO,2006-02-16,22.25,22.649999618530273,22.200000762939453,22.600000381469727,10.750578880310059,375100
FTS.TO,2006-02-17,22.40999984741211,22.690000534057617,22.34000015258789,22.690000534057617,10.79338550567627,477000
FTS.TO,2006-02-20,22.690000534057617,23.399999618530273,22.450000762939453,22.81999969482422,10.85522747039795,106300
FTS.TO,2006-02-21,23.18000030517578,23.18000030517578,22.559999465942383,22.690000534057617,10.79338550567627,125400
FTS.TO,2006-02-22,22.649999618530273,23.030000686645508,22.639999389648438,22.860000610351562,10.874256134033203,474400
FTS.TO,2006-02-23,22.860000610351562,23.09000015258789,22.510000228881836,22.520000457763672,10.712519645690918,122400
FTS.TO,2006-02-24,22.770000457763672,23.139999389648438,22.709999084472656,22.799999237060547,10.845709800720215,129500
FTS.TO,2006-02-27,22.799999237060547,23.760000228881836,22.75,23.309999465942383,11.088321685791016,180900
FTS.TO,2006-02-28,23.739999771118164,23.739999771118164,23.059999465942383,23.329999923706055,11.097833633422852,403600
FTS.TO,2006-03-01,23.5,23.5,23.010000228881836,23.200000762939453,11.035989761352539,93900
FTS.TO,2006-03-02,23.149999618530273,23.149999618530273,22.479999542236328,22.600000381469727,10.750578880310059,405600
FTS.TO,2006-03-03,22.59000015258789,22.649999618530273,22.40999984741211,22.5,10.703006744384766,166100
FTS.TO,2006-03-06,22.799999237060547,22.799999237060547,22.510000228881836,22.549999237060547,10.726794242858887,113900
FTS.TO,2006-03-07,22.68000030517578,22.68000030517578,22.450000762939453,22.459999084472656,10.683981895446777,75400
FTS.TO,2006-03-08,22.5,22.799999237060547,22.25,22.579999923706055,10.741065979003906,1226000
FTS.TO,2006-03-09,22.579999923706055,22.579999923706055,22.350000381469727,22.440000534057617,10.674467086791992,56800
FTS.TO,2006-03-10,22.479999542236328,22.739999771118164,22.43000030517578,22.459999084472656,10.683981895446777,213900
FTS.TO,2006-03-13,22.56999969482422,22.950000762939453,22.479999542236328,22.690000534057617,10.79338550567627,372200
FTS.TO,2006-03-14,22.600000381469727,22.600000381469727,22.420000076293945,22.5,10.703006744384766,143400
FTS.TO,2006-03-15,22.690000534057617,22.690000534057617,22.309999465942383,22.309999465942383,10.612625122070312,126100
FTS.TO,2006-03-16,22.25,22.790000915527344,22.209999084472656,22.690000534057617,10.79338550567627,368800
FTS.TO,2006-03-17,22.600000381469727,22.600000381469727,22.059999465942383,22.059999465942383,10.493701934814453,320000
FTS.TO,2006-03-20,22.149999618530273,22.540000915527344,22.149999618530273,22.270000457763672,10.593596458435059,107000
FTS.TO,2006-03-21,22.31999969482422,22.469999313354492,22.059999465942383,22.31999969482422,10.617382049560547,237700
FTS.TO,2006-03-22,22.31999969482422,22.489999771118164,21.959999084472656,22.09000015258789,10.507972717285156,331700
FTS.TO,2006-03-23,22.0,22.059999465942383,21.75,22.040000915527344,10.484193801879883,1105000
FTS.TO,2006-03-24,22.010000228881836,22.100000381469727,21.829999923706055,21.989999771118164,10.460410118103027,148100
FTS.TO,2006-03-27,21.899999618530273,22.149999618530273,21.75,22.059999465942383,10.493701934814453,387100
FTS.TO,2006-03-28,21.989999771118164,22.059999465942383,21.649999618530273,21.950000762939453,10.441376686096191,191500
FTS.TO,2006-03-29,21.899999618530273,22.489999771118164,21.8799991607666,22.34000015258789,10.626896858215332,135700
FTS.TO,2006-03-30,22.34000015258789,22.479999542236328,22.239999771118164,22.350000381469727,10.631656646728516,239100
FTS.TO,2006-03-31,22.149999618530273,22.510000228881836,22.149999618530273,22.43000030517578,10.669711112976074,112200
FTS.TO,2006-04-03,22.299999237060547,22.760000228881836,22.299999237060547,22.530000686645508,10.717283248901367,82900
FTS.TO,2006-04-04,22.75,22.75,22.299999237060547,22.299999237060547,10.607871055603027,160600
FTS.TO,2006-04-05,22.56999969482422,22.950000762939453,22.350000381469727,22.350000381469727,10.631656646728516,429800
FTS.TO,2006-04-06,22.5,22.5,22.209999084472656,22.270000457763672,10.593596458435059,238200
FTS.TO,2006-04-07,22.270000457763672,22.389999389648438,22.170000076293945,22.18000030517578,10.550786018371582,103000
FTS.TO,2006-04-10,22.399999618530273,22.399999618530273,22.030000686645508,22.100000381469727,10.512734413146973,65900
FTS.TO,2006-04-11,22.25,22.25,21.639999389648438,21.850000381469727,10.393811225891113,197200
FTS.TO,2006-04-12,21.760000228881836,21.790000915527344,21.360000610351562,21.420000076293945,10.189265251159668,198000
FTS.TO,2006-04-13,21.5,21.5,20.889999389648438,20.979999542236328,9.979957580566406,418000
FTS.TO,2006-04-17,20.989999771118164,21.25,20.920000076293945,21.06999969482422,10.022772789001465,256400
FTS.TO,2006-04-18,21.18000030517578,21.389999389648438,21.100000381469727,21.149999618530273,10.060827255249023,188400
FTS.TO,2006-04-19,21.200000762939453,21.200000762939453,20.920000076293945,21.190000534057617,10.079856872558594,249200
FTS.TO,2006-04-20,21.010000228881836,21.469999313354492,21.010000228881836,21.260000228881836,10.11315631866455,235800
FTS.TO,2006-04-21,21.40999984741211,21.940000534057617,21.399999618530273,21.940000534057617,10.436624526977539,172100
FTS.TO,2006-04-24,22.0,22.1200008392334,21.860000610351562,21.899999618530273,10.417597770690918,270500
FTS.TO,2006-04-25,22.0,22.010000228881836,21.65999984741211,21.75,10.34623908996582,84600
FTS.TO,2006-04-26,21.899999618530273,22.1200008392334,21.899999618530273,22.100000381469727,10.512734413146973,104100
FTS.TO,2006-04-27,22.040000915527344,22.200000762939453,21.65999984741211,22.1299991607666,10.527007102966309,173600
FTS.TO,2006-04-28,22.1299991607666,22.200000762939453,21.690000534057617,21.790000915527344,10.365270614624023,144700
FTS.TO,2006-05-01,21.790000915527344,21.799999237060547,21.25,21.420000076293945,10.189265251159668,279900
FTS.TO,2006-05-02,21.75,21.75,21.290000915527344,21.489999771118164,10.222564697265625,343300
FTS.TO,2006-05-03,21.889999389648438,21.889999389648438,21.350000381469727,21.56999969482422,10.260619163513184,210200
FTS.TO,2006-05-04,21.600000381469727,21.8799991607666,21.510000228881836,21.700000762939453,10.322456359863281,131300
FTS.TO,2006-05-05,21.799999237060547,21.8799991607666,21.56999969482422,21.84000015258789,10.389056205749512,114500
FTS.TO,2006-05-08,21.84000015258789,21.84000015258789,21.540000915527344,21.559999465942383,10.255860328674316,123600
FTS.TO,2006-05-09,21.559999465942383,21.709999084472656,20.729999542236328,20.760000228881836,9.875309944152832,299200
FTS.TO,2006-05-10,20.899999618530273,20.979999542236328,20.360000610351562,20.75,9.870549201965332,166800
FTS.TO,2006-05-11,20.75,21.90999984741211,20.75,21.780000686645508,10.360511779785156,209300
FTS.TO,2006-05-12,21.809999465942383,21.959999084472656,21.290000915527344,21.5,10.227317810058594,185800
FTS.TO,2006-05-15,21.729999542236328,22.0,21.5,22.0,10.46516227722168,180700
FTS.TO,2006-05-16,22.139999389648438,22.670000076293945,21.989999771118164,22.59000015258789,10.74582290649414,182100
FTS.TO,2006-05-17,22.75,22.75,22.010000228881836,22.100000381469727,10.512734413146973,88700
FTS.TO,2006-05-18,22.100000381469727,22.739999771118164,22.0,22.65999984741211,10.779117584228516,97900
FTS.TO,2006-05-19,22.770000457763672,23.170000076293945,22.649999618530273,23.170000076293945,11.021720886230469,181200
FTS.TO,2006-05-23,23.200000762939453,23.209999084472656,22.299999237060547,22.540000915527344,10.722039222717285,324500
FTS.TO,2006-05-24,22.59000015258789,22.59000015258789,21.860000610351562,21.8700008392334,10.403325080871582,156300
FTS.TO,2006-05-25,21.770000457763672,22.149999618530273,21.68000030517578,21.799999237060547,10.370027542114258,205100
FTS.TO,2006-05-26,21.799999237060547,22.8799991607666,21.799999237060547,22.8799991607666,10.883770942687988,215900
FTS.TO,2006-05-29,22.8700008392334,23.209999084472656,22.6299991607666,22.899999618530273,10.893288612365723,110300
FTS.TO,2006-05-30,23.09000015258789,24.299999237060547,22.899999618530273,24.299999237060547,11.559248924255371,494500
FTS.TO,2006-05-31,24.299999237060547,24.84000015258789,23.969999313354492,24.149999618530273,11.487896919250488,2385600
FTS.TO,2006-06-01,23.649999618530273,24.600000381469727,23.649999618530273,24.229999542236328,11.525952339172363,367200
FTS.TO,2006-06-02,24.149999618530273,24.309999465942383,23.75,24.309999465942383,11.564007759094238,187600
FTS.TO,2006-06-05,24.3799991607666,24.549999237060547,24.15999984741211,24.15999984741211,11.492650985717773,98800
FTS.TO,2006-06-06,24.079999923706055,24.100000381469727,23.190000534057617,23.399999618530273,11.13113021850586,174900
FTS.TO,2006-06-07,23.18000030517578,23.690000534057617,23.18000030517578,23.3700008392334,11.116861343383789,279300
FTS.TO,2006-06-08,23.1299991607666,23.329999923706055,23.110000610351562,23.270000457763672,11.069291114807129,194200
FTS.TO,2006-06-09,23.5,23.739999771118164,23.260000228881836,23.360000610351562,11.112098693847656,91500
FTS.TO,2006-06-12,23.229999542236328,23.739999771118164,22.709999084472656,22.709999084472656,10.802902221679688,154200
FTS.TO,2006-06-13,22.020000457763672,23.200000762939453,22.020000457763672,23.200000762939453,11.035989761352539,313700
FTS.TO,2006-06-14,22.829999923706055,23.360000610351562,22.829999923706055,23.309999465942383,11.088321685791016,207400
FTS.TO,2006-06-15,23.489999771118164,23.540000915527344,23.059999465942383,23.239999771118164,11.055012702941895,94400
FTS.TO,2006-06-16,23.299999237060547,23.489999771118164,22.75,22.799999237060547,10.845709800720215,125400
FTS.TO,2006-06-19,22.760000228881836,22.950000762939453,22.1299991607666,22.15999984741211,10.541276931762695,174900
FTS.TO,2006-06-20,22.15999984741211,22.350000381469727,21.15999984741211,21.3799991607666,10.170235633850098,349300
FTS.TO,2006-06-21,21.3799991607666,22.31999969482422,21.270000457763672,22.209999084472656,10.565055847167969,251600
FTS.TO,2006-06-22,22.209999084472656,22.350000381469727,21.81999969482422,21.81999969482422,10.379541397094727,112500
FTS.TO,2006-06-23,22.25,22.25,21.75,22.06999969482422,10.498456954956055,167000
FTS.TO,2006-06-26,22.059999465942383,22.440000534057617,22.0,22.440000534057617,10.674467086791992,78800
FTS.TO,2006-06-27,22.440000534057617,22.450000762939453,21.889999389648438,22.059999465942383,10.493701934814453,53300
FTS.TO,2006-06-28,22.0,22.399999618530273,21.809999465942383,21.950000762939453,10.441376686096191,76300
FTS.TO,2006-06-29,21.940000534057617,22.3799991607666,21.8700008392334,22.1200008392334,10.522242546081543,62900
FTS.TO,2006-06-30,22.239999771118164,22.329999923706055,22.059999465942383,22.290000915527344,10.60311508178711,73200
FTS.TO,2006-07-04,22.209999084472656,22.799999237060547,22.139999389648438,22.600000381469727,10.750578880310059,67200
FTS.TO,2006-07-05,22.450000762939453,22.780000686645508,22.139999389648438,22.549999237060547,10.726794242858887,172300
FTS.TO,2006-07-06,22.309999465942383,22.989999771118164,22.309999465942383,22.799999237060547,10.845709800720215,124300
FTS.TO,2006-07-07,22.790000915527344,23.399999618530273,22.520000457763672,23.399999618530273,11.13113021850586,63200
FTS.TO,2006-07-10,23.1200008392334,23.190000534057617,22.5,22.520000457763672,10.712519645690918,91600
FTS.TO,2006-07-11,22.75,23.389999389648438,22.600000381469727,23.0,10.940853118896484,288500
FTS.TO,2006-07-12,23.31999969482422,23.31999969482422,22.399999618530273,22.469999313354492,10.688738822937012,68800
FTS.TO,2006-07-13,22.5,22.709999084472656,22.399999618530273,22.399999618530273,10.655440330505371,99900
FTS.TO,2006-07-14,22.299999237060547,22.920000076293945,22.299999237060547,22.729999542236328,10.812419891357422,120900
FTS.TO,2006-07-17,23.0,23.0,22.600000381469727,22.639999389648438,10.76960563659668,59400
FTS.TO,2006-07-18,22.549999237060547,22.739999771118164,21.989999771118164,22.0,10.46516227722168,157000
FTS.TO,2006-07-19,22.049999237060547,22.6200008392334,22.049999237060547,22.510000228881836,10.707764625549316,198700
FTS.TO,2006-07-20,22.510000228881836,22.610000610351562,22.149999618530273,22.3700008392334,10.641168594360352,51700
FTS.TO,2006-07-21,22.489999771118164,22.739999771118164,22.299999237060547,22.479999542236328,10.69349479675293,116400
FTS.TO,2006-07-24,22.56999969482422,22.639999389648438,22.209999084472656,22.350000381469727,10.631656646728516,87100
FTS.TO,2006-07-25,22.5,22.5,22.25,22.299999237060547,10.607871055603027,89300
FTS.TO,2006-07-26,22.299999237060547,22.899999618530273,22.299999237060547,22.700000762939453,10.798144340515137,92600
FTS.TO,2006-07-27,22.579999923706055,22.75,22.510000228881836,22.600000381469727,10.750578880310059,84300
FTS.TO,2006-07-28,22.559999465942383,22.700000762939453,22.559999465942383,22.700000762939453,10.798144340515137,97600
FTS.TO,2006-07-31,22.690000534057617,22.739999771118164,22.5,22.5,10.703006744384766,171100
FTS.TO,2006-08-01,22.530000686645508,22.700000762939453,22.5,22.690000534057617,10.79338550567627,2279500
FTS.TO,2006-08-02,22.530000686645508,22.709999084472656,22.149999618530273,22.149999618530273,10.611345291137695,341700
FTS.TO,2006-08-03,22.329999923706055,22.670000076293945,22.239999771118164,22.510000228881836,10.783807754516602,176900
FTS.TO,2006-08-04,22.75,22.84000015258789,22.479999542236328,22.649999618530273,10.850879669189453,140800
FTS.TO,2006-08-08,22.420000076293945,23.829999923706055,22.420000076293945,23.239999771118164,11.133523941040039,320400
FTS.TO,2006-08-09,23.3799991607666,23.850000381469727,23.0,23.43000030517578,11.224549293518066,242900
FTS.TO,2006-08-10,23.389999389648438,23.75,23.270000457763672,23.600000381469727,11.305990219116211,117500
FTS.TO,2006-08-11,23.360000610351562,23.639999389648438,23.100000381469727,23.1299991607666,11.080825805664062,76100
FTS.TO,2006-08-14,23.420000076293945,23.420000076293945,23.229999542236328,23.31999969482422,11.171856880187988,47300
FTS.TO,2006-08-15,23.290000915527344,23.780000686645508,23.270000457763672,23.600000381469727,11.305990219116211,114600
FTS.TO,2006-08-16,23.799999237060547,23.799999237060547,23.40999984741211,23.420000076293945,11.219759941101074,146100
FTS.TO,2006-08-17,23.450000762939453,23.8700008392334,23.309999465942383,23.780000686645508,11.392221450805664,123600
FTS.TO,2006-08-18,23.899999618530273,23.899999618530273,23.5,23.670000076293945,11.33952808380127,86900
FTS.TO,2006-08-21,23.799999237060547,23.799999237060547,23.350000381469727,23.469999313354492,11.243712425231934,100800
FTS.TO,2006-08-22,23.450000762939453,23.719999313354492,23.420000076293945,23.479999542236328,11.248498916625977,96300
FTS.TO,2006-08-23,23.68000030517578,23.950000762939453,23.530000686645508,23.850000381469727,11.425758361816406,147200
FTS.TO,2006-08-24,23.649999618530273,24.0,23.649999618530273,24.0,11.49761962890625,142900
FTS.TO,2006-08-25,24.100000381469727,24.110000610351562,23.790000915527344,23.940000534057617,11.468876838684082,133300
FTS.TO,2006-08-28,24.0,24.0,23.75,23.760000228881836,11.382641792297363,84200
FTS.TO,2006-08-29,23.700000762939453,25.479999542236328,23.700000762939453,24.799999237060547,11.880870819091797,423500
FTS.TO,2006-08-30,24.809999465942383,24.81999969482422,24.25,24.479999542236328,11.727572441101074,248600
FTS.TO,2006-08-31,24.469999313354492,25.139999389648438,24.350000381469727,25.1200008392334,12.034174919128418,266300
FTS.TO,2006-09-01,25.110000610351562,25.110000610351562,24.600000381469727,24.799999237060547,11.880870819091797,101600
FTS.TO,2006-09-05,24.93000030517578,25.399999618530273,24.75,25.290000915527344,12.115619659423828,213800
FTS.TO,2006-09-06,24.959999084472656,25.139999389648438,24.540000915527344,24.75,11.85692024230957,242600
FTS.TO,2006-09-07,24.760000228881836,24.979999542236328,24.610000610351562,24.68000030517578,11.823380470275879,151100
FTS.TO,2006-09-08,24.59000015258789,24.719999313354492,24.5,24.649999618530273,11.809011459350586,87500
FTS.TO,2006-09-11,24.5,24.950000762939453,24.5,24.65999984741211,11.813800811767578,104600
FTS.TO,2006-09-12,24.899999618530273,24.899999618530273,24.59000015258789,24.639999389648438,11.804221153259277,76600
FTS.TO,2006-09-13,24.049999237060547,24.6200008392334,24.049999237060547,24.3799991607666,11.679661750793457,94000
FTS.TO,2006-09-14,24.690000534057617,24.690000534057617,24.280000686645508,24.5,11.737150192260742,77100
FTS.TO,2006-09-15,24.649999618530273,24.770000457763672,24.270000457763672,24.65999984741211,11.813800811767578,165000
FTS.TO,2006-09-18,24.700000762939453,24.889999389648438,24.309999465942383,24.5,11.737150192260742,107100
FTS.TO,2006-09-19,24.5,24.899999618530273,24.40999984741211,24.510000228881836,11.741942405700684,70100
FTS.TO,2006-09-20,24.399999618530273,24.600000381469727,24.299999237060547,24.43000030517578,11.703615188598633,119100
FTS.TO,2006-09-21,24.350000381469727,24.68000030517578,24.350000381469727,24.68000030517578,11.823380470275879,62500
FTS.TO,2006-09-22,24.68000030517578,24.700000762939453,24.309999465942383,24.600000381469727,11.785057067871094,77900
FTS.TO,2006-09-25,24.610000610351562,24.610000610351562,24.200000762939453,24.350000381469727,11.665295600891113,105700
FTS.TO,2006-09-26,24.399999618530273,24.450000762939453,24.049999237060547,24.110000610351562,11.55031967163086,135100
FTS.TO,2006-09-27,24.389999389648438,24.389999389648438,24.0,24.190000534057617,11.588637351989746,108600
FTS.TO,2006-09-28,24.1200008392334,24.530000686645508,24.1200008392334,24.479999542236328,11.727572441101074,194500
FTS.TO,2006-09-29,24.309999465942383,24.639999389648438,24.290000915527344,24.440000534057617,11.708410263061523,149100
FTS.TO,2006-10-02,24.5,24.889999389648438,24.31999969482422,24.889999389648438,11.92398738861084,793000
FTS.TO,2006-10-03,25.0,25.34000015258789,24.770000457763672,24.84000015258789,11.90003490447998,246900
FTS.TO,2006-10-04,25.100000381469727,25.100000381469727,24.350000381469727,24.75,11.85692024230957,183700
FTS.TO,2006-10-05,24.65999984741211,24.860000610351562,24.350000381469727,24.420000076293945,11.698824882507324,299100
FTS.TO,2006-10-06,24.40999984741211,24.5,24.209999084472656,24.329999923706055,11.655709266662598,231000
FTS.TO,2006-10-10,24.389999389648438,24.489999771118164,24.219999313354492,24.459999084472656,11.717991828918457,149800
FTS.TO,2006-10-11,24.3799991607666,24.690000534057617,24.329999923706055,24.600000381469727,11.785057067871094,103600
FTS.TO,2006-10-12,24.68000030517578,25.049999237060547,24.600000381469727,24.84000015258789,11.90003490447998,174700
FTS.TO,2006-10-13,24.989999771118164,24.989999771118164,24.799999237060547,24.850000381469727,11.904826164245605,202900
FTS.TO,2006-10-16,24.989999771118164,25.200000762939453,24.75,25.100000381469727,12.024596214294434,151200
FTS.TO,2006-10-17,25.010000228881836,25.200000762939453,24.75,24.790000915527344,11.876076698303223,332900
FTS.TO,2006-10-18,24.950000762939453,25.09000015258789,24.149999618530273,24.299999237060547,11.64133358001709,413200
FTS.TO,2006-10-19,24.450000762939453,24.469999313354492,24.1200008392334,24.3799991607666,11.679661750793457,197800
FTS.TO,2006-10-20,24.3799991607666,24.610000610351562,24.270000457763672,24.399999618530273,11.68924617767334,252500
FTS.TO,2006-10-23,24.59000015258789,24.770000457763672,24.399999618530273,24.770000457763672,11.866504669189453,148000
FTS.TO,2006-10-24,24.93000030517578,25.09000015258789,24.65999984741211,24.790000915527344,11.876076698303223,160600
FTS.TO,2006-10-25,24.6299991607666,24.790000915527344,24.579999923706055,24.709999084472656,11.837756156921387,140400
FTS.TO,2006-10-26,24.850000381469727,24.940000534057617,24.559999465942383,24.65999984741211,11.813800811767578,146700
FTS.TO,2006-10-27,24.850000381469727,24.850000381469727,24.549999237060547,24.549999237060547,11.761098861694336,108100
FTS.TO,2006-10-30,24.739999771118164,25.010000228881836,24.610000610351562,24.850000381469727,11.904826164245605,2175700
FTS.TO,2006-10-31,24.860000610351562,25.649999618530273,24.75,25.649999618530273,12.288081169128418,615800
FTS.TO,2006-11-01,25.950000762939453,25.950000762939453,25.149999618530273,25.75,12.428043365478516,485000
FTS.TO,2006-11-02,25.93000030517578,27.5,25.75,26.579999923706055,12.828644752502441,453900
FTS.TO,2006-11-03,26.950000762939453,26.950000762939453,26.0,26.34000015258789,12.71280288696289,280100
FTS.TO,2006-11-06,26.530000686645508,26.780000686645508,25.850000381469727,25.860000610351562,12.481136322021484,221300
FTS.TO,2006-11-07,25.860000610351562,26.940000534057617,25.56999969482422,26.639999389648438,12.857599258422852,185300
FTS.TO,2006-11-08,26.530000686645508,27.190000534057617,25.979999542236328,27.06999969482422,13.065136909484863,263600
FTS.TO,2006-11-09,27.139999389648438,27.139999389648438,26.700000762939453,26.799999237060547,12.934812545776367,294800
FTS.TO,2006-11-10,26.690000534057617,26.8799991607666,26.329999923706055,26.8799991607666,12.973428726196289,214400
FTS.TO,2006-11-13,26.90999984741211,27.200000762939453,26.760000228881836,27.110000610351562,13.084439277648926,167000
FTS.TO,2006-11-14,27.299999237060547,28.149999618530273,26.899999618530273,28.059999465942383,13.542951583862305,545800
FTS.TO,2006-11-15,28.049999237060547,28.579999923706055,27.760000228881836,28.389999389648438,13.702220916748047,148500
FTS.TO,2006-11-16,28.389999389648438,28.450000762939453,28.049999237060547,28.049999237060547,13.538122177124023,191300
FTS.TO,2006-11-17,28.0,28.299999237060547,27.950000762939453,28.170000076293945,13.59604263305664,299400
FTS.TO,2006-11-20,28.0,28.270000457763672,28.0,28.100000381469727,13.562254905700684,418100
FTS.TO,2006-11-21,28.1299991607666,28.399999618530273,28.1299991607666,28.25,13.634653091430664,192300
FTS.TO,2006-11-22,28.049999237060547,28.239999771118164,27.979999542236328,28.190000534057617,13.605690956115723,312000
FTS.TO,2006-11-23,28.18000030517578,28.3700008392334,28.059999465942383,28.219999313354492,13.620173454284668,162400
FTS.TO,2006-11-24,28.299999237060547,28.299999237060547,28.1299991607666,28.200000762939453,13.610514640808105,79800
FTS.TO,2006-11-27,28.200000762939453,28.739999771118164,28.06999969482422,28.420000076293945,13.716699600219727,300500
FTS.TO,2006-11-28,28.200000762939453,28.399999618530273,28.110000610351562,28.200000762939453,13.610514640808105,522400
FTS.TO,2006-11-29,28.40999984741211,28.420000076293945,28.15999984741211,28.3700008392334,13.692569732666016,120700
FTS.TO,2006-11-30,28.299999237060547,28.399999618530273,28.149999618530273,28.149999618530273,13.586390495300293,113500
FTS.TO,2006-12-01,28.309999465942383,28.399999618530273,28.18000030517578,28.350000381469727,13.682916641235352,98200
FTS.TO,2006-12-04,28.020000457763672,28.75,28.020000457763672,28.75,13.87597370147705,124800
FTS.TO,2006-12-05,28.5,28.799999237060547,28.469999313354492,28.799999237060547,13.900107383728027,92300
FTS.TO,2006-12-06,28.25,28.700000762939453,28.25,28.3799991607666,13.697396278381348,103900
FTS.TO,2006-12-07,28.229999542236328,28.600000381469727,28.229999542236328,28.59000015258789,13.798747062683105,126300
FTS.TO,2006-12-08,28.3700008392334,28.489999771118164,28.010000228881836,28.399999618530273,13.707047462463379,115600
FTS.TO,2006-12-11,28.299999237060547,28.440000534057617,28.15999984741211,28.440000534057617,13.72635555267334,85800
FTS.TO,2006-12-12,28.5,28.670000076293945,28.350000381469727,28.549999237060547,13.779447555541992,414400
FTS.TO,2006-12-13,28.549999237060547,28.850000381469727,28.270000457763672,28.739999771118164,13.871146202087402,160800
FTS.TO,2006-12-14,28.739999771118164,28.739999771118164,28.440000534057617,28.510000228881836,13.760136604309082,106800
FTS.TO,2006-12-15,28.399999618530273,28.860000610351562,28.399999618530273,28.790000915527344,13.895278930664062,209600
FTS.TO,2006-12-18,28.790000915527344,29.360000610351562,28.639999389648438,29.09000015258789,14.040070533752441,319000
FTS.TO,2006-12-19,29.0,29.239999771118164,28.899999618530273,28.90999984741211,13.95319652557373,150600
FTS.TO,2006-12-20,28.899999618530273,29.399999618530273,28.860000610351562,29.299999237060547,14.14143180847168,176600
FTS.TO,2006-12-21,29.299999237060547,29.700000762939453,29.010000228881836,29.59000015258789,14.281394004821777,187900
FTS.TO,2006-12-22,29.59000015258789,29.889999389648438,29.450000762939453,29.850000381469727,14.406882286071777,92900
FTS.TO,2006-12-27,29.989999771118164,30.0,29.510000228881836,29.59000015258789,14.281394004821777,45000
FTS.TO,2006-12-28,29.600000381469727,29.8799991607666,29.600000381469727,29.850000381469727,14.406882286071777,104400
FTS.TO,2006-12-29,29.799999237060547,29.940000534057617,29.540000915527344,29.770000457763672,14.368278503417969,59200
FTS.TO,2007-01-02,29.940000534057617,30.0,29.520000457763672,29.549999237060547,14.262090682983398,65200
FTS.TO,2007-01-03,29.450000762939453,29.799999237060547,29.31999969482422,29.510000228881836,14.242780685424805,241400
FTS.TO,2007-01-04,29.25,29.25,28.700000762939453,28.770000457763672,13.885628700256348,666700
FTS.TO,2007-01-05,28.760000228881836,28.770000457763672,27.81999969482422,27.950000762939453,13.489858627319336,343400
FTS.TO,2007-01-08,28.040000915527344,28.040000915527344,27.31999969482422,27.3799991607666,13.214753150939941,250000
FTS.TO,2007-01-09,27.5,27.700000762939453,27.079999923706055,27.34000015258789,13.195446968078613,238600
FTS.TO,2007-01-10,27.399999618530273,27.739999771118164,27.31999969482422,27.690000534057617,13.364374160766602,417800
FTS.TO,2007-01-11,27.690000534057617,28.56999969482422,27.6200008392334,28.389999389648438,13.702220916748047,450600
FTS.TO,2007-01-12,28.450000762939453,28.56999969482422,28.040000915527344,28.079999923706055,13.552602767944336,124600
FTS.TO,2007-01-15,28.059999465942383,28.600000381469727,28.049999237060547,28.299999237060547,13.658785820007324,57900
FTS.TO,2007-01-16,28.010000228881836,28.5,27.940000534057617,28.15999984741211,13.591214179992676,126500
FTS.TO,2007-01-17,28.299999237060547,28.299999237060547,28.010000228881836,28.059999465942383,13.542951583862305,204700
FTS.TO,2007-01-18,28.059999465942383,28.059999465942383,27.56999969482422,27.75,13.393336296081543,119900
FTS.TO,2007-01-19,27.649999618530273,27.719999313354492,27.299999237060547,27.350000381469727,13.200271606445312,164000
FTS.TO,2007-01-22,27.540000915527344,27.600000381469727,27.049999237060547,27.1200008392334,13.089268684387207,141700
FTS.TO,2007-01-23,27.25,27.450000762939453,27.15999984741211,27.260000228881836,13.156832695007324,497600
FTS.TO,2007-01-24,27.399999618530273,27.399999618530273,27.110000610351562,27.280000686645508,13.166489601135254,294600
FTS.TO,2007-01-25,27.299999237060547,27.399999618530273,27.059999465942383,27.149999618530273,13.103748321533203,232900
FTS.TO,2007-01-26,27.239999771118164,27.239999771118164,26.770000457763672,26.969999313354492,13.01686954498291,244100
FTS.TO,2007-01-29,26.989999771118164,26.989999771118164,26.719999313354492,26.920000076293945,12.9927396774292,322100
FTS.TO,2007-01-30,27.09000015258789,27.34000015258789,26.899999618530273,27.010000228881836,13.036173820495605,173500
FTS.TO,2007-01-31,26.899999618530273,27.100000381469727,26.770000457763672,26.889999389648438,13.070199966430664,607600
FTS.TO,2007-02-01,26.979999542236328,27.079999923706055,26.81999969482422,26.920000076293945,13.084786415100098,582500
FTS.TO,2007-02-02,26.850000381469727,27.25,26.829999923706055,27.1299991607666,13.18685531616211,229100
FTS.TO,2007-02-05,27.1299991607666,27.299999237060547,27.06999969482422,27.200000762939453,13.22088623046875,249200
FTS.TO,2007-02-06,27.229999542236328,27.59000015258789,26.719999313354492,27.3799991607666,13.308367729187012,680800
FTS.TO,2007-02-07,27.219999313354492,27.399999618530273,26.610000610351562,26.790000915527344,13.021589279174805,564700
FTS.TO,2007-02-08,27.0,27.0,26.31999969482422,26.5,12.880636215209961,332300
FTS.TO,2007-02-09,26.739999771118164,27.270000457763672,26.600000381469727,27.100000381469727,13.172276496887207,494700
FTS.TO,2007-02-12,27.200000762939453,27.719999313354492,27.110000610351562,27.690000534057617,13.459052085876465,288500
FTS.TO,2007-02-13,27.75,27.850000381469727,27.549999237060547,27.700000762939453,13.463908195495605,448400
FTS.TO,2007-02-14,27.690000534057617,27.75,27.170000076293945,27.579999923706055,13.405584335327148,535000
FTS.TO,2007-02-15,27.700000762939453,27.90999984741211,27.5,27.700000762939453,13.463908195495605,506200
FTS.TO,2007-02-16,27.690000534057617,27.860000610351562,27.520000457763672,27.700000762939453,13.463908195495605,226100
FTS.TO,2007-02-19,27.81999969482422,27.950000762939453,27.559999465942383,27.940000534057617,13.580567359924316,187800
FTS.TO,2007-02-20,27.940000534057617,27.959999084472656,27.510000228881836,27.65999984741211,13.444464683532715,133200
FTS.TO,2007-02-21,27.700000762939453,27.700000762939453,27.06999969482422,27.299999237060547,13.269488334655762,364500
FTS.TO,2007-02-22,27.489999771118164,27.489999771118164,27.200000762939453,27.280000686645508,13.259766578674316,114300
FTS.TO,2007-02-23,27.290000915527344,27.350000381469727,27.110000610351562,27.350000381469727,13.293784141540527,152800
FTS.TO,2007-02-26,27.350000381469727,27.489999771118164,27.149999618530273,27.3799991607666,13.308367729187012,147400
FTS.TO,2007-02-27,26.020000457763672,26.25,26.0,26.100000381469727,12.686210632324219,1502600
FTS.TO,2007-02-28,26.329999923706055,26.329999923706055,26.100000381469727,26.299999237060547,12.78342056274414,759500
FTS.TO,2007-03-01,26.479999542236328,26.479999542236328,26.200000762939453,26.209999084472656,12.739672660827637,482200
FTS.TO,2007-03-02,26.299999237060547,26.3700008392334,26.200000762939453,26.299999237060547,12.78342056274414,569600
FTS.TO,2007-03-05,26.3799991607666,26.5,26.15999984741211,26.5,12.880636215209961,379900
FTS.TO,2007-03-06,26.5,26.809999465942383,26.479999542236328,26.799999237060547,13.026446342468262,765900
FTS.TO,2007-03-07,26.889999389648438,27.559999465942383,26.850000381469727,27.239999771118164,13.240323066711426,1547300
FTS.TO,2007-03-08,27.299999237060547,27.350000381469727,26.93000030517578,27.149999618530273,13.196575164794922,1076200
FTS.TO,2007-03-09,27.34000015258789,27.43000030517578,27.25,27.389999389648438,13.313230514526367,461900
FTS.TO,2007-03-12,27.450000762939453,27.81999969482422,27.399999618530273,27.799999237060547,13.512516975402832,378100
FTS.TO,2007-03-13,27.850000381469727,27.959999084472656,27.299999237060547,27.309999465942383,13.274345397949219,359800
FTS.TO,2007-03-14,27.350000381469727,27.450000762939453,26.5,27.100000381469727,13.172276496887207,313400
FTS.TO,2007-03-15,27.0,27.020000457763672,26.600000381469727,26.850000381469727,13.050761222839355,6429000
FTS.TO,2007-03-16,26.8700008392334,27.149999618530273,26.860000610351562,27.149999618530273,13.196575164794922,879700
FTS.TO,2007-03-19,27.149999618530273,27.5,27.049999237060547,27.5,13.366697311401367,596700
FTS.TO,2007-03-20,27.5,27.5,27.360000610351562,27.399999618530273,13.318087577819824,667600
FTS.TO,2007-03-21,27.479999542236328,27.850000381469727,27.399999618530273,27.850000381469727,13.536820411682129,719600
FTS.TO,2007-03-22,27.989999771118164,28.489999771118164,27.809999465942383,28.459999084472656,13.833317756652832,654700
FTS.TO,2007-03-23,28.549999237060547,28.649999618530273,28.290000915527344,28.290000915527344,13.750687599182129,304600
FTS.TO,2007-03-26,28.489999771118164,28.540000915527344,27.899999618530273,28.1200008392334,13.668055534362793,519000
FTS.TO,2007-03-27,28.139999389648438,28.299999237060547,28.030000686645508,28.200000762939453,13.706939697265625,440200
FTS.TO,2007-03-28,28.299999237060547,28.479999542236328,28.149999618530273,28.350000381469727,13.779850006103516,422300
FTS.TO,2007-03-29,28.399999618530273,28.420000076293945,28.229999542236328,28.299999237060547,13.755546569824219,257200
FTS.TO,2007-03-30,28.389999389648438,28.389999389648438,27.899999618530273,28.010000228881836,13.614593505859375,257200
FTS.TO,2007-04-02,28.100000381469727,28.40999984741211,28.010000228881836,28.399999618530273,13.804150581359863,310100
FTS.TO,2007-04-03,28.450000762939453,28.780000686645508,28.309999465942383,28.649999618530273,13.925670623779297,322500
FTS.TO,2007-04-04,28.799999237060547,28.809999465942383,28.389999389648438,28.600000381469727,13.901366233825684,555600
FTS.TO,2007-04-05,28.829999923706055,28.899999618530273,28.520000457763672,28.899999618530273,14.047185897827148,363300
FTS.TO,2007-04-09,28.950000762939453,28.950000762939453,28.25,28.3799991607666,13.794432640075684,222700
FTS.TO,2007-04-10,28.450000762939453,28.450000762939453,27.84000015258789,28.09000015258789,13.653474807739258,373000
FTS.TO,2007-04-11,28.260000228881836,28.290000915527344,28.010000228881836,28.219999313354492,13.71666145324707,171300
FTS.TO,2007-04-12,28.290000915527344,28.290000915527344,28.010000228881836,28.18000030517578,13.697219848632812,171100
FTS.TO,2007-04-13,28.18000030517578,28.260000228881836,27.989999771118164,28.059999465942383,13.638895034790039,165100
FTS.TO,2007-04-16,27.989999771118164,28.100000381469727,27.799999237060547,27.969999313354492,13.595148086547852,358100
FTS.TO,2007-04-17,28.0,28.049999237060547,27.81999969482422,28.0,13.609732627868652,360900
FTS.TO,2007-04-18,28.010000228881836,28.100000381469727,27.850000381469727,27.950000762939453,13.585423469543457,261500
FTS.TO,2007-04-19,27.989999771118164,28.06999969482422,27.850000381469727,27.940000534057617,13.580567359924316,217400
FTS.TO,2007-04-20,28.0,28.06999969482422,27.860000610351562,27.860000610351562,13.541678428649902,298200
FTS.TO,2007-04-23,28.0,28.200000762939453,27.809999465942383,28.09000015258789,13.653474807739258,281600
FTS.TO,2007-04-24,28.170000076293945,28.5,28.020000457763672,28.309999465942383,13.760405540466309,746200
FTS.TO,2007-04-25,28.489999771118164,28.489999771118164,28.170000076293945,28.399999618530273,13.804150581359863,278900
FTS.TO,2007-04-26,28.489999771118164,28.489999771118164,28.209999084472656,28.25,13.731245040893555,286200
FTS.TO,2007-04-27,28.25,28.290000915527344,28.030000686645508,28.110000610351562,13.663195610046387,189000
FTS.TO,2007-04-30,28.229999542236328,28.389999389648438,28.1200008392334,28.239999771118164,13.726385116577148,357000
FTS.TO,2007-05-01,28.360000610351562,28.700000762939453,28.209999084472656,28.579999923706055,13.89163875579834,597600
FTS.TO,2007-05-02,28.3799991607666,28.5,28.020000457763672,28.020000457763672,13.720271110534668,844000
FTS.TO,2007-05-03,28.209999084472656,28.280000686645508,28.010000228881836,28.079999923706055,13.749645233154297,483800
FTS.TO,2007-05-04,28.020000457763672,28.100000381469727,27.969999313354492,28.020000457763672,13.720271110534668,201600
FTS.TO,2007-05-07,28.079999923706055,28.190000534057617,28.030000686645508,28.100000381469727,13.759432792663574,254200
FTS.TO,2007-05-08,28.110000610351562,28.1299991607666,27.899999618530273,28.0,13.710474967956543,162700
FTS.TO,2007-05-09,28.0,28.010000228881836,27.950000762939453,27.950000762939453,13.685986518859863,262700
FTS.TO,2007-05-10,27.989999771118164,27.989999771118164,27.829999923706055,27.899999618530273,13.661507606506348,415100
FTS.TO,2007-05-11,28.0,28.0,27.600000381469727,27.670000076293945,13.548883438110352,479300
FTS.TO,2007-05-14,27.790000915527344,28.06999969482422,27.610000610351562,27.799999237060547,13.612539291381836,497000
FTS.TO,2007-05-15,27.799999237060547,28.079999923706055,27.709999084472656,27.8700008392334,13.646817207336426,517900
FTS.TO,2007-05-16,27.979999542236328,28.290000915527344,27.75,28.239999771118164,13.827990531921387,527400
FTS.TO,2007-05-17,28.190000534057617,28.399999618530273,28.139999389648438,28.389999389648438,13.90144157409668,466000
FTS.TO,2007-05-18,28.350000381469727,28.399999618530273,27.8799991607666,28.200000762939453,13.808401107788086,316100
FTS.TO,2007-05-22,28.299999237060547,28.389999389648438,28.079999923706055,28.290000915527344,13.852472305297852,556100
FTS.TO,2007-05-23,28.350000381469727,28.350000381469727,28.219999313354492,28.25,13.832887649536133,531900
FTS.TO,2007-05-24,28.260000228881836,28.329999923706055,28.0,28.030000686645508,13.7251558303833,465100
FTS.TO,2007-05-25,28.299999237060547,29.200000762939453,28.1299991607666,29.0,14.200133323669434,2900400
FTS.TO,2007-05-28,28.520000457763672,28.8799991607666,28.350000381469727,28.860000610351562,14.131577491760254,421200
FTS.TO,2007-05-29,28.850000381469727,28.850000381469727,28.450000762939453,28.65999984741211,14.033648490905762,459200
FTS.TO,2007-05-30,28.700000762939453,28.700000762939453,28.309999465942383,28.31999969482422,13.867158889770508,604400
FTS.TO,2007-05-31,28.399999618530273,28.450000762939453,28.100000381469727,28.200000762939453,13.808401107788086,404000
FTS.TO,2007-06-01,28.200000762939453,28.299999237060547,28.049999237060547,28.110000610351562,13.764337539672852,272700
FTS.TO,2007-06-04,28.149999618530273,28.290000915527344,27.93000030517578,28.0,13.710474967956543,383800
FTS.TO,2007-06-05,28.149999618530273,28.149999618530273,27.510000228881836,27.600000381469727,13.514608383178711,1554800
FTS.TO,2007-06-06,27.739999771118164,27.739999771118164,27.280000686645508,27.420000076293945,13.426475524902344,457800
FTS.TO,2007-06-07,27.100000381469727,27.3799991607666,26.329999923706055,26.600000381469727,13.024947166442871,1313700
FTS.TO,2007-06-08,26.5,26.799999237060547,26.34000015258789,26.700000762939453,13.07391357421875,318000
FTS.TO,2007-06-11,26.799999237060547,26.860000610351562,26.56999969482422,26.639999389648438,13.044533729553223,214600
FTS.TO,2007-06-12,26.639999389648438,26.739999771118164,26.420000076293945,26.59000015258789,13.020048141479492,428900
FTS.TO,2007-06-13,26.450000762939453,26.690000534057617,26.450000762939453,26.510000228881836,12.980876922607422,267000
FTS.TO,2007-06-14,26.5,26.700000762939453,26.5,26.56999969482422,13.010261535644531,303000
FTS.TO,2007-06-15,26.5,26.959999084472656,26.5,26.959999084472656,13.201223373413086,285600
FTS.TO,2007-06-18,26.950000762939453,26.989999771118164,26.600000381469727,26.690000534057617,13.069016456604004,149700
FTS.TO,2007-06-19,26.81999969482422,27.239999771118164,26.5,26.600000381469727,13.024947166442871,462800
FTS.TO,2007-06-20,26.600000381469727,26.920000076293945,26.450000762939453,26.59000015258789,13.020048141479492,613400
FTS.TO,2007-06-21,26.549999237060547,26.790000915527344,26.450000762939453,26.6299991607666,13.03963565826416,231800
FTS.TO,2007-06-22,26.780000686645508,26.780000686645508,26.31999969482422,26.360000610351562,12.90743350982666,166900
FTS.TO,2007-06-25,26.309999465942383,26.75,26.309999465942383,26.709999084472656,13.078815460205078,278500
FTS.TO,2007-06-26,26.790000915527344,26.889999389648438,26.469999313354492,26.479999542236328,12.96618938446045,374800
FTS.TO,2007-06-27,26.5,26.56999969482422,26.31999969482422,26.450000762939453,12.951498031616211,852100
FTS.TO,2007-06-28,26.489999771118164,26.489999771118164,26.100000381469727,26.299999237060547,12.878046035766602,271800
FTS.TO,2007-06-29,26.399999618530273,26.459999084472656,25.979999542236328,26.0,12.731152534484863,390000
FTS.TO,2007-07-03,26.290000915527344,26.450000762939453,26.0,26.329999923706055,12.892744064331055,210500
FTS.TO,2007-07-04,26.40999984741211,26.600000381469727,26.350000381469727,26.510000228881836,12.980876922607422,276700
FTS.TO,2007-07-05,26.450000762939453,26.65999984741211,26.020000457763672,26.190000534057617,12.824185371398926,609900
FTS.TO,2007-07-06,26.31999969482422,26.40999984741211,26.260000228881836,26.3799991607666,12.91722583770752,243900
FTS.TO,2007-07-09,26.389999389648438,26.809999465942383,26.3799991607666,26.59000015258789,13.020048141479492,177200
FTS.TO,2007-07-10,26.59000015258789,26.739999771118164,26.420000076293945,26.530000686645508,12.990671157836914,180300
FTS.TO,2007-07-11,26.399999618530273,26.5,26.280000686645508,26.299999237060547,12.878046035766602,239400
FTS.TO,2007-07-12,26.25,26.299999237060547,26.049999237060547,26.299999237060547,12.878046035766602,359900
FTS.TO,2007-07-13,26.25,26.479999542236328,26.25,26.34000015258789,12.897635459899902,320200
FTS.TO,2007-07-16,26.309999465942383,26.43000030517578,26.149999618530273,26.31999969482422,12.887843132019043,212900
FTS.TO,2007-07-17,26.399999618530273,26.479999542236328,26.25,26.31999969482422,12.887843132019043,673700
FTS.TO,2007-07-18,26.299999237060547,26.979999542236328,26.260000228881836,26.899999618530273,13.171842575073242,434900
FTS.TO,2007-07-19,26.899999618530273,27.09000015258789,26.709999084472656,27.06999969482422,13.255090713500977,409600
FTS.TO,2007-07-20,27.139999389648438,27.15999984741211,27.0,27.100000381469727,13.269780158996582,302000
FTS.TO,2007-07-23,27.100000381469727,27.239999771118164,26.81999969482422,27.209999084472656,13.323639869689941,409000
FTS.TO,2007-07-24,27.25,27.25,26.68000030517578,26.959999084472656,13.201223373413086,571600
FTS.TO,2007-07-25,27.0,27.25,26.360000610351562,26.459999084472656,12.956393241882324,302400
FTS.TO,2007-07-26,26.389999389648438,27.25,26.079999923706055,26.1200008392334,12.789909362792969,243100
FTS.TO,2007-07-27,26.1299991607666,27.15999984741211,26.110000610351562,26.59000015258789,13.020048141479492,675900
FTS.TO,2007-07-30,26.690000534057617,26.690000534057617,26.06999969482422,26.1299991607666,12.79481029510498,515100
FTS.TO,2007-07-31,26.18000030517578,26.600000381469727,26.170000076293945,26.329999923706055,12.892744064331055,358800
FTS.TO,2007-08-01,26.15999984741211,26.389999389648438,26.040000915527344,26.200000762939453,12.829078674316406,227000
FTS.TO,2007-08-02,26.200000762939453,26.40999984741211,25.899999618530273,26.06999969482422,12.765430450439453,230000
FTS.TO,2007-08-03,26.18000030517578,26.18000030517578,26.010000228881836,26.049999237060547,12.755636215209961,109800
FTS.TO,2007-08-07,26.049999237060547,26.049999237060547,25.75,25.850000381469727,12.657709121704102,262400
FTS.TO,2007-08-08,25.799999237060547,25.850000381469727,25.510000228881836,25.59000015258789,12.633021354675293,574200
FTS.TO,2007-08-09,25.59000015258789,26.18000030517578,25.510000228881836,26.079999923706055,12.874918937683105,530500
FTS.TO,2007-08-10,25.90999984741211,26.469999313354492,25.809999465942383,26.0,12.835424423217773,327900
FTS.TO,2007-08-13,26.290000915527344,26.290000915527344,25.649999618530273,25.65999984741211,12.66757583618164,191000
FTS.TO,2007-08-14,25.75,25.90999984741211,24.510000228881836,25.559999465942383,12.618204116821289,415700
FTS.TO,2007-08-15,25.110000610351562,25.600000381469727,25.110000610351562,25.290000915527344,12.4849214553833,250400
FTS.TO,2007-08-16,25.010000228881836,25.239999771118164,24.5,25.18000030517578,12.430611610412598,298300
FTS.TO,2007-08-17,25.389999389648438,25.549999237060547,24.799999237060547,24.799999237060547,12.243017196655273,282400
FTS.TO,2007-08-20,24.8700008392334,25.149999618530273,24.8700008392334,24.989999771118164,12.336820602416992,281000
FTS.TO,2007-08-21,24.979999542236328,25.110000610351562,24.899999618530273,24.920000076293945,12.302258491516113,224400
FTS.TO,2007-08-22,25.100000381469727,25.100000381469727,24.809999465942383,24.829999923706055,12.257829666137695,271700
FTS.TO,2007-08-23,24.989999771118164,25.200000762939453,24.899999618530273,25.170000076293945,12.425675392150879,315500
FTS.TO,2007-08-24,25.25,25.5,25.06999969482422,25.110000610351562,12.396061897277832,254600
FTS.TO,2007-08-27,25.200000762939453,26.15999984741211,25.110000610351562,25.649999618530273,12.662641525268555,648200
FTS.TO,2007-08-28,25.639999389648438,25.639999389648438,25.239999771118164,25.239999771118164,12.460236549377441,262000
FTS.TO,2007-08-29,25.420000076293945,25.729999542236328,25.3799991607666,25.5,12.588589668273926,269800
FTS.TO,2007-08-30,25.479999542236328,26.200000762939453,25.479999542236328,26.149999618530273,12.909473419189453,398600
FTS.TO,2007-08-31,26.5,26.75,26.350000381469727,26.549999237060547,13.106943130493164,1316000
FTS.TO,2007-09-04,26.75,26.75,26.5,26.59000015258789,13.126688003540039,341300
FTS.TO,2007-09-05,26.59000015258789,26.610000610351562,26.049999237060547,26.18000030517578,12.924286842346191,255400
FTS.TO,2007-09-06,26.40999984741211,26.5,26.010000228881836,26.450000762939453,13.057577133178711,201200
FTS.TO,2007-09-07,26.450000762939453,26.450000762939453,26.06999969482422,26.280000686645508,12.97365951538086,235500
FTS.TO,2007-09-10,26.25,26.440000534057617,25.84000015258789,26.15999984741211,12.914410591125488,287000
FTS.TO,2007-09-11,26.280000686645508,26.389999389648438,26.100000381469727,26.350000381469727,13.008209228515625,307300
FTS.TO,2007-09-12,26.790000915527344,26.790000915527344,26.3700008392334,26.639999389648438,13.151371002197266,158400
FTS.TO,2007-09-13,26.639999389648438,27.1299991607666,26.540000915527344,27.0,13.32909107208252,401300
FTS.TO,2007-09-14,26.559999465942383,27.25,26.559999465942383,27.139999389648438,13.398209571838379,185400
FTS.TO,2007-09-17,27.0,27.190000534057617,26.700000762939453,26.860000610351562,13.259981155395508,637900
FTS.TO,2007-09-18,26.75,27.149999618530273,26.75,27.0,13.32909107208252,202300
FTS.TO,2007-09-19,27.0,27.270000457763672,26.920000076293945,27.190000534057617,13.422891616821289,150000
FTS.TO,2007-09-20,27.06999969482422,27.1299991607666,26.639999389648438,26.719999313354492,13.19087028503418,635800
FTS.TO,2007-09-21,26.899999618530273,27.079999923706055,26.600000381469727,27.0,13.32909107208252,413100
FTS.TO,2007-09-24,26.889999389648438,27.15999984741211,26.799999237060547,27.049999237060547,13.353776931762695,430700
FTS.TO,2007-09-25,27.0,27.18000030517578,26.950000762939453,27.170000076293945,13.413016319274902,188900
FTS.TO,2007-09-26,27.200000762939453,27.229999542236328,26.850000381469727,26.850000381469727,13.255045890808105,382900
FTS.TO,2007-09-27,26.989999771118164,27.100000381469727,26.799999237060547,26.940000534057617,13.29947566986084,156100
FTS.TO,2007-09-28,26.899999618530273,27.100000381469727,26.899999618530273,27.049999237060547,13.353776931762695,219300
FTS.TO,2007-10-01,27.139999389648438,27.139999389648438,26.850000381469727,27.0,13.32909107208252,236300
FTS.TO,2007-10-02,26.950000762939453,27.0,26.84000015258789,26.8799991607666,13.269853591918945,335200
FTS.TO,2007-10-03,27.0,27.010000228881836,26.799999237060547,26.950000762939453,13.304414749145508,220900
FTS.TO,2007-10-04,26.899999618530273,27.100000381469727,26.8700008392334,26.899999618530273,13.27972412109375,297900
FTS.TO,2007-10-05,26.950000762939453,27.100000381469727,26.850000381469727,27.100000381469727,13.37846565246582,98200
FTS.TO,2007-10-09,27.100000381469727,27.25,26.90999984741211,27.190000534057617,13.422891616821289,249400
FTS.TO,2007-10-10,27.219999313354492,27.559999465942383,27.06999969482422,27.559999465942383,13.605542182922363,303800
FTS.TO,2007-10-11,27.739999771118164,27.850000381469727,27.149999618530273,27.350000381469727,13.501873016357422,198500
FTS.TO,2007-10-12,27.350000381469727,27.520000457763672,27.100000381469727,27.440000534057617,13.546309471130371,119200
FTS.TO,2007-10-15,27.440000534057617,27.489999771118164,27.149999618530273,27.280000686645508,13.467323303222656,142700
FTS.TO,2007-10-16,27.350000381469727,27.350000381469727,26.920000076293945,27.06999969482422,13.363653182983398,137600
FTS.TO,2007-10-17,27.149999618530273,27.149999618530273,26.559999465942383,26.780000686645508,13.220490455627441,255100
FTS.TO,2007-10-18,26.780000686645508,27.0,26.739999771118164,26.90999984741211,13.284664154052734,186000
FTS.TO,2007-10-19,26.90999984741211,27.25,26.649999618530273,27.0,13.32909107208252,169000
FTS.TO,2007-10-22,26.799999237060547,26.979999542236328,26.709999084472656,26.899999618530273,13.27972412109375,204100
FTS.TO,2007-10-23,26.850000381469727,26.899999618530273,26.65999984741211,26.899999618530273,13.27972412109375,209300
FTS.TO,2007-10-24,26.799999237060547,27.09000015258789,26.760000228881836,27.079999923706055,13.368585586547852,573100
FTS.TO,2007-10-25,26.950000762939453,27.0,26.559999465942383,26.780000686645508,13.220490455627441,258300
FTS.TO,2007-10-26,26.90999984741211,26.950000762939453,26.549999237060547,26.690000534057617,13.176054000854492,327900
FTS.TO,2007-10-29,26.690000534057617,26.770000457763672,26.520000457763672,26.690000534057617,13.176054000854492,287200
FTS.TO,2007-10-30,26.84000015258789,26.940000534057617,26.610000610351562,26.93000030517578,13.294538497924805,271900
FTS.TO,2007-10-31,26.950000762939453,28.239999771118164,26.950000762939453,28.239999771118164,13.941247940063477,654600
FTS.TO,2007-11-01,27.3700008392334,27.969999313354492,27.270000457763672,27.43000030517578,13.541370391845703,407100
FTS.TO,2007-11-02,27.43000030517578,27.489999771118164,26.899999618530273,27.190000534057617,13.422891616821289,345600
FTS.TO,2007-11-05,27.010000228881836,27.639999389648438,27.010000228881836,27.639999389648438,13.645042419433594,1545200
FTS.TO,2007-11-06,27.420000076293945,27.84000015258789,27.25,27.68000030517578,13.664791107177734,194100
FTS.TO,2007-11-07,27.649999618530273,27.8700008392334,27.510000228881836,27.719999313354492,13.78915023803711,207500
FTS.TO,2007-11-08,27.510000228881836,27.579999923706055,27.350000381469727,27.389999389648438,13.624995231628418,183100
FTS.TO,2007-11-09,27.389999389648438,27.6299991607666,27.25,27.5,13.679716110229492,239000
FTS.TO,2007-11-12,27.260000228881836,27.489999771118164,27.1200008392334,27.219999313354492,13.540430068969727,156300
FTS.TO,2007-11-13,27.229999542236328,27.5,26.739999771118164,26.739999771118164,13.301658630371094,214700
FTS.TO,2007-11-14,26.700000762939453,27.670000076293945,26.700000762939453,27.549999237060547,13.704581260681152,286400
FTS.TO,2007-11-15,27.989999771118164,27.989999771118164,26.84000015258789,27.09000015258789,13.475759506225586,294800
FTS.TO,2007-11-16,27.200000762939453,27.399999618530273,27.020000457763672,27.020000457763672,13.44094181060791,196200
FTS.TO,2007-11-19,27.020000457763672,27.399999618530273,26.959999084472656,27.299999237060547,13.580224990844727,196800
FTS.TO,2007-11-20,27.25,27.350000381469727,27.1299991607666,27.229999542236328,13.545400619506836,158700
FTS.TO,2007-11-21,27.190000534057617,27.190000534057617,26.649999618530273,26.700000762939453,13.281761169433594,224200
FTS.TO,2007-11-22,26.75,26.760000228881836,26.40999984741211,26.5,13.182271003723145,87900
FTS.TO,2007-11-23,26.450000762939453,26.549999237060547,26.360000610351562,26.5,13.182271003723145,122200
FTS.TO,2007-11-26,26.450000762939453,27.0,26.360000610351562,26.8700008392334,13.366327285766602,245900
FTS.TO,2007-11-27,26.989999771118164,27.040000915527344,26.65999984741211,26.81999969482422,13.341455459594727,190600
FTS.TO,2007-11-28,26.899999618530273,27.06999969482422,26.760000228881836,26.81999969482422,13.341455459594727,521400
FTS.TO,2007-11-29,26.950000762939453,27.06999969482422,26.510000228881836,27.049999237060547,13.455865859985352,187100
FTS.TO,2007-11-30,27.049999237060547,27.049999237060547,26.799999237060547,27.049999237060547,13.455865859985352,269800
FTS.TO,2007-12-03,27.0,27.149999618530273,26.889999389648438,27.040000915527344,13.45089340209961,225700
FTS.TO,2007-12-04,27.0,27.049999237060547,26.850000381469727,27.040000915527344,13.45089340209961,162100
FTS.TO,2007-12-05,27.040000915527344,27.100000381469727,26.709999084472656,26.899999618530273,13.381248474121094,509300
FTS.TO,2007-12-06,26.979999542236328,27.5,26.850000381469727,27.5,13.679716110229492,434500
FTS.TO,2007-12-07,27.5,27.850000381469727,27.25,27.790000915527344,13.823973655700684,328000
FTS.TO,2007-12-10,27.760000228881836,28.3700008392334,27.760000228881836,28.110000610351562,13.983152389526367,351300
FTS.TO,2007-12-11,28.399999618530273,28.579999923706055,28.18000030517578,28.190000534057617,14.02294921875,275600
FTS.TO,2007-12-12,28.520000457763672,28.520000457763672,28.18000030517578,28.18000030517578,14.017976760864258,425800
FTS.TO,2007-12-13,28.260000228881836,28.75,27.989999771118164,28.639999389648438,14.246803283691406,403800
FTS.TO,2007-12-14,28.639999389648438,28.639999389648438,27.84000015258789,27.84000015258789,13.848844528198242,313800
FTS.TO,2007-12-17,28.110000610351562,28.270000457763672,27.81999969482422,27.989999771118164,13.923458099365234,188000
FTS.TO,2007-12-18,28.309999465942383,28.309999465942383,27.649999618530273,27.860000610351562,13.858796119689941,390600
FTS.TO,2007-12-19,27.989999771118164,28.350000381469727,27.549999237060547,27.969999313354492,13.9135103225708,358300
FTS.TO,2007-12-20,28.040000915527344,28.280000686645508,27.940000534057617,28.25,14.052799224853516,132300
FTS.TO,2007-12-21,28.170000076293945,28.950000762939453,28.170000076293945,28.950000762939453,14.401004791259766,394000
FTS.TO,2007-12-24,28.950000762939453,28.950000762939453,28.489999771118164,28.6200008392334,14.236857414245605,91500
FTS.TO,2007-12-27,28.610000610351562,29.0,28.520000457763672,28.850000381469727,14.351263046264648,174300
FTS.TO,2007-12-28,28.899999618530273,29.06999969482422,28.8799991607666,28.8799991607666,14.366189002990723,300400
FTS.TO,2007-12-31,28.850000381469727,29.079999923706055,28.709999084472656,28.989999771118164,14.420905113220215,199600
FTS.TO,2008-01-02,28.989999771118164,29.399999618530273,28.760000228881836,29.3799991607666,14.614914894104004,205800
FTS.TO,2008-01-03,29.25,29.459999084472656,29.15999984741211,29.299999237060547,14.575116157531738,797100
FTS.TO,2008-01-04,29.209999084472656,29.280000686645508,28.81999969482422,28.989999771118164,14.420905113220215,210800
FTS.TO,2008-01-07,29.149999618530273,29.149999618530273,28.559999465942383,28.700000762939453,14.27664566040039,196500
FTS.TO,2008-01-08,28.68000030517578,28.979999542236328,28.68000030517578,28.84000015258789,14.346287727355957,163000
FTS.TO,2008-01-09,28.799999237060547,28.989999771118164,28.770000457763672,28.8700008392334,14.361212730407715,687200
FTS.TO,2008-01-10,28.899999618530273,29.15999984741211,28.860000610351562,29.059999465942383,14.45572280883789,1091400
FTS.TO,2008-01-11,29.0,29.0,28.65999984741211,28.850000381469727,14.351263046264648,326300
FTS.TO,2008-01-14,29.0,29.079999923706055,28.780000686645508,29.059999465942383,14.45572280883789,492200
FTS.TO,2008-01-15,29.059999465942383,29.5,28.950000762939453,29.25,14.550243377685547,811500
FTS.TO,2008-01-16,29.149999618530273,29.479999542236328,29.100000381469727,29.149999618530273,14.500500679016113,918500
FTS.TO,2008-01-17,29.459999084472656,29.479999542236328,27.799999237060547,28.5,14.17715835571289,826000
FTS.TO,2008-01-18,28.31999969482422,28.489999771118164,27.549999237060547,27.809999465942383,13.833921432495117,944300
FTS.TO,2008-01-21,27.5,27.729999542236328,26.520000457763672,27.059999465942383,13.460837364196777,836600
FTS.TO,2008-01-22,26.600000381469727,28.459999084472656,26.600000381469727,28.0,13.928435325622559,821800
FTS.TO,2008-01-23,28.0,28.079999923706055,27.100000381469727,27.8799991607666,13.86874771118164,501600
FTS.TO,2008-01-24,28.200000762939453,28.200000762939453,27.59000015258789,27.90999984741211,13.883663177490234,558700
FTS.TO,2008-01-25,28.139999389648438,28.139999389648438,27.780000686645508,27.989999771118164,13.923458099365234,459600
FTS.TO,2008-01-28,27.989999771118164,28.09000015258789,27.65999984741211,28.09000015258789,13.973206520080566,206700
FTS.TO,2008-01-29,28.200000762939453,28.799999237060547,28.020000457763672,28.65999984741211,14.256749153137207,149600
FTS.TO,2008-01-30,28.670000076293945,28.84000015258789,28.219999313354492,28.709999084472656,14.281614303588867,182900
FTS.TO,2008-01-31,28.75,28.75,28.209999084472656,28.649999618530273,14.251774787902832,312500
FTS.TO,2008-02-01,28.649999618530273,29.389999389648438,28.6200008392334,29.309999465942383,14.580080032348633,353800
FTS.TO,2008-02-04,29.479999542236328,29.889999389648438,29.229999542236328,29.75,14.798962593078613,440400
FTS.TO,2008-02-05,29.690000534057617,29.889999389648438,29.510000228881836,29.68000030517578,14.764144897460938,1858600
FTS.TO,2008-02-06,29.5,29.68000030517578,28.600000381469727,28.850000381469727,14.473172187805176,487700
FTS.TO,2008-02-07,28.950000762939453,29.260000228881836,28.5,29.239999771118164,14.668827056884766,272700
FTS.TO,2008-02-08,29.149999618530273,29.34000015258789,28.809999465942383,29.040000915527344,14.568497657775879,383200
FTS.TO,2008-02-11,28.850000381469727,29.299999237060547,28.850000381469727,29.100000381469727,14.598592758178711,282700
FTS.TO,2008-02-12,29.329999923706055,29.329999923706055,29.100000381469727,29.260000228881836,14.67885684967041,270500
FTS.TO,2008-02-13,29.299999237060547,29.299999237060547,28.790000915527344,28.81999969482422,14.458121299743652,371300
FTS.TO,2008-02-14,29.0,29.190000534057617,28.81999969482422,29.06999969482422,14.583542823791504,406400
FTS.TO,2008-02-15,29.0,29.09000015258789,28.579999923706055,29.0,14.548426628112793,164800
FTS.TO,2008-02-19,28.899999618530273,29.0,28.1299991607666,28.43000030517578,14.262474060058594,372800
FTS.TO,2008-02-20,28.420000076293945,28.799999237060547,28.40999984741211,28.6299991607666,14.362807273864746,310700
FTS.TO,2008-02-21,28.600000381469727,28.600000381469727,27.770000457763672,27.950000762939453,14.021672248840332,604800
FTS.TO,2008-02-22,27.950000762939453,28.229999542236328,27.809999465942383,28.200000762939453,14.147090911865234,308000
FTS.TO,2008-02-25,28.389999389648438,28.690000534057617,28.020000457763672,28.6200008392334,14.357793807983398,277000
FTS.TO,2008-02-26,28.68000030517578,28.68000030517578,28.149999618530273,28.5,14.297585487365723,248300
FTS.TO,2008-02-27,28.420000076293945,28.5,28.219999313354492,28.450000762939453,14.272504806518555,948200
FTS.TO,2008-02-28,28.450000762939453,28.6200008392334,28.329999923706055,28.399999618530273,14.247420310974121,896800
FTS.TO,2008-02-29,28.350000381469727,28.399999618530273,27.979999542236328,28.049999237060547,14.071834564208984,173900
FTS.TO,2008-03-03,28.3799991607666,28.3799991607666,27.760000228881836,27.989999771118164,14.041735649108887,218800
FTS.TO,2008-03-04,27.989999771118164,28.0,27.65999984741211,28.0,14.04675006866455,409000
FTS.TO,2008-03-05,28.100000381469727,28.100000381469727,27.700000762939453,27.8799991607666,13.986557006835938,253500
FTS.TO,2008-03-06,27.920000076293945,28.0,27.600000381469727,27.690000534057617,13.8912353515625,585400
FTS.TO,2008-03-07,27.989999771118164,27.989999771118164,27.520000457763672,27.850000381469727,13.971504211425781,145000
FTS.TO,2008-03-10,27.860000610351562,27.940000534057617,27.649999618530273,27.68000030517578,13.88621997833252,133500
FTS.TO,2008-03-11,27.799999237060547,28.299999237060547,27.799999237060547,28.010000228881836,14.051774024963379,260000
FTS.TO,2008-03-12,27.899999618530273,28.18000030517578,27.899999618530273,28.06999969482422,14.081871032714844,392900
FTS.TO,2008-03-13,28.0,28.030000686645508,27.360000610351562,27.700000762939453,13.89625072479248,467900
FTS.TO,2008-03-14,27.649999618530273,27.700000762939453,27.170000076293945,27.25,13.670504570007324,377300
FTS.TO,2008-03-17,27.100000381469727,27.25,27.010000228881836,27.149999618530273,13.620332717895508,169600
FTS.TO,2008-03-18,27.149999618530273,27.3700008392334,26.81999969482422,27.209999084472656,13.650429725646973,330000
FTS.TO,2008-03-19,27.0,27.360000610351562,26.920000076293945,26.920000076293945,13.504951477050781,436500
FTS.TO,2008-03-20,27.079999923706055,27.079999923706055,26.65999984741211,26.65999984741211,13.374520301818848,422000
FTS.TO,2008-03-24,26.600000381469727,26.899999618530273,26.40999984741211,26.420000076293945,13.254114151000977,481400
FTS.TO,2008-03-25,26.360000610351562,27.549999237060547,26.360000610351562,27.420000076293945,13.755784034729004,586200
FTS.TO,2008-03-26,27.420000076293945,27.8799991607666,27.299999237060547,27.760000228881836,13.926349639892578,397400
FTS.TO,2008-03-27,27.56999969482422,28.280000686645508,27.56999969482422,28.100000381469727,14.096920013427734,486700
FTS.TO,2008-03-28,28.200000762939453,28.530000686645508,28.100000381469727,28.40999984741211,14.252439498901367,226100
FTS.TO,2008-03-31,28.56999969482422,29.239999771118164,28.290000915527344,29.209999084472656,14.653775215148926,417300
FTS.TO,2008-04-01,29.209999084472656,29.260000228881836,28.68000030517578,29.100000381469727,14.598592758178711,388900
FTS.TO,2008-04-02,29.209999084472656,29.940000534057617,29.149999618530273,29.200000762939453,14.64875602722168,691800
FTS.TO,2008-04-03,28.8799991607666,29.0,28.530000686645508,28.979999542236328,14.53839111328125,295500
FTS.TO,2008-04-04,28.969999313354492,28.969999313354492,28.469999313354492,28.530000686645508,14.312637329101562,192200
FTS.TO,2008-04-07,28.530000686645508,28.940000534057617,27.799999237060547,27.920000076293945,14.006624221801758,635500
FTS.TO,2008-04-08,27.75,28.350000381469727,27.639999389648438,28.290000915527344,14.192239761352539,632400
FTS.TO,2008-04-09,28.100000381469727,28.280000686645508,27.940000534057617,27.989999771118164,14.041735649108887,596500
FTS.TO,2008-04-10,27.829999923706055,28.100000381469727,27.829999923706055,28.0,14.04675006866455,391700
FTS.TO,2008-04-11,28.0,28.0,27.829999923706055,27.860000610351562,13.976522445678711,210900
FTS.TO,2008-04-14,27.860000610351562,27.989999771118164,27.549999237060547,27.790000915527344,13.941404342651367,194000
FTS.TO,2008-04-15,27.75,27.889999389648438,27.56999969482422,27.649999618530273,13.871166229248047,581400
FTS.TO,2008-04-16,27.940000534057617,27.940000534057617,27.420000076293945,27.649999618530273,13.871166229248047,320700
FTS.TO,2008-04-17,27.649999618530273,27.889999389648438,27.3700008392334,27.5,13.795928001403809,728400
FTS.TO,2008-04-18,27.700000762939453,27.700000762939453,27.010000228881836,27.420000076293945,13.755784034729004,1890400
FTS.TO,2008-04-21,27.59000015258789,27.59000015258789,27.06999969482422,27.100000381469727,13.595257759094238,206000
FTS.TO,2008-04-22,27.229999542236328,27.3700008392334,26.850000381469727,27.149999618530273,13.620332717895508,284200
FTS.TO,2008-04-23,27.149999618530273,27.729999542236328,27.049999237060547,27.25,13.670504570007324,147500
FTS.TO,2008-04-24,27.209999084472656,27.360000610351562,27.0,27.280000686645508,13.68554973602295,170200
FTS.TO,2008-04-25,27.280000686645508,27.40999984741211,27.110000610351562,27.25,13.670504570007324,312300
FTS.TO,2008-04-28,27.309999465942383,27.989999771118164,27.309999465942383,27.850000381469727,13.971504211425781,522000
FTS.TO,2008-04-29,27.850000381469727,27.889999389648438,27.6200008392334,27.860000610351562,13.976522445678711,523400
FTS.TO,2008-04-30,27.989999771118164,28.299999237060547,27.809999465942383,27.809999465942383,13.951441764831543,396500
FTS.TO,2008-05-01,28.049999237060547,28.34000015258789,27.700000762939453,27.959999084472656,14.026687622070312,796500
FTS.TO,2008-05-02,27.950000762939453,27.950000762939453,27.010000228881836,27.280000686645508,13.68554973602295,906900
FTS.TO,2008-05-05,27.3700008392334,27.3700008392334,26.950000762939453,26.979999542236328,13.535052299499512,1177100
FTS.TO,2008-05-06,27.079999923706055,27.18000030517578,27.020000457763672,27.100000381469727,13.595257759094238,374300
FTS.TO,2008-05-07,26.969999313354492,27.0,26.799999237060547,26.940000534057617,13.640820503234863,314200
FTS.TO,2008-05-08,26.950000762939453,27.18000030517578,26.899999618530273,27.1299991607666,13.737028121948242,1441500
FTS.TO,2008-05-09,27.170000076293945,27.270000457763672,27.100000381469727,27.139999389648438,13.742085456848145,426000
FTS.TO,2008-05-12,27.200000762939453,27.25,27.079999923706055,27.100000381469727,13.721840858459473,189300
FTS.TO,2008-05-13,27.149999618530273,27.239999771118164,27.06999969482422,27.15999984741211,13.752217292785645,589100
FTS.TO,2008-05-14,27.190000534057617,27.239999771118164,27.1299991607666,27.149999618530273,13.74715518951416,452200
FTS.TO,2008-05-15,27.200000762939453,27.469999313354492,27.170000076293945,27.31999969482422,13.833229064941406,333400
FTS.TO,2008-05-16,27.309999465942383,27.440000534057617,27.309999465942383,27.399999618530273,13.873733520507812,197700
FTS.TO,2008-05-20,27.389999389648438,27.770000457763672,27.31999969482422,27.34000015258789,13.843360900878906,270000
FTS.TO,2008-05-21,27.479999542236328,27.690000534057617,27.43000030517578,27.68000030517578,14.015511512756348,343400
FTS.TO,2008-05-22,27.649999618530273,27.8799991607666,27.5,27.770000457763672,14.061089515686035,141600
FTS.TO,2008-05-23,27.809999465942383,27.850000381469727,27.100000381469727,27.100000381469727,13.721840858459473,326500
FTS.TO,2008-05-26,27.360000610351562,27.700000762939453,27.25,27.670000076293945,14.010456085205078,199600
FTS.TO,2008-05-27,27.729999542236328,27.739999771118164,27.469999313354492,27.56999969482422,13.959818840026855,2488900
FTS.TO,2008-05-28,27.600000381469727,27.690000534057617,27.290000915527344,27.290000915527344,13.818044662475586,219500
FTS.TO,2008-05-29,27.350000381469727,27.350000381469727,27.110000610351562,27.1299991607666,13.737028121948242,228500
FTS.TO,2008-05-30,27.25,27.40999984741211,27.15999984741211,27.299999237060547,13.823104858398438,446900
FTS.TO,2008-06-02,27.270000457763672,27.540000915527344,27.049999237060547,27.450000762939453,13.899060249328613,465500
FTS.TO,2008-06-03,27.5,27.5,27.100000381469727,27.149999618530273,13.74715518951416,464600
FTS.TO,2008-06-04,27.399999618530273,27.790000915527344,27.209999084472656,27.75,14.050955772399902,676600
FTS.TO,2008-06-05,28.0,28.020000457763672,27.56999969482422,27.84000015258789,14.096526145935059,308400
FTS.TO,2008-06-06,27.84000015258789,27.84000015258789,27.59000015258789,27.790000915527344,14.071208000183105,289400
FTS.TO,2008-06-09,27.700000762939453,27.920000076293945,27.469999313354492,27.5,13.9243745803833,231500
FTS.TO,2008-06-10,27.479999542236328,27.729999542236328,27.280000686645508,27.600000381469727,13.975007057189941,507900
FTS.TO,2008-06-11,27.700000762939453,27.75,27.399999618530273,27.489999771118164,13.919309616088867,249900
FTS.TO,2008-06-12,27.399999618530273,27.700000762939453,27.350000381469727,27.360000610351562,13.85348892211914,358700
FTS.TO,2008-06-13,27.3799991607666,27.5,27.309999465942383,27.5,13.9243745803833,395200
FTS.TO,2008-06-16,27.5,27.59000015258789,27.450000762939453,27.520000457763672,13.934497833251953,417800
FTS.TO,2008-06-17,27.6200008392334,27.6200008392334,27.34000015258789,27.549999237060547,13.949687957763672,272900
FTS.TO,2008-06-18,27.56999969482422,27.989999771118164,27.530000686645508,27.709999084472656,14.0307035446167,321700
FTS.TO,2008-06-19,27.75,27.889999389648438,27.6299991607666,27.75,14.050955772399902,175900
FTS.TO,2008-06-20,27.75,27.979999542236328,27.34000015258789,27.34000015258789,13.843360900878906,530300
FTS.TO,2008-06-23,27.420000076293945,27.6200008392334,27.360000610351562,27.3799991607666,13.863615036010742,183500
FTS.TO,2008-06-24,27.450000762939453,27.639999389648438,27.3799991607666,27.510000228881836,13.929439544677734,372000
FTS.TO,2008-06-25,27.469999313354492,27.600000381469727,27.34000015258789,27.34000015258789,13.843360900878906,334100
FTS.TO,2008-06-26,27.360000610351562,27.739999771118164,27.350000381469727,27.579999923706055,13.96487808227539,487400
FTS.TO,2008-06-27,27.56999969482422,27.690000534057617,27.290000915527344,27.309999465942383,13.828171730041504,299600
FTS.TO,2008-06-30,27.350000381469727,27.579999923706055,27.100000381469727,27.15999984741211,13.752217292785645,267000
FTS.TO,2008-07-02,27.25,27.649999618530273,27.100000381469727,27.229999542236328,13.78765869140625,208300
FTS.TO,2008-07-03,27.18000030517578,27.18000030517578,26.520000457763672,26.6200008392334,13.478792190551758,320900
FTS.TO,2008-07-04,26.59000015258789,26.649999618530273,26.190000534057617,26.25,13.291448593139648,233700
FTS.TO,2008-07-07,26.260000228881836,26.450000762939453,25.360000610351562,25.530000686645508,12.926885604858398,404300
FTS.TO,2008-07-08,25.549999237060547,25.760000228881836,25.260000228881836,25.459999084472656,12.891434669494629,261100
FTS.TO,2008-07-09,25.59000015258789,25.93000030517578,25.540000915527344,25.829999923706055,13.078788757324219,279600
FTS.TO,2008-07-10,25.950000762939453,26.149999618530273,25.610000610351562,25.829999923706055,13.078788757324219,428200
FTS.TO,2008-07-11,25.829999923706055,25.829999923706055,25.440000534057617,25.639999389648438,12.98257827758789,205600
FTS.TO,2008-07-14,25.700000762939453,25.700000762939453,25.15999984741211,25.219999313354492,12.769917488098145,268900
FTS.TO,2008-07-15,25.219999313354492,25.34000015258789,24.110000610351562,24.43000030517578,12.369904518127441,535300
FTS.TO,2008-07-16,24.520000457763672,24.920000076293945,24.110000610351562,24.670000076293945,12.49142837524414,295700
FTS.TO,2008-07-17,24.790000915527344,25.09000015258789,24.549999237060547,24.549999237060547,12.4306640625,371500
FTS.TO,2008-07-18,24.649999618530273,24.790000915527344,24.3700008392334,24.639999389648438,12.476238250732422,289700
FTS.TO,2008-07-21,24.899999618530273,25.399999618530273,24.829999923706055,25.399999618530273,12.861055374145508,369400
FTS.TO,2008-07-22,25.5,26.639999389648438,25.40999984741211,26.420000076293945,13.37752628326416,439300
FTS.TO,2008-07-23,26.56999969482422,26.989999771118164,26.34000015258789,26.549999237060547,13.443351745605469,445400
FTS.TO,2008-07-24,26.5,26.739999771118164,26.280000686645508,26.350000381469727,13.342077255249023,4392700
FTS.TO,2008-07-25,26.579999923706055,26.600000381469727,26.06999969482422,26.15999984741211,13.245875358581543,305400
FTS.TO,2008-07-28,26.170000076293945,26.8799991607666,26.170000076293945,26.399999618530273,13.36740779876709,181600
FTS.TO,2008-07-29,26.399999618530273,27.0,26.399999618530273,26.850000381469727,13.595248222351074,176300
FTS.TO,2008-07-30,26.799999237060547,27.239999771118164,26.799999237060547,26.979999542236328,13.661075592041016,195700
FTS.TO,2008-07-31,26.940000534057617,27.049999237060547,26.479999542236328,27.049999237060547,13.696520805358887,309900
FTS.TO,2008-08-01,26.850000381469727,27.149999618530273,26.84000015258789,26.889999389648438,13.615506172180176,334800
FTS.TO,2008-08-05,26.6299991607666,26.93000030517578,26.6299991607666,26.670000076293945,13.504109382629395,303000
FTS.TO,2008-08-06,26.649999618530273,26.790000915527344,26.360000610351562,26.440000534057617,13.514333724975586,418000
FTS.TO,2008-08-07,26.360000610351562,26.770000457763672,26.360000610351562,26.530000686645508,13.560333251953125,383100
FTS.TO,2008-08-08,26.68000030517578,26.84000015258789,26.5,26.760000228881836,13.677892684936523,165100
FTS.TO,2008-08-11,26.700000762939453,26.75,25.43000030517578,25.450000762939453,13.008316993713379,283100
FTS.TO,2008-08-12,25.459999084472656,25.709999084472656,25.239999771118164,25.280000686645508,12.921420097351074,266700
FTS.TO,2008-08-13,25.399999618530273,25.440000534057617,25.059999465942383,25.329999923706055,12.946978569030762,338900
FTS.TO,2008-08-14,25.280000686645508,25.299999237060547,25.1200008392334,25.25,12.906086921691895,244700
FTS.TO,2008-08-15,25.299999237060547,25.299999237060547,25.15999984741211,25.229999542236328,12.895866394042969,237500
FTS.TO,2008-08-18,25.280000686645508,25.440000534057617,25.149999618530273,25.170000076293945,12.865198135375977,150700
FTS.TO,2008-08-19,25.149999618530273,25.350000381469727,24.75,24.799999237060547,12.676072120666504,404500
FTS.TO,2008-08-20,24.950000762939453,25.139999389648438,24.799999237060547,24.950000762939453,12.752744674682617,229600
FTS.TO,2008-08-21,24.90999984741211,25.239999771118164,24.899999618530273,25.049999237060547,12.803863525390625,177500
FTS.TO,2008-08-22,25.229999542236328,25.229999542236328,25.0,25.1299991607666,12.844747543334961,225400
FTS.TO,2008-08-25,25.049999237060547,25.3700008392334,24.950000762939453,24.989999771118164,12.773195266723633,140100
FTS.TO,2008-08-26,25.040000915527344,25.25,24.510000228881836,24.760000228881836,12.655630111694336,490400
FTS.TO,2008-08-27,24.75,25.059999465942383,24.75,24.889999389648438,12.722075462341309,2950300
FTS.TO,2008-08-28,25.190000534057617,26.0,25.100000381469727,25.959999084472656,13.26899242401123,306800
FTS.TO,2008-08-29,25.959999084472656,26.15999984741211,25.68000030517578,26.079999923706055,13.330323219299316,297400
FTS.TO,2008-09-02,26.229999542236328,26.229999542236328,25.75,25.8799991607666,13.228102684020996,260400
FTS.TO,2008-09-03,25.989999771118164,25.989999771118164,25.649999618530273,25.700000762939453,13.136096954345703,182800
FTS.TO,2008-09-04,25.510000228881836,25.670000076293945,24.90999984741211,24.920000076293945,12.73741340637207,251800
FTS.TO,2008-09-05,25.0,25.049999237060547,24.600000381469727,24.65999984741211,12.604519844055176,277700
FTS.TO,2008-09-08,25.09000015258789,25.09000015258789,24.520000457763672,24.520000457763672,12.532962799072266,236700
FTS.TO,2008-09-09,24.65999984741211,24.780000686645508,24.270000457763672,24.399999618530273,12.471624374389648,223700
FTS.TO,2008-09-10,24.530000686645508,24.690000534057617,23.610000610351562,24.219999313354492,12.379623413085938,817900
FTS.TO,2008-09-11,24.31999969482422,24.6299991607666,24.229999542236328,24.450000762939453,12.497186660766602,495800
FTS.TO,2008-09-12,24.59000015258789,24.68000030517578,24.170000076293945,24.649999618530273,12.599403381347656,155200
FTS.TO,2008-09-15,24.649999618530273,24.799999237060547,24.31999969482422,24.469999313354492,12.507405281066895,173000
FTS.TO,2008-09-16,24.469999313354492,24.6299991607666,24.1200008392334,24.6200008392334,12.584071159362793,269300
FTS.TO,2008-09-17,24.6299991607666,24.6299991607666,24.0,24.0,12.267168998718262,310200
FTS.TO,2008-09-18,24.200000762939453,24.489999771118164,23.65999984741211,24.149999618530273,12.343844413757324,1921700
FTS.TO,2008-09-19,24.5,26.139999389648438,24.5,25.989999771118164,13.28432846069336,859800
FTS.TO,2008-09-22,24.989999771118164,25.969999313354492,24.850000381469727,24.850000381469727,12.701638221740723,281100
FTS.TO,2008-09-23,24.950000762939453,25.270000457763672,24.610000610351562,24.780000686645508,12.665851593017578,226800
FTS.TO,2008-09-24,25.280000686645508,25.280000686645508,24.709999084472656,24.989999771118164,12.773195266723633,211900
FTS.TO,2008-09-25,24.790000915527344,25.040000915527344,24.5,24.780000686645508,12.665851593017578,224200
FTS.TO,2008-09-26,24.780000686645508,24.989999771118164,24.540000915527344,24.670000076293945,12.60962963104248,183700
FTS.TO,2008-09-29,24.549999237060547,24.809999465942383,23.5,23.5,12.011605262756348,288200
FTS.TO,2008-09-30,24.479999542236328,24.479999542236328,23.709999084472656,24.040000915527344,12.287613868713379,471500
FTS.TO,2008-10-01,24.200000762939453,25.09000015258789,24.010000228881836,25.09000015258789,12.824298858642578,244000
FTS.TO,2008-10-02,25.079999923706055,25.219999313354492,24.260000228881836,24.360000610351562,12.451172828674316,241600
FTS.TO,2008-10-03,24.5,25.290000915527344,24.049999237060547,24.209999084472656,12.374510765075684,183200
FTS.TO,2008-10-06,23.90999984741211,24.020000457763672,21.299999237060547,22.799999237060547,11.653813362121582,467800
FTS.TO,2008-10-07,22.989999771118164,23.459999084472656,21.600000381469727,22.049999237060547,11.270462989807129,610500
FTS.TO,2008-10-08,21.510000228881836,22.299999237060547,21.110000610351562,22.25,11.37269401550293,528600
FTS.TO,2008-10-09,22.989999771118164,23.0,22.049999237060547,22.260000228881836,11.377800941467285,544000
FTS.TO,2008-10-10,21.100000381469727,22.399999618530273,21.010000228881836,21.049999237060547,10.759331703186035,386400
FTS.TO,2008-10-14,25.739999771118164,25.739999771118164,22.780000686645508,23.149999618530273,11.832711219787598,474000
FTS.TO,2008-10-15,23.0,23.459999084472656,22.0,22.149999618530273,11.321578025817871,292800
FTS.TO,2008-10-16,22.309999465942383,22.600000381469727,20.700000762939453,21.25,10.861557006835938,524700
FTS.TO,2008-10-17,21.280000686645508,24.0,21.280000686645508,23.350000381469727,11.93493366241455,276100
FTS.TO,2008-10-20,24.440000534057617,25.420000076293945,24.270000457763672,25.420000076293945,12.992986679077148,717600
FTS.TO,2008-10-21,25.049999237060547,25.899999618530273,24.8700008392334,25.739999771118164,13.156537055969238,676700
FTS.TO,2008-10-22,25.3799991607666,25.489999771118164,24.59000015258789,24.770000457763672,12.660745620727539,631300
FTS.TO,2008-10-23,24.75,25.75,24.5,25.739999771118164,13.156537055969238,722400
FTS.TO,2008-10-24,24.899999618530273,26.239999771118164,24.5,24.75,12.65052318572998,8611900
FTS.TO,2008-10-27,24.75,25.200000762939453,23.18000030517578,23.18000030517578,11.848041534423828,909000
FTS.TO,2008-10-28,23.75,25.719999313354492,23.09000015258789,25.5,13.033869743347168,501400
FTS.TO,2008-10-29,25.25,26.440000534057617,24.229999542236328,26.280000686645508,13.432555198669434,822100
FTS.TO,2008-10-30,26.299999237060547,26.75,26.030000686645508,26.5,13.544999122619629,636200
FTS.TO,2008-10-31,26.450000762939453,26.75,25.540000915527344,26.299999237060547,13.442770004272461,489200
FTS.TO,2008-11-03,26.489999771118164,26.549999237060547,26.0,26.420000076293945,13.504111289978027,383900
FTS.TO,2008-11-04,26.700000762939453,27.25,26.010000228881836,26.18000030517578,13.381438255310059,1473700
FTS.TO,2008-11-05,26.389999389648438,26.84000015258789,25.809999465942383,26.270000457763672,13.556902885437012,879000
FTS.TO,2008-11-06,26.389999389648438,27.190000534057617,26.0,26.799999237060547,13.830408096313477,673000
FTS.TO,2008-11-07,26.799999237060547,27.010000228881836,25.809999465942383,25.979999542236328,13.407246589660645,225800
FTS.TO,2008-11-10,26.350000381469727,26.649999618530273,26.030000686645508,26.3700008392334,13.608509063720703,233700
FTS.TO,2008-11-11,26.350000381469727,27.489999771118164,26.25,27.270000457763672,14.07296085357666,725200
FTS.TO,2008-11-12,27.229999542236328,27.3799991607666,26.829999923706055,27.290000915527344,14.083283424377441,591700
FTS.TO,2008-11-13,27.239999771118164,27.489999771118164,26.700000762939453,27.479999542236328,14.181329727172852,513800
FTS.TO,2008-11-14,27.139999389648438,27.920000076293945,27.09000015258789,27.389999389648438,14.134882926940918,594600
FTS.TO,2008-11-17,27.450000762939453,28.0,27.329999923706055,27.579999923706055,14.232937812805176,389600
FTS.TO,2008-11-18,27.549999237060547,27.549999237060547,25.260000228881836,25.959999084472656,13.396917343139648,1080100
FTS.TO,2008-11-19,25.950000762939453,26.31999969482422,25.6200008392334,25.780000686645508,13.304033279418945,2876300
FTS.TO,2008-11-20,25.760000228881836,26.25,25.149999618530273,25.600000381469727,13.211137771606445,578600
FTS.TO,2008-11-21,25.610000610351562,26.34000015258789,24.510000228881836,25.200000762939453,13.004714012145996,799800
FTS.TO,2008-11-24,25.010000228881836,25.479999542236328,24.799999237060547,24.799999237060547,12.798286437988281,440500
FTS.TO,2008-11-25,24.81999969482422,25.670000076293945,24.81999969482422,25.399999618530273,13.107924461364746,539500
FTS.TO,2008-11-26,25.110000610351562,26.0,25.110000610351562,25.8700008392334,13.35047435760498,333700
FTS.TO,2008-11-27,26.0,26.0,25.360000610351562,25.850000381469727,13.340154647827148,171400
FTS.TO,2008-11-28,25.809999465942383,26.899999618530273,25.799999237060547,26.75,13.804610252380371,427000
FTS.TO,2008-12-01,26.709999084472656,27.450000762939453,26.309999465942383,27.280000686645508,14.078115463256836,1017000
FTS.TO,2008-12-02,27.299999237060547,27.459999084472656,26.770000457763672,27.0,13.933627128601074,583600
FTS.TO,2008-12-03,25.549999237060547,25.600000381469727,24.25,25.479999542236328,13.149210929870605,1923000
FTS.TO,2008-12-04,25.399999618530273,25.549999237060547,25.299999237060547,25.43000030517578,13.123405456542969,581100
FTS.TO,2008-12-05,25.399999618530273,25.540000915527344,24.989999771118164,25.43000030517578,13.123405456542969,520400
FTS.TO,2008-12-08,25.43000030517578,25.510000228881836,25.309999465942383,25.469999313354492,13.144048690795898,901000
FTS.TO,2008-12-09,25.399999618530273,25.479999542236328,25.1200008392334,25.200000762939453,13.004714012145996,472900
FTS.TO,2008-12-10,25.299999237060547,25.420000076293945,25.170000076293945,25.350000381469727,13.082122802734375,335700
FTS.TO,2008-12-11,25.3799991607666,25.399999618530273,24.670000076293945,25.049999237060547,12.9273042678833,316000
FTS.TO,2008-12-12,24.860000610351562,25.350000381469727,24.850000381469727,25.31999969482422,13.066641807556152,328300
FTS.TO,2008-12-15,25.34000015258789,25.350000381469727,24.649999618530273,24.799999237060547,12.798286437988281,371300
FTS.TO,2008-12-16,24.559999465942383,25.149999618530273,24.549999237060547,25.100000381469727,12.953108787536621,364500
FTS.TO,2008-12-17,24.700000762939453,25.139999389648438,24.700000762939453,25.100000381469727,12.953108787536621,4900
FTS.TO,2008-12-18,25.139999389648438,25.139999389648438,24.15999984741211,24.90999984741211,12.85505485534668,885300
FTS.TO,2008-12-19,24.450000762939453,24.889999389648438,24.010000228881836,24.34000015258789,12.560900688171387,2499900
FTS.TO,2008-12-22,24.31999969482422,24.350000381469727,23.479999542236328,23.90999984741211,12.338998794555664,904300
FTS.TO,2008-12-23,23.799999237060547,23.959999084472656,23.149999618530273,23.809999465942383,12.28739070892334,311700
FTS.TO,2008-12-24,23.8799991607666,24.219999313354492,23.770000457763672,24.0,12.385441780090332,136600
FTS.TO,2008-12-29,24.190000534057617,24.190000534057617,23.510000228881836,24.110000610351562,12.442211151123047,246800
FTS.TO,2008-12-30,24.010000228881836,24.6200008392334,24.010000228881836,24.6200008392334,12.705398559570312,252400
FTS.TO,2008-12-31,24.610000610351562,24.649999618530273,24.40999984741211,24.59000015258789,12.68991470336914,203700
FTS.TO,2009-01-02,24.450000762939453,25.059999465942383,24.420000076293945,25.059999465942383,12.932463645935059,166400
FTS.TO,2009-01-05,25.0,25.0,24.5,24.59000015258789,12.68991470336914,488500
FTS.TO,2009-01-06,24.6200008392334,24.6200008392334,24.360000610351562,24.549999237060547,12.669273376464844,551000
FTS.TO,2009-01-07,24.600000381469727,24.700000762939453,24.350000381469727,24.530000686645508,12.658952713012695,393000
FTS.TO,2009-01-08,24.530000686645508,24.700000762939453,24.40999984741211,24.489999771118164,12.638314247131348,403200
FTS.TO,2009-01-09,24.530000686645508,24.600000381469727,24.0,24.170000076293945,12.473173141479492,301600
FTS.TO,2009-01-12,24.139999389648438,24.299999237060547,23.950000762939453,24.09000015258789,12.431885719299316,348100
FTS.TO,2009-01-13,24.100000381469727,24.700000762939453,24.100000381469727,24.489999771118164,12.638314247131348,414300
FTS.TO,2009-01-14,24.25,24.299999237060547,23.799999237060547,23.950000762939453,12.359640121459961,514000
FTS.TO,2009-01-15,24.190000534057617,24.190000534057617,23.65999984741211,24.100000381469727,12.437049865722656,319700
FTS.TO,2009-01-16,24.530000686645508,24.530000686645508,23.829999923706055,23.84000015258789,12.302873611450195,298000
FTS.TO,2009-01-19,23.940000534057617,24.389999389648438,23.850000381469727,24.100000381469727,12.437049865722656,135200
FTS.TO,2009-01-20,24.139999389648438,24.149999618530273,23.25,23.329999923706055,12.039681434631348,320400
FTS.TO,2009-01-21,23.399999618530273,24.25,22.889999389648438,24.239999771118164,12.509298324584961,431000
FTS.TO,2009-01-22,24.200000762939453,24.200000762939453,23.549999237060547,23.700000762939453,12.230630874633789,357200
FTS.TO,2009-01-23,23.600000381469727,23.989999771118164,23.3700008392334,23.440000534057617,12.096446990966797,295500
FTS.TO,2009-01-26,23.450000762939453,23.950000762939453,23.260000228881836,23.299999237060547,12.024202346801758,349500
FTS.TO,2009-01-27,23.420000076293945,23.8799991607666,23.309999465942383,23.760000228881836,12.261587142944336,493900
FTS.TO,2009-01-28,23.899999618530273,24.290000915527344,23.6299991607666,24.09000015258789,12.431885719299316,358400
FTS.TO,2009-01-29,24.049999237060547,24.489999771118164,23.8799991607666,24.170000076293945,12.473173141479492,311000
FTS.TO,2009-01-30,24.350000381469727,24.520000457763672,23.90999984741211,24.360000610351562,12.571224212646484,478200
FTS.TO,2009-02-02,24.5,24.600000381469727,24.15999984741211,24.399999618530273,12.591865539550781,364900
FTS.TO,2009-02-03,24.510000228881836,24.510000228881836,23.649999618530273,23.739999771118164,12.251270294189453,2070700
FTS.TO,2009-02-04,23.5,23.700000762939453,23.350000381469727,23.540000915527344,12.282572746276855,611400
FTS.TO,2009-02-05,23.729999542236328,23.829999923706055,23.25,23.639999389648438,12.33475112915039,361100
FTS.TO,2009-02-06,23.690000534057617,24.290000915527344,23.649999618530273,23.860000610351562,12.449540138244629,379000
FTS.TO,2009-02-09,24.0,24.31999969482422,23.56999969482422,24.149999618530273,12.60085391998291,464400
FTS.TO,2009-02-10,24.200000762939453,24.309999465942383,23.729999542236328,23.829999923706055,12.43388557434082,376700
FTS.TO,2009-02-11,23.989999771118164,24.1299991607666,23.260000228881836,23.31999969482422,12.1677827835083,1572400
FTS.TO,2009-02-12,23.329999923706055,23.440000534057617,23.0,23.299999237060547,12.157343864440918,464800
FTS.TO,2009-02-13,23.3700008392334,23.56999969482422,23.309999465942383,23.389999389648438,12.204317092895508,261900
FTS.TO,2009-02-17,23.43000030517578,23.940000534057617,23.190000534057617,23.729999542236328,12.381711959838867,397500
FTS.TO,2009-02-18,23.989999771118164,23.989999771118164,23.399999618530273,23.530000686645508,12.277355194091797,3322900
FTS.TO,2009-02-19,23.510000228881836,23.8700008392334,23.3700008392334,23.540000915527344,12.282572746276855,421200
FTS.TO,2009-02-20,23.399999618530273,23.90999984741211,22.809999465942383,23.510000228881836,12.266916275024414,429100
FTS.TO,2009-02-23,23.440000534057617,23.739999771118164,22.8799991607666,22.899999618530273,11.948637008666992,588100
FTS.TO,2009-02-24,22.889999389648438,23.5,22.329999923706055,23.450000762939453,12.235612869262695,806700
FTS.TO,2009-02-25,23.489999771118164,23.600000381469727,22.90999984741211,23.469999313354492,12.246051788330078,322200
FTS.TO,2009-02-26,23.450000762939453,23.950000762939453,23.34000015258789,23.860000610351562,12.449540138244629,358900
FTS.TO,2009-02-27,23.860000610351562,24.209999084472656,23.260000228881836,24.010000228881836,12.527804374694824,557700
FTS.TO,2009-03-02,23.809999465942383,23.90999984741211,23.059999465942383,23.5,12.261702537536621,723700
FTS.TO,2009-03-03,23.389999389648438,23.84000015258789,22.899999618530273,23.0,12.000814437866211,518300
FTS.TO,2009-03-04,23.489999771118164,23.489999771118164,22.770000457763672,22.860000610351562,11.92776870727539,550800
FTS.TO,2009-03-05,22.75,22.950000762939453,22.1299991607666,22.170000076293945,11.567740440368652,457100
FTS.TO,2009-03-06,22.34000015258789,22.739999771118164,21.860000610351562,21.899999618530273,11.426865577697754,460500
FTS.TO,2009-03-09,21.90999984741211,22.25,21.600000381469727,22.0,11.479042053222656,343300
FTS.TO,2009-03-10,22.469999313354492,22.469999313354492,21.56999969482422,21.75,11.348594665527344,615500
FTS.TO,2009-03-11,21.850000381469727,21.860000610351562,21.520000457763672,21.6200008392334,11.280770301818848,554000
FTS.TO,2009-03-12,21.600000381469727,21.790000915527344,21.520000457763672,21.649999618530273,11.296419143676758,538000
FTS.TO,2009-03-13,21.700000762939453,21.75,21.579999923706055,21.700000762939453,11.322509765625,413300
FTS.TO,2009-03-16,21.989999771118164,22.34000015258789,21.760000228881836,21.860000610351562,11.405990600585938,676000
FTS.TO,2009-03-17,21.950000762939453,22.399999618530273,21.709999084472656,22.31999969482422,11.64600944519043,790600
FTS.TO,2009-03-18,22.43000030517578,22.479999542236328,22.020000457763672,22.299999237060547,11.635573387145996,749300
FTS.TO,2009-03-19,22.360000610351562,22.360000610351562,21.920000076293945,22.030000686645508,11.4946928024292,760800
FTS.TO,2009-03-20,22.280000686645508,23.719999313354492,22.100000381469727,23.479999542236328,12.25126838684082,1961800
FTS.TO,2009-03-23,23.559999465942383,24.239999771118164,23.40999984741211,23.809999465942383,12.423450469970703,735200
FTS.TO,2009-03-24,23.989999771118164,24.020000457763672,23.75,23.81999969482422,12.42867660522461,495300
FTS.TO,2009-03-25,24.0,24.0,23.09000015258789,23.219999313354492,12.115604400634766,547800
FTS.TO,2009-03-26,23.479999542236328,23.479999542236328,22.530000686645508,22.75,11.870373725891113,803600
FTS.TO,2009-03-27,23.0,23.0,22.1299991607666,22.1299991607666,11.546870231628418,790700
FTS.TO,2009-03-30,22.1299991607666,22.170000076293945,21.649999618530273,21.90999984741211,11.432077407836914,584300
FTS.TO,2009-03-31,22.280000686645508,22.34000015258789,21.969999313354492,22.139999389648438,11.552088737487793,556700
FTS.TO,2009-04-01,22.229999542236328,22.229999542236328,21.75,21.850000381469727,11.400774002075195,903200
FTS.TO,2009-04-02,22.049999237060547,22.260000228881836,21.950000762939453,22.0,11.479042053222656,793400
FTS.TO,2009-04-03,22.049999237060547,22.049999237060547,21.559999465942383,21.729999542236328,11.338160514831543,556400
FTS.TO,2009-04-06,21.850000381469727,21.899999618530273,21.549999237060547,21.780000686645508,11.364250183105469,569500
FTS.TO,2009-04-07,21.8799991607666,21.8799991607666,21.649999618530273,21.780000686645508,11.364250183105469,440400
FTS.TO,2009-04-08,21.760000228881836,21.989999771118164,21.760000228881836,21.969999313354492,11.463386535644531,418000
FTS.TO,2009-04-09,22.020000457763672,22.239999771118164,21.860000610351562,22.219999313354492,11.593829154968262,317500
FTS.TO,2009-04-13,22.280000686645508,22.280000686645508,21.90999984741211,22.049999237060547,11.505125999450684,366500
FTS.TO,2009-04-14,22.100000381469727,22.149999618530273,21.950000762939453,22.09000015258789,11.525999069213867,645500
FTS.TO,2009-04-15,22.100000381469727,22.350000381469727,22.030000686645508,22.34000015258789,11.656440734863281,566300
FTS.TO,2009-04-16,22.299999237060547,22.899999618530273,22.25,22.56999969482422,11.77645206451416,608000
FTS.TO,2009-04-17,22.770000457763672,22.920000076293945,22.700000762939453,22.850000381469727,11.9225492477417,555900
FTS.TO,2009-04-20,22.93000030517578,23.200000762939453,22.579999923706055,22.799999237060547,11.89646053314209,509600
FTS.TO,2009-04-21,22.940000534057617,22.940000534057617,22.510000228881836,22.729999542236328,11.859935760498047,310600
FTS.TO,2009-04-22,22.850000381469727,22.950000762939453,22.600000381469727,22.700000762939453,11.844286918640137,298200
FTS.TO,2009-04-23,22.81999969482422,22.850000381469727,22.610000610351562,22.75,11.870373725891113,371200
FTS.TO,2009-04-24,22.850000381469727,22.90999984741211,22.5,22.6200008392334,11.802544593811035,466600
FTS.TO,2009-04-27,22.6299991607666,22.700000762939453,22.399999618530273,22.450000762939453,11.713846206665039,333900
FTS.TO,2009-04-28,22.450000762939453,22.549999237060547,22.25,22.440000534057617,11.70862102508545,501300
FTS.TO,2009-04-29,22.68000030517578,22.799999237060547,22.510000228881836,22.770000457763672,11.880806922912598,589300
FTS.TO,2009-04-30,22.969999313354492,22.969999313354492,22.049999237060547,22.149999618530273,11.5573091506958,1060100
FTS.TO,2009-05-01,22.399999618530273,22.399999618530273,22.149999618530273,22.360000610351562,11.666878700256348,749100
FTS.TO,2009-05-04,22.59000015258789,22.989999771118164,22.360000610351562,22.850000381469727,11.9225492477417,571500
FTS.TO,2009-05-05,22.860000610351562,22.860000610351562,22.520000457763672,22.75,11.870373725891113,581700
FTS.TO,2009-05-06,22.600000381469727,22.860000610351562,22.510000228881836,22.709999084472656,11.986493110656738,450300
FTS.TO,2009-05-07,22.850000381469727,22.979999542236328,22.649999618530273,22.649999618530273,11.954822540283203,505800
FTS.TO,2009-05-08,22.850000381469727,22.8799991607666,22.690000534057617,22.799999237060547,12.033992767333984,413600
FTS.TO,2009-05-11,22.850000381469727,23.200000762939453,22.760000228881836,23.049999237060547,12.165945053100586,568700
FTS.TO,2009-05-12,23.25,23.25,23.049999237060547,23.06999969482422,12.176499366760254,898300
FTS.TO,2009-05-13,23.09000015258789,23.139999389648438,22.5,22.520000457763672,11.88620662689209,676800
FTS.TO,2009-05-14,22.600000381469727,23.0,22.56999969482422,22.610000610351562,11.933706283569336,570800
FTS.TO,2009-05-15,22.84000015258789,23.049999237060547,22.649999618530273,23.0,12.13955307006836,461900
FTS.TO,2009-05-19,23.25,23.260000228881836,22.93000030517578,23.200000762939453,12.24512004852295,1141000
FTS.TO,2009-05-20,23.440000534057617,23.81999969482422,23.399999618530273,23.670000076293945,12.493184089660645,903100
FTS.TO,2009-05-21,23.75,23.75,23.030000686645508,23.09000015258789,12.187055587768555,408200
FTS.TO,2009-05-22,23.200000762939453,23.809999465942383,23.100000381469727,23.639999389648438,12.477348327636719,310400
FTS.TO,2009-05-25,23.700000762939453,24.1299991607666,23.600000381469727,24.010000228881836,12.672636032104492,204100
FTS.TO,2009-05-26,23.959999084472656,24.100000381469727,23.649999618530273,23.969999313354492,12.651529312133789,512200
FTS.TO,2009-05-27,24.0,24.309999465942383,23.809999465942383,23.81999969482422,12.572355270385742,375000
FTS.TO,2009-05-28,24.1200008392334,24.1200008392334,23.770000457763672,23.850000381469727,12.588190078735352,344900
FTS.TO,2009-05-29,24.040000915527344,24.040000915527344,23.829999923706055,24.0,12.667362213134766,520200
FTS.TO,2009-06-01,24.110000610351562,24.239999771118164,23.760000228881836,23.899999618530273,12.614578247070312,608200
FTS.TO,2009-06-02,24.09000015258789,24.489999771118164,23.899999618530273,24.350000381469727,12.852095603942871,460800
FTS.TO,2009-06-03,24.299999237060547,24.299999237060547,23.670000076293945,23.690000534057617,12.503738403320312,300100
FTS.TO,2009-06-04,23.950000762939453,24.239999771118164,23.719999313354492,24.190000534057617,12.767640113830566,301800
FTS.TO,2009-06-05,24.299999237060547,24.3700008392334,23.81999969482422,24.06999969482422,12.704304695129395,483400
FTS.TO,2009-06-08,24.100000381469727,24.239999771118164,23.899999618530273,24.1200008392334,12.730700492858887,389900
FTS.TO,2009-06-09,24.450000762939453,24.940000534057617,24.280000686645508,24.530000686645508,12.947100639343262,393200
FTS.TO,2009-06-10,24.84000015258789,24.889999389648438,24.40999984741211,24.81999969482422,13.100163459777832,471400
FTS.TO,2009-06-11,24.700000762939453,25.229999542236328,24.549999237060547,25.049999237060547,13.221558570861816,296200
FTS.TO,2009-06-12,25.100000381469727,25.5,24.950000762939453,25.25,13.327116966247559,431100
FTS.TO,2009-06-15,25.200000762939453,25.200000762939453,24.549999237060547,24.75,13.063215255737305,337800
FTS.TO,2009-06-16,25.149999618530273,25.149999618530273,24.600000381469727,24.799999237060547,13.089603424072266,287200
FTS.TO,2009-06-17,25.030000686645508,25.030000686645508,24.25,24.3700008392334,12.862648010253906,413100
FTS.TO,2009-06-18,24.3700008392334,24.739999771118164,24.260000228881836,24.690000534057617,13.031545639038086,337600
FTS.TO,2009-06-19,24.8700008392334,25.1200008392334,24.649999618530273,25.020000457763672,13.205723762512207,886600
FTS.TO,2009-06-22,24.899999618530273,25.270000457763672,24.770000457763672,25.209999084472656,13.306000709533691,605400
FTS.TO,2009-06-23,25.299999237060547,25.299999237060547,24.700000762939453,25.149999618530273,13.274340629577637,686600
FTS.TO,2009-06-24,25.170000076293945,25.700000762939453,25.170000076293945,25.6299991607666,13.527681350708008,525600
FTS.TO,2009-06-25,25.600000381469727,26.1200008392334,25.549999237060547,25.969999313354492,13.707136154174805,743800
FTS.TO,2009-06-26,25.950000762939453,26.0,25.6299991607666,26.0,13.722970008850098,404000
FTS.TO,2009-06-29,25.90999984741211,26.239999771118164,25.860000610351562,26.190000534057617,13.823253631591797,433200
FTS.TO,2009-06-30,26.020000457763672,26.25,25.209999084472656,25.40999984741211,13.411568641662598,646900
FTS.TO,2009-07-02,25.5,26.030000686645508,25.399999618530273,25.719999313354492,13.575188636779785,438200
FTS.TO,2009-07-03,25.700000762939453,25.93000030517578,25.5,25.780000686645508,13.606853485107422,106800
FTS.TO,2009-07-06,25.5,25.799999237060547,25.190000534057617,25.530000686645508,13.474905014038086,302700
FTS.TO,2009-07-07,25.65999984741211,25.729999542236328,24.75,24.799999237060547,13.089603424072266,584000
FTS.TO,2009-07-08,24.670000076293945,24.989999771118164,24.0,24.219999313354492,12.783479690551758,835400
FTS.TO,2009-07-09,24.1200008392334,24.899999618530273,24.1200008392334,24.850000381469727,13.115998268127441,509400
FTS.TO,2009-07-10,24.850000381469727,25.25,24.649999618530273,25.170000076293945,13.284891128540039,353600
FTS.TO,2009-07-13,25.34000015258789,25.40999984741211,24.8700008392334,25.239999771118164,13.321840286254883,346100
FTS.TO,2009-07-14,25.299999237060547,25.600000381469727,25.1299991607666,25.469999313354492,13.443236351013184,268500
FTS.TO,2009-07-15,25.649999618530273,25.979999542236328,25.600000381469727,25.829999923706055,13.633249282836914,434800
FTS.TO,2009-07-16,25.93000030517578,25.93000030517578,25.350000381469727,25.520000457763672,13.469627380371094,337200
FTS.TO,2009-07-17,25.649999618530273,25.799999237060547,25.360000610351562,25.719999313354492,13.575188636779785,424600
FTS.TO,2009-07-20,25.940000534057617,26.190000534057617,25.719999313354492,25.90999984741211,13.675470352172852,336800
FTS.TO,2009-07-21,25.860000610351562,26.079999923706055,25.549999237060547,25.700000762939453,13.564628601074219,720900
FTS.TO,2009-07-22,25.799999237060547,25.850000381469727,25.399999618530273,25.5,13.459068298339844,423800
FTS.TO,2009-07-23,25.420000076293945,25.600000381469727,25.309999465942383,25.34000015258789,13.374625205993652,446900
FTS.TO,2009-07-24,25.389999389648438,25.389999389648438,24.989999771118164,25.260000228881836,13.332396507263184,334700
FTS.TO,2009-07-27,25.200000762939453,25.790000915527344,25.1299991607666,25.75,13.591025352478027,550700
FTS.TO,2009-07-28,25.75,25.799999237060547,25.260000228881836,25.260000228881836,13.332396507263184,296900
FTS.TO,2009-07-29,25.389999389648438,25.649999618530273,25.1299991607666,25.559999465942383,13.49073600769043,354500
FTS.TO,2009-07-30,25.700000762939453,26.09000015258789,25.579999923706055,25.729999542236328,13.580458641052246,301600
FTS.TO,2009-07-31,25.799999237060547,25.850000381469727,25.459999084472656,25.459999084472656,13.437956809997559,427000
FTS.TO,2009-08-04,25.709999084472656,25.920000076293945,25.610000610351562,25.75,13.591025352478027,753700
FTS.TO,2009-08-05,25.649999618530273,25.790000915527344,25.59000015258789,25.6299991607666,13.665664672851562,497700
FTS.TO,2009-08-06,25.860000610351562,25.979999542236328,25.510000228881836,25.75,13.729652404785156,461600
FTS.TO,2009-08-07,25.899999618530273,25.940000534057617,25.100000381469727,25.15999984741211,13.415068626403809,666400
FTS.TO,2009-08-10,25.200000762939453,25.270000457763672,24.860000610351562,25.100000381469727,13.383076667785645,267400
FTS.TO,2009-08-11,25.100000381469727,25.100000381469727,24.65999984741211,24.899999618530273,13.276437759399414,309600
FTS.TO,2009-08-12,25.040000915527344,25.1299991607666,24.8799991607666,25.040000915527344,13.351088523864746,380100
FTS.TO,2009-08-13,25.1299991607666,25.270000457763672,24.850000381469727,25.270000457763672,13.473719596862793,403200
FTS.TO,2009-08-14,25.270000457763672,25.440000534057617,25.100000381469727,25.309999465942383,13.495051383972168,230800
FTS.TO,2009-08-17,25.100000381469727,25.190000534057617,24.84000015258789,24.920000076293945,13.287102699279785,191000
FTS.TO,2009-08-18,24.90999984741211,25.360000610351562,24.899999618530273,25.299999237060547,13.489714622497559,218700
FTS.TO,2009-08-19,25.290000915527344,25.75,24.90999984741211,25.450000762939453,13.569695472717285,396500
FTS.TO,2009-08-20,25.399999618530273,25.899999618530273,25.399999618530273,25.610000610351562,13.655010223388672,251400
FTS.TO,2009-08-21,25.8700008392334,25.899999618530273,25.610000610351562,25.729999542236328,13.718984603881836,229700
FTS.TO,2009-08-24,25.700000762939453,25.989999771118164,25.68000030517578,25.920000076293945,13.820294380187988,301200
FTS.TO,2009-08-25,25.93000030517578,25.969999313354492,25.3799991607666,25.440000534057617,13.564364433288574,415600
FTS.TO,2009-08-26,25.440000534057617,25.469999313354492,25.0,25.010000228881836,13.335089683532715,905200
FTS.TO,2009-08-27,25.06999969482422,25.600000381469727,24.75,25.399999618530273,13.543030738830566,491800
FTS.TO,2009-08-28,25.399999618530273,25.459999084472656,25.100000381469727,25.139999389648438,13.404403686523438,295200
FTS.TO,2009-08-31,25.139999389648438,25.139999389648438,24.610000610351562,24.90999984741211,13.281766891479492,434400
FTS.TO,2009-09-01,24.90999984741211,25.34000015258789,24.75,24.899999618530273,13.276437759399414,382800
FTS.TO,2009-09-02,24.799999237060547,24.989999771118164,24.649999618530273,24.649999618530273,13.143141746520996,423700
FTS.TO,2009-09-03,24.75,25.100000381469727,24.6200008392334,24.6299991607666,13.132474899291992,480500
FTS.TO,2009-09-04,24.8799991607666,25.190000534057617,24.850000381469727,25.190000534057617,13.431069374084473,342700
FTS.TO,2009-09-08,25.190000534057617,25.299999237060547,24.809999465942383,24.8700008392334,13.260440826416016,286300
FTS.TO,2009-09-09,25.0,25.040000915527344,24.6299991607666,24.6299991607666,13.132474899291992,369100
FTS.TO,2009-09-10,24.639999389648438,24.989999771118164,24.639999389648438,24.989999771118164,13.32442569732666,384100
FTS.TO,2009-09-11,25.0,25.0,24.719999313354492,24.809999465942383,13.2284517288208,295600
FTS.TO,2009-09-14,24.84000015258789,25.329999923706055,24.809999465942383,25.149999618530273,13.409735679626465,469500
FTS.TO,2009-09-15,25.149999618530273,25.360000610351562,24.979999542236328,25.049999237060547,13.356416702270508,362100
FTS.TO,2009-09-16,25.15999984741211,25.350000381469727,25.06999969482422,25.229999542236328,13.452385902404785,342900
FTS.TO,2009-09-17,25.299999237060547,25.299999237060547,24.950000762939453,25.0,13.329761505126953,327700
FTS.TO,2009-09-18,25.100000381469727,25.100000381469727,24.899999618530273,24.899999618530273,13.276437759399414,755500
FTS.TO,2009-09-21,25.0,25.040000915527344,24.719999313354492,24.739999771118164,13.191130638122559,348500
FTS.TO,2009-09-22,24.889999389648438,25.350000381469727,24.760000228881836,25.350000381469727,13.516380310058594,423100
FTS.TO,2009-09-23,25.34000015258789,25.389999389648438,25.110000610351562,25.280000686645508,13.479052543640137,313700
FTS.TO,2009-09-24,25.329999923706055,25.389999389648438,24.81999969482422,25.149999618530273,13.409735679626465,440100
FTS.TO,2009-09-25,25.149999618530273,25.190000534057617,24.860000610351562,24.860000610351562,13.255115509033203,229000
FTS.TO,2009-09-28,25.020000457763672,25.200000762939453,24.8799991607666,24.979999542236328,13.319098472595215,323300
FTS.TO,2009-09-29,25.09000015258789,25.09000015258789,24.829999923706055,24.989999771118164,13.32442569732666,269500
FTS.TO,2009-09-30,25.079999923706055,25.09000015258789,24.809999465942383,24.979999542236328,13.319098472595215,724600
FTS.TO,2009-10-01,24.959999084472656,25.06999969482422,24.75,24.799999237060547,13.223113059997559,469300
FTS.TO,2009-10-02,24.799999237060547,25.06999969482422,24.610000610351562,24.68000030517578,13.159139633178711,378900
FTS.TO,2009-10-05,24.790000915527344,25.200000762939453,24.65999984741211,25.190000534057617,13.431069374084473,271700
FTS.TO,2009-10-06,25.190000534057617,25.75,25.020000457763672,25.700000762939453,13.702993392944336,577200
FTS.TO,2009-10-07,25.700000762939453,25.700000762939453,25.40999984741211,25.5,13.596349716186523,349700
FTS.TO,2009-10-08,25.5,25.649999618530273,25.450000762939453,25.5,13.596349716186523,622800
FTS.TO,2009-10-09,25.520000457763672,25.739999771118164,25.40999984741211,25.489999771118164,13.591017723083496,315200
FTS.TO,2009-10-13,25.5,25.510000228881836,25.1200008392334,25.1200008392334,13.393735885620117,245600
FTS.TO,2009-10-14,25.299999237060547,25.350000381469727,25.079999923706055,25.139999389648438,13.404403686523438,307900
FTS.TO,2009-10-15,25.149999618530273,25.5,25.09000015258789,25.459999084472656,13.575028419494629,223600
FTS.TO,2009-10-16,25.479999542236328,25.75,25.25,25.690000534057617,13.697651863098145,278700
FTS.TO,2009-10-19,25.729999542236328,25.799999237060547,25.549999237060547,25.649999618530273,13.6763334274292,225400
FTS.TO,2009-10-20,25.610000610351562,25.709999084472656,25.290000915527344,25.59000015258789,13.644342422485352,246800
FTS.TO,2009-10-21,25.579999923706055,25.780000686645508,25.31999969482422,25.3799991607666,13.532364845275879,233200
FTS.TO,2009-10-22,25.489999771118164,25.860000610351562,25.389999389648438,25.850000381469727,13.782971382141113,477500
FTS.TO,2009-10-23,25.889999389648438,25.950000762939453,25.649999618530273,25.93000030517578,13.825618743896484,410200
FTS.TO,2009-10-26,25.950000762939453,25.969999313354492,25.65999984741211,25.81999969482422,13.766977310180664,1107100
FTS.TO,2009-10-27,25.8799991607666,26.18000030517578,25.770000457763672,25.940000534057617,13.830957412719727,421500
FTS.TO,2009-10-28,25.959999084472656,26.239999771118164,25.559999465942383,25.639999389648438,13.671002388000488,559200
FTS.TO,2009-10-29,25.799999237060547,25.799999237060547,25.280000686645508,25.299999237060547,13.489714622497559,545700
FTS.TO,2009-10-30,25.399999618530273,25.420000076293945,25.059999465942383,25.299999237060547,13.489714622497559,510000
FTS.TO,2009-11-02,25.139999389648438,25.59000015258789,25.100000381469727,25.360000610351562,13.521706581115723,258000
FTS.TO,2009-11-03,25.299999237060547,25.530000686645508,25.209999084472656,25.479999542236328,13.585691452026367,356300
FTS.TO,2009-11-04,25.399999618530273,25.649999618530273,25.260000228881836,25.399999618530273,13.682649612426758,422900
FTS.TO,2009-11-05,25.43000030517578,25.809999465942383,25.270000457763672,25.809999465942383,13.903514862060547,353800
FTS.TO,2009-11-06,25.809999465942383,25.860000610351562,25.43000030517578,25.860000610351562,13.930445671081543,488700
FTS.TO,2009-11-09,25.979999542236328,26.649999618530273,25.940000534057617,26.59000015258789,14.323695182800293,596900
FTS.TO,2009-11-10,26.5,26.59000015258789,25.860000610351562,26.399999618530273,14.221341133117676,367800
FTS.TO,2009-11-11,26.690000534057617,26.8700008392334,26.450000762939453,26.479999542236328,14.264431953430176,275700
FTS.TO,2009-11-12,26.639999389648438,26.799999237060547,26.5,26.649999618530273,14.356006622314453,359100
FTS.TO,2009-11-13,26.5,26.760000228881836,26.280000686645508,26.600000381469727,14.329076766967773,344400
FTS.TO,2009-11-16,26.68000030517578,26.799999237060547,26.489999771118164,26.549999237060547,14.30214786529541,415000
FTS.TO,2009-11-17,26.510000228881836,27.1299991607666,26.510000228881836,26.899999618530273,14.490682601928711,313600
FTS.TO,2009-11-18,26.829999923706055,26.979999542236328,26.75,26.90999984741211,14.496071815490723,448200
FTS.TO,2009-11-19,26.979999542236328,26.979999542236328,26.260000228881836,26.440000534057617,14.242884635925293,411500
FTS.TO,2009-11-20,26.450000762939453,26.899999618530273,26.280000686645508,26.75,14.409882545471191,439200
FTS.TO,2009-11-23,26.84000015258789,26.84000015258789,26.360000610351562,26.549999237060547,14.30214786529541,392900
FTS.TO,2009-11-24,26.670000076293945,26.670000076293945,26.020000457763672,26.040000915527344,14.027414321899414,484500
FTS.TO,2009-11-25,26.190000534057617,26.399999618530273,26.1299991607666,26.25,14.140534400939941,366200
FTS.TO,2009-11-26,26.31999969482422,26.31999969482422,25.709999084472656,26.190000534057617,14.108214378356934,290200
FTS.TO,2009-11-27,25.889999389648438,26.440000534057617,25.780000686645508,26.06999969482422,14.043577194213867,211200
FTS.TO,2009-11-30,26.25,26.260000228881836,26.079999923706055,26.110000610351562,14.065117835998535,419200
FTS.TO,2009-12-01,26.350000381469727,26.59000015258789,26.190000534057617,26.280000686645508,14.156699180603027,361100
FTS.TO,2009-12-02,26.389999389648438,26.65999984741211,26.25,26.489999771118164,14.269818305969238,353100
FTS.TO,2009-12-03,26.5,26.670000076293945,26.309999465942383,26.56999969482422,14.312917709350586,311800
FTS.TO,2009-12-04,26.610000610351562,26.979999542236328,26.610000610351562,26.770000457763672,14.420652389526367,483200
FTS.TO,2009-12-07,26.850000381469727,27.110000610351562,26.799999237060547,27.0,14.544548988342285,450600
FTS.TO,2009-12-08,27.0,27.010000228881836,26.549999237060547,26.610000610351562,14.334464073181152,467100
FTS.TO,2009-12-09,26.690000534057617,27.139999389648438,26.600000381469727,27.139999389648438,14.619972229003906,331700
FTS.TO,2009-12-10,27.139999389648438,27.530000686645508,27.06999969482422,27.489999771118164,14.808505058288574,327100
FTS.TO,2009-12-11,27.600000381469727,27.920000076293945,27.559999465942383,27.81999969482422,14.986276626586914,412900
FTS.TO,2009-12-14,27.989999771118164,28.3700008392334,27.899999618530273,28.15999984741211,15.16943073272705,363800
FTS.TO,2009-12-15,28.149999618530273,28.649999618530273,28.06999969482422,28.299999237060547,15.244847297668457,611200
FTS.TO,2009-12-16,28.299999237060547,28.68000030517578,28.18000030517578,28.290000915527344,15.239461898803711,850000
FTS.TO,2009-12-17,28.100000381469727,28.8799991607666,28.010000228881836,28.84000015258789,15.535736083984375,977400
FTS.TO,2009-12-18,28.850000381469727,29.239999771118164,28.600000381469727,28.610000610351562,15.411837577819824,1557300
FTS.TO,2009-12-21,28.84000015258789,28.90999984741211,28.479999542236328,28.639999389648438,15.428000450134277,312200
FTS.TO,2009-12-22,28.549999237060547,28.709999084472656,28.34000015258789,28.579999923706055,15.395681381225586,310900
FTS.TO,2009-12-23,28.68000030517578,28.84000015258789,28.209999084472656,28.350000381469727,15.271782875061035,258400
FTS.TO,2009-12-24,28.350000381469727,28.75,28.219999313354492,28.700000762939453,15.460315704345703,109000
FTS.TO,2009-12-29,28.700000762939453,28.899999618530273,28.639999389648438,28.860000610351562,15.546516418457031,230000
FTS.TO,2009-12-30,28.719999313354492,28.889999389648438,28.510000228881836,28.739999771118164,15.481871604919434,128800
FTS.TO,2009-12-31,28.75,28.950000762939453,28.670000076293945,28.68000030517578,15.449549674987793,136700
FTS.TO,2010-01-04,28.829999923706055,28.889999389648438,28.520000457763672,28.649999618530273,15.433394432067871,310000
FTS.TO,2010-01-05,28.549999237060547,28.700000762939453,28.31999969482422,28.479999542236328,15.341804504394531,314000
FTS.TO,2010-01-06,28.420000076293945,28.729999542236328,28.280000686645508,28.56999969482422,15.390288352966309,511200
FTS.TO,2010-01-07,28.600000381469727,28.600000381469727,28.149999618530273,28.3799991607666,15.287936210632324,400700
FTS.TO,2010-01-08,28.440000534057617,28.780000686645508,28.440000534057617,28.700000762939453,15.460315704345703,373800
FTS.TO,2010-01-11,28.700000762939453,28.709999084472656,28.299999237060547,28.440000534057617,15.320263862609863,204900
FTS.TO,2010-01-12,28.450000762939453,28.899999618530273,28.43000030517578,28.5,15.352581024169922,338200
FTS.TO,2010-01-13,28.549999237060547,28.6299991607666,28.31999969482422,28.440000534057617,15.320263862609863,363200
FTS.TO,2010-01-14,28.520000457763672,28.65999984741211,28.350000381469727,28.65999984741211,15.438774108886719,494300
FTS.TO,2010-01-15,28.690000534057617,28.799999237060547,28.299999237060547,28.459999084472656,15.331033706665039,571000
FTS.TO,2010-01-18,28.510000228881836,28.780000686645508,28.3700008392334,28.639999389648438,15.428000450134277,236700
FTS.TO,2010-01-19,28.75,28.920000076293945,28.649999618530273,28.780000686645508,15.503416061401367,326600
FTS.TO,2010-01-20,28.780000686645508,28.799999237060547,28.309999465942383,28.479999542236328,15.341804504394531,459300
FTS.TO,2010-01-21,28.5,28.549999237060547,28.280000686645508,28.399999618530273,15.298713684082031,347700
FTS.TO,2010-01-22,28.399999618530273,28.450000762939453,28.010000228881836,28.389999389648438,15.293327331542969,337500
FTS.TO,2010-01-25,28.399999618530273,28.579999923706055,28.1299991607666,28.5,15.352581024169922,364800
FTS.TO,2010-01-26,28.40999984741211,28.450000762939453,28.0,28.15999984741211,15.16943073272705,442700
FTS.TO,2010-01-27,28.25,28.350000381469727,27.989999771118164,28.299999237060547,15.244847297668457,267100
FTS.TO,2010-01-28,28.450000762939453,28.469999313354492,28.020000457763672,28.149999618530273,15.164041519165039,471600
FTS.TO,2010-01-29,28.100000381469727,28.18000030517578,27.649999618530273,27.700000762939453,14.921636581420898,464300
FTS.TO,2010-02-01,27.760000228881836,28.18000030517578,27.760000228881836,28.020000457763672,15.094015121459961,397700
FTS.TO,2010-02-02,28.030000686645508,28.489999771118164,27.959999084472656,28.34000015258789,15.266397476196289,585400
FTS.TO,2010-02-03,28.229999542236328,28.469999313354492,28.170000076293945,28.260000228881836,15.375205039978027,715200
FTS.TO,2010-02-04,28.260000228881836,28.260000228881836,27.690000534057617,27.760000228881836,15.103172302246094,495000
FTS.TO,2010-02-05,27.889999389648438,27.889999389648438,27.43000030517578,27.59000015258789,15.010682106018066,505700
FTS.TO,2010-02-08,27.649999618530273,27.649999618530273,27.25,27.299999237060547,14.8529052734375,537000
FTS.TO,2010-02-09,27.43000030517578,27.459999084472656,26.8700008392334,26.8799991607666,14.624396324157715,707500
FTS.TO,2010-02-10,26.989999771118164,27.190000534057617,26.729999542236328,26.75,14.553668022155762,993600
FTS.TO,2010-02-11,26.8799991607666,26.8799991607666,26.459999084472656,26.540000915527344,14.439421653747559,603000
FTS.TO,2010-02-12,26.600000381469727,26.739999771118164,26.450000762939453,26.690000534057617,14.521024703979492,525100
FTS.TO,2010-02-16,26.809999465942383,27.440000534057617,26.799999237060547,27.3700008392334,14.89099407196045,416300
FTS.TO,2010-02-17,27.389999389648438,27.530000686645508,27.31999969482422,27.34000015258789,14.87466812133789,308900
FTS.TO,2010-02-18,27.5,27.65999984741211,27.020000457763672,27.1200008392334,14.754971504211426,452500
FTS.TO,2010-02-19,27.350000381469727,27.899999618530273,27.079999923706055,27.899999618530273,15.179340362548828,442200
FTS.TO,2010-02-22,27.920000076293945,27.920000076293945,27.3700008392334,27.450000762939453,14.934515953063965,382200
FTS.TO,2010-02-23,27.520000457763672,27.579999923706055,27.209999084472656,27.420000076293945,14.918194770812988,324600
FTS.TO,2010-02-24,27.5,27.5,27.209999084472656,27.3799991607666,14.896430969238281,393200
FTS.TO,2010-02-25,27.299999237060547,27.399999618530273,27.040000915527344,27.100000381469727,14.744094848632812,392800
FTS.TO,2010-02-26,27.190000534057617,27.5,27.1299991607666,27.270000457763672,14.836592674255371,586300
FTS.TO,2010-03-01,27.450000762939453,27.940000534057617,27.450000762939453,27.850000381469727,15.152144432067871,340500
FTS.TO,2010-03-02,27.850000381469727,28.229999542236328,27.75,28.190000534057617,15.337122917175293,281400
FTS.TO,2010-03-03,28.229999542236328,28.34000015258789,28.010000228881836,28.329999923706055,15.413290023803711,342800
FTS.TO,2010-03-04,28.350000381469727,28.549999237060547,28.350000381469727,28.5,15.50578498840332,423300
FTS.TO,2010-03-05,28.420000076293945,28.84000015258789,28.420000076293945,28.829999923706055,15.685322761535645,442500
FTS.TO,2010-03-08,28.8700008392334,28.8700008392334,28.610000610351562,28.719999313354492,15.625467300415039,309300
FTS.TO,2010-03-09,28.790000915527344,28.860000610351562,28.610000610351562,28.719999313354492,15.625467300415039,187500
FTS.TO,2010-03-10,28.770000457763672,28.770000457763672,28.299999237060547,28.389999389648438,15.44593620300293,222200
FTS.TO,2010-03-11,28.200000762939453,28.3700008392334,28.06999969482422,28.350000381469727,15.424169540405273,526200
FTS.TO,2010-03-12,28.559999465942383,28.559999465942383,28.170000076293945,28.559999465942383,15.538418769836426,634800
FTS.TO,2010-03-15,28.600000381469727,28.899999618530273,28.56999969482422,28.8700008392334,15.70708179473877,488400
FTS.TO,2010-03-16,28.760000228881836,29.100000381469727,28.709999084472656,28.860000610351562,15.701645851135254,682900
FTS.TO,2010-03-17,28.860000610351562,29.1200008392334,28.65999984741211,28.969999313354492,15.761483192443848,432900
FTS.TO,2010-03-18,29.030000686645508,29.219999313354492,28.969999313354492,29.1200008392334,15.843103408813477,432000
FTS.TO,2010-03-19,29.1200008392334,29.1200008392334,28.18000030517578,28.229999542236328,15.358884811401367,2022500
FTS.TO,2010-03-22,28.149999618530273,28.75,28.149999618530273,28.700000762939453,15.61458683013916,774800
FTS.TO,2010-03-23,28.700000762939453,29.1299991607666,28.649999618530273,29.020000457763672,15.788692474365234,697400
FTS.TO,2010-03-24,28.889999389648438,29.059999465942383,28.709999084472656,28.760000228881836,15.647232055664062,829400
FTS.TO,2010-03-25,28.90999984741211,29.110000610351562,28.770000457763672,29.040000915527344,15.799575805664062,617800
FTS.TO,2010-03-26,29.040000915527344,29.100000381469727,28.6299991607666,28.799999237060547,15.668998718261719,580300
FTS.TO,2010-03-29,28.829999923706055,29.09000015258789,28.579999923706055,29.020000457763672,15.788692474365234,251400
FTS.TO,2010-03-30,29.139999389648438,29.31999969482422,28.93000030517578,29.020000457763672,15.788692474365234,213000
FTS.TO,2010-03-31,29.0,29.18000030517578,28.610000610351562,28.889999389648438,15.717967987060547,425300
FTS.TO,2010-04-01,29.040000915527344,29.239999771118164,28.780000686645508,28.989999771118164,15.772371292114258,320000
FTS.TO,2010-04-05,29.049999237060547,29.100000381469727,28.93000030517578,29.0,15.777820587158203,176400
FTS.TO,2010-04-06,28.899999618530273,29.09000015258789,28.6200008392334,28.719999313354492,15.625467300415039,348600
FTS.TO,2010-04-07,28.829999923706055,28.829999923706055,28.459999084472656,28.59000015258789,15.554738998413086,362700
FTS.TO,2010-04-08,28.520000457763672,28.59000015258789,28.110000610351562,28.420000076293945,15.462257385253906,277400
FTS.TO,2010-04-09,28.360000610351562,28.489999771118164,28.209999084472656,28.450000762939453,15.478575706481934,148800
FTS.TO,2010-04-12,28.440000534057617,28.6299991607666,28.399999618530273,28.469999313354492,15.489456176757812,117800
FTS.TO,2010-04-13,28.40999984741211,28.540000915527344,28.209999084472656,28.209999084472656,15.347999572753906,164300
FTS.TO,2010-04-14,28.260000228881836,28.260000228881836,28.010000228881836,28.149999618530273,15.315363883972168,298600
FTS.TO,2010-04-15,28.030000686645508,28.100000381469727,27.600000381469727,27.760000228881836,15.103172302246094,502800
FTS.TO,2010-04-16,27.75,27.81999969482422,27.610000610351562,27.81999969482422,15.135817527770996,453600
FTS.TO,2010-04-19,27.760000228881836,28.079999923706055,27.6299991607666,28.059999465942383,15.266393661499023,805600
FTS.TO,2010-04-20,27.979999542236328,28.31999969482422,27.959999084472656,28.309999465942383,15.402400016784668,379400
FTS.TO,2010-04-21,28.309999465942383,28.3799991607666,27.989999771118164,28.110000610351562,15.293588638305664,427000
FTS.TO,2010-04-22,28.1299991607666,28.1299991607666,27.850000381469727,28.030000686645508,15.250067710876465,379900
FTS.TO,2010-04-23,28.030000686645508,28.469999313354492,27.940000534057617,28.43000030517578,15.467696189880371,339700
FTS.TO,2010-04-26,28.399999618530273,28.59000015258789,28.309999465942383,28.489999771118164,15.500341415405273,216600
FTS.TO,2010-04-27,28.610000610351562,28.790000915527344,28.31999969482422,28.5,15.50578498840332,432300
FTS.TO,2010-04-28,28.489999771118164,28.639999389648438,27.790000915527344,27.809999465942383,15.13037395477295,263500
FTS.TO,2010-04-29,27.989999771118164,27.989999771118164,27.110000610351562,27.469999313354492,14.945391654968262,555000
FTS.TO,2010-04-30,27.5,28.299999237060547,27.489999771118164,28.049999237060547,15.260954856872559,595000
FTS.TO,2010-05-03,28.209999084472656,28.309999465942383,27.719999313354492,28.010000228881836,15.239191055297852,426400
FTS.TO,2010-05-04,28.0,28.09000015258789,27.510000228881836,28.079999923706055,15.27727222442627,2069700
FTS.TO,2010-05-05,27.520000457763672,27.540000915527344,26.950000762939453,27.0,14.837638854980469,587400
FTS.TO,2010-05-06,27.0,27.0,21.600000381469727,26.260000228881836,14.430977821350098,1039900
FTS.TO,2010-05-07,26.3700008392334,26.3700008392334,25.510000228881836,25.780000686645508,14.167198181152344,820000
FTS.TO,2010-05-10,26.739999771118164,27.100000381469727,26.729999542236328,27.079999923706055,14.881609916687012,694100
FTS.TO,2010-05-11,27.079999923706055,27.5,26.940000534057617,27.360000610351562,15.035476684570312,391500
FTS.TO,2010-05-12,27.489999771118164,27.709999084472656,27.3700008392334,27.5,15.112405776977539,602200
FTS.TO,2010-05-13,27.5,27.84000015258789,27.360000610351562,27.450000762939453,15.084935188293457,362500
FTS.TO,2010-05-14,27.450000762939453,27.450000762939453,26.809999465942383,27.09000015258789,14.887100219726562,473200
FTS.TO,2010-05-17,27.020000457763672,27.079999923706055,26.209999084472656,26.6200008392334,14.628816604614258,453200
FTS.TO,2010-05-18,26.860000610351562,27.040000915527344,26.34000015258789,26.610000610351562,14.623312950134277,269000
FTS.TO,2010-05-19,26.649999618530273,26.690000534057617,26.209999084472656,26.399999618530273,14.507917404174805,402700
FTS.TO,2010-05-20,26.200000762939453,26.219999313354492,25.610000610351562,25.760000228881836,14.15621280670166,476800
FTS.TO,2010-05-21,25.549999237060547,26.5,25.139999389648438,26.469999313354492,14.54638385772705,448200
FTS.TO,2010-05-25,26.170000076293945,26.18000030517578,25.600000381469727,26.100000381469727,14.343052864074707,471400
FTS.TO,2010-05-26,26.200000762939453,26.489999771118164,25.540000915527344,25.940000534057617,14.255127906799316,394800
FTS.TO,2010-05-27,26.049999237060547,26.56999969482422,26.049999237060547,26.5,14.5628662109375,1157400
FTS.TO,2010-05-28,26.600000381469727,27.100000381469727,26.450000762939453,26.829999923706055,14.744218826293945,313900
FTS.TO,2010-05-31,27.1200008392334,27.1200008392334,26.549999237060547,26.959999084472656,14.815662384033203,207000
FTS.TO,2010-06-01,26.959999084472656,27.329999923706055,26.510000228881836,27.110000610351562,14.898091316223145,1819100
FTS.TO,2010-06-02,27.329999923706055,27.719999313354492,27.149999618530273,27.6200008392334,15.178357124328613,325900
FTS.TO,2010-06-03,27.75,27.799999237060547,27.350000381469727,27.739999771118164,15.24429988861084,265700
FTS.TO,2010-06-04,27.739999771118164,27.739999771118164,27.049999237060547,27.219999313354492,14.958537101745605,353100
FTS.TO,2010-06-07,27.399999618530273,27.6200008392334,27.170000076293945,27.239999771118164,14.96953296661377,261200
FTS.TO,2010-06-08,27.299999237060547,27.440000534057617,26.700000762939453,27.3799991607666,15.046464920043945,321400
FTS.TO,2010-06-09,27.5,27.520000457763672,27.06999969482422,27.110000610351562,14.898091316223145,236300
FTS.TO,2010-06-10,27.219999313354492,27.690000534057617,27.219999313354492,27.530000686645508,15.12890625,226200
FTS.TO,2010-06-11,27.68000030517578,27.739999771118164,27.520000457763672,27.600000381469727,15.16736888885498,174200
FTS.TO,2010-06-14,27.719999313354492,27.989999771118164,27.690000534057617,27.8700008392334,15.315742492675781,289500
FTS.TO,2010-06-15,27.889999389648438,28.299999237060547,27.889999389648438,28.149999618530273,15.469614028930664,2020500
FTS.TO,2010-06-16,28.139999389648438,28.229999542236328,28.010000228881836,28.079999923706055,15.431144714355469,298400
FTS.TO,2010-06-17,28.100000381469727,28.149999618530273,27.8799991607666,28.139999389648438,15.464125633239746,223900
FTS.TO,2010-06-18,28.139999389648438,28.34000015258789,28.040000915527344,28.09000015258789,15.436643600463867,994400
FTS.TO,2010-06-21,28.280000686645508,28.350000381469727,28.1299991607666,28.200000762939453,15.497089385986328,264900
FTS.TO,2010-06-22,28.200000762939453,28.209999084472656,27.799999237060547,27.81999969482422,15.288263320922852,281400
FTS.TO,2010-06-23,27.979999542236328,27.979999542236328,27.360000610351562,27.420000076293945,15.068448066711426,286600
FTS.TO,2010-06-24,27.489999771118164,27.530000686645508,27.1200008392334,27.440000534057617,15.07944107055664,185100
FTS.TO,2010-06-25,27.549999237060547,27.610000610351562,27.149999618530273,27.520000457763672,15.123397827148438,269100
FTS.TO,2010-06-28,27.610000610351562,27.790000915527344,27.270000457763672,27.75,15.249796867370605,287400
FTS.TO,2010-06-29,27.530000686645508,27.709999084472656,26.979999542236328,26.979999542236328,14.826651573181152,412000
FTS.TO,2010-06-30,26.920000076293945,27.34000015258789,26.799999237060547,27.18000030517578,14.936554908752441,465800
FTS.TO,2010-07-02,27.34000015258789,27.489999771118164,27.010000228881836,27.15999984741211,14.92556381225586,223400
FTS.TO,2010-07-05,27.229999542236328,27.3799991607666,26.829999923706055,26.850000381469727,14.755207061767578,134500
FTS.TO,2010-07-06,27.0,27.360000610351562,26.90999984741211,27.079999923706055,14.881609916687012,287900
FTS.TO,2010-07-07,27.18000030517578,27.450000762939453,27.059999465942383,27.440000534057617,15.07944107055664,485800
FTS.TO,2010-07-08,27.610000610351562,27.729999542236328,27.049999237060547,27.729999542236328,15.23880386352539,403600
FTS.TO,2010-07-09,27.729999542236328,28.239999771118164,27.56999969482422,28.239999771118164,15.519070625305176,328300
FTS.TO,2010-07-12,28.25,28.329999923706055,27.8799991607666,28.1200008392334,15.453125,175700
FTS.TO,2010-07-13,28.25,28.540000915527344,28.149999618530273,28.399999618530273,15.606995582580566,374300
FTS.TO,2010-07-14,28.389999389648438,28.479999542236328,27.969999313354492,28.0,15.387186050415039,286800
FTS.TO,2010-07-15,28.0,28.0,27.770000457763672,28.0,15.387186050415039,442200
FTS.TO,2010-07-16,28.0,28.079999923706055,27.649999618530273,27.729999542236328,15.23880386352539,495200
FTS.TO,2010-07-19,27.780000686645508,28.260000228881836,27.75,28.260000228881836,15.530062675476074,402100
FTS.TO,2010-07-20,28.110000610351562,28.940000534057617,28.049999237060547,28.899999618530273,15.8817720413208,533900
FTS.TO,2010-07-21,28.889999389648438,28.889999389648438,28.31999969482422,28.639999389648438,15.7388916015625,346200
FTS.TO,2010-07-22,28.799999237060547,28.889999389648438,28.489999771118164,28.729999542236328,15.788348197937012,363900
FTS.TO,2010-07-23,28.790000915527344,28.979999542236328,28.670000076293945,28.799999237060547,15.826814651489258,275800
FTS.TO,2010-07-26,28.940000534057617,29.040000915527344,28.860000610351562,28.959999084472656,15.914735794067383,358400
FTS.TO,2010-07-27,29.1200008392334,29.18000030517578,29.020000457763672,29.06999969482422,15.975191116333008,400800
FTS.TO,2010-07-28,29.010000228881836,29.170000076293945,28.739999771118164,29.020000457763672,15.947721481323242,336600
FTS.TO,2010-07-29,28.950000762939453,29.3700008392334,28.950000762939453,29.25,16.074113845825195,572400
FTS.TO,2010-07-30,29.239999771118164,29.360000610351562,29.06999969482422,29.25,16.074113845825195,330600
FTS.TO,2010-08-03,29.3700008392334,29.510000228881836,29.270000457763672,29.40999984741211,16.162038803100586,2163700
FTS.TO,2010-08-04,29.229999542236328,29.229999542236328,28.649999618530273,28.84000015258789,16.00113868713379,430300
FTS.TO,2010-08-05,28.979999542236328,29.09000015258789,28.559999465942383,28.610000610351562,15.87352466583252,855300
FTS.TO,2010-08-06,28.649999618530273,28.899999618530273,28.360000610351562,28.8799991607666,16.02332878112793,332300
FTS.TO,2010-08-09,29.030000686645508,29.030000686645508,28.709999084472656,28.850000381469727,16.006685256958008,287300
FTS.TO,2010-08-10,28.84000015258789,28.989999771118164,28.610000610351562,28.850000381469727,16.006685256958008,234800
FTS.TO,2010-08-11,28.84000015258789,28.84000015258789,28.280000686645508,28.399999618530273,15.757012367248535,510800
FTS.TO,2010-08-12,28.399999618530273,28.459999084472656,28.25,28.360000610351562,15.734819412231445,615500
FTS.TO,2010-08-13,28.40999984741211,28.719999313354492,28.350000381469727,28.59000015258789,15.862436294555664,248500
FTS.TO,2010-08-16,28.610000610351562,28.65999984741211,28.350000381469727,28.549999237060547,15.84024429321289,209700
FTS.TO,2010-08-17,28.739999771118164,28.829999923706055,28.350000381469727,28.690000534057617,15.917919158935547,207900
FTS.TO,2010-08-18,28.739999771118164,28.889999389648438,28.43000030517578,28.799999237060547,15.978941917419434,263200
FTS.TO,2010-08-19,28.75,28.84000015258789,28.350000381469727,28.68000030517578,15.91236400604248,295700
FTS.TO,2010-08-20,28.68000030517578,28.860000610351562,28.309999465942383,28.790000915527344,15.973400115966797,284300
FTS.TO,2010-08-23,28.84000015258789,29.1200008392334,28.780000686645508,29.059999465942383,16.12320327758789,320100
FTS.TO,2010-08-24,29.059999465942383,29.3799991607666,28.799999237060547,29.360000610351562,16.28964614868164,305100
FTS.TO,2010-08-25,29.1299991607666,29.40999984741211,28.920000076293945,29.15999984741211,16.178682327270508,495800
FTS.TO,2010-08-26,29.209999084472656,29.399999618530273,28.93000030517578,29.049999237060547,16.11764907836914,432500
FTS.TO,2010-08-27,29.200000762939453,29.239999771118164,28.850000381469727,29.110000610351562,16.150941848754883,793100
FTS.TO,2010-08-30,29.18000030517578,29.399999618530273,29.049999237060547,29.1299991607666,16.162036895751953,394300
FTS.TO,2010-08-31,29.18000030517578,29.5,29.0,29.489999771118164,16.361772537231445,2587600
FTS.TO,2010-09-01,29.489999771118164,30.100000381469727,29.450000762939453,30.0,16.644729614257812,628800
FTS.TO,2010-09-02,29.899999618530273,30.09000015258789,29.829999923706055,30.059999465942383,16.678016662597656,613700
FTS.TO,2010-09-03,30.100000381469727,30.540000915527344,30.100000381469727,30.5,16.92214584350586,583100
FTS.TO,2010-09-07,30.5,30.649999618530273,30.299999237060547,30.6200008392334,16.988733291625977,152600
FTS.TO,2010-09-08,30.56999969482422,30.75,30.489999771118164,30.540000915527344,16.944339752197266,1133700
FTS.TO,2010-09-09,30.540000915527344,30.790000915527344,30.0,30.0,16.644729614257812,501800
FTS.TO,2010-09-10,29.979999542236328,30.799999237060547,29.84000015258789,30.610000610351562,16.983182907104492,334000
FTS.TO,2010-09-13,30.780000686645508,30.969999313354492,30.639999389648438,30.969999313354492,17.18290901184082,543700
FTS.TO,2010-09-14,30.969999313354492,31.440000534057617,30.920000076293945,31.139999389648438,17.27723503112793,601500
FTS.TO,2010-09-15,31.09000015258789,31.209999084472656,30.719999313354492,30.940000534057617,17.166271209716797,379000
FTS.TO,2010-09-16,30.809999465942383,31.139999389648438,30.65999984741211,31.059999465942383,17.232845306396484,216700
FTS.TO,2010-09-17,31.280000686645508,31.280000686645508,30.799999237060547,30.969999313354492,17.18290901184082,824300
FTS.TO,2010-09-20,30.860000610351562,31.139999389648438,30.670000076293945,30.8700008392334,17.127431869506836,239000
FTS.TO,2010-09-21,31.040000915527344,31.190000534057617,30.780000686645508,30.809999465942383,17.094139099121094,324900
FTS.TO,2010-09-22,30.90999984741211,30.989999771118164,30.350000381469727,30.6299991607666,16.994272232055664,296800
FTS.TO,2010-09-23,30.600000381469727,30.889999389648438,30.059999465942383,30.18000030517578,16.74460220336914,432100
FTS.TO,2010-09-24,30.079999923706055,31.190000534057617,30.079999923706055,31.030000686645508,17.216203689575195,375000
FTS.TO,2010-09-27,31.149999618530273,31.350000381469727,31.040000915527344,31.1200008392334,17.266136169433594,298500
FTS.TO,2010-09-28,31.209999084472656,31.649999618530273,31.15999984741211,31.559999465942383,17.51026153564453,361700
FTS.TO,2010-09-29,31.690000534057617,32.38999938964844,31.6200008392334,32.36000061035156,17.954118728637695,809100
FTS.TO,2010-09-30,32.290000915527344,32.290000915527344,31.65999984741211,31.940000534057617,17.72110366821289,608300
FTS.TO,2010-10-01,31.860000610351562,32.189998626708984,31.65999984741211,31.65999984741211,17.565744400024414,333700
FTS.TO,2010-10-04,31.600000381469727,31.850000381469727,31.219999313354492,31.549999237060547,17.504711151123047,322500
FTS.TO,2010-10-05,31.739999771118164,31.899999618530273,31.360000610351562,31.559999465942383,17.51026153564453,327000
FTS.TO,2010-10-06,31.59000015258789,31.690000534057617,31.3700008392334,31.610000610351562,17.53800392150879,304100
FTS.TO,2010-10-07,31.530000686645508,32.0,31.399999618530273,31.979999542236328,17.743284225463867,608400
FTS.TO,2010-10-08,31.979999542236328,32.16999816894531,31.760000228881836,32.099998474121094,17.80986785888672,232600
FTS.TO,2010-10-12,32.16999816894531,32.38999938964844,32.0099983215332,32.29999923706055,17.92083168029785,190000
FTS.TO,2010-10-13,32.290000915527344,32.939998626708984,32.20000076293945,32.349998474121094,17.948570251464844,451500
FTS.TO,2010-10-14,32.349998474121094,32.40999984741211,32.2400016784668,32.27000045776367,17.904184341430664,304700
FTS.TO,2010-10-15,32.400001525878906,32.459999084472656,31.860000610351562,32.33000183105469,17.937480926513672,239100
FTS.TO,2010-10-18,32.36000061035156,32.43000030517578,32.2599983215332,32.43000030517578,17.992950439453125,182800
FTS.TO,2010-10-19,32.33000183105469,33.34000015258789,32.29999923706055,32.90999984741211,18.259275436401367,900000
FTS.TO,2010-10-20,32.90999984741211,32.9900016784668,32.560001373291016,32.66999816894531,18.12611198425293,437400
FTS.TO,2010-10-21,32.66999816894531,32.849998474121094,32.459999084472656,32.61000061035156,18.092824935913086,356200
FTS.TO,2010-10-22,32.61000061035156,32.84000015258789,32.529998779296875,32.689998626708984,18.137208938598633,195800
FTS.TO,2010-10-25,32.630001068115234,32.869998931884766,32.31999969482422,32.5,18.03179359436035,443200
FTS.TO,2010-10-26,32.41999816894531,32.59000015258789,32.08000183105469,32.20000076293945,17.865346908569336,373800
FTS.TO,2010-10-27,32.20000076293945,32.619998931884766,31.809999465942383,32.5,18.03179359436035,498700
FTS.TO,2010-10-28,32.400001525878906,32.56999969482422,32.11000061035156,32.31999969482422,17.931930541992188,338600
FTS.TO,2010-10-29,32.369998931884766,32.630001068115234,32.2599983215332,32.369998931884766,17.959667205810547,403500
FTS.TO,2010-11-01,32.540000915527344,32.84000015258789,32.459999084472656,32.84000015258789,18.220434188842773,326300
FTS.TO,2010-11-02,32.9900016784668,33.18000030517578,32.5099983215332,32.689998626708984,18.137208938598633,268600
FTS.TO,2010-11-03,32.61000061035156,33.0,32.25,33.0,18.309207916259766,378800
FTS.TO,2010-11-04,33.18000030517578,33.58000183105469,32.70000076293945,32.70000076293945,18.142759323120117,1047600
FTS.TO,2010-11-05,32.88999938964844,33.540000915527344,32.849998474121094,33.2599983215332,18.453460693359375,1034700
FTS.TO,2010-11-08,33.36000061035156,33.630001068115234,32.90999984741211,33.599998474121094,18.642101287841797,968800
FTS.TO,2010-11-09,33.130001068115234,33.130001068115234,32.47999954223633,32.630001068115234,18.256053924560547,1918700
FTS.TO,2010-11-10,32.61000061035156,32.61000061035156,31.8700008392334,31.959999084472656,17.881200790405273,621800
FTS.TO,2010-11-11,32.0,32.040000915527344,31.459999084472656,31.760000228881836,17.769302368164062,2763500
FTS.TO,2010-11-12,31.549999237060547,31.690000534057617,30.920000076293945,31.170000076293945,17.43920135498047,575400
FTS.TO,2010-11-15,31.209999084472656,31.850000381469727,31.209999084472656,31.559999465942383,17.657405853271484,340400
FTS.TO,2010-11-16,31.59000015258789,31.59000015258789,30.809999465942383,30.920000076293945,17.299327850341797,460000
FTS.TO,2010-11-17,30.770000457763672,31.209999084472656,30.5,31.139999389648438,17.422422409057617,366000
FTS.TO,2010-11-18,31.350000381469727,31.540000915527344,31.049999237060547,31.149999618530273,17.42801284790039,332000
FTS.TO,2010-11-19,31.25,31.5,30.979999542236328,31.3700008392334,17.55110740661621,316400
FTS.TO,2010-11-22,31.59000015258789,31.8799991607666,31.399999618530273,31.760000228881836,17.769302368164062,351500
FTS.TO,2010-11-23,31.690000534057617,32.29999923706055,31.59000015258789,31.770000457763672,17.774904251098633,365200
FTS.TO,2010-11-24,31.93000030517578,32.15999984741211,31.829999923706055,31.889999389648438,17.842039108276367,257300
FTS.TO,2010-11-25,32.130001068115234,32.130001068115234,31.549999237060547,31.649999618530273,17.707763671875,174100
FTS.TO,2010-11-26,31.770000457763672,32.06999969482422,31.6200008392334,31.860000610351562,17.82525634765625,840800
FTS.TO,2010-11-29,32.06999969482422,32.38999938964844,31.989999771118164,32.33000183105469,18.088218688964844,333300
FTS.TO,2010-11-30,32.33000183105469,32.400001525878906,31.969999313354492,32.099998474121094,17.95953369140625,488800
FTS.TO,2010-12-01,32.27000045776367,32.77000045776367,32.27000045776367,32.689998626708984,18.289627075195312,331600
FTS.TO,2010-12-02,32.849998474121094,33.060001373291016,32.58000183105469,32.970001220703125,18.446279525756836,283600
FTS.TO,2010-12-03,32.97999954223633,33.27000045776367,32.45000076293945,32.810001373291016,18.356769561767578,338800
FTS.TO,2010-12-06,32.810001373291016,33.29999923706055,32.58000183105469,33.25,18.602941513061523,277900
FTS.TO,2010-12-07,33.290000915527344,33.34000015258789,33.0099983215332,33.040000915527344,18.485443115234375,350800
FTS.TO,2010-12-08,33.0,33.04999923706055,32.65999984741211,32.869998931884766,18.39032745361328,274200
FTS.TO,2010-12-09,32.97999954223633,33.04999923706055,32.54999923706055,32.810001373291016,18.356769561767578,301700
FTS.TO,2010-12-10,32.900001525878906,33.16999816894531,32.900001525878906,33.08000183105469,18.507827758789062,191900
FTS.TO,2010-12-13,33.25,33.52000045776367,33.06999969482422,33.5,18.742815017700195,436400
FTS.TO,2010-12-14,33.5,34.36000061035156,33.38999938964844,34.15999984741211,19.112071990966797,1023200
FTS.TO,2010-12-15,34.02000045776367,34.130001068115234,33.52000045776367,34.099998474121094,19.078500747680664,549300
FTS.TO,2010-12-16,34.0,34.22999954223633,33.709999084472656,34.13999938964844,19.100881576538086,506700
FTS.TO,2010-12-17,34.0099983215332,34.290000915527344,33.470001220703125,34.099998474121094,19.078500747680664,2043000
FTS.TO,2010-12-20,34.099998474121094,34.540000915527344,33.79999923706055,33.84000015258789,18.933034896850586,479200
FTS.TO,2010-12-21,33.849998474121094,34.04999923706055,33.75,33.959999084472656,19.00017547607422,262800
FTS.TO,2010-12-22,34.130001068115234,34.130001068115234,33.77000045776367,33.939998626708984,18.988983154296875,271900
FTS.TO,2010-12-23,34.0099983215332,34.0099983215332,33.59000015258789,33.83000183105469,18.92744255065918,174900
FTS.TO,2010-12-24,33.9900016784668,33.9900016784668,33.83000183105469,33.90999984741211,18.972198486328125,18500
FTS.TO,2010-12-29,34.13999938964844,34.18000030517578,33.959999084472656,34.029998779296875,19.039339065551758,276200
FTS.TO,2010-12-30,34.060001373291016,34.22999954223633,34.02000045776367,34.20000076293945,19.134449005126953,151400
FTS.TO,2010-12-31,34.099998474121094,34.13999938964844,33.90999984741211,33.97999954223633,19.011367797851562,109200
FTS.TO,2011-01-04,34.029998779296875,34.20000076293945,33.939998626708984,34.06999969482422,19.061710357666016,273100
FTS.TO,2011-01-05,34.060001373291016,34.189998626708984,33.95000076293945,34.060001373291016,19.056121826171875,304600
FTS.TO,2011-01-06,34.0,34.0,33.29999923706055,33.599998474121094,18.79875946044922,371900
FTS.TO,2011-01-07,33.58000183105469,33.970001220703125,33.439998626708984,33.849998474121094,18.938627243041992,329500
FTS.TO,2011-01-10,33.97999954223633,33.97999954223633,33.43000030517578,33.7400016784668,18.87708854675293,265600
FTS.TO,2011-01-11,33.790000915527344,34.06999969482422,33.720001220703125,33.790000915527344,18.905061721801758,407600
FTS.TO,2011-01-12,33.95000076293945,34.08000183105469,33.619998931884766,33.75,18.882680892944336,382700
FTS.TO,2011-01-13,33.86000061035156,34.20000076293945,33.79999923706055,34.13999938964844,19.100881576538086,459300
FTS.TO,2011-01-14,34.06999969482422,34.5,34.0,34.2599983215332,19.168012619018555,425000
FTS.TO,2011-01-17,34.25,34.25,33.91999816894531,34.060001373291016,19.056121826171875,222200
FTS.TO,2011-01-18,34.18000030517578,34.349998474121094,34.029998779296875,34.25,19.162424087524414,304000
FTS.TO,2011-01-19,34.2400016784668,34.33000183105469,34.060001373291016,34.150001525878906,19.106477737426758,651100
FTS.TO,2011-01-20,34.02000045776367,34.189998626708984,33.959999084472656,34.029998779296875,19.039339065551758,366900
FTS.TO,2011-01-21,34.0,34.189998626708984,33.630001068115234,33.790000915527344,18.905061721801758,711900
FTS.TO,2011-01-24,34.09000015258789,34.09000015258789,33.630001068115234,33.720001220703125,18.86590003967285,368100
FTS.TO,2011-01-25,33.790000915527344,34.0,33.61000061035156,33.650001525878906,18.82672882080078,200500
FTS.TO,2011-01-26,33.779998779296875,34.189998626708984,33.689998626708984,34.02000045776367,19.03374481201172,294500
FTS.TO,2011-01-27,34.08000183105469,34.34000015258789,33.9900016784668,34.220001220703125,19.14564323425293,179400
FTS.TO,2011-01-28,34.18000030517578,34.36000061035156,33.75,33.95000076293945,18.994579315185547,293400
FTS.TO,2011-01-31,33.95000076293945,34.7400016784668,33.900001525878906,34.5,19.30229949951172,614000
FTS.TO,2011-02-01,34.900001525878906,35.0,34.63999938964844,34.84000015258789,19.49252700805664,311300
FTS.TO,2011-02-02,34.880001068115234,35.15999984741211,34.560001373291016,34.93000030517578,19.54288101196289,286400
FTS.TO,2011-02-03,34.970001220703125,35.25,34.970001220703125,35.04999923706055,19.610013961791992,393900
FTS.TO,2011-02-04,35.16999816894531,35.45000076293945,34.84000015258789,35.06999969482422,19.621206283569336,748000
FTS.TO,2011-02-07,35.220001220703125,35.220001220703125,35.0,35.150001525878906,19.665964126586914,817300
FTS.TO,2011-02-08,35.189998626708984,35.209999084472656,34.869998931884766,34.91999816894531,19.537282943725586,1153700
FTS.TO,2011-02-09,34.599998474121094,34.81999969482422,34.2400016784668,34.2400016784668,19.317249298095703,383300
FTS.TO,2011-02-10,34.25,34.4900016784668,33.599998474121094,33.810001373291016,19.074663162231445,555300
FTS.TO,2011-02-11,33.70000076293945,33.75,33.040000915527344,33.20000076293945,18.73051643371582,700500
FTS.TO,2011-02-14,33.400001525878906,33.400001525878906,33.02000045776367,33.06999969482422,18.65716552734375,367300
FTS.TO,2011-02-15,33.060001373291016,33.130001068115234,32.779998779296875,32.970001220703125,18.60075569152832,329100
FTS.TO,2011-02-16,32.970001220703125,33.36000061035156,32.900001525878906,33.290000915527344,18.781293869018555,336700
FTS.TO,2011-02-17,33.290000915527344,33.5099983215332,33.04999923706055,33.5099983215332,18.905406951904297,392600
FTS.TO,2011-02-18,33.529998779296875,33.90999984741211,33.27000045776367,33.810001373291016,19.074663162231445,496100
FTS.TO,2011-02-22,33.72999954223633,33.7400016784668,33.119998931884766,33.20000076293945,18.73051643371582,463900
FTS.TO,2011-02-23,33.20000076293945,33.4900016784668,32.900001525878906,32.900001525878906,18.56126594543457,401700
FTS.TO,2011-02-24,32.9900016784668,32.9900016784668,32.29999923706055,32.650001525878906,18.420223236083984,521100
FTS.TO,2011-02-25,32.790000915527344,33.02000045776367,32.709999084472656,32.810001373291016,18.5104923248291,611100
FTS.TO,2011-02-28,32.939998626708984,33.279998779296875,32.81999969482422,32.9900016784668,18.612043380737305,654100
FTS.TO,2011-03-01,32.97999954223633,33.31999969482422,32.869998931884766,33.060001373291016,18.651533126831055,386400
FTS.TO,2011-03-02,33.130001068115234,33.130001068115234,32.83000183105469,32.93000030517578,18.578189849853516,228100
FTS.TO,2011-03-03,33.08000183105469,33.560001373291016,33.08000183105469,33.529998779296875,18.916688919067383,582700
FTS.TO,2011-03-04,33.59000015258789,33.59000015258789,33.02000045776367,33.099998474121094,18.67409896850586,411600
FTS.TO,2011-03-07,33.11000061035156,33.279998779296875,32.61000061035156,32.66999816894531,18.431499481201172,338100
FTS.TO,2011-03-08,32.79999923706055,33.150001525878906,32.68000030517578,32.790000915527344,18.499204635620117,472300
FTS.TO,2011-03-09,32.900001525878906,32.9900016784668,32.33000183105469,32.400001525878906,18.279178619384766,448300
FTS.TO,2011-03-10,32.400001525878906,32.689998626708984,32.02000045776367,32.15999984741211,18.143779754638672,318000
FTS.TO,2011-03-11,32.04999923706055,32.290000915527344,31.809999465942383,32.04999923706055,18.081716537475586,2320300
FTS.TO,2011-03-14,32.0099983215332,32.18000030517578,31.790000915527344,32.099998474121094,18.10993003845215,194000
FTS.TO,2011-03-15,31.75,32.209999084472656,31.530000686645508,32.130001068115234,18.126855850219727,450000
FTS.TO,2011-03-16,32.0099983215332,32.43000030517578,31.799999237060547,32.290000915527344,18.21712303161621,387200
FTS.TO,2011-03-17,32.40999984741211,32.779998779296875,32.04999923706055,32.650001525878906,18.420223236083984,298500
FTS.TO,2011-03-18,32.630001068115234,32.9900016784668,32.56999969482422,32.61000061035156,18.39765167236328,699500
FTS.TO,2011-03-21,32.7400016784668,33.0,32.4900016784668,32.95000076293945,18.5894775390625,277100
FTS.TO,2011-03-22,32.95000076293945,33.209999084472656,32.79999923706055,33.02000045776367,18.628957748413086,343200
FTS.TO,2011-03-23,32.900001525878906,33.18000030517578,32.86000061035156,33.13999938964844,18.696664810180664,250500
FTS.TO,2011-03-24,33.040000915527344,33.20000076293945,32.79999923706055,33.02000045776367,18.628957748413086,264600
FTS.TO,2011-03-25,32.9900016784668,33.400001525878906,32.9900016784668,33.119998931884766,18.685379028320312,273700
FTS.TO,2011-03-28,33.20000076293945,33.459999084472656,32.630001068115234,32.65999984741211,18.42586326599121,226200
FTS.TO,2011-03-29,32.790000915527344,32.79999923706055,32.560001373291016,32.689998626708984,18.442794799804688,278800
FTS.TO,2011-03-30,32.709999084472656,32.93000030517578,32.709999084472656,32.86000061035156,18.5386962890625,374800
FTS.TO,2011-03-31,32.93000030517578,33.189998626708984,32.93000030517578,33.119998931884766,18.685379028320312,592900
FTS.TO,2011-04-01,33.189998626708984,33.279998779296875,32.83000183105469,32.95000076293945,18.5894775390625,292700
FTS.TO,2011-04-04,33.09000015258789,33.18000030517578,32.90999984741211,33.0099983215332,18.62332534790039,178400
FTS.TO,2011-04-05,32.9900016784668,33.029998779296875,32.849998474121094,32.959999084472656,18.59511947631836,200100
FTS.TO,2011-04-06,33.04999923706055,33.04999923706055,32.84000015258789,32.97999954223633,18.606399536132812,209000
FTS.TO,2011-04-07,32.9900016784668,33.02000045776367,32.25,32.33000183105469,18.239688873291016,401400
FTS.TO,2011-04-08,32.43000030517578,32.47999954223633,32.209999084472656,32.47999954223633,18.324316024780273,190300
FTS.TO,2011-04-11,32.4900016784668,32.4900016784668,32.0099983215332,32.0099983215332,18.059146881103516,261300
FTS.TO,2011-04-12,32.0,32.13999938964844,31.799999237060547,32.0,18.05350685119629,294800
FTS.TO,2011-04-13,32.150001525878906,32.150001525878906,31.760000228881836,31.799999237060547,17.940675735473633,283400
FTS.TO,2011-04-14,31.799999237060547,31.8799991607666,31.6200008392334,31.639999389648438,17.85041046142578,234900
FTS.TO,2011-04-15,31.6200008392334,31.84000015258789,31.450000762939453,31.450000762939453,17.743213653564453,356500
FTS.TO,2011-04-18,31.399999618530273,31.579999923706055,31.049999237060547,31.579999923706055,17.81655502319336,467600
FTS.TO,2011-04-19,31.600000381469727,31.969999313354492,31.600000381469727,31.790000915527344,17.93503189086914,206700
FTS.TO,2011-04-20,31.940000534057617,31.989999771118164,31.809999465942383,31.93000030517578,18.01401710510254,173000
FTS.TO,2011-04-21,31.989999771118164,32.040000915527344,31.770000457763672,31.829999923706055,17.957599639892578,267300
FTS.TO,2011-04-25,31.940000534057617,31.969999313354492,31.6299991607666,31.829999923706055,17.957599639892578,174500
FTS.TO,2011-04-26,31.90999984741211,32.09000015258789,31.81999969482422,31.989999771118164,18.047868728637695,273900
FTS.TO,2011-04-27,31.959999084472656,32.040000915527344,31.6299991607666,31.65999984741211,17.8616943359375,335000
FTS.TO,2011-04-28,31.649999618530273,32.029998779296875,31.649999618530273,31.860000610351562,17.974529266357422,278000
FTS.TO,2011-04-29,31.93000030517578,32.4900016784668,31.829999923706055,32.4900016784668,18.3299503326416,226000
FTS.TO,2011-05-02,32.4900016784668,33.0,32.349998474121094,32.65999984741211,18.42586326599121,375700
FTS.TO,2011-05-03,32.65999984741211,32.68000030517578,32.099998474121094,32.29999923706055,18.222755432128906,280500
FTS.TO,2011-05-04,32.459999084472656,32.59000015258789,31.979999542236328,32.349998474121094,18.25096893310547,166600
FTS.TO,2011-05-05,32.349998474121094,32.349998474121094,32.04999923706055,32.31999969482422,18.234045028686523,591500
FTS.TO,2011-05-06,32.290000915527344,32.84000015258789,32.290000915527344,32.689998626708984,18.442794799804688,876500
FTS.TO,2011-05-09,32.689998626708984,33.18000030517578,32.369998931884766,33.09000015258789,18.66845703125,892900
FTS.TO,2011-05-10,33.130001068115234,33.52000045776367,33.02000045776367,33.34000015258789,18.809507369995117,877000
FTS.TO,2011-05-11,33.16999816894531,33.38999938964844,32.81999969482422,33.08000183105469,18.826576232910156,1799600
FTS.TO,2011-05-12,32.88999938964844,32.97999954223633,32.400001525878906,32.650001525878906,18.58185386657715,367000
FTS.TO,2011-05-13,32.689998626708984,32.77000045776367,32.52000045776367,32.65999984741211,18.58754539489746,131000
FTS.TO,2011-05-16,32.5,32.63999938964844,32.40999984741211,32.560001373291016,18.5306339263916,232000
FTS.TO,2011-05-17,32.54999923706055,33.18000030517578,32.540000915527344,33.08000183105469,18.826576232910156,2545600
FTS.TO,2011-05-18,33.060001373291016,33.060001373291016,32.77000045776367,32.93000030517578,18.741209030151367,157300
FTS.TO,2011-05-19,32.93000030517578,33.380001068115234,32.86000061035156,33.09000015258789,18.832263946533203,241600
FTS.TO,2011-05-20,33.09000015258789,33.470001220703125,33.060001373291016,33.279998779296875,18.940393447875977,621800
FTS.TO,2011-05-24,33.20000076293945,33.290000915527344,32.810001373291016,33.18000030517578,18.883485794067383,243000
FTS.TO,2011-05-25,33.099998474121094,33.540000915527344,32.849998474121094,33.540000915527344,19.08837127685547,798500
FTS.TO,2011-05-26,33.470001220703125,33.70000076293945,33.220001220703125,33.630001068115234,19.139596939086914,592600
FTS.TO,2011-05-27,33.689998626708984,33.849998474121094,33.599998474121094,33.65999984741211,19.15667152404785,878000
FTS.TO,2011-05-30,33.310001373291016,33.310001373291016,32.83000183105469,32.970001220703125,18.763967514038086,700900
FTS.TO,2011-05-31,32.970001220703125,33.09000015258789,32.900001525878906,33.0099983215332,18.7867431640625,2436700
FTS.TO,2011-06-01,33.0099983215332,33.04999923706055,32.95000076293945,33.0,18.781036376953125,584200
FTS.TO,2011-06-02,33.0,33.02000045776367,32.95000076293945,32.97999954223633,18.769662857055664,554700
FTS.TO,2011-06-03,32.83000183105469,32.959999084472656,32.79999923706055,32.939998626708984,18.746896743774414,157000
FTS.TO,2011-06-06,32.88999938964844,32.900001525878906,32.130001068115234,32.20000076293945,18.325746536254883,493800
FTS.TO,2011-06-07,32.2599983215332,32.66999816894531,32.06999969482422,32.099998474121094,18.268836975097656,275000
FTS.TO,2011-06-08,32.099998474121094,32.349998474121094,31.8799991607666,32.20000076293945,18.325746536254883,312200
FTS.TO,2011-06-09,32.34000015258789,32.439998626708984,31.899999618530273,32.15999984741211,18.302982330322266,431600
FTS.TO,2011-06-10,32.15999984741211,32.25,31.600000381469727,31.649999618530273,18.01272964477539,266500
FTS.TO,2011-06-13,31.719999313354492,31.920000076293945,31.670000076293945,31.709999084472656,18.046873092651367,380900
FTS.TO,2011-06-14,31.799999237060547,31.8700008392334,31.709999084472656,31.770000457763672,18.081026077270508,370800
FTS.TO,2011-06-15,31.739999771118164,31.760000228881836,31.260000228881836,31.350000381469727,17.84199333190918,275400
FTS.TO,2011-06-16,31.350000381469727,32.310001373291016,31.350000381469727,31.969999313354492,18.19484519958496,560000
FTS.TO,2011-06-17,32.209999084472656,32.5,31.809999465942383,31.93000030517578,18.172086715698242,1110100
FTS.TO,2011-06-20,31.889999389648438,32.2599983215332,31.690000534057617,32.040000915527344,18.23468780517578,346500
FTS.TO,2011-06-21,32.09000015258789,32.43000030517578,31.93000030517578,32.0099983215332,18.217609405517578,397100
FTS.TO,2011-06-22,31.860000610351562,32.09000015258789,31.799999237060547,32.0,18.211917877197266,396200
FTS.TO,2011-06-23,31.6299991607666,31.760000228881836,31.309999465942383,31.639999389648438,18.007036209106445,377600
FTS.TO,2011-06-24,31.600000381469727,31.600000381469727,30.790000915527344,31.18000030517578,17.745243072509766,836900
FTS.TO,2011-06-27,31.25,31.59000015258789,31.010000228881836,31.43000030517578,17.887523651123047,433000
FTS.TO,2011-06-28,31.479999542236328,32.15999984741211,31.479999542236328,31.829999923706055,18.11516761779785,436500
FTS.TO,2011-06-29,31.940000534057617,32.18000030517578,31.829999923706055,32.09000015258789,18.263141632080078,339000
FTS.TO,2011-06-30,32.22999954223633,32.650001525878906,32.20000076293945,32.349998474121094,18.411113739013672,509400
FTS.TO,2011-07-04,32.77000045776367,32.849998474121094,32.38999938964844,32.58000183105469,18.542015075683594,120700
FTS.TO,2011-07-05,32.68000030517578,32.68000030517578,32.40999984741211,32.4900016784668,18.49078941345215,288200
FTS.TO,2011-07-06,32.63999938964844,32.63999938964844,32.18000030517578,32.38999938964844,18.433874130249023,333500
FTS.TO,2011-07-07,32.38999938964844,32.66999816894531,32.349998474121094,32.560001373291016,18.5306339263916,367200
FTS.TO,2011-07-08,32.400001525878906,32.63999938964844,32.310001373291016,32.5,18.496482849121094,323000
FTS.TO,2011-07-11,32.5,32.5,32.150001525878906,32.380001068115234,18.428190231323242,350100
FTS.TO,2011-07-12,32.34000015258789,32.84000015258789,32.22999954223633,32.7599983215332,18.64445686340332,672500
FTS.TO,2011-07-13,32.61000061035156,32.790000915527344,32.2599983215332,32.459999084472656,18.473711013793945,251500
FTS.TO,2011-07-14,32.529998779296875,32.70000076293945,32.18000030517578,32.33000183105469,18.39973258972168,245500
FTS.TO,2011-07-15,32.43000030517578,32.43000030517578,32.02000045776367,32.13999938964844,18.291595458984375,175300
FTS.TO,2011-07-18,32.130001068115234,32.130001068115234,31.65999984741211,32.060001373291016,18.246070861816406,152900
FTS.TO,2011-07-19,32.060001373291016,32.47999954223633,32.060001373291016,32.29999923706055,18.382659912109375,126400
FTS.TO,2011-07-20,32.40999984741211,32.40999984741211,31.860000610351562,31.989999771118164,18.206226348876953,193800
FTS.TO,2011-07-21,32.15999984741211,32.47999954223633,32.029998779296875,32.47999954223633,18.485103607177734,124200
FTS.TO,2011-07-22,32.4900016784668,32.5,32.27000045776367,32.459999084472656,18.473711013793945,143000
FTS.TO,2011-07-25,32.45000076293945,32.599998474121094,32.16999816894531,32.540000915527344,18.519250869750977,148200
FTS.TO,2011-07-26,32.41999816894531,32.70000076293945,32.380001068115234,32.47999954223633,18.485103607177734,318800
FTS.TO,2011-07-27,32.400001525878906,32.470001220703125,31.579999923706055,31.690000534057617,18.035493850708008,332200
FTS.TO,2011-07-28,31.65999984741211,32.470001220703125,31.649999618530273,32.18000030517578,18.314361572265625,250000
FTS.TO,2011-07-29,31.969999313354492,32.189998626708984,31.530000686645508,31.65999984741211,18.018421173095703,256100
FTS.TO,2011-08-02,31.93000030517578,31.989999771118164,31.31999969482422,31.3700008392334,17.853374481201172,185900
FTS.TO,2011-08-03,31.030000686645508,31.09000015258789,30.520000457763672,30.8700008392334,17.568817138671875,465700
FTS.TO,2011-08-04,30.709999084472656,31.0,30.139999389648438,30.700000762939453,17.472063064575195,701000
FTS.TO,2011-08-05,30.43000030517578,31.0,30.1200008392334,30.450000762939453,17.329784393310547,498300
FTS.TO,2011-08-08,29.850000381469727,29.850000381469727,28.239999771118164,29.110000610351562,16.567155838012695,957300
FTS.TO,2011-08-09,29.399999618530273,29.989999771118164,29.049999237060547,29.770000457763672,16.942785263061523,710900
FTS.TO,2011-08-10,29.700000762939453,30.479999542236328,29.0,30.25,17.38531494140625,519100
FTS.TO,2011-08-11,30.3799991607666,31.299999237060547,29.850000381469727,31.209999084472656,17.937044143676758,596100
FTS.TO,2011-08-12,31.459999084472656,31.459999084472656,31.020000457763672,31.25,17.960033416748047,248400
FTS.TO,2011-08-15,31.3799991607666,31.799999237060547,31.309999465942383,31.600000381469727,18.161182403564453,294300
FTS.TO,2011-08-16,31.34000015258789,31.489999771118164,30.90999984741211,30.950000762939453,17.787622451782227,315700
FTS.TO,2011-08-17,31.200000762939453,31.75,31.170000076293945,31.239999771118164,17.954286575317383,520000
FTS.TO,2011-08-18,30.899999618530273,31.200000762939453,30.34000015258789,30.950000762939453,17.787622451782227,360100
FTS.TO,2011-08-19,30.510000228881836,31.190000534057617,30.479999542236328,30.479999542236328,17.51750373840332,412100
FTS.TO,2011-08-22,30.959999084472656,30.969999313354492,30.239999771118164,30.780000686645508,17.689916610717773,182100
FTS.TO,2011-08-23,31.0,31.1299991607666,30.579999923706055,31.1299991607666,17.891069412231445,3296700
FTS.TO,2011-08-24,31.020000457763672,31.31999969482422,30.8799991607666,31.1200008392334,17.885324478149414,1669600
FTS.TO,2011-08-25,31.110000610351562,31.219999313354492,30.709999084472656,30.84000015258789,17.724397659301758,762900
FTS.TO,2011-08-26,30.84000015258789,31.110000610351562,30.399999618530273,30.8799991607666,17.74738883972168,275500
FTS.TO,2011-08-29,31.09000015258789,31.31999969482422,30.969999313354492,31.200000762939453,17.931297302246094,247600
FTS.TO,2011-08-30,31.25,31.75,31.1299991607666,31.739999771118164,18.24164581298828,495100
FTS.TO,2011-08-31,31.65999984741211,32.75,31.6200008392334,32.65999984741211,18.7703914642334,780400
FTS.TO,2011-09-01,32.4900016784668,32.63999938964844,32.11000061035156,32.56999969482422,18.718671798706055,444100
FTS.TO,2011-09-02,32.2599983215332,32.4900016784668,32.0,32.040000915527344,18.4140625,437600
FTS.TO,2011-09-06,31.75,32.310001373291016,31.440000534057617,32.29999923706055,18.56349754333496,433400
FTS.TO,2011-09-07,32.29999923706055,32.81999969482422,32.18000030517578,32.70000076293945,18.793384552001953,287900
FTS.TO,2011-09-08,32.459999084472656,32.880001068115234,32.459999084472656,32.720001220703125,18.80487632751465,374300
FTS.TO,2011-09-09,32.720001220703125,32.720001220703125,32.04999923706055,32.209999084472656,18.511768341064453,385000
FTS.TO,2011-09-12,32.0,32.61000061035156,31.90999984741211,32.099998474121094,18.448551177978516,243900
FTS.TO,2011-09-13,32.150001525878906,32.470001220703125,32.11000061035156,32.119998931884766,18.460046768188477,201000
FTS.TO,2011-09-14,32.380001068115234,32.41999816894531,31.760000228881836,32.060001373291016,18.425559997558594,438600
FTS.TO,2011-09-15,32.29999923706055,32.689998626708984,32.2400016784668,32.52000045776367,18.68993377685547,274200
FTS.TO,2011-09-16,32.65999984741211,32.95000076293945,32.369998931884766,32.900001525878906,18.908321380615234,1820500
FTS.TO,2011-09-19,32.88999938964844,32.88999938964844,32.20000076293945,32.29999923706055,18.56349754333496,283400
FTS.TO,2011-09-20,32.310001373291016,32.7599983215332,32.310001373291016,32.630001068115234,18.753150939941406,305300
FTS.TO,2011-09-21,32.5099983215332,32.939998626708984,32.38999938964844,32.38999938964844,18.61521339416504,369000
FTS.TO,2011-09-22,32.029998779296875,32.220001220703125,31.59000015258789,31.90999984741211,18.339351654052734,778100
FTS.TO,2011-09-23,31.530000686645508,32.099998474121094,31.530000686645508,31.790000915527344,18.270383834838867,584200
FTS.TO,2011-09-26,31.799999237060547,32.650001525878906,31.510000228881836,32.650001525878906,18.7646484375,554700
FTS.TO,2011-09-27,32.880001068115234,33.779998779296875,32.75,33.439998626708984,19.218669891357422,1202100
FTS.TO,2011-09-28,33.310001373291016,33.400001525878906,32.63999938964844,33.08000183105469,19.011775970458984,481200
FTS.TO,2011-09-29,33.08000183105469,33.2400016784668,32.650001525878906,33.09000015258789,19.017515182495117,402600
FTS.TO,2011-09-30,33.060001373291016,33.15999984741211,32.70000076293945,32.93000030517578,18.925565719604492,908000
FTS.TO,2011-10-03,32.970001220703125,32.97999954223633,32.380001068115234,32.400001525878906,18.62096405029297,407900
FTS.TO,2011-10-04,32.040000915527344,32.43000030517578,31.31999969482422,31.739999771118164,18.24164581298828,514000
FTS.TO,2011-10-05,31.799999237060547,32.369998931884766,31.799999237060547,32.189998626708984,18.50027084350586,665000
FTS.TO,2011-10-06,32.25,32.38999938964844,31.90999984741211,32.38999938964844,18.61521339416504,499000
FTS.TO,2011-10-07,32.31999969482422,32.400001525878906,31.959999084472656,31.969999313354492,18.373830795288086,216000
FTS.TO,2011-10-11,32.439998626708984,32.959999084472656,32.41999816894531,32.93000030517578,18.925565719604492,319000
FTS.TO,2011-10-12,33.0,33.439998626708984,32.86000061035156,33.369998931884766,19.178442001342773,396000
FTS.TO,2011-10-13,33.349998474121094,33.349998474121094,32.77000045776367,32.9900016784668,18.960046768188477,385000
FTS.TO,2011-10-14,33.029998779296875,33.27000045776367,32.75,32.959999084472656,18.942808151245117,261000
FTS.TO,2011-10-17,33.06999969482422,33.36000061035156,33.0,33.29999923706055,19.138212203979492,273000
FTS.TO,2011-10-18,33.150001525878906,33.529998779296875,33.130001068115234,33.470001220703125,19.23592185974121,219900
FTS.TO,2011-10-19,33.400001525878906,33.59000015258789,33.099998474121094,33.310001373291016,19.143957138061523,176000
FTS.TO,2011-10-20,33.380001068115234,33.70000076293945,33.150001525878906,33.41999816894531,19.207183837890625,257100
FTS.TO,2011-10-21,33.56999969482422,33.689998626708984,33.349998474121094,33.38999938964844,19.189945220947266,172800
FTS.TO,2011-10-24,33.40999984741211,33.72999954223633,33.22999954223633,33.38999938964844,19.189945220947266,274500
FTS.TO,2011-10-25,33.36000061035156,33.599998474121094,33.060001373291016,33.540000915527344,19.27614974975586,1098400
FTS.TO,2011-10-26,33.43000030517578,33.970001220703125,33.41999816894531,33.779998779296875,19.414077758789062,411600
FTS.TO,2011-10-27,34.0,34.209999084472656,33.849998474121094,34.0099983215332,19.546266555786133,671400
FTS.TO,2011-10-28,34.150001525878906,34.25,33.68000030517578,33.79999923706055,19.425579071044922,374200
FTS.TO,2011-10-31,33.66999816894531,34.38999938964844,33.66999816894531,33.70000076293945,19.368101119995117,358900
FTS.TO,2011-11-01,33.5,33.75,32.939998626708984,33.400001525878906,19.195688247680664,419600
FTS.TO,2011-11-02,33.4900016784668,33.849998474121094,33.47999954223633,33.79999923706055,19.425579071044922,239000
FTS.TO,2011-11-03,33.79999923706055,34.15999984741211,33.70000076293945,34.060001373291016,19.575000762939453,301700
FTS.TO,2011-11-04,33.90999984741211,33.9900016784668,33.130001068115234,33.68000030517578,19.356609344482422,1146600
FTS.TO,2011-11-07,33.72999954223633,34.04999923706055,33.560001373291016,33.79999923706055,19.425579071044922,910600
FTS.TO,2011-11-08,33.95000076293945,33.95000076293945,33.56999969482422,33.7400016784668,19.391090393066406,706600
FTS.TO,2011-11-09,33.31999969482422,33.31999969482422,32.75,32.790000915527344,19.008487701416016,335200
FTS.TO,2011-11-10,32.93000030517578,33.130001068115234,32.25,32.959999084472656,19.107038497924805,266300
FTS.TO,2011-11-11,33.119998931884766,33.630001068115234,32.959999084472656,33.540000915527344,19.44326400756836,1674200
FTS.TO,2011-11-14,33.61000061035156,33.7400016784668,33.439998626708984,33.619998931884766,19.489641189575195,1700000
FTS.TO,2011-11-15,33.65999984741211,33.709999084472656,33.220001220703125,33.439998626708984,19.385290145874023,320200
FTS.TO,2011-11-16,33.400001525878906,33.97999954223633,33.150001525878906,33.79999923706055,19.5939884185791,2200000
FTS.TO,2011-11-17,33.77000045776367,33.849998474121094,33.04999923706055,33.220001220703125,19.257755279541016,314200
FTS.TO,2011-11-18,33.38999938964844,33.400001525878906,32.7599983215332,32.790000915527344,19.008487701416016,335000
FTS.TO,2011-11-21,32.709999084472656,32.720001220703125,32.380001068115234,32.68000030517578,18.94472312927246,825600
FTS.TO,2011-11-22,32.540000915527344,32.54999923706055,32.150001525878906,32.5,18.84036636352539,392900
FTS.TO,2011-11-23,32.36000061035156,32.40999984741211,31.700000762939453,31.850000381469727,18.463565826416016,1026400
FTS.TO,2011-11-24,31.989999771118164,31.989999771118164,31.31999969482422,31.770000457763672,18.417184829711914,154800
FTS.TO,2011-11-25,31.75,32.119998931884766,31.450000762939453,32.029998779296875,18.56791114807129,663400
FTS.TO,2011-11-28,32.09000015258789,33.0,32.09000015258789,32.45000076293945,18.811389923095703,1091700
FTS.TO,2011-11-29,32.72999954223633,33.400001525878906,32.54999923706055,33.36000061035156,19.338916778564453,2793800
FTS.TO,2011-11-30,33.459999084472656,33.68000030517578,33.18000030517578,33.5099983215332,19.425870895385742,736300
FTS.TO,2011-12-01,33.45000076293945,33.619998931884766,32.849998474121094,32.95000076293945,19.10123634338379,826300
FTS.TO,2011-12-02,32.95000076293945,32.95000076293945,32.38999938964844,32.52000045776367,18.851964950561523,523200
FTS.TO,2011-12-05,32.689998626708984,32.849998474121094,32.41999816894531,32.58000183105469,18.886747360229492,296300
FTS.TO,2011-12-06,32.79999923706055,32.79999923706055,32.060001373291016,32.150001525878906,18.637479782104492,746900
FTS.TO,2011-12-07,32.15999984741211,32.630001068115234,31.969999313354492,32.36000061035156,18.759220123291016,767000
FTS.TO,2011-12-08,32.38999938964844,32.630001068115234,32.349998474121094,32.5,18.84036636352539,457700
FTS.TO,2011-12-09,32.59000015258789,32.7400016784668,32.189998626708984,32.58000183105469,18.886747360229492,452500
FTS.TO,2011-12-12,32.400001525878906,32.619998931884766,32.16999816894531,32.59000015258789,18.892545700073242,1100000
FTS.TO,2011-12-13,32.54999923706055,32.63999938964844,32.13999938964844,32.40999984741211,18.788198471069336,323000
FTS.TO,2011-12-14,32.31999969482422,32.560001373291016,32.029998779296875,32.18000030517578,18.654861450195312,407700
FTS.TO,2011-12-15,32.459999084472656,32.459999084472656,32.029998779296875,32.22999954223633,18.683847427368164,409500
FTS.TO,2011-12-16,32.11000061035156,32.59000015258789,32.04999923706055,32.04999923706055,18.57950210571289,1215100
FTS.TO,2011-12-19,32.36000061035156,32.380001068115234,32.0,32.06999969482422,18.591096878051758,627200
FTS.TO,2011-12-20,32.150001525878906,32.470001220703125,32.150001525878906,32.27000045776367,18.707042694091797,543700
FTS.TO,2011-12-21,32.16999816894531,32.54999923706055,32.15999984741211,32.4900016784668,18.83457374572754,331900
FTS.TO,2011-12-22,32.58000183105469,32.93000030517578,32.540000915527344,32.869998931884766,19.054861068725586,243000
FTS.TO,2011-12-23,32.70000076293945,33.189998626708984,32.689998626708984,33.04999923706055,19.15920639038086,188200
FTS.TO,2011-12-28,33.25,33.27000045776367,32.68000030517578,32.84000015258789,19.037473678588867,184100
FTS.TO,2011-12-29,32.88999938964844,32.9900016784668,32.61000061035156,32.95000076293945,19.10123634338379,103900
FTS.TO,2011-12-30,32.95000076293945,33.38999938964844,32.88999938964844,33.369998931884766,19.34471321105957,214600
FTS.TO,2012-01-03,33.45000076293945,33.599998474121094,32.88999938964844,33.16999816894531,19.22877311706543,360300
FTS.TO,2012-01-04,33.279998779296875,33.349998474121094,33.11000061035156,33.220001220703125,19.257755279541016,233700
FTS.TO,2012-01-05,33.220001220703125,33.220001220703125,32.65999984741211,32.83000183105469,19.031675338745117,585900
FTS.TO,2012-01-06,32.90999984741211,33.040000915527344,32.790000915527344,32.970001220703125,19.112834930419922,245100
FTS.TO,2012-01-09,32.970001220703125,33.33000183105469,32.7599983215332,33.2400016784668,19.26935577392578,310200
FTS.TO,2012-01-10,33.310001373291016,33.400001525878906,32.88999938964844,33.040000915527344,19.153411865234375,298000
FTS.TO,2012-01-11,33.15999984741211,33.400001525878906,32.72999954223633,32.790000915527344,19.008487701416016,326000
FTS.TO,2012-01-12,32.93000030517578,33.13999938964844,32.79999923706055,32.88999938964844,19.06645965576172,347200
FTS.TO,2012-01-13,32.88999938964844,32.970001220703125,32.68000030517578,32.790000915527344,19.008487701416016,245700
FTS.TO,2012-01-16,32.70000076293945,33.04999923706055,32.66999816894531,33.04999923706055,19.15920639038086,102700
FTS.TO,2012-01-17,33.20000076293945,33.2400016784668,32.849998474121094,33.16999816894531,19.22877311706543,541200
FTS.TO,2012-01-18,33.11000061035156,33.66999816894531,33.11000061035156,33.400001525878906,19.362106323242188,688800
FTS.TO,2012-01-19,33.4900016784668,33.56999969482422,33.06999969482422,33.209999084472656,19.25196647644043,438100
FTS.TO,2012-01-20,33.20000076293945,33.33000183105469,33.0,33.279998779296875,19.292537689208984,260800
FTS.TO,2012-01-23,33.34000015258789,33.369998931884766,33.11000061035156,33.18000030517578,19.23457145690918,237200
FTS.TO,2012-01-24,33.290000915527344,33.47999954223633,33.27000045776367,33.459999084472656,19.396879196166992,183000
FTS.TO,2012-01-25,33.439998626708984,33.52000045776367,33.0099983215332,33.36000061035156,19.338916778564453,889600
FTS.TO,2012-01-26,33.43000030517578,33.63999938964844,33.290000915527344,33.439998626708984,19.385290145874023,277400
FTS.TO,2012-01-27,33.459999084472656,33.56999969482422,33.279998779296875,33.34000015258789,19.32732582092285,298600
FTS.TO,2012-01-30,33.34000015258789,33.560001373291016,33.31999969482422,33.560001373291016,19.45486068725586,178000
FTS.TO,2012-01-31,33.58000183105469,33.619998931884766,33.20000076293945,33.38999938964844,19.35630989074707,409500
FTS.TO,2012-02-01,33.349998474121094,33.52000045776367,33.220001220703125,33.470001220703125,19.40268898010254,403600
FTS.TO,2012-02-02,33.45000076293945,33.849998474121094,33.45000076293945,33.849998474121094,19.622970581054688,510200
FTS.TO,2012-02-03,33.84000015258789,34.16999816894531,33.810001373291016,33.95000076293945,19.68094825744629,532400
FTS.TO,2012-02-06,34.04999923706055,34.08000183105469,33.75,33.95000076293945,19.68094825744629,409900
FTS.TO,2012-02-07,33.95000076293945,33.970001220703125,33.709999084472656,33.91999816894531,19.663551330566406,688300
FTS.TO,2012-02-08,33.97999954223633,34.08000183105469,33.95000076293945,34.08000183105469,19.756303787231445,816100
FTS.TO,2012-02-09,34.08000183105469,34.310001373291016,33.709999084472656,33.88999938964844,19.646163940429688,1063900
FTS.TO,2012-02-10,33.79999923706055,33.79999923706055,33.209999084472656,33.61000061035156,19.48383903503418,933600
FTS.TO,2012-02-13,33.47999954223633,33.4900016784668,33.11000061035156,33.2400016784668,19.44289779663086,3465800
FTS.TO,2012-02-14,33.2400016784668,33.2400016784668,32.810001373291016,32.9900016784668,19.296669006347656,472700
FTS.TO,2012-02-15,33.06999969482422,33.2400016784668,33.0,33.209999084472656,19.425350189208984,344900
FTS.TO,2012-02-16,33.25,33.279998779296875,32.81999969482422,32.95000076293945,19.273271560668945,493900
FTS.TO,2012-02-17,33.040000915527344,33.040000915527344,32.72999954223633,32.849998474121094,19.214771270751953,484800
FTS.TO,2012-02-21,32.849998474121094,32.970001220703125,32.29999923706055,32.380001068115234,18.939865112304688,1018200
FTS.TO,2012-02-22,32.630001068115234,32.630001068115234,32.31999969482422,32.380001068115234,18.939865112304688,1013500
FTS.TO,2012-02-23,32.38999938964844,32.38999938964844,32.04999923706055,32.09000015258789,18.77022933959961,842200
FTS.TO,2012-02-24,32.099998474121094,32.220001220703125,31.760000228881836,32.040000915527344,18.740989685058594,539500
FTS.TO,2012-02-27,32.09000015258789,32.16999816894531,31.850000381469727,32.0,18.717592239379883,321000
FTS.TO,2012-02-28,32.099998474121094,32.16999816894531,31.889999389648438,32.11000061035156,18.781932830810547,1781000
FTS.TO,2012-02-29,32.189998626708984,32.84000015258789,32.02000045776367,32.63999938964844,19.091941833496094,3099000
FTS.TO,2012-03-01,32.439998626708984,33.16999816894531,32.439998626708984,32.880001068115234,19.232328414916992,645900
FTS.TO,2012-03-02,32.900001525878906,32.95000076293945,32.59000015258789,32.790000915527344,19.1796817779541,661900
FTS.TO,2012-03-05,32.61000061035156,32.70000076293945,32.400001525878906,32.5,19.01004981994629,481900
FTS.TO,2012-03-06,32.36000061035156,32.560001373291016,32.29999923706055,32.33000183105469,18.910615921020508,318700
FTS.TO,2012-03-07,32.290000915527344,32.720001220703125,32.029998779296875,32.540000915527344,19.03345489501953,499100
FTS.TO,2012-03-08,32.540000915527344,32.599998474121094,32.16999816894531,32.369998931884766,18.934019088745117,326900
FTS.TO,2012-03-09,32.470001220703125,32.5,32.209999084472656,32.439998626708984,18.974950790405273,272600
FTS.TO,2012-03-12,32.5,32.66999816894531,32.27000045776367,32.47999954223633,18.99835777282715,845300
FTS.TO,2012-03-13,32.45000076293945,32.970001220703125,32.439998626708984,32.869998931884766,19.226476669311523,269000
FTS.TO,2012-03-14,32.83000183105469,32.900001525878906,32.18000030517578,32.349998474121094,18.92230987548828,409000
FTS.TO,2012-03-15,32.31999969482422,32.58000183105469,32.119998931884766,32.310001373291016,18.89891815185547,247500
FTS.TO,2012-03-16,32.29999923706055,32.709999084472656,32.2400016784668,32.65999984741211,19.103647232055664,1290400
FTS.TO,2012-03-19,32.560001373291016,32.650001525878906,32.36000061035156,32.4900016784668,19.004209518432617,396600
FTS.TO,2012-03-20,32.4900016784668,32.4900016784668,32.06999969482422,32.33000183105469,18.910615921020508,463800
FTS.TO,2012-03-21,32.310001373291016,32.349998474121094,32.13999938964844,32.18000030517578,18.8228759765625,274800
FTS.TO,2012-03-22,32.150001525878906,32.34000015258789,32.08000183105469,32.20000076293945,18.834575653076172,1113900
FTS.TO,2012-03-23,32.20000076293945,32.439998626708984,32.130001068115234,32.439998626708984,18.974950790405273,349200
FTS.TO,2012-03-26,32.349998474121094,32.47999954223633,32.209999084472656,32.349998474121094,18.92230987548828,661500
FTS.TO,2012-03-27,32.22999954223633,32.34000015258789,32.220001220703125,32.29999923706055,18.893070220947266,297000
FTS.TO,2012-03-28,32.209999084472656,32.33000183105469,32.0,32.22999954223633,18.852127075195312,349600
FTS.TO,2012-03-29,32.29999923706055,32.29999923706055,31.700000762939453,32.20000076293945,18.834575653076172,472900
FTS.TO,2012-03-30,32.130001068115234,32.33000183105469,32.060001373291016,32.27000045776367,18.875524520874023,425400
FTS.TO,2012-04-02,32.369998931884766,32.47999954223633,32.25,32.47999954223633,18.99835777282715,463100
FTS.TO,2012-04-03,32.36000061035156,32.400001525878906,32.16999816894531,32.25,18.863819122314453,284100
FTS.TO,2012-04-04,32.150001525878906,32.29999923706055,32.099998474121094,32.20000076293945,18.834575653076172,261500
FTS.TO,2012-04-05,32.060001373291016,32.15999984741211,31.950000762939453,32.11000061035156,18.781932830810547,241000
FTS.TO,2012-04-09,32.11000061035156,32.2400016784668,31.8799991607666,32.130001068115234,18.79362678527832,183000
FTS.TO,2012-04-10,32.060001373291016,32.290000915527344,31.90999984741211,32.040000915527344,18.740989685058594,332500
FTS.TO,2012-04-11,32.060001373291016,32.599998474121094,32.060001373291016,32.43000030517578,18.96910858154297,415000
FTS.TO,2012-04-12,32.5099983215332,32.63999938964844,32.34000015258789,32.58000183105469,19.056852340698242,241900
FTS.TO,2012-04-13,32.54999923706055,32.650001525878906,32.2599983215332,32.47999954223633,18.99835777282715,315100
FTS.TO,2012-04-16,32.369998931884766,32.68000030517578,32.349998474121094,32.4900016784668,19.004209518432617,231700
FTS.TO,2012-04-17,32.59000015258789,33.06999969482422,32.43000030517578,32.9900016784668,19.296669006347656,368700
FTS.TO,2012-04-18,32.95000076293945,33.189998626708984,32.86000061035156,33.130001068115234,19.37856674194336,242500
FTS.TO,2012-04-19,33.040000915527344,33.099998474121094,32.900001525878906,33.060001373291016,19.337617874145508,283100
FTS.TO,2012-04-20,33.2400016784668,33.5,33.11000061035156,33.38999938964844,19.530637741088867,350900
FTS.TO,2012-04-23,33.25,33.279998779296875,32.900001525878906,33.13999938964844,19.384408950805664,356700
FTS.TO,2012-04-24,33.13999938964844,33.470001220703125,33.13999938964844,33.27000045776367,19.46044921875,282900
FTS.TO,2012-04-25,33.279998779296875,33.540000915527344,33.27000045776367,33.459999084472656,19.571582794189453,344800
FTS.TO,2012-04-26,33.459999084472656,33.97999954223633,33.45000076293945,33.95000076293945,19.85819435119629,1808000
FTS.TO,2012-04-27,33.93000030517578,34.349998474121094,33.849998474121094,34.20000076293945,20.004423141479492,539700
FTS.TO,2012-04-30,34.08000183105469,34.33000183105469,33.959999084472656,34.2599983215332,20.039522171020508,415000
FTS.TO,2012-05-01,34.2599983215332,34.290000915527344,34.119998931884766,34.189998626708984,19.998577117919922,177400
FTS.TO,2012-05-02,33.9900016784668,34.599998474121094,33.91999816894531,34.54999923706055,20.20915412902832,408600
FTS.TO,2012-05-03,34.54999923706055,34.97999954223633,33.7599983215332,33.81999969482422,19.782154083251953,680000
FTS.TO,2012-05-04,33.84000015258789,33.880001068115234,33.54999923706055,33.63999938964844,19.676868438720703,308800
FTS.TO,2012-05-07,33.619998931884766,34.0,33.58000183105469,33.95000076293945,19.85819435119629,430100
FTS.TO,2012-05-08,33.93000030517578,34.0,33.599998474121094,33.810001373291016,19.776302337646484,656000
FTS.TO,2012-05-09,33.560001373291016,33.959999084472656,33.560001373291016,33.790000915527344,19.764606475830078,228000
FTS.TO,2012-05-10,33.79999923706055,34.0,33.70000076293945,33.970001220703125,19.869897842407227,307000
FTS.TO,2012-05-11,34.0,34.0099983215332,33.86000061035156,33.9900016784668,19.881587982177734,181800
FTS.TO,2012-05-14,33.95000076293945,33.95000076293945,33.70000076293945,33.720001220703125,19.723655700683594,251000
FTS.TO,2012-05-15,33.70000076293945,33.70000076293945,33.29999923706055,33.380001068115234,19.700057983398438,255000
FTS.TO,2012-05-16,33.400001525878906,33.72999954223633,33.36000061035156,33.459999084472656,19.74726676940918,301000
FTS.TO,2012-05-17,33.5,33.599998474121094,33.099998474121094,33.22999954223633,19.611526489257812,3783200
FTS.TO,2012-05-18,33.43000030517578,33.58000183105469,33.029998779296875,33.099998474121094,19.534805297851562,429000
FTS.TO,2012-05-22,33.279998779296875,33.90999984741211,33.18000030517578,33.790000915527344,19.94202995300293,299000
FTS.TO,2012-05-23,33.66999816894531,33.75,33.130001068115234,33.54999923706055,19.800382614135742,339200
FTS.TO,2012-05-24,33.47999954223633,33.7599983215332,33.36000061035156,33.43000030517578,19.729562759399414,385100
FTS.TO,2012-05-25,33.380001068115234,33.380001068115234,32.90999984741211,33.15999984741211,19.570219039916992,318300
FTS.TO,2012-05-28,33.029998779296875,33.099998474121094,32.47999954223633,32.65999984741211,19.27513313293457,876400
FTS.TO,2012-05-29,32.79999923706055,33.029998779296875,32.4900016784668,32.88999938964844,19.41086769104004,287800
FTS.TO,2012-05-30,32.7599983215332,32.939998626708984,32.15999984741211,32.2400016784668,19.027252197265625,420200
FTS.TO,2012-05-31,32.2400016784668,32.9900016784668,32.08000183105469,32.900001525878906,19.416772842407227,555100
FTS.TO,2012-06-01,32.88999938964844,32.88999938964844,32.18000030517578,32.400001525878906,19.12168312072754,283900
FTS.TO,2012-06-04,32.45000076293945,32.7400016784668,32.15999984741211,32.7400016784668,19.322343826293945,968600
FTS.TO,2012-06-05,32.63999938964844,33.290000915527344,32.63999938964844,33.189998626708984,19.587923049926758,326300
FTS.TO,2012-06-06,33.099998474121094,33.900001525878906,33.0,33.790000915527344,19.94202995300293,729600
FTS.TO,2012-06-07,33.91999816894531,34.0,33.560001373291016,33.72999954223633,19.9066162109375,273600
FTS.TO,2012-06-08,33.61000061035156,34.0,33.61000061035156,33.75,19.918418884277344,373700
FTS.TO,2012-06-11,33.7599983215332,33.959999084472656,33.40999984741211,33.599998474121094,19.829893112182617,356900
FTS.TO,2012-06-12,33.599998474121094,33.68000030517578,33.2599983215332,33.61000061035156,19.83579444885254,2800600
FTS.TO,2012-06-13,33.459999084472656,33.7599983215332,33.13999938964844,33.349998474121094,19.682342529296875,387800
FTS.TO,2012-06-14,33.349998474121094,33.52000045776367,32.93000030517578,33.209999084472656,19.5997257232666,418400
FTS.TO,2012-06-15,33.290000915527344,33.380001068115234,32.380001068115234,32.5,19.18069839477539,1025800
FTS.TO,2012-06-18,32.70000076293945,32.970001220703125,32.43000030517578,32.58000183105469,19.227914810180664,334700
FTS.TO,2012-06-19,32.650001525878906,33.290000915527344,32.56999969482422,33.08000183105469,19.522998809814453,224900
FTS.TO,2012-06-20,32.70000076293945,32.70000076293945,32.25,32.459999084472656,19.157094955444336,973800
FTS.TO,2012-06-21,32.45000076293945,32.45000076293945,32.130001068115234,32.130001068115234,18.962329864501953,495000
FTS.TO,2012-06-22,32.279998779296875,32.5,32.18000030517578,32.45000076293945,19.151195526123047,276500
FTS.TO,2012-06-25,32.45000076293945,32.5,32.310001373291016,32.43000030517578,19.13939094543457,297800
FTS.TO,2012-06-26,32.47999954223633,32.4900016784668,32.33000183105469,32.38999938964844,19.11577796936035,267900
FTS.TO,2012-06-27,32.45000076293945,32.61000061035156,32.33000183105469,32.470001220703125,19.16299819946289,485000
FTS.TO,2012-06-28,32.29999923706055,32.369998931884766,32.029998779296875,32.09000015258789,18.938724517822266,722200
FTS.TO,2012-06-29,32.25,32.31999969482422,32.130001068115234,32.290000915527344,19.05677032470703,615900
FTS.TO,2012-07-03,32.47999954223633,32.7599983215332,32.369998931884766,32.650001525878906,19.269229888916016,593500
FTS.TO,2012-07-04,32.650001525878906,32.70000076293945,32.369998931884766,32.650001525878906,19.269229888916016,206400
FTS.TO,2012-07-05,32.599998474121094,32.90999984741211,32.439998626708984,32.709999084472656,19.30463409423828,301500
FTS.TO,2012-07-06,32.54999923706055,32.88999938964844,32.5,32.529998779296875,19.19841194152832,178500
FTS.TO,2012-07-09,32.58000183105469,32.7599983215332,32.400001525878906,32.68000030517578,19.286935806274414,629100
FTS.TO,2012-07-10,32.68000030517578,32.939998626708984,32.56999969482422,32.900001525878906,19.416772842407227,333500
FTS.TO,2012-07-11,32.7400016784668,32.939998626708984,32.7400016784668,32.93000030517578,19.43448257446289,332400
FTS.TO,2012-07-12,32.79999923706055,32.93000030517578,32.61000061035156,32.810001373291016,19.36366081237793,183800
FTS.TO,2012-07-13,32.810001373291016,32.97999954223633,32.75,32.959999084472656,19.452178955078125,164100
FTS.TO,2012-07-16,32.959999084472656,32.959999084472656,32.650001525878906,32.900001525878906,19.416772842407227,144200
FTS.TO,2012-07-17,32.95000076293945,32.97999954223633,32.849998474121094,32.95000076293945,19.44627571105957,158500
FTS.TO,2012-07-18,33.0,33.0099983215332,32.81999969482422,32.90999984741211,19.42266845703125,250000
FTS.TO,2012-07-19,32.849998474121094,33.130001068115234,32.849998474121094,33.0,19.475791931152344,221100
FTS.TO,2012-07-20,33.0099983215332,33.150001525878906,32.95000076293945,33.13999938964844,19.558414459228516,220900
FTS.TO,2012-07-23,33.04999923706055,33.08000183105469,32.529998779296875,32.88999938964844,19.41086769104004,182700
FTS.TO,2012-07-24,32.849998474121094,33.060001373291016,32.66999816894531,32.72999954223633,19.31644058227539,309100
FTS.TO,2012-07-25,32.7599983215332,32.84000015258789,32.61000061035156,32.630001068115234,19.257423400878906,243400
FTS.TO,2012-07-26,32.77000045776367,33.040000915527344,32.66999816894531,33.0099983215332,19.48169708251953,292800
FTS.TO,2012-07-27,33.04999923706055,33.43000030517578,32.959999084472656,33.29999923706055,19.652841567993164,306800
FTS.TO,2012-07-30,33.45000076293945,33.470001220703125,33.209999084472656,33.400001525878906,19.711856842041016,199900
FTS.TO,2012-07-31,33.45000076293945,33.540000915527344,33.310001373291016,33.540000915527344,19.794479370117188,402300
FTS.TO,2012-08-01,33.54999923706055,33.58000183105469,33.119998931884766,33.16999816894531,19.576122283935547,256600
FTS.TO,2012-08-02,33.09000015258789,33.25,32.75,33.0,19.475791931152344,243300
FTS.TO,2012-08-03,33.29999923706055,33.45000076293945,33.09000015258789,33.209999084472656,19.5997257232666,176900
FTS.TO,2012-08-07,33.540000915527344,33.79999923706055,33.439998626708984,33.709999084472656,19.894807815551758,393600
FTS.TO,2012-08-08,33.709999084472656,33.88999938964844,33.540000915527344,33.68000030517578,19.877107620239258,366200
FTS.TO,2012-08-09,33.70000076293945,34.029998779296875,33.65999984741211,33.77000045776367,19.93022918701172,503500
FTS.TO,2012-08-10,33.810001373291016,33.970001220703125,33.63999938964844,33.849998474121094,19.977434158325195,191900
FTS.TO,2012-08-13,33.849998474121094,33.97999954223633,33.65999984741211,33.93000030517578,20.024646759033203,239500
FTS.TO,2012-08-14,33.86000061035156,34.029998779296875,33.70000076293945,33.86000061035156,19.983341217041016,229100
FTS.TO,2012-08-15,33.68000030517578,33.68000030517578,33.47999954223633,33.58000183105469,19.995248794555664,294100
FTS.TO,2012-08-16,33.58000183105469,33.619998931884766,33.47999954223633,33.61000061035156,20.013111114501953,236600
FTS.TO,2012-08-17,33.619998931884766,33.70000076293945,33.41999816894531,33.630001068115234,20.025022506713867,242100
FTS.TO,2012-08-20,33.630001068115234,33.79999923706055,33.5,33.5,19.947614669799805,271800
FTS.TO,2012-08-21,33.59000015258789,33.72999954223633,33.529998779296875,33.650001525878906,20.03693199157715,361100
FTS.TO,2012-08-22,33.68000030517578,33.689998626708984,33.380001068115234,33.59000015258789,20.001203536987305,150200
FTS.TO,2012-08-23,33.59000015258789,33.70000076293945,33.5099983215332,33.529998779296875,19.965476989746094,159600
FTS.TO,2012-08-24,33.619998931884766,33.650001525878906,33.45000076293945,33.54999923706055,19.97738265991211,133000
FTS.TO,2012-08-27,33.5099983215332,33.650001525878906,33.38999938964844,33.61000061035156,20.013111114501953,225200
FTS.TO,2012-08-28,33.61000061035156,33.689998626708984,33.11000061035156,33.11000061035156,19.715389251708984,1420200
FTS.TO,2012-08-29,33.150001525878906,33.16999816894531,32.81999969482422,33.06999969482422,19.691564559936523,347400
FTS.TO,2012-08-30,33.08000183105469,33.08000183105469,32.63999938964844,32.66999816894531,19.45339012145996,311700
FTS.TO,2012-08-31,32.61000061035156,32.7599983215332,32.380001068115234,32.4900016784668,19.346208572387695,570700
FTS.TO,2012-09-04,32.4900016784668,32.88999938964844,32.45000076293945,32.72999954223633,19.48911476135254,1169400
FTS.TO,2012-09-05,32.720001220703125,32.84000015258789,32.630001068115234,32.7400016784668,19.49506950378418,262700
FTS.TO,2012-09-06,32.79999923706055,32.900001525878906,32.709999084472656,32.81999969482422,19.54270362854004,154400
FTS.TO,2012-09-07,32.79999923706055,33.189998626708984,32.79999923706055,33.189998626708984,19.763023376464844,386400
FTS.TO,2012-09-10,33.20000076293945,33.349998474121094,33.16999816894531,33.209999084472656,19.774930953979492,168200
FTS.TO,2012-09-11,33.29999923706055,33.29999923706055,32.849998474121094,33.15999984741211,19.745161056518555,414600
FTS.TO,2012-09-12,33.25,33.29999923706055,32.9900016784668,33.119998931884766,19.72134017944336,298400
FTS.TO,2012-09-13,33.25,33.25,32.849998474121094,32.95000076293945,19.6201114654541,369100
FTS.TO,2012-09-14,33.0099983215332,33.279998779296875,32.95000076293945,33.0,19.649890899658203,331800
FTS.TO,2012-09-17,33.029998779296875,33.150001525878906,32.689998626708984,32.75,19.50102424621582,408800
FTS.TO,2012-09-18,32.779998779296875,32.9900016784668,32.5,32.709999084472656,19.477203369140625,461100
FTS.TO,2012-09-19,32.81999969482422,33.25,32.779998779296875,33.130001068115234,19.727294921875,365700
FTS.TO,2012-09-20,33.099998474121094,33.2400016784668,32.91999816894531,33.0099983215332,19.655847549438477,225800
FTS.TO,2012-09-21,33.040000915527344,33.22999954223633,33.0099983215332,33.04999923706055,19.679658889770508,1165500
FTS.TO,2012-09-24,33.18000030517578,33.220001220703125,33.0099983215332,33.09000015258789,19.703472137451172,214200
FTS.TO,2012-09-25,33.11000061035156,33.189998626708984,32.900001525878906,33.08000183105469,19.697519302368164,941600
FTS.TO,2012-09-26,33.0,33.38999938964844,33.0,33.36000061035156,19.8642520904541,338100
FTS.TO,2012-09-27,33.400001525878906,33.41999816894531,33.27000045776367,33.31999969482422,19.840435028076172,341700
FTS.TO,2012-09-28,33.349998474121094,33.540000915527344,33.18000030517578,33.529998779296875,19.965476989746094,697900
FTS.TO,2012-10-01,33.52000045776367,33.709999084472656,33.470001220703125,33.63999938964844,20.03097152709961,298800
FTS.TO,2012-10-02,33.68000030517578,33.79999923706055,33.599998474121094,33.79999923706055,20.126245498657227,290500
FTS.TO,2012-10-03,33.79999923706055,33.83000183105469,33.619998931884766,33.72999954223633,20.084566116333008,239000
FTS.TO,2012-10-04,33.7400016784668,33.869998931884766,33.61000061035156,33.66999816894531,20.04884147644043,186700
FTS.TO,2012-10-05,33.75,33.79999923706055,33.560001373291016,33.66999816894531,20.04884147644043,209400
FTS.TO,2012-10-09,33.40999984741211,33.65999984741211,33.400001525878906,33.56999969482422,19.989295959472656,1400900
FTS.TO,2012-10-10,33.459999084472656,33.59000015258789,33.31999969482422,33.369998931884766,19.870201110839844,172300
FTS.TO,2012-10-11,33.349998474121094,33.58000183105469,33.16999816894531,33.2400016784668,19.79279327392578,696800
FTS.TO,2012-10-12,33.279998779296875,33.29999923706055,33.0099983215332,33.2599983215332,19.804702758789062,257800
FTS.TO,2012-10-15,33.27000045776367,33.400001525878906,33.150001525878906,33.279998779296875,19.81661033630371,187500
FTS.TO,2012-10-16,33.380001068115234,33.63999938964844,33.310001373291016,33.61000061035156,20.013111114501953,222400
FTS.TO,2012-10-17,33.59000015258789,33.72999954223633,33.52000045776367,33.72999954223633,20.084566116333008,311000
FTS.TO,2012-10-18,33.7400016784668,33.84000015258789,33.650001525878906,33.720001220703125,20.0786075592041,268900
FTS.TO,2012-10-19,33.599998474121094,33.790000915527344,33.529998779296875,33.599998474121094,20.007156372070312,249400
FTS.TO,2012-10-22,33.59000015258789,33.77000045776367,33.52000045776367,33.599998474121094,20.007156372070312,210900
FTS.TO,2012-10-23,33.400001525878906,33.52000045776367,33.0099983215332,33.400001525878906,19.888065338134766,396000
FTS.TO,2012-10-24,33.5099983215332,33.540000915527344,33.16999816894531,33.189998626708984,19.763023376464844,316000
FTS.TO,2012-10-25,33.27000045776367,33.43000030517578,33.220001220703125,33.400001525878906,19.888065338134766,386700
FTS.TO,2012-10-26,33.290000915527344,33.5099983215332,33.290000915527344,33.400001525878906,19.888065338134766,192500
FTS.TO,2012-10-29,33.5,33.599998474121094,33.33000183105469,33.52000045776367,19.959522247314453,178300
FTS.TO,2012-10-30,33.65999984741211,33.7400016784668,33.52000045776367,33.70000076293945,20.066701889038086,147700
FTS.TO,2012-10-31,33.77000045776367,33.93000030517578,33.650001525878906,33.77000045776367,20.10839080810547,413000
FTS.TO,2012-11-01,33.880001068115234,34.0,33.77000045776367,33.900001525878906,20.185792922973633,243300
FTS.TO,2012-11-02,33.91999816894531,34.040000915527344,33.83000183105469,33.959999084472656,20.22151756286621,542100
FTS.TO,2012-11-05,34.0,34.18000030517578,33.970001220703125,34.09000015258789,20.298917770385742,389300
FTS.TO,2012-11-06,34.11000061035156,34.20000076293945,33.959999084472656,34.08000183105469,20.292978286743164,311000
FTS.TO,2012-11-07,34.06999969482422,34.06999969482422,33.779998779296875,33.88999938964844,20.179832458496094,279300
FTS.TO,2012-11-08,33.79999923706055,34.0,33.65999984741211,33.79999923706055,20.126245498657227,235200
FTS.TO,2012-11-09,33.79999923706055,33.849998474121094,33.70000076293945,33.79999923706055,20.126245498657227,155100
FTS.TO,2012-11-12,33.849998474121094,33.9900016784668,33.7400016784668,33.959999084472656,20.22151756286621,171000
FTS.TO,2012-11-13,33.959999084472656,34.0,33.81999969482422,33.959999084472656,20.22151756286621,231500
FTS.TO,2012-11-14,33.52000045776367,33.66999816894531,33.04999923706055,33.279998779296875,19.993228912353516,404000
FTS.TO,2012-11-15,33.06999969482422,33.09000015258789,32.529998779296875,32.56999969482422,19.56669044494629,300200
FTS.TO,2012-11-16,32.7400016784668,32.84000015258789,32.40999984741211,32.72999954223633,19.662811279296875,287300
FTS.TO,2012-11-19,32.900001525878906,33.0,32.720001220703125,33.0,19.825016021728516,266600
FTS.TO,2012-11-20,33.0,33.0,32.77000045776367,33.0,19.825016021728516,275500
FTS.TO,2012-11-21,32.95000076293945,33.09000015258789,32.630001068115234,32.849998474121094,19.734901428222656,275900
FTS.TO,2012-11-22,32.849998474121094,33.0,32.810001373291016,32.95000076293945,19.794984817504883,123100
FTS.TO,2012-11-23,32.90999984741211,33.0,32.790000915527344,32.959999084472656,19.800987243652344,263000
FTS.TO,2012-11-26,32.900001525878906,33.13999938964844,32.7599983215332,33.099998474121094,19.885093688964844,254100
FTS.TO,2012-11-27,33.099998474121094,33.33000183105469,33.04999923706055,33.119998931884766,19.897109985351562,248300
FTS.TO,2012-11-28,33.09000015258789,33.099998474121094,32.810001373291016,32.97999954223633,19.813003540039062,260300
FTS.TO,2012-11-29,33.09000015258789,33.15999984741211,32.81999969482422,33.119998931884766,19.897109985351562,511700
FTS.TO,2012-11-30,33.13999938964844,33.380001068115234,33.029998779296875,33.380001068115234,20.053312301635742,1257600
FTS.TO,2012-12-03,33.36000061035156,33.45000076293945,32.900001525878906,32.95000076293945,19.794984817504883,493300
FTS.TO,2012-12-04,32.939998626708984,33.150001525878906,32.86000061035156,32.88999938964844,19.75893211364746,966800
FTS.TO,2012-12-05,32.939998626708984,33.380001068115234,32.83000183105469,33.34000015258789,20.029279708862305,330600
FTS.TO,2012-12-06,33.45000076293945,33.45000076293945,33.16999816894531,33.349998474121094,20.035280227661133,240300
FTS.TO,2012-12-07,33.4900016784668,33.5,33.25,33.310001373291016,20.011253356933594,251600
FTS.TO,2012-12-10,33.38999938964844,33.45000076293945,33.16999816894531,33.279998779296875,19.993228912353516,268300
FTS.TO,2012-12-11,33.279998779296875,33.86000061035156,33.25,33.79999923706055,20.30562400817871,409500
FTS.TO,2012-12-12,33.72999954223633,33.939998626708984,33.70000076293945,33.88999938964844,20.359691619873047,423200
FTS.TO,2012-12-13,33.88999938964844,33.91999816894531,33.56999969482422,33.7400016784668,20.269580841064453,514600
FTS.TO,2012-12-14,33.779998779296875,33.900001525878906,33.61000061035156,33.810001373291016,20.311634063720703,1042400
FTS.TO,2012-12-17,33.849998474121094,34.13999938964844,33.689998626708984,33.97999954223633,20.41375732421875,953400
FTS.TO,2012-12-18,34.15999984741211,34.209999084472656,34.0,34.02000045776367,20.437789916992188,732300
FTS.TO,2012-12-19,34.08000183105469,34.33000183105469,34.04999923706055,34.15999984741211,20.521900177001953,407500
FTS.TO,2012-12-20,34.209999084472656,34.349998474121094,33.77000045776367,33.90999984741211,20.371706008911133,422200
FTS.TO,2012-12-21,33.91999816894531,34.0099983215332,33.7599983215332,34.0099983215332,20.43178367614746,934100
FTS.TO,2012-12-24,34.13999938964844,34.20000076293945,34.040000915527344,34.11000061035156,20.491859436035156,79500
FTS.TO,2012-12-27,34.029998779296875,34.08000183105469,33.72999954223633,34.08000183105469,20.473833084106445,350200
FTS.TO,2012-12-28,34.0,34.029998779296875,33.790000915527344,33.900001525878906,20.365705490112305,187800
FTS.TO,2012-12-31,33.86000061035156,34.34000015258789,33.86000061035156,34.220001220703125,20.557945251464844,196300
FTS.TO,2013-01-02,34.400001525878906,34.45000076293945,34.18000030517578,34.43000030517578,20.684106826782227,370800
FTS.TO,2013-01-03,34.400001525878906,34.630001068115234,34.25,34.58000183105469,20.77421760559082,372800
FTS.TO,2013-01-04,34.45000076293945,34.650001525878906,34.439998626708984,34.5099983215332,20.732168197631836,300000
FTS.TO,2013-01-07,34.47999954223633,34.560001373291016,34.25,34.52000045776367,20.738170623779297,267800
FTS.TO,2013-01-08,34.15999984741211,34.2400016784668,33.91999816894531,34.18000030517578,20.533912658691406,482900
FTS.TO,2013-01-09,34.18000030517578,34.22999954223633,34.0,34.22999954223633,20.563953399658203,268200
FTS.TO,2013-01-10,34.25,34.45000076293945,34.060001373291016,34.2400016784668,20.569957733154297,283800
FTS.TO,2013-01-11,34.290000915527344,34.40999984741211,34.20000076293945,34.349998474121094,20.63603973388672,192600
FTS.TO,2013-01-14,34.369998931884766,34.380001068115234,34.20000076293945,34.290000915527344,20.600000381469727,273400
FTS.TO,2013-01-15,34.209999084472656,34.7400016784668,34.20000076293945,34.65999984741211,20.822280883789062,465300
FTS.TO,2013-01-16,34.5099983215332,34.61000061035156,34.459999084472656,34.5,20.726158142089844,280600
FTS.TO,2013-01-17,34.40999984741211,34.56999969482422,34.40999984741211,34.5,20.726158142089844,322200
FTS.TO,2013-01-18,34.599998474121094,34.599998474121094,34.43000030517578,34.4900016784668,20.72015380859375,262600
FTS.TO,2013-01-21,34.47999954223633,34.52000045776367,34.43000030517578,34.5,20.726158142089844,110500
FTS.TO,2013-01-22,34.400001525878906,34.47999954223633,34.29999923706055,34.400001525878906,20.666080474853516,623200
FTS.TO,2013-01-23,34.2400016784668,34.36000061035156,34.18000030517578,34.27000045776367,20.587982177734375,419000
FTS.TO,2013-01-24,34.29999923706055,34.45000076293945,34.27000045776367,34.349998474121094,20.63603973388672,342800
FTS.TO,2013-01-25,34.400001525878906,34.43000030517578,34.290000915527344,34.380001068115234,20.654069900512695,208300
FTS.TO,2013-01-28,34.400001525878906,34.66999816894531,34.29999923706055,34.58000183105469,20.77421760559082,278000
FTS.TO,2013-01-29,34.599998474121094,34.790000915527344,34.54999923706055,34.720001220703125,20.858320236206055,210400
FTS.TO,2013-01-30,34.81999969482422,34.849998474121094,34.560001373291016,34.709999084472656,20.852310180664062,339000
FTS.TO,2013-01-31,34.709999084472656,34.720001220703125,34.439998626708984,34.63999938964844,20.810272216796875,355500
FTS.TO,2013-02-01,34.5,34.709999084472656,34.36000061035156,34.529998779296875,20.744169235229492,238700
FTS.TO,2013-02-04,34.4900016784668,34.599998474121094,34.33000183105469,34.470001220703125,20.7081356048584,287400
FTS.TO,2013-02-05,34.540000915527344,34.88999938964844,34.470001220703125,34.65999984741211,20.822280883789062,328300
FTS.TO,2013-02-06,34.7599983215332,34.790000915527344,34.59000015258789,34.599998474121094,20.786231994628906,213900
FTS.TO,2013-02-07,34.5,34.689998626708984,34.209999084472656,34.2400016784668,20.569957733154297,480600
FTS.TO,2013-02-08,34.20000076293945,34.22999954223633,33.54999923706055,33.779998779296875,20.29360580444336,438700
FTS.TO,2013-02-11,33.880001068115234,33.90999984741211,33.61000061035156,33.650001525878906,20.215513229370117,419400
FTS.TO,2013-02-12,33.470001220703125,33.470001220703125,32.90999984741211,33.0,20.009353637695312,418400
FTS.TO,2013-02-13,33.11000061035156,33.18000030517578,32.900001525878906,33.13999938964844,20.09425163269043,381700
FTS.TO,2013-02-14,33.150001525878906,33.20000076293945,32.88999938964844,33.06999969482422,20.051801681518555,337000
FTS.TO,2013-02-15,33.0,33.11000061035156,32.97999954223633,33.040000915527344,20.033611297607422,668900
FTS.TO,2013-02-19,33.040000915527344,33.61000061035156,33.040000915527344,33.439998626708984,20.27614974975586,386800
FTS.TO,2013-02-20,33.560001373291016,33.560001373291016,33.150001525878906,33.380001068115234,20.23976707458496,1420600
FTS.TO,2013-02-21,33.380001068115234,33.7599983215332,33.22999954223633,33.66999816894531,20.41560173034668,443200
FTS.TO,2013-02-22,33.540000915527344,33.83000183105469,33.41999816894531,33.810001373291016,20.5004940032959,415800
FTS.TO,2013-02-25,33.88999938964844,33.95000076293945,33.33000183105469,33.439998626708984,20.27614974975586,362800
FTS.TO,2013-02-26,33.439998626708984,33.75,33.27000045776367,33.369998931884766,20.23370361328125,319800
FTS.TO,2013-02-27,33.38999938964844,33.7599983215332,33.310001373291016,33.61000061035156,20.379220962524414,544300
FTS.TO,2013-02-28,33.68000030517578,33.709999084472656,33.5099983215332,33.65999984741211,20.409547805786133,459700
FTS.TO,2013-03-01,33.689998626708984,33.7400016784668,33.4900016784668,33.63999938964844,20.397418975830078,335100
FTS.TO,2013-03-04,33.709999084472656,33.709999084472656,33.400001525878906,33.58000183105469,20.361040115356445,327500
FTS.TO,2013-03-05,33.81999969482422,33.81999969482422,33.540000915527344,33.630001068115234,20.391353607177734,397000
FTS.TO,2013-03-06,33.7400016784668,33.75,33.33000183105469,33.43000030517578,20.27008819580078,281500
FTS.TO,2013-03-07,33.5,33.84000015258789,33.45000076293945,33.70000076293945,20.43379020690918,349500
FTS.TO,2013-03-08,33.81999969482422,33.93000030517578,33.68000030517578,33.72999954223633,20.451984405517578,339500
FTS.TO,2013-03-11,33.779998779296875,33.97999954223633,33.720001220703125,33.88999938964844,20.54900550842285,264300
FTS.TO,2013-03-12,33.86000061035156,34.08000183105469,33.84000015258789,33.939998626708984,20.579322814941406,362900
FTS.TO,2013-03-13,33.9900016784668,34.0099983215332,33.56999969482422,33.689998626708984,20.4277286529541,426700
FTS.TO,2013-03-14,33.75,33.79999923706055,33.400001525878906,33.56999969482422,20.354969024658203,440100
FTS.TO,2013-03-15,33.380001068115234,33.810001373291016,33.310001373291016,33.349998474121094,20.22157096862793,1020900
FTS.TO,2013-03-18,33.349998474121094,33.630001068115234,33.220001220703125,33.27000045776367,20.173070907592773,419900
FTS.TO,2013-03-19,33.29999923706055,33.4900016784668,33.209999084472656,33.349998474121094,20.22157096862793,351700
FTS.TO,2013-03-20,33.54999923706055,33.63999938964844,33.400001525878906,33.540000915527344,20.336782455444336,370600
FTS.TO,2013-03-21,33.599998474121094,33.689998626708984,33.52000045776367,33.599998474121094,20.373159408569336,736900
FTS.TO,2013-03-22,33.599998474121094,33.779998779296875,33.56999969482422,33.70000076293945,20.43379020690918,847600
FTS.TO,2013-03-25,33.790000915527344,33.869998931884766,33.36000061035156,33.619998931884766,20.385290145874023,526000
FTS.TO,2013-03-26,33.560001373291016,33.81999969482422,33.560001373291016,33.75,20.464107513427734,337700
FTS.TO,2013-03-27,33.68000030517578,33.869998931884766,33.619998931884766,33.779998779296875,20.482297897338867,505900
FTS.TO,2013-03-28,33.7400016784668,34.290000915527344,33.689998626708984,34.150001525878906,20.706647872924805,573200
FTS.TO,2013-04-01,34.150001525878906,34.400001525878906,33.880001068115234,33.939998626708984,20.579322814941406,426900
FTS.TO,2013-04-02,33.95000076293945,34.25,33.95000076293945,34.119998931884766,20.688461303710938,432300
FTS.TO,2013-04-03,34.0099983215332,34.25,33.83000183105469,34.060001373291016,20.652084350585938,1293000
FTS.TO,2013-04-04,34.150001525878906,34.2599983215332,33.849998474121094,33.97999954223633,20.603567123413086,279000
FTS.TO,2013-04-05,33.95000076293945,33.95000076293945,33.439998626708984,33.7599983215332,20.470182418823242,379300
FTS.TO,2013-04-08,33.75,33.970001220703125,33.689998626708984,33.880001068115234,20.542936325073242,215700
FTS.TO,2013-04-09,33.84000015258789,34.029998779296875,33.72999954223633,33.95000076293945,20.585378646850586,480900
FTS.TO,2013-04-10,34.0,34.099998474121094,33.849998474121094,34.0,20.61570167541504,440200
FTS.TO,2013-04-11,33.869998931884766,34.0099983215332,33.779998779296875,34.0099983215332,20.62175750732422,340300
FTS.TO,2013-04-12,33.900001525878906,34.04999923706055,33.61000061035156,33.720001220703125,20.445924758911133,400100
FTS.TO,2013-04-15,33.70000076293945,33.79999923706055,33.099998474121094,33.189998626708984,20.12455940246582,481600
FTS.TO,2013-04-16,33.209999084472656,33.650001525878906,33.16999816894531,33.630001068115234,20.391353607177734,360600
FTS.TO,2013-04-17,33.630001068115234,33.689998626708984,33.060001373291016,33.279998779296875,20.17913055419922,342400
FTS.TO,2013-04-18,33.5,33.540000915527344,33.2599983215332,33.47999954223633,20.300395965576172,256500
FTS.TO,2013-04-19,33.369998931884766,33.66999816894531,33.31999969482422,33.61000061035156,20.379220962524414,366700
FTS.TO,2013-04-22,33.5,33.849998474121094,33.439998626708984,33.72999954223633,20.451984405517578,235700
FTS.TO,2013-04-23,33.7400016784668,33.86000061035156,33.599998474121094,33.79999923706055,20.494434356689453,462200
FTS.TO,2013-04-24,33.88999938964844,34.130001068115234,33.79999923706055,34.099998474121094,20.676328659057617,305700
FTS.TO,2013-04-25,34.0099983215332,34.38999938964844,33.959999084472656,34.29999923706055,20.797595977783203,457200
FTS.TO,2013-04-26,34.119998931884766,34.40999984741211,34.119998931884766,34.36000061035156,20.833980560302734,442200
FTS.TO,2013-04-29,34.41999816894531,34.54999923706055,34.36000061035156,34.38999938964844,20.852169036865234,504400
FTS.TO,2013-04-30,34.400001525878906,35.08000183105469,34.310001373291016,34.95000076293945,21.191726684570312,732600
FTS.TO,2013-05-01,34.900001525878906,34.95000076293945,34.59000015258789,34.720001220703125,21.052270889282227,358300
FTS.TO,2013-05-02,34.720001220703125,35.099998474121094,34.61000061035156,35.0,21.222043991088867,544600
FTS.TO,2013-05-03,35.040000915527344,35.130001068115234,34.790000915527344,34.880001068115234,21.149290084838867,211100
FTS.TO,2013-05-06,34.68000030517578,35.13999938964844,34.61000061035156,35.0099983215332,21.228105545043945,462100
FTS.TO,2013-05-07,35.09000015258789,35.099998474121094,34.88999938964844,34.970001220703125,21.203855514526367,334500
FTS.TO,2013-05-08,34.66999816894531,34.880001068115234,34.29999923706055,34.4900016784668,20.912813186645508,719000
FTS.TO,2013-05-09,34.5099983215332,34.7400016784668,34.470001220703125,34.56999969482422,20.96131706237793,239500
FTS.TO,2013-05-10,34.66999816894531,34.66999816894531,34.369998931884766,34.47999954223633,20.906740188598633,253400
FTS.TO,2013-05-13,34.45000076293945,34.45000076293945,34.09000015258789,34.209999084472656,20.743026733398438,607900
FTS.TO,2013-05-14,34.209999084472656,34.25,33.84000015258789,33.970001220703125,20.597509384155273,512100
FTS.TO,2013-05-15,33.77000045776367,33.88999938964844,33.41999816894531,33.63999938964844,20.58526611328125,450400
FTS.TO,2013-05-16,33.599998474121094,33.86000061035156,33.56999969482422,33.650001525878906,20.59139633178711,529000
FTS.TO,2013-05-17,33.52000045776367,34.130001068115234,33.5,33.9900016784668,20.7994384765625,1866200
FTS.TO,2013-05-21,33.939998626708984,34.279998779296875,33.939998626708984,34.08000183105469,20.85451889038086,518800
FTS.TO,2013-05-22,34.06999969482422,34.18000030517578,33.77000045776367,33.86000061035156,20.71989631652832,618800
FTS.TO,2013-05-23,33.7599983215332,34.0,33.52000045776367,33.650001525878906,20.59139633178711,306700
FTS.TO,2013-05-24,33.54999923706055,33.84000015258789,33.52000045776367,33.630001068115234,20.579153060913086,726500
FTS.TO,2013-05-27,33.72999954223633,33.81999969482422,33.599998474121094,33.65999984741211,20.597509384155273,182800
FTS.TO,2013-05-28,33.79999923706055,34.0,33.650001525878906,33.779998779296875,20.670936584472656,531500
FTS.TO,2013-05-29,33.75,33.86000061035156,33.52000045776367,33.630001068115234,20.579153060913086,357800
FTS.TO,2013-05-30,33.58000183105469,33.58000183105469,33.31999969482422,33.369998931884766,20.420047760009766,514300
FTS.TO,2013-05-31,33.29999923706055,33.380001068115234,33.0,33.0099983215332,20.199756622314453,602100
FTS.TO,2013-06-03,33.02000045776367,33.2599983215332,32.779998779296875,32.869998931884766,20.114086151123047,1171700
FTS.TO,2013-06-04,32.91999816894531,33.15999984741211,32.91999816894531,33.06999969482422,20.23647117614746,347300
FTS.TO,2013-06-05,33.040000915527344,33.040000915527344,32.400001525878906,32.52000045776367,19.89991569519043,438300
FTS.TO,2013-06-06,32.36000061035156,32.38999938964844,31.8799991607666,32.04999923706055,19.612306594848633,728200
FTS.TO,2013-06-07,32.040000915527344,32.459999084472656,32.0,32.459999084472656,19.86319351196289,400700
FTS.TO,2013-06-10,32.52000045776367,32.790000915527344,32.29999923706055,32.58000183105469,19.936626434326172,813000
FTS.TO,2013-06-11,32.4900016784668,32.599998474121094,32.25,32.4900016784668,19.881553649902344,360100
FTS.TO,2013-06-12,32.43000030517578,32.4900016784668,31.739999771118164,31.770000457763672,19.44096565246582,562200
FTS.TO,2013-06-13,31.719999313354492,32.470001220703125,31.709999084472656,32.29999923706055,19.76528549194336,1477000
FTS.TO,2013-06-14,32.38999938964844,33.06999969482422,32.33000183105469,33.0,20.193639755249023,876100
FTS.TO,2013-06-17,33.06999969482422,33.20000076293945,32.790000915527344,32.97999954223633,20.181396484375,448000
FTS.TO,2013-06-18,33.0,33.31999969482422,32.900001525878906,33.22999954223633,20.334381103515625,518800
FTS.TO,2013-06-19,33.18000030517578,33.22999954223633,32.38999938964844,32.58000183105469,19.936626434326172,533400
FTS.TO,2013-06-20,32.369998931884766,32.369998931884766,31.1200008392334,31.239999771118164,19.11663818359375,1010700
FTS.TO,2013-06-21,31.270000457763672,31.559999465942383,30.989999771118164,31.329999923706055,19.171710968017578,1406800
FTS.TO,2013-06-24,31.209999084472656,31.229999542236328,30.700000762939453,31.18000030517578,19.07992935180664,572800
FTS.TO,2013-06-25,31.200000762939453,31.350000381469727,31.110000610351562,31.329999923706055,19.171710968017578,329500
FTS.TO,2013-06-26,31.459999084472656,31.799999237060547,31.280000686645508,31.350000381469727,19.1839542388916,264200
FTS.TO,2013-06-27,31.510000228881836,31.790000915527344,31.479999542236328,31.719999313354492,19.41036605834961,293700
FTS.TO,2013-06-28,31.739999771118164,32.5,31.670000076293945,32.189998626708984,19.697973251342773,625700
FTS.TO,2013-07-02,31.969999313354492,32.36000061035156,31.799999237060547,32.0099983215332,19.58782386779785,522600
FTS.TO,2013-07-03,32.060001373291016,32.08000183105469,31.510000228881836,31.770000457763672,19.44096565246582,244400
FTS.TO,2013-07-04,31.700000762939453,31.989999771118164,31.700000762939453,31.850000381469727,19.489919662475586,79900
FTS.TO,2013-07-05,31.75,31.84000015258789,31.25,31.5,19.275745391845703,298700
FTS.TO,2013-07-08,31.670000076293945,32.189998626708984,31.5,32.09000015258789,19.636781692504883,448600
FTS.TO,2013-07-09,32.27000045776367,32.41999816894531,31.81999969482422,32.41999816894531,19.838714599609375,559000
FTS.TO,2013-07-10,32.34000015258789,32.349998474121094,31.719999313354492,32.04999923706055,19.612306594848633,481100
FTS.TO,2013-07-11,32.400001525878906,32.58000183105469,32.08000183105469,32.5,19.887670516967773,579100
FTS.TO,2013-07-12,32.5,32.529998779296875,32.20000076293945,32.36000061035156,19.802003860473633,325100
FTS.TO,2013-07-15,32.38999938964844,32.63999938964844,32.38999938964844,32.58000183105469,19.936626434326172,367300
FTS.TO,2013-07-16,32.599998474121094,32.599998474121094,32.36000061035156,32.5,19.887670516967773,282300
FTS.TO,2013-07-17,32.459999084472656,32.79999923706055,32.45000076293945,32.709999084472656,20.01617431640625,391600
FTS.TO,2013-07-18,32.689998626708984,32.95000076293945,32.18000030517578,32.29999923706055,19.76528549194336,532200
FTS.TO,2013-07-19,32.16999816894531,32.36000061035156,32.130001068115234,32.34000015258789,19.789764404296875,349000
FTS.TO,2013-07-22,32.369998931884766,32.47999954223633,32.25,32.34000015258789,19.789764404296875,249400
FTS.TO,2013-07-23,32.209999084472656,32.439998626708984,32.209999084472656,32.400001525878906,19.82648277282715,296900
FTS.TO,2013-07-24,32.43000030517578,32.5,32.11000061035156,32.2599983215332,19.740812301635742,280800
FTS.TO,2013-07-25,32.119998931884766,32.369998931884766,32.119998931884766,32.29999923706055,19.76528549194336,315200
FTS.TO,2013-07-26,32.34000015258789,32.43000030517578,31.8799991607666,32.22999954223633,19.722454071044922,289700
FTS.TO,2013-07-29,32.150001525878906,32.54999923706055,32.150001525878906,32.43000030517578,19.844839096069336,293900
FTS.TO,2013-07-30,32.4900016784668,32.65999984741211,32.29999923706055,32.5,19.887670516967773,459400
FTS.TO,2013-07-31,32.4900016784668,32.56999969482422,32.220001220703125,32.290000915527344,19.759166717529297,438600
FTS.TO,2013-08-01,32.45000076293945,32.45000076293945,31.75,32.0099983215332,19.58782386779785,428500
FTS.TO,2013-08-02,32.040000915527344,32.16999816894531,32.029998779296875,32.150001525878906,19.673500061035156,239000
FTS.TO,2013-08-06,32.15999984741211,32.18000030517578,31.579999923706055,31.75,19.428726196289062,381800
FTS.TO,2013-08-07,31.600000381469727,32.0099983215332,31.520000457763672,32.0099983215332,19.58782386779785,363000
FTS.TO,2013-08-08,31.940000534057617,32.0,31.6200008392334,31.790000915527344,19.453201293945312,349800
FTS.TO,2013-08-09,31.81999969482422,31.81999969482422,31.540000915527344,31.739999771118164,19.422611236572266,210200
FTS.TO,2013-08-12,31.709999084472656,31.790000915527344,31.520000457763672,31.780000686645508,19.447084426879883,434600
FTS.TO,2013-08-13,31.65999984741211,31.790000915527344,31.5,31.579999923706055,19.324697494506836,348500
FTS.TO,2013-08-14,31.489999771118164,31.600000381469727,31.059999465942383,31.110000610351562,19.22581672668457,408200
FTS.TO,2013-08-15,31.100000381469727,31.18000030517578,30.950000762939453,31.1200008392334,19.232004165649414,439000
FTS.TO,2013-08-16,31.030000686645508,31.34000015258789,30.959999084472656,31.209999084472656,19.28761100769043,272800
FTS.TO,2013-08-19,31.260000228881836,31.260000228881836,30.43000030517578,30.489999771118164,18.8426570892334,549300
FTS.TO,2013-08-20,30.5,30.979999542236328,30.5,30.719999313354492,18.98480796813965,479800
FTS.TO,2013-08-21,30.709999084472656,30.860000610351562,30.260000228881836,30.440000534057617,18.811765670776367,406200
FTS.TO,2013-08-22,30.520000457763672,30.690000534057617,30.43000030517578,30.440000534057617,18.811765670776367,377200
FTS.TO,2013-08-23,30.440000534057617,30.65999984741211,30.350000381469727,30.469999313354492,18.83030128479004,309600
FTS.TO,2013-08-26,30.5,30.56999969482422,30.059999465942383,30.15999984741211,18.638723373413086,340700
FTS.TO,2013-08-27,30.079999923706055,30.270000457763672,30.0,30.020000457763672,18.55220603942871,508500
FTS.TO,2013-08-28,30.09000015258789,30.219999313354492,30.0,30.100000381469727,18.601648330688477,353200
FTS.TO,2013-08-29,30.110000610351562,30.170000076293945,29.920000076293945,30.059999465942383,18.576927185058594,466400
FTS.TO,2013-08-30,30.149999618530273,30.420000076293945,30.040000915527344,30.350000381469727,18.756141662597656,1149500
FTS.TO,2013-09-03,30.43000030517578,30.770000457763672,29.90999984741211,29.989999771118164,18.533660888671875,485500
FTS.TO,2013-09-04,30.0,30.389999389648438,29.780000686645508,30.219999313354492,18.67580795288086,885400
FTS.TO,2013-09-05,30.440000534057617,30.610000610351562,30.229999542236328,30.56999969482422,18.892099380493164,644700
FTS.TO,2013-09-06,30.639999389648438,30.790000915527344,30.520000457763672,30.709999084472656,18.978620529174805,473700
FTS.TO,2013-09-09,30.739999771118164,30.84000015258789,30.280000686645508,30.43000030517578,18.805580139160156,430900
FTS.TO,2013-09-10,30.399999618530273,30.489999771118164,30.040000915527344,30.1299991607666,18.620180130004883,1040000
FTS.TO,2013-09-11,30.170000076293945,30.420000076293945,30.1299991607666,30.31999969482422,18.737600326538086,697900
FTS.TO,2013-09-12,30.34000015258789,30.469999313354492,30.049999237060547,30.09000015258789,18.595460891723633,355100
FTS.TO,2013-09-13,30.190000534057617,30.229999542236328,29.959999084472656,30.010000228881836,18.546022415161133,435300
FTS.TO,2013-09-16,30.239999771118164,30.459999084472656,30.079999923706055,30.399999618530273,18.78704833984375,661400
FTS.TO,2013-09-17,30.489999771118164,30.510000228881836,30.350000381469727,30.440000534057617,18.811765670776367,642000
FTS.TO,2013-09-18,30.479999542236328,30.989999771118164,30.350000381469727,30.8799991607666,19.083677291870117,598800
FTS.TO,2013-09-19,31.0,31.25,30.75,31.239999771118164,19.306156158447266,576300
FTS.TO,2013-09-20,31.239999771118164,31.459999084472656,31.15999984741211,31.459999084472656,19.442115783691406,3422500
FTS.TO,2013-09-23,31.40999984741211,31.450000762939453,31.030000686645508,31.200000762939453,19.28143882751465,591000
FTS.TO,2013-09-24,31.1200008392334,31.40999984741211,31.100000381469727,31.389999389648438,19.398855209350586,452200
FTS.TO,2013-09-25,31.450000762939453,31.450000762939453,31.149999618530273,31.329999923706055,19.361770629882812,484400
FTS.TO,2013-09-26,31.389999389648438,31.56999969482422,31.309999465942383,31.40999984741211,19.411222457885742,275600
FTS.TO,2013-09-27,31.399999618530273,31.43000030517578,31.219999313354492,31.31999969482422,19.355600357055664,285100
FTS.TO,2013-09-30,31.200000762939453,31.540000915527344,31.149999618530273,31.290000915527344,19.337053298950195,456900
FTS.TO,2013-10-01,31.309999465942383,31.739999771118164,31.299999237060547,31.690000534057617,19.584259033203125,459200
FTS.TO,2013-10-02,31.559999465942383,31.81999969482422,31.479999542236328,31.81999969482422,19.66459083557129,403300
FTS.TO,2013-10-03,31.700000762939453,31.760000228881836,31.100000381469727,31.25,19.312339782714844,521200
FTS.TO,2013-10-04,31.25,31.389999389648438,30.760000228881836,30.950000762939453,19.126935958862305,685100
FTS.TO,2013-10-07,30.790000915527344,31.09000015258789,30.790000915527344,30.959999084472656,19.13312339782715,452400
FTS.TO,2013-10-08,30.989999771118164,31.030000686645508,30.850000381469727,30.940000534057617,19.120758056640625,249900
FTS.TO,2013-10-09,31.0,31.1200008392334,30.8799991607666,30.90999984741211,19.102216720581055,381700
FTS.TO,2013-10-10,30.950000762939453,31.350000381469727,30.950000762939453,31.34000015258789,19.367958068847656,472400
FTS.TO,2013-10-11,31.360000610351562,31.729999542236328,31.350000381469727,31.709999084472656,19.596620559692383,351000
FTS.TO,2013-10-15,31.75,31.75,31.309999465942383,31.540000915527344,19.491554260253906,362900
FTS.TO,2013-10-16,31.600000381469727,31.6299991607666,31.299999237060547,31.6200008392334,19.54099464416504,384400
FTS.TO,2013-10-17,31.6200008392334,31.850000381469727,31.350000381469727,31.760000228881836,19.62751579284668,447800
FTS.TO,2013-10-18,31.84000015258789,32.06999969482422,31.780000686645508,32.0099983215332,19.78200912475586,462700
FTS.TO,2013-10-21,32.04999923706055,32.130001068115234,31.90999984741211,32.11000061035156,19.843814849853516,339100
FTS.TO,2013-10-22,32.25,32.380001068115234,32.11000061035156,32.290000915527344,19.955053329467773,375700
FTS.TO,2013-10-23,32.2400016784668,32.63999938964844,32.16999816894531,32.599998474121094,20.146625518798828,351000
FTS.TO,2013-10-24,32.540000915527344,32.540000915527344,32.27000045776367,32.369998931884766,20.004491806030273,334200
FTS.TO,2013-10-25,32.380001068115234,32.7599983215332,32.29999923706055,32.709999084472656,20.214603424072266,369800
FTS.TO,2013-10-28,32.70000076293945,32.79999923706055,32.45000076293945,32.52000045776367,20.09719467163086,520300
FTS.TO,2013-10-29,32.56999969482422,32.599998474121094,32.45000076293945,32.5,20.08483123779297,342200
FTS.TO,2013-10-30,32.58000183105469,32.68000030517578,32.380001068115234,32.470001220703125,20.06629180908203,434300
FTS.TO,2013-10-31,32.36000061035156,32.58000183105469,32.349998474121094,32.43000030517578,20.041574478149414,515100
FTS.TO,2013-11-01,32.400001525878906,32.84000015258789,32.31999969482422,32.470001220703125,20.06629180908203,476000
FTS.TO,2013-11-04,32.439998626708984,32.459999084472656,32.0099983215332,32.34000015258789,19.985952377319336,577200
FTS.TO,2013-11-05,32.25,32.47999954223633,32.189998626708984,32.43000030517578,20.041574478149414,584800
FTS.TO,2013-11-06,32.5,32.5,32.150001525878906,32.34000015258789,19.985952377319336,403200
FTS.TO,2013-11-07,32.34000015258789,32.349998474121094,31.950000762939453,32.0099983215332,19.78200912475586,411000
FTS.TO,2013-11-08,31.979999542236328,32.0099983215332,31.59000015258789,31.8799991607666,19.701671600341797,984300
FTS.TO,2013-11-11,31.829999923706055,31.899999618530273,31.3700008392334,31.670000076293945,19.5718994140625,896900
FTS.TO,2013-11-12,31.280000686645508,31.93000030517578,31.280000686645508,31.700000762939453,19.590431213378906,1054100
FTS.TO,2013-11-13,31.299999237060547,31.670000076293945,31.299999237060547,31.520000457763672,19.671573638916016,437800
FTS.TO,2013-11-14,31.530000686645508,31.799999237060547,31.469999313354492,31.760000228881836,19.821348190307617,331700
FTS.TO,2013-11-15,31.799999237060547,31.799999237060547,31.510000228881836,31.729999542236328,19.80263328552246,454800
FTS.TO,2013-11-18,31.700000762939453,31.799999237060547,31.559999465942383,31.6200008392334,19.733970642089844,238500
FTS.TO,2013-11-19,31.68000030517578,31.799999237060547,31.559999465942383,31.6200008392334,19.733970642089844,387100
FTS.TO,2013-11-20,31.700000762939453,31.770000457763672,31.360000610351562,31.520000457763672,19.671573638916016,376100
FTS.TO,2013-11-21,31.440000534057617,31.75,31.399999618530273,31.56999969482422,19.70277214050293,323800
FTS.TO,2013-11-22,31.6299991607666,31.690000534057617,31.559999465942383,31.559999465942383,19.696531295776367,226500
FTS.TO,2013-11-25,31.65999984741211,31.780000686645508,31.530000686645508,31.6200008392334,19.733970642089844,311900
FTS.TO,2013-11-26,31.68000030517578,31.790000915527344,31.110000610351562,31.40999984741211,19.602914810180664,498000
FTS.TO,2013-11-27,31.350000381469727,31.489999771118164,31.0,31.290000915527344,19.528030395507812,350600
FTS.TO,2013-11-28,31.229999542236328,31.309999465942383,31.06999969482422,31.219999313354492,19.484338760375977,189300
FTS.TO,2013-11-29,31.15999984741211,31.350000381469727,31.100000381469727,31.149999618530273,19.440650939941406,357600
FTS.TO,2013-12-02,31.239999771118164,31.25,31.010000228881836,31.079999923706055,19.3969669342041,415300
FTS.TO,2013-12-03,31.0,31.489999771118164,30.899999618530273,31.420000076293945,19.60915756225586,620000
FTS.TO,2013-12-04,31.329999923706055,31.510000228881836,31.270000457763672,31.440000534057617,19.62163543701172,553000
FTS.TO,2013-12-05,31.459999084472656,31.530000686645508,31.309999465942383,31.40999984741211,19.602914810180664,427200
FTS.TO,2013-12-06,31.420000076293945,31.43000030517578,31.149999618530273,31.40999984741211,19.602914810180664,411600
FTS.TO,2013-12-09,31.40999984741211,31.68000030517578,31.40999984741211,31.479999542236328,19.646602630615234,404300
FTS.TO,2013-12-10,31.350000381469727,31.440000534057617,31.219999313354492,31.329999923706055,19.552989959716797,428800
FTS.TO,2013-12-11,31.299999237060547,31.399999618530273,31.049999237060547,31.190000534057617,19.46561622619629,362400
FTS.TO,2013-12-12,30.260000228881836,30.399999618530273,29.510000228881836,30.040000915527344,18.747907638549805,1617700
FTS.TO,2013-12-13,29.899999618530273,30.1299991607666,29.780000686645508,30.1200008392334,18.797834396362305,694500
FTS.TO,2013-12-16,30.149999618530273,30.200000762939453,29.579999923706055,29.760000228881836,18.573158264160156,1197600
FTS.TO,2013-12-17,29.84000015258789,30.110000610351562,29.799999237060547,30.110000610351562,18.791589736938477,426400
FTS.TO,2013-12-18,30.110000610351562,30.290000915527344,29.959999084472656,30.25,18.878965377807617,520300
FTS.TO,2013-12-19,30.270000457763672,30.389999389648438,30.020000457763672,30.110000610351562,18.791589736938477,369300
FTS.TO,2013-12-20,30.229999542236328,30.520000457763672,30.100000381469727,30.520000457763672,19.047470092773438,1332800
FTS.TO,2013-12-23,30.5,30.5,30.219999313354492,30.34000015258789,18.93513298034668,331900
FTS.TO,2013-12-24,30.420000076293945,30.489999771118164,30.239999771118164,30.420000076293945,18.98505973815918,157900
FTS.TO,2013-12-27,30.5,30.5,30.239999771118164,30.389999389648438,18.96633529663086,319900
FTS.TO,2013-12-30,30.399999618530273,30.56999969482422,30.31999969482422,30.43000030517578,18.991296768188477,401900
FTS.TO,2013-12-31,30.43000030517578,30.639999389648438,30.389999389648438,30.450000762939453,19.003782272338867,528100
FTS.TO,2014-01-02,30.489999771118164,30.549999237060547,30.3799991607666,30.5,19.03498649597168,388600
FTS.TO,2014-01-03,30.399999618530273,30.520000457763672,30.31999969482422,30.420000076293945,18.98505973815918,398600
FTS.TO,2014-01-06,30.440000534057617,30.440000534057617,30.190000534057617,30.350000381469727,18.941373825073242,505000
FTS.TO,2014-01-07,30.280000686645508,30.6200008392334,30.260000228881836,30.5,19.03498649597168,498700
FTS.TO,2014-01-08,30.510000228881836,30.600000381469727,30.399999618530273,30.549999237060547,19.066192626953125,486400
FTS.TO,2014-01-09,30.6200008392334,30.6200008392334,30.420000076293945,30.469999313354492,19.016263961791992,455000
FTS.TO,2014-01-10,30.530000686645508,30.579999923706055,30.309999465942383,30.389999389648438,18.96633529663086,463700
FTS.TO,2014-01-13,30.43000030517578,30.43000030517578,30.149999618530273,30.299999237060547,18.91016387939453,530000
FTS.TO,2014-01-14,30.350000381469727,30.350000381469727,30.200000762939453,30.299999237060547,18.91016387939453,547200
FTS.TO,2014-01-15,30.299999237060547,30.510000228881836,30.270000457763672,30.290000915527344,18.90392303466797,468900
FTS.TO,2014-01-16,30.299999237060547,30.360000610351562,30.190000534057617,30.219999313354492,18.860240936279297,715200
FTS.TO,2014-01-17,30.25,30.350000381469727,30.18000030517578,30.229999542236328,18.866479873657227,541600
FTS.TO,2014-01-20,30.329999923706055,30.649999618530273,30.260000228881836,30.59000015258789,19.091157913208008,359600
FTS.TO,2014-01-21,30.520000457763672,30.649999618530273,30.350000381469727,30.360000610351562,18.94761848449707,900700
FTS.TO,2014-01-22,30.420000076293945,30.459999084472656,30.170000076293945,30.170000076293945,18.829038619995117,1348500
FTS.TO,2014-01-23,30.229999542236328,30.25,30.010000228881836,30.110000610351562,18.791589736938477,1495600
FTS.TO,2014-01-24,30.079999923706055,30.40999984741211,30.059999465942383,30.309999465942383,18.916410446166992,1403300
FTS.TO,2014-01-27,30.360000610351562,30.510000228881836,30.139999389648438,30.200000762939453,18.847759246826172,600000
FTS.TO,2014-01-28,30.170000076293945,30.190000534057617,29.8799991607666,29.989999771118164,18.716699600219727,762000
FTS.TO,2014-01-29,29.950000762939453,30.0,29.790000915527344,29.8799991607666,18.64804458618164,945600
FTS.TO,2014-01-30,29.8799991607666,30.34000015258789,29.780000686645508,30.309999465942383,18.916410446166992,781400
FTS.TO,2014-01-31,30.200000762939453,30.639999389648438,30.1299991607666,30.6200008392334,19.109878540039062,831700
FTS.TO,2014-02-03,30.559999465942383,30.6299991607666,30.299999237060547,30.520000457763672,19.047470092773438,575800
FTS.TO,2014-02-04,30.440000534057617,30.489999771118164,30.309999465942383,30.40999984741211,18.978816986083984,412200
FTS.TO,2014-02-05,30.440000534057617,30.530000686645508,30.299999237060547,30.459999084472656,19.010028839111328,507500
FTS.TO,2014-02-06,30.360000610351562,30.899999618530273,30.200000762939453,30.649999618530273,19.128604888916016,568600
FTS.TO,2014-02-07,30.610000610351562,31.030000686645508,30.600000381469727,30.989999771118164,19.340795516967773,657500
FTS.TO,2014-02-10,31.059999465942383,31.09000015258789,30.700000762939453,30.850000381469727,19.253421783447266,365000
FTS.TO,2014-02-11,30.920000076293945,30.959999084472656,30.739999771118164,30.860000610351562,19.259668350219727,509900
FTS.TO,2014-02-12,30.579999923706055,30.719999313354492,30.479999542236328,30.719999313354492,19.373178482055664,729200
FTS.TO,2014-02-13,30.670000076293945,30.700000762939453,30.56999969482422,30.56999969482422,19.278579711914062,465700
FTS.TO,2014-02-14,30.610000610351562,30.799999237060547,30.530000686645508,30.709999084472656,19.366870880126953,549800
FTS.TO,2014-02-18,30.770000457763672,30.93000030517578,30.6200008392334,30.739999771118164,19.385791778564453,487200
FTS.TO,2014-02-19,30.790000915527344,30.829999923706055,30.709999084472656,30.739999771118164,19.385791778564453,302700
FTS.TO,2014-02-20,30.81999969482422,30.81999969482422,30.549999237060547,30.670000076293945,19.341642379760742,575700
FTS.TO,2014-02-21,30.68000030517578,30.8799991607666,30.6200008392334,30.719999313354492,19.373178482055664,379000
FTS.TO,2014-02-24,30.799999237060547,30.799999237060547,30.530000686645508,30.579999923706055,19.28489112854004,427100
FTS.TO,2014-02-25,30.549999237060547,30.770000457763672,30.520000457763672,30.6299991607666,19.31641960144043,502300
FTS.TO,2014-02-26,30.690000534057617,30.75,30.540000915527344,30.559999465942383,19.27227783203125,439200
FTS.TO,2014-02-27,30.600000381469727,30.700000762939453,30.5,30.65999984741211,19.335346221923828,410700
FTS.TO,2014-02-28,30.690000534057617,30.799999237060547,30.610000610351562,30.6299991607666,19.31641960144043,755700
FTS.TO,2014-03-03,30.549999237060547,30.8700008392334,30.510000228881836,30.600000381469727,19.297494888305664,269300
FTS.TO,2014-03-04,30.700000762939453,30.700000762939453,30.510000228881836,30.59000015258789,19.29119110107422,381900
FTS.TO,2014-03-05,30.649999618530273,30.760000228881836,30.59000015258789,30.639999389648438,19.32273292541504,704400
FTS.TO,2014-03-06,30.780000686645508,30.780000686645508,30.549999237060547,30.6299991607666,19.31641960144043,385700
FTS.TO,2014-03-07,30.670000076293945,30.700000762939453,30.549999237060547,30.6299991607666,19.31641960144043,550400
FTS.TO,2014-03-10,30.729999542236328,30.729999542236328,30.6200008392334,30.68000030517578,19.34795570373535,407900
FTS.TO,2014-03-11,30.68000030517578,30.780000686645508,30.610000610351562,30.780000686645508,19.41101837158203,484000
FTS.TO,2014-03-12,30.670000076293945,31.100000381469727,30.649999618530273,31.059999465942383,19.58759880065918,593600
FTS.TO,2014-03-13,31.100000381469727,31.190000534057617,31.0,31.18000030517578,19.66326904296875,551500
FTS.TO,2014-03-14,31.18000030517578,31.360000610351562,31.100000381469727,31.280000686645508,19.726333618164062,485300
FTS.TO,2014-03-17,31.25,31.389999389648438,31.18000030517578,31.31999969482422,19.75156021118164,351300
FTS.TO,2014-03-18,31.299999237060547,31.479999542236328,31.209999084472656,31.420000076293945,19.814626693725586,561700
FTS.TO,2014-03-19,31.40999984741211,31.450000762939453,31.170000076293945,31.25,19.707412719726562,382500
FTS.TO,2014-03-20,31.200000762939453,31.34000015258789,31.15999984741211,31.200000762939453,19.67588233947754,350500
FTS.TO,2014-03-21,31.200000762939453,31.34000015258789,31.110000610351562,31.190000534057617,19.669578552246094,1465800
FTS.TO,2014-03-24,31.200000762939453,31.329999923706055,31.110000610351562,31.31999969482422,19.75156021118164,1631300
FTS.TO,2014-03-25,31.350000381469727,31.3799991607666,31.15999984741211,31.190000534057617,19.669578552246094,348500
FTS.TO,2014-03-26,31.280000686645508,31.399999618530273,31.209999084472656,31.260000228881836,19.71371841430664,615500
FTS.TO,2014-03-27,31.299999237060547,31.450000762939453,31.299999237060547,31.420000076293945,19.814626693725586,581700
FTS.TO,2014-03-28,31.469999313354492,31.559999465942383,31.43000030517578,31.510000228881836,19.871381759643555,998900
FTS.TO,2014-03-31,31.549999237060547,31.559999465942383,31.43000030517578,31.520000457763672,19.877687454223633,675400
FTS.TO,2014-04-01,31.559999465942383,31.56999969482422,31.350000381469727,31.520000457763672,19.877687454223633,436000
FTS.TO,2014-04-02,31.520000457763672,31.59000015258789,31.43000030517578,31.479999542236328,19.85246467590332,397500
FTS.TO,2014-04-03,31.489999771118164,31.600000381469727,31.350000381469727,31.440000534057617,19.82724380493164,381800
FTS.TO,2014-04-04,31.5,31.5,31.3700008392334,31.469999313354492,19.84615707397461,385000
FTS.TO,2014-04-07,31.450000762939453,31.739999771118164,31.43000030517578,31.690000534057617,19.984895706176758,522700
FTS.TO,2014-04-08,31.690000534057617,31.84000015258789,31.65999984741211,31.75,20.022735595703125,458400
FTS.TO,2014-04-09,31.81999969482422,32.0,31.799999237060547,31.940000534057617,20.142560958862305,752300
FTS.TO,2014-04-10,32.0,32.220001220703125,31.940000534057617,31.989999771118164,20.174087524414062,628600
FTS.TO,2014-04-11,32.04999923706055,32.099998474121094,31.860000610351562,32.04999923706055,20.211923599243164,586200
FTS.TO,2014-04-14,32.0,32.11000061035156,31.8700008392334,31.93000030517578,20.136247634887695,358000
FTS.TO,2014-04-15,32.0,32.150001525878906,31.8700008392334,31.940000534057617,20.142560958862305,491000
FTS.TO,2014-04-16,31.989999771118164,32.15999984741211,31.989999771118164,32.15999984741211,20.281299591064453,298400
FTS.TO,2014-04-17,32.189998626708984,32.20000076293945,32.0,32.0099983215332,20.18669891357422,418300
FTS.TO,2014-04-21,32.06999969482422,32.08000183105469,31.940000534057617,32.0,20.180397033691406,325700
FTS.TO,2014-04-22,32.08000183105469,32.09000015258789,32.0,32.029998779296875,20.19930648803711,301300
FTS.TO,2014-04-23,32.060001373291016,32.060001373291016,31.93000030517578,31.940000534057617,20.142560958862305,423800
FTS.TO,2014-04-24,32.0,32.20000076293945,31.920000076293945,32.16999816894531,20.2876033782959,413100
FTS.TO,2014-04-25,32.11000061035156,32.16999816894531,32.02000045776367,32.15999984741211,20.281299591064453,555300
FTS.TO,2014-04-28,32.20000076293945,32.20000076293945,32.08000183105469,32.18000030517578,20.29391098022461,651200
FTS.TO,2014-04-29,32.150001525878906,32.279998779296875,32.02000045776367,32.02000045776367,20.193004608154297,496000
FTS.TO,2014-04-30,32.099998474121094,32.25,32.060001373291016,32.20000076293945,20.306522369384766,532400
FTS.TO,2014-05-01,32.290000915527344,32.41999816894531,32.220001220703125,32.349998474121094,20.40111541748047,321600
FTS.TO,2014-05-02,32.380001068115234,32.56999969482422,32.29999923706055,32.529998779296875,20.514631271362305,974600
FTS.TO,2014-05-05,32.54999923706055,32.599998474121094,32.41999816894531,32.52000045776367,20.508325576782227,381500
FTS.TO,2014-05-06,32.5,32.54999923706055,32.38999938964844,32.45000076293945,20.464187622070312,293600
FTS.TO,2014-05-07,32.54999923706055,32.54999923706055,32.40999984741211,32.459999084472656,20.470481872558594,394800
FTS.TO,2014-05-08,32.58000183105469,32.599998474121094,32.29999923706055,32.380001068115234,20.4200382232666,508900
FTS.TO,2014-05-09,32.52000045776367,32.689998626708984,32.459999084472656,32.540000915527344,20.520944595336914,1057200
FTS.TO,2014-05-12,32.599998474121094,32.70000076293945,32.41999816894531,32.630001068115234,20.577693939208984,1108300
FTS.TO,2014-05-13,32.66999816894531,32.66999816894531,32.41999816894531,32.5099983215332,20.502017974853516,1386600
FTS.TO,2014-05-14,32.25,32.439998626708984,32.18000030517578,32.349998474121094,20.60392189025879,517000
FTS.TO,2014-05-15,32.38999938964844,32.47999954223633,32.15999984741211,32.20000076293945,20.508390426635742,338300
FTS.TO,2014-05-16,32.25,32.380001068115234,32.06999969482422,32.33000183105469,20.591190338134766,497100
FTS.TO,2014-05-20,32.310001373291016,32.470001220703125,32.290000915527344,32.40999984741211,20.64212989807129,543900
FTS.TO,2014-05-21,32.470001220703125,32.599998474121094,32.439998626708984,32.599998474121094,20.763153076171875,791200
FTS.TO,2014-05-22,32.59000015258789,32.81999969482422,32.5099983215332,32.7599983215332,20.865053176879883,874500
FTS.TO,2014-05-23,32.79999923706055,32.86000061035156,32.65999984741211,32.66999816894531,20.80773162841797,261500
FTS.TO,2014-05-26,32.720001220703125,32.7400016784668,32.5,32.540000915527344,20.724939346313477,176800
FTS.TO,2014-05-27,32.540000915527344,32.66999816894531,32.380001068115234,32.65999984741211,20.801366806030273,561200
FTS.TO,2014-05-28,32.689998626708984,32.689998626708984,32.45000076293945,32.5099983215332,20.70582389831543,338700
FTS.TO,2014-05-29,32.5,32.56999969482422,32.33000183105469,32.40999984741211,20.64212989807129,293400
FTS.TO,2014-05-30,31.3700008392334,32.58000183105469,31.260000228881836,32.540000915527344,20.724939346313477,653500
FTS.TO,2014-06-02,32.5099983215332,32.58000183105469,32.31999969482422,32.47999954223633,20.686725616455078,441600
FTS.TO,2014-06-03,32.45000076293945,32.45000076293945,32.150001525878906,32.27000045776367,20.552967071533203,447700
FTS.TO,2014-06-04,32.279998779296875,32.290000915527344,32.119998931884766,32.130001068115234,20.463809967041016,540800
FTS.TO,2014-06-05,32.130001068115234,32.15999984741211,32.0,32.130001068115234,20.463809967041016,1031700
FTS.TO,2014-06-06,32.130001068115234,32.15999984741211,31.93000030517578,31.940000534057617,20.342796325683594,470800
FTS.TO,2014-06-09,32.0,32.0099983215332,31.780000686645508,31.860000610351562,20.291839599609375,372300
FTS.TO,2014-06-10,31.860000610351562,31.899999618530273,31.700000762939453,31.790000915527344,20.247255325317383,339100
FTS.TO,2014-06-11,31.739999771118164,31.799999237060547,31.579999923706055,31.719999313354492,20.20267105102539,355900
FTS.TO,2014-06-12,31.68000030517578,31.690000534057617,31.579999923706055,31.649999618530273,20.158092498779297,329000
FTS.TO,2014-06-13,31.690000534057617,31.850000381469727,31.649999618530273,31.75,20.221776962280273,310100
FTS.TO,2014-06-16,31.75,31.989999771118164,31.75,31.920000076293945,20.330053329467773,443700
FTS.TO,2014-06-17,31.93000030517578,32.13999938964844,31.889999389648438,32.08000183105469,20.431961059570312,404000
FTS.TO,2014-06-18,32.04999923706055,32.470001220703125,32.029998779296875,32.40999984741211,20.64212989807129,585200
FTS.TO,2014-06-19,32.439998626708984,32.439998626708984,32.11000061035156,32.119998931884766,20.45743751525879,264200
FTS.TO,2014-06-20,32.150001525878906,32.33000183105469,32.08000183105469,32.25,20.540231704711914,1633900
FTS.TO,2014-06-23,32.290000915527344,32.349998474121094,32.060001373291016,32.2599983215332,20.546600341796875,589500
FTS.TO,2014-06-24,32.349998474121094,32.349998474121094,32.0099983215332,32.09000015258789,20.438323974609375,387800
FTS.TO,2014-06-25,32.130001068115234,32.34000015258789,32.04999923706055,32.279998779296875,20.55933380126953,740300
FTS.TO,2014-06-26,32.279998779296875,32.380001068115234,32.22999954223633,32.31999969482422,20.584815979003906,471600
FTS.TO,2014-06-27,32.33000183105469,32.439998626708984,32.22999954223633,32.369998931884766,20.616666793823242,476900
FTS.TO,2014-06-30,32.349998474121094,32.4900016784668,32.2599983215332,32.470001220703125,20.68035316467285,385300
FTS.TO,2014-07-02,32.13999938964844,32.40999984741211,32.13999938964844,32.34000015258789,20.59756088256836,438200
FTS.TO,2014-07-03,32.349998474121094,32.41999816894531,32.15999984741211,32.290000915527344,20.565710067749023,1585100
FTS.TO,2014-07-04,32.25,32.380001068115234,32.22999954223633,32.369998931884766,20.616666793823242,133100
FTS.TO,2014-07-07,32.310001373291016,32.65999984741211,32.2599983215332,32.61000061035156,20.769519805908203,872400
FTS.TO,2014-07-08,32.54999923706055,32.619998931884766,32.459999084472656,32.5,20.69945526123047,472700
FTS.TO,2014-07-09,32.41999816894531,32.84000015258789,32.41999816894531,32.75,20.858686447143555,709100
FTS.TO,2014-07-10,32.59000015258789,32.720001220703125,32.5099983215332,32.61000061035156,20.769519805908203,523400
FTS.TO,2014-07-11,32.58000183105469,32.810001373291016,32.5099983215332,32.79999923706055,20.890533447265625,570200
FTS.TO,2014-07-14,32.810001373291016,32.86000061035156,32.599998474121094,32.650001525878906,20.794998168945312,383400
FTS.TO,2014-07-15,32.68000030517578,32.79999923706055,32.65999984741211,32.7599983215332,20.865053176879883,510500
FTS.TO,2014-07-16,32.790000915527344,32.95000076293945,32.72999954223633,32.939998626708984,20.979692459106445,575700
FTS.TO,2014-07-17,32.939998626708984,32.939998626708984,32.689998626708984,32.7400016784668,20.852317810058594,317700
FTS.TO,2014-07-18,32.75,32.959999084472656,32.70000076293945,32.790000915527344,20.884164810180664,465900
FTS.TO,2014-07-21,32.83000183105469,32.83000183105469,32.65999984741211,32.709999084472656,20.83321189880371,221000
FTS.TO,2014-07-22,32.689998626708984,32.90999984741211,32.650001525878906,32.880001068115234,20.941490173339844,470000
FTS.TO,2014-07-23,32.880001068115234,32.95000076293945,32.77000045776367,32.880001068115234,20.941490173339844,605900
FTS.TO,2014-07-24,32.91999816894531,32.959999084472656,32.86000061035156,32.939998626708984,20.979692459106445,289200
FTS.TO,2014-07-25,32.900001525878906,33.060001373291016,32.849998474121094,32.959999084472656,20.992435455322266,509900
FTS.TO,2014-07-28,32.95000076293945,33.310001373291016,32.90999984741211,33.27000045776367,21.18988037109375,491800
FTS.TO,2014-07-29,33.33000183105469,33.810001373291016,33.310001373291016,33.7599983215332,21.5019588470459,963400
FTS.TO,2014-07-30,33.81999969482422,33.880001068115234,33.380001068115234,33.54999923706055,21.36821174621582,506900
FTS.TO,2014-07-31,33.58000183105469,33.689998626708984,33.310001373291016,33.54999923706055,21.36821174621582,1287500
FTS.TO,2014-08-01,33.45000076293945,33.560001373291016,32.97999954223633,33.09000015258789,21.07523536682129,459900
FTS.TO,2014-08-05,33.22999954223633,33.79999923706055,33.150001525878906,33.61000061035156,21.40641975402832,776700
FTS.TO,2014-08-06,33.63999938964844,33.7400016784668,33.45000076293945,33.68000030517578,21.451013565063477,621500
FTS.TO,2014-08-07,33.70000076293945,33.7599983215332,33.5099983215332,33.529998779296875,21.355472564697266,629900
FTS.TO,2014-08-08,33.5,33.52000045776367,33.33000183105469,33.459999084472656,21.310890197753906,899900
FTS.TO,2014-08-11,33.459999084472656,33.54999923706055,33.400001525878906,33.5,21.336366653442383,931000
FTS.TO,2014-08-12,33.52000045776367,33.56999969482422,33.349998474121094,33.470001220703125,21.317258834838867,988000
FTS.TO,2014-08-13,33.29999923706055,33.29999923706055,33.08000183105469,33.11000061035156,21.291542053222656,386900
FTS.TO,2014-08-14,33.11000061035156,33.33000183105469,33.0099983215332,33.29999923706055,21.41371726989746,414900
FTS.TO,2014-08-15,33.36000061035156,33.619998931884766,33.31999969482422,33.54999923706055,21.57448387145996,914300
FTS.TO,2014-08-18,33.470001220703125,33.72999954223633,33.45000076293945,33.61000061035156,21.61306381225586,568800
FTS.TO,2014-08-19,33.66999816894531,33.720001220703125,33.52000045776367,33.650001525878906,21.638795852661133,484800
FTS.TO,2014-08-20,33.689998626708984,33.77000045776367,33.529998779296875,33.59000015258789,21.600204467773438,505400
FTS.TO,2014-08-21,33.5099983215332,33.7400016784668,33.45000076293945,33.5099983215332,21.54875946044922,518600
FTS.TO,2014-08-22,33.5,33.630001068115234,33.439998626708984,33.4900016784668,21.535900115966797,383200
FTS.TO,2014-08-25,33.45000076293945,33.45000076293945,33.119998931884766,33.130001068115234,21.304393768310547,413800
FTS.TO,2014-08-26,33.18000030517578,33.400001525878906,33.130001068115234,33.18000030517578,21.336551666259766,401400
FTS.TO,2014-08-27,33.20000076293945,33.36000061035156,33.150001525878906,33.310001373291016,21.420150756835938,373400
FTS.TO,2014-08-28,33.349998474121094,33.83000183105469,33.34000015258789,33.7599983215332,21.709524154663086,515000
FTS.TO,2014-08-29,33.779998779296875,33.779998779296875,33.43000030517578,33.52000045776367,21.555192947387695,415000
FTS.TO,2014-09-02,33.59000015258789,33.630001068115234,33.40999984741211,33.58000183105469,21.593769073486328,447500
FTS.TO,2014-09-03,33.56999969482422,33.95000076293945,33.560001373291016,33.95000076293945,21.831707000732422,443100
FTS.TO,2014-09-04,33.880001068115234,34.209999084472656,33.869998931884766,34.18000030517578,21.97960662841797,393100
FTS.TO,2014-09-05,34.13999938964844,34.209999084472656,34.0,34.0099983215332,21.87028694152832,415500
FTS.TO,2014-09-08,34.04999923706055,34.04999923706055,33.83000183105469,33.88999938964844,21.793119430541992,306700
FTS.TO,2014-09-09,33.81999969482422,34.310001373291016,33.7400016784668,34.22999954223633,22.01175880432129,1076100
FTS.TO,2014-09-10,34.18000030517578,34.349998474121094,34.029998779296875,34.119998931884766,21.94102668762207,748900
FTS.TO,2014-09-11,34.13999938964844,34.369998931884766,34.130001068115234,34.34000015258789,22.082496643066406,774400
FTS.TO,2014-09-12,34.369998931884766,34.529998779296875,34.2599983215332,34.34000015258789,22.082496643066406,453100
FTS.TO,2014-09-15,34.34000015258789,34.36000061035156,34.08000183105469,34.349998474121094,22.088926315307617,341200
FTS.TO,2014-09-16,34.34000015258789,34.63999938964844,34.27000045776367,34.47999954223633,22.172513961791992,766000
FTS.TO,2014-09-17,34.54999923706055,34.54999923706055,34.279998779296875,34.33000183105469,22.076061248779297,490800
FTS.TO,2014-09-18,34.36000061035156,34.4900016784668,34.279998779296875,34.400001525878906,22.12108039855957,326200
FTS.TO,2014-09-19,34.349998474121094,34.720001220703125,34.25,34.56999969482422,22.230398178100586,1276700
FTS.TO,2014-09-22,34.470001220703125,34.66999816894531,34.220001220703125,34.310001373291016,22.063207626342773,496100
FTS.TO,2014-09-23,34.20000076293945,34.369998931884766,34.150001525878906,34.310001373291016,22.063207626342773,315100
FTS.TO,2014-09-24,34.2599983215332,34.2599983215332,33.959999084472656,34.060001373291016,21.902441024780273,451200
FTS.TO,2014-09-25,34.060001373291016,34.08000183105469,33.689998626708984,33.83000183105469,21.754535675048828,637900
FTS.TO,2014-09-26,33.86000061035156,34.16999816894531,33.720001220703125,34.119998931884766,21.94102668762207,405400
FTS.TO,2014-09-29,34.119998931884766,34.7400016784668,33.77000045776367,34.560001373291016,22.22396469116211,644900
FTS.TO,2014-09-30,34.529998779296875,34.810001373291016,34.29999923706055,34.619998931884766,22.26255226135254,883500
FTS.TO,2014-10-01,34.61000061035156,34.70000076293945,34.400001525878906,34.56999969482422,22.230398178100586,550200
FTS.TO,2014-10-02,34.61000061035156,34.90999984741211,34.4900016784668,34.77000045776367,22.359012603759766,831800
FTS.TO,2014-10-03,34.880001068115234,35.11000061035156,34.70000076293945,35.029998779296875,22.526199340820312,884300
FTS.TO,2014-10-06,35.0099983215332,35.02000045776367,34.599998474121094,34.650001525878906,22.28184700012207,586800
FTS.TO,2014-10-07,34.650001525878906,35.11000061035156,34.599998474121094,35.029998779296875,22.526199340820312,993200
FTS.TO,2014-10-08,34.90999984741211,35.36000061035156,34.900001525878906,35.22999954223633,22.65480613708496,749100
FTS.TO,2014-10-09,35.279998779296875,35.369998931884766,35.06999969482422,35.290000915527344,22.693397521972656,585800
FTS.TO,2014-10-10,35.25,35.290000915527344,34.619998931884766,34.689998626708984,22.307558059692383,810600
FTS.TO,2014-10-14,34.400001525878906,34.7599983215332,34.38999938964844,34.56999969482422,22.230398178100586,783500
FTS.TO,2014-10-15,34.43000030517578,34.70000076293945,33.84000015258789,34.33000183105469,22.076061248779297,1006800
FTS.TO,2014-10-16,33.869998931884766,34.599998474121094,33.86000061035156,34.45000076293945,22.153240203857422,717000
FTS.TO,2014-10-17,34.36000061035156,34.86000061035156,34.29999923706055,34.849998474121094,22.410451889038086,656700
FTS.TO,2014-10-20,34.79999923706055,34.91999816894531,34.68000030517578,34.720001220703125,22.326860427856445,576800
FTS.TO,2014-10-21,34.779998779296875,34.900001525878906,34.61000061035156,34.849998474121094,22.410451889038086,823300
FTS.TO,2014-10-22,34.7400016784668,34.79999923706055,34.209999084472656,34.34000015258789,22.287134170532227,1053800
FTS.TO,2014-10-23,34.400001525878906,34.7599983215332,34.36000061035156,34.599998474121094,22.45588493347168,614300
FTS.TO,2014-10-24,34.56999969482422,35.150001525878906,34.56999969482422,35.040000915527344,22.74144172668457,677100
FTS.TO,2014-10-27,35.29999923706055,35.939998626708984,35.209999084472656,35.75,23.202245712280273,705200
FTS.TO,2014-10-28,35.790000915527344,36.31999969482422,35.560001373291016,36.20000076293945,23.494306564331055,798700
FTS.TO,2014-10-29,36.38999938964844,36.91999816894531,36.369998931884766,36.52000045776367,23.701984405517578,1219000
FTS.TO,2014-10-30,36.560001373291016,36.86000061035156,36.06999969482422,36.83000183105469,23.90319061279297,881900
FTS.TO,2014-10-31,36.88999938964844,37.0,36.650001525878906,36.720001220703125,23.831790924072266,842500
FTS.TO,2014-11-03,36.7599983215332,37.34000015258789,36.70000076293945,37.22999954223633,24.162782669067383,1075000
FTS.TO,2014-11-04,37.209999084472656,37.75,36.970001220703125,37.75,24.50027084350586,9977000
FTS.TO,2014-11-05,37.70000076293945,37.93000030517578,37.36000061035156,37.599998474121094,24.402921676635742,1403900
FTS.TO,2014-11-06,37.56999969482422,37.869998931884766,37.27000045776367,37.41999816894531,24.286104202270508,1119400
FTS.TO,2014-11-07,37.38999938964844,37.75,37.13999938964844,37.7400016784668,24.493785858154297,819600
FTS.TO,2014-11-10,37.75,38.09000015258789,37.47999954223633,37.939998626708984,24.623586654663086,819600
FTS.TO,2014-11-11,37.90999984741211,38.0,37.650001525878906,37.7599983215332,24.50676727294922,518100
FTS.TO,2014-11-12,37.779998779296875,38.040000915527344,37.58000183105469,37.959999084472656,24.636571884155273,1045400
FTS.TO,2014-11-13,38.02000045776367,38.16999816894531,37.79999923706055,38.099998474121094,24.727432250976562,719200
FTS.TO,2014-11-14,38.060001373291016,38.2400016784668,37.77000045776367,37.83000183105469,24.55219841003418,603800
FTS.TO,2014-11-17,37.7599983215332,38.15999984741211,37.75,37.9900016784668,24.65604019165039,623900
FTS.TO,2014-11-18,38.029998779296875,38.33000183105469,37.7400016784668,38.16999816894531,24.772857666015625,683000
FTS.TO,2014-11-19,38.22999954223633,38.81999969482422,38.220001220703125,38.790000915527344,25.175249099731445,834000
FTS.TO,2014-11-20,38.77000045776367,39.29999923706055,38.7400016784668,39.16999816894531,25.42188262939453,951000
FTS.TO,2014-11-21,39.25,39.27000045776367,38.650001525878906,38.880001068115234,25.233665466308594,711000
FTS.TO,2014-11-24,38.79999923706055,38.970001220703125,38.470001220703125,38.689998626708984,25.1103458404541,578300
FTS.TO,2014-11-25,38.7400016784668,39.209999084472656,38.47999954223633,39.18000030517578,25.428363800048828,3148400
FTS.TO,2014-11-26,39.0099983215332,39.439998626708984,39.0099983215332,39.380001068115234,25.558168411254883,651900
FTS.TO,2014-11-27,39.29999923706055,39.61000061035156,38.939998626708984,39.43000030517578,25.590618133544922,396300
FTS.TO,2014-11-28,39.400001525878906,40.83000183105469,39.349998474121094,40.61000061035156,26.35645294189453,1160000
FTS.TO,2014-12-01,40.439998626708984,40.66999816894531,40.02000045776367,40.27000045776367,26.135786056518555,1292600
FTS.TO,2014-12-02,40.20000076293945,40.29999923706055,39.83000183105469,40.18000030517578,26.077383041381836,913600
FTS.TO,2014-12-03,40.099998474121094,40.25,39.11000061035156,39.9900016784668,25.954063415527344,1335000
FTS.TO,2014-12-04,39.90999984741211,39.9900016784668,39.060001373291016,39.2599983215332,25.480287551879883,918400
FTS.TO,2014-12-05,39.29999923706055,39.7400016784668,39.220001220703125,39.599998474121094,25.70095443725586,847200
FTS.TO,2014-12-08,39.459999084472656,39.61000061035156,38.959999084472656,39.290000915527344,25.499753952026367,600000
FTS.TO,2014-12-09,38.97999954223633,39.25,38.88999938964844,39.08000183105469,25.36347007751465,649700
FTS.TO,2014-12-10,38.86000061035156,39.36000061035156,38.02000045776367,38.380001068115234,24.909151077270508,868700
FTS.TO,2014-12-11,38.34000015258789,38.97999954223633,38.33000183105469,38.59000015258789,25.045448303222656,829600
FTS.TO,2014-12-12,38.45000076293945,38.7400016784668,37.869998931884766,38.08000183105469,24.714458465576172,717200
FTS.TO,2014-12-15,38.150001525878906,38.45000076293945,37.880001068115234,38.29999923706055,24.857240676879883,562100
FTS.TO,2014-12-16,38.310001373291016,38.599998474121094,38.029998779296875,38.150001525878906,24.7598819732666,1187000
FTS.TO,2014-12-17,38.13999938964844,38.470001220703125,37.959999084472656,38.25,24.824785232543945,1590200
FTS.TO,2014-12-18,38.349998474121094,38.650001525878906,37.810001373291016,38.619998931884766,25.064929962158203,1961500
FTS.TO,2014-12-19,38.939998626708984,38.939998626708984,37.7400016784668,37.959999084472656,24.636571884155273,4047400
FTS.TO,2014-12-22,38.15999984741211,38.9900016784668,38.040000915527344,38.709999084472656,25.12333106994629,925300
FTS.TO,2014-12-23,38.7400016784668,39.15999984741211,38.619998931884766,38.91999816894531,25.25961685180664,588100
FTS.TO,2014-12-24,39.09000015258789,39.20000076293945,38.709999084472656,38.9900016784668,25.3050594329834,200200
FTS.TO,2014-12-29,39.099998474121094,39.150001525878906,38.790000915527344,38.869998931884766,25.2271671295166,448600
FTS.TO,2014-12-30,38.86000061035156,39.08000183105469,38.5,38.70000076293945,25.116846084594727,279100
FTS.TO,2014-12-31,38.849998474121094,39.04999923706055,38.599998474121094,38.959999084472656,25.28557586669922,418000
FTS.TO,2015-01-02,39.0,39.349998474121094,38.900001525878906,39.220001220703125,25.454330444335938,348600
FTS.TO,2015-01-05,39.150001525878906,39.369998931884766,38.77000045776367,39.18000030517578,25.428363800048828,631500
FTS.TO,2015-01-06,39.09000015258789,39.470001220703125,38.88999938964844,39.150001525878906,25.40889549255371,705100
FTS.TO,2015-01-07,39.22999954223633,39.630001068115234,39.0,39.380001068115234,25.558168411254883,724400
FTS.TO,2015-01-08,39.56999969482422,39.79999923706055,39.25,39.45000076293945,25.60360336303711,845800
FTS.TO,2015-01-09,39.439998626708984,39.61000061035156,39.209999084472656,39.38999938964844,25.56466293334961,450000
FTS.TO,2015-01-12,39.349998474121094,39.5,38.79999923706055,39.4900016784668,25.629558563232422,678600
FTS.TO,2015-01-13,39.54999923706055,39.650001525878906,38.83000183105469,39.290000915527344,25.499753952026367,590100
FTS.TO,2015-01-14,39.099998474121094,39.630001068115234,38.900001525878906,39.560001373291016,25.674991607666016,734500
FTS.TO,2015-01-15,39.54999923706055,39.9900016784668,39.060001373291016,39.869998931884766,25.87619400024414,753800
FTS.TO,2015-01-16,39.849998474121094,40.5099983215332,39.65999984741211,40.369998931884766,26.20069694519043,720700
FTS.TO,2015-01-19,40.43000030517578,40.45000076293945,40.02000045776367,40.150001525878906,26.057912826538086,315700
FTS.TO,2015-01-20,40.220001220703125,40.22999954223633,39.900001525878906,40.0,25.960554122924805,745800
FTS.TO,2015-01-21,40.04999923706055,40.380001068115234,39.810001373291016,40.15999984741211,26.06439971923828,590600
FTS.TO,2015-01-22,40.29999923706055,40.93000030517578,40.2599983215332,40.560001373291016,26.32400894165039,810500
FTS.TO,2015-01-23,40.84000015258789,41.189998626708984,40.560001373291016,40.779998779296875,26.466798782348633,646900
FTS.TO,2015-01-26,40.88999938964844,40.939998626708984,40.43000030517578,40.52000045776367,26.298038482666016,387600
FTS.TO,2015-01-27,40.47999954223633,40.900001525878906,40.099998474121094,40.869998931884766,26.52519989013672,1528700
FTS.TO,2015-01-28,41.029998779296875,41.59000015258789,40.790000915527344,41.5099983215332,26.940563201904297,640000
FTS.TO,2015-01-29,41.459999084472656,41.93000030517578,41.16999816894531,41.84000015258789,27.154739379882812,572700
FTS.TO,2015-01-30,41.56999969482422,42.22999954223633,41.38999938964844,41.90999984741211,27.200180053710938,1125100
FTS.TO,2015-02-02,42.099998474121094,42.22999954223633,39.75,41.599998474121094,26.998979568481445,754300
FTS.TO,2015-02-03,41.5,41.5,40.45000076293945,40.599998474121094,26.349966049194336,979500
FTS.TO,2015-02-04,40.599998474121094,40.97999954223633,40.5,40.560001373291016,26.32400894165039,661700
FTS.TO,2015-02-05,40.77000045776367,41.25,40.7599983215332,40.84000015258789,26.505739212036133,864200
FTS.TO,2015-02-06,40.91999816894531,41.27000045776367,39.81999969482422,40.0,25.960554122924805,1056000
FTS.TO,2015-02-09,40.91999816894531,40.91999816894531,39.83000183105469,39.93000030517578,25.915128707885742,1337800
FTS.TO,2015-02-10,39.849998474121094,40.7400016784668,39.790000915527344,40.38999938964844,26.21367835998535,1114400
FTS.TO,2015-02-11,40.470001220703125,41.09000015258789,40.09000015258789,40.40999984741211,26.22665786743164,1019100
FTS.TO,2015-02-12,40.25,40.29999923706055,39.65999984741211,39.97999954223633,26.16775131225586,511900
FTS.TO,2015-02-13,39.97999954223633,40.029998779296875,39.04999923706055,39.31999969482422,25.735763549804688,685700
FTS.TO,2015-02-17,39.33000183105469,39.63999938964844,38.939998626708984,39.029998779296875,25.54595184326172,628200
FTS.TO,2015-02-18,39.0,39.470001220703125,38.959999084472656,39.29999923706055,25.72266960144043,722000
FTS.TO,2015-02-19,39.439998626708984,40.290000915527344,39.31999969482422,39.40999984741211,25.794660568237305,616100
FTS.TO,2015-02-20,39.689998626708984,39.79999923706055,39.25,39.709999084472656,25.991025924682617,869400
FTS.TO,2015-02-23,39.66999816894531,40.0,39.459999084472656,39.95000076293945,26.148107528686523,461500
FTS.TO,2015-02-24,40.040000915527344,40.20000076293945,39.29999923706055,39.43000030517578,25.807758331298828,515700
FTS.TO,2015-02-25,39.470001220703125,39.650001525878906,38.54999923706055,38.54999923706055,25.23177719116211,840900
FTS.TO,2015-02-26,38.63999938964844,39.040000915527344,38.31999969482422,38.90999984741211,25.467403411865234,722500
FTS.TO,2015-02-27,38.93000030517578,39.72999954223633,38.90999984741211,39.58000183105469,25.905941009521484,1111800
FTS.TO,2015-03-02,39.5,39.5,38.81999969482422,39.060001373291016,25.565574645996094,876200
FTS.TO,2015-03-03,39.040000915527344,39.36000061035156,38.900001525878906,39.25,25.689952850341797,624500
FTS.TO,2015-03-04,39.18000030517578,39.369998931884766,38.970001220703125,39.25,25.689952850341797,633000
FTS.TO,2015-03-05,39.34000015258789,40.119998931884766,39.25,39.83000183105469,26.06956672668457,751100
FTS.TO,2015-03-06,39.70000076293945,39.72999954223633,38.599998474121094,38.70000076293945,25.329965591430664,1072800
FTS.TO,2015-03-09,38.790000915527344,38.83000183105469,38.470001220703125,38.68000030517578,25.316864013671875,653800
FTS.TO,2015-03-10,38.61000061035156,38.88999938964844,38.36000061035156,38.7599983215332,25.369232177734375,584800
FTS.TO,2015-03-11,38.689998626708984,39.099998474121094,38.45000076293945,38.869998931884766,25.44122314453125,595600
FTS.TO,2015-03-12,38.849998474121094,39.40999984741211,38.61000061035156,39.380001068115234,25.77503204345703,642300
FTS.TO,2015-03-13,39.470001220703125,39.619998931884766,39.11000061035156,39.36000061035156,25.761947631835938,618000
FTS.TO,2015-03-16,39.470001220703125,40.290000915527344,39.310001373291016,39.560001373291016,25.892847061157227,730300
FTS.TO,2015-03-17,39.369998931884766,39.939998626708984,39.369998931884766,39.61000061035156,25.92558479309082,568600
FTS.TO,2015-03-18,39.61000061035156,39.70000076293945,39.119998931884766,39.58000183105469,25.905941009521484,566100
FTS.TO,2015-03-19,39.650001525878906,39.83000183105469,39.029998779296875,39.06999969482422,25.572132110595703,632700
FTS.TO,2015-03-20,39.31999969482422,39.369998931884766,38.619998931884766,38.93000030517578,25.480499267578125,3101300
FTS.TO,2015-03-23,39.02000045776367,39.279998779296875,38.81999969482422,39.220001220703125,25.670312881469727,610900
FTS.TO,2015-03-24,39.25,40.2400016784668,39.25,40.18000030517578,26.29865264892578,900300
FTS.TO,2015-03-25,40.18000030517578,40.25,39.599998474121094,39.79999923706055,26.049924850463867,763000
FTS.TO,2015-03-26,39.720001220703125,39.900001525878906,38.9900016784668,39.16999816894531,25.637590408325195,890500
FTS.TO,2015-03-27,39.11000061035156,39.209999084472656,38.36000061035156,38.84000015258789,25.421592712402344,913800
FTS.TO,2015-03-30,38.939998626708984,39.15999984741211,38.529998779296875,38.97999954223633,25.51322364807129,735300
FTS.TO,2015-03-31,38.849998474121094,38.88999938964844,38.470001220703125,38.58000183105469,25.25141716003418,1008900
FTS.TO,2015-04-01,38.41999816894531,38.58000183105469,38.04999923706055,38.369998931884766,25.113971710205078,586400
FTS.TO,2015-04-02,38.29999923706055,38.970001220703125,38.29999923706055,38.91999816894531,25.473947525024414,677600
FTS.TO,2015-04-06,38.93000030517578,39.33000183105469,38.849998474121094,39.0,25.52631187438965,346000
FTS.TO,2015-04-07,39.099998474121094,39.47999954223633,39.08000183105469,39.22999954223633,25.67685890197754,480800
FTS.TO,2015-04-08,39.25,39.58000183105469,39.16999816894531,39.400001525878906,25.788122177124023,616700
FTS.TO,2015-04-09,39.400001525878906,39.779998779296875,39.400001525878906,39.599998474121094,25.919031143188477,465400
FTS.TO,2015-04-10,39.5,39.70000076293945,39.380001068115234,39.5,25.85357666015625,363500
FTS.TO,2015-04-13,39.41999816894531,39.529998779296875,39.209999084472656,39.380001068115234,25.77503204345703,1378900
FTS.TO,2015-04-14,39.29999923706055,39.4900016784668,38.97999954223633,39.09000015258789,25.585222244262695,361800
FTS.TO,2015-04-15,39.11000061035156,39.470001220703125,39.099998474121094,39.150001525878906,25.624492645263672,403300
FTS.TO,2015-04-16,39.0099983215332,39.2400016784668,38.869998931884766,39.0099983215332,25.532855987548828,359700
FTS.TO,2015-04-17,39.02000045776367,39.29999923706055,38.900001525878906,39.27000045776367,25.703033447265625,256800
FTS.TO,2015-04-20,39.38999938964844,39.70000076293945,39.349998474121094,39.52000045776367,25.866674423217773,374900
FTS.TO,2015-04-21,39.63999938964844,39.63999938964844,39.18000030517578,39.34000015258789,25.748851776123047,474200
FTS.TO,2015-04-22,39.5,39.77000045776367,39.20000076293945,39.38999938964844,25.78158187866211,257200
FTS.TO,2015-04-23,39.34000015258789,39.68000030517578,39.29999923706055,39.630001068115234,25.938661575317383,252900
FTS.TO,2015-04-24,39.70000076293945,39.900001525878906,39.599998474121094,39.65999984741211,25.958301544189453,277200
FTS.TO,2015-04-27,39.77000045776367,39.86000061035156,39.34000015258789,39.70000076293945,25.984481811523438,457200
FTS.TO,2015-04-28,39.75,39.880001068115234,39.54999923706055,39.77000045776367,26.03030014038086,284100
FTS.TO,2015-04-29,39.650001525878906,39.790000915527344,39.279998779296875,39.72999954223633,26.004108428955078,398700
FTS.TO,2015-04-30,39.63999938964844,39.720001220703125,39.0,39.27000045776367,25.703033447265625,693100
FTS.TO,2015-05-01,39.209999084472656,39.310001373291016,38.880001068115234,39.06999969482422,25.572132110595703,657700
FTS.TO,2015-05-04,39.029998779296875,39.4900016784668,39.0099983215332,39.18000030517578,25.644126892089844,348800
FTS.TO,2015-05-05,39.400001525878906,39.45000076293945,38.5099983215332,38.88999938964844,25.45431900024414,615200
FTS.TO,2015-05-06,38.90999984741211,39.20000076293945,38.4900016784668,38.779998779296875,25.3823184967041,544600
FTS.TO,2015-05-07,38.779998779296875,38.849998474121094,38.189998626708984,38.4900016784668,25.19251251220703,694800
FTS.TO,2015-05-08,38.58000183105469,39.25,38.5,39.040000915527344,25.552492141723633,715100
FTS.TO,2015-05-11,39.25,39.4900016784668,39.04999923706055,39.36000061035156,25.761947631835938,523400
FTS.TO,2015-05-12,39.25,39.25,38.20000076293945,38.25,25.03542709350586,610900
FTS.TO,2015-05-13,38.369998931884766,38.5,38.04999923706055,38.43000030517578,25.153242111206055,459400
FTS.TO,2015-05-14,38.18000030517578,38.41999816894531,37.939998626708984,38.34000015258789,25.318330764770508,286900
FTS.TO,2015-05-15,38.2599983215332,38.88999938964844,38.2599983215332,38.880001068115234,25.674930572509766,527000
FTS.TO,2015-05-19,38.939998626708984,39.20000076293945,38.59000015258789,38.66999816894531,25.53624725341797,349900
FTS.TO,2015-05-20,38.65999984741211,38.81999969482422,38.29999923706055,38.4900016784668,25.41738510131836,509900
FTS.TO,2015-05-21,38.560001373291016,38.68000030517578,38.380001068115234,38.380001068115234,25.344745635986328,513300
FTS.TO,2015-05-22,38.40999984741211,38.529998779296875,38.09000015258789,38.15999984741211,25.199459075927734,421400
FTS.TO,2015-05-25,38.27000045776367,38.33000183105469,38.099998474121094,38.209999084472656,25.23248291015625,424700
FTS.TO,2015-05-26,38.150001525878906,38.22999954223633,37.2599983215332,37.36000061035156,24.671173095703125,1141700
FTS.TO,2015-05-27,37.4900016784668,37.79999923706055,37.130001068115234,37.560001373291016,24.803241729736328,705700
FTS.TO,2015-05-28,37.5,38.150001525878906,37.5,38.11000061035156,25.166446685791016,760100
FTS.TO,2015-05-29,38.099998474121094,38.099998474121094,37.59000015258789,37.97999954223633,25.08060073852539,735700
FTS.TO,2015-06-01,38.0,38.4900016784668,37.790000915527344,38.29999923706055,25.29191780090332,363400
FTS.TO,2015-06-02,38.29999923706055,38.36000061035156,37.849998474121094,37.86000061035156,25.001352310180664,296500
FTS.TO,2015-06-03,37.849998474121094,37.939998626708984,37.540000915527344,37.56999969482422,24.809843063354492,295900
FTS.TO,2015-06-04,37.5099983215332,37.70000076293945,36.84000015258789,36.9900016784668,24.426843643188477,680500
FTS.TO,2015-06-05,37.0,37.04999923706055,36.220001220703125,36.310001373291016,23.97779655456543,644900
FTS.TO,2015-06-08,36.380001068115234,36.400001525878906,35.349998474121094,35.439998626708984,23.403276443481445,1182300
FTS.TO,2015-06-09,35.599998474121094,36.08000183105469,35.45000076293945,36.060001373291016,23.812692642211914,717900
FTS.TO,2015-06-10,36.099998474121094,36.29999923706055,35.77000045776367,35.81999969482422,23.654212951660156,561300
FTS.TO,2015-06-11,35.849998474121094,36.06999969482422,35.810001373291016,35.86000061035156,23.680631637573242,430900
FTS.TO,2015-06-12,35.849998474121094,35.959999084472656,35.61000061035156,35.720001220703125,23.58818244934082,423300
FTS.TO,2015-06-15,35.709999084472656,35.72999954223633,35.45000076293945,35.599998474121094,23.50893211364746,252200
FTS.TO,2015-06-16,35.41999816894531,35.709999084472656,35.38999938964844,35.599998474121094,23.50893211364746,386500
FTS.TO,2015-06-17,35.599998474121094,35.7599983215332,35.310001373291016,35.43000030517578,23.39667510986328,254000
FTS.TO,2015-06-18,35.4900016784668,36.08000183105469,35.349998474121094,36.060001373291016,23.812692642211914,348200
FTS.TO,2015-06-19,35.65999984741211,36.369998931884766,35.36000061035156,36.0,23.7730712890625,2363800
FTS.TO,2015-06-22,35.630001068115234,36.40999984741211,35.45000076293945,36.400001525878906,24.037229537963867,1219900
FTS.TO,2015-06-23,36.40999984741211,36.959999084472656,36.40999984741211,36.95000076293945,24.400428771972656,557300
FTS.TO,2015-06-24,36.95000076293945,36.959999084472656,36.7400016784668,36.86000061035156,24.340991973876953,1007300
FTS.TO,2015-06-25,36.939998626708984,37.0,36.349998474121094,36.459999084472656,24.07684326171875,644300
FTS.TO,2015-06-26,36.459999084472656,36.529998779296875,35.400001525878906,35.54999923706055,23.475914001464844,726200
FTS.TO,2015-06-29,35.25,35.5,34.810001373291016,34.83000183105469,23.000457763671875,564200
FTS.TO,2015-06-30,35.0,35.099998474121094,34.45000076293945,35.08000183105469,23.165542602539062,1198000
FTS.TO,2015-07-02,35.209999084472656,35.56999969482422,35.08000183105469,35.45000076293945,23.409879684448242,415800
FTS.TO,2015-07-03,35.58000183105469,36.130001068115234,35.25,36.130001068115234,23.858924865722656,150400
FTS.TO,2015-07-06,35.849998474121094,35.86000061035156,35.439998626708984,35.65999984741211,23.54855728149414,755500
FTS.TO,2015-07-07,35.709999084472656,37.220001220703125,35.630001068115234,37.09000015258789,24.492877960205078,925100
FTS.TO,2015-07-08,36.5,37.150001525878906,36.029998779296875,36.06999969482422,23.819303512573242,502500
FTS.TO,2015-07-09,36.40999984741211,36.41999816894531,35.18000030517578,35.29999923706055,23.310815811157227,565000
FTS.TO,2015-07-10,35.70000076293945,36.38999938964844,35.29999923706055,36.279998779296875,23.957979202270508,508900
FTS.TO,2015-07-13,36.47999954223633,36.75,35.93000030517578,36.0,23.7730712890625,513300
FTS.TO,2015-07-14,36.18000030517578,36.38999938964844,35.7599983215332,36.36000061035156,24.010807037353516,445900
FTS.TO,2015-07-15,36.27000045776367,37.22999954223633,36.099998474121094,37.20000076293945,24.565513610839844,500200
FTS.TO,2015-07-16,37.380001068115234,38.43000030517578,37.29999923706055,38.36000061035156,25.331539154052734,1160600
FTS.TO,2015-07-17,38.459999084472656,38.459999084472656,37.810001373291016,38.22999954223633,25.24569320678711,487300
FTS.TO,2015-07-20,38.16999816894531,38.22999954223633,37.630001068115234,37.689998626708984,24.88909339904785,394100
FTS.TO,2015-07-21,37.81999969482422,37.83000183105469,36.7599983215332,36.77000045776367,24.28156089782715,407300
FTS.TO,2015-07-22,36.7400016784668,37.209999084472656,36.52000045776367,36.9900016784668,24.426843643188477,257000
FTS.TO,2015-07-23,37.060001373291016,37.060001373291016,36.25,36.61000061035156,24.175901412963867,349900
FTS.TO,2015-07-24,36.709999084472656,36.959999084472656,36.47999954223633,36.63999938964844,24.195707321166992,469500
FTS.TO,2015-07-27,36.400001525878906,36.75,36.22999954223633,36.380001068115234,24.02402114868164,423000
FTS.TO,2015-07-28,36.369998931884766,36.470001220703125,35.5099983215332,36.349998474121094,24.00420570373535,437100
FTS.TO,2015-07-29,36.290000915527344,36.720001220703125,36.09000015258789,36.61000061035156,24.175901412963867,593700
FTS.TO,2015-07-30,36.540000915527344,36.59000015258789,35.959999084472656,36.029998779296875,23.79288101196289,519700
FTS.TO,2015-07-31,36.45000076293945,37.790000915527344,36.20000076293945,37.45000076293945,24.73060417175293,879600
FTS.TO,2015-08-04,37.33000183105469,37.81999969482422,37.0,37.58000183105469,24.81645965576172,631400
FTS.TO,2015-08-05,37.86000061035156,37.880001068115234,37.34000015258789,37.43000030517578,24.7174015045166,374800
FTS.TO,2015-08-06,37.65999984741211,37.77000045776367,37.18000030517578,37.619998931884766,24.84285545349121,550600
FTS.TO,2015-08-07,37.650001525878906,37.650001525878906,37.15999984741211,37.22999954223633,24.585323333740234,290000
FTS.TO,2015-08-10,37.529998779296875,37.849998474121094,37.15999984741211,37.7400016784668,24.9221134185791,676700
FTS.TO,2015-08-11,37.619998931884766,38.2400016784668,37.439998626708984,38.16999816894531,25.2060604095459,676900
FTS.TO,2015-08-12,38.0,38.59000015258789,37.79999923706055,38.54999923706055,25.457002639770508,624100
FTS.TO,2015-08-13,38.5,38.58000183105469,38.060001373291016,38.18000030517578,25.212675094604492,476900
FTS.TO,2015-08-14,38.13999938964844,38.75,37.93000030517578,38.70000076293945,25.556066513061523,515100
FTS.TO,2015-08-17,38.38999938964844,38.56999969482422,38.0,38.4900016784668,25.642667770385742,500000
FTS.TO,2015-08-18,38.20000076293945,38.459999084472656,38.029998779296875,38.290000915527344,25.509428024291992,496700
FTS.TO,2015-08-19,38.380001068115234,38.720001220703125,38.0,38.54999923706055,25.68263816833496,648400
FTS.TO,2015-08-20,38.2599983215332,38.349998474121094,37.209999084472656,37.25,24.816560745239258,584900
FTS.TO,2015-08-21,36.880001068115234,37.41999816894531,36.310001373291016,36.310001373291016,24.190319061279297,804100
FTS.TO,2015-08-24,34.15999984741211,36.290000915527344,34.15999984741211,34.83000183105469,23.204320907592773,1138600
FTS.TO,2015-08-25,35.79999923706055,35.939998626708984,35.0099983215332,35.119998931884766,23.39751625061035,854700
FTS.TO,2015-08-26,35.75,36.29999923706055,34.560001373291016,36.20000076293945,24.117033004760742,783000
FTS.TO,2015-08-27,36.7599983215332,37.70000076293945,36.0,37.59000015258789,25.043067932128906,895400
FTS.TO,2015-08-28,37.02000045776367,37.45000076293945,36.630001068115234,37.310001373291016,24.856531143188477,865300
FTS.TO,2015-08-31,37.290000915527344,37.599998474121094,35.65999984741211,35.689998626708984,23.77726173400879,1707300
FTS.TO,2015-09-01,35.349998474121094,35.7400016784668,34.81999969482422,35.279998779296875,23.504108428955078,1186400
FTS.TO,2015-09-02,35.59000015258789,35.81999969482422,34.25,34.2599983215332,22.824575424194336,981800
FTS.TO,2015-09-03,34.380001068115234,35.29999923706055,34.20000076293945,35.040000915527344,23.344221115112305,817600
FTS.TO,2015-09-04,34.77000045776367,35.08000183105469,34.630001068115234,34.939998626708984,23.277599334716797,655800
FTS.TO,2015-09-08,35.38999938964844,35.68000030517578,35.119998931884766,35.25,23.4841251373291,592300
FTS.TO,2015-09-09,35.38999938964844,35.720001220703125,35.0,35.099998474121094,23.38419532775879,528500
FTS.TO,2015-09-10,34.90999984741211,35.529998779296875,34.86000061035156,34.93000030517578,23.27094078063965,499000
FTS.TO,2015-09-11,34.900001525878906,35.290000915527344,34.709999084472656,35.220001220703125,23.464147567749023,578700
FTS.TO,2015-09-14,35.20000076293945,35.5,34.970001220703125,35.040000915527344,23.344221115112305,785300
FTS.TO,2015-09-15,35.08000183105469,36.349998474121094,35.08000183105469,36.220001220703125,24.130353927612305,913400
FTS.TO,2015-09-16,36.13999938964844,36.720001220703125,36.06999969482422,36.63999938964844,24.41016387939453,1973100
FTS.TO,2015-09-17,36.4900016784668,37.81999969482422,36.279998779296875,37.65999984741211,25.089706420898438,678700
FTS.TO,2015-09-18,37.06999969482422,37.540000915527344,36.4900016784668,36.61000061035156,24.390182495117188,2781900
FTS.TO,2015-09-21,36.619998931884766,37.400001525878906,36.599998474121094,36.81999969482422,24.530092239379883,849700
FTS.TO,2015-09-22,36.349998474121094,36.720001220703125,36.2599983215332,36.45000076293945,24.28358268737793,501000
FTS.TO,2015-09-23,36.540000915527344,36.95000076293945,36.400001525878906,36.52000045776367,24.330224990844727,326600
FTS.TO,2015-09-24,36.369998931884766,36.40999984741211,35.689998626708984,35.970001220703125,23.963808059692383,432800
FTS.TO,2015-09-25,36.380001068115234,36.869998931884766,36.06999969482422,36.56999969482422,24.363534927368164,567000
FTS.TO,2015-09-28,36.7400016784668,36.79999923706055,35.93000030517578,36.0,23.983795166015625,478700
FTS.TO,2015-09-29,36.029998779296875,36.5,36.0,36.29999923706055,24.18364906311035,444400
FTS.TO,2015-09-30,36.54999923706055,38.16999816894531,36.54999923706055,38.16999816894531,25.429475784301758,902700
FTS.TO,2015-10-01,38.08000183105469,38.25,37.18000030517578,37.52000045776367,24.99644660949707,749100
FTS.TO,2015-10-02,37.34000015258789,37.790000915527344,37.2599983215332,37.630001068115234,25.069730758666992,526200
FTS.TO,2015-10-05,37.959999084472656,38.56999969482422,37.810001373291016,38.29999923706055,25.51609230041504,678400
FTS.TO,2015-10-06,38.47999954223633,38.47999954223633,37.31999969482422,37.43000030517578,24.936481475830078,595500
FTS.TO,2015-10-07,37.900001525878906,39.040000915527344,37.7599983215332,38.56999969482422,25.695966720581055,1019900
FTS.TO,2015-10-08,38.779998779296875,39.20000076293945,38.4900016784668,38.970001220703125,25.96246337890625,684100
FTS.TO,2015-10-09,38.97999954223633,39.220001220703125,38.52000045776367,38.83000183105469,25.869171142578125,544700
FTS.TO,2015-10-13,38.97999954223633,39.20000076293945,38.70000076293945,38.90999984741211,25.92247772216797,843300
FTS.TO,2015-10-14,38.849998474121094,39.04999923706055,38.099998474121094,38.209999084472656,25.456132888793945,750300
FTS.TO,2015-10-15,38.2599983215332,38.7400016784668,38.08000183105469,38.25,25.482778549194336,864700
FTS.TO,2015-10-16,38.540000915527344,39.06999969482422,38.40999984741211,38.45000076293945,25.61602210998535,1874100
FTS.TO,2015-10-19,38.45000076293945,39.0099983215332,38.15999984741211,38.83000183105469,25.869171142578125,652700
FTS.TO,2015-10-20,38.810001373291016,39.650001525878906,38.810001373291016,39.56999969482422,26.362184524536133,575100
FTS.TO,2015-10-21,39.36000061035156,39.84000015258789,39.29999923706055,39.33000183105469,26.202293395996094,566500
FTS.TO,2015-10-22,39.38999938964844,40.13999938964844,39.38999938964844,39.720001220703125,26.46212387084961,802100
FTS.TO,2015-10-23,39.9900016784668,39.9900016784668,39.380001068115234,39.439998626708984,26.275571823120117,442700
FTS.TO,2015-10-26,39.52000045776367,39.650001525878906,39.060001373291016,39.31999969482422,26.195632934570312,581000
FTS.TO,2015-10-27,39.20000076293945,39.349998474121094,38.540000915527344,38.7599983215332,25.82254981994629,530700
FTS.TO,2015-10-28,38.77000045776367,39.130001068115234,38.689998626708984,39.08000183105469,26.035734176635742,438800
FTS.TO,2015-10-29,39.08000183105469,39.08000183105469,38.31999969482422,38.849998474121094,25.882505416870117,501100
FTS.TO,2015-10-30,38.79999923706055,38.97999954223633,37.68000030517578,37.849998474121094,25.21629524230957,1471900
FTS.TO,2015-11-02,38.060001373291016,38.290000915527344,37.61000061035156,37.83000183105469,25.20296859741211,674200
FTS.TO,2015-11-03,37.86000061035156,38.0,37.54999923706055,37.7400016784668,25.143001556396484,733700
FTS.TO,2015-11-04,37.7599983215332,38.02000045776367,37.65999984741211,37.959999084472656,25.289569854736328,705700
FTS.TO,2015-11-05,38.06999969482422,38.18000030517578,37.849998474121094,37.959999084472656,25.289569854736328,431900
FTS.TO,2015-11-06,38.18000030517578,38.20000076293945,37.25,37.599998474121094,25.049734115600586,643800
FTS.TO,2015-11-09,37.84000015258789,38.11000061035156,37.5,37.91999816894531,25.262924194335938,577000
FTS.TO,2015-11-10,37.9900016784668,38.599998474121094,37.810001373291016,38.29999923706055,25.51609230041504,966400
FTS.TO,2015-11-11,38.33000183105469,38.45000076293945,37.9900016784668,38.040000915527344,25.342878341674805,396100
FTS.TO,2015-11-12,38.029998779296875,38.09000015258789,37.29999923706055,37.41999816894531,24.929811477661133,673500
FTS.TO,2015-11-13,37.45000076293945,37.689998626708984,37.22999954223633,37.5,24.983116149902344,521800
FTS.TO,2015-11-16,37.400001525878906,37.83000183105469,37.27000045776367,37.79999923706055,25.43735122680664,735900
FTS.TO,2015-11-17,37.939998626708984,38.09000015258789,37.380001068115234,37.689998626708984,25.363327026367188,607200
FTS.TO,2015-11-18,37.880001068115234,37.88999938964844,37.45000076293945,37.75,25.40369987487793,474900
FTS.TO,2015-11-19,37.720001220703125,38.34000015258789,37.56999969482422,38.099998474121094,25.639240264892578,516000
FTS.TO,2015-11-20,38.279998779296875,38.279998779296875,37.90999984741211,38.0,25.57194709777832,544600
FTS.TO,2015-11-23,38.0099983215332,38.16999816894531,37.709999084472656,37.77000045776367,25.417163848876953,322500
FTS.TO,2015-11-24,37.66999816894531,37.66999816894531,36.79999923706055,36.84000015258789,24.791322708129883,807800
FTS.TO,2015-11-25,36.97999954223633,37.0099983215332,36.56999969482422,36.66999816894531,24.67691993713379,506000
FTS.TO,2015-11-26,36.88999938964844,36.93000030517578,36.349998474121094,36.4900016784668,24.55579376220703,269500
FTS.TO,2015-11-27,36.56999969482422,36.93000030517578,36.47999954223633,36.84000015258789,24.791322708129883,595900
FTS.TO,2015-11-30,37.0099983215332,37.20000076293945,36.70000076293945,36.880001068115234,24.818246841430664,800500
FTS.TO,2015-12-01,36.95000076293945,38.209999084472656,36.95000076293945,38.09000015258789,25.632509231567383,1064200
FTS.TO,2015-12-02,38.22999954223633,38.22999954223633,37.65999984741211,37.97999954223633,25.558481216430664,729000
FTS.TO,2015-12-03,38.099998474121094,38.2599983215332,37.540000915527344,37.58000183105469,25.289306640625,646400
FTS.TO,2015-12-04,37.66999816894531,38.060001373291016,37.27000045776367,37.68000030517578,25.356597900390625,574800
FTS.TO,2015-12-07,37.709999084472656,37.709999084472656,36.84000015258789,36.900001525878906,24.831701278686523,604300
FTS.TO,2015-12-08,36.880001068115234,36.880001068115234,35.5099983215332,35.93000030517578,24.1789493560791,1221000
FTS.TO,2015-12-09,36.04999923706055,36.45000076293945,35.939998626708984,36.27000045776367,24.407751083374023,884500
FTS.TO,2015-12-10,36.380001068115234,36.97999954223633,36.310001373291016,36.70000076293945,24.697111129760742,769200
FTS.TO,2015-12-11,36.400001525878906,36.77000045776367,36.040000915527344,36.369998931884766,24.475040435791016,594600
FTS.TO,2015-12-14,36.439998626708984,36.56999969482422,35.79999923706055,36.16999816894531,24.34044647216797,627500
FTS.TO,2015-12-15,36.40999984741211,36.880001068115234,36.09000015258789,36.79999923706055,24.764408111572266,836200
FTS.TO,2015-12-16,36.88999938964844,38.040000915527344,36.810001373291016,37.959999084472656,25.54501724243164,1024600
FTS.TO,2015-12-17,38.02000045776367,38.08000183105469,37.380001068115234,37.84000015258789,25.464265823364258,684400
FTS.TO,2015-12-18,37.599998474121094,38.099998474121094,37.38999938964844,37.790000915527344,25.430618286132812,1702200
FTS.TO,2015-12-21,38.0,38.09000015258789,37.470001220703125,37.59000015258789,25.296030044555664,790000
FTS.TO,2015-12-22,37.59000015258789,37.72999954223633,37.209999084472656,37.56999969482422,25.28257179260254,732700
FTS.TO,2015-12-23,37.810001373291016,37.959999084472656,37.52000045776367,37.86000061035156,25.47772979736328,465400
FTS.TO,2015-12-24,38.0,38.06999969482422,37.849998474121094,38.02000045776367,25.585403442382812,369500
FTS.TO,2015-12-29,38.130001068115234,38.189998626708984,37.72999954223633,37.90999984741211,25.51137351989746,345000
FTS.TO,2015-12-30,37.959999084472656,37.970001220703125,37.75,37.81999969482422,25.450815200805664,277900
FTS.TO,2015-12-31,37.709999084472656,37.709999084472656,37.220001220703125,37.40999984741211,25.174907684326172,524800
FTS.TO,2016-01-04,37.040000915527344,37.459999084472656,36.45000076293945,37.130001068115234,24.98648452758789,862500
FTS.TO,2016-01-05,37.130001068115234,37.459999084472656,36.869998931884766,37.439998626708984,25.19509506225586,607000
FTS.TO,2016-01-06,37.25,37.599998474121094,37.25,37.439998626708984,25.19509506225586,661600
FTS.TO,2016-01-07,37.0,37.31999969482422,36.630001068115234,36.720001220703125,24.7105655670166,1035600
FTS.TO,2016-01-08,36.9900016784668,37.41999816894531,36.630001068115234,37.22999954223633,25.053773880004883,694300
FTS.TO,2016-01-11,37.47999954223633,37.619998931884766,37.209999084472656,37.38999938964844,25.16145133972168,389500
FTS.TO,2016-01-12,37.5,37.849998474121094,37.22999954223633,37.720001220703125,25.383522033691406,786100
FTS.TO,2016-01-13,37.91999816894531,38.08000183105469,37.15999984741211,37.22999954223633,25.053773880004883,501900
FTS.TO,2016-01-14,37.43000030517578,37.779998779296875,36.88999938964844,37.68000030517578,25.356597900390625,733300
FTS.TO,2016-01-15,36.970001220703125,37.209999084472656,36.060001373291016,36.52000045776367,24.57598876953125,1060100
FTS.TO,2016-01-18,36.4900016784668,36.720001220703125,36.11000061035156,36.29999923706055,24.42793083190918,254900
FTS.TO,2016-01-19,36.709999084472656,36.84000015258789,36.38999938964844,36.779998779296875,24.750947952270508,768600
FTS.TO,2016-01-20,36.4900016784668,36.849998474121094,35.790000915527344,36.58000183105469,24.616357803344727,811400
FTS.TO,2016-01-21,36.630001068115234,37.5,36.61000061035156,37.349998474121094,25.13452911376953,1169600
FTS.TO,2016-01-22,37.72999954223633,38.4900016784668,37.59000015258789,38.4900016784668,25.901691436767578,899300
FTS.TO,2016-01-25,38.47999954223633,38.61000061035156,38.060001373291016,38.13999938964844,25.666156768798828,665600
FTS.TO,2016-01-26,38.349998474121094,38.7400016784668,38.119998931884766,38.45000076293945,25.874773025512695,473700
FTS.TO,2016-01-27,38.4900016784668,39.060001373291016,38.29999923706055,38.95000076293945,26.211238861083984,735800
FTS.TO,2016-01-28,39.16999816894531,39.900001525878906,38.93000030517578,39.869998931884766,26.830347061157227,845400
FTS.TO,2016-01-29,40.0,40.709999084472656,39.810001373291016,40.709999084472656,27.39562225341797,1354500
FTS.TO,2016-02-01,40.689998626708984,40.720001220703125,40.119998931884766,40.61000061035156,27.32833480834961,646500
FTS.TO,2016-02-02,40.400001525878906,40.869998931884766,40.0099983215332,40.86000061035156,27.49656867980957,942400
FTS.TO,2016-02-03,40.709999084472656,41.25,40.709999084472656,40.959999084472656,27.563861846923828,1225100
FTS.TO,2016-02-04,40.939998626708984,41.58000183105469,40.869998931884766,41.31999969482422,27.80612564086914,1122300
FTS.TO,2016-02-05,41.31999969482422,41.529998779296875,41.02000045776367,41.470001220703125,27.907060623168945,828500
FTS.TO,2016-02-08,41.209999084472656,41.54999923706055,41.209999084472656,41.380001068115234,27.846498489379883,941000
FTS.TO,2016-02-09,38.29999923706055,38.5,36.06999969482422,37.13999938964844,24.993207931518555,7087400
FTS.TO,2016-02-10,38.0,38.15999984741211,37.2599983215332,37.470001220703125,25.21527099609375,5302600
FTS.TO,2016-02-11,38.0,38.0,35.869998931884766,36.130001068115234,24.31353759765625,3636200
FTS.TO,2016-02-12,36.2400016784668,36.459999084472656,35.529998779296875,36.20000076293945,24.616134643554688,2949300
FTS.TO,2016-02-16,36.54999923706055,36.86000061035156,36.0099983215332,36.5,24.82013511657715,2021100
FTS.TO,2016-02-17,36.9900016784668,37.7400016784668,36.68000030517578,37.599998474121094,25.568145751953125,2035200
FTS.TO,2016-02-18,36.9900016784668,38.20000076293945,36.9900016784668,38.09000015258789,25.901351928710938,2062000
FTS.TO,2016-02-19,37.939998626708984,38.33000183105469,37.630001068115234,38.27000045776367,26.02374839782715,1408600
FTS.TO,2016-02-22,38.59000015258789,38.959999084472656,38.31999969482422,38.65999984741211,26.288942337036133,1862500
FTS.TO,2016-02-23,38.779998779296875,38.83000183105469,38.029998779296875,38.209999084472656,25.98294448852539,2088600
FTS.TO,2016-02-24,38.2400016784668,38.2599983215332,37.65999984741211,38.0099983215332,25.846940994262695,2115800
FTS.TO,2016-02-25,38.20000076293945,38.630001068115234,37.90999984741211,38.41999816894531,26.12574577331543,1326500
FTS.TO,2016-02-26,38.72999954223633,38.72999954223633,37.43000030517578,37.459999084472656,25.472942352294922,1548300
FTS.TO,2016-02-29,37.5099983215332,37.81999969482422,37.220001220703125,37.5099983215332,25.50693702697754,1583600
FTS.TO,2016-03-01,37.86000061035156,38.529998779296875,37.7400016784668,38.33000183105469,26.064546585083008,1427200
FTS.TO,2016-03-02,38.209999084472656,38.65999984741211,37.79999923706055,38.650001525878906,26.282148361206055,1187100
FTS.TO,2016-03-03,38.75,38.88999938964844,38.47999954223633,38.869998931884766,26.431737899780273,917200
FTS.TO,2016-03-04,38.91999816894531,39.459999084472656,38.619998931884766,39.2599983215332,26.69695472717285,1225900
FTS.TO,2016-03-07,39.310001373291016,39.83000183105469,39.13999938964844,39.540000915527344,26.887344360351562,986500
FTS.TO,2016-03-08,39.83000183105469,40.34000015258789,39.5,40.06999969482422,27.24774932861328,1161500
FTS.TO,2016-03-09,40.20000076293945,40.4900016784668,39.68000030517578,40.119998931884766,27.281755447387695,992500
FTS.TO,2016-03-10,40.27000045776367,40.52000045776367,39.810001373291016,39.9900016784668,27.19335174560547,750500
FTS.TO,2016-03-11,40.349998474121094,40.5,39.970001220703125,40.220001220703125,27.349746704101562,784300
FTS.TO,2016-03-14,40.20000076293945,40.29999923706055,39.40999984741211,39.650001525878906,26.96215057373047,1202900
FTS.TO,2016-03-15,39.529998779296875,39.650001525878906,38.93000030517578,39.13999938964844,26.615339279174805,1709500
FTS.TO,2016-03-16,39.369998931884766,39.41999816894531,39.0,39.20000076293945,26.65615463256836,1531800
FTS.TO,2016-03-17,39.38999938964844,39.84000015258789,39.18000030517578,39.459999084472656,26.83295249938965,1234600
FTS.TO,2016-03-18,39.40999984741211,39.5,38.939998626708984,39.0099983215332,26.526939392089844,2511600
FTS.TO,2016-03-21,39.099998474121094,39.83000183105469,38.83000183105469,39.810001373291016,27.07094955444336,815700
FTS.TO,2016-03-22,39.650001525878906,40.310001373291016,39.5099983215332,39.95000076293945,27.16615867614746,1093500
FTS.TO,2016-03-23,40.380001068115234,40.380001068115234,39.779998779296875,40.16999816894531,27.31575584411621,740500
FTS.TO,2016-03-24,40.2599983215332,40.310001373291016,39.66999816894531,39.900001525878906,27.13215446472168,807900
FTS.TO,2016-03-28,40.040000915527344,40.36000061035156,39.68000030517578,40.279998779296875,27.390552520751953,627100
FTS.TO,2016-03-29,40.189998626708984,40.400001525878906,40.0099983215332,40.27000045776367,27.383743286132812,652400
FTS.TO,2016-03-30,40.439998626708984,40.75,40.15999984741211,40.470001220703125,27.519752502441406,790500
FTS.TO,2016-03-31,40.630001068115234,41.08000183105469,40.540000915527344,40.709999084472656,27.68294334411621,1127500
FTS.TO,2016-04-01,40.599998474121094,41.09000015258789,40.290000915527344,40.77000045776367,27.723751068115234,929600
FTS.TO,2016-04-04,40.97999954223633,40.97999954223633,40.560001373291016,40.81999969482422,27.757749557495117,619500
FTS.TO,2016-04-05,40.68000030517578,41.02000045776367,40.5,40.5,27.540145874023438,842100
FTS.TO,2016-04-06,40.5,40.5,39.900001525878906,40.08000183105469,27.254552841186523,737800
FTS.TO,2016-04-07,40.16999816894531,40.16999816894531,39.630001068115234,39.709999084472656,27.00294303894043,730000
FTS.TO,2016-04-08,39.869998931884766,40.13999938964844,39.7599983215332,39.86000061035156,27.10494613647461,473700
FTS.TO,2016-04-11,39.75,40.119998931884766,39.599998474121094,39.650001525878906,26.96215057373047,566700
FTS.TO,2016-04-12,39.72999954223633,39.779998779296875,39.31999969482422,39.47999954223633,26.84654426574707,683500
FTS.TO,2016-04-13,39.779998779296875,39.779998779296875,39.400001525878906,39.529998779296875,26.880556106567383,576500
FTS.TO,2016-04-14,39.560001373291016,39.65999984741211,39.310001373291016,39.540000915527344,26.887344360351562,686100
FTS.TO,2016-04-15,39.54999923706055,39.9900016784668,39.540000915527344,39.86000061035156,27.10494613647461,556700
FTS.TO,2016-04-18,39.959999084472656,40.29999923706055,39.900001525878906,40.25,27.370147705078125,1235300
FTS.TO,2016-04-19,40.41999816894531,40.43000030517578,39.95000076293945,40.16999816894531,27.31575584411621,729600
FTS.TO,2016-04-20,40.43000030517578,40.47999954223633,39.41999816894531,39.43000030517578,26.812543869018555,1261200
FTS.TO,2016-04-21,39.540000915527344,39.540000915527344,38.7599983215332,38.84000015258789,26.41134262084961,1048900
FTS.TO,2016-04-22,39.02000045776367,39.08000183105469,38.619998931884766,38.880001068115234,26.43854331970215,748700
FTS.TO,2016-04-25,38.97999954223633,39.13999938964844,38.52000045776367,39.09000015258789,26.58135414123535,753800
FTS.TO,2016-04-26,39.20000076293945,39.2400016784668,38.650001525878906,38.70000076293945,26.316139221191406,740300
FTS.TO,2016-04-27,38.779998779296875,39.20000076293945,38.650001525878906,38.970001220703125,26.49974822998047,885300
FTS.TO,2016-04-28,38.79999923706055,39.95000076293945,38.77000045776367,39.880001068115234,27.118547439575195,1046000
FTS.TO,2016-04-29,39.75,39.95000076293945,39.54999923706055,39.79999923706055,27.064144134521484,774600
FTS.TO,2016-05-02,39.939998626708984,40.5,39.72999954223633,40.470001220703125,27.519752502441406,1232800
FTS.TO,2016-05-03,39.91999816894531,40.720001220703125,39.91999816894531,40.689998626708984,27.669349670410156,1549800
FTS.TO,2016-05-04,40.75,40.95000076293945,40.400001525878906,40.61000061035156,27.614953994750977,1321000
FTS.TO,2016-05-05,40.75,40.939998626708984,40.459999084472656,40.66999816894531,27.65574836730957,691800
FTS.TO,2016-05-06,40.70000076293945,40.7599983215332,40.400001525878906,40.4900016784668,27.533353805541992,613600
FTS.TO,2016-05-09,40.5,40.5099983215332,40.0,40.060001373291016,27.240951538085938,905600
FTS.TO,2016-05-10,40.310001373291016,40.66999816894531,40.0,40.29999923706055,27.404144287109375,1344600
FTS.TO,2016-05-11,40.31999969482422,40.689998626708984,40.130001068115234,40.63999938964844,27.635353088378906,636500
FTS.TO,2016-05-12,40.79999923706055,41.25,40.61000061035156,41.02000045776367,27.89375877380371,795500
FTS.TO,2016-05-13,41.0099983215332,41.02000045776367,40.5099983215332,40.630001068115234,27.628551483154297,871300
FTS.TO,2016-05-16,40.439998626708984,40.540000915527344,40.22999954223633,40.349998474121094,27.693758010864258,657500
FTS.TO,2016-05-17,40.2599983215332,40.45000076293945,39.869998931884766,40.040000915527344,27.480993270874023,994100
FTS.TO,2016-05-18,40.150001525878906,40.2400016784668,39.869998931884766,39.95000076293945,27.419214248657227,838000
FTS.TO,2016-05-19,39.959999084472656,40.060001373291016,39.5,39.959999084472656,27.426082611083984,787000
FTS.TO,2016-05-20,40.11000061035156,40.4900016784668,40.09000015258789,40.40999984741211,27.73493003845215,929500
FTS.TO,2016-05-24,40.52000045776367,41.0,40.279998779296875,40.86000061035156,28.043792724609375,1266300
FTS.TO,2016-05-25,40.900001525878906,41.119998931884766,40.599998474121094,40.90999984741211,28.07810401916504,863500
FTS.TO,2016-05-26,41.0,41.09000015258789,40.810001373291016,40.810001373291016,28.009479522705078,641600
FTS.TO,2016-05-27,40.900001525878906,41.060001373291016,40.810001373291016,40.959999084472656,28.1124324798584,522400
FTS.TO,2016-05-30,41.08000183105469,41.25,40.95000076293945,40.95000076293945,28.10555648803711,347000
FTS.TO,2016-05-31,41.099998474121094,41.47999954223633,41.0,41.02000045776367,28.153596878051758,1499900
FTS.TO,2016-06-01,41.029998779296875,41.2599983215332,40.970001220703125,41.09000015258789,28.201648712158203,764000
FTS.TO,2016-06-02,41.13999938964844,41.25,40.779998779296875,41.13999938964844,28.235960006713867,566800
FTS.TO,2016-06-03,41.16999816894531,41.47999954223633,41.119998931884766,41.119998931884766,28.222230911254883,870700
FTS.TO,2016-06-06,41.20000076293945,41.47999954223633,41.11000061035156,41.119998931884766,28.222230911254883,691000
FTS.TO,2016-06-07,41.38999938964844,41.83000183105469,41.22999954223633,41.54999923706055,28.51736068725586,867400
FTS.TO,2016-06-08,41.61000061035156,41.970001220703125,41.52000045776367,41.91999816894531,28.771316528320312,835000
FTS.TO,2016-06-09,41.790000915527344,42.279998779296875,41.77000045776367,41.9900016784668,28.819355010986328,1124100
FTS.TO,2016-06-10,41.88999938964844,41.93000030517578,41.54999923706055,41.86000061035156,28.730121612548828,461200
FTS.TO,2016-06-13,41.7599983215332,41.970001220703125,41.54999923706055,41.79999923706055,28.688941955566406,1075800
FTS.TO,2016-06-14,41.900001525878906,41.900001525878906,41.54999923706055,41.59000015258789,28.544815063476562,656200
FTS.TO,2016-06-15,41.75,42.0,41.68000030517578,41.7400016784668,28.64775848388672,459500
FTS.TO,2016-06-16,41.77000045776367,42.060001373291016,41.38999938964844,41.9900016784668,28.819355010986328,670400
FTS.TO,2016-06-17,42.04999923706055,42.04999923706055,41.5,41.599998474121094,28.551668167114258,2222100
FTS.TO,2016-06-20,41.91999816894531,42.150001525878906,41.619998931884766,41.88999938964844,28.750720977783203,565500
FTS.TO,2016-06-21,42.09000015258789,42.25,41.63999938964844,42.150001525878906,28.929166793823242,742100
FTS.TO,2016-06-22,42.25,42.25,41.689998626708984,41.720001220703125,28.634042739868164,552100
FTS.TO,2016-06-23,42.0099983215332,42.130001068115234,41.63999938964844,41.880001068115234,28.743852615356445,479400
FTS.TO,2016-06-24,41.189998626708984,42.66999816894531,40.79999923706055,42.560001373291016,29.210561752319336,827800
FTS.TO,2016-06-27,42.33000183105469,43.470001220703125,42.31999969482422,42.86000061035156,29.416465759277344,2572300
FTS.TO,2016-06-28,43.09000015258789,43.22999954223633,42.65999984741211,42.79999923706055,29.37527847290039,1219200
FTS.TO,2016-06-29,42.900001525878906,43.29999923706055,42.790000915527344,43.150001525878906,29.615514755249023,1143000
FTS.TO,2016-06-30,43.29999923706055,43.90999984741211,42.9900016784668,43.66999816894531,29.972396850585938,1426100
FTS.TO,2016-07-04,43.88999938964844,44.40999984741211,43.54999923706055,44.0,30.198890686035156,576900
FTS.TO,2016-07-05,44.0,44.810001373291016,44.0,44.22999954223633,30.35675621032715,1341100
FTS.TO,2016-07-06,44.150001525878906,44.869998931884766,43.77000045776367,44.529998779296875,30.562658309936523,1144500
FTS.TO,2016-07-07,44.720001220703125,44.790000915527344,43.689998626708984,43.810001373291016,30.068485260009766,963200
FTS.TO,2016-07-08,44.029998779296875,44.2400016784668,43.810001373291016,43.810001373291016,30.068485260009766,761200
FTS.TO,2016-07-11,43.79999923706055,44.720001220703125,43.75,44.099998474121094,30.26752471923828,902000
FTS.TO,2016-07-12,44.150001525878906,44.4900016784668,43.970001220703125,44.09000015258789,30.260662078857422,783300
FTS.TO,2016-07-13,44.15999984741211,44.59000015258789,43.939998626708984,44.0,30.198890686035156,818100
FTS.TO,2016-07-14,44.099998474121094,44.16999816894531,43.41999816894531,43.43000030517578,29.80767822265625,858800
FTS.TO,2016-07-15,43.52000045776367,43.849998474121094,43.0099983215332,43.29999923706055,29.718454360961914,1195500
FTS.TO,2016-07-18,43.41999816894531,43.560001373291016,42.9900016784668,43.290000915527344,29.711597442626953,777200
FTS.TO,2016-07-19,43.29999923706055,43.5099983215332,43.130001068115234,43.2599983215332,29.690990447998047,867100
FTS.TO,2016-07-20,43.06999969482422,43.43000030517578,43.02000045776367,43.189998626708984,29.6429500579834,944300
FTS.TO,2016-07-21,43.209999084472656,43.400001525878906,42.790000915527344,43.310001373291016,29.725318908691406,602200
FTS.TO,2016-07-22,43.38999938964844,44.13999938964844,43.349998474121094,44.029998779296875,30.219478607177734,592200
FTS.TO,2016-07-25,44.029998779296875,44.08000183105469,43.29999923706055,43.5,29.85573387145996,798600
FTS.TO,2016-07-26,43.540000915527344,43.689998626708984,43.119998931884766,43.33000183105469,29.73904037475586,642300
FTS.TO,2016-07-27,43.369998931884766,43.369998931884766,42.810001373291016,42.93000030517578,29.464509963989258,596100
FTS.TO,2016-07-28,42.939998626708984,43.349998474121094,42.939998626708984,43.29999923706055,29.718454360961914,573700
FTS.TO,2016-07-29,43.38999938964844,43.439998626708984,43.040000915527344,43.25,29.68413734436035,879200
FTS.TO,2016-08-02,43.290000915527344,43.34000015258789,42.41999816894531,42.939998626708984,29.471363067626953,983000
FTS.TO,2016-08-03,42.970001220703125,43.5,42.61000061035156,43.2400016784668,29.67726707458496,614600
FTS.TO,2016-08-04,43.20000076293945,43.45000076293945,43.119998931884766,43.25,29.68413734436035,508100
FTS.TO,2016-08-05,43.2599983215332,43.75,43.18000030517578,43.220001220703125,29.663551330566406,611000
FTS.TO,2016-08-08,43.400001525878906,43.400001525878906,43.04999923706055,43.20000076293945,29.649829864501953,479300
FTS.TO,2016-08-09,43.27000045776367,43.27000045776367,42.61000061035156,42.84000015258789,29.402738571166992,797900
FTS.TO,2016-08-10,42.9900016784668,43.0,42.529998779296875,42.790000915527344,29.368427276611328,1045400
FTS.TO,2016-08-11,42.93000030517578,43.38999938964844,42.70000076293945,43.25,29.68413734436035,1257500
FTS.TO,2016-08-12,43.25,43.45000076293945,43.060001373291016,43.15999984741211,29.62236213684082,1015600
FTS.TO,2016-08-15,43.29999923706055,43.29999923706055,42.61000061035156,42.70000076293945,29.306642532348633,577200
FTS.TO,2016-08-16,42.70000076293945,42.709999084472656,42.2400016784668,42.43000030517578,29.121337890625,667700
FTS.TO,2016-08-17,42.34000015258789,42.790000915527344,42.04999923706055,42.630001068115234,29.519498825073242,751700
FTS.TO,2016-08-18,42.650001525878906,43.09000015258789,42.540000915527344,43.0099983215332,29.78263282775879,641600
FTS.TO,2016-08-19,43.040000915527344,43.13999938964844,42.599998474121094,42.95000076293945,29.7410831451416,758900
FTS.TO,2016-08-22,42.9900016784668,43.18000030517578,42.68000030517578,43.16999816894531,29.8934268951416,597800
FTS.TO,2016-08-23,43.2400016784668,43.25,42.61000061035156,42.619998931884766,29.51258087158203,519400
FTS.TO,2016-08-24,42.650001525878906,42.84000015258789,42.5,42.650001525878906,29.53334617614746,413300
FTS.TO,2016-08-25,42.779998779296875,42.90999984741211,42.439998626708984,42.790000915527344,29.630292892456055,794600
FTS.TO,2016-08-26,42.86000061035156,42.95000076293945,42.08000183105469,42.220001220703125,29.235597610473633,615300
FTS.TO,2016-08-29,42.310001373291016,42.5,42.08000183105469,42.11000061035156,29.1594181060791,1034000
FTS.TO,2016-08-30,42.119998931884766,42.209999084472656,41.52000045776367,41.619998931884766,28.82011604309082,880400
FTS.TO,2016-08-31,41.65999984741211,41.65999984741211,40.9900016784668,41.25,28.563901901245117,1371700
FTS.TO,2016-09-01,41.29999923706055,41.68000030517578,41.13999938964844,41.540000915527344,28.764719009399414,719900
FTS.TO,2016-09-02,41.70000076293945,42.08000183105469,41.439998626708984,41.77000045776367,28.92398452758789,538900
FTS.TO,2016-09-06,41.849998474121094,42.0,41.540000915527344,41.72999954223633,28.896291732788086,618200
FTS.TO,2016-09-07,41.75,41.95000076293945,41.56999969482422,41.75,28.910133361816406,1152600
FTS.TO,2016-09-08,41.70000076293945,41.779998779296875,41.52000045776367,41.58000183105469,28.792434692382812,662900
FTS.TO,2016-09-09,41.5,41.5,40.709999084472656,40.93000030517578,28.342323303222656,682100
FTS.TO,2016-09-12,40.75,41.310001373291016,40.630001068115234,41.04999923706055,28.42540740966797,770800
FTS.TO,2016-09-13,40.90999984741211,40.90999984741211,40.349998474121094,40.41999816894531,27.989173889160156,749100
FTS.TO,2016-09-14,40.4900016784668,40.959999084472656,40.31999969482422,40.81999969482422,28.266157150268555,1058900
FTS.TO,2016-09-15,41.040000915527344,41.459999084472656,41.029998779296875,41.25,28.563901901245117,920100
FTS.TO,2016-09-16,41.29999923706055,41.56999969482422,41.099998474121094,41.56999969482422,28.78549575805664,1602800
FTS.TO,2016-09-19,41.689998626708984,42.0099983215332,41.45000076293945,41.81999969482422,28.95861053466797,870300
FTS.TO,2016-09-20,42.02000045776367,42.310001373291016,41.619998931884766,41.63999938964844,28.833965301513672,951500
FTS.TO,2016-09-21,41.83000183105469,42.439998626708984,41.79999923706055,42.290000915527344,29.2840633392334,708100
FTS.TO,2016-09-22,42.560001373291016,42.83000183105469,42.22999954223633,42.56999969482422,29.47795295715332,893100
FTS.TO,2016-09-23,42.56999969482422,42.619998931884766,42.310001373291016,42.380001068115234,29.346384048461914,701900
FTS.TO,2016-09-26,42.38999938964844,42.5,42.11000061035156,42.349998474121094,29.325605392456055,478400
FTS.TO,2016-09-27,42.5,42.65999984741211,42.27000045776367,42.29999923706055,29.290996551513672,699800
FTS.TO,2016-09-28,42.5099983215332,42.70000076293945,41.900001525878906,41.970001220703125,29.062480926513672,915800
FTS.TO,2016-09-29,42.02000045776367,42.439998626708984,41.900001525878906,42.310001373291016,29.29791259765625,645000
FTS.TO,2016-09-30,42.459999084472656,42.68000030517578,42.150001525878906,42.189998626708984,29.214815139770508,1717000
FTS.TO,2016-10-03,42.189998626708984,42.189998626708984,41.34000015258789,41.529998779296875,28.75778579711914,1147500
FTS.TO,2016-10-04,41.56999969482422,41.720001220703125,40.58000183105469,40.97999954223633,28.376935958862305,1072900
FTS.TO,2016-10-05,41.11000061035156,41.540000915527344,40.45000076293945,40.65999984741211,28.155353546142578,1366700
FTS.TO,2016-10-06,40.70000076293945,41.11000061035156,40.70000076293945,40.900001525878906,28.321550369262695,1777200
FTS.TO,2016-10-07,40.97999954223633,41.11000061035156,40.279998779296875,40.529998779296875,28.06533432006836,1058200
FTS.TO,2016-10-11,40.439998626708984,40.630001068115234,40.130001068115234,40.560001373291016,28.086105346679688,1276400
FTS.TO,2016-10-12,40.650001525878906,41.459999084472656,40.56999969482422,41.34000015258789,28.626230239868164,1300300
FTS.TO,2016-10-13,41.20000076293945,41.209999084472656,40.22999954223633,40.959999084472656,28.36309242248535,6901000
FTS.TO,2016-10-14,40.77000045776367,42.0,40.7599983215332,41.95000076293945,29.048635482788086,11469900
FTS.TO,2016-10-17,41.88999938964844,42.599998474121094,41.849998474121094,42.540000915527344,29.457185745239258,1837700
FTS.TO,2016-10-18,42.79999923706055,42.9900016784668,42.310001373291016,42.459999084472656,29.401777267456055,2194100
FTS.TO,2016-10-19,42.58000183105469,43.04999923706055,42.5099983215332,42.86000061035156,29.67876434326172,2608000
FTS.TO,2016-10-20,42.86000061035156,43.11000061035156,42.27000045776367,42.540000915527344,29.457185745239258,12564600
FTS.TO,2016-10-21,42.41999816894531,42.9900016784668,42.33000183105469,42.77000045776367,29.616445541381836,1294000
FTS.TO,2016-10-24,42.79999923706055,43.47999954223633,42.7599983215332,43.349998474121094,30.018077850341797,1070000
FTS.TO,2016-10-25,43.38999938964844,43.45000076293945,43.06999969482422,43.369998931884766,30.031919479370117,1217800
FTS.TO,2016-10-26,43.29999923706055,44.029998779296875,43.20000076293945,43.88999938964844,30.391998291015625,1442600
FTS.TO,2016-10-27,43.869998931884766,43.88999938964844,43.060001373291016,43.2400016784668,29.94189453125,1425800
FTS.TO,2016-10-28,43.279998779296875,43.869998931884766,43.18000030517578,43.72999954223633,30.28120231628418,899600
FTS.TO,2016-10-31,43.79999923706055,44.220001220703125,43.540000915527344,44.150001525878906,30.572038650512695,1500000
FTS.TO,2016-11-01,44.2599983215332,44.27000045776367,43.2400016784668,43.52000045776367,30.135784149169922,1276500
FTS.TO,2016-11-02,43.36000061035156,43.709999084472656,43.08000183105469,43.13999938964844,29.872657775878906,1116800
FTS.TO,2016-11-03,43.04999923706055,43.209999084472656,42.61000061035156,42.779998779296875,29.623367309570312,751200
FTS.TO,2016-11-04,43.2400016784668,43.959999084472656,43.2400016784668,43.349998474121094,30.018077850341797,933400
FTS.TO,2016-11-07,43.650001525878906,43.810001373291016,43.400001525878906,43.47999954223633,30.108089447021484,646900
FTS.TO,2016-11-08,43.38999938964844,43.619998931884766,43.02000045776367,43.099998474121094,29.84495735168457,951500
FTS.TO,2016-11-09,42.75,43.04999923706055,42.470001220703125,42.560001373291016,29.471025466918945,1301100
FTS.TO,2016-11-10,42.72999954223633,42.75,40.97999954223633,41.04999923706055,28.42540740966797,2018400
FTS.TO,2016-11-11,41.16999816894531,41.290000915527344,40.33000183105469,40.52000045776367,28.05841827392578,2074300
FTS.TO,2016-11-14,40.599998474121094,40.66999816894531,39.58000183105469,39.84000015258789,27.58754539489746,2209600
FTS.TO,2016-11-15,40.099998474121094,40.72999954223633,39.88999938964844,40.63999938964844,28.14150047302246,1740000
FTS.TO,2016-11-16,40.27000045776367,40.380001068115234,39.619998931884766,39.75,27.798831939697266,1876000
FTS.TO,2016-11-17,39.79999923706055,40.56999969482422,39.75,40.41999816894531,28.267393112182617,1471600
FTS.TO,2016-11-18,40.47999954223633,40.709999084472656,40.2400016784668,40.439998626708984,28.2813720703125,1126700
FTS.TO,2016-11-21,40.619998931884766,40.869998931884766,40.2400016784668,40.439998626708984,28.2813720703125,1422400
FTS.TO,2016-11-22,40.52000045776367,40.7400016784668,40.36000061035156,40.560001373291016,28.365293502807617,1001100
FTS.TO,2016-11-23,40.5,41.099998474121094,40.36000061035156,40.849998474121094,28.56810760498047,964900
FTS.TO,2016-11-24,40.9900016784668,41.0,40.439998626708984,40.52000045776367,28.337326049804688,509200
FTS.TO,2016-11-25,40.75,40.939998626708984,40.40999984741211,40.59000015258789,28.386274337768555,573900
FTS.TO,2016-11-28,40.66999816894531,41.34000015258789,40.59000015258789,41.2599983215332,28.854843139648438,1058100
FTS.TO,2016-11-29,41.2599983215332,41.29999923706055,40.810001373291016,40.93000030517578,28.624053955078125,1119700
FTS.TO,2016-11-30,40.849998474121094,40.91999816894531,39.95000076293945,40.040000915527344,28.001636505126953,2581600
FTS.TO,2016-12-01,40.150001525878906,40.470001220703125,39.900001525878906,40.189998626708984,28.106531143188477,891500
FTS.TO,2016-12-02,40.29999923706055,40.34000015258789,39.93000030517578,40.099998474121094,28.043603897094727,766800
FTS.TO,2016-12-05,40.11000061035156,40.150001525878906,39.83000183105469,40.0,27.973665237426758,692900
FTS.TO,2016-12-06,40.09000015258789,40.34000015258789,39.90999984741211,39.939998626708984,27.93170166015625,788400
FTS.TO,2016-12-07,40.0099983215332,40.5,39.900001525878906,40.38999938964844,28.246414184570312,855400
FTS.TO,2016-12-08,40.4900016784668,40.630001068115234,40.08000183105469,40.400001525878906,28.253400802612305,1043500
FTS.TO,2016-12-09,40.459999084472656,40.790000915527344,40.36000061035156,40.439998626708984,28.2813720703125,931900
FTS.TO,2016-12-12,40.45000076293945,40.52000045776367,40.18000030517578,40.27000045776367,28.16248893737793,900200
FTS.TO,2016-12-13,40.43000030517578,41.13999938964844,40.25,40.939998626708984,28.631040573120117,948800
FTS.TO,2016-12-14,40.9900016784668,41.08000183105469,40.72999954223633,40.790000915527344,28.52614974975586,1144300
FTS.TO,2016-12-15,40.7599983215332,40.900001525878906,40.2599983215332,40.380001068115234,28.239421844482422,1379600
FTS.TO,2016-12-16,40.5,40.97999954223633,40.459999084472656,40.540000915527344,28.351308822631836,3653900
FTS.TO,2016-12-19,40.63999938964844,41.040000915527344,40.560001373291016,40.91999816894531,28.6170597076416,569500
FTS.TO,2016-12-20,40.959999084472656,41.0,40.560001373291016,40.599998474121094,28.39327621459961,690700
FTS.TO,2016-12-21,40.599998474121094,40.84000015258789,40.5,40.68000030517578,28.4492244720459,510200
FTS.TO,2016-12-22,40.7400016784668,41.56999969482422,40.70000076293945,41.54999923706055,29.057653427124023,1187400
FTS.TO,2016-12-23,41.599998474121094,41.939998626708984,41.400001525878906,41.5,29.022680282592773,593800
FTS.TO,2016-12-28,41.599998474121094,41.70000076293945,41.209999084472656,41.31999969482422,28.89680290222168,496600
FTS.TO,2016-12-29,41.349998474121094,41.689998626708984,41.099998474121094,41.689998626708984,29.155559539794922,379100
FTS.TO,2016-12-30,41.709999084472656,41.75,41.36000061035156,41.459999084472656,28.994707107543945,495700
FTS.TO,2017-01-03,41.59000015258789,41.61000061035156,41.0099983215332,41.150001525878906,28.777912139892578,915200
FTS.TO,2017-01-04,41.150001525878906,41.41999816894531,41.029998779296875,41.18000030517578,28.798892974853516,853900
FTS.TO,2017-01-05,41.20000076293945,41.400001525878906,41.06999969482422,41.20000076293945,28.81287384033203,680600
FTS.TO,2017-01-06,41.25,41.2599983215332,41.060001373291016,41.220001220703125,28.826860427856445,533800
FTS.TO,2017-01-09,41.29999923706055,41.36000061035156,40.93000030517578,41.0,28.67301368713379,625900
FTS.TO,2017-01-10,41.08000183105469,41.130001068115234,40.849998474121094,40.90999984741211,28.61007308959961,673200
FTS.TO,2017-01-11,41.0,41.0,40.59000015258789,40.869998931884766,28.582090377807617,570100
FTS.TO,2017-01-12,40.88999938964844,41.41999816894531,40.720001220703125,41.29999923706055,28.882816314697266,862400
FTS.TO,2017-01-13,41.349998474121094,41.439998626708984,41.08000183105469,41.18000030517578,28.798892974853516,616000
FTS.TO,2017-01-16,41.20000076293945,41.41999816894531,41.150001525878906,41.36000061035156,28.924774169921875,189800
FTS.TO,2017-01-17,41.20000076293945,41.59000015258789,41.029998779296875,41.47999954223633,29.008695602416992,773900
FTS.TO,2017-01-18,41.40999984741211,41.599998474121094,41.349998474121094,41.529998779296875,29.043651580810547,783400
FTS.TO,2017-01-19,41.58000183105469,41.59000015258789,41.220001220703125,41.529998779296875,29.043651580810547,1077700
FTS.TO,2017-01-20,41.560001373291016,41.650001525878906,41.22999954223633,41.27000045776367,28.86182975769043,860700
FTS.TO,2017-01-23,41.36000061035156,41.5,41.09000015258789,41.189998626708984,28.805883407592773,772800
FTS.TO,2017-01-24,41.20000076293945,41.470001220703125,41.0099983215332,41.400001525878906,28.95274543762207,786200
FTS.TO,2017-01-25,41.5,41.849998474121094,41.400001525878906,41.56999969482422,29.071638107299805,903700
FTS.TO,2017-01-26,41.61000061035156,41.70000076293945,41.220001220703125,41.290000915527344,28.875818252563477,697100
FTS.TO,2017-01-27,41.369998931884766,41.439998626708984,40.880001068115234,41.04999923706055,28.70796775817871,759300
FTS.TO,2017-01-30,41.04999923706055,41.04999923706055,40.72999954223633,41.0099983215332,28.680004119873047,724900
FTS.TO,2017-01-31,40.9900016784668,41.90999984741211,40.849998474121094,41.84000015258789,29.260454177856445,1171900
FTS.TO,2017-02-01,41.7599983215332,41.86000061035156,41.369998931884766,41.470001220703125,29.001697540283203,759500
FTS.TO,2017-02-02,41.5099983215332,41.79999923706055,41.349998474121094,41.790000915527344,29.225492477416992,882700
FTS.TO,2017-02-03,41.79999923706055,42.16999816894531,41.61000061035156,41.88999938964844,29.295419692993164,955800
FTS.TO,2017-02-06,41.939998626708984,41.939998626708984,41.65999984741211,41.7400016784668,29.190513610839844,690500
FTS.TO,2017-02-07,41.77000045776367,42.13999938964844,41.650001525878906,42.099998474121094,29.44228744506836,886300
FTS.TO,2017-02-08,42.15999984741211,42.349998474121094,41.9900016784668,42.31999969482422,29.59613800048828,1087500
FTS.TO,2017-02-09,42.29999923706055,42.720001220703125,42.119998931884766,42.47999954223633,29.708038330078125,1015500
FTS.TO,2017-02-10,42.599998474121094,42.689998626708984,42.279998779296875,42.5099983215332,29.729015350341797,1413300
FTS.TO,2017-02-13,42.54999923706055,42.779998779296875,42.349998474121094,42.68000030517578,29.847902297973633,827500
FTS.TO,2017-02-14,42.290000915527344,42.290000915527344,41.66999816894531,42.0099983215332,29.657289505004883,974700
FTS.TO,2017-02-15,42.02000045776367,42.06999969482422,41.7599983215332,41.93000030517578,29.60081672668457,647900
FTS.TO,2017-02-16,42.380001068115234,42.9900016784668,42.349998474121094,42.90999984741211,30.292667388916016,1288500
FTS.TO,2017-02-17,42.90999984741211,43.279998779296875,42.779998779296875,43.20000076293945,30.497379302978516,1042500
FTS.TO,2017-02-21,43.29999923706055,43.5,43.029998779296875,43.18000030517578,30.483257293701172,1680200
FTS.TO,2017-02-22,43.11000061035156,43.189998626708984,42.79999923706055,42.869998931884766,30.264413833618164,819000
FTS.TO,2017-02-23,42.95000076293945,42.95000076293945,42.61000061035156,42.720001220703125,30.158517837524414,844000
FTS.TO,2017-02-24,42.560001373291016,42.79999923706055,42.41999816894531,42.72999954223633,30.16558074951172,833400
FTS.TO,2017-02-27,42.7400016784668,42.7400016784668,42.0099983215332,42.33000183105469,29.883207321166992,2263100
FTS.TO,2017-02-28,42.33000183105469,42.54999923706055,42.130001068115234,42.130001068115234,29.742013931274414,1312000
FTS.TO,2017-03-01,42.31999969482422,42.4900016784668,41.95000076293945,42.40999984741211,29.939678192138672,1164400
FTS.TO,2017-03-02,42.31999969482422,42.83000183105469,42.25,42.70000076293945,30.144399642944336,1387800
FTS.TO,2017-03-03,42.65999984741211,42.709999084472656,42.16999816894531,42.369998931884766,29.911447525024414,769300
FTS.TO,2017-03-06,42.36000061035156,42.459999084472656,42.060001373291016,42.45000076293945,29.967912673950195,541700
FTS.TO,2017-03-07,42.47999954223633,42.79999923706055,42.439998626708984,42.61000061035156,30.080873489379883,710900
FTS.TO,2017-03-08,42.560001373291016,42.61000061035156,42.31999969482422,42.38999938964844,29.92555809020996,2458500
FTS.TO,2017-03-09,42.47999954223633,42.65999984741211,42.25,42.38999938964844,29.92555809020996,471700
FTS.TO,2017-03-10,42.529998779296875,42.529998779296875,42.150001525878906,42.5099983215332,30.010272979736328,694100
FTS.TO,2017-03-13,42.52000045776367,42.88999938964844,42.43000030517578,42.75,30.179702758789062,1472200
FTS.TO,2017-03-14,42.65999984741211,42.77000045776367,42.45000076293945,42.540000915527344,30.03145408630371,818500
FTS.TO,2017-03-15,42.650001525878906,42.83000183105469,42.540000915527344,42.75,30.179702758789062,667200
FTS.TO,2017-03-16,42.75,42.970001220703125,42.560001373291016,42.63999938964844,30.102052688598633,1070300
FTS.TO,2017-03-17,42.650001525878906,42.95000076293945,42.599998474121094,42.84000015258789,30.24323844909668,3787400
FTS.TO,2017-03-20,42.84000015258789,42.900001525878906,42.38999938964844,42.529998779296875,30.02439308166504,511500
FTS.TO,2017-03-21,42.54999923706055,42.79999923706055,42.459999084472656,42.650001525878906,30.109100341796875,847500
FTS.TO,2017-03-22,42.63999938964844,43.720001220703125,42.58000183105469,43.650001525878906,30.8150691986084,1475600
FTS.TO,2017-03-23,43.599998474121094,43.81999969482422,43.2599983215332,43.529998779296875,30.7303524017334,773200
FTS.TO,2017-03-24,43.540000915527344,43.970001220703125,43.5,43.83000183105469,30.942136764526367,555000
FTS.TO,2017-03-27,43.849998474121094,44.189998626708984,43.75,44.06999969482422,31.111572265625,811500
FTS.TO,2017-03-28,44.130001068115234,44.290000915527344,43.91999816894531,44.099998474121094,31.13274574279785,622400
FTS.TO,2017-03-29,44.13999938964844,44.439998626708984,44.0099983215332,44.310001373291016,31.28099822998047,850800
FTS.TO,2017-03-30,44.33000183105469,44.369998931884766,43.880001068115234,44.099998474121094,31.13274574279785,523500
FTS.TO,2017-03-31,44.27000045776367,44.27000045776367,43.93000030517578,44.06999969482422,31.111572265625,902800
FTS.TO,2017-04-03,43.959999084472656,44.09000015258789,43.7400016784668,44.06999969482422,31.111572265625,515400
FTS.TO,2017-04-04,43.95000076293945,44.25,43.900001525878906,44.150001525878906,31.168045043945312,586600
FTS.TO,2017-04-05,44.130001068115234,44.20000076293945,43.779998779296875,44.0099983215332,31.06920623779297,780600
FTS.TO,2017-04-06,44.099998474121094,44.189998626708984,43.97999954223633,44.0,31.062156677246094,447200
FTS.TO,2017-04-07,44.119998931884766,44.290000915527344,43.90999984741211,44.08000183105469,31.118629455566406,558600
FTS.TO,2017-04-10,44.029998779296875,44.310001373291016,43.75,44.18000030517578,31.189218521118164,413200
FTS.TO,2017-04-11,44.20000076293945,44.43000030517578,43.90999984741211,44.400001525878906,31.344533920288086,466600
FTS.TO,2017-04-12,44.41999816894531,44.77000045776367,44.25,44.650001525878906,31.521020889282227,719600
FTS.TO,2017-04-13,44.63999938964844,44.63999938964844,44.13999938964844,44.349998474121094,31.309232711791992,589400
FTS.TO,2017-04-17,44.4900016784668,45.130001068115234,44.47999954223633,44.97999954223633,31.753995895385742,641800
FTS.TO,2017-04-18,45.0,45.099998474121094,44.290000915527344,44.31999969482422,31.288049697875977,1325100
FTS.TO,2017-04-19,44.459999084472656,44.459999084472656,43.869998931884766,43.959999084472656,31.033906936645508,849900
FTS.TO,2017-04-20,44.04999923706055,44.25,43.70000076293945,44.2400016784668,31.231576919555664,851700
FTS.TO,2017-04-21,44.2400016784668,44.41999816894531,44.119998931884766,44.22999954223633,31.22452735900879,619500
FTS.TO,2017-04-24,44.349998474121094,44.45000076293945,44.150001525878906,44.34000015258789,31.302183151245117,784800
FTS.TO,2017-04-25,44.22999954223633,44.45000076293945,44.119998931884766,44.18000030517578,31.189218521118164,447900
FTS.TO,2017-04-26,44.20000076293945,44.33000183105469,44.02000045776367,44.2599983215332,31.245695114135742,508700
FTS.TO,2017-04-27,44.040000915527344,44.61000061035156,44.0,44.380001068115234,31.33042335510254,841300
FTS.TO,2017-04-28,44.34000015258789,44.5,44.08000183105469,44.41999816894531,31.358644485473633,689500
FTS.TO,2017-05-01,44.52000045776367,44.529998779296875,44.25,44.52000045776367,31.42924690246582,611700
FTS.TO,2017-05-02,44.5,45.040000915527344,44.29999923706055,44.689998626708984,31.549264907836914,984000
FTS.TO,2017-05-03,44.709999084472656,44.720001220703125,44.16999816894531,44.5,31.415130615234375,993700
FTS.TO,2017-05-04,44.56999969482422,44.63999938964844,44.20000076293945,44.56999969482422,31.46454429626465,796700
FTS.TO,2017-05-05,44.59000015258789,44.97999954223633,44.400001525878906,44.65999984741211,31.528079986572266,621500
FTS.TO,2017-05-08,44.849998474121094,44.93000030517578,44.560001373291016,44.630001068115234,31.506898880004883,593000
FTS.TO,2017-05-09,44.4900016784668,44.5,43.900001525878906,44.189998626708984,31.196287155151367,914200
FTS.TO,2017-05-10,44.29999923706055,44.459999084472656,44.11000061035156,44.349998474121094,31.309232711791992,988600
FTS.TO,2017-05-11,44.29999923706055,44.560001373291016,44.18000030517578,44.5099983215332,31.422191619873047,1001700
FTS.TO,2017-05-12,44.4900016784668,44.7400016784668,44.400001525878906,44.5099983215332,31.422191619873047,2209000
FTS.TO,2017-05-15,44.68000030517578,44.81999969482422,44.54999923706055,44.7599983215332,31.59868049621582,2410300
FTS.TO,2017-05-16,44.86000061035156,44.86000061035156,44.369998931884766,44.38999938964844,31.33747100830078,2227800
FTS.TO,2017-05-17,44.0,44.13999938964844,43.630001068115234,43.790000915527344,31.194990158081055,1031400
FTS.TO,2017-05-18,43.84000015258789,43.970001220703125,43.119998931884766,43.459999084472656,30.95990753173828,1071800
FTS.TO,2017-05-19,43.630001068115234,43.65999984741211,43.279998779296875,43.65999984741211,31.102386474609375,1136900
FTS.TO,2017-05-23,43.779998779296875,43.97999954223633,43.65999984741211,43.7599983215332,31.173625946044922,1766800
FTS.TO,2017-05-24,43.790000915527344,44.2400016784668,43.779998779296875,44.189998626708984,31.479949951171875,529000
FTS.TO,2017-05-25,44.189998626708984,44.33000183105469,43.959999084472656,44.25,31.52269744873047,531100
FTS.TO,2017-05-26,44.25,44.349998474121094,44.040000915527344,44.25,31.52269744873047,525400
FTS.TO,2017-05-29,44.27000045776367,44.380001068115234,44.02000045776367,44.20000076293945,31.487070083618164,226400
FTS.TO,2017-05-30,44.119998931884766,44.279998779296875,44.0,44.2400016784668,31.515562057495117,512900
FTS.TO,2017-05-31,44.369998931884766,44.529998779296875,44.2599983215332,44.470001220703125,31.679414749145508,1089300
FTS.TO,2017-06-01,44.540000915527344,44.91999816894531,44.41999816894531,44.84000015258789,31.94300079345703,710100
FTS.TO,2017-06-02,44.93000030517578,45.119998931884766,44.790000915527344,45.02000045776367,32.071224212646484,564900
FTS.TO,2017-06-05,45.040000915527344,45.52000045776367,44.93000030517578,45.43000030517578,32.3632926940918,702300
FTS.TO,2017-06-06,45.529998779296875,45.869998931884766,45.439998626708984,45.47999954223633,32.39891815185547,1059400
FTS.TO,2017-06-07,45.5,45.58000183105469,45.16999816894531,45.310001373291016,32.27781677246094,640700
FTS.TO,2017-06-08,45.380001068115234,45.380001068115234,45.09000015258789,45.33000183105469,32.29206085205078,682100
FTS.TO,2017-06-09,45.290000915527344,45.4900016784668,45.02000045776367,45.16999816894531,32.17808151245117,698000
FTS.TO,2017-06-12,45.20000076293945,45.5,44.599998474121094,44.880001068115234,31.971479415893555,874900
FTS.TO,2017-06-13,44.939998626708984,45.27000045776367,44.47999954223633,45.2400016784668,32.22793960571289,1205900
FTS.TO,2017-06-14,45.349998474121094,45.5,45.189998626708984,45.40999984741211,32.34904479980469,1260000
FTS.TO,2017-06-15,45.369998931884766,45.65999984741211,45.09000015258789,45.560001373291016,32.45591735839844,1024100
FTS.TO,2017-06-16,45.459999084472656,45.84000015258789,45.209999084472656,45.790000915527344,32.6197509765625,3017100
FTS.TO,2017-06-19,45.84000015258789,46.130001068115234,45.650001525878906,45.79999923706055,32.62687301635742,680300
FTS.TO,2017-06-20,45.790000915527344,45.83000183105469,45.33000183105469,45.59000015258789,32.47727966308594,595500
FTS.TO,2017-06-21,45.630001068115234,45.900001525878906,45.439998626708984,45.72999954223633,32.57699966430664,739900
FTS.TO,2017-06-22,45.7599983215332,46.45000076293945,45.709999084472656,46.34000015258789,33.01156234741211,1022200
FTS.TO,2017-06-23,46.310001373291016,46.93000030517578,46.150001525878906,46.66999816894531,33.246639251708984,694200
FTS.TO,2017-06-26,46.689998626708984,47.060001373291016,46.66999816894531,46.91999816894531,33.424739837646484,780000
FTS.TO,2017-06-27,46.869998931884766,46.93000030517578,46.290000915527344,46.529998779296875,33.146915435791016,812900
FTS.TO,2017-06-28,46.630001068115234,46.650001525878906,46.2599983215332,46.40999984741211,33.061431884765625,589600
FTS.TO,2017-06-29,46.290000915527344,46.33000183105469,45.29999923706055,45.81999969482422,32.64112091064453,1126800
FTS.TO,2017-06-30,45.810001373291016,45.93000030517578,45.369998931884766,45.58000183105469,32.470149993896484,836100
FTS.TO,2017-07-04,45.54999923706055,45.65999984741211,45.20000076293945,45.52000045776367,32.427406311035156,352000
FTS.TO,2017-07-05,45.369998931884766,45.47999954223633,44.900001525878906,45.41999816894531,32.356170654296875,573200
FTS.TO,2017-07-06,45.2400016784668,45.2400016784668,44.810001373291016,44.970001220703125,32.03559875488281,571900
FTS.TO,2017-07-07,44.70000076293945,44.75,44.290000915527344,44.619998931884766,31.786273956298828,726800
FTS.TO,2017-07-10,44.709999084472656,44.84000015258789,44.5099983215332,44.709999084472656,31.850379943847656,660200
FTS.TO,2017-07-11,44.70000076293945,44.810001373291016,44.27000045776367,44.58000183105469,31.757774353027344,678600
FTS.TO,2017-07-12,44.58000183105469,44.95000076293945,44.36000061035156,44.400001525878906,31.629547119140625,730300
FTS.TO,2017-07-13,44.5099983215332,44.58000183105469,44.0099983215332,44.09000015258789,31.40871810913086,839700
FTS.TO,2017-07-14,44.18000030517578,44.380001068115234,44.0099983215332,44.150001525878906,31.451446533203125,770800
FTS.TO,2017-07-17,44.18000030517578,44.220001220703125,43.97999954223633,44.209999084472656,31.494190216064453,506500
FTS.TO,2017-07-18,44.15999984741211,44.349998474121094,44.0,44.150001525878906,31.451446533203125,1307100
FTS.TO,2017-07-19,44.290000915527344,44.439998626708984,44.220001220703125,44.279998779296875,31.5440673828125,796100
FTS.TO,2017-07-20,44.380001068115234,44.790000915527344,44.310001373291016,44.689998626708984,31.836145401000977,734600
FTS.TO,2017-07-21,44.5099983215332,44.81999969482422,44.31999969482422,44.79999923706055,31.914505004882812,566400
FTS.TO,2017-07-24,44.77000045776367,44.77000045776367,44.400001525878906,44.66999816894531,31.821887969970703,536400
FTS.TO,2017-07-25,44.54999923706055,44.810001373291016,44.220001220703125,44.400001525878906,31.629547119140625,469400
FTS.TO,2017-07-26,44.41999816894531,44.59000015258789,44.150001525878906,44.5099983215332,31.707914352416992,370800
FTS.TO,2017-07-27,44.5099983215332,44.70000076293945,44.13999938964844,44.66999816894531,31.821887969970703,657500
FTS.TO,2017-07-28,44.97999954223633,45.130001068115234,44.619998931884766,45.06999969482422,32.10683059692383,480000
FTS.TO,2017-07-31,45.11000061035156,45.58000183105469,45.0099983215332,45.459999084472656,32.3846549987793,721400
FTS.TO,2017-08-01,45.43000030517578,45.9900016784668,45.29999923706055,45.75,32.59126281738281,739200
FTS.TO,2017-08-02,45.689998626708984,46.43000030517578,45.619998931884766,46.25,32.947452545166016,1368800
FTS.TO,2017-08-03,45.9900016784668,46.220001220703125,45.720001220703125,45.83000183105469,32.64824295043945,788600
FTS.TO,2017-08-04,45.95000076293945,46.13999938964844,45.68000030517578,45.900001525878906,32.698116302490234,666800
FTS.TO,2017-08-08,46.08000183105469,46.189998626708984,45.93000030517578,46.099998474121094,32.8405876159668,629300
FTS.TO,2017-08-09,45.9900016784668,46.13999938964844,45.619998931884766,45.72999954223633,32.57699966430664,687400
FTS.TO,2017-08-10,45.70000076293945,45.97999954223633,45.40999984741211,45.95000076293945,32.733734130859375,654500
FTS.TO,2017-08-11,45.97999954223633,46.040000915527344,45.529998779296875,45.91999816894531,32.71236801147461,571100
FTS.TO,2017-08-14,46.02000045776367,46.43000030517578,45.900001525878906,45.970001220703125,32.74797439575195,626500
FTS.TO,2017-08-15,45.9900016784668,46.20000076293945,45.97999954223633,46.040000915527344,32.7978515625,483700
FTS.TO,2017-08-16,46.150001525878906,46.31999969482422,46.02000045776367,46.02000045776367,32.78358840942383,561000
FTS.TO,2017-08-17,45.70000076293945,45.97999954223633,45.47999954223633,45.529998779296875,32.71893310546875,584600
FTS.TO,2017-08-18,45.619998931884766,45.619998931884766,45.16999816894531,45.400001525878906,32.62550735473633,790600
FTS.TO,2017-08-21,45.34000015258789,45.529998779296875,45.25,45.279998779296875,32.53926467895508,574500
FTS.TO,2017-08-22,45.290000915527344,45.459999084472656,45.060001373291016,45.310001373291016,32.560813903808594,339300
FTS.TO,2017-08-23,45.310001373291016,45.880001068115234,45.099998474121094,45.81999969482422,32.92732238769531,577900
FTS.TO,2017-08-24,45.849998474121094,46.029998779296875,45.63999938964844,45.790000915527344,32.90575408935547,487500
FTS.TO,2017-08-25,45.779998779296875,46.0099983215332,45.59000015258789,45.90999984741211,32.99199676513672,463900
FTS.TO,2017-08-28,46.0099983215332,46.0099983215332,45.650001525878906,45.880001068115234,32.97043991088867,427400
FTS.TO,2017-08-29,45.77000045776367,46.04999923706055,45.5099983215332,45.75,32.87701416015625,556500
FTS.TO,2017-08-30,45.79999923706055,45.939998626708984,45.56999969482422,45.720001220703125,32.8554573059082,841600
FTS.TO,2017-08-31,45.7400016784668,45.93000030517578,45.4900016784668,45.689998626708984,32.83389663696289,1674900
FTS.TO,2017-09-01,45.61000061035156,45.79999923706055,45.5,45.65999984741211,32.812347412109375,583000
FTS.TO,2017-09-05,45.599998474121094,45.7599983215332,45.27000045776367,45.68000030517578,32.82670593261719,732200
FTS.TO,2017-09-06,45.70000076293945,45.779998779296875,45.279998779296875,45.33000183105469,32.575191497802734,481000
FTS.TO,2017-09-07,45.33000183105469,45.5,45.11000061035156,45.4900016784668,32.6901741027832,520900
FTS.TO,2017-09-08,45.400001525878906,45.70000076293945,45.25,45.66999816894531,32.81953430175781,539600
FTS.TO,2017-09-11,45.68000030517578,45.72999954223633,45.33000183105469,45.459999084472656,32.66862106323242,544000
FTS.TO,2017-09-12,45.459999084472656,45.540000915527344,44.9900016784668,45.0099983215332,32.345237731933594,625000
FTS.TO,2017-09-13,45.099998474121094,45.099998474121094,44.41999816894531,44.43000030517578,31.928434371948242,572300
FTS.TO,2017-09-14,44.45000076293945,44.720001220703125,44.2400016784668,44.58000183105469,32.0362434387207,670500
FTS.TO,2017-09-15,44.70000076293945,44.91999816894531,44.31999969482422,44.369998931884766,31.885316848754883,4328000
FTS.TO,2017-09-18,44.599998474121094,44.900001525878906,44.40999984741211,44.7599983215332,32.165584564208984,1064800
FTS.TO,2017-09-19,44.7599983215332,44.849998474121094,44.5,44.529998779296875,32.000301361083984,669400
FTS.TO,2017-09-20,44.630001068115234,45.029998779296875,44.540000915527344,44.959999084472656,32.30930709838867,889100
FTS.TO,2017-09-21,45.02000045776367,45.41999816894531,44.900001525878906,45.16999816894531,32.46022415161133,714500
FTS.TO,2017-09-22,45.20000076293945,45.29999923706055,44.81999969482422,44.91999816894531,32.280555725097656,443100
FTS.TO,2017-09-25,44.9900016784668,45.130001068115234,44.849998474121094,45.04999923706055,32.37398910522461,711100
FTS.TO,2017-09-26,45.029998779296875,45.04999923706055,44.36000061035156,44.400001525878906,31.906883239746094,986800
FTS.TO,2017-09-27,44.529998779296875,44.540000915527344,44.0099983215332,44.22999954223633,31.784717559814453,988900
FTS.TO,2017-09-28,44.290000915527344,44.709999084472656,44.15999984741211,44.630001068115234,32.07216262817383,946700
FTS.TO,2017-09-29,44.79999923706055,45.04999923706055,44.400001525878906,44.779998779296875,32.17995071411133,1605100
FTS.TO,2017-10-02,44.84000015258789,45.13999938964844,44.720001220703125,45.02000045776367,32.3524169921875,539300
FTS.TO,2017-10-03,45.04999923706055,45.08000183105469,44.810001373291016,44.959999084472656,32.30930709838867,471400
FTS.TO,2017-10-04,44.5099983215332,45.16999816894531,44.45000076293945,45.11000061035156,32.41709899902344,835600
FTS.TO,2017-10-05,45.11000061035156,45.25,45.029998779296875,45.220001220703125,32.49615478515625,508800
FTS.TO,2017-10-06,45.2400016784668,45.40999984741211,45.04999923706055,45.34000015258789,32.5823860168457,354500
FTS.TO,2017-10-10,45.43000030517578,45.61000061035156,45.220001220703125,45.470001220703125,32.67579650878906,591300
FTS.TO,2017-10-11,45.560001373291016,45.75,45.400001525878906,45.459999084472656,32.66862106323242,664000
FTS.TO,2017-10-12,45.58000183105469,45.91999816894531,45.5,45.650001525878906,32.80516815185547,1672600
FTS.TO,2017-10-13,45.720001220703125,45.880001068115234,45.470001220703125,45.709999084472656,32.84827423095703,734800
FTS.TO,2017-10-16,45.95000076293945,46.25,45.720001220703125,46.13999938964844,33.157283782958984,686500
FTS.TO,2017-10-17,46.20000076293945,46.58000183105469,46.18000030517578,46.529998779296875,33.43753433227539,565100
FTS.TO,2017-10-18,46.560001373291016,46.63999938964844,46.36000061035156,46.40999984741211,33.35131072998047,455100
FTS.TO,2017-10-19,46.470001220703125,46.83000183105469,46.470001220703125,46.779998779296875,33.6171989440918,434700
FTS.TO,2017-10-20,46.75,46.970001220703125,46.720001220703125,46.810001373291016,33.63875961303711,643700
FTS.TO,2017-10-23,46.810001373291016,46.84000015258789,46.58000183105469,46.779998779296875,33.6171989440918,521600
FTS.TO,2017-10-24,46.720001220703125,46.77000045776367,46.459999084472656,46.630001068115234,33.5094108581543,431200
FTS.TO,2017-10-25,46.689998626708984,46.91999816894531,46.41999816894531,46.849998474121094,33.66749954223633,898800
FTS.TO,2017-10-26,46.869998931884766,47.189998626708984,46.869998931884766,47.0099983215332,33.7824821472168,433600
FTS.TO,2017-10-27,47.119998931884766,47.36000061035156,47.04999923706055,47.130001068115234,33.868717193603516,637600
FTS.TO,2017-10-30,47.220001220703125,47.5,47.13999938964844,47.470001220703125,34.1130485534668,395200
FTS.TO,2017-10-31,47.5,47.779998779296875,47.33000183105469,47.5099983215332,34.14179992675781,657600
FTS.TO,2017-11-01,47.65999984741211,47.66999816894531,47.04999923706055,47.25,33.954952239990234,702000
FTS.TO,2017-11-02,47.25,47.2599983215332,46.779998779296875,46.83000183105469,33.65312957763672,1012200
FTS.TO,2017-11-03,47.209999084472656,47.720001220703125,47.189998626708984,47.5,34.13460922241211,978000
FTS.TO,2017-11-06,47.72999954223633,48.36000061035156,47.61000061035156,48.09000015258789,34.55860137939453,723100
FTS.TO,2017-11-07,48.119998931884766,48.209999084472656,47.810001373291016,48.20000076293945,34.63764572143555,456400
FTS.TO,2017-11-08,48.36000061035156,48.459999084472656,47.9900016784668,48.029998779296875,34.515480041503906,526100
FTS.TO,2017-11-09,47.91999816894531,48.15999984741211,47.72999954223633,48.130001068115234,34.587345123291016,414000
FTS.TO,2017-11-10,48.11000061035156,48.11000061035156,47.560001373291016,47.84000015258789,34.378944396972656,476600
FTS.TO,2017-11-13,47.83000183105469,48.130001068115234,47.779998779296875,48.02000045776367,34.5082893371582,443300
FTS.TO,2017-11-14,48.0,48.27000045776367,47.86000061035156,48.2599983215332,34.680755615234375,551200
FTS.TO,2017-11-15,48.29999923706055,48.470001220703125,48.119998931884766,48.16999816894531,34.6160888671875,702500
FTS.TO,2017-11-16,48.16999816894531,48.72999954223633,48.16999816894531,48.59000015258789,34.91791915893555,739000
FTS.TO,2017-11-17,47.880001068115234,47.93000030517578,47.22999954223633,47.4900016784668,34.42856216430664,827100
FTS.TO,2017-11-20,47.5,47.77000045776367,47.2400016784668,47.5099983215332,34.44305419921875,593500
FTS.TO,2017-11-21,47.58000183105469,47.689998626708984,47.369998931884766,47.58000183105469,34.493804931640625,641900
FTS.TO,2017-11-22,47.68000030517578,48.18000030517578,47.66999816894531,47.939998626708984,34.75480270385742,533800
FTS.TO,2017-11-23,47.939998626708984,48.06999969482422,47.75,47.88999938964844,34.71854019165039,174000
FTS.TO,2017-11-24,47.95000076293945,48.31999969482422,47.81999969482422,48.029998779296875,34.82004928588867,454600
FTS.TO,2017-11-27,48.27000045776367,48.27000045776367,47.88999938964844,48.119998931884766,34.885292053222656,440000
FTS.TO,2017-11-28,48.209999084472656,48.63999938964844,48.15999984741211,48.18000030517578,34.92877960205078,642300
FTS.TO,2017-11-29,48.380001068115234,48.380001068115234,47.40999984741211,47.43000030517578,34.385066986083984,944900
FTS.TO,2017-11-30,47.5,47.65999984741211,46.529998779296875,47.5,34.43581008911133,1540300
FTS.TO,2017-12-01,47.599998474121094,47.959999084472656,47.45000076293945,47.4900016784668,34.42856216430664,1417800
FTS.TO,2017-12-04,47.47999954223633,47.630001068115234,47.06999969482422,47.16999816894531,34.196571350097656,792000
FTS.TO,2017-12-05,47.06999969482422,47.119998931884766,46.36000061035156,46.90999984741211,34.008079528808594,986300
FTS.TO,2017-12-06,46.880001068115234,47.619998931884766,46.869998931884766,47.34000015258789,34.319820404052734,810600
FTS.TO,2017-12-07,47.349998474121094,47.400001525878906,47.0099983215332,47.27000045776367,34.269065856933594,650100
FTS.TO,2017-12-08,47.400001525878906,47.4900016784668,47.06999969482422,47.439998626708984,34.39230728149414,461300
FTS.TO,2017-12-11,47.47999954223633,47.5,47.13999938964844,47.34000015258789,34.319820404052734,464200
FTS.TO,2017-12-12,47.36000061035156,47.36000061035156,46.900001525878906,47.0,34.07332992553711,996600
FTS.TO,2017-12-13,47.09000015258789,47.59000015258789,47.09000015258789,47.2400016784668,34.2473258972168,883500
FTS.TO,2017-12-14,47.15999984741211,47.54999923706055,47.029998779296875,47.09000015258789,34.138572692871094,664700
FTS.TO,2017-12-15,47.150001525878906,47.22999954223633,46.5,46.81999969482422,33.94282913208008,2483800
FTS.TO,2017-12-18,47.04999923706055,47.33000183105469,46.7400016784668,46.84000015258789,33.95732116699219,556000
FTS.TO,2017-12-19,46.90999984741211,47.029998779296875,46.04999923706055,46.060001373291016,33.39186477661133,1080900
FTS.TO,2017-12-20,46.150001525878906,46.349998474121094,46.0,46.22999954223633,33.51511001586914,496500
FTS.TO,2017-12-21,46.27000045776367,46.33000183105469,45.849998474121094,46.130001068115234,33.442604064941406,668000
FTS.TO,2017-12-22,46.15999984741211,46.20000076293945,45.79999923706055,45.81999969482422,33.21786117553711,491100
FTS.TO,2017-12-27,45.81999969482422,46.08000183105469,45.689998626708984,46.0,33.348358154296875,362100
FTS.TO,2017-12-28,45.81999969482422,46.20000076293945,45.709999084472656,46.18000030517578,33.478858947753906,505900
FTS.TO,2017-12-29,46.290000915527344,46.290000915527344,45.81999969482422,46.11000061035156,33.428104400634766,413200
FTS.TO,2018-01-02,46.0,46.0,45.439998626708984,45.529998779296875,33.007625579833984,709200
FTS.TO,2018-01-03,45.68000030517578,45.810001373291016,45.130001068115234,45.150001525878906,32.73214340209961,1014700
FTS.TO,2018-01-04,45.06999969482422,45.369998931884766,44.88999938964844,44.9900016784668,32.61615753173828,778000
FTS.TO,2018-01-05,45.0099983215332,45.15999984741211,44.810001373291016,45.0099983215332,32.630645751953125,675500
FTS.TO,2018-01-08,45.45000076293945,45.45000076293945,44.689998626708984,44.97999954223633,32.60890197753906,646400
FTS.TO,2018-01-09,45.0,45.04999923706055,44.599998474121094,44.79999923706055,32.4784049987793,676400
FTS.TO,2018-01-10,44.810001373291016,44.810001373291016,43.68000030517578,44.29999923706055,32.11592483520508,1658200
FTS.TO,2018-01-11,44.43000030517578,44.540000915527344,43.72999954223633,43.849998474121094,31.789682388305664,905300
FTS.TO,2018-01-12,43.90999984741211,43.90999984741211,43.369998931884766,43.54999923706055,31.57219886779785,1050700
FTS.TO,2018-01-15,44.0,44.0,43.54999923706055,43.79999923706055,31.753442764282227,273000
FTS.TO,2018-01-16,44.11000061035156,44.150001525878906,43.45000076293945,43.5,31.53595733642578,1110900
FTS.TO,2018-01-17,43.54999923706055,43.95000076293945,43.400001525878906,43.7599983215332,31.72443199157715,2586900
FTS.TO,2018-01-18,43.869998931884766,44.040000915527344,43.47999954223633,43.95000076293945,31.8621826171875,1406000
FTS.TO,2018-01-19,44.0,44.16999816894531,43.75,43.84000015258789,31.782438278198242,779800
FTS.TO,2018-01-22,43.88999938964844,44.150001525878906,43.77000045776367,43.83000183105469,31.775182723999023,1366600
FTS.TO,2018-01-23,43.939998626708984,43.95000076293945,43.52000045776367,43.7400016784668,31.70994758605957,1790400
FTS.TO,2018-01-24,43.779998779296875,43.79999923706055,43.189998626708984,43.209999084472656,31.325719833374023,1273700
FTS.TO,2018-01-25,43.2599983215332,43.619998931884766,43.06999969482422,43.59000015258789,31.60120391845703,879700
FTS.TO,2018-01-26,43.58000183105469,43.72999954223633,43.290000915527344,43.560001373291016,31.579456329345703,837600
FTS.TO,2018-01-29,43.38999938964844,43.43000030517578,42.560001373291016,42.970001220703125,31.151716232299805,1177100
FTS.TO,2018-01-30,43.0,43.099998474121094,42.66999816894531,42.68000030517578,30.941490173339844,822400
FTS.TO,2018-01-31,42.84000015258789,43.5,42.720001220703125,43.459999084472656,31.5069522857666,1415300
FTS.TO,2018-02-01,43.47999954223633,43.47999954223633,42.630001068115234,42.70000076293945,30.955984115600586,1663300
FTS.TO,2018-02-02,42.560001373291016,42.70000076293945,42.400001525878906,42.54999923706055,30.84723663330078,985600
FTS.TO,2018-02-05,42.5,42.66999816894531,41.95000076293945,42.13999938964844,30.549999237060547,1465600
FTS.TO,2018-02-06,41.79999923706055,41.900001525878906,40.95000076293945,41.220001220703125,29.883031845092773,2174300
FTS.TO,2018-02-07,41.290000915527344,41.72999954223633,40.880001068115234,41.20000076293945,29.868532180786133,1584500
FTS.TO,2018-02-08,41.130001068115234,41.54999923706055,40.56999969482422,40.599998474121094,29.433557510375977,1197700
FTS.TO,2018-02-09,41.06999969482422,41.93000030517578,40.68000030517578,41.709999084472656,30.238264083862305,1562500
FTS.TO,2018-02-12,42.029998779296875,42.029998779296875,41.130001068115234,41.209999084472656,29.87578010559082,1518700
FTS.TO,2018-02-13,41.29999923706055,41.349998474121094,40.63999938964844,40.709999084472656,29.513303756713867,1040800
FTS.TO,2018-02-14,40.540000915527344,40.540000915527344,39.66999816894531,39.689998626708984,29.0773983001709,1890600
FTS.TO,2018-02-15,39.95000076293945,40.560001373291016,39.380001068115234,40.560001373291016,29.714767456054688,1453400
FTS.TO,2018-02-16,41.310001373291016,42.15999984741211,40.75,42.08000183105469,30.828346252441406,2534100
FTS.TO,2018-02-20,42.18000030517578,42.400001525878906,41.310001373291016,41.709999084472656,30.557270050048828,1554600
FTS.TO,2018-02-21,41.810001373291016,41.900001525878906,41.58000183105469,41.709999084472656,30.557270050048828,972400
FTS.TO,2018-02-22,41.7400016784668,41.7599983215332,41.34000015258789,41.68000030517578,30.535289764404297,1354800
FTS.TO,2018-02-23,41.75,42.36000061035156,41.54999923706055,42.2400016784668,30.9455623626709,719600
FTS.TO,2018-02-26,42.4900016784668,42.4900016784668,42.0,42.16999816894531,30.89427947998047,717800
FTS.TO,2018-02-27,42.27000045776367,42.439998626708984,41.65999984741211,41.779998779296875,30.608562469482422,982900
FTS.TO,2018-02-28,41.95000076293945,42.22999954223633,41.810001373291016,41.93000030517578,30.718446731567383,1768000
FTS.TO,2018-03-01,41.810001373291016,42.11000061035156,41.52000045776367,42.0,30.769729614257812,1112000
FTS.TO,2018-03-02,41.970001220703125,42.40999984741211,41.900001525878906,42.33000183105469,31.01149559020996,1032000
FTS.TO,2018-03-05,42.33000183105469,43.029998779296875,42.25,42.939998626708984,31.458385467529297,1137800
FTS.TO,2018-03-06,43.02000045776367,43.02000045776367,42.52000045776367,42.65999984741211,31.25325584411621,1283000
FTS.TO,2018-03-07,42.54999923706055,42.689998626708984,42.11000061035156,42.41999816894531,31.07741928100586,901500
FTS.TO,2018-03-08,42.47999954223633,42.880001068115234,42.369998931884766,42.65999984741211,31.25325584411621,572900
FTS.TO,2018-03-09,42.790000915527344,42.869998931884766,42.310001373291016,42.689998626708984,31.275239944458008,629800
FTS.TO,2018-03-12,42.86000061035156,43.16999816894531,42.709999084472656,43.08000183105469,31.560955047607422,826300
FTS.TO,2018-03-13,43.189998626708984,43.470001220703125,42.95000076293945,43.09000015258789,31.568267822265625,855100
FTS.TO,2018-03-14,43.150001525878906,43.31999969482422,42.75,42.9900016784668,31.495025634765625,809500
FTS.TO,2018-03-15,43.189998626708984,43.349998474121094,42.959999084472656,43.02000045776367,31.51699447631836,1618200
FTS.TO,2018-03-16,43.09000015258789,43.34000015258789,42.959999084472656,43.040000915527344,31.53165054321289,3741700
FTS.TO,2018-03-19,43.099998474121094,43.099998474121094,42.61000061035156,42.84000015258789,31.385122299194336,1397100
FTS.TO,2018-03-20,42.79999923706055,43.369998931884766,42.79999923706055,43.2599983215332,31.69282341003418,769500
FTS.TO,2018-03-21,43.099998474121094,43.470001220703125,42.849998474121094,42.959999084472656,31.473051071166992,884300
FTS.TO,2018-03-22,42.97999954223633,43.650001525878906,42.56999969482422,43.290000915527344,31.714799880981445,1759300
FTS.TO,2018-03-23,43.439998626708984,43.68000030517578,42.9900016784668,43.25,31.685497283935547,1023900
FTS.TO,2018-03-26,43.349998474121094,43.540000915527344,42.720001220703125,43.0,31.502355575561523,1027800
FTS.TO,2018-03-27,43.0,43.5,42.7599983215332,43.189998626708984,31.641538619995117,2164500
FTS.TO,2018-03-28,43.279998779296875,43.83000183105469,43.029998779296875,43.540000915527344,31.897953033447266,1018100
FTS.TO,2018-03-29,43.650001525878906,43.75,43.2599983215332,43.4900016784668,31.861328125,1616600
FTS.TO,2018-04-02,43.65999984741211,43.83000183105469,43.41999816894531,43.63999938964844,31.971221923828125,713700
FTS.TO,2018-04-03,43.630001068115234,43.630001068115234,43.2599983215332,43.439998626708984,31.82469940185547,783300
FTS.TO,2018-04-04,43.29999923706055,43.349998474121094,42.560001373291016,42.83000183105469,31.377798080444336,930000
FTS.TO,2018-04-05,42.880001068115234,43.0,42.38999938964844,42.90999984741211,31.4364070892334,1024300
FTS.TO,2018-04-06,42.90999984741211,43.16999816894531,42.77000045776367,42.939998626708984,31.458385467529297,1116300
FTS.TO,2018-04-09,43.060001373291016,43.47999954223633,43.040000915527344,43.08000183105469,31.560955047607422,643000
FTS.TO,2018-04-10,43.29999923706055,43.29999923706055,42.189998626708984,42.279998779296875,30.974855422973633,1311100
FTS.TO,2018-04-11,42.31999969482422,42.5099983215332,42.279998779296875,42.369998931884766,31.040802001953125,467100
FTS.TO,2018-04-12,42.40999984741211,42.40999984741211,41.7599983215332,41.97999954223633,30.755083084106445,722300
FTS.TO,2018-04-13,41.91999816894531,42.099998474121094,41.86000061035156,41.970001220703125,30.747756958007812,572700
FTS.TO,2018-04-16,41.900001525878906,42.41999816894531,41.79999923706055,42.27000045776367,30.9675350189209,543000
FTS.TO,2018-04-17,42.290000915527344,42.70000076293945,42.2599983215332,42.59000015258789,31.20197296142578,629400
FTS.TO,2018-04-18,42.630001068115234,42.91999816894531,42.59000015258789,42.790000915527344,31.348493576049805,714400
FTS.TO,2018-04-19,42.779998779296875,42.88999938964844,42.349998474121094,42.529998779296875,31.15802001953125,672800
FTS.TO,2018-04-20,42.540000915527344,42.7400016784668,42.400001525878906,42.5,31.13603973388672,621500
FTS.TO,2018-04-23,42.52000045776367,42.88999938964844,42.459999084472656,42.630001068115234,31.231281280517578,690400
FTS.TO,2018-04-24,42.630001068115234,42.790000915527344,42.290000915527344,42.4900016784668,31.128707885742188,620900
FTS.TO,2018-04-25,42.31999969482422,42.7599983215332,42.22999954223633,42.290000915527344,30.98218536376953,443800
FTS.TO,2018-04-26,42.310001373291016,42.91999816894531,42.29999923706055,42.880001068115234,31.414432525634766,499800
FTS.TO,2018-04-27,42.900001525878906,43.40999984741211,42.900001525878906,43.31999969482422,31.736778259277344,488600
FTS.TO,2018-04-30,43.47999954223633,43.59000015258789,42.9900016784668,43.099998474121094,31.57560920715332,904500
FTS.TO,2018-05-01,43.310001373291016,43.47999954223633,42.97999954223633,43.04999923706055,31.538976669311523,580200
FTS.TO,2018-05-02,43.04999923706055,43.189998626708984,42.29999923706055,42.5099983215332,31.14336395263672,829600
FTS.TO,2018-05-03,42.63999938964844,43.08000183105469,42.36000061035156,43.0099983215332,31.509668350219727,788800
FTS.TO,2018-05-04,43.0099983215332,43.45000076293945,42.939998626708984,43.380001068115234,31.780742645263672,632600
FTS.TO,2018-05-07,43.4900016784668,43.4900016784668,43.11000061035156,43.36000061035156,31.76609230041504,588400
FTS.TO,2018-05-08,43.5099983215332,43.599998474121094,42.779998779296875,42.9900016784668,31.495025634765625,1034000
FTS.TO,2018-05-09,43.13999938964844,43.13999938964844,42.2400016784668,42.5,31.13603973388672,1021400
FTS.TO,2018-05-10,42.40999984741211,42.470001220703125,42.040000915527344,42.36000061035156,31.033479690551758,884700
FTS.TO,2018-05-11,42.47999954223633,42.56999969482422,42.15999984741211,42.209999084472656,30.923580169677734,741100
FTS.TO,2018-05-14,42.310001373291016,42.47999954223633,42.150001525878906,42.22999954223633,30.9382266998291,924100
FTS.TO,2018-05-15,42.22999954223633,42.459999084472656,41.869998931884766,42.060001373291016,30.81369400024414,757000
FTS.TO,2018-05-16,42.04999923706055,42.220001220703125,41.63999938964844,41.869998931884766,30.674489974975586,1189400
FTS.TO,2018-05-17,41.5,41.529998779296875,41.310001373291016,41.41999816894531,30.65598487854004,854700
FTS.TO,2018-05-18,41.380001068115234,41.65999984741211,41.349998474121094,41.599998474121094,30.789207458496094,593700
FTS.TO,2018-05-22,41.63999938964844,41.70000076293945,41.4900016784668,41.650001525878906,30.826221466064453,601800
FTS.TO,2018-05-23,41.650001525878906,42.060001373291016,41.63999938964844,41.869998931884766,30.989049911499023,604300
FTS.TO,2018-05-24,41.95000076293945,42.060001373291016,41.689998626708984,41.95000076293945,31.048263549804688,1102400
FTS.TO,2018-05-25,41.880001068115234,42.310001373291016,41.869998931884766,41.9900016784668,31.077869415283203,942000
FTS.TO,2018-05-28,42.06999969482422,42.099998474121094,41.61000061035156,41.79999923706055,30.93722915649414,336200
FTS.TO,2018-05-29,41.650001525878906,41.88999938964844,41.5099983215332,41.869998931884766,30.989049911499023,624200
FTS.TO,2018-05-30,41.77000045776367,41.81999969482422,41.38999938964844,41.77000045776367,30.9150447845459,647400
FTS.TO,2018-05-31,41.599998474121094,41.70000076293945,41.310001373291016,41.43000030517578,30.663394927978516,1547700
FTS.TO,2018-06-01,41.41999816894531,41.459999084472656,41.029998779296875,41.209999084472656,30.500566482543945,718100
FTS.TO,2018-06-04,41.2400016784668,41.400001525878906,41.13999938964844,41.15999984741211,30.463563919067383,618000
FTS.TO,2018-06-05,41.2400016784668,41.369998931884766,40.77000045776367,40.79999923706055,30.197113037109375,814700
FTS.TO,2018-06-06,40.880001068115234,40.90999984741211,40.349998474121094,40.41999816894531,29.915861129760742,718900
FTS.TO,2018-06-07,40.380001068115234,40.52000045776367,40.209999084472656,40.33000183105469,29.849252700805664,791600
FTS.TO,2018-06-08,40.38999938964844,40.77000045776367,40.38999938964844,40.7599983215332,30.167505264282227,637300
FTS.TO,2018-06-11,40.95000076293945,40.9900016784668,40.52000045776367,40.59000015258789,30.041677474975586,708000
FTS.TO,2018-06-12,40.59000015258789,40.869998931884766,40.529998779296875,40.68000030517578,30.108293533325195,645300
FTS.TO,2018-06-13,40.68000030517578,40.79999923706055,40.47999954223633,40.689998626708984,30.11570167541504,754500
FTS.TO,2018-06-14,40.68000030517578,40.779998779296875,40.5,40.599998474121094,30.049083709716797,1127700
FTS.TO,2018-06-15,40.599998474121094,41.63999938964844,40.54999923706055,41.5,30.715200424194336,3098800
FTS.TO,2018-06-18,41.43000030517578,41.66999816894531,41.119998931884766,41.279998779296875,30.5523681640625,568600
FTS.TO,2018-06-19,41.25,41.7599983215332,41.0099983215332,41.7599983215332,30.90764045715332,799200
FTS.TO,2018-06-20,41.81999969482422,42.27000045776367,41.75,41.90999984741211,31.018653869628906,985900
FTS.TO,2018-06-21,41.93000030517578,42.150001525878906,41.93000030517578,42.11000061035156,31.166683197021484,515600
FTS.TO,2018-06-22,42.16999816894531,42.40999984741211,42.02000045776367,42.15999984741211,31.203676223754883,513300
FTS.TO,2018-06-25,42.119998931884766,42.2599983215332,41.959999084472656,42.08000183105469,31.144479751586914,1420900
FTS.TO,2018-06-26,41.869998931884766,42.209999084472656,41.650001525878906,41.900001525878906,31.011253356933594,1108300
FTS.TO,2018-06-27,42.0099983215332,42.0099983215332,41.66999816894531,42.0099983215332,31.09265899658203,649600
FTS.TO,2018-06-28,41.95000076293945,42.119998931884766,41.599998474121094,42.0099983215332,31.09265899658203,655900
FTS.TO,2018-06-29,41.959999084472656,42.099998474121094,41.75,42.02000045776367,31.100059509277344,783000
FTS.TO,2018-07-03,42.11000061035156,42.56999969482422,41.900001525878906,42.11000061035156,31.166683197021484,672100
FTS.TO,2018-07-04,42.15999984741211,42.279998779296875,42.06999969482422,42.06999969482422,31.13707160949707,383900
FTS.TO,2018-07-05,42.150001525878906,42.459999084472656,41.95000076293945,42.38999938964844,31.3739070892334,798200
FTS.TO,2018-07-06,42.439998626708984,42.84000015258789,42.40999984741211,42.59000015258789,31.521930694580078,500400
FTS.TO,2018-07-09,42.61000061035156,42.61000061035156,41.709999084472656,41.779998779296875,30.92243766784668,670100
FTS.TO,2018-07-10,41.83000183105469,42.20000076293945,41.75,42.13999938964844,31.188875198364258,767200
FTS.TO,2018-07-11,42.04999923706055,42.220001220703125,41.86000061035156,42.150001525878906,31.196287155151367,1283600
FTS.TO,2018-07-12,42.130001068115234,42.709999084472656,42.11000061035156,42.58000183105469,31.514535903930664,1004700
FTS.TO,2018-07-13,42.63999938964844,42.689998626708984,42.119998931884766,42.58000183105469,31.514535903930664,751200
FTS.TO,2018-07-16,42.59000015258789,42.81999969482422,42.529998779296875,42.66999816894531,31.581138610839844,459600
FTS.TO,2018-07-17,42.66999816894531,43.18000030517578,42.58000183105469,42.88999938964844,31.743972778320312,1021600
FTS.TO,2018-07-18,42.66999816894531,43.18000030517578,42.5,42.63999938964844,31.55893898010254,875000
FTS.TO,2018-07-19,42.63999938964844,43.11000061035156,42.630001068115234,42.9900016784668,31.817995071411133,1190500
FTS.TO,2018-07-20,42.959999084472656,42.959999084472656,42.400001525878906,42.63999938964844,31.55893898010254,821000
FTS.TO,2018-07-23,42.599998474121094,42.66999816894531,42.279998779296875,42.400001525878906,31.381305694580078,388600
FTS.TO,2018-07-24,42.45000076293945,42.790000915527344,42.27000045776367,42.40999984741211,31.38871192932129,938100
FTS.TO,2018-07-25,42.540000915527344,42.54999923706055,42.209999084472656,42.27000045776367,31.285097122192383,586700
FTS.TO,2018-07-26,42.29999923706055,42.56999969482422,42.099998474121094,42.43000030517578,31.403522491455078,433000
FTS.TO,2018-07-27,42.43000030517578,42.5099983215332,42.15999984741211,42.31999969482422,31.322093963623047,556800
FTS.TO,2018-07-30,42.36000061035156,42.38999938964844,42.08000183105469,42.31999969482422,31.322093963623047,566100
FTS.TO,2018-07-31,42.15999984741211,42.77000045776367,42.029998779296875,42.77000045776367,31.655160903930664,1199200
FTS.TO,2018-08-01,42.79999923706055,42.79999923706055,42.209999084472656,42.650001525878906,31.56635093688965,835300
FTS.TO,2018-08-02,42.599998474121094,42.880001068115234,42.33000183105469,42.7400016784668,31.632965087890625,625000
FTS.TO,2018-08-03,42.650001525878906,43.13999938964844,42.560001373291016,42.88999938964844,31.743972778320312,699200
FTS.TO,2018-08-07,42.93000030517578,42.939998626708984,42.56999969482422,42.75,31.640357971191406,720900
FTS.TO,2018-08-08,42.720001220703125,42.81999969482422,42.439998626708984,42.66999816894531,31.581138610839844,501200
FTS.TO,2018-08-09,42.65999984741211,43.09000015258789,42.58000183105469,42.880001068115234,31.736574172973633,784700
FTS.TO,2018-08-10,42.88999938964844,42.900001525878906,42.31999969482422,42.439998626708984,31.410913467407227,846300
FTS.TO,2018-08-13,42.45000076293945,42.45000076293945,42.130001068115234,42.349998474121094,31.344301223754883,647800
FTS.TO,2018-08-14,42.34000015258789,42.810001373291016,42.33000183105469,42.59000015258789,31.521930694580078,649500
FTS.TO,2018-08-15,42.54999923706055,42.70000076293945,42.33000183105469,42.54999923706055,31.49233055114746,1195400
FTS.TO,2018-08-16,42.540000915527344,43.209999084472656,42.540000915527344,43.209999084472656,31.980817794799805,1141100
FTS.TO,2018-08-17,43.20000076293945,43.650001525878906,43.0099983215332,43.540000915527344,32.22505187988281,1042100
FTS.TO,2018-08-20,43.150001525878906,43.22999954223633,42.68000030517578,42.779998779296875,31.974660873413086,1016300
FTS.TO,2018-08-21,42.779998779296875,42.790000915527344,42.54999923706055,42.689998626708984,31.90740394592285,746900
FTS.TO,2018-08-22,42.709999084472656,42.77000045776367,42.36000061035156,42.470001220703125,31.742971420288086,857300
FTS.TO,2018-08-23,42.470001220703125,42.65999984741211,42.43000030517578,42.52000045776367,31.78034210205078,655400
FTS.TO,2018-08-24,42.52000045776367,42.66999816894531,42.33000183105469,42.470001220703125,31.742971420288086,526600
FTS.TO,2018-08-27,42.5,42.59000015258789,42.220001220703125,42.41999816894531,31.705602645874023,595200
FTS.TO,2018-08-28,42.36000061035156,42.5,42.04999923706055,42.279998779296875,31.600971221923828,736300
FTS.TO,2018-08-29,42.22999954223633,42.40999984741211,42.119998931884766,42.31999969482422,31.630855560302734,897300
FTS.TO,2018-08-30,42.349998474121094,42.93000030517578,42.310001373291016,42.689998626708984,31.90740394592285,939500
FTS.TO,2018-08-31,42.63999938964844,42.91999816894531,42.5,42.720001220703125,31.929832458496094,1042600
FTS.TO,2018-09-04,42.70000076293945,43.08000183105469,42.650001525878906,42.790000915527344,31.98215103149414,1122700
FTS.TO,2018-09-05,42.75,42.900001525878906,42.5,42.86000061035156,32.034461975097656,703200
FTS.TO,2018-09-06,42.849998474121094,42.97999954223633,42.77000045776367,42.95000076293945,32.10171890258789,841300
FTS.TO,2018-09-07,42.77000045776367,42.91999816894531,42.45000076293945,42.66999816894531,31.892454147338867,897000
FTS.TO,2018-09-10,42.709999084472656,43.13999938964844,42.66999816894531,43.060001373291016,32.18395233154297,627300
FTS.TO,2018-09-11,42.9900016784668,43.119998931884766,42.5,42.5099983215332,31.772859573364258,656600
FTS.TO,2018-09-12,42.540000915527344,42.61000061035156,42.16999816894531,42.400001525878906,31.690650939941406,855900
FTS.TO,2018-09-13,42.470001220703125,42.70000076293945,42.29999923706055,42.45000076293945,31.7280216217041,535500
FTS.TO,2018-09-14,42.43000030517578,42.5099983215332,42.16999816894531,42.47999954223633,31.75043487548828,453600
FTS.TO,2018-09-17,42.4900016784668,42.83000183105469,42.439998626708984,42.79999923706055,31.989622116088867,563200
FTS.TO,2018-09-18,42.779998779296875,42.869998931884766,42.54999923706055,42.689998626708984,31.90740394592285,354300
FTS.TO,2018-09-19,42.689998626708984,42.77000045776367,42.060001373291016,42.27000045776367,31.59349250793457,812800
FTS.TO,2018-09-20,42.38999938964844,42.400001525878906,41.66999816894531,41.939998626708984,31.34684181213379,2207200
FTS.TO,2018-09-21,42.04999923706055,42.560001373291016,41.95000076293945,42.279998779296875,31.600971221923828,2434400
FTS.TO,2018-09-24,42.369998931884766,42.439998626708984,41.81999969482422,41.9900016784668,31.384204864501953,817200
FTS.TO,2018-09-25,41.97999954223633,42.119998931884766,41.77000045776367,42.02000045776367,31.40662956237793,753000
FTS.TO,2018-09-26,42.0099983215332,42.349998474121094,41.779998779296875,41.84000015258789,31.2720890045166,1270000
FTS.TO,2018-09-27,41.84000015258789,42.20000076293945,41.84000015258789,42.0,31.39167594909668,586100
FTS.TO,2018-09-28,42.0,42.13999938964844,41.7599983215332,41.880001068115234,31.30198860168457,822000
FTS.TO,2018-10-01,42.0099983215332,42.0099983215332,41.41999816894531,41.7400016784668,31.19735336303711,630800
FTS.TO,2018-10-02,41.68000030517578,41.93000030517578,41.5099983215332,41.90999984741211,31.324411392211914,753800
FTS.TO,2018-10-03,41.81999969482422,41.959999084472656,41.290000915527344,41.5,31.017963409423828,793400
FTS.TO,2018-10-04,41.36000061035156,41.36000061035156,40.709999084472656,41.18000030517578,30.77879524230957,1232500
FTS.TO,2018-10-05,41.0099983215332,41.63999938964844,40.970001220703125,41.56999969482422,31.070287704467773,704200
FTS.TO,2018-10-09,41.630001068115234,41.9900016784668,41.5099983215332,41.849998474121094,31.27956771850586,1090800
FTS.TO,2018-10-10,41.790000915527344,41.810001373291016,41.099998474121094,41.439998626708984,30.973121643066406,2948000
FTS.TO,2018-10-11,41.47999954223633,41.72999954223633,41.0,41.11000061035156,30.72647476196289,3147600
FTS.TO,2018-10-12,41.25,41.7400016784668,40.869998931884766,41.540000915527344,31.047868728637695,3131100
FTS.TO,2018-10-15,41.810001373291016,41.880001068115234,41.13999938964844,41.13999938964844,30.748897552490234,1423000
FTS.TO,2018-10-16,41.31999969482422,41.900001525878906,41.22999954223633,41.86000061035156,31.28704071044922,1628800
FTS.TO,2018-10-17,41.90999984741211,42.459999084472656,41.54999923706055,42.220001220703125,31.556106567382812,1478500
FTS.TO,2018-10-18,42.209999084472656,42.380001068115234,41.75,42.0,31.39167594909668,1417800
FTS.TO,2018-10-19,42.02000045776367,42.7599983215332,42.02000045776367,42.61000061035156,31.847599029541016,964900
FTS.TO,2018-10-22,42.650001525878906,42.65999984741211,42.22999954223633,42.439998626708984,31.720552444458008,842200
FTS.TO,2018-10-23,42.33000183105469,42.81999969482422,42.279998779296875,42.790000915527344,31.98215103149414,1324400
FTS.TO,2018-10-24,42.849998474121094,43.939998626708984,42.70000076293945,43.84000015258789,32.766937255859375,1910000
FTS.TO,2018-10-25,43.810001373291016,44.040000915527344,43.279998779296875,43.5,32.512821197509766,1668600
FTS.TO,2018-10-26,43.540000915527344,43.7599983215332,43.06999969482422,43.13999938964844,32.24374771118164,1761200
FTS.TO,2018-10-29,43.25,43.47999954223633,42.959999084472656,42.9900016784668,32.13162612915039,1585800
FTS.TO,2018-10-30,43.04999923706055,43.41999816894531,42.900001525878906,43.279998779296875,32.34836959838867,1186600
FTS.TO,2018-10-31,43.34000015258789,43.7400016784668,42.709999084472656,43.5,32.512821197509766,1417900
FTS.TO,2018-11-01,43.599998474121094,43.7400016784668,42.93000030517578,43.25,32.325950622558594,1221200
FTS.TO,2018-11-02,43.06999969482422,43.25,42.599998474121094,43.13999938964844,32.24374771118164,1380300
FTS.TO,2018-11-05,43.04999923706055,44.119998931884766,43.02000045776367,43.790000915527344,32.72956085205078,1235600
FTS.TO,2018-11-06,43.83000183105469,44.31999969482422,43.810001373291016,44.22999954223633,33.05842971801758,1074800
FTS.TO,2018-11-07,44.29999923706055,44.939998626708984,44.150001525878906,44.83000183105469,33.50688552856445,2161900
FTS.TO,2018-11-08,44.70000076293945,45.22999954223633,44.349998474121094,45.09000015258789,33.70121383666992,1634100
FTS.TO,2018-11-09,45.0,45.66999816894531,44.9900016784668,45.599998474121094,34.08238983154297,2394000
FTS.TO,2018-11-12,45.52000045776367,45.97999954223633,45.20000076293945,45.79999923706055,34.23188018798828,1199300
FTS.TO,2018-11-13,45.75,46.439998626708984,45.689998626708984,46.20000076293945,34.530853271484375,2197500
FTS.TO,2018-11-14,46.119998931884766,47.0,46.040000915527344,46.56999969482422,34.80738830566406,1708000
FTS.TO,2018-11-15,46.54999923706055,46.86000061035156,46.380001068115234,46.779998779296875,34.9643440246582,1196000
FTS.TO,2018-11-16,46.63999938964844,47.060001373291016,46.59000015258789,46.810001373291016,34.986778259277344,1226300
FTS.TO,2018-11-19,46.13999938964844,46.58000183105469,45.93000030517578,46.02000045776367,34.730186462402344,927500
FTS.TO,2018-11-20,46.0099983215332,46.400001525878906,45.709999084472656,45.93000030517578,34.662269592285156,1220400
FTS.TO,2018-11-21,45.90999984741211,46.529998779296875,45.650001525878906,46.43000030517578,35.03960418701172,1298500
FTS.TO,2018-11-22,46.43000030517578,46.43000030517578,45.959999084472656,46.2400016784668,34.896209716796875,392500
FTS.TO,2018-11-23,46.06999969482422,46.31999969482422,45.88999938964844,46.25,34.90375518798828,540500
FTS.TO,2018-11-26,46.27000045776367,46.38999938964844,45.880001068115234,46.22999954223633,34.888675689697266,1055200
FTS.TO,2018-11-27,46.18000030517578,46.33000183105469,45.83000183105469,46.040000915527344,34.745277404785156,1020500
FTS.TO,2018-11-28,46.0,46.04999923706055,45.5099983215332,45.70000076293945,34.48869323730469,1208600
FTS.TO,2018-11-29,45.63999938964844,46.09000015258789,45.529998779296875,46.04999923706055,34.75282669067383,1050600
FTS.TO,2018-11-30,46.040000915527344,46.2599983215332,45.540000915527344,46.150001525878906,34.82829666137695,1443800
FTS.TO,2018-12-03,46.209999084472656,46.849998474121094,45.97999954223633,46.849998474121094,35.3565673828125,1379600
FTS.TO,2018-12-04,46.79999923706055,47.349998474121094,46.79999923706055,46.93000030517578,35.41693878173828,1210900
FTS.TO,2018-12-05,46.97999954223633,47.36000061035156,46.689998626708984,46.84000015258789,35.349029541015625,649800
FTS.TO,2018-12-06,46.310001373291016,47.11000061035156,46.310001373291016,46.90999984741211,35.40184783935547,1730000
FTS.TO,2018-12-07,46.83000183105469,46.83000183105469,46.29999923706055,46.540000915527344,35.12261962890625,1313400
FTS.TO,2018-12-10,46.59000015258789,46.869998931884766,46.349998474121094,46.58000183105469,35.152801513671875,1028400
FTS.TO,2018-12-11,46.7400016784668,46.91999816894531,46.61000061035156,46.65999984741211,35.21318054199219,1202600
FTS.TO,2018-12-12,46.70000076293945,47.0099983215332,46.27000045776367,46.540000915527344,35.12261962890625,1419200
FTS.TO,2018-12-13,46.689998626708984,47.36000061035156,46.540000915527344,47.04999923706055,35.507503509521484,1408100
FTS.TO,2018-12-14,46.97999954223633,47.0,46.52000045776367,46.709999084472656,35.25091552734375,1111200
FTS.TO,2018-12-17,46.72999954223633,47.06999969482422,46.290000915527344,46.45000076293945,35.0546989440918,1405300
FTS.TO,2018-12-18,46.41999816894531,46.630001068115234,46.189998626708984,46.34000015258789,34.9716796875,2692300
FTS.TO,2018-12-19,46.34000015258789,46.43000030517578,45.54999923706055,45.9900016784668,34.707557678222656,1919400
FTS.TO,2018-12-20,46.04999923706055,46.2400016784668,45.56999969482422,45.630001068115234,34.43587112426758,1459500
FTS.TO,2018-12-21,45.709999084472656,46.150001525878906,45.2400016784668,45.290000915527344,34.17927932739258,3549700
FTS.TO,2018-12-24,45.22999954223633,45.279998779296875,43.4900016784668,43.650001525878906,32.94160842895508,1042300
FTS.TO,2018-12-27,44.25,44.90999984741211,43.58000183105469,44.900001525878906,33.88496017456055,1265200
FTS.TO,2018-12-28,44.95000076293945,45.349998474121094,44.709999084472656,45.06999969482422,34.01324462890625,1148000
FTS.TO,2018-12-31,45.13999938964844,45.56999969482422,45.029998779296875,45.5099983215332,34.345306396484375,1031500
FTS.TO,2019-01-02,45.43000030517578,45.43000030517578,44.630001068115234,44.880001068115234,33.8698616027832,1213700
FTS.TO,2019-01-03,44.880001068115234,45.0,44.31999969482422,44.63999938964844,33.6887321472168,1132000
FTS.TO,2019-01-04,44.7599983215332,44.779998779296875,44.119998931884766,44.38999938964844,33.50006103515625,1460900
FTS.TO,2019-01-07,44.47999954223633,44.47999954223633,44.0,44.27000045776367,33.40950012207031,1585100
FTS.TO,2019-01-08,44.31999969482422,44.79999923706055,44.15999984741211,44.75,33.771751403808594,1542500
FTS.TO,2019-01-09,44.70000076293945,45.02000045776367,44.2400016784668,44.95000076293945,33.92268371582031,1083200
FTS.TO,2019-01-10,45.02000045776367,45.5,44.83000183105469,45.459999084472656,34.307579040527344,838400
FTS.TO,2019-01-11,45.52000045776367,45.630001068115234,45.04999923706055,45.41999816894531,34.27738571166992,725300
FTS.TO,2019-01-14,45.38999938964844,45.45000076293945,44.81999969482422,45.189998626708984,34.10380172729492,1850200
FTS.TO,2019-01-15,45.209999084472656,45.709999084472656,44.939998626708984,45.66999816894531,34.46604537963867,730600
FTS.TO,2019-01-16,45.70000076293945,45.97999954223633,45.40999984741211,45.97999954223633,34.70000076293945,921200
FTS.TO,2019-01-17,45.9900016784668,46.529998779296875,45.97999954223633,46.33000183105469,34.964134216308594,860200
FTS.TO,2019-01-18,46.5,46.630001068115234,46.029998779296875,46.369998931884766,34.99433135986328,1125400
FTS.TO,2019-01-21,46.58000183105469,46.59000015258789,45.900001525878906,46.040000915527344,34.745277404785156,335500
FTS.TO,2019-01-22,46.04999923706055,46.38999938964844,45.95000076293945,46.349998474121094,34.97922897338867,966800
FTS.TO,2019-01-23,46.41999816894531,46.61000061035156,46.18000030517578,46.29999923706055,34.94150161743164,845300
FTS.TO,2019-01-24,46.36000061035156,46.56999969482422,46.099998474121094,46.45000076293945,35.0546989440918,778000
FTS.TO,2019-01-25,46.470001220703125,46.4900016784668,45.9900016784668,46.31999969482422,34.95658874511719,758600
FTS.TO,2019-01-28,46.400001525878906,46.470001220703125,46.119998931884766,46.40999984741211,35.024497985839844,943000
FTS.TO,2019-01-29,46.04999923706055,46.560001373291016,46.0,46.540000915527344,35.12261962890625,1043000
FTS.TO,2019-01-30,46.4900016784668,46.72999954223633,46.38999938964844,46.40999984741211,35.024497985839844,2209200
FTS.TO,2019-01-31,46.59000015258789,46.959999084472656,46.25,46.86000061035156,35.364105224609375,1653600
FTS.TO,2019-02-01,46.93000030517578,46.9900016784668,46.619998931884766,46.810001373291016,35.32638168334961,788800
FTS.TO,2019-02-04,46.91999816894531,47.15999984741211,46.849998474121094,46.939998626708984,35.42449188232422,2471100
FTS.TO,2019-02-05,47.040000915527344,47.459999084472656,46.9900016784668,47.33000183105469,35.71881103515625,895800
FTS.TO,2019-02-06,47.33000183105469,47.79999923706055,47.22999954223633,47.650001525878906,35.96031188964844,915400
FTS.TO,2019-02-07,47.75,47.939998626708984,47.619998931884766,47.91999816894531,36.16407012939453,787600
FTS.TO,2019-02-08,47.81999969482422,47.880001068115234,47.70000076293945,47.72999954223633,36.02067947387695,730700
FTS.TO,2019-02-11,47.81999969482422,48.099998474121094,47.16999816894531,47.369998931884766,35.74899673461914,934900
FTS.TO,2019-02-12,47.439998626708984,47.56999969482422,47.11000061035156,47.22999954223633,35.643333435058594,944000
FTS.TO,2019-02-13,47.25,47.45000076293945,46.79999923706055,47.189998626708984,35.613155364990234,1246300
FTS.TO,2019-02-14,46.65999984741211,47.150001525878906,46.65999984741211,47.0,35.81126403808594,1569200
FTS.TO,2019-02-15,47.20000076293945,47.20000076293945,46.400001525878906,46.58000183105469,35.491241455078125,1639900
FTS.TO,2019-02-19,46.81999969482422,46.84000015258789,46.189998626708984,46.36000061035156,35.3236198425293,1153700
FTS.TO,2019-02-20,46.38999938964844,46.5099983215332,46.11000061035156,46.36000061035156,35.3236198425293,1840900
FTS.TO,2019-02-21,46.2599983215332,46.91999816894531,46.20000076293945,46.72999954223633,35.605533599853516,1297800
FTS.TO,2019-02-22,46.75,46.83000183105469,46.41999816894531,46.81999969482422,35.67411804199219,880300
FTS.TO,2019-02-25,46.93000030517578,46.97999954223633,46.43000030517578,46.720001220703125,35.59791564941406,951800
FTS.TO,2019-02-26,46.7599983215332,47.349998474121094,46.65999984741211,47.18000030517578,35.94841384887695,1027100
FTS.TO,2019-02-27,47.09000015258789,47.220001220703125,46.75,47.13999938964844,35.917938232421875,832400
FTS.TO,2019-02-28,47.02000045776367,47.70000076293945,47.02000045776367,47.45000076293945,36.15414047241211,1912800
FTS.TO,2019-03-01,47.65999984741211,47.7400016784668,47.220001220703125,47.2400016784668,35.994136810302734,966900
FTS.TO,2019-03-04,47.61000061035156,47.7400016784668,47.34000015258789,47.56999969482422,36.245567321777344,2682900
FTS.TO,2019-03-05,47.68000030517578,48.130001068115234,47.540000915527344,47.540000915527344,36.22270965576172,1092400
FTS.TO,2019-03-06,47.61000061035156,48.13999938964844,47.56999969482422,47.81999969482422,36.43605041503906,1062100
FTS.TO,2019-03-07,47.970001220703125,48.31999969482422,47.86000061035156,48.16999816894531,36.70273208618164,1253200
FTS.TO,2019-03-08,48.0099983215332,48.369998931884766,47.720001220703125,48.150001525878906,36.68749237060547,1112900
FTS.TO,2019-03-11,48.20000076293945,48.54999923706055,48.15999984741211,48.189998626708984,36.71797180175781,1228300
FTS.TO,2019-03-12,48.20000076293945,49.0099983215332,48.20000076293945,48.90999984741211,37.266571044921875,1485800
FTS.TO,2019-03-13,48.95000076293945,49.16999816894531,48.689998626708984,48.810001373291016,37.19038391113281,932700
FTS.TO,2019-03-14,48.900001525878906,49.130001068115234,48.68000030517578,48.83000183105469,37.20561981201172,711000
FTS.TO,2019-03-15,48.91999816894531,49.16999816894531,48.900001525878906,48.959999084472656,37.30467224121094,3165200
FTS.TO,2019-03-18,49.0099983215332,49.0099983215332,48.65999984741211,48.90999984741211,37.266571044921875,873900
FTS.TO,2019-03-19,48.79999923706055,48.900001525878906,48.31999969482422,48.83000183105469,37.20561981201172,1179900
FTS.TO,2019-03-20,48.84000015258789,49.040000915527344,48.40999984741211,48.7599983215332,37.152286529541016,1256400
FTS.TO,2019-03-21,48.689998626708984,49.43000030517578,48.65999984741211,49.29999923706055,37.563724517822266,2038200
FTS.TO,2019-03-22,49.349998474121094,49.97999954223633,49.2599983215332,49.709999084472656,37.876121520996094,1552800
FTS.TO,2019-03-25,49.540000915527344,49.970001220703125,49.540000915527344,49.630001068115234,37.81516647338867,832400
FTS.TO,2019-03-26,49.7400016784668,49.86000061035156,49.58000183105469,49.83000183105469,37.967559814453125,640600
FTS.TO,2019-03-27,49.849998474121094,49.93000030517578,49.470001220703125,49.83000183105469,37.967559814453125,969600
FTS.TO,2019-03-28,49.79999923706055,50.060001373291016,49.630001068115234,49.66999816894531,37.845638275146484,796100
FTS.TO,2019-03-29,49.7400016784668,49.7400016784668,49.18000030517578,49.38999938964844,37.63229751586914,1152000
FTS.TO,2019-04-01,49.27000045776367,49.59000015258789,48.880001068115234,49.290000915527344,37.55611038208008,1020000
FTS.TO,2019-04-02,49.29999923706055,49.36000061035156,48.88999938964844,49.22999954223633,37.5103874206543,946100
FTS.TO,2019-04-03,49.25,49.63999938964844,48.959999084472656,49.56999969482422,37.76945495605469,1029700
FTS.TO,2019-04-04,49.56999969482422,49.720001220703125,49.290000915527344,49.5099983215332,37.72373580932617,774900
FTS.TO,2019-04-05,49.45000076293945,49.869998931884766,49.36000061035156,49.869998931884766,37.99803924560547,654000
FTS.TO,2019-04-08,49.75,49.75,49.31999969482422,49.61000061035156,37.799930572509766,740000
FTS.TO,2019-04-09,49.310001373291016,49.86000061035156,49.279998779296875,49.58000183105469,37.77708435058594,763600
FTS.TO,2019-04-10,49.689998626708984,50.130001068115234,49.66999816894531,49.779998779296875,37.9294548034668,906000
FTS.TO,2019-04-11,49.900001525878906,50.150001525878906,49.63999938964844,49.81999969482422,37.95993423461914,989000
FTS.TO,2019-04-12,49.810001373291016,50.06999969482422,49.599998474121094,50.0,38.09708786010742,807000
FTS.TO,2019-04-15,50.060001373291016,50.470001220703125,49.959999084472656,50.27000045776367,38.30281448364258,980900
FTS.TO,2019-04-16,50.2599983215332,50.349998474121094,49.790000915527344,49.81999969482422,37.95993423461914,1544000
FTS.TO,2019-04-17,49.88999938964844,50.02000045776367,49.38999938964844,49.91999816894531,38.036128997802734,1382700
FTS.TO,2019-04-18,49.959999084472656,50.189998626708984,49.84000015258789,49.900001525878906,38.02089309692383,1113900
FTS.TO,2019-04-22,50.150001525878906,50.150001525878906,49.529998779296875,49.599998474121094,37.79230499267578,1002200
FTS.TO,2019-04-23,49.47999954223633,49.849998474121094,49.27000045776367,49.66999816894531,37.845638275146484,1623500
FTS.TO,2019-04-24,49.599998474121094,49.79999923706055,49.38999938964844,49.439998626708984,37.670406341552734,1387100
FTS.TO,2019-04-25,49.40999984741211,49.79999923706055,49.2599983215332,49.58000183105469,37.77708435058594,996600
FTS.TO,2019-04-26,49.790000915527344,49.790000915527344,49.43000030517578,49.5,37.71611404418945,848700
FTS.TO,2019-04-29,49.54999923706055,49.560001373291016,49.27000045776367,49.310001373291016,37.571346282958984,1220500
FTS.TO,2019-04-30,49.310001373291016,49.66999816894531,49.04999923706055,49.52000045776367,37.731346130371094,1022900
FTS.TO,2019-05-01,49.459999084472656,49.75,49.130001068115234,49.290000915527344,37.55611038208008,1357500
FTS.TO,2019-05-02,49.45000076293945,49.65999984741211,49.279998779296875,49.38999938964844,37.63229751586914,1395800
FTS.TO,2019-05-03,49.45000076293945,49.83000183105469,49.310001373291016,49.56999969482422,37.76945495605469,774800
FTS.TO,2019-05-06,49.470001220703125,49.65999984741211,49.18000030517578,49.630001068115234,37.81516647338867,951400
FTS.TO,2019-05-07,49.529998779296875,49.79999923706055,49.47999954223633,49.720001220703125,37.88374328613281,1094400
FTS.TO,2019-05-08,49.689998626708984,49.84000015258789,49.540000915527344,49.599998474121094,37.79230499267578,1096200
FTS.TO,2019-05-09,49.58000183105469,50.02000045776367,49.40999984741211,49.68000030517578,37.853267669677734,1562400
FTS.TO,2019-05-10,49.7599983215332,49.9900016784668,49.41999816894531,49.83000183105469,37.967559814453125,1082400
FTS.TO,2019-05-13,49.869998931884766,50.20000076293945,49.650001525878906,50.119998931884766,38.18851852416992,1207400
FTS.TO,2019-05-14,50.20000076293945,50.38999938964844,49.93000030517578,50.20000076293945,38.249481201171875,1088500
FTS.TO,2019-05-15,50.22999954223633,50.47999954223633,50.060001373291016,50.369998931884766,38.37900924682617,1021000
FTS.TO,2019-05-16,49.84000015258789,50.189998626708984,49.79999923706055,50.06999969482422,38.49433517456055,1187200
FTS.TO,2019-05-17,50.0099983215332,50.16999816894531,49.900001525878906,50.130001068115234,38.54045867919922,1034200
FTS.TO,2019-05-21,50.11000061035156,50.54999923706055,50.060001373291016,50.220001220703125,38.609642028808594,1395800
FTS.TO,2019-05-22,50.130001068115234,50.68000030517578,50.04999923706055,50.59000015258789,38.894107818603516,784600
FTS.TO,2019-05-23,50.560001373291016,50.900001525878906,50.5,50.66999816894531,38.95561218261719,1022100
FTS.TO,2019-05-24,50.709999084472656,50.97999954223633,50.689998626708984,50.779998779296875,39.04018020629883,1679300
FTS.TO,2019-05-27,50.70000076293945,50.849998474121094,50.47999954223633,50.81999969482422,39.07093048095703,412800
FTS.TO,2019-05-28,50.72999954223633,51.18000030517578,50.72999954223633,51.18000030517578,39.34770584106445,2049700
FTS.TO,2019-05-29,51.189998626708984,51.349998474121094,50.869998931884766,51.09000015258789,39.27851486206055,2461100
FTS.TO,2019-05-30,51.099998474121094,51.29999923706055,50.79999923706055,50.81999969482422,39.07093048095703,1113400
FTS.TO,2019-05-31,50.880001068115234,51.13999938964844,50.65999984741211,51.04999923706055,39.24776077270508,1520000
FTS.TO,2019-06-03,51.119998931884766,51.34000015258789,50.95000076293945,51.34000015258789,39.4707145690918,967500
FTS.TO,2019-06-04,51.41999816894531,51.5099983215332,51.04999923706055,51.369998931884766,39.49378204345703,1064900
FTS.TO,2019-06-05,51.380001068115234,51.77000045776367,51.290000915527344,51.599998474121094,39.67060852050781,1516000
FTS.TO,2019-06-06,51.599998474121094,51.939998626708984,51.540000915527344,51.810001373291016,39.832054138183594,955200
FTS.TO,2019-06-07,51.900001525878906,52.119998931884766,51.66999816894531,51.869998931884766,39.87818908691406,1183800
FTS.TO,2019-06-10,51.83000183105469,51.88999938964844,51.4900016784668,51.66999816894531,39.72441864013672,1583600
FTS.TO,2019-06-11,51.66999816894531,51.66999816894531,51.2599983215332,51.45000076293945,39.55527877807617,1007900
FTS.TO,2019-06-12,51.54999923706055,52.040000915527344,51.27000045776367,51.83000183105469,39.847434997558594,922000
FTS.TO,2019-06-13,51.90999984741211,52.0099983215332,51.72999954223633,51.88999938964844,39.8935546875,948500
FTS.TO,2019-06-14,51.880001068115234,52.20000076293945,51.779998779296875,52.150001525878906,40.09345626831055,813900
FTS.TO,2019-06-17,52.16999816894531,52.209999084472656,51.79999923706055,52.08000183105469,40.039634704589844,1020600
FTS.TO,2019-06-18,52.25,52.2599983215332,52.0099983215332,52.209999084472656,40.139583587646484,1056900
FTS.TO,2019-06-19,52.25,52.7400016784668,52.25,52.54999923706055,40.40098190307617,869400
FTS.TO,2019-06-20,52.63999938964844,52.810001373291016,52.470001220703125,52.66999816894531,40.49324035644531,936000
FTS.TO,2019-06-21,52.650001525878906,52.939998626708984,52.459999084472656,52.83000183105469,40.61624526977539,3504900
FTS.TO,2019-06-24,52.95000076293945,52.95000076293945,52.400001525878906,52.59000015258789,40.431724548339844,641600
FTS.TO,2019-06-25,52.58000183105469,52.58000183105469,52.150001525878906,52.2400016784668,40.16264724731445,693400
FTS.TO,2019-06-26,52.22999954223633,52.349998474121094,51.689998626708984,51.880001068115234,39.88587951660156,839600
FTS.TO,2019-06-27,51.86000061035156,52.0,51.209999084472656,51.59000015258789,39.66292190551758,877900
FTS.TO,2019-06-28,51.59000015258789,51.900001525878906,51.380001068115234,51.709999084472656,39.75518035888672,1167800
FTS.TO,2019-07-02,52.189998626708984,52.220001220703125,51.72999954223633,52.0,39.97813415527344,772200
FTS.TO,2019-07-03,52.11000061035156,52.52000045776367,52.09000015258789,52.22999954223633,40.15496063232422,646200
FTS.TO,2019-07-04,52.29999923706055,52.47999954223633,52.119998931884766,52.189998626708984,40.124202728271484,250200
FTS.TO,2019-07-05,52.310001373291016,52.310001373291016,51.849998474121094,52.220001220703125,40.14726257324219,674200
FTS.TO,2019-07-08,52.11000061035156,52.310001373291016,51.91999816894531,52.2400016784668,40.16264724731445,707200
FTS.TO,2019-07-09,52.27000045776367,52.58000183105469,52.18000030517578,52.4900016784668,40.3548469543457,637900
FTS.TO,2019-07-10,52.52000045776367,52.7599983215332,52.45000076293945,52.5099983215332,40.37023162841797,749400
FTS.TO,2019-07-11,52.52000045776367,52.900001525878906,52.349998474121094,52.709999084472656,40.523983001708984,1006700
FTS.TO,2019-07-12,52.63999938964844,52.650001525878906,51.900001525878906,52.060001373291016,40.024261474609375,943700
FTS.TO,2019-07-15,52.11000061035156,52.15999984741211,51.790000915527344,51.88999938964844,39.8935546875,423100
FTS.TO,2019-07-16,51.779998779296875,51.849998474121094,51.459999084472656,51.790000915527344,39.81668472290039,607200
FTS.TO,2019-07-17,51.880001068115234,52.099998474121094,51.779998779296875,51.779998779296875,39.80899429321289,813200
FTS.TO,2019-07-18,51.790000915527344,52.0099983215332,51.619998931884766,51.880001068115234,39.88587951660156,716800
FTS.TO,2019-07-19,51.97999954223633,52.04999923706055,51.5099983215332,51.58000183105469,39.655235290527344,639300
FTS.TO,2019-07-22,51.63999938964844,51.790000915527344,51.45000076293945,51.59000015258789,39.66292190551758,730300
FTS.TO,2019-07-23,51.77000045776367,51.9900016784668,51.58000183105469,51.77000045776367,39.801300048828125,446100
FTS.TO,2019-07-24,51.86000061035156,51.93000030517578,51.439998626708984,51.880001068115234,39.88587951660156,647300
FTS.TO,2019-07-25,51.959999084472656,51.970001220703125,51.619998931884766,51.869998931884766,39.87818908691406,496300
FTS.TO,2019-07-26,51.84000015258789,52.18000030517578,51.84000015258789,51.900001525878906,39.90125274658203,806100
FTS.TO,2019-07-29,51.91999816894531,52.380001068115234,51.83000183105469,52.27000045776367,40.18571472167969,676800
FTS.TO,2019-07-30,52.349998474121094,52.41999816894531,51.79999923706055,52.02000045776367,39.99351501464844,615500
FTS.TO,2019-07-31,51.939998626708984,52.189998626708984,51.68000030517578,52.02000045776367,39.99351501464844,1380500
FTS.TO,2019-08-01,51.91999816894531,52.68000030517578,51.619998931884766,52.5099983215332,40.37023162841797,1024500
FTS.TO,2019-08-02,52.5,52.619998931884766,52.27000045776367,52.36000061035156,40.25490188598633,1016000
FTS.TO,2019-08-06,52.08000183105469,53.33000183105469,52.060001373291016,53.15999984741211,40.869956970214844,2000900
FTS.TO,2019-08-07,53.20000076293945,53.970001220703125,53.18000030517578,53.689998626708984,41.27742004394531,1208900
FTS.TO,2019-08-08,53.619998931884766,54.060001373291016,53.380001068115234,53.709999084472656,41.29279708862305,903700
FTS.TO,2019-08-09,53.66999816894531,54.06999969482422,53.619998931884766,53.869998931884766,41.41580581665039,583300
FTS.TO,2019-08-12,53.7599983215332,54.16999816894531,53.630001068115234,53.91999816894531,41.45424270629883,587000
FTS.TO,2019-08-13,53.849998474121094,54.2599983215332,53.650001525878906,54.0,41.5157585144043,743100
FTS.TO,2019-08-14,54.040000915527344,54.34000015258789,53.79999923706055,53.959999084472656,41.48500061035156,996100
FTS.TO,2019-08-15,53.959999084472656,54.349998474121094,53.959999084472656,54.22999954223633,41.69257354736328,830500
FTS.TO,2019-08-16,54.540000915527344,54.63999938964844,54.189998626708984,54.43000030517578,41.84634017944336,673500
FTS.TO,2019-08-19,53.959999084472656,54.720001220703125,53.869998931884766,54.63999938964844,42.35798645019531,832900
FTS.TO,2019-08-20,54.709999084472656,54.849998474121094,54.4900016784668,54.599998474121094,42.32697677612305,533500
FTS.TO,2019-08-21,54.709999084472656,54.81999969482422,54.470001220703125,54.790000915527344,42.47426986694336,664700
FTS.TO,2019-08-22,54.5099983215332,54.58000183105469,54.130001068115234,54.36000061035156,42.140926361083984,2199800
FTS.TO,2019-08-23,54.220001220703125,54.279998779296875,53.90999984741211,54.029998779296875,41.88510513305664,2497700
FTS.TO,2019-08-26,54.06999969482422,54.36000061035156,53.959999084472656,54.150001525878906,41.9781379699707,830100
FTS.TO,2019-08-27,54.279998779296875,54.939998626708984,54.220001220703125,54.83000183105469,42.50526809692383,1152000
FTS.TO,2019-08-28,54.779998779296875,54.86000061035156,54.47999954223633,54.650001525878906,42.36573028564453,685000
FTS.TO,2019-08-29,54.83000183105469,54.95000076293945,54.36000061035156,54.72999954223633,42.4277458190918,595900
FTS.TO,2019-08-30,54.810001373291016,55.310001373291016,54.54999923706055,54.970001220703125,42.61381530761719,957000
FTS.TO,2019-09-03,55.0099983215332,56.369998931884766,55.0099983215332,56.33000183105469,43.668094635009766,1724500
FTS.TO,2019-09-04,56.36000061035156,56.619998931884766,55.91999816894531,56.08000183105469,43.47430419921875,1543700
FTS.TO,2019-09-05,56.029998779296875,56.2400016784668,55.63999938964844,55.650001525878906,43.140953063964844,1023600
FTS.TO,2019-09-06,55.650001525878906,55.72999954223633,55.150001525878906,55.619998931884766,43.11770248413086,992000
FTS.TO,2019-09-09,55.5099983215332,55.560001373291016,54.83000183105469,55.43000030517578,42.97041702270508,1267200
FTS.TO,2019-09-10,55.369998931884766,55.400001525878906,54.70000076293945,55.16999816894531,42.76884460449219,1277400
FTS.TO,2019-09-11,54.88999938964844,55.34000015258789,54.720001220703125,55.2400016784668,42.823123931884766,1387100
FTS.TO,2019-09-12,55.27000045776367,55.849998474121094,55.130001068115234,55.31999969482422,42.8851318359375,1097700
FTS.TO,2019-09-13,55.2599983215332,55.650001525878906,54.95000076293945,55.439998626708984,42.97816848754883,1146500
FTS.TO,2019-09-16,55.43000030517578,55.599998474121094,55.04999923706055,55.349998474121094,42.908390045166016,994900
FTS.TO,2019-09-17,55.5,56.2599983215332,55.47999954223633,55.630001068115234,43.125457763671875,1231500
FTS.TO,2019-09-18,55.7400016784668,55.75,55.439998626708984,55.45000076293945,42.98590850830078,1190200
FTS.TO,2019-09-19,55.540000915527344,55.86000061035156,55.43000030517578,55.540000915527344,43.05567932128906,821600
FTS.TO,2019-09-20,55.56999969482422,56.09000015258789,55.56999969482422,55.7599983215332,43.22623062133789,2738300
FTS.TO,2019-09-23,55.849998474121094,56.20000076293945,55.720001220703125,55.91999816894531,43.35026550292969,647900
FTS.TO,2019-09-24,56.13999938964844,56.4900016784668,55.93000030517578,55.959999084472656,43.38127899169922,1124200
FTS.TO,2019-09-25,55.959999084472656,56.220001220703125,55.77000045776367,56.15999984741211,43.53632736206055,883900
FTS.TO,2019-09-26,56.25,56.790000915527344,56.25,56.59000015258789,43.869667053222656,958000
FTS.TO,2019-09-27,56.63999938964844,56.63999938964844,55.95000076293945,56.09000015258789,43.482059478759766,1052400
FTS.TO,2019-09-30,56.27000045776367,56.63999938964844,55.9900016784668,56.0099983215332,43.42002868652344,1082900
FTS.TO,2019-10-01,56.0,56.279998779296875,55.7599983215332,56.02000045776367,43.427799224853516,832400
FTS.TO,2019-10-02,56.029998779296875,56.25,55.63999938964844,56.04999923706055,43.451045989990234,861600
FTS.TO,2019-10-03,56.119998931884766,56.79999923706055,56.09000015258789,56.47999954223633,43.784385681152344,1357800
FTS.TO,2019-10-04,56.52000045776367,56.939998626708984,56.459999084472656,56.650001525878906,43.91617202758789,864700
FTS.TO,2019-10-07,56.7599983215332,56.900001525878906,56.56999969482422,56.779998779296875,44.0169563293457,660400
FTS.TO,2019-10-08,56.79999923706055,56.83000183105469,56.31999969482422,56.470001220703125,43.77663803100586,1037000
FTS.TO,2019-10-09,56.59000015258789,56.650001525878906,56.279998779296875,56.40999984741211,43.73012161254883,1119900
FTS.TO,2019-10-10,56.40999984741211,56.59000015258789,55.970001220703125,56.220001220703125,43.582828521728516,1285900
FTS.TO,2019-10-11,56.09000015258789,56.130001068115234,55.29999923706055,55.40999984741211,42.95490646362305,1142800
FTS.TO,2019-10-15,55.33000183105469,55.68000030517578,54.84000015258789,55.06999969482422,42.69133377075195,1279200
FTS.TO,2019-10-16,55.220001220703125,55.220001220703125,54.58000183105469,54.79999923706055,42.482017517089844,1425500
FTS.TO,2019-10-17,54.709999084472656,54.81999969482422,54.290000915527344,54.40999984741211,42.1796875,661200
FTS.TO,2019-10-18,54.66999816894531,54.709999084472656,54.220001220703125,54.5099983215332,42.257205963134766,1132400
FTS.TO,2019-10-21,54.70000076293945,55.09000015258789,54.380001068115234,55.0099983215332,42.644805908203125,1323300
FTS.TO,2019-10-22,55.20000076293945,55.65999984741211,54.540000915527344,54.68000030517578,42.38898849487305,1540600
FTS.TO,2019-10-23,54.86000061035156,55.13999938964844,53.9900016784668,54.38999938964844,42.1641845703125,1673100
FTS.TO,2019-10-24,54.33000183105469,54.70000076293945,54.119998931884766,54.13999938964844,41.970375061035156,1063500
FTS.TO,2019-10-25,54.150001525878906,54.43000030517578,53.59000015258789,53.97999954223633,41.846343994140625,1292900
FTS.TO,2019-10-28,53.939998626708984,54.11000061035156,53.630001068115234,53.66999816894531,41.606021881103516,1258500
FTS.TO,2019-10-29,53.709999084472656,53.88999938964844,53.2400016784668,53.790000915527344,41.69904708862305,959100
FTS.TO,2019-10-30,53.72999954223633,54.58000183105469,53.70000076293945,54.2599983215332,42.06339645385742,706400
FTS.TO,2019-10-31,54.310001373291016,54.95000076293945,54.189998626708984,54.720001220703125,42.42000961303711,1149300
FTS.TO,2019-11-01,54.75,55.36000061035156,54.0,54.27000045776367,42.0711555480957,1455200
FTS.TO,2019-11-04,54.33000183105469,54.58000183105469,53.970001220703125,54.15999984741211,41.98588180541992,1962200
FTS.TO,2019-11-05,54.04999923706055,54.189998626708984,52.970001220703125,53.150001525878906,41.202911376953125,1939700
FTS.TO,2019-11-06,53.220001220703125,53.9900016784668,53.11000061035156,53.54999923706055,41.512996673583984,1322100
FTS.TO,2019-11-07,53.5,53.709999084472656,52.97999954223633,53.0,41.086631774902344,1601500
FTS.TO,2019-11-08,53.06999969482422,53.119998931884766,52.61000061035156,52.720001220703125,40.869571685791016,907300
FTS.TO,2019-11-11,52.79999923706055,52.849998474121094,52.2599983215332,52.43000030517578,40.644744873046875,823700
FTS.TO,2019-11-12,52.5099983215332,52.58000183105469,51.959999084472656,52.36000061035156,40.590484619140625,3426300
FTS.TO,2019-11-13,52.5,53.54999923706055,52.5,53.220001220703125,41.25717544555664,1130300
FTS.TO,2019-11-14,53.400001525878906,53.790000915527344,53.279998779296875,53.54999923706055,41.512996673583984,1247600
FTS.TO,2019-11-15,53.66999816894531,53.77000045776367,53.439998626708984,53.720001220703125,41.64478302001953,947600
FTS.TO,2019-11-18,53.40999984741211,53.790000915527344,53.29999923706055,53.380001068115234,41.75273132324219,798000
FTS.TO,2019-11-19,53.4900016784668,53.689998626708984,53.29999923706055,53.439998626708984,41.79965591430664,1597500
FTS.TO,2019-11-20,53.54999923706055,53.68000030517578,53.2400016784668,53.36000061035156,41.737083435058594,1162500
FTS.TO,2019-11-21,53.400001525878906,53.52000045776367,52.72999954223633,52.93000030517578,41.400753021240234,1637800
FTS.TO,2019-11-22,52.939998626708984,53.2599983215332,52.43000030517578,53.06999969482422,41.51024627685547,984700
FTS.TO,2019-11-25,53.02000045776367,53.18000030517578,52.310001373291016,52.689998626708984,41.21302032470703,2483100
FTS.TO,2019-11-26,51.70000076293945,52.310001373291016,51.650001525878906,52.27000045776367,40.88450241088867,7541700
FTS.TO,2019-11-27,52.25,52.25,52.0,52.15999984741211,40.798465728759766,1192400
FTS.TO,2019-11-28,52.20000076293945,52.279998779296875,52.08000183105469,52.13999938964844,40.78281784057617,585700
FTS.TO,2019-11-29,52.130001068115234,52.29999923706055,52.0099983215332,52.040000915527344,40.70460891723633,823000
FTS.TO,2019-12-02,52.08000183105469,52.09000015258789,51.72999954223633,51.880001068115234,40.57946014404297,2098700
FTS.TO,2019-12-03,51.900001525878906,52.470001220703125,51.84000015258789,52.310001373291016,40.91579055786133,2337800
FTS.TO,2019-12-04,52.400001525878906,52.56999969482422,52.13999938964844,52.52000045776367,41.08005142211914,1410400
FTS.TO,2019-12-05,52.4900016784668,52.4900016784668,51.7599983215332,52.400001525878906,40.98619079589844,1584900
FTS.TO,2019-12-06,52.4900016784668,53.040000915527344,52.34000015258789,52.790000915527344,41.29123306274414,1257700
FTS.TO,2019-12-09,52.790000915527344,53.130001068115234,52.650001525878906,53.119998931884766,41.549354553222656,1466900
FTS.TO,2019-12-10,53.209999084472656,53.29999923706055,52.97999954223633,53.189998626708984,41.60411834716797,1258200
FTS.TO,2019-12-11,53.2400016784668,53.5099983215332,52.9900016784668,53.349998474121094,41.72926330566406,1440200
FTS.TO,2019-12-12,53.2400016784668,53.459999084472656,53.11000061035156,53.31999969482422,41.70579528808594,2258900
FTS.TO,2019-12-13,53.31999969482422,53.88999938964844,53.06999969482422,53.84000015258789,42.11252212524414,1739700
FTS.TO,2019-12-16,53.900001525878906,54.97999954223633,53.689998626708984,54.7599983215332,42.832130432128906,2019700
FTS.TO,2019-12-17,54.709999084472656,54.77000045776367,54.150001525878906,54.189998626708984,42.38629150390625,1419600
FTS.TO,2019-12-18,54.15999984741211,54.20000076293945,53.25,53.79999923706055,42.081241607666016,1338000
FTS.TO,2019-12-19,53.97999954223633,54.02000045776367,53.63999938964844,54.0,42.2376823425293,885200
FTS.TO,2019-12-20,53.95000076293945,54.4900016784668,53.90999984741211,54.369998931884766,42.52708053588867,4729400
FTS.TO,2019-12-23,54.29999923706055,54.61000061035156,53.90999984741211,54.130001068115234,42.33936309814453,669600
FTS.TO,2019-12-24,53.9900016784668,54.220001220703125,53.7400016784668,54.16999816894531,42.37064743041992,328400
FTS.TO,2019-12-27,54.0,54.209999084472656,53.77000045776367,54.209999084472656,42.40193176269531,566800
FTS.TO,2019-12-30,54.09000015258789,54.220001220703125,53.650001525878906,54.0099983215332,42.2454948425293,606600
FTS.TO,2019-12-31,53.84000015258789,54.119998931884766,53.5099983215332,53.880001068115234,42.14381790161133,771700
FTS.TO,2020-01-02,53.9900016784668,54.099998474121094,53.400001525878906,53.72999954223633,42.0264892578125,844100
FTS.TO,2020-01-03,53.5,54.189998626708984,53.22999954223633,54.0,42.2376823425293,1193600
FTS.TO,2020-01-06,53.9900016784668,54.2599983215332,53.900001525878906,54.060001373291016,42.284610748291016,634300
FTS.TO,2020-01-07,54.130001068115234,54.369998931884766,53.90999984741211,54.130001068115234,42.33936309814453,687500
FTS.TO,2020-01-08,54.09000015258789,54.43000030517578,53.959999084472656,54.34000015258789,42.50361633300781,816500
FTS.TO,2020-01-09,54.43000030517578,54.66999816894531,54.119998931884766,54.41999816894531,42.56619644165039,889800
FTS.TO,2020-01-10,54.43000030517578,54.84000015258789,54.41999816894531,54.79999923706055,42.86342239379883,1195800
FTS.TO,2020-01-13,54.65999984741211,55.119998931884766,54.599998474121094,55.0099983215332,43.027679443359375,952600
FTS.TO,2020-01-14,54.90999984741211,55.040000915527344,54.650001525878906,54.91999816894531,42.957279205322266,4256500
FTS.TO,2020-01-15,54.95000076293945,55.34000015258789,54.93000030517578,55.2400016784668,43.20758819580078,1026600
FTS.TO,2020-01-16,55.15999984741211,55.689998626708984,55.09000015258789,55.650001525878906,43.52827072143555,834200
FTS.TO,2020-01-17,55.630001068115234,56.61000061035156,55.61000061035156,56.59000015258789,44.263526916503906,1611300
FTS.TO,2020-01-20,56.59000015258789,56.95000076293945,56.529998779296875,56.75,44.388675689697266,1571800
FTS.TO,2020-01-21,56.709999084472656,57.29999923706055,56.650001525878906,57.27000045776367,44.7953987121582,1647700
FTS.TO,2020-01-22,57.25,57.7599983215332,57.20000076293945,57.540000915527344,45.00658416748047,1149000
FTS.TO,2020-01-23,57.560001373291016,57.939998626708984,57.540000915527344,57.91999816894531,45.30381393432617,884400
FTS.TO,2020-01-24,57.790000915527344,58.47999954223633,57.790000915527344,58.189998626708984,45.5150032043457,2122500
FTS.TO,2020-01-27,58.060001373291016,58.529998779296875,58.060001373291016,58.400001525878906,45.679264068603516,1092300
FTS.TO,2020-01-28,58.45000076293945,58.5,57.97999954223633,58.0,45.366390228271484,1821600
FTS.TO,2020-01-29,58.09000015258789,58.25,57.7599983215332,58.040000915527344,45.397674560546875,931700
FTS.TO,2020-01-30,57.36000061035156,57.97999954223633,57.349998474121094,57.869998931884766,45.264713287353516,955200
FTS.TO,2020-01-31,57.869998931884766,58.11000061035156,57.470001220703125,57.720001220703125,45.14738082885742,1051800
FTS.TO,2020-02-03,57.689998626708984,58.16999816894531,57.689998626708984,58.08000183105469,45.42896270751953,949400
FTS.TO,2020-02-04,58.08000183105469,58.209999084472656,56.7599983215332,57.0,44.58420181274414,1289500
FTS.TO,2020-02-05,57.0,57.470001220703125,56.7400016784668,57.11000061035156,44.67025375366211,1414400
FTS.TO,2020-02-06,57.0099983215332,57.59000015258789,57.0099983215332,57.369998931884766,44.87361526489258,785100
FTS.TO,2020-02-07,57.599998474121094,57.869998931884766,57.41999816894531,57.47999954223633,44.95965576171875,1580900
FTS.TO,2020-02-10,57.56999969482422,58.0099983215332,57.560001373291016,57.75,45.17085266113281,939300
FTS.TO,2020-02-11,57.75,58.060001373291016,57.709999084472656,57.869998931884766,45.264713287353516,797600
FTS.TO,2020-02-12,57.630001068115234,57.900001525878906,57.31999969482422,57.75,45.17085266113281,973800
FTS.TO,2020-02-13,57.7599983215332,58.599998474121094,57.349998474121094,58.439998626708984,45.71055221557617,1697900
FTS.TO,2020-02-14,57.9900016784668,58.83000183105469,57.7400016784668,58.36000061035156,46.024417877197266,916900
FTS.TO,2020-02-18,58.34000015258789,59.279998779296875,58.29999923706055,58.83000183105469,46.39508056640625,1849000
FTS.TO,2020-02-19,58.630001068115234,58.68000030517578,58.31999969482422,58.54999923706055,46.17425537109375,1438900
FTS.TO,2020-02-20,58.540000915527344,58.65999984741211,58.18000030517578,58.34000015258789,46.00865173339844,1978900
FTS.TO,2020-02-21,58.33000183105469,58.7400016784668,58.29999923706055,58.45000076293945,46.09539794921875,3336400
FTS.TO,2020-02-24,57.79999923706055,58.84000015258789,57.7599983215332,58.459999084472656,46.10328674316406,1845500
FTS.TO,2020-02-25,58.41999816894531,58.540000915527344,57.7599983215332,57.90999984741211,45.66953659057617,1218300
FTS.TO,2020-02-26,57.790000915527344,58.220001220703125,57.459999084472656,57.59000015258789,45.417179107666016,1389500
FTS.TO,2020-02-27,57.279998779296875,57.79999923706055,56.70000076293945,56.790000915527344,44.78627014160156,1112500
FTS.TO,2020-02-28,55.04999923706055,55.36000061035156,54.02000045776367,54.31999969482422,42.83835983276367,4237800
FTS.TO,2020-03-02,54.16999816894531,56.56999969482422,54.099998474121094,56.400001525878906,44.47870635986328,2613900
FTS.TO,2020-03-03,56.65999984741211,57.86000061035156,56.4900016784668,56.529998779296875,44.58123016357422,2635200
FTS.TO,2020-03-04,56.9900016784668,58.5,56.97999954223633,58.349998474121094,46.016536712646484,1604100
FTS.TO,2020-03-05,57.880001068115234,58.810001373291016,57.66999816894531,58.22999954223633,45.921905517578125,2710400
FTS.TO,2020-03-06,57.5,58.56999969482422,57.040000915527344,58.47999954223633,46.119056701660156,3006600
FTS.TO,2020-03-09,55.0,57.40999984741211,54.459999084472656,54.84000015258789,43.24844741821289,4836300
FTS.TO,2020-03-10,55.779998779296875,56.5099983215332,54.36000061035156,55.61000061035156,43.85569763183594,3709200
FTS.TO,2020-03-11,55.0,55.400001525878906,52.58000183105469,53.06999969482422,41.852569580078125,3409100
FTS.TO,2020-03-12,49.099998474121094,50.880001068115234,45.75,47.279998779296875,37.28641128540039,6528200
FTS.TO,2020-03-13,48.75,52.41999816894531,46.630001068115234,52.290000915527344,41.23744583129883,6370000
FTS.TO,2020-03-16,47.0,50.630001068115234,46.0099983215332,47.90999984741211,37.78325271606445,2026600
FTS.TO,2020-03-17,49.130001068115234,52.20000076293945,47.56999969482422,50.599998474121094,39.9046516418457,3552500
FTS.TO,2020-03-18,48.20000076293945,50.279998779296875,45.130001068115234,46.31999969482422,36.529319763183594,2742400
FTS.TO,2020-03-19,45.2400016784668,50.0,43.060001373291016,49.380001068115234,38.94253158569336,2986000
FTS.TO,2020-03-20,49.31999969482422,50.7400016784668,45.47999954223633,46.41999816894531,36.60818099975586,4925600
FTS.TO,2020-03-23,45.650001525878906,47.06999969482422,41.52000045776367,42.20000076293945,33.28017044067383,3082000
FTS.TO,2020-03-24,43.900001525878906,46.650001525878906,43.29999923706055,45.900001525878906,36.198097229003906,2856700
FTS.TO,2020-03-25,45.90999984741211,50.79999923706055,45.40999984741211,48.9900016784668,38.63496398925781,2572500
FTS.TO,2020-03-26,48.9900016784668,51.84000015258789,48.52000045776367,51.54999923706055,40.653865814208984,1988300
FTS.TO,2020-03-27,50.11000061035156,51.38999938964844,48.4900016784668,49.70000076293945,39.19489288330078,1643900
FTS.TO,2020-03-30,50.279998779296875,52.619998931884766,49.15999984741211,52.4900016784668,41.395164489746094,1965400
FTS.TO,2020-03-31,52.31999969482422,54.470001220703125,52.08000183105469,54.27000045776367,42.79893112182617,2301700
FTS.TO,2020-04-01,53.349998474121094,53.52000045776367,50.470001220703125,51.06999969482422,40.27531433105469,1861300
FTS.TO,2020-04-02,50.959999084472656,51.790000915527344,50.630001068115234,51.52000045776367,40.63019943237305,1687300
FTS.TO,2020-04-03,51.06999969482422,51.95000076293945,50.209999084472656,51.08000183105469,40.283206939697266,1033300
FTS.TO,2020-04-06,52.310001373291016,54.95000076293945,51.81999969482422,54.790000915527344,43.20901870727539,2297200
FTS.TO,2020-04-07,55.75,56.459999084472656,54.18000030517578,54.79999923706055,43.2169075012207,2050500
FTS.TO,2020-04-08,54.959999084472656,55.95000076293945,53.90999984741211,55.22999954223633,43.55601119995117,2463000
FTS.TO,2020-04-09,55.880001068115234,56.2400016784668,54.869998931884766,55.40999984741211,43.697967529296875,2740900
FTS.TO,2020-04-13,55.09000015258789,55.36000061035156,53.72999954223633,54.72999954223633,43.16169738769531,1175400
FTS.TO,2020-04-14,54.72999954223633,55.869998931884766,54.150001525878906,55.04999923706055,43.414058685302734,2039800
FTS.TO,2020-04-15,54.41999816894531,54.70000076293945,52.900001525878906,52.91999816894531,41.73427963256836,1042400
FTS.TO,2020-04-16,53.5,54.54999923706055,53.11000061035156,53.75,42.38884353637695,1807900
FTS.TO,2020-04-17,54.77000045776367,54.77000045776367,53.02000045776367,54.529998779296875,43.003971099853516,3094900
FTS.TO,2020-04-20,54.060001373291016,54.470001220703125,53.310001373291016,53.97999954223633,42.57022476196289,2932300
FTS.TO,2020-04-21,53.369998931884766,53.97999954223633,52.619998931884766,52.7599983215332,41.60809326171875,2495700
FTS.TO,2020-04-22,53.4900016784668,54.65999984741211,52.7599983215332,54.290000915527344,42.814701080322266,2734500
FTS.TO,2020-04-23,53.75,54.22999954223633,53.0,53.189998626708984,41.94721221923828,2111500
FTS.TO,2020-04-24,53.220001220703125,53.84000015258789,52.84000015258789,53.27000045776367,42.01029586791992,1916800
FTS.TO,2020-04-27,53.880001068115234,54.83000183105469,53.540000915527344,54.790000915527344,43.20901870727539,1676900
FTS.TO,2020-04-28,55.0099983215332,55.65999984741211,54.709999084472656,55.2400016784668,43.56390380859375,1795900
FTS.TO,2020-04-29,55.66999816894531,55.95000076293945,55.33000183105469,55.61000061035156,43.85569763183594,1937300
FTS.TO,2020-04-30,55.16999816894531,55.380001068115234,53.400001525878906,53.939998626708984,42.53867721557617,2254200
FTS.TO,2020-05-01,53.5,54.029998779296875,52.75,52.869998931884766,41.694854736328125,2356800
FTS.TO,2020-05-04,52.810001373291016,53.58000183105469,52.43000030517578,53.58000183105469,42.254783630371094,2225800
FTS.TO,2020-05-05,53.66999816894531,54.689998626708984,53.529998779296875,54.61000061035156,43.06706619262695,2417500
FTS.TO,2020-05-06,54.34000015258789,54.869998931884766,54.06999969482422,54.43000030517578,42.925113677978516,7595900
FTS.TO,2020-05-07,54.7400016784668,54.810001373291016,52.86000061035156,52.95000076293945,41.7579345703125,3145000
FTS.TO,2020-05-08,53.4900016784668,53.5,52.619998931884766,53.25,41.99452590942383,2656800
FTS.TO,2020-05-11,53.060001373291016,54.349998474121094,52.81999969482422,54.27000045776367,42.79893112182617,985100
FTS.TO,2020-05-12,54.2599983215332,54.5099983215332,53.02000045776367,53.060001373291016,41.84469223022461,2316800
FTS.TO,2020-05-13,53.18000030517578,53.38999938964844,51.650001525878906,51.7599983215332,40.8194694519043,1867200
FTS.TO,2020-05-14,50.9900016784668,51.83000183105469,50.31999969482422,51.529998779296875,41.01687240600586,3150300
FTS.TO,2020-05-15,51.529998779296875,51.63999938964844,50.400001525878906,50.70000076293945,40.35621643066406,1714300
FTS.TO,2020-05-19,51.91999816894531,52.029998779296875,51.25,51.599998474121094,41.07258605957031,2029800
FTS.TO,2020-05-20,52.130001068115234,52.130001068115234,51.0,51.02000045776367,40.61092758178711,1577700
FTS.TO,2020-05-21,51.040000915527344,51.2599983215332,50.119998931884766,50.119998931884766,39.894535064697266,1473000
FTS.TO,2020-05-22,50.25,50.77000045776367,49.869998931884766,50.619998931884766,40.29253387451172,1993200
FTS.TO,2020-05-25,51.0,51.54999923706055,50.869998931884766,51.43000030517578,40.93727493286133,1274200
FTS.TO,2020-05-26,51.45000076293945,52.04999923706055,51.279998779296875,51.90999984741211,41.319339752197266,2174000
FTS.TO,2020-05-27,51.83000183105469,52.16999816894531,50.959999084472656,52.04999923706055,41.43077087402344,1525300
FTS.TO,2020-05-28,52.369998931884766,53.470001220703125,52.36000061035156,53.349998474121094,42.465553283691406,1680100
FTS.TO,2020-05-29,53.45000076293945,53.72999954223633,52.75,53.0099983215332,42.19492721557617,3635300
FTS.TO,2020-06-01,52.86000061035156,53.29999923706055,52.52000045776367,53.130001068115234,42.290443420410156,1210800
FTS.TO,2020-06-02,53.2400016784668,53.2400016784668,52.529998779296875,52.7400016784668,41.98001480102539,1176200
FTS.TO,2020-06-03,53.06999969482422,54.290000915527344,52.869998931884766,54.02000045776367,42.99886703491211,1672000
FTS.TO,2020-06-04,53.88999938964844,53.91999816894531,52.91999816894531,53.25,42.385955810546875,1800100
FTS.TO,2020-06-05,53.97999954223633,54.630001068115234,53.599998474121094,53.869998931884766,42.87946701049805,2569700
FTS.TO,2020-06-08,54.04999923706055,54.38999938964844,53.619998931884766,53.880001068115234,42.88741683959961,1592400
FTS.TO,2020-06-09,53.7400016784668,53.79999923706055,52.5099983215332,52.9900016784668,42.17899703979492,1497200
FTS.TO,2020-06-10,53.06999969482422,53.400001525878906,52.459999084472656,52.4900016784668,41.7810173034668,951400
FTS.TO,2020-06-11,52.0,52.150001525878906,50.310001373291016,50.459999084472656,40.1651725769043,1317200
FTS.TO,2020-06-12,51.290000915527344,51.939998626708984,51.0,51.38999938964844,40.905433654785156,1082500
FTS.TO,2020-06-15,50.7599983215332,52.5,50.459999084472656,52.20000076293945,41.55018615722656,1124100
FTS.TO,2020-06-16,53.16999816894531,53.34000015258789,52.08000183105469,52.290000915527344,41.6218147277832,873000
FTS.TO,2020-06-17,52.220001220703125,52.45000076293945,51.7599983215332,52.0099983215332,41.39894104003906,577700
FTS.TO,2020-06-18,51.790000915527344,52.7599983215332,51.630001068115234,52.560001373291016,41.83673095703125,608900
FTS.TO,2020-06-19,52.95000076293945,52.97999954223633,51.47999954223633,51.83000183105469,41.25566482543945,5607900
FTS.TO,2020-06-22,51.869998931884766,52.349998474121094,51.400001525878906,51.470001220703125,40.969112396240234,1142400
FTS.TO,2020-06-23,51.97999954223633,51.97999954223633,51.08000183105469,51.52000045776367,41.0089225769043,1385600
FTS.TO,2020-06-24,51.47999954223633,51.47999954223633,51.029998779296875,51.040000915527344,40.6268424987793,2215300
FTS.TO,2020-06-25,51.0,51.439998626708984,50.41999816894531,51.400001525878906,40.91339874267578,1369400
FTS.TO,2020-06-26,51.470001220703125,51.79999923706055,50.060001373291016,50.15999984741211,39.92637634277344,1183500
FTS.TO,2020-06-29,50.529998779296875,51.40999984741211,50.400001525878906,51.2400016784668,40.786033630371094,810400
FTS.TO,2020-06-30,51.439998626708984,51.88999938964844,50.9900016784668,51.630001068115234,41.09647750854492,971900
FTS.TO,2020-07-02,52.290000915527344,52.81999969482422,52.130001068115234,52.40999984741211,41.71733093261719,894900
FTS.TO,2020-07-03,52.5,52.5,51.83000183105469,52.459999084472656,41.75712585449219,235000
FTS.TO,2020-07-06,52.5099983215332,52.939998626708984,51.970001220703125,52.68000030517578,41.932247161865234,737400
FTS.TO,2020-07-07,52.36000061035156,52.720001220703125,52.13999938964844,52.22999954223633,41.57406234741211,729500
FTS.TO,2020-07-08,52.189998626708984,52.560001373291016,51.880001068115234,51.93000030517578,41.335269927978516,737700
FTS.TO,2020-07-09,51.91999816894531,51.95000076293945,50.95000076293945,51.279998779296875,40.817867279052734,889700
FTS.TO,2020-07-10,51.38999938964844,52.029998779296875,51.16999816894531,51.880001068115234,41.29547119140625,578700
FTS.TO,2020-07-13,52.209999084472656,52.63999938964844,51.720001220703125,52.54999923706055,41.82876968383789,1355300
FTS.TO,2020-07-14,52.63999938964844,53.22999954223633,52.47999954223633,53.13999938964844,42.29840087890625,1226400
FTS.TO,2020-07-15,53.4900016784668,53.900001525878906,52.88999938964844,53.47999954223633,42.569026947021484,1282800
FTS.TO,2020-07-16,53.31999969482422,54.099998474121094,53.16999816894531,54.099998474121094,43.06254577636719,1587700
FTS.TO,2020-07-17,54.040000915527344,54.810001373291016,54.0,54.75,43.579933166503906,1430700
FTS.TO,2020-07-20,54.75,54.849998474121094,53.81999969482422,54.220001220703125,43.158058166503906,2521700
FTS.TO,2020-07-21,54.130001068115234,54.33000183105469,53.470001220703125,53.61000061035156,42.67251205444336,1210100
FTS.TO,2020-07-22,53.52000045776367,53.52000045776367,53.040000915527344,53.43000030517578,42.529232025146484,1348500
FTS.TO,2020-07-23,53.47999954223633,53.7400016784668,52.849998474121094,52.970001220703125,42.163082122802734,1499600
FTS.TO,2020-07-24,52.86000061035156,53.20000076293945,52.380001068115234,52.560001373291016,41.83673095703125,1813100
FTS.TO,2020-07-27,52.63999938964844,53.11000061035156,52.400001525878906,53.09000015258789,42.258602142333984,1920000
FTS.TO,2020-07-28,53.119998931884766,53.959999084472656,52.939998626708984,53.650001525878906,42.7043571472168,1239700
FTS.TO,2020-07-29,53.709999084472656,54.08000183105469,53.540000915527344,53.93000030517578,42.927215576171875,718000
FTS.TO,2020-07-30,53.88999938964844,54.81999969482422,53.52000045776367,54.81999969482422,43.635643005371094,1207300
FTS.TO,2020-07-31,54.650001525878906,54.88999938964844,53.61000061035156,54.54999923706055,43.42073059082031,1307200
FTS.TO,2020-08-04,54.38999938964844,55.25,54.220001220703125,54.619998931884766,43.4764518737793,1884300
FTS.TO,2020-08-05,54.560001373291016,54.619998931884766,53.189998626708984,53.790000915527344,42.815792083740234,1892700
FTS.TO,2020-08-06,53.650001525878906,53.720001220703125,53.36000061035156,53.5,42.58495330810547,1061400
FTS.TO,2020-08-07,53.61000061035156,54.150001525878906,53.400001525878906,53.79999923706055,42.82374572753906,574600
FTS.TO,2020-08-10,54.27000045776367,54.27000045776367,53.40999984741211,54.130001068115234,43.0864143371582,1665300
FTS.TO,2020-08-11,54.119998931884766,54.439998626708984,53.650001525878906,53.869998931884766,42.87946701049805,1033500
FTS.TO,2020-08-12,54.0,54.689998626708984,53.90999984741211,54.20000076293945,43.14213562011719,947800
FTS.TO,2020-08-13,54.0099983215332,54.11000061035156,53.720001220703125,53.88999938964844,42.8953857421875,903600
FTS.TO,2020-08-14,53.75,53.93000030517578,53.34000015258789,53.380001068115234,42.489437103271484,1037400
FTS.TO,2020-08-17,53.599998474121094,53.619998931884766,53.099998474121094,53.150001525878906,42.306358337402344,2511200
FTS.TO,2020-08-18,52.90999984741211,53.209999084472656,52.4900016784668,52.810001373291016,42.417198181152344,934700
FTS.TO,2020-08-19,52.75,53.11000061035156,52.59000015258789,53.06999969482422,42.62603759765625,1470800
FTS.TO,2020-08-20,53.04999923706055,53.189998626708984,52.66999816894531,52.79999923706055,42.40916442871094,1145100
FTS.TO,2020-08-21,52.810001373291016,53.40999984741211,52.439998626708984,53.209999084472656,42.73847961425781,2010600
FTS.TO,2020-08-24,53.290000915527344,53.47999954223633,52.93000030517578,53.20000076293945,42.73044967651367,1757800
FTS.TO,2020-08-25,53.189998626708984,53.29999923706055,52.68000030517578,53.0099983215332,42.57783889770508,1505900
FTS.TO,2020-08-26,53.060001373291016,53.33000183105469,52.369998931884766,53.310001373291016,42.81880187988281,968400
FTS.TO,2020-08-27,53.2400016784668,53.45000076293945,52.68000030517578,52.779998779296875,42.39310073852539,1670200
FTS.TO,2020-08-28,52.68000030517578,52.75,51.939998626708984,52.13999938964844,41.87905502319336,1977900
FTS.TO,2020-08-31,52.0099983215332,52.66999816894531,51.970001220703125,52.16999816894531,41.90314865112305,2145300
FTS.TO,2020-09-01,52.189998626708984,52.2599983215332,51.29999923706055,51.77000045776367,41.58186340332031,2160200
FTS.TO,2020-09-02,51.90999984741211,53.22999954223633,51.900001525878906,53.11000061035156,42.65816116333008,1427800
FTS.TO,2020-09-03,53.209999084472656,53.439998626708984,52.119998931884766,52.5099983215332,42.17623519897461,3150900
FTS.TO,2020-09-04,52.63999938964844,52.689998626708984,51.68000030517578,52.0099983215332,41.77463150024414,2528300
FTS.TO,2020-09-08,51.9900016784668,53.439998626708984,51.79999923706055,53.2400016784668,42.76258087158203,2068600
FTS.TO,2020-09-09,53.439998626708984,54.2400016784668,53.34000015258789,53.959999084472656,43.34088897705078,1889100
FTS.TO,2020-09-10,53.79999923706055,53.849998474121094,53.029998779296875,53.119998931884766,42.66619110107422,1109700
FTS.TO,2020-09-11,53.02000045776367,53.38999938964844,52.88999938964844,53.11000061035156,42.65816116333008,730800
FTS.TO,2020-09-14,53.08000183105469,53.45000076293945,52.779998779296875,52.86000061035156,42.45735549926758,1159100
FTS.TO,2020-09-15,53.09000015258789,53.68000030517578,52.779998779296875,52.959999084472656,42.537689208984375,1276400
FTS.TO,2020-09-16,52.849998474121094,53.220001220703125,52.33000183105469,52.33000183105469,42.03166961669922,1180100
FTS.TO,2020-09-17,52.20000076293945,52.75,52.060001373291016,52.310001373291016,42.01559829711914,1116200
FTS.TO,2020-09-18,52.36000061035156,52.689998626708984,51.869998931884766,52.189998626708984,41.91920471191406,2631900
FTS.TO,2020-09-21,51.7599983215332,52.41999816894531,51.380001068115234,52.2400016784668,41.959381103515625,1138800
FTS.TO,2020-09-22,52.22999954223633,53.11000061035156,52.06999969482422,52.900001525878906,42.48949432373047,806900
FTS.TO,2020-09-23,53.18000030517578,53.36000061035156,52.56999969482422,52.59000015258789,42.24049758911133,965800
FTS.TO,2020-09-24,52.619998931884766,53.279998779296875,52.4900016784668,53.22999954223633,42.754547119140625,855400
FTS.TO,2020-09-25,53.20000076293945,54.0,53.06999969482422,53.790000915527344,43.20433807373047,985800
FTS.TO,2020-09-28,54.0,54.619998931884766,53.91999816894531,54.5099983215332,43.78264236450195,1059200
FTS.TO,2020-09-29,54.52000045776367,54.779998779296875,54.209999084472656,54.70000076293945,43.93526077270508,900300
FTS.TO,2020-09-30,54.790000915527344,55.0,54.290000915527344,54.439998626708984,43.726417541503906,1494200
FTS.TO,2020-10-01,54.52000045776367,54.880001068115234,54.20000076293945,54.52000045776367,43.79068374633789,937800
FTS.TO,2020-10-02,54.2400016784668,54.93000030517578,54.02000045776367,54.90999984741211,44.10393524169922,914100
FTS.TO,2020-10-05,55.029998779296875,55.650001525878906,54.599998474121094,55.20000076293945,44.336856842041016,3250000
FTS.TO,2020-10-06,55.29999923706055,55.38999938964844,54.68000030517578,55.209999084472656,44.34489440917969,1306500
FTS.TO,2020-10-07,55.33000183105469,55.779998779296875,55.25,55.61000061035156,44.666168212890625,1232200
FTS.TO,2020-10-08,55.810001373291016,56.15999984741211,55.529998779296875,55.59000015258789,44.650108337402344,1583100
FTS.TO,2020-10-09,55.619998931884766,55.83000183105469,54.7599983215332,54.900001525878906,44.09590148925781,1306900
FTS.TO,2020-10-13,54.939998626708984,54.939998626708984,54.31999969482422,54.599998474121094,43.85493469238281,1280700
FTS.TO,2020-10-14,54.70000076293945,54.7599983215332,53.970001220703125,54.0,43.373016357421875,1676400
FTS.TO,2020-10-15,53.79999923706055,54.599998474121094,53.68000030517578,54.439998626708984,43.726417541503906,934400
FTS.TO,2020-10-16,54.91999816894531,55.0,54.189998626708984,54.59000015258789,43.846900939941406,901500
FTS.TO,2020-10-19,54.689998626708984,54.689998626708984,53.81999969482422,53.91999816894531,43.30876159667969,1754500
FTS.TO,2020-10-20,54.119998931884766,54.130001068115234,53.40999984741211,53.59000015258789,43.043701171875,2327200
FTS.TO,2020-10-21,53.540000915527344,54.06999969482422,53.33000183105469,54.060001373291016,43.42121124267578,1116100
FTS.TO,2020-10-22,54.06999969482422,54.61000061035156,53.95000076293945,54.560001373291016,43.82280731201172,2442900
FTS.TO,2020-10-23,54.77000045776367,54.83000183105469,54.2599983215332,54.58000183105469,43.838871002197266,726300
FTS.TO,2020-10-26,54.38999938964844,54.560001373291016,54.060001373291016,54.310001373291016,43.62200927734375,1981600
FTS.TO,2020-10-27,54.25,54.689998626708984,54.16999816894531,54.41999816894531,43.71035385131836,917600
FTS.TO,2020-10-28,54.02000045776367,54.45000076293945,53.25,53.36000061035156,42.85895538330078,1978200
FTS.TO,2020-10-29,53.36000061035156,54.060001373291016,53.150001525878906,53.959999084472656,43.34088897705078,620000
FTS.TO,2020-10-30,53.72999954223633,53.7599983215332,52.400001525878906,52.630001068115234,42.27262878417969,1638600
FTS.TO,2020-11-02,52.939998626708984,53.209999084472656,52.380001068115234,52.689998626708984,42.3208122253418,1659600
FTS.TO,2020-11-03,52.83000183105469,53.220001220703125,52.34000015258789,52.56999969482422,42.22442626953125,1191900
FTS.TO,2020-11-04,52.70000076293945,53.86000061035156,52.470001220703125,52.84000015258789,42.441307067871094,3769400
FTS.TO,2020-11-05,53.689998626708984,54.16999816894531,53.41999816894531,53.79999923706055,43.212379455566406,1265600
FTS.TO,2020-11-06,53.869998931884766,55.04999923706055,53.81999969482422,54.5099983215332,43.78264236450195,1590300
FTS.TO,2020-11-09,55.5,56.34000015258789,54.2599983215332,54.43000030517578,43.7183952331543,1492300
FTS.TO,2020-11-10,54.439998626708984,55.18000030517578,54.380001068115234,54.79999923706055,44.01557540893555,1209100
FTS.TO,2020-11-11,55.11000061035156,55.400001525878906,54.95000076293945,55.02000045776367,44.192283630371094,632100
FTS.TO,2020-11-12,55.13999938964844,55.2599983215332,54.369998931884766,54.599998474121094,43.85493469238281,1674400
FTS.TO,2020-11-13,54.75,55.0,54.09000015258789,54.369998931884766,43.670196533203125,2985500
FTS.TO,2020-11-16,54.650001525878906,54.66999816894531,53.529998779296875,53.849998474121094,43.25253677368164,2028900
FTS.TO,2020-11-17,53.349998474121094,53.84000015258789,53.04999923706055,53.7599983215332,43.58901596069336,2887400
FTS.TO,2020-11-18,53.900001525878906,53.900001525878906,53.2599983215332,53.349998474121094,43.256587982177734,1256800
FTS.TO,2020-11-19,53.540000915527344,53.61000061035156,52.83000183105469,53.029998779296875,42.99713134765625,1754000
FTS.TO,2020-11-20,53.16999816894531,53.54999923706055,52.97999954223633,53.400001525878906,43.2971305847168,2335000
FTS.TO,2020-11-23,53.4900016784668,53.7400016784668,53.04999923706055,53.34000015258789,43.248477935791016,2100800
FTS.TO,2020-11-24,53.5,53.720001220703125,52.869998931884766,52.88999938964844,42.88362121582031,2634300
FTS.TO,2020-11-25,53.04999923706055,53.099998474121094,52.689998626708984,52.709999084472656,42.73766326904297,2148600
FTS.TO,2020-11-26,52.880001068115234,53.099998474121094,52.7599983215332,52.95000076293945,42.9322624206543,1370600
FTS.TO,2020-11-27,53.20000076293945,53.2400016784668,52.70000076293945,52.939998626708984,42.924156188964844,1131600
FTS.TO,2020-11-30,52.9900016784668,52.9900016784668,51.959999084472656,52.290000915527344,42.39712905883789,3157300
FTS.TO,2020-12-01,52.869998931884766,52.869998931884766,51.83000183105469,51.86000061035156,42.048484802246094,2130800
FTS.TO,2020-12-02,51.880001068115234,52.04999923706055,51.099998474121094,51.41999816894531,41.691734313964844,2416400
FTS.TO,2020-12-03,51.5,52.220001220703125,51.5,52.02000045776367,42.1782112121582,4174700
FTS.TO,2020-12-04,52.04999923706055,52.40999984741211,52.0,52.27000045776367,42.38092041015625,1715800
FTS.TO,2020-12-07,52.40999984741211,52.68000030517578,52.13999938964844,52.47999954223633,42.551185607910156,1655700
FTS.TO,2020-12-08,52.43000030517578,52.93000030517578,52.33000183105469,52.5,42.567405700683594,1650200
FTS.TO,2020-12-09,52.529998779296875,52.720001220703125,52.189998626708984,52.630001068115234,42.67280960083008,1391000
FTS.TO,2020-12-10,52.599998474121094,52.810001373291016,52.2599983215332,52.7400016784668,42.76199722290039,1298400
FTS.TO,2020-12-11,52.81999969482422,53.13999938964844,52.630001068115234,53.02000045776367,42.989009857177734,1179400
FTS.TO,2020-12-14,53.209999084472656,53.54999923706055,52.97999954223633,53.11000061035156,43.06199264526367,1552000
FTS.TO,2020-12-15,53.189998626708984,53.5,52.88999938964844,53.2400016784668,43.16740036010742,1270200
FTS.TO,2020-12-16,53.369998931884766,53.7599983215332,52.95000076293945,53.119998931884766,43.070098876953125,925300
FTS.TO,2020-12-17,53.16999816894531,53.54999923706055,53.06999969482422,53.2599983215332,43.18362045288086,1126600
FTS.TO,2020-12-18,53.27000045776367,53.34000015258789,52.52000045776367,52.52000045776367,42.5836181640625,4018900
FTS.TO,2020-12-21,52.33000183105469,52.400001525878906,51.65999984741211,52.08000183105469,42.22685623168945,1008800
FTS.TO,2020-12-22,52.209999084472656,52.369998931884766,51.90999984741211,52.18000030517578,42.30794143676758,838900
FTS.TO,2020-12-23,52.22999954223633,52.599998474121094,52.08000183105469,52.2400016784668,42.356597900390625,1185900
FTS.TO,2020-12-24,52.310001373291016,52.540000915527344,52.2599983215332,52.4900016784668,42.559288024902344,553900
FTS.TO,2020-12-29,52.63999938964844,53.040000915527344,52.400001525878906,52.540000915527344,42.59983825683594,1014000
FTS.TO,2020-12-30,52.689998626708984,52.689998626708984,52.279998779296875,52.380001068115234,42.47010040283203,642300
FTS.TO,2020-12-31,52.31999969482422,52.36000061035156,51.88999938964844,52.0,42.1619873046875,889800
FTS.TO,2021-01-04,52.20000076293945,52.29999923706055,51.7599983215332,52.16999816894531,42.29983139038086,1165800
FTS.TO,2021-01-05,51.79999923706055,52.08000183105469,51.11000061035156,51.20000076293945,41.51334762573242,1974200
FTS.TO,2021-01-06,51.43000030517578,52.310001373291016,51.119998931884766,51.4900016784668,41.74848556518555,2230600
FTS.TO,2021-01-07,51.95000076293945,51.95000076293945,51.029998779296875,51.060001373291016,41.39984130859375,2177100
FTS.TO,2021-01-08,51.220001220703125,51.720001220703125,51.029998779296875,51.16999816894531,41.489017486572266,1729900
FTS.TO,2021-01-11,51.38999938964844,51.54999923706055,50.709999084472656,50.970001220703125,41.326866149902344,1495800
FTS.TO,2021-01-12,51.0,51.25,50.63999938964844,51.20000076293945,41.51334762573242,1315400
FTS.TO,2021-01-13,51.2400016784668,51.720001220703125,51.099998474121094,51.43000030517578,41.6998405456543,1529100
FTS.TO,2021-01-14,51.599998474121094,51.869998931884766,51.27000045776367,51.7599983215332,41.96739959716797,1295100
FTS.TO,2021-01-15,52.0,52.41999816894531,51.61000061035156,52.130001068115234,42.267398834228516,1636300
FTS.TO,2021-01-18,52.220001220703125,52.709999084472656,52.150001525878906,52.63999938964844,42.680912017822266,607800
FTS.TO,2021-01-19,52.79999923706055,52.79999923706055,52.22999954223633,52.2400016784668,42.356597900390625,1445400
FTS.TO,2021-01-20,52.290000915527344,52.290000915527344,51.83000183105469,52.130001068115234,42.267398834228516,1668500
FTS.TO,2021-01-21,52.18000030517578,52.31999969482422,51.970001220703125,52.16999816894531,42.29983139038086,763200
FTS.TO,2021-01-22,52.209999084472656,52.349998474121094,51.81999969482422,52.11000061035156,42.251182556152344,1704400
FTS.TO,2021-01-25,52.11000061035156,52.630001068115234,51.83000183105469,52.36000061035156,42.45388412475586,3260600
FTS.TO,2021-01-26,52.220001220703125,52.52000045776367,52.0,52.47999954223633,42.551185607910156,804300
FTS.TO,2021-01-27,52.5,52.58000183105469,51.5099983215332,51.529998779296875,41.78092956542969,1500400
FTS.TO,2021-01-28,51.56999969482422,51.91999816894531,51.38999938964844,51.68000030517578,41.90253829956055,1895200
FTS.TO,2021-01-29,51.5,51.900001525878906,51.06999969482422,51.720001220703125,41.934974670410156,1205500
FTS.TO,2021-02-01,52.060001373291016,52.36000061035156,51.400001525878906,51.900001525878906,42.080909729003906,1871500
FTS.TO,2021-02-02,52.0099983215332,52.58000183105469,52.0099983215332,52.27000045776367,42.38092041015625,2045800
FTS.TO,2021-02-03,52.290000915527344,52.290000915527344,51.7599983215332,51.91999816894531,42.09713363647461,1556200
FTS.TO,2021-02-04,52.0099983215332,52.220001220703125,51.650001525878906,51.91999816894531,42.09713363647461,2333300
FTS.TO,2021-02-05,51.959999084472656,52.029998779296875,51.529998779296875,51.56999969482422,41.81334686279297,2186100
FTS.TO,2021-02-08,51.72999954223633,52.0,51.41999816894531,51.560001373291016,41.805233001708984,1781100
FTS.TO,2021-02-09,51.689998626708984,51.79999923706055,51.33000183105469,51.70000076293945,41.91875457763672,3686000
FTS.TO,2021-02-10,51.75,51.9900016784668,51.5,51.81999969482422,42.016056060791016,4262300
FTS.TO,2021-02-11,51.86000061035156,51.97999954223633,51.52000045776367,51.65999984741211,41.886322021484375,6325200
FTS.TO,2021-02-12,51.540000915527344,51.72999954223633,51.099998474121094,51.5,42.16881561279297,2337800
FTS.TO,2021-02-16,51.56999969482422,51.61000061035156,51.20000076293945,51.540000915527344,42.201568603515625,2817700
FTS.TO,2021-02-17,51.54999923706055,52.06999969482422,51.349998474121094,51.400001525878906,42.086936950683594,1733300
FTS.TO,2021-02-18,51.27000045776367,51.59000015258789,50.880001068115234,51.470001220703125,42.14424133300781,5105800
FTS.TO,2021-02-19,51.349998474121094,51.439998626708984,50.310001373291016,50.310001373291016,41.194427490234375,2307900
FTS.TO,2021-02-22,50.45000076293945,50.4900016784668,49.619998931884766,50.0,40.940589904785156,3824700
FTS.TO,2021-02-23,50.08000183105469,50.33000183105469,49.720001220703125,49.790000915527344,40.768638610839844,1755600
FTS.TO,2021-02-24,49.7599983215332,49.790000915527344,49.130001068115234,49.31999969482422,40.3838005065918,3832600
FTS.TO,2021-02-25,49.2599983215332,49.709999084472656,49.060001373291016,49.66999816894531,40.67038345336914,4317300
FTS.TO,2021-02-26,49.72999954223633,49.81999969482422,48.970001220703125,49.0,40.12177658081055,3028900
FTS.TO,2021-03-01,49.310001373291016,49.86000061035156,49.22999954223633,49.689998626708984,40.68675994873047,1811800
FTS.TO,2021-03-02,49.849998474121094,50.150001525878906,49.40999984741211,49.939998626708984,40.89146423339844,2255000
FTS.TO,2021-03-03,49.90999984741211,50.130001068115234,49.5099983215332,49.709999084472656,40.7031364440918,1978100
FTS.TO,2021-03-04,49.7400016784668,50.31999969482422,49.5099983215332,50.06999969482422,40.9979133605957,3728500
FTS.TO,2021-03-05,50.060001373291016,50.38999938964844,49.81999969482422,50.209999084472656,41.11254119873047,2054100
FTS.TO,2021-03-08,50.459999084472656,51.47999954223633,49.900001525878906,51.34000015258789,42.037803649902344,2801600
FTS.TO,2021-03-09,51.540000915527344,52.0,51.439998626708984,51.779998779296875,42.398075103759766,2203200
FTS.TO,2021-03-10,51.84000015258789,52.380001068115234,51.619998931884766,52.04999923706055,42.61916732788086,1323800
FTS.TO,2021-03-11,52.2400016784668,52.38999938964844,51.869998931884766,52.040000915527344,42.6109733581543,1684700
FTS.TO,2021-03-12,52.0099983215332,52.4900016784668,51.7400016784668,52.40999984741211,42.91393280029297,1058100
FTS.TO,2021-03-15,52.47999954223633,53.04999923706055,52.41999816894531,52.91999816894531,43.33152389526367,1190900
FTS.TO,2021-03-16,52.88999938964844,53.22999954223633,52.7400016784668,53.16999816894531,43.53622817993164,1563800
FTS.TO,2021-03-17,53.150001525878906,53.20000076293945,52.84000015258789,53.0099983215332,43.405216217041016,1218600
FTS.TO,2021-03-18,52.970001220703125,53.16999816894531,52.68000030517578,53.119998931884766,43.49528503417969,885700
FTS.TO,2021-03-19,53.20000076293945,53.63999938964844,53.040000915527344,53.59000015258789,43.880130767822266,4658300
FTS.TO,2021-03-22,53.45000076293945,53.97999954223633,53.380001068115234,53.77000045776367,44.02751541137695,1014200
FTS.TO,2021-03-23,53.849998474121094,53.97999954223633,53.61000061035156,53.970001220703125,44.19127655029297,1159400
FTS.TO,2021-03-24,53.849998474121094,53.97999954223633,53.650001525878906,53.93000030517578,44.15851593017578,915600
FTS.TO,2021-03-25,53.79999923706055,54.400001525878906,53.7599983215332,54.31999969482422,44.47786331176758,1354700
FTS.TO,2021-03-26,54.29999923706055,54.75,54.18000030517578,54.70000076293945,44.78901672363281,1311100
FTS.TO,2021-03-29,54.63999938964844,55.25,54.599998474121094,55.11000061035156,45.12472152709961,1117700
FTS.TO,2021-03-30,55.060001373291016,55.130001068115234,54.369998931884766,54.58000183105469,44.69075393676758,874000
FTS.TO,2021-03-31,54.41999816894531,54.59000015258789,54.290000915527344,54.529998779296875,44.64981460571289,1089700
FTS.TO,2021-04-01,54.58000183105469,54.58000183105469,53.95000076293945,54.459999084472656,44.59249496459961,924400
FTS.TO,2021-04-05,54.38999938964844,55.189998626708984,54.38999938964844,54.88999938964844,44.94458770751953,852300
FTS.TO,2021-04-06,54.95000076293945,55.13999938964844,54.63999938964844,55.04999923706055,45.07558822631836,729700
FTS.TO,2021-04-07,55.099998474121094,55.369998931884766,55.040000915527344,55.040000915527344,45.06740951538086,760300
FTS.TO,2021-04-08,55.11000061035156,55.220001220703125,54.83000183105469,54.91999816894531,44.969146728515625,1415100
FTS.TO,2021-04-09,54.900001525878906,54.97999954223633,54.59000015258789,54.790000915527344,44.862701416015625,713400
FTS.TO,2021-04-12,54.72999954223633,55.119998931884766,54.63999938964844,54.7400016784668,44.8217658996582,1252200
FTS.TO,2021-04-13,54.58000183105469,55.380001068115234,54.58000183105469,55.279998779296875,45.263919830322266,1102600
FTS.TO,2021-04-14,55.29999923706055,55.470001220703125,55.09000015258789,55.16999816894531,45.17384719848633,645800
FTS.TO,2021-04-15,55.189998626708984,55.38999938964844,54.689998626708984,54.790000915527344,44.862701416015625,1300300
FTS.TO,2021-04-16,54.869998931884766,55.06999969482422,54.7400016784668,55.040000915527344,45.06740951538086,1237800
FTS.TO,2021-04-19,55.06999969482422,55.2599983215332,54.88999938964844,55.2599983215332,45.247535705566406,2774900
FTS.TO,2021-04-20,55.119998931884766,55.86000061035156,54.95000076293945,55.810001373291016,45.69789123535156,1446400
FTS.TO,2021-04-21,55.810001373291016,56.36000061035156,55.63999938964844,56.13999938964844,45.96810531616211,1527500
FTS.TO,2021-04-22,56.150001525878906,56.150001525878906,55.720001220703125,55.869998931884766,45.74702072143555,1137300
FTS.TO,2021-04-23,55.810001373291016,55.93000030517578,55.33000183105469,55.369998931884766,45.33761215209961,1335500
FTS.TO,2021-04-26,55.369998931884766,55.400001525878906,54.81999969482422,54.9900016784668,45.026466369628906,3863600
FTS.TO,2021-04-27,55.0,55.18000030517578,54.72999954223633,54.869998931884766,44.92820739746094,2101300
FTS.TO,2021-04-28,54.86000061035156,54.88999938964844,54.470001220703125,54.52000045776367,44.64162826538086,739200
FTS.TO,2021-04-29,54.54999923706055,54.790000915527344,54.45000076293945,54.540000915527344,44.657997131347656,1099000
FTS.TO,2021-04-30,54.54999923706055,54.849998474121094,54.45000076293945,54.83000183105469,44.89545822143555,797200
FTS.TO,2021-05-03,54.93000030517578,55.060001373291016,54.61000061035156,54.90999984741211,44.960968017578125,563800
FTS.TO,2021-05-04,55.0,55.150001525878906,54.52000045776367,54.77000045776367,44.84632873535156,1154600
FTS.TO,2021-05-05,54.79999923706055,54.849998474121094,54.439998626708984,54.5,44.62523651123047,1995900
FTS.TO,2021-05-06,54.869998931884766,55.029998779296875,54.470001220703125,54.95000076293945,44.99370574951172,787100
FTS.TO,2021-05-07,55.099998474121094,55.439998626708984,54.959999084472656,54.970001220703125,45.010093688964844,901200
FTS.TO,2021-05-10,55.20000076293945,55.59000015258789,54.959999084472656,54.9900016784668,45.026466369628906,1388500
FTS.TO,2021-05-11,55.0099983215332,55.060001373291016,54.31999969482422,54.810001373291016,44.879085540771484,3671600
FTS.TO,2021-05-12,54.81999969482422,55.029998779296875,54.650001525878906,54.86000061035156,44.920021057128906,1461400
FTS.TO,2021-05-13,54.959999084472656,55.459999084472656,54.79999923706055,55.119998931884766,45.13290786743164,1671100
FTS.TO,2021-05-14,54.619998931884766,55.11000061035156,54.619998931884766,55.02000045776367,45.467586517333984,1340200
FTS.TO,2021-05-17,54.7599983215332,54.95000076293945,54.540000915527344,54.77000045776367,45.26099395751953,3507400
FTS.TO,2021-05-18,54.75,55.220001220703125,54.59000015258789,55.08000183105469,45.517181396484375,3468200
FTS.TO,2021-05-19,54.970001220703125,55.0,54.540000915527344,54.900001525878906,45.36843490600586,1359400
FTS.TO,2021-05-20,55.040000915527344,55.43000030517578,54.779998779296875,55.290000915527344,45.69071960449219,1643700
FTS.TO,2021-05-21,55.38999938964844,55.529998779296875,55.08000183105469,55.22999954223633,45.64113998413086,755500
FTS.TO,2021-05-25,55.470001220703125,55.470001220703125,54.689998626708984,55.13999938964844,45.56675720214844,2044500
FTS.TO,2021-05-26,55.290000915527344,55.45000076293945,55.02000045776367,55.13999938964844,45.56675720214844,1235000
FTS.TO,2021-05-27,55.08000183105469,55.16999816894531,54.619998931884766,54.90999984741211,45.3766975402832,1891200
FTS.TO,2021-05-28,55.290000915527344,55.29999923706055,54.81999969482422,55.119998931884766,45.550235748291016,1004400
FTS.TO,2021-05-31,55.27000045776367,55.27000045776367,54.7599983215332,54.81999969482422,45.30231475830078,657600
FTS.TO,2021-06-01,54.869998931884766,55.099998474121094,54.38999938964844,54.439998626708984,44.98829650878906,1919600
FTS.TO,2021-06-02,54.439998626708984,55.060001373291016,54.400001525878906,54.849998474121094,45.327110290527344,1068700
FTS.TO,2021-06-03,54.81999969482422,55.16999816894531,54.709999084472656,55.04999923706055,45.49238586425781,1025800
FTS.TO,2021-06-04,55.04999923706055,55.34000015258789,55.0099983215332,55.25,45.65766143798828,655400
FTS.TO,2021-06-07,55.209999084472656,55.58000183105469,55.11000061035156,55.52000045776367,45.88077926635742,1294200
FTS.TO,2021-06-08,55.630001068115234,55.7400016784668,55.31999969482422,55.4900016784668,45.855995178222656,979700
FTS.TO,2021-06-09,55.4900016784668,56.130001068115234,55.31999969482422,55.970001220703125,46.25266647338867,1056500
FTS.TO,2021-06-10,56.119998931884766,56.540000915527344,56.029998779296875,56.33000183105469,46.55015182495117,1688200
FTS.TO,2021-06-11,56.40999984741211,56.599998474121094,56.20000076293945,56.470001220703125,46.66584777832031,725000
FTS.TO,2021-06-14,56.470001220703125,56.75,56.43000030517578,56.66999816894531,46.83113098144531,1408700
FTS.TO,2021-06-15,56.75,57.119998931884766,56.689998626708984,56.959999084472656,47.070770263671875,631500
FTS.TO,2021-06-16,56.959999084472656,57.31999969482422,56.68000030517578,56.77000045776367,46.91376495361328,846700
FTS.TO,2021-06-17,56.869998931884766,57.22999954223633,56.61000061035156,56.939998626708984,47.05424880981445,944000
FTS.TO,2021-06-18,56.650001525878906,56.900001525878906,56.43000030517578,56.560001373291016,46.74022674560547,2545000
FTS.TO,2021-06-21,56.560001373291016,56.709999084472656,56.33000183105469,56.529998779296875,46.71544647216797,492900
FTS.TO,2021-06-22,56.4900016784668,56.599998474121094,56.2400016784668,56.349998474121094,46.566688537597656,1107800
FTS.TO,2021-06-23,56.2400016784668,56.2400016784668,55.63999938964844,55.939998626708984,46.22786331176758,688300
FTS.TO,2021-06-24,56.0099983215332,56.130001068115234,55.7599983215332,56.119998931884766,46.37661361694336,896600
FTS.TO,2021-06-25,55.88999938964844,56.189998626708984,55.849998474121094,56.040000915527344,46.31049728393555,515900
FTS.TO,2021-06-28,56.29999923706055,56.38999938964844,55.7599983215332,55.869998931884766,46.170013427734375,633600
FTS.TO,2021-06-29,55.86000061035156,55.95000076293945,55.22999954223633,55.25,45.65766143798828,964300
FTS.TO,2021-06-30,55.25,55.34000015258789,54.689998626708984,54.869998931884766,45.3436393737793,1135800
FTS.TO,2021-07-02,54.86000061035156,55.13999938964844,54.56999969482422,54.7599983215332,45.25273513793945,873300
FTS.TO,2021-07-05,54.79999923706055,55.130001068115234,54.68000030517578,55.099998474121094,45.53370666503906,385800
FTS.TO,2021-07-06,55.0099983215332,55.45000076293945,54.77000045776367,55.38999938964844,45.77335739135742,1311900
FTS.TO,2021-07-07,55.13999938964844,55.439998626708984,55.0,55.380001068115234,45.765098571777344,892800
FTS.TO,2021-07-08,55.34000015258789,56.02000045776367,55.25,55.88999938964844,46.18655014038086,1330300
FTS.TO,2021-07-09,55.81999969482422,55.86000061035156,55.25,55.61000061035156,45.955162048339844,1025700
FTS.TO,2021-07-12,55.68000030517578,55.81999969482422,55.43000030517578,55.439998626708984,45.81467819213867,924900
FTS.TO,2021-07-13,55.45000076293945,55.70000076293945,55.349998474121094,55.52000045776367,45.88077926635742,794400
FTS.TO,2021-07-14,55.45000076293945,55.689998626708984,55.16999816894531,55.66999816894531,46.00474166870117,592400
FTS.TO,2021-07-15,55.54999923706055,55.959999084472656,55.54999923706055,55.959999084472656,46.2443962097168,783400
FTS.TO,2021-07-16,55.97999954223633,56.47999954223633,55.84000015258789,56.2599983215332,46.492313385009766,611200
FTS.TO,2021-07-19,56.36000061035156,56.75,55.849998474121094,56.400001525878906,46.608001708984375,2001000
FTS.TO,2021-07-20,56.529998779296875,56.84000015258789,56.18000030517578,56.25,46.48404312133789,990600
FTS.TO,2021-07-21,56.310001373291016,56.38999938964844,55.81999969482422,55.900001525878906,46.1948127746582,793800
FTS.TO,2021-07-22,55.900001525878906,56.099998474121094,55.63999938964844,55.83000183105469,46.136966705322266,961600
FTS.TO,2021-07-23,55.959999084472656,56.209999084472656,55.849998474121094,56.060001373291016,46.32703399658203,1176100
FTS.TO,2021-07-26,56.09000015258789,56.09000015258789,55.59000015258789,55.810001373291016,46.120445251464844,943900
FTS.TO,2021-07-27,55.95000076293945,56.40999984741211,55.70000076293945,56.189998626708984,46.4344596862793,832100
FTS.TO,2021-07-28,56.0099983215332,56.56999969482422,55.959999084472656,56.22999954223633,46.467525482177734,547400
FTS.TO,2021-07-29,56.2400016784668,56.380001068115234,55.810001373291016,56.15999984741211,46.409671783447266,1079500
FTS.TO,2021-07-30,56.040000915527344,56.58000183105469,56.0099983215332,56.58000183105469,46.75674819946289,1254000
FTS.TO,2021-08-03,56.310001373291016,57.220001220703125,56.310001373291016,56.81999969482422,46.95508575439453,911100
FTS.TO,2021-08-04,56.83000183105469,57.2400016784668,56.7599983215332,57.04999923706055,47.1451530456543,1166600
FTS.TO,2021-08-05,57.08000183105469,57.34000015258789,56.91999816894531,57.13999938964844,47.21952438354492,1198700
FTS.TO,2021-08-06,57.119998931884766,57.5099983215332,56.869998931884766,57.15999984741211,47.236053466796875,880900
FTS.TO,2021-08-09,57.099998474121094,57.45000076293945,57.060001373291016,57.400001525878906,47.434391021728516,821800
FTS.TO,2021-08-10,57.400001525878906,57.630001068115234,57.25,57.400001525878906,47.434391021728516,971000
FTS.TO,2021-08-11,57.56999969482422,58.029998779296875,57.43000030517578,57.77000045776367,47.740142822265625,1453600
FTS.TO,2021-08-12,57.95000076293945,58.13999938964844,57.68000030517578,57.869998931884766,47.822784423828125,813900
FTS.TO,2021-08-13,57.970001220703125,58.47999954223633,57.90999984741211,58.209999084472656,48.103755950927734,4034100
FTS.TO,2021-08-16,58.290000915527344,59.060001373291016,58.209999084472656,58.790000915527344,48.58305740356445,6676500
FTS.TO,2021-08-17,58.9900016784668,59.25,58.47999954223633,58.779998779296875,48.57479476928711,2745800
FTS.TO,2021-08-18,57.90999984741211,58.15999984741211,57.439998626708984,57.90999984741211,48.270545959472656,1010300
FTS.TO,2021-08-19,57.79999923706055,58.43000030517578,57.7599983215332,58.34000015258789,48.62897491455078,1715400
FTS.TO,2021-08-20,58.349998474121094,58.939998626708984,58.119998931884766,58.599998474121094,48.8456916809082,4267300
FTS.TO,2021-08-23,58.68000030517578,58.70000076293945,57.810001373291016,58.04999923706055,48.387245178222656,4730300
FTS.TO,2021-08-24,57.95000076293945,58.099998474121094,57.349998474121094,57.61000061035156,48.02048873901367,597800
FTS.TO,2021-08-25,57.68000030517578,57.75,57.33000183105469,57.439998626708984,47.878787994384766,1431200
FTS.TO,2021-08-26,57.47999954223633,57.72999954223633,57.310001373291016,57.720001220703125,48.112186431884766,685200
FTS.TO,2021-08-27,57.630001068115234,57.79999923706055,57.439998626708984,57.70000076293945,48.09550476074219,545900
FTS.TO,2021-08-30,57.540000915527344,57.83000183105469,57.279998779296875,57.7599983215332,48.14552307128906,808200
FTS.TO,2021-08-31,57.91999816894531,57.95000076293945,57.66999816894531,57.79999923706055,48.17886734008789,870100
FTS.TO,2021-09-01,57.939998626708984,58.18000030517578,57.869998931884766,57.91999816894531,48.27887725830078,597500
FTS.TO,2021-09-02,57.91999816894531,58.220001220703125,57.83000183105469,58.04999923706055,48.387245178222656,472900
FTS.TO,2021-09-03,57.970001220703125,57.97999954223633,57.650001525878906,57.790000915527344,48.17052459716797,518000
FTS.TO,2021-09-07,57.650001525878906,57.81999969482422,57.2400016784668,57.25,47.72041320800781,1161900
FTS.TO,2021-09-08,57.25,58.65999984741211,57.209999084472656,58.63999938964844,48.87903594970703,1184300
FTS.TO,2021-09-09,58.470001220703125,58.77000045776367,58.150001525878906,58.18000030517578,48.49561309814453,860800
FTS.TO,2021-09-10,58.0,58.18000030517578,57.529998779296875,58.060001373291016,48.39558029174805,809500
FTS.TO,2021-09-13,58.20000076293945,58.47999954223633,57.9900016784668,58.16999816894531,48.487274169921875,1566900
FTS.TO,2021-09-14,58.11000061035156,58.43000030517578,58.099998474121094,58.36000061035156,48.64564514160156,1150300
FTS.TO,2021-09-15,58.11000061035156,58.560001373291016,58.08000183105469,58.349998474121094,48.637306213378906,773100
FTS.TO,2021-09-16,58.380001068115234,58.58000183105469,57.90999984741211,58.02000045776367,48.36223220825195,661600
FTS.TO,2021-09-17,57.70000076293945,57.84000015258789,57.2599983215332,57.4900016784668,47.920467376708984,3350800
FTS.TO,2021-09-20,57.029998779296875,57.84000015258789,57.0099983215332,57.709999084472656,48.10383987426758,1412700
FTS.TO,2021-09-21,57.91999816894531,58.45000076293945,57.790000915527344,58.310001373291016,48.603965759277344,1505200
FTS.TO,2021-09-22,58.0,58.90999984741211,58.0,58.43000030517578,48.70399856567383,1103600
FTS.TO,2021-09-23,58.400001525878906,58.58000183105469,57.130001068115234,57.13999938964844,47.628719329833984,1108600
FTS.TO,2021-09-24,57.099998474121094,57.43000030517578,57.040000915527344,57.09000015258789,47.587039947509766,770100
FTS.TO,2021-09-27,57.130001068115234,57.2400016784668,56.43000030517578,56.45000076293945,47.05358123779297,868400
FTS.TO,2021-09-28,56.279998779296875,56.33000183105469,55.779998779296875,56.029998779296875,46.703487396240234,864500
FTS.TO,2021-09-29,56.150001525878906,56.45000076293945,55.97999954223633,56.220001220703125,46.86186218261719,893000
FTS.TO,2021-09-30,56.369998931884766,56.45000076293945,55.95000076293945,56.189998626708984,46.83685302734375,893100
FTS.TO,2021-10-01,56.29999923706055,56.29999923706055,55.63999938964844,55.93000030517578,46.6201286315918,725800
FTS.TO,2021-10-04,55.900001525878906,56.119998931884766,55.599998474121094,55.970001220703125,46.653480529785156,749900
FTS.TO,2021-10-05,55.959999084472656,55.959999084472656,55.41999816894531,55.58000183105469,46.32838821411133,869800
FTS.TO,2021-10-06,55.459999084472656,56.41999816894531,55.43000030517578,56.380001068115234,46.99523162841797,909400
FTS.TO,2021-10-07,56.31999969482422,56.75,56.20000076293945,56.400001525878906,47.011898040771484,1136100
FTS.TO,2021-10-08,56.349998474121094,56.65999984741211,55.7599983215332,55.7599983215332,46.478424072265625,995300
FTS.TO,2021-10-12,55.75,56.13999938964844,55.41999816894531,55.939998626708984,46.62846374511719,1414800
FTS.TO,2021-10-13,56.09000015258789,56.5099983215332,55.95000076293945,56.439998626708984,47.04524230957031,1124600
FTS.TO,2021-10-14,56.59000015258789,56.849998474121094,56.459999084472656,56.7599983215332,47.31197738647461,764600
FTS.TO,2021-10-15,56.75,56.81999969482422,56.43000030517578,56.439998626708984,47.04524230957031,790600
FTS.TO,2021-10-18,56.220001220703125,56.38999938964844,55.97999954223633,56.34000015258789,46.96188735961914,1263300
FTS.TO,2021-10-19,56.0,56.220001220703125,55.18000030517578,55.4900016784668,46.25337600708008,2243400
FTS.TO,2021-10-20,55.70000076293945,55.7599983215332,55.33000183105469,55.45000076293945,46.22003173828125,1469600
FTS.TO,2021-10-21,55.4900016784668,55.70000076293945,55.060001373291016,55.119998931884766,45.94496154785156,1472100
FTS.TO,2021-10-22,55.08000183105469,55.529998779296875,55.029998779296875,55.06999969482422,45.903289794921875,1352700
FTS.TO,2021-10-25,55.060001373291016,55.41999816894531,54.79999923706055,55.130001068115234,45.953304290771484,1088900
FTS.TO,2021-10-26,55.130001068115234,55.560001373291016,55.029998779296875,55.2400016784668,46.04500198364258,776500
FTS.TO,2021-10-27,55.529998779296875,55.529998779296875,54.81999969482422,55.02000045776367,45.86159896850586,1162200
FTS.TO,2021-10-28,55.0,55.33000183105469,54.86000061035156,54.90999984741211,45.76992416381836,863900
FTS.TO,2021-10-29,54.79999923706055,55.150001525878906,54.72999954223633,55.09000015258789,45.919960021972656,1644200
FTS.TO,2021-11-01,55.220001220703125,55.41999816894531,54.77000045776367,55.27000045776367,46.06999206542969,1462600
FTS.TO,2021-11-02,55.38999938964844,55.5,55.04999923706055,55.220001220703125,46.028324127197266,4686000
FTS.TO,2021-11-03,55.29999923706055,55.599998474121094,55.0099983215332,55.5,46.261714935302734,2138700
FTS.TO,2021-11-04,55.599998474121094,56.0,55.540000915527344,55.95000076293945,46.63680648803711,955400
FTS.TO,2021-11-05,56.0,56.41999816894531,55.95000076293945,56.11000061035156,46.770172119140625,863200
FTS.TO,2021-11-08,56.220001220703125,56.22999954223633,55.709999084472656,56.189998626708984,46.83685302734375,956800
FTS.TO,2021-11-09,56.36000061035156,56.7400016784668,56.290000915527344,56.43000030517578,47.036903381347656,2837400
FTS.TO,2021-11-10,56.45000076293945,57.20000076293945,56.209999084472656,56.959999084472656,47.478675842285156,961400
FTS.TO,2021-11-11,57.279998779296875,57.279998779296875,56.220001220703125,56.630001068115234,47.20361328125,1660800
FTS.TO,2021-11-12,56.70000076293945,56.75,56.04999923706055,56.13999938964844,46.795188903808594,6082500
FTS.TO,2021-11-15,56.18000030517578,56.5,56.13999938964844,56.439998626708984,47.04524230957031,2590600
FTS.TO,2021-11-16,55.93000030517578,56.27000045776367,55.59000015258789,55.630001068115234,46.813819885253906,1055100
FTS.TO,2021-11-17,55.56999969482422,55.97999954223633,55.40999984741211,55.959999084472656,47.091529846191406,2483500
FTS.TO,2021-11-18,55.970001220703125,56.119998931884766,55.59000015258789,55.630001068115234,46.813819885253906,4051700
FTS.TO,2021-11-19,55.54999923706055,56.439998626708984,55.47999954223633,56.31999969482422,47.394474029541016,4370500
FTS.TO,2021-11-22,56.310001373291016,56.779998779296875,56.099998474121094,56.529998779296875,47.571189880371094,2356700
FTS.TO,2021-11-23,56.560001373291016,56.849998474121094,56.369998931884766,56.54999923706055,47.58802032470703,953500
FTS.TO,2021-11-24,56.4900016784668,56.5,55.880001068115234,56.11000061035156,47.2177619934082,1013300
FTS.TO,2021-11-25,56.06999969482422,56.310001373291016,55.959999084472656,56.099998474121094,47.20934295654297,367600
FTS.TO,2021-11-26,55.90999984741211,56.43000030517578,55.720001220703125,55.93000030517578,47.0662727355957,1161400
FTS.TO,2021-11-29,55.91999816894531,56.099998474121094,55.66999816894531,55.959999084472656,47.091529846191406,1154500
FTS.TO,2021-11-30,55.849998474121094,55.849998474121094,55.2400016784668,55.2599983215332,46.5024528503418,2295300
FTS.TO,2021-12-01,55.40999984741211,56.15999984741211,55.40999984741211,55.45000076293945,46.662349700927734,853700
FTS.TO,2021-12-02,55.650001525878906,56.31999969482422,55.63999938964844,56.040000915527344,47.158843994140625,1054800
FTS.TO,2021-12-03,56.06999969482422,56.349998474121094,55.81999969482422,56.310001373291016,47.38605499267578,698900
FTS.TO,2021-12-06,56.09000015258789,57.41999816894531,56.09000015258789,57.25,48.17708969116211,2067000
FTS.TO,2021-12-07,57.25,57.90999984741211,57.0099983215332,57.779998779296875,48.623104095458984,1326900
FTS.TO,2021-12-08,57.900001525878906,57.93000030517578,57.40999984741211,57.84000015258789,48.673587799072266,1141800
FTS.TO,2021-12-09,57.849998474121094,57.88999938964844,57.5099983215332,57.7400016784668,48.58943557739258,946100
FTS.TO,2021-12-10,57.810001373291016,58.13999938964844,57.63999938964844,57.97999954223633,48.79139709472656,982100
FTS.TO,2021-12-13,58.0099983215332,58.91999816894531,58.0099983215332,58.79999923706055,49.4814453125,1795500
FTS.TO,2021-12-14,58.459999084472656,60.040000915527344,58.31999969482422,59.75,50.2808952331543,2007400
FTS.TO,2021-12-15,59.70000076293945,60.720001220703125,59.68000030517578,60.0099983215332,50.499691009521484,1963100
FTS.TO,2021-12-16,59.599998474121094,60.349998474121094,59.58000183105469,60.16999816894531,50.63433837890625,1259800
FTS.TO,2021-12-17,60.16999816894531,60.66999816894531,60.16999816894531,60.5099983215332,50.92044448852539,3007200
FTS.TO,2021-12-20,60.290000915527344,60.779998779296875,60.09000015258789,60.720001220703125,51.097171783447266,950300
FTS.TO,2021-12-21,60.63999938964844,61.220001220703125,60.47999954223633,60.90999984741211,51.25706100463867,990800
FTS.TO,2021-12-22,60.83000183105469,61.02000045776367,60.459999084472656,60.9900016784668,51.32437515258789,759500
FTS.TO,2021-12-23,61.0,61.25,60.7400016784668,60.7400016784668,51.11399841308594,436800
FTS.TO,2021-12-24,60.75,60.9900016784668,60.63999938964844,60.63999938964844,51.02984619140625,115900
FTS.TO,2021-12-29,60.70000076293945,61.439998626708984,60.70000076293945,61.15999984741211,51.467437744140625,674400
FTS.TO,2021-12-30,61.119998931884766,61.540000915527344,61.099998474121094,61.13999938964844,51.450599670410156,1099200
FTS.TO,2021-12-31,61.0,61.16999816894531,60.72999954223633,61.029998779296875,51.3580436706543,1307600
FTS.TO,2022-01-04,60.88999938964844,61.130001068115234,60.459999084472656,60.47999954223633,50.895198822021484,969700
FTS.TO,2022-01-05,60.279998779296875,60.349998474121094,59.810001373291016,60.04999923706055,50.53335189819336,1272300
FTS.TO,2022-01-06,59.79999923706055,59.97999954223633,59.380001068115234,59.439998626708984,50.02001953125,1453300
FTS.TO,2022-01-07,59.060001373291016,59.060001373291016,58.43000030517578,58.84000015258789,49.51511001586914,1029200
FTS.TO,2022-01-10,58.779998779296875,59.209999084472656,58.650001525878906,59.18000030517578,49.801231384277344,1500800
FTS.TO,2022-01-11,59.08000183105469,59.2400016784668,58.72999954223633,58.86000061035156,49.531944274902344,1469500
FTS.TO,2022-01-12,58.7599983215332,59.150001525878906,58.43000030517578,59.029998779296875,49.674983978271484,1386100
FTS.TO,2022-01-13,59.0,59.349998474121094,58.900001525878906,58.959999084472656,49.616085052490234,654100
FTS.TO,2022-01-14,58.900001525878906,59.040000915527344,58.68000030517578,58.880001068115234,49.548770904541016,1294000
FTS.TO,2022-01-17,58.7599983215332,58.810001373291016,58.369998931884766,58.439998626708984,49.178497314453125,464200
FTS.TO,2022-01-18,58.25,58.40999984741211,57.90999984741211,58.16999816894531,48.95128631591797,1132600
FTS.TO,2022-01-19,58.15999984741211,58.220001220703125,57.59000015258789,58.13999938964844,48.92604446411133,1639000
FTS.TO,2022-01-20,58.20000076293945,58.560001373291016,58.16999816894531,58.33000183105469,49.08592987060547,1282600
FTS.TO,2022-01-21,58.279998779296875,58.9900016784668,58.16999816894531,58.95000076293945,49.607669830322266,2001600
FTS.TO,2022-01-24,58.779998779296875,59.11000061035156,57.68000030517578,58.68000030517578,49.380462646484375,2253300
FTS.TO,2022-01-25,57.849998474121094,58.77000045776367,57.84000015258789,58.400001525878906,49.144832611083984,1152400
FTS.TO,2022-01-26,58.540000915527344,58.849998474121094,58.189998626708984,58.40999984741211,49.15324783325195,1174900
FTS.TO,2022-01-27,58.560001373291016,59.439998626708984,58.560001373291016,59.099998474121094,49.73390197753906,1738000
FTS.TO,2022-01-28,59.08000183105469,59.93000030517578,58.93000030517578,59.79999923706055,50.322967529296875,1266900
FTS.TO,2022-01-31,59.58000183105469,60.689998626708984,59.439998626708984,60.380001068115234,50.81105422973633,2029800
FTS.TO,2022-02-01,60.400001525878906,60.4900016784668,59.4900016784668,59.56999969482422,50.12942123413086,947800
FTS.TO,2022-02-02,59.72999954223633,60.220001220703125,59.66999816894531,60.0099983215332,50.499691009521484,1517000
FTS.TO,2022-02-03,59.70000076293945,60.16999816894531,59.5099983215332,60.06999969482422,50.5501708984375,2750000
FTS.TO,2022-02-04,60.150001525878906,60.36000061035156,59.36000061035156,59.75,50.2808952331543,4194900
FTS.TO,2022-02-07,59.66999816894531,60.15999984741211,59.54999923706055,59.720001220703125,50.255653381347656,2551100
FTS.TO,2022-02-08,59.91999816894531,60.06999969482422,59.709999084472656,59.779998779296875,50.30614471435547,1054400
FTS.TO,2022-02-09,60.20000076293945,60.29999923706055,59.779998779296875,59.90999984741211,50.41553497314453,1262900
FTS.TO,2022-02-10,59.59000015258789,59.790000915527344,59.189998626708984,59.279998779296875,49.885372161865234,1527100
FTS.TO,2022-02-11,58.86000061035156,59.2400016784668,58.119998931884766,59.029998779296875,49.674983978271484,1647700
FTS.TO,2022-02-14,58.040000915527344,58.470001220703125,56.900001525878906,57.189998626708984,48.566768646240234,3068300
FTS.TO,2022-02-15,57.310001373291016,57.540000915527344,56.86000061035156,56.95000076293945,48.36296081542969,1655800
FTS.TO,2022-02-16,56.79999923706055,57.43000030517578,56.63999938964844,57.15999984741211,48.54128646850586,1511800
FTS.TO,2022-02-17,57.45000076293945,57.900001525878906,57.18000030517578,57.83000183105469,49.11027145385742,3487500
FTS.TO,2022-02-18,57.77000045776367,58.189998626708984,57.54999923706055,57.7599983215332,49.05081558227539,967300
FTS.TO,2022-02-22,57.52000045776367,57.70000076293945,57.029998779296875,57.59000015258789,48.90645217895508,2093900
FTS.TO,2022-02-23,57.5,57.97999954223633,57.47999954223633,57.77000045776367,49.0593147277832,3550700
FTS.TO,2022-02-24,57.2599983215332,58.02000045776367,57.18000030517578,57.880001068115234,49.1527214050293,1977200
FTS.TO,2022-02-25,58.099998474121094,58.68000030517578,57.880001068115234,58.150001525878906,49.38201904296875,2083800
FTS.TO,2022-02-28,57.90999984741211,58.470001220703125,57.79999923706055,58.08000183105469,49.32257080078125,1906900
FTS.TO,2022-03-01,57.93000030517578,58.540000915527344,57.869998931884766,58.40999984741211,49.602806091308594,1369400
FTS.TO,2022-03-02,58.400001525878906,58.849998474121094,58.29999923706055,58.5,49.67924118041992,1321000
FTS.TO,2022-03-03,58.880001068115234,59.36000061035156,58.650001525878906,59.2599983215332,50.32464599609375,1126600
FTS.TO,2022-03-04,59.2400016784668,60.529998779296875,59.20000076293945,60.290000915527344,51.199344635009766,1562700
FTS.TO,2022-03-07,60.45000076293945,61.38999938964844,60.2599983215332,61.18000030517578,51.955142974853516,2154700
FTS.TO,2022-03-08,61.25,61.7400016784668,60.77000045776367,60.869998931884766,51.69188690185547,1250800
FTS.TO,2022-03-09,60.68000030517578,61.040000915527344,59.939998626708984,59.97999954223633,50.93608474731445,1167800
FTS.TO,2022-03-10,59.75,60.38999938964844,59.459999084472656,60.34000015258789,51.24180221557617,1440500
FTS.TO,2022-03-11,60.34000015258789,60.779998779296875,60.220001220703125,60.29999923706055,51.207828521728516,1430800
FTS.TO,2022-03-14,60.2400016784668,60.7599983215332,59.869998931884766,60.220001220703125,51.139896392822266,1716300
FTS.TO,2022-03-15,60.43000030517578,60.61000061035156,60.150001525878906,60.189998626708984,51.11442184448242,1081900
FTS.TO,2022-03-16,60.02000045776367,60.75,59.869998931884766,60.459999084472656,51.34371566772461,1759400
FTS.TO,2022-03-17,60.70000076293945,61.0099983215332,60.439998626708984,60.619998931884766,51.479583740234375,783000
FTS.TO,2022-03-18,60.400001525878906,60.68000030517578,60.06999969482422,60.06999969482422,51.01251220703125,5124400
FTS.TO,2022-03-21,60.119998931884766,60.709999084472656,59.97999954223633,60.13999938964844,51.07196807861328,1061500
FTS.TO,2022-03-22,60.31999969482422,60.31999969482422,59.59000015258789,60.029998779296875,50.97854232788086,752500
FTS.TO,2022-03-23,60.0099983215332,60.220001220703125,59.689998626708984,60.060001373291016,51.00402069091797,765000
FTS.TO,2022-03-24,60.0099983215332,60.47999954223633,60.0,60.34000015258789,51.24180221557617,904900
FTS.TO,2022-03-25,60.5,60.61000061035156,60.189998626708984,60.33000183105469,51.23331069946289,579100
FTS.TO,2022-03-28,60.400001525878906,60.90999984741211,60.25,60.540000915527344,51.41164016723633,607900
FTS.TO,2022-03-29,60.65999984741211,61.29999923706055,60.650001525878906,61.2599983215332,52.02307891845703,1019600
FTS.TO,2022-03-30,61.29999923706055,61.720001220703125,61.02000045776367,61.56999969482422,52.28635025024414,1073000
FTS.TO,2022-03-31,61.75,62.279998779296875,61.63999938964844,61.83000183105469,52.50712966918945,1557900
FTS.TO,2022-04-01,61.68000030517578,62.7400016784668,61.38999938964844,62.72999954223633,53.27143478393555,995600
FTS.TO,2022-04-04,62.59000015258789,62.959999084472656,62.33000183105469,62.880001068115234,53.39881896972656,929400
FTS.TO,2022-04-05,62.869998931884766,63.779998779296875,62.84000015258789,63.400001525878906,53.84040832519531,947000
FTS.TO,2022-04-06,63.29999923706055,64.70999908447266,63.29999923706055,64.6500015258789,54.901939392089844,1078700
FTS.TO,2022-04-07,64.55000305175781,64.95999908447266,64.33999633789062,64.91999816894531,55.131221771240234,1466500
FTS.TO,2022-04-08,64.88999938964844,65.12999725341797,64.55000305175781,64.58999633789062,54.85097885131836,688300
FTS.TO,2022-04-11,64.54000091552734,64.8499984741211,64.04000091552734,64.69999694824219,54.94438934326172,823900
FTS.TO,2022-04-12,64.72000122070312,64.72000122070312,64.18000030517578,64.51000213623047,54.78304672241211,652000
FTS.TO,2022-04-13,64.38999938964844,64.77999877929688,64.08000183105469,64.23999786376953,54.55375289916992,731400
FTS.TO,2022-04-14,64.26000213623047,64.5,63.40999984741211,63.5,53.92533493041992,2377600
FTS.TO,2022-04-18,63.45000076293945,63.93000030517578,63.33000183105469,63.54999923706055,53.9677848815918,1585500
FTS.TO,2022-04-19,63.599998474121094,64.04000091552734,63.470001220703125,63.619998931884766,54.02724075317383,699600
FTS.TO,2022-04-20,63.58000183105469,64.25,63.5,63.970001220703125,54.324459075927734,1625600
FTS.TO,2022-04-21,64.01000213623047,64.19999694824219,63.66999816894531,63.97999954223633,54.33296203613281,1260100
FTS.TO,2022-04-22,64.11000061035156,64.33999633789062,63.810001373291016,64.0999984741211,54.434871673583984,2189900
FTS.TO,2022-04-25,63.72999954223633,63.95000076293945,62.939998626708984,63.36000061035156,53.80644226074219,4092900
FTS.TO,2022-04-26,63.349998474121094,63.869998931884766,63.150001525878906,63.349998474121094,53.797943115234375,996400
FTS.TO,2022-04-27,63.29999923706055,63.79999923706055,62.869998931884766,63.22999954223633,53.696041107177734,1301400
FTS.TO,2022-04-28,63.18000030517578,63.9900016784668,63.040000915527344,63.709999084472656,54.103668212890625,1561500
FTS.TO,2022-04-29,63.29999923706055,63.619998931884766,62.38999938964844,62.5099983215332,53.08460998535156,1379600
FTS.TO,2022-05-02,62.25,62.59000015258789,61.540000915527344,61.900001525878906,52.56658172607422,2308000
FTS.TO,2022-05-03,61.63999938964844,62.54999923706055,61.43000030517578,61.470001220703125,52.201419830322266,1841900
FTS.TO,2022-05-04,62.2599983215332,62.400001525878906,60.77000045776367,61.0099983215332,51.8107795715332,2027400
FTS.TO,2022-05-05,61.029998779296875,62.04999923706055,60.970001220703125,61.65999984741211,52.362770080566406,1525300
FTS.TO,2022-05-06,61.31999969482422,63.09000015258789,61.31999969482422,62.93000030517578,53.44127655029297,2662100
FTS.TO,2022-05-09,62.900001525878906,64.47000122070312,62.77000045776367,63.959999084472656,54.31597137451172,2036500
FTS.TO,2022-05-10,64.0,64.81999969482422,63.779998779296875,63.9900016784668,54.34144973754883,2141800
FTS.TO,2022-05-11,63.619998931884766,63.939998626708984,63.08000183105469,63.20000076293945,53.67056655883789,1968000
FTS.TO,2022-05-12,63.02000045776367,63.720001220703125,62.68000030517578,63.150001525878906,53.628108978271484,5184600
FTS.TO,2022-05-13,63.40999984741211,63.599998474121094,62.88999938964844,62.9900016784668,53.49222946166992,3259500
FTS.TO,2022-05-16,62.27000045776367,62.97999954223633,62.18000030517578,62.66999816894531,53.67637252807617,2811900
FTS.TO,2022-05-17,62.619998931884766,63.439998626708984,62.27000045776367,63.150001525878906,54.08749771118164,3727400
FTS.TO,2022-05-18,63.2599983215332,64.05999755859375,63.2599983215332,63.54999923706055,54.430084228515625,5707100
FTS.TO,2022-05-19,63.2599983215332,63.650001525878906,62.900001525878906,63.34000015258789,54.25023651123047,3070400
FTS.TO,2022-05-20,63.439998626708984,64.30000305175781,63.279998779296875,64.27999877929688,55.05532455444336,1975100
FTS.TO,2022-05-24,64.7699966430664,65.22000122070312,64.56999969482422,65.05000305175781,55.71483612060547,1537900
FTS.TO,2022-05-25,65.0999984741211,65.26000213623047,64.55999755859375,64.61000061035156,55.33796310424805,872300
FTS.TO,2022-05-26,64.72000122070312,64.94000244140625,64.26000213623047,64.30000305175781,55.07246017456055,2366200
FTS.TO,2022-05-27,64.29000091552734,64.29000091552734,63.58000183105469,63.790000915527344,54.63564682006836,1475000
FTS.TO,2022-05-30,63.79999923706055,63.959999084472656,63.400001525878906,63.47999954223633,54.370140075683594,1401700
FTS.TO,2022-05-31,63.29999923706055,63.869998931884766,63.08000183105469,63.790000915527344,54.63564682006836,4108900
FTS.TO,2022-06-01,62.779998779296875,63.279998779296875,62.56999969482422,62.97999954223633,53.941890716552734,2301500
FTS.TO,2022-06-02,62.970001220703125,63.25,62.45000076293945,63.209999084472656,54.13887023925781,1588200
FTS.TO,2022-06-03,62.709999084472656,63.31999969482422,62.630001068115234,62.810001373291016,53.796287536621094,1301800
FTS.TO,2022-06-06,62.91999816894531,63.0,62.36000061035156,62.38999938964844,53.43655776977539,1591700
FTS.TO,2022-06-07,62.33000183105469,62.43000030517578,61.97999954223633,62.29999923706055,53.35947036743164,1396700
FTS.TO,2022-06-08,62.13999938964844,62.34000015258789,61.709999084472656,61.77000045776367,52.90553283691406,880700
FTS.TO,2022-06-09,61.709999084472656,62.15999984741211,61.529998779296875,61.63999938964844,52.794185638427734,857300
FTS.TO,2022-06-10,61.380001068115234,62.52000045776367,61.369998931884766,62.349998474121094,53.40229415893555,1233300
FTS.TO,2022-06-13,61.66999816894531,62.0,61.150001525878906,61.369998931884766,52.56293487548828,1705400
FTS.TO,2022-06-14,61.29999923706055,61.36000061035156,59.2400016784668,59.34000015258789,50.824256896972656,1925700
FTS.TO,2022-06-15,59.41999816894531,59.630001068115234,58.709999084472656,59.09000015258789,50.610130310058594,1386100
FTS.TO,2022-06-16,58.529998779296875,58.709999084472656,58.099998474121094,58.470001220703125,50.07910919189453,1157800
FTS.TO,2022-06-17,58.70000076293945,59.369998931884766,57.7599983215332,57.959999084472656,49.64229202270508,2925400
FTS.TO,2022-06-20,57.72999954223633,58.290000915527344,57.560001373291016,58.13999938964844,49.796470642089844,370100
FTS.TO,2022-06-21,58.18000030517578,58.38999938964844,57.7400016784668,58.119998931884766,49.779335021972656,807000
FTS.TO,2022-06-22,57.77000045776367,58.84000015258789,57.68000030517578,58.54999923706055,50.14762496948242,1234700
FTS.TO,2022-06-23,58.75,59.45000076293945,58.70000076293945,59.36000061035156,50.84138488769531,1069900
FTS.TO,2022-06-24,59.56999969482422,59.86000061035156,59.16999816894531,59.77000045776367,51.19254684448242,1391500
FTS.TO,2022-06-27,59.7599983215332,60.84000015258789,59.4900016784668,60.77000045776367,52.04904556274414,1235800
FTS.TO,2022-06-28,60.86000061035156,61.5099983215332,60.779998779296875,61.369998931884766,52.56293487548828,1252100
FTS.TO,2022-06-29,61.40999984741211,61.91999816894531,61.209999084472656,61.290000915527344,52.49441146850586,804800
FTS.TO,2022-06-30,60.0099983215332,60.9900016784668,60.0099983215332,60.849998474121094,52.1175651550293,1565700
FTS.TO,2022-07-04,60.83000183105469,61.650001525878906,60.5,60.689998626708984,51.98051834106445,537900
FTS.TO,2022-07-05,60.75,61.15999984741211,59.529998779296875,60.61000061035156,51.912010192871094,1296400
FTS.TO,2022-07-06,60.5,60.779998779296875,60.18000030517578,60.540000915527344,51.85204315185547,1648100
FTS.TO,2022-07-07,60.5,60.56999969482422,59.959999084472656,60.15999984741211,51.52657699584961,1454600
FTS.TO,2022-07-08,60.099998474121094,60.29999923706055,59.560001373291016,59.689998626708984,51.124027252197266,810500
FTS.TO,2022-07-11,59.59000015258789,60.380001068115234,59.59000015258789,60.04999923706055,51.43236541748047,1211300
FTS.TO,2022-07-12,60.029998779296875,60.93000030517578,60.029998779296875,60.619998931884766,51.92056655883789,1358400
FTS.TO,2022-07-13,60.279998779296875,61.41999816894531,60.08000183105469,61.27000045776367,52.477291107177734,1247700
FTS.TO,2022-07-14,61.0099983215332,61.790000915527344,61.0099983215332,61.7599983215332,52.89697265625,1670100
FTS.TO,2022-07-15,61.790000915527344,61.88999938964844,61.040000915527344,61.279998779296875,52.48584747314453,1171200
FTS.TO,2022-07-18,61.2599983215332,61.38999938964844,60.459999084472656,60.47999954223633,51.8006591796875,1050700
FTS.TO,2022-07-19,60.59000015258789,60.86000061035156,59.81999969482422,59.900001525878906,51.30390548706055,1400900
FTS.TO,2022-07-20,59.970001220703125,59.970001220703125,59.06999969482422,59.099998474121094,50.61869812011719,758700
FTS.TO,2022-07-21,59.13999938964844,59.31999969482422,58.810001373291016,58.95000076293945,50.49021911621094,738400
FTS.TO,2022-07-22,59.119998931884766,60.13999938964844,59.119998931884766,60.099998474121094,51.475189208984375,731700
FTS.TO,2022-07-25,59.900001525878906,60.61000061035156,59.790000915527344,60.5,51.81779479980469,1385300
FTS.TO,2022-07-26,60.38999938964844,61.27000045776367,60.38999938964844,61.029998779296875,52.271732330322266,763900
FTS.TO,2022-07-27,61.0,61.02000045776367,60.5099983215332,60.52000045776367,51.83491516113281,847000
FTS.TO,2022-07-28,60.02000045776367,60.65999984741211,59.720001220703125,60.43000030517578,51.757835388183594,1488300
FTS.TO,2022-07-29,60.47999954223633,60.650001525878906,59.88999938964844,60.4900016784668,51.809226989746094,2175600
FTS.TO,2022-08-02,60.22999954223633,60.790000915527344,60.20000076293945,60.27000045776367,51.62079620361328,814200
FTS.TO,2022-08-03,60.2599983215332,60.2599983215332,59.2599983215332,59.709999084472656,51.141151428222656,1494100
FTS.TO,2022-08-04,59.790000915527344,60.209999084472656,59.58000183105469,60.09000015258789,51.46662902832031,957000
FTS.TO,2022-08-05,59.95000076293945,60.31999969482422,59.189998626708984,59.66999816894531,51.106903076171875,1276100
FTS.TO,2022-08-08,59.66999816894531,60.27000045776367,59.66999816894531,60.029998779296875,51.41523361206055,1141700
FTS.TO,2022-08-09,60.16999816894531,60.81999969482422,60.0,60.43000030517578,51.757835388183594,704500
FTS.TO,2022-08-10,60.5,60.689998626708984,60.27000045776367,60.349998474121094,51.68930435180664,604000
FTS.TO,2022-08-11,60.349998474121094,60.349998474121094,59.66999816894531,59.83000183105469,51.24393844604492,1035300
FTS.TO,2022-08-12,60.130001068115234,60.40999984741211,60.060001373291016,60.27000045776367,51.62079620361328,3758000
FTS.TO,2022-08-15,60.66999816894531,61.0099983215332,60.34000015258789,60.709999084472656,51.997642517089844,4832900
FTS.TO,2022-08-16,60.65999984741211,61.349998474121094,60.5099983215332,61.11000061035156,52.340248107910156,744900
FTS.TO,2022-08-17,61.08000183105469,61.72999954223633,61.04999923706055,61.36000061035156,52.55436706542969,967500
FTS.TO,2022-08-18,60.869998931884766,60.880001068115234,59.79999923706055,60.040000915527344,51.8761100769043,3870000
FTS.TO,2022-08-19,60.130001068115234,60.650001525878906,59.77000045776367,60.31999969482422,52.11803436279297,6263700
FTS.TO,2022-08-22,60.380001068115234,60.5,59.84000015258789,60.4900016784668,52.264923095703125,1536400
FTS.TO,2022-08-23,60.34000015258789,60.45000076293945,59.5,59.630001068115234,51.5218620300293,1147800
FTS.TO,2022-08-24,59.75,59.900001525878906,59.25,59.52000045776367,51.426822662353516,1241600
FTS.TO,2022-08-25,59.54999923706055,59.54999923706055,58.83000183105469,59.310001373291016,51.24537658691406,1592600
FTS.TO,2022-08-26,59.08000183105469,59.529998779296875,58.650001525878906,58.83000183105469,50.83063888549805,1308400
FTS.TO,2022-08-29,58.61000061035156,59.119998931884766,58.33000183105469,59.08000183105469,51.04664993286133,668800
FTS.TO,2022-08-30,59.11000061035156,59.31999969482422,58.470001220703125,58.56999969482422,50.60599136352539,877700
FTS.TO,2022-08-31,58.52000045776367,58.54999923706055,57.91999816894531,57.939998626708984,50.0616569519043,1328300
FTS.TO,2022-09-01,57.849998474121094,58.52000045776367,57.849998474121094,58.34000015258789,50.407264709472656,1014500
FTS.TO,2022-09-02,58.380001068115234,58.7599983215332,57.90999984741211,58.25,50.32950210571289,815900
FTS.TO,2022-09-06,58.2400016784668,58.34000015258789,57.90999984741211,58.04999923706055,50.15669631958008,1679000
FTS.TO,2022-09-07,58.16999816894531,59.099998474121094,58.13999938964844,58.7599983215332,50.7701530456543,862700
FTS.TO,2022-09-08,58.83000183105469,59.040000915527344,58.52000045776367,58.58000183105469,50.61463165283203,673200
FTS.TO,2022-09-09,58.619998931884766,58.970001220703125,58.400001525878906,58.439998626708984,50.49367141723633,773100
FTS.TO,2022-09-12,58.4900016784668,59.15999984741211,58.4900016784668,58.810001373291016,50.813358306884766,1294100
FTS.TO,2022-09-13,58.61000061035156,58.90999984741211,58.09000015258789,58.20000076293945,50.28630828857422,962700
FTS.TO,2022-09-14,58.349998474121094,58.369998931884766,57.619998931884766,57.66999816894531,49.828372955322266,965100
FTS.TO,2022-09-15,57.63999938964844,57.68000030517578,56.560001373291016,56.58000183105469,48.88658905029297,1524700
FTS.TO,2022-09-16,56.43000030517578,56.93000030517578,56.369998931884766,56.849998474121094,49.11986541748047,2092700
FTS.TO,2022-09-19,56.790000915527344,57.36000061035156,56.70000076293945,57.290000915527344,49.50004196166992,1034300
FTS.TO,2022-09-20,57.25,57.310001373291016,55.88999938964844,56.02000045776367,48.40272521972656,1772600
FTS.TO,2022-09-21,56.13999938964844,57.040000915527344,55.9900016784668,56.16999816894531,48.53233337402344,1080900
FTS.TO,2022-09-22,55.880001068115234,56.5,55.849998474121094,56.27000045776367,48.61874008178711,843700
FTS.TO,2022-09-23,55.95000076293945,56.29999923706055,55.7400016784668,56.189998626708984,48.54961013793945,1182400
FTS.TO,2022-09-26,56.09000015258789,56.09000015258789,55.15999984741211,55.52000045776367,47.9707145690918,1276900
FTS.TO,2022-09-27,55.77000045776367,55.84000015258789,54.52000045776367,54.720001220703125,47.27948760986328,1287500
FTS.TO,2022-09-28,54.709999084472656,54.91999816894531,54.25,54.7400016784668,47.296775817871094,1236500
FTS.TO,2022-09-29,54.720001220703125,54.720001220703125,52.90999984741211,53.02000045776367,45.810646057128906,1816600
FTS.TO,2022-09-30,53.33000183105469,53.54999923706055,52.43000030517578,52.47999954223633,45.344078063964844,1928800
FTS.TO,2022-10-03,52.88999938964844,53.54999923706055,52.65999984741211,53.0,45.79336929321289,1284000
FTS.TO,2022-10-04,53.2599983215332,54.13999938964844,53.15999984741211,53.70000076293945,46.398197174072266,1037400
FTS.TO,2022-10-05,53.540000915527344,53.540000915527344,52.5099983215332,52.560001373291016,45.41320037841797,1339600
FTS.TO,2022-10-06,52.59000015258789,52.65999984741211,50.43000030517578,50.95000076293945,44.022125244140625,2463300
FTS.TO,2022-10-07,50.7599983215332,51.540000915527344,50.52000045776367,50.79999923706055,43.89251708984375,1631200
FTS.TO,2022-10-11,50.560001373291016,50.84000015258789,50.040000915527344,50.2599983215332,43.425941467285156,1522700
FTS.TO,2022-10-12,50.060001373291016,50.22999954223633,48.959999084472656,49.0,42.33726119995117,1577200
FTS.TO,2022-10-13,48.810001373291016,50.9900016784668,48.45000076293945,50.91999816894531,43.99620056152344,1706900
FTS.TO,2022-10-14,51.29999923706055,51.52000045776367,50.16999816894531,50.27000045776367,43.43457794189453,1498500
FTS.TO,2022-10-17,50.9900016784668,51.7400016784668,50.68000030517578,51.45000076293945,44.454132080078125,3944200
FTS.TO,2022-10-18,51.779998779296875,52.06999969482422,51.45000076293945,51.88999938964844,44.83430480957031,2219200
FTS.TO,2022-10-19,52.09000015258789,52.09000015258789,51.220001220703125,51.369998931884766,44.385005950927734,2217600
FTS.TO,2022-10-20,51.52000045776367,51.52000045776367,50.36000061035156,50.380001068115234,43.52962112426758,3000000
FTS.TO,2022-10-21,50.40999984741211,51.56999969482422,50.209999084472656,51.2599983215332,44.28996276855469,1780700
FTS.TO,2022-10-24,51.5,51.88999938964844,51.25,51.630001068115234,44.609649658203125,2181500
FTS.TO,2022-10-25,51.58000183105469,52.04999923706055,51.45000076293945,51.84000015258789,44.791099548339844,1753400
FTS.TO,2022-10-26,51.4900016784668,52.22999954223633,51.4900016784668,51.779998779296875,44.7392578125,2507200
FTS.TO,2022-10-27,52.04999923706055,52.61000061035156,51.849998474121094,52.130001068115234,45.041664123535156,1367200
FTS.TO,2022-10-28,52.709999084472656,53.0,52.2599983215332,52.970001220703125,45.767452239990234,1828300
FTS.TO,2022-10-31,52.95000076293945,53.2599983215332,52.400001525878906,53.150001525878906,45.922969818115234,2932600
FTS.TO,2022-11-01,53.349998474121094,53.470001220703125,52.54999923706055,52.7400016784668,45.568721771240234,946300
FTS.TO,2022-11-02,52.720001220703125,53.689998626708984,52.720001220703125,53.09000015258789,45.871131896972656,2007300
FTS.TO,2022-11-03,53.0,53.599998474121094,52.540000915527344,53.36000061035156,46.10442352294922,1076900
FTS.TO,2022-11-04,53.84000015258789,53.849998474121094,52.849998474121094,53.349998474121094,46.095787048339844,953400
FTS.TO,2022-11-07,53.400001525878906,53.439998626708984,52.290000915527344,52.59000015258789,45.43912124633789,1867000
FTS.TO,2022-11-08,52.66999816894531,52.9900016784668,52.5,52.59000015258789,45.43912124633789,946200
FTS.TO,2022-11-09,52.70000076293945,53.029998779296875,52.560001373291016,52.61000061035156,45.456398010253906,1389000
FTS.TO,2022-11-10,53.2599983215332,53.959999084472656,53.08000183105469,53.81999969482422,46.50187301635742,1961600
FTS.TO,2022-11-11,53.29999923706055,53.61000061035156,52.84000015258789,53.459999084472656,46.19082260131836,2186000
FTS.TO,2022-11-14,53.540000915527344,54.04999923706055,52.779998779296875,52.869998931884766,45.68104553222656,6621300
FTS.TO,2022-11-15,53.11000061035156,53.59000015258789,52.4900016784668,52.86000061035156,45.672401428222656,3274900
FTS.TO,2022-11-16,52.290000915527344,53.41999816894531,52.290000915527344,53.36000061035156,46.6025390625,2483600
FTS.TO,2022-11-17,53.220001220703125,53.54999923706055,52.33000183105469,52.56999969482422,45.91257858276367,4205800
FTS.TO,2022-11-18,52.72999954223633,53.4900016784668,52.72999954223633,53.43000030517578,46.66366958618164,4331600
FTS.TO,2022-11-21,53.630001068115234,53.81999969482422,53.02000045776367,53.209999084472656,46.47152328491211,7315500
FTS.TO,2022-11-22,53.27000045776367,53.97999954223633,53.15999984741211,53.38999938964844,46.62873458862305,1828200
FTS.TO,2022-11-23,53.2400016784668,53.849998474121094,53.22999954223633,53.83000183105469,47.01301956176758,1735300
FTS.TO,2022-11-24,53.7400016784668,53.869998931884766,53.310001373291016,53.470001220703125,46.69860076904297,1139500
FTS.TO,2022-11-25,53.58000183105469,54.16999816894531,53.58000183105469,54.09000015258789,47.240089416503906,1514900
FTS.TO,2022-11-28,54.0,54.08000183105469,53.630001068115234,53.93000030517578,47.10034942626953,2374400
FTS.TO,2022-11-29,53.81999969482422,53.91999816894531,53.310001373291016,53.45000076293945,46.68113327026367,1968300
FTS.TO,2022-11-30,53.41999816894531,54.22999954223633,53.279998779296875,54.13999938964844,47.28375244140625,3365400
FTS.TO,2022-12-01,54.22999954223633,54.810001373291016,54.029998779296875,54.13999938964844,47.28375244140625,1021800
FTS.TO,2022-12-02,53.97999954223633,54.36000061035156,53.66999816894531,54.06999969482422,47.222618103027344,1770900
FTS.TO,2022-12-05,54.0099983215332,54.380001068115234,53.900001525878906,54.279998779296875,47.40602493286133,1384100
FTS.TO,2022-12-06,54.29999923706055,54.619998931884766,53.939998626708984,54.56999969482422,47.6593017578125,983000
FTS.TO,2022-12-07,54.540000915527344,54.83000183105469,54.29999923706055,54.459999084472656,47.563228607177734,1571900
FTS.TO,2022-12-08,54.40999984741211,54.689998626708984,54.290000915527344,54.59000015258789,47.67676544189453,1091700
FTS.TO,2022-12-09,54.5099983215332,55.11000061035156,54.4900016784668,54.97999954223633,48.017372131347656,1048500
FTS.TO,2022-12-12,55.15999984741211,55.56999969482422,54.689998626708984,55.4900016784668,48.46279525756836,1946100
FTS.TO,2022-12-13,55.779998779296875,56.290000915527344,55.2400016784668,55.59000015258789,48.55012893676758,2500000
FTS.TO,2022-12-14,56.099998474121094,56.689998626708984,55.720001220703125,55.790000915527344,48.72480392456055,2594100
FTS.TO,2022-12-15,55.7599983215332,56.0,55.130001068115234,55.66999816894531,48.619998931884766,1461900
FTS.TO,2022-12-16,55.400001525878906,55.400001525878906,54.27000045776367,55.060001373291016,48.08725357055664,3510300
FTS.TO,2022-12-19,55.029998779296875,55.40999984741211,54.279998779296875,54.34000015258789,47.458431243896484,1052900
FTS.TO,2022-12-20,54.290000915527344,54.66999816894531,53.900001525878906,54.400001525878906,47.51082992553711,920800
FTS.TO,2022-12-21,54.529998779296875,55.13999938964844,54.459999084472656,54.959999084472656,47.999908447265625,1729600
FTS.TO,2022-12-22,54.810001373291016,55.0,54.31999969482422,54.56999969482422,47.6593017578125,1007700
FTS.TO,2022-12-23,54.33000183105469,55.16999816894531,54.33000183105469,55.09000015258789,48.11345291137695,817900
FTS.TO,2022-12-28,55.040000915527344,55.349998474121094,54.54999923706055,54.61000061035156,47.69424057006836,708700
FTS.TO,2022-12-29,54.70000076293945,55.0099983215332,54.63999938964844,54.70000076293945,47.77284240722656,881700
FTS.TO,2022-12-30,54.599998474121094,54.790000915527344,53.959999084472656,54.18000030517578,47.31869125366211,1166000
FTS.TO,2023-01-03,54.599998474121094,55.380001068115234,54.2400016784668,55.34000015258789,48.331783294677734,776500
FTS.TO,2023-01-04,55.41999816894531,55.7400016784668,54.869998931884766,55.20000076293945,48.20951843261719,726100
FTS.TO,2023-01-05,55.16999816894531,55.349998474121094,54.279998779296875,54.38999938964844,47.502098083496094,2831800
FTS.TO,2023-01-06,54.619998931884766,55.33000183105469,54.599998474121094,55.15999984741211,48.17457962036133,728500
FTS.TO,2023-01-09,55.060001373291016,55.279998779296875,54.779998779296875,55.06999969482422,48.09598159790039,749300
FTS.TO,2023-01-10,55.18000030517578,55.33000183105469,54.599998474121094,55.279998779296875,48.27938461303711,687300
FTS.TO,2023-01-11,55.25,56.060001373291016,55.25,55.970001220703125,48.88200759887695,932800
FTS.TO,2023-01-12,55.970001220703125,56.099998474121094,55.689998626708984,55.7400016784668,48.68113708496094,1282700
FTS.TO,2023-01-13,55.810001373291016,56.220001220703125,55.439998626708984,56.0,48.908203125,1438900
FTS.TO,2023-01-16,55.97999954223633,56.06999969482422,55.75,55.9900016784668,48.899471282958984,911300
FTS.TO,2023-01-17,55.91999816894531,56.68000030517578,55.900001525878906,56.380001068115234,49.24008560180664,2525200
FTS.TO,2023-01-18,56.5,56.630001068115234,55.84000015258789,55.869998931884766,48.7946662902832,2349900
FTS.TO,2023-01-19,55.7599983215332,56.189998626708984,55.70000076293945,55.88999938964844,48.8121337890625,1698600
FTS.TO,2023-01-20,55.81999969482422,56.029998779296875,55.34000015258789,55.869998931884766,48.7946662902832,4480900
FTS.TO,2023-01-23,55.77000045776367,55.90999984741211,55.380001068115234,55.560001373291016,48.52393341064453,3414400
FTS.TO,2023-01-24,55.529998779296875,55.72999954223633,55.20000076293945,55.689998626708984,48.63745880126953,1866300
FTS.TO,2023-01-25,55.5099983215332,55.72999954223633,55.31999969482422,55.470001220703125,48.44532012939453,2545900
FTS.TO,2023-01-26,55.38999938964844,55.38999938964844,54.959999084472656,55.0,48.034847259521484,2480900
FTS.TO,2023-01-27,54.93000030517578,55.0,54.54999923706055,54.7400016784668,47.80777359008789,2482900
FTS.TO,2023-01-30,54.65999984741211,55.02000045776367,54.619998931884766,54.66999816894531,47.746639251708984,3663200
FTS.TO,2023-01-31,54.779998779296875,54.869998931884766,54.439998626708984,54.66999816894531,47.746639251708984,1966700
FTS.TO,2023-02-01,54.63999938964844,55.2599983215332,54.349998474121094,55.209999084472656,48.218257904052734,1476200
FTS.TO,2023-02-02,55.209999084472656,55.88999938964844,54.970001220703125,55.540000915527344,48.50646209716797,2326800
FTS.TO,2023-02-03,55.470001220703125,55.68000030517578,54.47999954223633,55.06999969482422,48.09598159790039,1406700
FTS.TO,2023-02-06,54.97999954223633,55.650001525878906,54.900001525878906,55.63999938964844,48.59379196166992,2194500
FTS.TO,2023-02-07,55.529998779296875,55.529998779296875,54.56999969482422,54.61000061035156,47.69424057006836,1657200
FTS.TO,2023-02-08,54.599998474121094,54.61000061035156,53.75,54.08000183105469,47.23134994506836,1322700
FTS.TO,2023-02-09,54.150001525878906,54.720001220703125,53.47999954223633,53.619998931884766,46.82960510253906,2452300
FTS.TO,2023-02-10,53.779998779296875,55.720001220703125,53.779998779296875,55.38999938964844,48.375457763671875,3605300
FTS.TO,2023-02-13,55.38999938964844,55.75,55.119998931884766,55.689998626708984,48.63745880126953,2024300
FTS.TO,2023-02-14,54.9900016784668,55.310001373291016,54.75,55.130001068115234,48.64187240600586,2457400
FTS.TO,2023-02-15,55.0,55.189998626708984,54.63999938964844,55.0099983215332,48.53599166870117,1983200
FTS.TO,2023-02-16,54.9900016784668,55.150001525878906,54.349998474121094,54.95000076293945,48.48305130004883,1880500
FTS.TO,2023-02-17,55.130001068115234,55.84000015258789,55.02000045776367,55.7400016784668,49.180084228515625,3444300
FTS.TO,2023-02-21,55.810001373291016,56.099998474121094,55.34000015258789,55.43000030517578,48.90656661987305,3548300
FTS.TO,2023-02-22,55.310001373291016,55.689998626708984,55.18000030517578,55.290000915527344,48.783050537109375,3925100
FTS.TO,2023-02-23,55.400001525878906,55.40999984741211,54.68000030517578,54.779998779296875,48.333065032958984,1659900
FTS.TO,2023-02-24,54.849998474121094,54.86000061035156,54.33000183105469,54.79999923706055,48.3507080078125,1654600
FTS.TO,2023-02-27,54.630001068115234,55.439998626708984,54.630001068115234,54.66999816894531,48.23601150512695,4576500
FTS.TO,2023-02-28,54.56999969482422,54.630001068115234,53.86000061035156,54.0,47.644866943359375,4693300
FTS.TO,2023-03-01,53.81999969482422,54.09000015258789,53.040000915527344,53.47999954223633,47.186058044433594,2630900
FTS.TO,2023-03-02,53.369998931884766,53.779998779296875,53.09000015258789,53.65999984741211,47.344871520996094,2677500
FTS.TO,2023-03-03,53.810001373291016,54.560001373291016,53.68000030517578,54.5,48.08601379394531,2326600
FTS.TO,2023-03-06,54.650001525878906,54.810001373291016,54.18000030517578,54.380001068115234,47.980140686035156,2210900
FTS.TO,2023-03-07,54.61000061035156,54.869998931884766,53.72999954223633,54.02000045776367,47.66250991821289,1539500
FTS.TO,2023-03-08,53.90999984741211,54.16999816894531,53.470001220703125,54.04999923706055,47.6889762878418,2522100
FTS.TO,2023-03-09,54.220001220703125,54.70000076293945,53.63999938964844,53.83000183105469,47.49486541748047,1413000
FTS.TO,2023-03-10,53.77000045776367,53.90999984741211,53.130001068115234,53.27000045776367,47.000770568847656,2072200
FTS.TO,2023-03-13,53.04999923706055,55.04999923706055,53.04999923706055,54.720001220703125,48.280128479003906,2524900
FTS.TO,2023-03-14,54.97999954223633,55.40999984741211,54.72999954223633,55.2599983215332,48.75657653808594,2266700
FTS.TO,2023-03-15,55.31999969482422,56.810001373291016,54.97999954223633,56.61000061035156,49.94770050048828,2781700
FTS.TO,2023-03-16,56.599998474121094,57.290000915527344,56.25,57.209999084472656,50.47707748413086,1602300
FTS.TO,2023-03-17,57.2400016784668,57.97999954223633,56.75,57.90999984741211,51.094703674316406,3729900
FTS.TO,2023-03-20,57.630001068115234,57.91999816894531,57.36000061035156,57.45000076293945,50.6888427734375,1830500
FTS.TO,2023-03-21,57.5099983215332,57.5099983215332,55.630001068115234,55.9900016784668,49.400665283203125,1276100
FTS.TO,2023-03-22,55.86000061035156,56.189998626708984,55.400001525878906,55.40999984741211,48.88892364501953,1156400
FTS.TO,2023-03-23,55.38999938964844,55.439998626708984,54.45000076293945,54.52000045776367,48.103668212890625,1284400
FTS.TO,2023-03-24,54.470001220703125,56.209999084472656,54.470001220703125,56.15999984741211,49.550655364990234,1325600
FTS.TO,2023-03-27,56.119998931884766,56.77000045776367,56.0,56.75,50.07122039794922,2992100
FTS.TO,2023-03-28,56.63999938964844,57.290000915527344,56.56999969482422,56.86000061035156,50.168277740478516,688400
FTS.TO,2023-03-29,56.95000076293945,57.36000061035156,56.939998626708984,57.099998474121094,50.380027770996094,983000
FTS.TO,2023-03-30,57.20000076293945,57.880001068115234,57.20000076293945,57.720001220703125,50.92706298828125,880700
FTS.TO,2023-03-31,57.81999969482422,58.099998474121094,57.290000915527344,57.45000076293945,50.6888427734375,1422200
FTS.TO,2023-04-03,57.15999984741211,57.34000015258789,56.58000183105469,56.900001525878906,50.20356750488281,1299300
FTS.TO,2023-04-04,57.130001068115234,57.65999984741211,56.970001220703125,57.619998931884766,50.83883285522461,577600
FTS.TO,2023-04-05,57.72999954223633,59.20000076293945,57.72999954223633,59.18000030517578,52.215240478515625,1392500
FTS.TO,2023-04-06,59.25,59.7400016784668,59.0099983215332,59.66999816894531,52.6475715637207,2610900
FTS.TO,2023-04-10,59.59000015258789,59.66999816894531,59.119998931884766,59.630001068115234,52.61228561401367,700100
FTS.TO,2023-04-11,59.56999969482422,60.27000045776367,59.4900016784668,60.16999816894531,53.088722229003906,887100
FTS.TO,2023-04-12,60.27000045776367,60.63999938964844,60.02000045776367,60.06999969482422,53.00049591064453,635500
FTS.TO,2023-04-13,59.91999816894531,60.0,59.08000183105469,59.689998626708984,52.66522216796875,1036700
FTS.TO,2023-04-14,59.25,59.41999816894531,58.91999816894531,59.290000915527344,52.31230163574219,913300
FTS.TO,2023-04-17,59.310001373291016,59.70000076293945,59.08000183105469,59.459999084472656,52.4622917175293,2829300
FTS.TO,2023-04-18,59.349998474121094,59.599998474121094,59.119998931884766,59.38999938964844,52.40052032470703,2740700
FTS.TO,2023-04-19,59.459999084472656,59.9900016784668,59.459999084472656,59.72999954223633,52.70051193237305,864900
FTS.TO,2023-04-20,59.459999084472656,59.95000076293945,59.38999938964844,59.529998779296875,52.524051666259766,2003900
FTS.TO,2023-04-21,59.849998474121094,60.2400016784668,59.63999938964844,59.81999969482422,52.7799186706543,1263600
FTS.TO,2023-04-24,59.75,59.97999954223633,59.41999816894531,59.689998626708984,52.66522216796875,1991700
FTS.TO,2023-04-25,59.70000076293945,60.20000076293945,59.630001068115234,60.06999969482422,53.00049591064453,1309200
FTS.TO,2023-04-26,59.93000030517578,60.060001373291016,59.47999954223633,59.86000061035156,52.815208435058594,726200
FTS.TO,2023-04-27,60.0,60.25,59.70000076293945,59.880001068115234,52.83285903930664,679400
FTS.TO,2023-04-28,59.91999816894531,60.130001068115234,59.2400016784668,59.4900016784668,52.4887580871582,1028200
FTS.TO,2023-05-01,59.4900016784668,59.97999954223633,59.400001525878906,59.52000045776367,52.51522445678711,1850500
FTS.TO,2023-05-02,59.43000030517578,59.63999938964844,58.97999954223633,59.599998474121094,52.585819244384766,2068900
FTS.TO,2023-05-03,60.0,61.29999923706055,59.95000076293945,60.47999954223633,53.36224365234375,1770700
FTS.TO,2023-05-04,60.65999984741211,60.810001373291016,59.5,60.70000076293945,53.556358337402344,830100
FTS.TO,2023-05-05,60.5099983215332,61.15999984741211,60.27000045776367,60.84000015258789,53.679874420166016,1300200
FTS.TO,2023-05-08,61.29999923706055,61.5099983215332,60.75,61.27000045776367,54.05927658081055,3024500
FTS.TO,2023-05-09,61.0099983215332,61.47999954223633,60.90999984741211,61.2599983215332,54.050445556640625,881100
FTS.TO,2023-05-10,61.45000076293945,61.810001373291016,60.79999923706055,61.36000061035156,54.1386833190918,2473100
FTS.TO,2023-05-11,61.529998779296875,62.0,61.02000045776367,61.150001525878906,53.95339584350586,2118000
FTS.TO,2023-05-12,61.43000030517578,61.91999816894531,61.380001068115234,61.54999923706055,54.30632019042969,2820200
FTS.TO,2023-05-15,61.61000061035156,61.779998779296875,60.79999923706055,61.31999969482422,54.103389739990234,2691300
FTS.TO,2023-05-16,60.290000915527344,60.43000030517578,59.470001220703125,59.58000183105469,53.057029724121094,1825300
FTS.TO,2023-05-17,59.58000183105469,59.61000061035156,58.369998931884766,58.61000061035156,52.1932258605957,3942500
FTS.TO,2023-05-18,57.75,58.720001220703125,57.75,57.970001220703125,51.62330627441406,4230400
FTS.TO,2023-05-19,58.029998779296875,58.75,58.029998779296875,58.650001525878906,52.22884750366211,1582000
FTS.TO,2023-05-23,58.41999816894531,58.7599983215332,57.9900016784668,58.06999969482422,51.71234893798828,2023800
FTS.TO,2023-05-24,58.04999923706055,58.40999984741211,57.970001220703125,58.2599983215332,51.88153839111328,1630500
FTS.TO,2023-05-25,57.880001068115234,57.93000030517578,57.11000061035156,57.4900016784668,51.19585037231445,2247800
FTS.TO,2023-05-26,57.38999938964844,57.4900016784668,57.0099983215332,57.459999084472656,51.169132232666016,1988400
FTS.TO,2023-05-29,57.27000045776367,57.540000915527344,57.0099983215332,57.38999938964844,51.1068000793457,312500
FTS.TO,2023-05-30,57.369998931884766,57.630001068115234,56.77000045776367,56.810001373291016,50.590301513671875,1618800
FTS.TO,2023-05-31,56.720001220703125,57.310001373291016,56.4900016784668,57.099998474121094,50.84854507446289,2186800
FTS.TO,2023-06-01,57.11000061035156,57.40999984741211,56.65999984741211,56.790000915527344,50.572486877441406,1331900
FTS.TO,2023-06-02,56.33000183105469,57.79999923706055,56.2599983215332,57.63999938964844,51.32942581176758,1971300
FTS.TO,2023-06-05,57.529998779296875,58.310001373291016,57.38999938964844,57.630001068115234,51.32052993774414,1884600
FTS.TO,2023-06-06,57.720001220703125,58.20000076293945,56.95000076293945,57.11000061035156,50.857452392578125,1372800
FTS.TO,2023-06-07,57.2400016784668,57.5,56.849998474121094,57.150001525878906,50.89307403564453,763100
FTS.TO,2023-06-08,57.150001525878906,57.45000076293945,57.06999969482422,57.349998474121094,51.07117462158203,2724100
FTS.TO,2023-06-09,57.36000061035156,57.54999923706055,57.09000015258789,57.41999816894531,51.133514404296875,929000
FTS.TO,2023-06-12,57.43000030517578,57.77000045776367,57.279998779296875,57.540000915527344,51.24037551879883,1106600
FTS.TO,2023-06-13,57.400001525878906,57.47999954223633,56.720001220703125,56.849998474121094,50.62591552734375,1669400
FTS.TO,2023-06-14,56.779998779296875,57.029998779296875,56.439998626708984,56.4900016784668,50.30533218383789,1907300
FTS.TO,2023-06-15,56.709999084472656,56.900001525878906,56.209999084472656,56.40999984741211,50.23408508300781,1432800
FTS.TO,2023-06-16,56.439998626708984,56.90999984741211,56.400001525878906,56.54999923706055,50.358760833740234,4544300
FTS.TO,2023-06-19,56.66999816894531,56.709999084472656,56.34000015258789,56.47999954223633,50.296424865722656,233000
FTS.TO,2023-06-20,56.5099983215332,56.779998779296875,56.150001525878906,56.189998626708984,50.038177490234375,2475000
FTS.TO,2023-06-21,56.060001373291016,56.470001220703125,55.84000015258789,56.41999816894531,50.24299240112305,1092800
FTS.TO,2023-06-22,56.349998474121094,56.52000045776367,55.880001068115234,56.06999969482422,49.93131637573242,507500
FTS.TO,2023-06-23,56.54999923706055,56.630001068115234,55.380001068115234,55.43000030517578,49.36138153076172,785300
FTS.TO,2023-06-26,55.459999084472656,56.20000076293945,55.310001373291016,56.08000183105469,49.940223693847656,632600
FTS.TO,2023-06-27,56.15999984741211,56.470001220703125,55.90999984741211,56.439998626708984,50.26080322265625,2032400
FTS.TO,2023-06-28,56.58000183105469,56.599998474121094,56.150001525878906,56.22999954223633,50.073795318603516,1148600
FTS.TO,2023-06-29,56.099998474121094,56.29999923706055,55.66999816894531,56.27000045776367,50.10942077636719,640800
FTS.TO,2023-06-30,56.31999969482422,57.150001525878906,56.31999969482422,57.09000015258789,50.839637756347656,1118600
FTS.TO,2023-07-04,57.040000915527344,57.119998931884766,56.70000076293945,56.900001525878906,50.67044448852539,251300
FTS.TO,2023-07-05,56.75,57.349998474121094,56.689998626708984,57.150001525878906,50.89307403564453,756600
FTS.TO,2023-07-06,57.04999923706055,57.119998931884766,56.560001373291016,56.70000076293945,50.492347717285156,1357800
FTS.TO,2023-07-07,56.439998626708984,56.439998626708984,55.939998626708984,55.97999954223633,49.851165771484375,536800
FTS.TO,2023-07-10,56.11000061035156,56.11000061035156,55.0,55.099998474121094,49.06751251220703,1241800
FTS.TO,2023-07-11,55.11000061035156,55.47999954223633,54.959999084472656,55.439998626708984,49.37028884887695,753100
FTS.TO,2023-07-12,55.439998626708984,56.36000061035156,55.349998474121094,56.310001373291016,50.14503860473633,1336400
FTS.TO,2023-07-13,56.349998474121094,56.84000015258789,56.279998779296875,56.79999923706055,50.581390380859375,1561200
FTS.TO,2023-07-14,56.709999084472656,57.36000061035156,56.630001068115234,57.34000015258789,51.06227493286133,934900
FTS.TO,2023-07-17,57.349998474121094,57.349998474121094,56.27000045776367,56.5099983215332,50.323143005371094,1420700
FTS.TO,2023-07-18,56.650001525878906,56.7400016784668,55.45000076293945,56.040000915527344,49.90460205078125,1873300
FTS.TO,2023-07-19,56.220001220703125,56.83000183105469,56.220001220703125,56.70000076293945,50.492347717285156,1518400
FTS.TO,2023-07-20,56.63999938964844,57.540000915527344,56.36000061035156,57.470001220703125,51.178043365478516,2496800
FTS.TO,2023-07-21,57.5,57.93000030517578,57.41999816894531,57.439998626708984,51.15132141113281,1389500
FTS.TO,2023-07-24,57.36000061035156,57.45000076293945,56.93000030517578,57.11000061035156,50.857452392578125,1255200
FTS.TO,2023-07-25,57.040000915527344,57.459999084472656,56.90999984741211,57.400001525878906,51.11570358276367,391200
FTS.TO,2023-07-26,57.47999954223633,57.849998474121094,57.130001068115234,57.33000183105469,51.05336380004883,1710100
FTS.TO,2023-07-27,57.150001525878906,57.27000045776367,56.5099983215332,56.68000030517578,50.47452926635742,812900
FTS.TO,2023-07-28,56.61000061035156,56.9900016784668,56.060001373291016,56.060001373291016,49.92241287231445,1485400
FTS.TO,2023-07-31,56.16999816894531,56.33000183105469,55.90999984741211,56.209999084472656,50.05598449707031,1577100
FTS.TO,2023-08-01,56.130001068115234,56.52000045776367,55.540000915527344,55.54999923706055,49.46824264526367,1268500
FTS.TO,2023-08-02,55.83000183105469,56.06999969482422,55.20000076293945,55.43000030517578,49.36138153076172,1924900
FTS.TO,2023-08-03,54.900001525878906,54.959999084472656,52.970001220703125,53.16999816894531,47.348812103271484,2675600
FTS.TO,2023-08-04,53.20000076293945,54.15999984741211,53.16999816894531,53.7400016784668,47.856414794921875,1678200
FTS.TO,2023-08-08,53.7400016784668,54.08000183105469,53.650001525878906,53.849998474121094,47.954368591308594,935400
FTS.TO,2023-08-09,53.779998779296875,54.810001373291016,53.77000045776367,54.70000076293945,48.7113037109375,617300
FTS.TO,2023-08-10,54.880001068115234,55.150001525878906,54.369998931884766,54.45000076293945,48.488677978515625,758000
FTS.TO,2023-08-11,54.369998931884766,54.54999923706055,54.209999084472656,54.529998779296875,48.55992126464844,774000
FTS.TO,2023-08-14,54.5099983215332,54.689998626708984,54.02000045776367,54.189998626708984,48.25714874267578,2251200
FTS.TO,2023-08-15,54.0,54.0,53.400001525878906,53.560001373291016,47.69611740112305,4765300
FTS.TO,2023-08-16,53.54999923706055,54.16999816894531,53.40999984741211,53.880001068115234,47.98108673095703,2295800
FTS.TO,2023-08-17,53.880001068115234,54.369998931884766,53.84000015258789,53.93000030517578,48.025604248046875,1525600
FTS.TO,2023-08-18,53.529998779296875,53.779998779296875,53.2400016784668,53.709999084472656,48.33608627319336,3207100
FTS.TO,2023-08-21,53.61000061035156,53.65999984741211,52.88999938964844,53.15999984741211,47.84111404418945,3133700
FTS.TO,2023-08-22,53.16999816894531,53.4900016784668,53.040000915527344,53.45000076293945,48.10210037231445,2320300
FTS.TO,2023-08-23,53.959999084472656,54.099998474121094,53.52000045776367,53.630001068115234,48.26409149169922,919000
FTS.TO,2023-08-24,53.619998931884766,54.06999969482422,53.4900016784668,53.52000045776367,48.16510009765625,1442700
FTS.TO,2023-08-25,53.619998931884766,53.90999984741211,53.40999984741211,53.43000030517578,48.08409881591797,1209900
FTS.TO,2023-08-28,53.58000183105469,53.70000076293945,53.2400016784668,53.34000015258789,48.00310516357422,2529600
FTS.TO,2023-08-29,53.43000030517578,53.86000061035156,53.2400016784668,53.75,48.37208938598633,990300
FTS.TO,2023-08-30,53.83000183105469,54.08000183105469,53.4900016784668,53.63999938964844,48.27309036254883,1015000
FTS.TO,2023-08-31,53.689998626708984,53.83000183105469,52.720001220703125,52.9900016784668,47.68812942504883,2760400
FTS.TO,2023-09-01,53.2400016784668,53.470001220703125,53.11000061035156,53.400001525878906,48.057106018066406,905700
FTS.TO,2023-09-05,53.40999984741211,53.54999923706055,52.61000061035156,52.900001525878906,47.60713577270508,789700
FTS.TO,2023-09-06,52.86000061035156,53.15999984741211,52.36000061035156,52.439998626708984,47.193153381347656,1420800
FTS.TO,2023-09-07,52.61000061035156,53.5099983215332,52.58000183105469,53.34000015258789,48.00310516357422,1487900
FTS.TO,2023-09-08,53.5099983215332,53.560001373291016,53.08000183105469,53.369998931884766,48.03010559082031,1038700
FTS.TO,2023-09-11,53.38999938964844,54.0099983215332,53.380001068115234,53.95000076293945,48.55207824707031,846700
FTS.TO,2023-09-12,53.93000030517578,54.34000015258789,53.40999984741211,54.220001220703125,48.79505920410156,1309900
FTS.TO,2023-09-13,54.2599983215332,55.40999984741211,54.20000076293945,55.18000030517578,49.65900802612305,1352400
FTS.TO,2023-09-14,55.529998779296875,56.220001220703125,55.40999984741211,56.06999969482422,50.4599609375,1549300
FTS.TO,2023-09-15,56.0099983215332,56.560001373291016,56.0,56.5,50.846946716308594,4109100
FTS.TO,2023-09-18,56.400001525878906,56.59000015258789,56.029998779296875,56.369998931884766,50.729942321777344,1527000
FTS.TO,2023-09-19,56.209999084472656,56.27000045776367,54.81999969482422,54.97999954223633,49.4790153503418,1698700
FTS.TO,2023-09-20,55.040000915527344,55.400001525878906,54.83000183105469,55.29999923706055,49.767005920410156,1153500
FTS.TO,2023-09-21,55.040000915527344,55.220001220703125,54.31999969482422,54.36000061035156,48.92105484008789,1173500
FTS.TO,2023-09-22,54.189998626708984,54.4900016784668,53.79999923706055,54.36000061035156,48.92105484008789,933200
FTS.TO,2023-09-25,54.25,54.290000915527344,53.88999938964844,53.95000076293945,48.55207824707031,1033500
FTS.TO,2023-09-26,53.900001525878906,53.90999984741211,52.86000061035156,52.869998931884766,47.58013916015625,893100
FTS.TO,2023-09-27,52.790000915527344,52.880001068115234,51.459999084472656,51.54999923706055,46.39220428466797,1214300
FTS.TO,2023-09-28,51.52000045776367,51.97999954223633,51.2599983215332,51.709999084472656,46.53620147705078,966700
FTS.TO,2023-09-29,52.09000015258789,52.189998626708984,51.36000061035156,51.59000015258789,46.428199768066406,1206000
FTS.TO,2023-10-02,51.47999954223633,51.560001373291016,49.81999969482422,50.630001068115234,45.56425476074219,1900300
FTS.TO,2023-10-03,50.40999984741211,50.93000030517578,49.83000183105469,50.630001068115234,45.56425476074219,1596400
FTS.TO,2023-10-04,50.970001220703125,52.470001220703125,50.689998626708984,52.220001220703125,46.99516677856445,2131700
FTS.TO,2023-10-05,52.400001525878906,53.310001373291016,52.25,53.290000915527344,47.95811080932617,1345500
FTS.TO,2023-10-06,52.79999923706055,53.66999816894531,52.52000045776367,53.45000076293945,48.10210037231445,1650900
FTS.TO,2023-10-10,53.900001525878906,54.310001373291016,53.81999969482422,54.13999938964844,48.723060607910156,1508300
FTS.TO,2023-10-11,54.4900016784668,55.529998779296875,54.08000183105469,55.38999938964844,49.847999572753906,1839000
FTS.TO,2023-10-12,55.22999954223633,55.599998474121094,54.689998626708984,54.849998474121094,49.362030029296875,1340100
FTS.TO,2023-10-13,55.279998779296875,55.5,54.369998931884766,54.40999984741211,48.9660530090332,1065500
FTS.TO,2023-10-16,54.36000061035156,55.38999938964844,54.34000015258789,55.13999938964844,49.62301254272461,1238700
FTS.TO,2023-10-17,54.93000030517578,55.310001373291016,54.119998931884766,54.63999938964844,49.17304229736328,1437500
FTS.TO,2023-10-18,54.54999923706055,54.599998474121094,54.029998779296875,54.27000045776367,48.84005355834961,1594600
FTS.TO,2023-10-19,54.369998931884766,54.68000030517578,53.900001525878906,53.970001220703125,48.5700798034668,1940400
FTS.TO,2023-10-20,53.88999938964844,54.15999984741211,53.5,53.540000915527344,48.18309783935547,1450100
FTS.TO,2023-10-23,53.27000045776367,54.130001068115234,52.95000076293945,53.81999969482422,48.435081481933594,2275700
FTS.TO,2023-10-24,54.130001068115234,54.599998474121094,54.0099983215332,54.2400016784668,48.81306457519531,1957700
FTS.TO,2023-10-25,54.150001525878906,54.849998474121094,54.099998474121094,54.47999954223633,49.0290412902832,661700
FTS.TO,2023-10-26,54.66999816894531,55.779998779296875,54.65999984741211,55.52000045776367,49.96499252319336,2180800
FTS.TO,2023-10-27,55.41999816894531,55.779998779296875,54.959999084472656,54.9900016784668,49.48802185058594,924700
FTS.TO,2023-10-30,55.0,55.72999954223633,54.86000061035156,55.5099983215332,49.95598602294922,1255600
FTS.TO,2023-10-31,55.77000045776367,55.88999938964844,54.7599983215332,55.060001373291016,49.551021575927734,2896000
FTS.TO,2023-11-01,55.29999923706055,56.2599983215332,55.130001068115234,56.02000045776367,50.41496658325195,1394700
FTS.TO,2023-11-02,56.22999954223633,57.34000015258789,55.72999954223633,57.2400016784668,51.51290512084961,1418200
FTS.TO,2023-11-03,57.54999923706055,57.72999954223633,56.599998474121094,56.849998474121094,51.16191864013672,1435900
FTS.TO,2023-11-06,56.849998474121094,56.97999954223633,56.22999954223633,56.5099983215332,50.855934143066406,1592400
FTS.TO,2023-11-07,56.400001525878906,56.41999816894531,55.7599983215332,55.900001525878906,50.306976318359375,2374500
FTS.TO,2023-11-08,55.779998779296875,55.90999984741211,55.439998626708984,55.81999969482422,50.2349739074707,3494600
FTS.TO,2023-11-09,55.810001373291016,56.68000030517578,55.810001373291016,56.25,50.621952056884766,1268700
FTS.TO,2023-11-10,56.25,56.470001220703125,55.5,55.70000076293945,50.12697982788086,1218200
FTS.TO,2023-11-13,55.59000015258789,55.79999923706055,55.38999938964844,55.58000183105469,50.018985748291016,655300
FTS.TO,2023-11-14,56.029998779296875,56.619998931884766,56.029998779296875,56.349998474121094,50.711944580078125,1426100
FTS.TO,2023-11-15,56.470001220703125,56.93000030517578,56.33000183105469,56.75,51.07192611694336,1418600
FTS.TO,2023-11-16,56.41999816894531,56.77000045776367,56.400001525878906,56.4900016784668,51.37202835083008,1133100
FTS.TO,2023-11-17,56.599998474121094,56.70000076293945,56.2599983215332,56.459999084472656,51.34474563598633,1396500
FTS.TO,2023-11-20,56.38999938964844,56.45000076293945,55.90999984741211,56.279998779296875,51.181053161621094,2401100
FTS.TO,2023-11-21,56.38999938964844,56.689998626708984,56.02000045776367,56.099998474121094,51.01736068725586,1708100
FTS.TO,2023-11-22,56.310001373291016,56.459999084472656,56.040000915527344,56.209999084472656,51.11738967895508,1855900
FTS.TO,2023-11-23,56.2400016784668,56.34000015258789,56.119998931884766,56.2400016784668,51.14467239379883,296000
FTS.TO,2023-11-24,56.11000061035156,56.22999954223633,55.720001220703125,55.72999954223633,50.680877685546875,637900
FTS.TO,2023-11-27,55.77000045776367,55.810001373291016,55.36000061035156,55.5,50.471717834472656,2302500
FTS.TO,2023-11-28,55.470001220703125,55.97999954223633,55.20000076293945,55.22999954223633,50.22618103027344,1414800
FTS.TO,2023-11-29,55.150001525878906,55.16999816894531,54.16999816894531,54.36000061035156,49.43500518798828,1519300
FTS.TO,2023-11-30,54.36000061035156,54.560001373291016,53.45000076293945,54.36000061035156,49.43500518798828,3720700
FTS.TO,2023-12-01,54.400001525878906,54.880001068115234,54.18000030517578,54.84000015258789,49.871517181396484,1457900
FTS.TO,2023-12-04,54.84000015258789,55.290000915527344,54.5,55.040000915527344,50.05339431762695,991000
FTS.TO,2023-12-05,55.20000076293945,55.36000061035156,54.849998474121094,55.02000045776367,50.035213470458984,1598900
FTS.TO,2023-12-06,55.18000030517578,55.90999984741211,55.16999816894531,55.65999984741211,50.61722183227539,1243500
FTS.TO,2023-12-07,55.720001220703125,55.90999984741211,55.5,55.54999923706055,50.517181396484375,1374700
FTS.TO,2023-12-08,55.5099983215332,55.56999969482422,55.0099983215332,55.33000183105469,50.31711959838867,786500
FTS.TO,2023-12-11,55.189998626708984,55.34000015258789,54.599998474121094,55.33000183105469,50.31711959838867,1753300
FTS.TO,2023-12-12,54.869998931884766,55.040000915527344,53.70000076293945,54.13999938964844,49.23493194580078,1853800
FTS.TO,2023-12-13,54.119998931884766,55.79999923706055,53.70000076293945,55.72999954223633,50.680877685546875,2485300
FTS.TO,2023-12-14,55.900001525878906,56.119998931884766,55.290000915527344,55.56999969482422,50.53538131713867,1759600
FTS.TO,2023-12-15,55.47999954223633,55.4900016784668,54.630001068115234,54.88999938964844,49.916988372802734,3754500
FTS.TO,2023-12-18,54.88999938964844,55.150001525878906,54.150001525878906,54.29999923706055,49.38044357299805,1027100
FTS.TO,2023-12-19,54.400001525878906,54.70000076293945,54.25,54.5099983215332,49.571414947509766,623000
FTS.TO,2023-12-20,54.40999984741211,54.630001068115234,53.540000915527344,53.560001373291016,48.70748519897461,978000
FTS.TO,2023-12-21,53.599998474121094,53.970001220703125,53.4900016784668,53.63999938964844,48.780235290527344,715500
FTS.TO,2023-12-22,53.650001525878906,54.290000915527344,53.650001525878906,53.959999084472656,49.07123947143555,557800
FTS.TO,2023-12-27,53.470001220703125,54.470001220703125,53.470001220703125,54.2400016784668,49.32588195800781,886800
FTS.TO,2023-12-28,54.06999969482422,54.31999969482422,53.970001220703125,54.279998779296875,49.36225509643555,671900
FTS.TO,2023-12-29,54.369998931884766,54.529998779296875,53.9900016784668,54.5099983215332,49.571414947509766,911700
FTS.TO,2024-01-02,54.20000076293945,54.88999938964844,54.189998626708984,54.709999084472656,49.753292083740234,815100
FTS.TO,2024-01-03,54.72999954223633,55.189998626708984,54.650001525878906,55.040000915527344,50.05339431762695,1263000
FTS.TO,2024-01-04,55.20000076293945,55.66999816894531,54.869998931884766,55.290000915527344,50.2807502746582,963400
FTS.TO,2024-01-05,55.25,56.08000183105469,55.04999923706055,55.63999938964844,50.599037170410156,1008200
FTS.TO,2024-01-08,55.77000045776367,56.150001525878906,55.77000045776367,56.06999969482422,50.99007797241211,976000
FTS.TO,2024-01-09,56.040000915527344,56.209999084472656,55.88999938964844,55.900001525878906,50.835487365722656,1169000
FTS.TO,2024-01-10,56.0,56.18000030517578,55.79999923706055,55.880001068115234,50.817291259765625,891900
FTS.TO,2024-01-11,55.810001373291016,55.810001373291016,54.689998626708984,54.95000076293945,49.9715461730957,718800
FTS.TO,2024-01-12,55.06999969482422,55.380001068115234,54.88999938964844,55.040000915527344,50.05339431762695,761500
FTS.TO,2024-01-15,55.11000061035156,55.52000045776367,55.0,55.439998626708984,50.41715621948242,224300
FTS.TO,2024-01-16,55.189998626708984,55.369998931884766,54.720001220703125,55.33000183105469,50.31711959838867,520000
FTS.TO,2024-01-17,55.09000015258789,55.380001068115234,54.2400016784668,54.540000915527344,49.598690032958984,1321500
FTS.TO,2024-01-18,54.41999816894531,54.689998626708984,53.70000076293945,53.83000183105469,48.953025817871094,2079800
FTS.TO,2024-01-19,53.9900016784668,54.619998931884766,53.7599983215332,54.380001068115234,49.45319366455078,1672900
FTS.TO,2024-01-22,54.45000076293945,54.75,53.970001220703125,54.13999938964844,49.23493194580078,1381700
FTS.TO,2024-01-23,54.13999938964844,54.400001525878906,53.540000915527344,53.599998474121094,48.743858337402344,1525800
FTS.TO,2024-01-24,53.88999938964844,54.11000061035156,53.22999954223633,53.36000061035156,48.525604248046875,2187500
FTS.TO,2024-01-25,53.369998931884766,53.77000045776367,53.36000061035156,53.63999938964844,48.780235290527344,1195300
FTS.TO,2024-01-26,53.650001525878906,53.81999969482422,53.349998474121094,53.400001525878906,48.561981201171875,697600
FTS.TO,2024-01-29,53.560001373291016,53.95000076293945,53.290000915527344,53.86000061035156,48.98030471801758,1487600
FTS.TO,2024-01-30,53.849998474121094,54.11000061035156,53.5,54.0099983215332,49.11671447753906,881600
FTS.TO,2024-01-31,54.2400016784668,54.56999969482422,53.77000045776367,53.939998626708984,49.05305099487305,1272700
FTS.TO,2024-02-01,54.0099983215332,54.2599983215332,53.720001220703125,54.16999816894531,49.262210845947266,937200
FTS.TO,2024-02-02,53.91999816894531,53.970001220703125,52.939998626708984,53.869998931884766,48.9893913269043,1522200
FTS.TO,2024-02-05,53.63999938964844,53.63999938964844,52.900001525878906,53.40999984741211,48.571075439453125,1681200
FTS.TO,2024-02-06,53.290000915527344,53.599998474121094,53.11000061035156,53.52000045776367,48.67110824584961,1302500
FTS.TO,2024-02-07,53.650001525878906,53.97999954223633,52.7400016784668,52.97999954223633,48.180030822753906,1748500
FTS.TO,2024-02-08,52.77000045776367,52.880001068115234,52.2400016784668,52.40999984741211,47.66167449951172,2850900
FTS.TO,2024-02-09,52.2599983215332,53.0,51.709999084472656,52.560001373291016,47.79808807373047,2178000
FTS.TO,2024-02-12,52.70000076293945,53.16999816894531,52.63999938964844,53.040000915527344,48.234596252441406,2300900
FTS.TO,2024-02-13,52.97999954223633,53.119998931884766,51.95000076293945,52.22999954223633,47.49797821044922,4067000
FTS.TO,2024-02-14,52.22999954223633,52.630001068115234,52.02000045776367,52.619998931884766,47.85264205932617,1772500
FTS.TO,2024-02-15,52.22999954223633,52.83000183105469,52.209999084472656,52.66999816894531,48.441261291503906,2451300
FTS.TO,2024-02-16,52.63999938964844,53.040000915527344,52.59000015258789,52.95000076293945,48.69878387451172,2624400
FTS.TO,2024-02-20,52.91999816894531,53.88999938964844,52.900001525878906,53.61000061035156,49.30579376220703,2591800
FTS.TO,2024-02-21,53.650001525878906,53.939998626708984,53.560001373291016,53.790000915527344,49.47134017944336,1676400
FTS.TO,2024-02-22,53.84000015258789,53.84000015258789,53.15999984741211,53.810001373291016,49.4897346496582,2010100
FTS.TO,2024-02-23,53.7599983215332,53.95000076293945,52.959999084472656,53.16999816894531,48.901119232177734,2674400
FTS.TO,2024-02-26,53.119998931884766,53.18000030517578,52.02000045776367,52.130001068115234,47.94462585449219,2735400
FTS.TO,2024-02-27,52.060001373291016,52.43000030517578,51.959999084472656,52.38999938964844,48.18374252319336,1914400
FTS.TO,2024-02-28,52.40999984741211,52.63999938964844,52.310001373291016,52.439998626708984,48.22972869873047,655800
FTS.TO,2024-02-29,52.43000030517578,52.709999084472656,52.2599983215332,52.33000183105469,48.12856674194336,4013600
FTS.TO,2024-03-01,52.2599983215332,52.439998626708984,52.0,52.279998779296875,48.08257293701172,1662800
FTS.TO,2024-03-04,52.099998474121094,53.04999923706055,52.02000045776367,52.95000076293945,48.69878387451172,1569000
FTS.TO,2024-03-05,53.0,53.470001220703125,52.790000915527344,53.04999923706055,48.79075241088867,1610900
FTS.TO,2024-03-06,53.2599983215332,53.65999984741211,53.099998474121094,53.29999923706055,49.02067947387695,1376500
FTS.TO,2024-03-07,53.5,54.22999954223633,53.40999984741211,54.18000030517578,49.83002471923828,2124200
FTS.TO,2024-03-08,54.27000045776367,54.38999938964844,53.959999084472656,54.060001373291016,49.719669342041016,2891300
FTS.TO,2024-03-11,53.91999816894531,54.2599983215332,53.7599983215332,54.0,49.66448211669922,1186700
FTS.TO,2024-03-12,53.93000030517578,54.0,53.40999984741211,53.61000061035156,49.30579376220703,1190300
FTS.TO,2024-03-13,53.70000076293945,53.81999969482422,53.25,53.529998779296875,49.23221969604492,1018000
FTS.TO,2024-03-14,53.5,53.5,52.900001525878906,53.29999923706055,49.02067947387695,1434100
FTS.TO,2024-03-15,53.2599983215332,53.9900016784668,53.11000061035156,53.79999923706055,49.48054504394531,4738800
FTS.TO,2024-03-18,53.709999084472656,53.880001068115234,53.369998931884766,53.56999969482422,49.269004821777344,795900
FTS.TO,2024-03-19,53.689998626708984,54.0099983215332,53.380001068115234,53.380001068115234,49.094261169433594,818200
FTS.TO,2024-03-20,53.47999954223633,53.790000915527344,53.31999969482422,53.52000045776367,49.223018646240234,1076600
FTS.TO,2024-03-21,53.58000183105469,53.91999816894531,53.5,53.61000061035156,49.30579376220703,1072900
FTS.TO,2024-03-22,53.83000183105469,54.09000015258789,53.720001220703125,53.790000915527344,49.47134017944336,1000800
FTS.TO,2024-03-25,53.790000915527344,53.970001220703125,53.400001525878906,53.43000030517578,49.14024353027344,1102200
FTS.TO,2024-03-26,53.290000915527344,53.29999923706055,52.790000915527344,52.900001525878906,48.65279769897461,2780100
FTS.TO,2024-03-27,53.0,53.439998626708984,53.0,53.400001525878906,49.11265563964844,699100
FTS.TO,2024-03-28,53.5,53.66999816894531,53.22999954223633,53.52000045776367,49.223018646240234,890900
FTS.TO,2024-04-01,53.38999938964844,53.43000030517578,53.029998779296875,53.38999938964844,49.103450775146484,698400
FTS.TO,2024-04-02,53.20000076293945,53.59000015258789,53.189998626708984,53.470001220703125,49.17703628540039,776700
FTS.TO,2024-04-03,53.47999954223633,53.54999923706055,53.08000183105469,53.20000076293945,48.9287109375,857600
FTS.TO,2024-04-04,53.349998474121094,53.45000076293945,52.619998931884766,52.939998626708984,48.689579010009766,847500
FTS.TO,2024-04-05,52.84000015258789,52.93000030517578,52.47999954223633,52.7400016784668,48.505645751953125,908900
FTS.TO,2024-04-08,52.75,53.220001220703125,52.72999954223633,53.189998626708984,48.91951370239258,891000
FTS.TO,2024-04-09,53.349998474121094,53.41999816894531,53.02000045776367,53.2599983215332,48.98389434814453,1413300
FTS.TO,2024-04-10,52.93000030517578,52.939998626708984,51.939998626708984,52.25,48.05498123168945,1303900
FTS.TO,2024-04-11,52.349998474121094,52.5,51.54999923706055,51.91999816894531,47.75147247314453,1006500
FTS.TO,2024-04-12,52.04999923706055,52.400001525878906,51.65999984741211,51.84000015258789,47.67790603637695,997700
FTS.TO,2024-04-15,52.0,52.130001068115234,51.38999938964844,51.72999954223633,47.57674026489258,823900
FTS.TO,2024-04-16,51.72999954223633,51.779998779296875,51.02000045776367,51.31999969482422,47.199649810791016,1690500
FTS.TO,2024-04-17,51.400001525878906,52.0,51.15999984741211,51.83000183105469,47.66870880126953,2807700
FTS.TO,2024-04-18,51.84000015258789,52.470001220703125,51.59000015258789,52.380001068115234,48.17454528808594,1822300
FTS.TO,2024-04-19,52.33000183105469,52.959999084472656,52.33000183105469,52.88999938964844,48.64360046386719,1794100
FTS.TO,2024-04-22,52.77000045776367,53.459999084472656,52.77000045776367,53.45000076293945,49.15863800048828,2481800
FTS.TO,2024-04-23,53.47999954223633,53.599998474121094,53.31999969482422,53.369998931884766,49.085060119628906,2678500
FTS.TO,2024-04-24,53.189998626708984,53.790000915527344,53.06999969482422,53.650001525878906,49.342586517333984,1483300
FTS.TO,2024-04-25,53.400001525878906,53.779998779296875,52.91999816894531,53.720001220703125,49.40696716308594,1179500
FTS.TO,2024-04-26,53.650001525878906,53.900001525878906,53.290000915527344,53.380001068115234,49.094261169433594,1310800
FTS.TO,2024-04-29,53.459999084472656,54.099998474121094,53.380001068115234,54.04999923706055,49.71046447753906,2578300
FTS.TO,2024-04-30,54.130001068115234,54.31999969482422,53.86000061035156,54.060001373291016,49.719669342041016,1190700
FTS.TO,2024-05-01,53.86000061035156,54.619998931884766,53.22999954223633,54.36000061035156,49.99557876586914,1272600
FTS.TO,2024-05-02,54.7599983215332,54.779998779296875,54.33000183105469,54.380001068115234,50.013973236083984,1136500
FTS.TO,2024-05-03,54.630001068115234,54.95000076293945,54.40999984741211,54.59000015258789,50.20711135864258,825000
FTS.TO,2024-05-06,54.70000076293945,54.880001068115234,54.27000045776367,54.77000045776367,50.37266159057617,1736800
FTS.TO,2024-05-07,54.88999938964844,55.220001220703125,54.65999984741211,55.16999816894531,50.74054718017578,1061500
FTS.TO,2024-05-08,55.099998474121094,55.79999923706055,55.09000015258789,55.47999954223633,51.025657653808594,1526000
FTS.TO,2024-05-09,55.47999954223633,56.27000045776367,55.40999984741211,56.029998779296875,51.531494140625,1749000
FTS.TO,2024-05-10,56.34000015258789,56.720001220703125,56.119998931884766,56.189998626708984,51.67864990234375,1127200
FTS.TO,2024-05-13,56.16999816894531,56.41999816894531,55.630001068115234,55.790000915527344,51.310768127441406,1476200
FTS.TO,2024-05-14,55.939998626708984,56.029998779296875,55.5099983215332,55.650001525878906,51.182003021240234,3515400
FTS.TO,2024-05-15,55.90999984741211,56.310001373291016,55.7400016784668,55.91999816894531,51.430328369140625,3323400
FTS.TO,2024-05-16,55.33000183105469,55.83000183105469,55.290000915527344,55.560001373291016,51.64411926269531,2943500
FTS.TO,2024-05-17,55.599998474121094,55.63999938964844,55.040000915527344,55.4900016784668,51.57904815673828,5347100
FTS.TO,2024-05-21,55.63999938964844,56.04999923706055,55.38999938964844,55.880001068115234,51.94156265258789,3451200
FTS.TO,2024-05-22,55.66999816894531,55.97999954223633,55.310001373291016,55.38999938964844,51.48609924316406,2617200
FTS.TO,2024-05-23,55.20000076293945,55.400001525878906,54.16999816894531,54.5099983215332,50.66812515258789,3153000
FTS.TO,2024-05-24,54.41999816894531,54.709999084472656,54.2599983215332,54.529998779296875,50.686710357666016,2191000
FTS.TO,2024-05-27,54.47999954223633,54.54999923706055,54.380001068115234,54.43000030517578,50.59376525878906,684100
FTS.TO,2024-05-28,54.27000045776367,54.43000030517578,53.4900016784668,53.61000061035156,49.83155822753906,1437300
FTS.TO,2024-05-29,53.279998779296875,53.29999923706055,52.630001068115234,52.689998626708984,48.97639846801758,5035100
FTS.TO,2024-05-30,52.75,53.40999984741211,52.75,53.380001068115234,49.61777114868164,2440200
FTS.TO,2024-05-31,53.529998779296875,54.529998779296875,53.38999938964844,54.5099983215332,50.66812515258789,2546700
FTS.TO,2024-06-03,54.380001068115234,54.779998779296875,54.130001068115234,54.38999938964844,50.556583404541016,1692300
FTS.TO,2024-06-04,54.34000015258789,55.2599983215332,54.119998931884766,55.02000045776367,51.14218521118164,1251400
FTS.TO,2024-06-05,55.02000045776367,55.88999938964844,55.02000045776367,55.72999954223633,51.8021354675293,1537000
FTS.TO,2024-06-06,55.619998931884766,55.939998626708984,55.5,55.61000061035156,51.69059371948242,801400
FTS.TO,2024-06-07,55.459999084472656,55.560001373291016,54.869998931884766,55.06999969482422,51.188655853271484,1152500
FTS.TO,2024-06-10,54.959999084472656,55.130001068115234,54.68000030517578,54.880001068115234,51.01204299926758,1422700
FTS.TO,2024-06-11,54.58000183105469,54.97999954223633,54.34000015258789,54.560001373291016,50.714599609375,1293200
FTS.TO,2024-06-12,54.77000045776367,55.060001373291016,53.9900016784668,54.09000015258789,50.2777214050293,1190800
FTS.TO,2024-06-13,54.040000915527344,54.220001220703125,53.619998931884766,54.029998779296875,50.221954345703125,1662600
FTS.TO,2024-06-14,53.84000015258789,53.88999938964844,53.529998779296875,53.689998626708984,49.90591812133789,1018500
FTS.TO,2024-06-17,53.650001525878906,53.7400016784668,53.08000183105469,53.25,49.49693298339844,1571000
FTS.TO,2024-06-18,53.0,53.290000915527344,52.630001068115234,52.779998779296875,49.060054779052734,1013600
FTS.TO,2024-06-19,52.7400016784668,52.900001525878906,52.189998626708984,52.33000183105469,48.64177703857422,685700
FTS.TO,2024-06-20,52.31999969482422,52.83000183105469,52.290000915527344,52.7400016784668,49.02287673950195,1058700
FTS.TO,2024-06-21,52.75,53.060001373291016,52.41999816894531,52.70000076293945,48.98569107055664,4747400
FTS.TO,2024-06-24,52.869998931884766,53.83000183105469,52.79999923706055,53.779998779296875,49.98957061767578,1263400
FTS.TO,2024-06-25,53.779998779296875,53.779998779296875,53.130001068115234,53.43000030517578,49.66424560546875,1384400
FTS.TO,2024-06-26,53.060001373291016,53.2400016784668,52.810001373291016,53.0099983215332,49.273841857910156,940700
FTS.TO,2024-06-27,52.939998626708984,53.58000183105469,52.90999984741211,53.40999984741211,49.64565658569336,846100
FTS.TO,2024-06-28,53.529998779296875,53.56999969482422,53.02000045776367,53.16999816894531,49.42256546020508,865900
FTS.TO,2024-07-02,53.0,53.459999084472656,52.68000030517578,53.0,49.26454544067383,1300900
FTS.TO,2024-07-03,53.130001068115234,53.72999954223633,53.130001068115234,53.56999969482422,49.794376373291016,847000
FTS.TO,2024-07-04,53.5099983215332,53.779998779296875,53.400001525878906,53.529998779296875,49.757198333740234,227300
FTS.TO,2024-07-05,53.599998474121094,53.83000183105469,53.2599983215332,53.310001373291016,49.55270004272461,737800
FTS.TO,2024-07-08,53.36000061035156,53.59000015258789,53.20000076293945,53.5099983215332,49.73859786987305,500400
FTS.TO,2024-07-09,53.459999084472656,53.68000030517578,53.290000915527344,53.540000915527344,49.76648712158203,406200
FTS.TO,2024-07-10,53.650001525878906,54.380001068115234,53.650001525878906,54.2400016784668,50.41715621948242,1395000
FTS.TO,2024-07-11,54.470001220703125,54.810001373291016,54.40999984741211,54.45000076293945,50.61235427856445,857500
FTS.TO,2024-07-12,54.54999923706055,54.83000183105469,54.40999984741211,54.459999084472656,50.62165069580078,625900
FTS.TO,2024-07-15,54.290000915527344,54.290000915527344,53.849998474121094,54.04999923706055,50.240535736083984,965200
FTS.TO,2024-07-16,54.13999938964844,54.52000045776367,54.029998779296875,54.43000030517578,50.59376525878906,1182300
FTS.TO,2024-07-17,54.33000183105469,55.43000030517578,54.31999969482422,55.09000015258789,51.207244873046875,2103700
FTS.TO,2024-07-18,54.970001220703125,55.83000183105469,54.90999984741211,55.79999923706055,51.86720275878906,2110000
FTS.TO,2024-07-19,55.75,55.900001525878906,55.529998779296875,55.619998931884766,51.699886322021484,640300
FTS.TO,2024-07-22,55.790000915527344,56.060001373291016,55.65999984741211,55.810001373291016,51.87649917602539,2974000
FTS.TO,2024-07-23,55.83000183105469,55.869998931884766,55.41999816894531,55.5099983215332,51.59763717651367,1007700
FTS.TO,2024-07-24,55.790000915527344,56.68000030517578,55.59000015258789,56.459999084472656,52.48068618774414,1938100
FTS.TO,2024-07-25,56.470001220703125,56.79999923706055,56.189998626708984,56.290000915527344,52.322669982910156,1307100
FTS.TO,2024-07-26,56.369998931884766,56.81999969482422,56.349998474121094,56.72999954223633,52.73166275024414,1450900
FTS.TO,2024-07-29,56.77000045776367,57.029998779296875,56.619998931884766,56.880001068115234,52.87108612060547,2528500
FTS.TO,2024-07-30,56.790000915527344,57.459999084472656,56.72999954223633,57.119998931884766,53.09416580200195,1027600
FTS.TO,2024-07-31,57.66999816894531,57.939998626708984,56.7599983215332,57.720001220703125,53.651878356933594,1577400
FTS.TO,2024-08-01,57.86000061035156,58.290000915527344,57.630001068115234,57.900001525878906,53.81919860839844,2024000
FTS.TO,2024-08-02,57.880001068115234,59.150001525878906,57.790000915527344,59.0099983215332,54.85095977783203,1735500
FTS.TO,2024-08-06,57.650001525878906,58.65999984741211,57.5,58.439998626708984,54.32114028930664,2791600
FTS.TO,2024-08-07,58.599998474121094,59.040000915527344,58.13999938964844,58.689998626708984,54.55351257324219,2116900
FTS.TO,2024-08-08,58.560001373291016,59.400001525878906,58.560001373291016,59.119998931884766,54.95320510864258,1057700
FTS.TO,2024-08-09,59.189998626708984,59.189998626708984,58.61000061035156,58.9900016784668,54.832374572753906,1655400
FTS.TO,2024-08-12,59.099998474121094,59.13999938964844,58.66999816894531,58.7599983215332,54.61857604980469,1735800
FTS.TO,2024-08-13,58.90999984741211,59.61000061035156,58.68000030517578,59.56999969482422,55.371498107910156,1055900
FTS.TO,2024-08-14,59.439998626708984,59.9900016784668,59.150001525878906,59.56999969482422,55.371498107910156,2628800
FTS.TO,2024-08-15,59.31999969482422,59.93000030517578,59.04999923706055,59.900001525878906,55.67823791503906,2119300
FTS.TO,2024-08-16,59.9900016784668,60.02000045776367,59.65999984741211,59.939998626708984,55.71541213989258,939300
FTS.TO,2024-08-19,59.939998626708984,60.369998931884766,59.83000183105469,60.08000183105469,55.84555435180664,1893700
FTS.TO,2024-08-20,59.5,59.5,59.04999923706055,59.40999984741211,55.77044677734375,3687700
FTS.TO,2024-08-21,59.2599983215332,59.560001373291016,59.13999938964844,59.33000183105469,55.69534683227539,1682500
FTS.TO,2024-08-22,59.349998474121094,59.70000076293945,59.2400016784668,59.400001525878906,55.76105880737305,2589300
FTS.TO,2024-08-23,59.529998779296875,59.709999084472656,59.36000061035156,59.4900016784668,55.84554672241211,1096900
FTS.TO,2024-08-26,59.43000030517578,59.540000915527344,59.08000183105469,59.16999816894531,55.54515075683594,3842600
FTS.TO,2024-08-27,59.060001373291016,59.20000076293945,58.720001220703125,58.95000076293945,55.338626861572266,2897000
FTS.TO,2024-08-28,58.91999816894531,59.22999954223633,58.75,59.0099983215332,55.39494705200195,1432200
FTS.TO,2024-08-29,58.91999816894531,59.119998931884766,58.439998626708984,59.0099983215332,55.39494705200195,2440900
FTS.TO,2024-08-30,59.02000045776367,59.56999969482422,59.02000045776367,59.29999923706055,55.66718673706055,1379200
FTS.TO,2024-09-03,59.29999923706055,60.41999816894531,59.290000915527344,60.38999938964844,56.690406799316406,2975100
FTS.TO,2024-09-04,60.34000015258789,60.84000015258789,60.29999923706055,60.5099983215332,56.80305862426758,978700
FTS.TO,2024-09-05,60.720001220703125,61.2400016784668,60.66999816894531,61.130001068115234,57.38508224487305,1189300
FTS.TO,2024-09-06,61.130001068115234,61.29999923706055,60.310001373291016,60.52000045776367,56.81245040893555,1742100
FTS.TO,2024-09-09,60.65999984741211,61.18000030517578,60.65999984741211,61.0,57.263038635253906,1533400
FTS.TO,2024-09-10,60.77000045776367,61.13999938964844,60.43000030517578,60.54999923706055,56.840606689453125,2113300
FTS.TO,2024-09-11,60.400001525878906,60.790000915527344,60.04999923706055,60.75,57.028358459472656,1358000
FTS.TO,2024-09-12,60.7400016784668,61.560001373291016,60.72999954223633,61.34000015258789,57.582218170166016,1471600
FTS.TO,2024-09-13,61.439998626708984,61.939998626708984,61.22999954223633,61.84000015258789,58.05158233642578,1096000
FTS.TO,2024-09-16,61.84000015258789,62.2400016784668,61.779998779296875,61.9900016784668,58.19239044189453,1078600
FTS.TO,2024-09-17,61.9900016784668,62.290000915527344,61.5099983215332,61.65999984741211,57.88261032104492,1294100
FTS.TO,2024-09-18,61.45000076293945,61.59000015258789,60.95000076293945,61.150001525878906,57.40385437011719,787200
FTS.TO,2024-09-19,60.97999954223633,61.029998779296875,60.279998779296875,60.47999954223633,56.77489471435547,1564400
FTS.TO,2024-09-20,60.47999954223633,60.650001525878906,59.779998779296875,60.599998474121094,56.887542724609375,2752600
FTS.TO,2024-09-23,60.560001373291016,60.900001525878906,60.43000030517578,60.790000915527344,57.0659065246582,759000
FTS.TO,2024-09-24,60.45000076293945,60.81999969482422,60.400001525878906,60.68000030517578,56.962650299072266,747700
FTS.TO,2024-09-25,60.7400016784668,61.06999969482422,60.5,60.70000076293945,56.98141860961914,825300
FTS.TO,2024-09-26,60.68000030517578,61.36000061035156,60.65999984741211,61.130001068115234,57.38508224487305,1051500
FTS.TO,2024-09-27,61.130001068115234,61.779998779296875,61.130001068115234,61.56999969482422,57.798126220703125,1242300
FTS.TO,2024-09-30,61.619998931884766,61.720001220703125,61.13999938964844,61.45000076293945,57.68547439575195,1253800
FTS.TO,2024-10-01,61.45000076293945,61.66999816894531,61.27000045776367,61.56999969482422,57.798126220703125,715300
FTS.TO,2024-10-02,61.38999938964844,62.11000061035156,61.380001068115234,61.790000915527344,58.0046501159668,944400
FTS.TO,2024-10-03,61.779998779296875,61.9900016784668,60.66999816894531,60.86000061035156,57.131622314453125,1145100
FTS.TO,2024-10-04,60.5099983215332,60.599998474121094,60.150001525878906,60.33000183105469,56.63408660888672,912200
FTS.TO,2024-10-07,60.13999938964844,60.560001373291016,59.369998931884766,59.5099983215332,55.86432647705078,2452400
FTS.TO,2024-10-08,59.7400016784668,59.79999923706055,59.15999984741211,59.4900016784668,55.84554672241211,928700
FTS.TO,2024-10-09,59.470001220703125,59.529998779296875,59.040000915527344,59.43000030517578,55.789222717285156,857000
FTS.TO,2024-10-10,59.47999954223633,59.77000045776367,59.130001068115234,59.29999923706055,55.66718673706055,1201900
FTS.TO,2024-10-11,59.20000076293945,59.83000183105469,59.20000076293945,59.7400016784668,56.080238342285156,1079300
FTS.TO,2024-10-15,60.029998779296875,61.38999938964844,60.029998779296875,61.290000915527344,57.5352783203125,1321900
FTS.TO,2024-10-16,61.369998931884766,61.900001525878906,61.349998474121094,61.70000076293945,57.920162200927734,1023700
FTS.TO,2024-10-17,61.7400016784668,61.970001220703125,61.400001525878906,61.7599983215332,57.976478576660156,2386200
FTS.TO,2024-10-18,61.790000915527344,62.31999969482422,61.630001068115234,62.09000015258789,58.2862663269043,1199300
FTS.TO,2024-10-21,62.0099983215332,62.470001220703125,61.91999816894531,62.029998779296875,58.229949951171875,2484900
FTS.TO,2024-10-22,61.77000045776367,62.0099983215332,61.369998931884766,61.849998474121094,58.060970306396484,621200
FTS.TO,2024-10-23,61.86000061035156,62.16999816894531,61.779998779296875,62.08000183105469,58.27688217163086,1666800
FTS.TO,2024-10-24,61.70000076293945,62.06999969482422,60.72999954223633,61.27000045776367,57.516502380371094,1246500
FTS.TO,2024-10-25,61.13999938964844,61.459999084472656,60.79999923706055,60.88999938964844,57.159786224365234,1001200
FTS.TO,2024-10-28,60.849998474121094,61.27000045776367,60.79999923706055,60.97999954223633,57.244266510009766,3278500
FTS.TO,2024-10-29,60.599998474121094,60.7599983215332,59.900001525878906,60.25,56.55898666381836,3145800
FTS.TO,2024-10-30,60.189998626708984,60.439998626708984,59.650001525878906,60.11000061035156,56.42756652832031,2196700
FTS.TO,2024-10-31,59.970001220703125,60.779998779296875,59.52000045776367,60.22999954223633,56.540218353271484,1332600
FTS.TO,2024-11-01,60.22999954223633,60.29999923706055,59.529998779296875,59.7400016784668,56.080238342285156,797500
FTS.TO,2024-11-04,59.529998779296875,59.79999923706055,58.900001525878906,59.209999084472656,55.582698822021484,2347500
FTS.TO,2024-11-05,59.0,61.11000061035156,59.0,60.9900016784668,57.253658294677734,1286100
FTS.TO,2024-11-06,60.290000915527344,60.81999969482422,60.029998779296875,60.720001220703125,57.00019836425781,3570300
FTS.TO,2024-11-07,60.66999816894531,61.119998931884766,60.40999984741211,60.790000915527344,57.0659065246582,1976400
FTS.TO,2024-11-08,60.849998474121094,61.61000061035156,60.77000045776367,61.470001220703125,57.704246520996094,1194900
FTS.TO,2024-11-11,61.54999923706055,62.119998931884766,61.54999923706055,61.650001525878906,57.873226165771484,509600
FTS.TO,2024-11-12,61.810001373291016,62.0,61.43000030517578,61.72999954223633,57.94832229614258,3314600
FTS.TO,2024-11-13,61.849998474121094,62.029998779296875,61.2599983215332,61.599998474121094,57.8262825012207,2464100
FTS.TO,2024-11-14,61.66999816894531,62.560001373291016,61.650001525878906,62.27000045776367,58.45524215698242,1421400
FTS.TO,2024-11-15,62.310001373291016,62.369998931884766,61.93000030517578,62.209999084472656,58.3989143371582,2663400
FTS.TO,2024-11-18,61.41999816894531,61.9900016784668,61.369998931884766,61.970001220703125,58.75445556640625,2511100
FTS.TO,2024-11-19,61.720001220703125,62.59000015258789,61.40999984741211,62.5,59.256954193115234,1591900
FTS.TO,2024-11-20,62.56999969482422,62.709999084472656,62.25,62.5,59.256954193115234,2757700
FTS.TO,2024-11-21,62.40999984741211,62.650001525878906,61.88999938964844,62.58000183105469,59.33280563354492,2306700
FTS.TO,2024-11-22,62.72999954223633,63.34000015258789,62.709999084472656,63.130001068115234,59.854270935058594,2032800
FTS.TO,2024-11-25,63.2400016784668,63.400001525878906,62.45000076293945,62.900001525878906,59.636199951171875,3815600
FTS.TO,2024-11-26,62.720001220703125,63.290000915527344,62.36000061035156,62.720001220703125,59.465545654296875,2100400
FTS.TO,2024-11-27,62.70000076293945,63.27000045776367,62.58000183105469,62.880001068115234,59.61723709106445,984000
FTS.TO,2024-11-28,62.849998474121094,63.040000915527344,62.650001525878906,62.68000030517578,59.427616119384766,357600
FTS.TO,2024-11-29,62.560001373291016,62.709999084472656,62.290000915527344,62.59000015258789,59.34228515625,1724300
FTS.TO,2024-12-02,62.5099983215332,63.189998626708984,61.970001220703125,63.04999923706055,59.77841567993164,1694000
FTS.TO,2024-12-03,63.16999816894531,63.75,62.279998779296875,62.310001373291016,59.076812744140625,1287600
FTS.TO,2024-12-04,62.189998626708984,63.220001220703125,62.029998779296875,62.869998931884766,59.60775375366211,2064900
FTS.TO,2024-12-05,63.0,63.119998931884766,62.52000045776367,62.9900016784668,59.72153091430664,1182600
FTS.TO,2024-12-06,62.91999816894531,63.06999969482422,62.66999816894531,62.97999954223633,59.7120475769043,1373200
FTS.TO,2024-12-09,62.970001220703125,63.209999084472656,61.939998626708984,62.209999084472656,58.98200607299805,3287200
FTS.TO,2024-12-10,62.08000183105469,62.13999938964844,61.45000076293945,61.81999969482422,58.61224365234375,1716300
FTS.TO,2024-12-11,61.709999084472656,61.93000030517578,60.900001525878906,60.9900016784668,57.8253059387207,1652600
FTS.TO,2024-12-12,61.0,61.209999084472656,59.95000076293945,60.189998626708984,57.06681823730469,3328700
FTS.TO,2024-12-13,60.04999923706055,60.619998931884766,60.0,60.2599983215332,57.13318634033203,1084700
FTS.TO,2024-12-16,60.18000030517578,60.349998474121094,59.869998931884766,59.900001525878906,56.791873931884766,1036100
FTS.TO,2024-12-17,59.70000076293945,60.209999084472656,59.59000015258789,59.9900016784668,56.877201080322266,1040800
FTS.TO,2024-12-18,59.77000045776367,60.06999969482422,59.27000045776367,59.310001373291016,56.232479095458984,974400
FTS.TO,2024-12-19,58.939998626708984,59.61000061035156,58.41999816894531,59.29999923706055,56.222999572753906,980500
FTS.TO,2024-12-20,59.29999923706055,60.18000030517578,59.04999923706055,60.0099983215332,56.89616012573242,3424700
FTS.TO,2024-12-23,59.91999816894531,60.29999923706055,59.63999938964844,60.29999923706055,57.171112060546875,1119900
FTS.TO,2024-12-24,60.04999923706055,60.209999084472656,59.81999969482422,60.04999923706055,56.934078216552734,398400
FTS.TO,2024-12-27,60.0,60.5,59.939998626708984,60.349998474121094,57.2185173034668,672500
FTS.TO,2024-12-30,60.08000183105469,60.31999969482422,59.560001373291016,59.84000015258789,56.734981536865234,753000
FTS.TO,2024-12-31,59.83000183105469,60.18000030517578,59.599998474121094,59.72999954223633,56.63068389892578,858400
FTS.TO,2025-01-02,59.90999984741211,60.18000030517578,59.4900016784668,59.619998931884766,56.52639389038086,669600
FTS.TO,2025-01-03,59.599998474121094,60.290000915527344,59.599998474121094,60.040000915527344,56.92460250854492,637700
FTS.TO,2025-01-06,59.88999938964844,60.040000915527344,59.11000061035156,59.349998474121094,56.27040100097656,777700
FTS.TO,2025-01-07,59.63999938964844,60.41999816894531,59.619998931884766,60.029998779296875,56.915122985839844,1023700
FTS.TO,2025-01-08,59.939998626708984,60.40999984741211,59.54999923706055,60.36000061035156,57.227996826171875,783800
FTS.TO,2025-01-09,60.349998474121094,60.45000076293945,59.90999984741211,60.25,57.12370681762695,1464200
FTS.TO,2025-01-10,59.95000076293945,60.18000030517578,58.72999954223633,58.91999816894531,55.86271667480469,3115400
FTS.TO,2025-01-13,58.7400016784668,58.869998931884766,58.11000061035156,58.619998931884766,55.57828140258789,2593500
FTS.TO,2025-01-14,58.439998626708984,58.540000915527344,57.97999954223633,58.150001525878906,55.132667541503906,1173600
FTS.TO,2025-01-15,58.54999923706055,58.95000076293945,58.29999923706055,58.75,55.7015380859375,1321900
FTS.TO,2025-01-16,58.83000183105469,60.22999954223633,58.66999816894531,60.130001068115234,57.00993728637695,1593900
FTS.TO,2025-01-17,60.279998779296875,60.9900016784668,60.2400016784668,60.689998626708984,57.54087448120117,1216400
FTS.TO,2025-01-20,60.72999954223633,60.97999954223633,60.47999954223633,60.560001373291016,57.41761779785156,375600
FTS.TO,2025-01-21,60.7400016784668,61.38999938964844,60.689998626708984,61.029998779296875,57.86323165893555,1408500
FTS.TO,2025-01-22,60.939998626708984,61.15999984741211,60.439998626708984,60.56999969482422,57.42709732055664,2060600
FTS.TO,2025-01-23,60.54999923706055,60.959999084472656,60.2599983215332,60.720001220703125,57.56931686401367,1376300
FTS.TO,2025-01-24,60.58000183105469,60.869998931884766,60.47999954223633,60.810001373291016,57.65464782714844,1437500
FTS.TO,2025-01-27,60.709999084472656,62.65999984741211,60.709999084472656,62.31999969482422,59.08629608154297,2880000
FTS.TO,2025-01-28,62.16999816894531,62.349998474121094,61.290000915527344,61.47999954223633,58.28987503051758,1662500
FTS.TO,2025-01-29,61.45000076293945,61.90999984741211,60.880001068115234,60.97999954223633,57.815826416015625,1601900
FTS.TO,2025-01-30,61.119998931884766,62.209999084472656,61.099998474121094,61.939998626708984,58.726016998291016,1377100
FTS.TO,2025-01-31,61.869998931884766,62.290000915527344,61.66999816894531,61.900001525878906,58.68809127807617,1161700
FTS.TO,2025-02-03,60.5,62.7400016784668,60.5,62.2599983215332,59.02940368652344,2706100
FTS.TO,2025-02-04,61.900001525878906,61.90999984741211,61.20000076293945,61.2599983215332,58.08129119873047,1547400
FTS.TO,2025-02-05,61.459999084472656,62.5099983215332,61.40999984741211,62.34000015258789,59.10525894165039,1356500
FTS.TO,2025-02-06,62.59000015258789,62.59000015258789,61.83000183105469,62.33000183105469,59.09577941894531,1713700
FTS.TO,2025-02-07,62.20000076293945,62.36000061035156,61.7400016784668,62.15999984741211,58.93459701538086,785400
FTS.TO,2025-02-10,62.29999923706055,62.939998626708984,62.150001525878906,62.59000015258789,59.34228515625,2498900
FTS.TO,2025-02-11,62.540000915527344,62.79999923706055,62.099998474121094,62.7599983215332,59.50345993041992,1741200
FTS.TO,2025-02-12,62.25,62.90999984741211,62.25,62.70000076293945,59.44657516479492,1592400
FTS.TO,2025-02-13,63.0,63.5,62.83000183105469,62.88999938964844,59.62671661376953,2354200
FTS.TO,2025-02-14,63.25,64.38999938964844,63.15999984741211,63.63999938964844,60.33780288696289,4062600
FTS.TO,2025-02-18,62.970001220703125,62.970001220703125,60.939998626708984,61.88999938964844,59.25119400024414,2045300
FTS.TO,2025-02-19,61.66999816894531,62.58000183105469,61.380001068115234,62.5099983215332,59.844764709472656,1973100
FTS.TO,2025-02-20,62.290000915527344,62.59000015258789,61.93000030517578,62.04999923706055,59.40437316894531,3569700
FTS.TO,2025-02-21,62.08000183105469,62.849998474121094,61.95000076293945,62.72999954223633,60.05537796020508,2494200
FTS.TO,2025-02-24,62.75,63.18000030517578,62.29999923706055,62.7400016784668,60.06495666503906,2190600
FTS.TO,2025-02-25,62.810001373291016,63.38999938964844,62.810001373291016,63.20000076293945,60.505340576171875,2026100
FTS.TO,2025-02-26,63.0,63.5099983215332,62.61000061035156,63.0099983215332,60.32344055175781,1324500
FTS.TO,2025-02-27,62.68000030517578,63.220001220703125,62.41999816894531,62.7400016784668,60.06495666503906,1934200
FTS.TO,2025-02-28,62.9900016784668,63.47999954223633,62.29999923706055,63.439998626708984,60.735107421875,3207900
FTS.TO,2025-03-03,63.16999816894531,64.05000305175781,63.13999938964844,64.0,61.27123260498047,4019000
FTS.TO,2025-03-04,63.900001525878906,64.4800033569336,63.68000030517578,64.0,61.27123260498047,3004700
FTS.TO,2025-03-05,63.68000030517578,64.05000305175781,62.90999984741211,63.560001373291016,60.84999465942383,2459700
FTS.TO,2025-03-06,63.220001220703125,63.560001373291016,62.470001220703125,62.5,59.83518981933594,1404700
FTS.TO,2025-03-07,62.41999816894531,64.30000305175781,62.349998474121094,64.19999694824219,61.462703704833984,1688000
FTS.TO,2025-03-10,64.27999877929688,65.26000213623047,64.25,64.87999725341797,62.113712310791016,2599000
FTS.TO,2025-03-11,64.7699966430664,65.04000091552734,63.939998626708984,64.02999877929688,61.29995346069336,1800100
FTS.TO,2025-03-12,63.63999938964844,64.30999755859375,63.29999923706055,64.02999877929688,61.29995346069336,1131200
FTS.TO,2025-03-13,64.22000122070312,64.83000183105469,64.16999816894531,64.72000122070312,61.96053695678711,3649500
FTS.TO,2025-03-14,64.55000305175781,65.19999694824219,64.11000061035156,64.51000213623047,61.75949478149414,1102000
FTS.TO,2025-03-17,64.33999633789062,64.97000122070312,64.33999633789062,64.68000030517578,61.922245025634766,905100
FTS.TO,2025-03-18,64.5,64.86000061035156,64.18000030517578,64.62999725341797,61.874366760253906,702500
FTS.TO,2025-03-19,64.5,64.73999786376953,64.30999755859375,64.68000030517578,61.922245025634766,713700
FTS.TO,2025-03-20,64.75,64.9000015258789,64.3499984741211,64.75,61.989253997802734,844200
FTS.TO,2025-03-21,64.93000030517578,65.18000030517578,64.19999694824219,64.55000305175781,61.797786712646484,2717500
FTS.TO,2025-03-24,64.44999694824219,65.0199966430664,64.06999969482422,64.36000061035156,61.615882873535156,1264800
FTS.TO,2025-03-25,64.0999984741211,64.33000183105469,63.40999984741211,63.439998626708984,60.735107421875,1195200
FTS.TO,2025-03-26,63.349998474121094,64.19000244140625,63.349998474121094,63.720001220703125,61.003170013427734,852700
FTS.TO,2025-03-27,63.939998626708984,64.37999725341797,63.720001220703125,64.02999877929688,61.29995346069336,964900
FTS.TO,2025-03-28,64.19999694824219,65.27999877929688,63.72999954223633,64.81999969482422,62.056270599365234,1636800
FTS.TO,2025-03-31,64.79000091552734,66.26000213623047,64.79000091552734,65.55000305175781,62.755149841308594,1936100
FTS.TO,2025-04-01,65.44999694824219,66.4000015258789,65.22000122070312,66.02999877929688,63.21467590332031,1728000
FTS.TO,2025-04-02,66.3499984741211,66.3499984741211,65.56999969482422,66.11000061035156,63.2912712097168,776000
FTS.TO,2025-04-03,65.7300033569336,67.5199966430664,65.44000244140625,66.68000030517578,63.83696746826172,865000
FTS.TO,2025-04-04,67.0,67.44999694824219,65.66000366210938,65.70999908447266,62.908321380615234,2763600
FTS.TO,2025-04-07,63.90999984741211,65.54000091552734,63.25,64.31999969482422,61.57759094238281,2357800
FTS.TO,2025-04-08,64.98999786376953,65.41999816894531,63.0099983215332,63.45000076293945,60.744686126708984,2582300
FTS.TO,2025-04-09,62.7599983215332,63.130001068115234,61.31999969482422,62.68000030517578,60.00751876831055,2535100
FTS.TO,2025-04-10,62.689998626708984,63.54999923706055,62.150001525878906,63.22999954223633,60.534061431884766,1433400
FTS.TO,2025-04-11,63.52000045776367,64.83999633789062,63.22999954223633,64.63999938964844,61.88394546508789,1630500
FTS.TO,2025-04-14,64.63999938964844,65.94999694824219,64.45999908447266,65.79000091552734,62.98491287231445,1011600
FTS.TO,2025-04-15,65.8499984741211,66.31999969482422,65.75,66.13999938964844,63.319984436035156,2132400
FTS.TO,2025-04-16,66.36000061035156,66.77999877929688,65.86000061035156,66.06999969482422,63.25297546386719,2009500
FTS.TO,2025-04-17,66.19999694824219,66.97000122070312,66.19999694824219,66.69999694824219,63.85610580444336,2695400
FTS.TO,2025-04-21,66.7699966430664,67.05000305175781,66.0999984741211,66.58999633789062,63.750797271728516,1350900
FTS.TO,2025-04-22,66.94999694824219,67.68000030517578,66.88999938964844,67.63999938964844,64.75603485107422,3305500
FTS.TO,2025-04-23,67.63999938964844,67.66999816894531,66.43000030517578,67.05999755859375,64.20075225830078,1357300
FTS.TO,2025-04-24,67.01000213623047,67.44000244140625,66.4800033569336,67.29000091552734,64.42095947265625,1500900
FTS.TO,2025-04-25,67.12000274658203,67.5199966430664,67.01000213623047,67.33999633789062,64.46882629394531,1800100
FTS.TO,2025-04-28,67.2300033569336,67.43000030517578,66.44999694824219,67.18000030517578,64.31564331054688,2357600
FTS.TO,2025-04-29,67.20999908447266,67.58999633789062,67.20999908447266,67.54000091552734,64.66029357910156,1222800
FTS.TO,2025-04-30,67.75,68.37999725341797,67.30000305175781,68.2699966430664,65.35917663574219,1349200
FTS.TO,2025-05-01,68.16999816894531,68.6500015258789,67.77999877929688,67.80000305175781,64.90921020507812,1359900
FTS.TO,2025-05-02,67.5999984741211,67.66000366210938,66.77999877929688,67.08000183105469,64.21990966796875,2021000
FTS.TO,2025-05-05,67.06999969482422,67.4000015258789,66.61000061035156,67.31999969482422,64.44967651367188,1265400
FTS.TO,2025-05-06,67.1500015258789,67.9800033569336,67.1500015258789,67.52999877929688,64.65071868896484,1930200
FTS.TO,2025-05-07,67.93000030517578,69.0199966430664,67.8499984741211,68.83999633789062,65.90486907958984,1551900
FTS.TO,2025-05-08,69.23999786376953,69.23999786376953,67.5,67.5199966430664,64.64115142822266,1987600
FTS.TO,2025-05-09,67.45999908447266,67.47000122070312,66.61000061035156,66.91000366210938,64.05715942382812,933600
FTS.TO,2025-05-12,66.69999694824219,66.77999877929688,64.97000122070312,65.37000274658203,62.58282470703125,2636500
FTS.TO,2025-05-13,65.44000244140625,65.44000244140625,64.69999694824219,64.88999938964844,62.12328338623047,1648700
FTS.TO,2025-05-14,65.05999755859375,65.1500015258789,64.05999755859375,64.94000244140625,62.1711540222168,1590900
FTS.TO,2025-05-15,65.19999694824219,66.13999938964844,64.80000305175781,66.02999877929688,63.21467590332031,1344700
FTS.TO,2025-05-16,65.61000061035156,65.97000122070312,65.30000305175781,65.9000015258789,63.68336486816406,2994600
FTS.TO,2025-05-20,66.1500015258789,66.86000061035156,66.0,66.48999786376953,64.25352478027344,3590100
FTS.TO,2025-05-21,66.58000183105469,66.80999755859375,66.02999877929688,66.73999786376953,64.49510955810547,2639800
FTS.TO,2025-05-22,66.66000366210938,66.75,65.91999816894531,66.16000366210938,63.93462371826172,3355600
FTS.TO,2025-05-23,66.47000122070312,66.48999786376953,65.63999938964844,66.33999633789062,64.10856628417969,1691000
FTS.TO,2025-05-26,66.41999816894531,66.62999725341797,66.0199966430664,66.26000213623047,64.03126525878906,801800
FTS.TO,2025-05-27,66.2699966430664,67.47000122070312,66.2699966430664,67.06999969482422,64.81401062011719,2582400
FTS.TO,2025-05-28,66.88999938964844,66.93000030517578,65.9800033569336,66.23999786376953,64.01193237304688,1158100
FTS.TO,2025-05-29,66.05999755859375,66.66000366210938,65.81999969482422,66.56999969482422,64.3308334350586,1292800
FTS.TO,2025-05-30,66.4800033569336,67.27999877929688,66.4000015258789,67.05000305175781,64.79469299316406,4183100
FTS.TO,2025-06-02,66.77999877929688,67.20999908447266,66.27999877929688,66.73999786376953,64.49510955810547,1841900
FTS.TO,2025-06-03,66.97000122070312,67.02999877929688,66.25,66.43000030517578,64.1955337524414,1322100
FTS.TO,2025-06-04,66.29000091552734,66.56999969482422,65.68000030517578,65.91000366210938,63.69303512573242,1317500
FTS.TO,2025-06-05,65.87000274658203,66.08999633789062,65.30999755859375,65.66999816894531,63.46110153198242,1515300
FTS.TO,2025-06-06,65.68000030517578,65.69999694824219,64.97000122070312,65.04000091552734,62.852291107177734,1839300
FTS.TO,2025-06-09,64.83000183105469,65.0199966430664,64.27999877929688,64.77999877929688,62.60103988647461,1282500
FTS.TO,2025-06-10,64.79000091552734,65.16999816894531,64.66000366210938,64.93000030517578,62.745994567871094,1628800
FTS.TO,2025-06-11,64.91999816894531,64.97000122070312,64.41000366210938,64.76000213623047,62.58171844482422,1576700
FTS.TO,2025-06-12,64.95999908447266,65.27999877929688,64.73999786376953,65.25,63.055233001708984,1840100
FTS.TO,2025-06-13,65.36000061035156,65.69999694824219,65.08000183105469,65.44999694824219,63.24850082397461,1800000
FTS.TO,2025-06-16,65.48999786376953,65.86000061035156,64.5999984741211,64.77999877929688,62.60103988647461,1240400
FTS.TO,2025-06-17,64.68000030517578,64.7699966430664,64.22000122070312,64.69999694824219,62.52372741699219,661500
FTS.TO,2025-06-18,64.7300033569336,64.95999908447266,64.44999694824219,64.83000183105469,62.64936065673828,1079200
FTS.TO,2025-06-19,64.69000244140625,64.95999908447266,64.27999877929688,64.41999816894531,62.253143310546875,337000
FTS.TO,2025-06-20,64.75,64.94999694824219,64.18000030517578,64.62000274658203,62.44642639160156,2147700
FTS.TO,2025-06-23,64.69999694824219,65.54000091552734,64.69999694824219,65.27999877929688,63.0842170715332,985000
FTS.TO,2025-06-24,65.06999969482422,65.26000213623047,64.76000213623047,64.9800033569336,62.7943115234375,688800
FTS.TO,2025-06-25,64.75,64.77999877929688,63.91999816894531,63.970001220703125,61.81828689575195,913600
FTS.TO,2025-06-26,63.880001068115234,64.38999938964844,63.849998474121094,64.25,62.088863372802734,736900
FTS.TO,2025-06-27,64.41000366210938,64.97000122070312,64.37999725341797,64.63999938964844,62.46575164794922,970300
FTS.TO,2025-06-30,64.55999755859375,65.12000274658203,64.4000015258789,65.0199966430664,62.83295822143555,999200
FTS.TO,2025-07-02,64.95999908447266,64.97000122070312,63.849998474121094,63.959999084472656,61.80862045288086,1686400
FTS.TO,2025-07-03,64.0,64.44999694824219,63.88999938964844,64.12000274658203,61.96323776245117,478200
FTS.TO,2025-07-04,64.11000061035156,64.37000274658203,63.970001220703125,64.30000305175781,62.13718795776367,259800
FTS.TO,2025-07-07,64.30000305175781,64.48999786376953,63.959999084472656,64.0199966430664,61.86659622192383,912700
FTS.TO,2025-07-08,64.11000061035156,64.33000183105469,63.540000915527344,64.08000183105469,61.92458724975586,919600
FTS.TO,2025-07-09,63.970001220703125,64.33000183105469,63.779998779296875,64.08999633789062,61.934242248535156,654400
FTS.TO,2025-07-10,63.849998474121094,64.66999816894531,63.7400016784668,64.43000030517578,62.26280975341797,1102800
FTS.TO,2025-07-11,64.30000305175781,64.69999694824219,64.08000183105469,64.61000061035156,62.4367561340332,1217400
FTS.TO,2025-07-14,64.6500015258789,65.22000122070312,64.5,64.6500015258789,62.475406646728516,1360200
FTS.TO,2025-07-15,64.6500015258789,64.8499984741211,64.36000061035156,64.52999877929688,62.35944366455078,727400
FTS.TO,2025-07-16,64.54000091552734,64.87999725341797,64.44999694824219,64.55000305175781,62.37877655029297,720800
FTS.TO,2025-07-17,64.4000015258789,64.69000244140625,64.13999938964844,64.56999969482422,62.398101806640625,1147200
FTS.TO,2025-07-18,64.75,65.12999725341797,64.41999816894531,64.8499984741211,62.66868209838867,900600
FTS.TO,2025-07-21,65.2699966430664,65.91999816894531,65.2699966430664,65.86000061035156,63.64470672607422,1801600
FTS.TO,2025-07-22,66.12000274658203,66.9800033569336,66.02999877929688,66.73999786376953,64.49510955810547,2484200
FTS.TO,2025-07-23,66.87999725341797,67.04000091552734,66.2300033569336,66.30000305175781,64.0699234008789,1230200
FTS.TO,2025-07-24,66.30999755859375,67.05999755859375,66.20999908447266,66.94000244140625,64.68838500976562,1280000
FTS.TO,2025-07-25,67.0999984741211,67.44000244140625,66.87999725341797,67.27999877929688,65.01695251464844,737100
FTS.TO,2025-07-28,67.19999694824219,67.31999969482422,66.31999969482422,66.41999816894531,64.18588256835938,1359400
FTS.TO,2025-07-29,66.9000015258789,67.37000274658203,66.55999755859375,67.22000122070312,64.9589614868164,1835400
FTS.TO,2025-07-30,67.02999877929688,68.23999786376953,66.97000122070312,67.80000305175781,65.51945495605469,987800
FTS.TO,2025-07-31,67.48999786376953,68.0,67.44000244140625,67.80000305175781,65.51945495605469,1165000
FTS.TO,2025-08-01,68.3499984741211,69.69999694824219,68.12000274658203,68.79000091552734,66.47615051269531,2012000
FTS.TO,2025-08-05,69.62000274658203,70.95999908447266,69.05999755859375,69.43000030517578,67.0946273803711,2219300
FTS.TO,2025-08-06,69.4000015258789,69.83999633789062,68.8499984741211,69.30000305175781,66.96900177001953,1499000
FTS.TO,2025-08-07,69.19999694824219,69.94999694824219,69.01000213623047,69.83999633789062,67.49083709716797,1132000
FTS.TO,2025-08-08,69.9000015258789,70.33000183105469,69.80999755859375,69.91000366210938,67.55848693847656,1124400
FTS.TO,2025-08-11,69.80000305175781,70.25,69.69000244140625,69.81999969482422,67.47150421142578,621900
FTS.TO,2025-08-12,69.69999694824219,69.94999694824219,69.29000091552734,69.62999725341797,67.28791046142578,767500
FTS.TO,2025-08-13,69.41000366210938,69.88999938964844,69.41000366210938,69.4800033569336,67.14295196533203,2046400
FTS.TO,2025-08-14,69.51000213623047,70.3499984741211,69.4800033569336,70.0999984741211,67.74209594726562,668300
FTS.TO,2025-08-15,70.31999969482422,70.31999969482422,69.81999969482422,70.1500015258789,67.79042053222656,2230200
FTS.TO,2025-08-18,70.11000061035156,70.37000274658203,69.63999938964844,69.83000183105469,67.48118591308594,1318200
FTS.TO,2025-08-19,69.19999694824219,69.80999755859375,68.91000366210938,69.66000366210938,67.91503143310547,2706400
FTS.TO,2025-08-20,69.79000091552734,70.9000015258789,69.77999877929688,70.52999877929688,68.76323699951172,1901200
FTS.TO,2025-08-21,70.47000122070312,70.86000061035156,70.47000122070312,70.61000061035156,68.84123229980469,2459900
FTS.TO,2025-08-22,70.69999694824219,71.0199966430664,70.02999877929688,70.05000305175781,68.29525756835938,1215600
FTS.TO,2025-08-25,70.01000213623047,70.01000213623047,69.36000061035156,69.58999633789062,67.8467788696289,1211400
FTS.TO,2025-08-26,69.48999786376953,69.52999877929688,68.63999938964844,68.9000015258789,67.174072265625,2229100
FTS.TO,2025-08-27,68.91999816894531,68.9800033569336,68.33999633789062,68.94999694824219,67.22280883789062,2204500
FTS.TO,2025-08-28,68.97000122070312,69.0,67.83999633789062,68.20999908447266,66.50135040283203,1754700
FTS.TO,2025-08-29,68.2699966430664,68.6500015258789,68.05000305175781,68.3499984741211,66.63784790039062,1665000
FTS.TO,2025-09-02,68.2699966430664,68.5199966430664,68.0199966430664,68.2699966430664,66.5598373413086,1434500
FTS.TO,2025-09-03,68.33000183105469,68.45999908447266,68.04000091552734,68.16999816894531,66.46235656738281,1382200
FTS.TO,2025-09-04,68.56999969482422,68.79000091552734,68.27999877929688,68.70999908447266,66.98883056640625,2393100
FTS.TO,2025-09-05,68.81999969482422,69.04000091552734,68.04000091552734,68.18000030517578,66.47209930419922,781500
FTS.TO,2025-09-08,68.11000061035156,68.12000274658203,67.23999786376953,67.58999633789062,65.89688110351562,1312400
FTS.TO,2025-09-09,67.52999877929688,68.18000030517578,67.3499984741211,67.87999725341797,66.17961120605469,688600
FTS.TO,2025-09-10,67.7699966430664,68.13999938964844,67.70999908447266,67.9000015258789,66.1991195678711,707300
FTS.TO,2025-09-11,67.97000122070312,68.0999984741211,67.76000213623047,68.06999969482422,66.36485290527344,906800
FTS.TO,2025-09-12,68.2300033569336,68.4000015258789,68.04000091552734,68.37000274658203,66.6573486328125,509900
FTS.TO,2025-09-15,68.30000305175781,68.37999725341797,67.81999969482422,68.0199966430664,66.31610870361328,1603500
FTS.TO,2025-09-16,67.81999969482422,67.95999908447266,67.33999633789062,67.38999938964844,65.70189666748047,1454700
FTS.TO,2025-09-17,67.36000061035156,67.91999816894531,67.36000061035156,67.5199966430664,65.82862854003906,1110700
FTS.TO,2025-09-18,67.36000061035156,67.80000305175781,67.1500015258789,67.37999725341797,65.692138671875,984700
FTS.TO,2025-09-19,68.0,68.12999725341797,67.58000183105469,67.94000244140625,66.23812103271484,2735800
FTS.TO,2025-09-22,68.11000061035156,68.41999816894531,67.9000015258789,67.9800033569336,66.27711486816406,1333200
FTS.TO,2025-09-23,67.95999908447266,68.27999877929688,67.62000274658203,68.23999786376953,66.53060150146484,900700
FTS.TO,2025-09-24,68.30000305175781,69.05000305175781,68.23999786376953,68.7300033569336,67.0083236694336,891800
FTS.TO,2025-09-25,68.70999908447266,69.37000274658203,68.70999908447266,69.01000213623047,67.28131866455078,940800
FTS.TO,2025-09-26,69.18000030517578,69.61000061035156,69.06999969482422,69.19000244140625,67.45680236816406,662500
FTS.TO,2025-09-29,69.02999877929688,70.02999877929688,69.01000213623047,69.72000122070312,67.9735336303711,1397800
FTS.TO,2025-09-30,69.8499984741211,70.68000030517578,69.7699966430664,70.58999633789062,68.82172393798828,995900
FTS.TO,2025-10-01,70.66999816894531,70.95999908447266,70.2699966430664,70.29000091552734,68.52925872802734,917100
FTS.TO,2025-10-02,70.5199966430664,70.5199966430664,69.8499984741211,70.19000244140625,68.43175506591797,1036300
FTS.TO,2025-10-03,70.04000091552734,70.86000061035156,70.04000091552734,70.13999938964844,68.38300323486328,755300
FTS.TO,2025-10-06,70.01000213623047,70.44999694824219,69.26000213623047,70.41999816894531,68.65599060058594,622300
FTS.TO,2025-10-07,70.41999816894531,70.72000122070312,70.0199966430664,70.33999633789062,68.57798767089844,728000
FTS.TO,2025-10-08,70.37000274658203,70.4000015258789,69.83000183105469,70.30999755859375,68.54874420166016,724500
FTS.TO,2025-10-09,70.45999908447266,70.62999725341797,70.02999877929688,70.18000030517578,68.42200469970703,601900
FTS.TO,2025-10-10,70.4000015258789,71.48999786376953,70.12999725341797,71.45999908447266,69.66993713378906,773300
FTS.TO,2025-10-14,71.69999694824219,72.13999938964844,71.4800033569336,71.58000183105469,69.78693389892578,1657800
FTS.TO,2025-10-15,71.5,72.19000244140625,71.5,72.16000366210938,70.35240936279297,925300
FTS.TO,2025-10-16,72.30000305175781,72.55999755859375,71.97000122070312,72.31999969482422,70.50839233398438,1181700
FTS.TO,2025-10-17,72.29000091552734,72.5199966430664,72.04000091552734,72.47000122070312,70.6546401977539,627700
FTS.TO,2025-10-20,72.56999969482422,72.94999694824219,72.12000274658203,72.43000030517578,70.61563873291016,1340000
FTS.TO,2025-10-21,72.33000183105469,72.62999725341797,72.08999633789062,72.41999816894531,70.60589599609375,1363800
FTS.TO,2025-10-22,72.30000305175781,73.43000030517578,72.26000213623047,72.87000274658203,71.04461669921875,2172400
FTS.TO,2025-10-23,73.05999755859375,73.0999984741211,72.20999908447266,72.26000213623047,70.44989776611328,1673000
FTS.TO,2025-10-24,72.29000091552734,72.54000091552734,71.88999938964844,71.95999908447266,70.15741729736328,878400
FTS.TO,2025-10-27,71.87999725341797,72.0,71.16000366210938,71.54000091552734,69.74794006347656,2027900
FTS.TO,2025-10-28,71.51000213623047,71.69999694824219,70.55000305175781,70.6500015258789,68.88023376464844,2143300
FTS.TO,2025-10-29,70.5,70.87999725341797,69.45999908447266,70.0,68.24650573730469,1806300
FTS.TO,2025-10-30,70.18000030517578,70.79000091552734,70.16999816894531,70.66000366210938,68.88997650146484,1073200
FTS.TO,2025-10-31,70.7699966430664,70.7699966430664,70.06999969482422,70.5,68.7339859008789,987200
FTS.TO,2025-11-03,70.37999725341797,70.66999816894531,69.80999755859375,69.98999786376953,68.23676300048828,1808400
FTS.TO,2025-11-04,70.1500015258789,71.95999908447266,69.98999786376953,71.23999786376953,69.45545196533203,1500500
FTS.TO,2025-11-05,71.56999969482422,72.01000213623047,71.16999816894531,71.30000305175781,69.51395416259766,1138200
FTS.TO,2025-11-06,71.18000030517578,72.22000122070312,71.18000030517578,72.12000274658203,70.31340789794922,1486900
FTS.TO,2025-11-07,71.95999908447266,72.73999786376953,71.91000366210938,71.95999908447266,70.15741729736328,1043800
FTS.TO,2025-11-10,72.01000213623047,72.5,71.5199966430664,72.01000213623047,70.20616149902344,1549600
FTS.TO,2025-11-11,72.13999938964844,72.66999816894531,72.06999969482422,72.63999938964844,70.82037353515625,885700
FTS.TO,2025-11-12,72.91999816894531,73.83000183105469,72.58999633789062,73.73999786376953,71.89282989501953,4013600
FTS.TO,2025-11-13,73.75,74.0,73.05000305175781,73.44000244140625,71.600341796875,2970000
FTS.TO,2025-11-14,73.54000091552734,73.66999816894531,72.88999938964844,73.33000183105469,71.49309539794922,3625200
FTS.TO,2025-11-17,72.70999908447266,73.26000213623047,72.5999984741211,73.26000213623047,72.0537109375,2521700
FTS.TO,2025-11-18,73.19999694824219,73.47000122070312,72.27999877929688,72.68000030517578,71.48326110839844,4118900
FTS.TO,2025-11-19,72.62999725341797,72.94999694824219,71.87000274658203,72.44000244140625,71.2472152709961,2203100
FTS.TO,2025-11-20,72.20999908447266,72.70999908447266,72.04000091552734,72.56999969482422,71.37506866455078,1418500
FTS.TO,2025-11-21,72.66999816894531,73.05000305175781,72.16999816894531,72.66000366210938,71.4636001586914,1567200
FTS.TO,2025-11-24,72.69000244140625,72.76000213623047,72.08000183105469,72.55999755859375,71.365234375,4877600
FTS.TO,2025-11-25,72.7300033569336,73.25,72.62000274658203,73.25,72.04387664794922,3000200
FTS.TO,2025-11-26,73.5,73.62999725341797,73.0,73.58999633789062,72.3782730102539,834300
FTS.TO,2025-11-27,73.44000244140625,73.55000305175781,73.22000122070312,73.23999786376953,72.0340347290039,300900
FTS.TO,2025-11-28,73.41000366210938,73.52999877929688,72.9800033569336,73.26000213623047,72.0537109375,2281400
FTS.TO,2025-12-01,73.33000183105469,73.43000030517578,72.75,73.06999969482422,71.86683654785156,1728500
FTS.TO,2025-12-02,73.25,73.25,72.05000305175781,72.2699966430664,71.08000946044922,2837100
FTS.TO,2025-12-03,72.2699966430664,72.5,71.0,71.29000091552734,70.11614990234375,2835000
FTS.TO,2025-12-04,71.29000091552734,71.86000061035156,71.0199966430664,71.11000061035156,69.9391098022461,1147800
FTS.TO,2025-12-05,70.98999786376953,70.98999786376953,70.51000213623047,70.68000030517578,69.51618957519531,1316600
FTS.TO,2025-12-08,70.5199966430664,70.52999877929688,70.05999755859375,70.16000366210938,69.0047607421875,2109500
FTS.TO,2025-12-09,70.1500015258789,70.56999969482422,69.5199966430664,69.62000274658203,68.47364807128906,1581500
FTS.TO,2025-12-10,69.63999938964844,69.80999755859375,69.05999755859375,69.11000061035156,67.9720458984375,1569400
FTS.TO,2025-12-11,69.11000061035156,69.70999908447266,69.11000061035156,69.25,68.1097412109375,1145300
FTS.TO,2025-12-12,69.44000244140625,70.23999786376953,69.26000213623047,70.16000366210938,69.0047607421875,1790700
FTS.TO,2025-12-15,70.0999984741211,71.05999755859375,70.0999984741211,71.05000305175781,69.8801040649414,1126600
FTS.TO,2025-12-16,71.05999755859375,71.08999633789062,70.33000183105469,70.55000305175781,69.38833618164062,1360700
FTS.TO,2025-12-17,70.5999984741211,71.26000213623047,70.05000305175781,71.18000030517578,70.0079574584961,1470900
FTS.TO,2025-12-18,70.94999694824219,71.23999786376953,70.80999755859375,70.87999725341797,69.712890625,1142300
FTS.TO,2025-12-19,71.0999984741211,71.13999938964844,69.95999908447266,70.0999984741211,68.94574737548828,3997800
FTS.TO,2025-12-22,69.88999938964844,70.44000244140625,69.37000274658203,70.41000366210938,69.25064086914062,1896700
FTS.TO,2025-12-23,70.36000061035156,70.97000122070312,70.36000061035156,70.94000244140625,69.77191162109375,832200
FTS.TO,2025-12-24,70.8499984741211,71.05000305175781,70.63999938964844,70.63999938964844,69.47685241699219,302500
FTS.TO,2025-12-29,71.0,71.44000244140625,70.81999969482422,70.9800033569336,69.8112564086914,1906600
FTS.TO,2025-12-30,70.9800033569336,71.48999786376953,70.88999938964844,71.30999755859375,70.13581085205078,749900
FTS.TO,2025-12-31,71.5,71.5,71.13999938964844,71.36000061035156,70.18499755859375,786500
FTS.TO,2026-01-02,71.61000061035156,71.7699966430664,71.08000183105469,71.25,70.0768051147461,666500
FTS.TO,2026-01-05,71.05999755859375,71.25,69.70999908447266,70.43000030517578,69.27030944824219,1085900
FTS.TO,2026-01-06,70.37999725341797,71.08000183105469,70.11000061035156,71.05000305175781,69.8801040649414,684300
FTS.TO,2026-01-07,70.98999786376953,71.44000244140625,70.72000122070312,70.98999786376953,69.82108306884766,1384100
FTS.TO,2026-01-08,70.97000122070312,72.06999969482422,70.97000122070312,71.58000183105469,70.40137481689453,1080800
FTS.TO,2026-01-09,71.52999877929688,72.1500015258789,71.52999877929688,71.62999725341797,70.45054626464844,529000
FTS.TO,2026-01-12,71.73999786376953,71.80999755859375,70.81999969482422,71.27999877929688,70.10631561279297,1601400
FTS.TO,2026-01-13,71.20999908447266,71.47000122070312,70.43000030517578,71.25,70.0768051147461,1231400
FTS.TO,2026-01-14,71.54000091552734,72.2300033569336,71.41000366210938,72.08999633789062,70.90296936035156,2490200
FTS.TO,2026-01-15,72.27999877929688,72.58000183105469,71.52999877929688,71.80999755859375,70.6275863647461,1703000
FTS.TO,2026-01-16,71.56999969482422,72.36000061035156,71.5,72.27999877929688,71.08984375,1700600
FTS.TO,2026-01-19,72.25,72.55000305175781,71.69999694824219,72.48999786376953,71.29638671875,1213700
FTS.TO,2026-01-20,72.4800033569336,72.62999725341797,71.27999877929688,72.47000122070312,71.27671813964844,3560700
FTS.TO,2026-01-21,72.62999725341797,72.94000244140625,72.04000091552734,72.33000183105469,71.13902282714844,1716700
FTS.TO,2026-01-22,72.48999786376953,72.87999725341797,72.08000183105469,72.08999633789062,70.90296936035156,1174800
FTS.TO,2026-01-23,72.0999984741211,72.20999908447266,71.37000274658203,72.19000244140625,71.00133514404297,1561200
FTS.TO,2026-01-26,72.41999816894531,72.79000091552734,72.12000274658203,72.5,71.30622863769531,1985900
FTS.TO,2026-01-27,72.5199966430664,73.27999877929688,72.5,72.91000366210938,71.70948028564453,1191400
FTS.TO,2026-01-28,72.66000366210938,73.08000183105469,72.18000030517578,72.31999969482422,71.12918853759766,2659800
FTS.TO,2026-01-29,72.45999908447266,72.94000244140625,72.19999694824219,72.33000183105469,71.13902282714844,2484900
FTS.TO,2026-01-30,72.73999786376953,72.75,71.36000061035156,72.5999984741211,71.40457916259766,2407000
FTS.TO,2026-02-02,73.51000213623047,73.75,71.41000366210938,72.02999877929688,70.84396362304688,3152100
FTS.TO,2026-02-03,72.19999694824219,73.80999755859375,71.91000366210938,73.7699966430664,72.55531311035156,2348900
FTS.TO,2026-02-04,73.87999725341797,74.93000030517578,73.68000030517578,74.22000122070312,72.9979019165039,2528800
FTS.TO,2026-02-05,74.41999816894531,75.48999786376953,74.16000366210938,75.26000213623047,74.02078247070312,1673600
FTS.TO,2026-02-06,75.16000366210938,75.4800033569336,73.66000366210938,73.73999786376953,72.52580261230469,1934300
FTS.TO,2026-02-09,73.7699966430664,73.97000122070312,72.93000030517578,73.38999938964844,72.18156433105469,1218700
FTS.TO,2026-02-10,73.5,74.25,73.25,73.97000122070312,72.75202178955078,2046300
FTS.TO,2026-02-11,74.05999755859375,74.33000183105469,73.54000091552734,73.98999786376953,72.77168273925781,1783300
FTS.TO,2026-02-12,74.6500015258789,77.2699966430664,74.43000030517578,76.31999969482422,75.06332397460938,3071600
FTS.TO,2026-02-13,76.94000244140625,77.58999633789062,76.44999694824219,77.41999816894531,76.14521026611328,2457800
FTS.TO,2026-02-17,77.05000305175781,78.06999969482422,76.91000366210938,77.70999908447266,77.06752014160156,3156100
FTS.TO,2026-02-18,77.9000015258789,78.0,76.77999877929688,77.18000030517578,76.54190063476562,2308700
FTS.TO,2026-02-19,77.05000305175781,77.77999877929688,76.93000030517578,77.37999725341797,76.74024963378906,2138200
FTS.TO,2026-02-20,77.68000030517578,77.8499984741211,76.30000305175781,76.98999786376953,76.35346984863281,2098500
FTS.TO,2026-02-23,77.16999816894531,78.33999633789062,77.08000183105469,78.23999786376953,77.5931396484375,2007800
FTS.TO,2026-02-24,78.3499984741211,78.47000122070312,77.27999877929688,77.8499984741211,77.20635986328125,1704900
FTS.TO,2026-02-25,78.0,78.16000366210938,76.80999755859375,77.80999755859375,77.16669464111328,1780600
FTS.TO,2026-02-26,77.77999877929688,77.9000015258789,77.29000091552734,77.55000305175781,76.90884399414062,2114700
FTS.TO,2026-02-27,77.88999938964844,78.95999908447266,77.81999969482422,78.47000122070312,77.82123565673828,4127100
FTS.TO,2026-03-02,78.33999633789062,78.51000213623047,77.83000183105469,78.0199966430664,77.37495422363281,3231200
FTS.TO,2026-03-03,77.80999755859375,78.62999725341797,76.97000122070312,78.37999725341797,77.73197937011719,3055400
FTS.TO,2026-03-04,78.29000091552734,78.79000091552734,77.62999725341797,78.7300033569336,78.07909393310547,1958600
FTS.TO,2026-03-05,78.41000366210938,78.86000061035156,77.4000015258789,78.30999755859375,77.66255950927734,1414700
FTS.TO,2026-03-06,78.33999633789062,78.62999725341797,77.66999816894531,78.58999633789062,77.94023895263672,1447100
FTS.TO,2026-03-09,78.37999725341797,79.05000305175781,77.98999786376953,78.51000213623047,77.86090850830078,1740500
FTS.TO,2026-03-10,78.41999816894531,78.95999908447266,78.1500015258789,78.19000244140625,77.5435562133789,1356500
FTS.TO,2026-03-11,78.0,78.68000030517578,77.62000274658203,77.93000030517578,77.28570556640625,1544700
FTS.TO,2026-03-12,78.16999816894531,79.75,78.16999816894531,79.16000366210938,78.50553894042969,1137100
FTS.TO,2026-03-13,79.37999725341797,80.0999984741211,79.37999725341797,79.91999816894531,79.25924682617188,887000
FTS.TO,2026-03-16,79.91999816894531,80.37000274658203,79.55000305175781,80.0999984741211,79.43775939941406,1351800
FTS.TO,2026-03-17,80.22000122070312,80.44000244140625,79.66000366210938,79.81999969482422,79.16007995605469,1445600
FTS.TO,2026-03-18,79.6500015258789,79.66999816894531,78.73999786376953,79.02999877929688,78.3766098022461,863800
FTS.TO,2026-03-19,78.72000122070312,78.98999786376953,76.56999969482422,77.22000122070312,76.58157348632812,2368800
FTS.TO,2026-03-20,77.2300033569336,77.72000122070312,75.44999694824219,75.6500015258789,75.02455139160156,3162900
FTS.TO,2026-03-23,75.72000122070312,76.27999877929688,75.1500015258789,75.69000244140625,75.06422424316406,861000
FTS.TO,2026-03-24,75.52999877929688,76.44999694824219,75.31999969482422,75.83999633789062,75.21298217773438,782700
FTS.TO,2026-03-25,76.4000015258789,77.08999633789062,75.9800033569336,76.4800033569336,75.84769439697266,1218500
FTS.TO,2026-03-26,76.62000274658203,77.23999786376953,76.44999694824219,77.0999984741211,76.46256256103516,655700
FTS.TO,2026-03-27,76.93000030517578,77.30000305175781,76.69000244140625,77.29000091552734,76.65099334716797,1179000
FTS.TO,2026-03-30,77.80000305175781,78.80999755859375,77.72000122070312,78.05999755859375,77.41462707519531,1563800
FTS.TO,2026-03-31,78.0,78.5,77.16999816894531,77.61000061035156,76.96834564208984,1293000
FTS.TO,2026-04-01,77.68000030517578,78.2699966430664,77.06999969482422,78.18000030517578,77.53363800048828,1021900
FTS.TO,2026-04-02,78.77999877929688,79.37000274658203,78.38999938964844,79.0199966430664,78.36668395996094,1612600
FTS.TO,2026-04-06,78.8499984741211,79.31999969482422,78.6500015258789,78.83000183105469,78.17826080322266,1098900
FTS.TO,2026-04-07,78.69000244140625,80.04000091552734,78.69000244140625,79.58000183105469,78.92206573486328,934300
FTS.TO,2026-04-08,79.19000244140625,79.7300033569336,78.25,79.30999755859375,78.65428924560547,1495800
FTS.TO,2026-04-09,79.54000091552734,80.23999786376953,79.25,79.30000305175781,78.64437866210938,1004900
FTS.TO,2026-04-10,79.08000183105469,80.69000244140625,79.08000183105469,79.72000122070312,79.06090545654297,883500
FTS.TO,2026-04-13,79.69999694824219,79.69999694824219,78.26000213623047,78.45999908447266,77.81131744384766,1595800
FTS.TO,2026-04-14,78.29000091552734,78.61000061035156,77.69999694824219,78.38999938964844,77.74189758300781,1118500
FTS.TO,2026-04-15,78.08999633789062,78.45999908447266,77.77999877929688,78.1500015258789,77.5038833618164,877400
FTS.TO,2026-04-16,78.22000122070312,78.41999816894531,77.33000183105469,77.94000244140625,77.29562377929688,1103200
FTS.TO,2026-04-17,77.75,78.0199966430664,76.83000183105469,77.93000030517578,77.28570556640625,1348300
FTS.TO,2026-04-20,78.04000091552734,78.37999725341797,76.70999908447266,76.95999908447266,76.32372283935547,1229000
FTS.TO,2026-04-21,76.86000061035156,77.08000183105469,75.95999908447266,76.44000244140625,75.80802154541016,1834300
FTS.TO,2026-04-22,76.55999755859375,76.94999694824219,75.52999877929688,75.76000213623047,75.1336441040039,1333500
FTS.TO,2026-04-23,75.91000366210938,77.55999755859375,75.9000015258789,77.48999786376953,76.84933471679688,1608100
FTS.TO,2026-04-24,77.37999725341797,77.81999969482422,76.91999816894531,77.02999877929688,76.39314270019531,1417600
FTS.TO,2026-04-27,77.0,77.36000061035156,76.6500015258789,76.80000305175781,76.16504669189453,2969400
FTS.TO,2026-04-28,77.37999725341797,77.94000244140625,77.08999633789062,77.27999877929688,76.64107513427734,2302900
FTS.TO,2026-04-29,76.95999908447266,77.55000305175781,76.7300033569336,76.98999786376953,76.35346984863281,1476700
FTS.TO,2026-04-30,77.33999633789062,78.01000213623047,77.19999694824219,77.68000030517578,77.03777313232422,1988300
FTS.TO,2026-05-01,77.56999969482422,78.48999786376953,77.43000030517578,77.73999786376953,77.09727478027344,604900
FTS.TO,2026-05-04,77.48999786376953,78.11000061035156,77.08000183105469,77.51000213623047,76.86917877197266,3475000
FTS.TO,2026-05-05,77.83000183105469,78.73999786376953,77.56999969482422,78.33000183105469,77.6823959350586,1940200
FTS.TO,2026-05-06,78.1500015258789,78.19000244140625,76.55999755859375,76.62000274658203,75.98653411865234,1607300
FTS.TO,2026-05-07,76.68000030517578,76.81999969482422,76.08999633789062,76.6500015258789,76.01628875732422,964000
FTS.TO,2026-05-08,76.56999969482422,77.30000305175781,76.36000061035156,76.73999786376953,76.10553741455078,1716900
FTS.TO,2026-05-11,76.79000091552734,77.48999786376953,76.79000091552734,76.88999938964844,76.25430297851562,1554500
FTS.TO,2026-05-12,77.19000244140625,77.61000061035156,76.87000274658203,77.1500015258789,76.51215362548828,1781200
FTS.TO,2026-05-13,77.0,77.33999633789062,76.33999633789062,77.05000305175781,76.41297912597656,1612400
FTS.TO,2026-05-14,77.19999694824219,77.72000122070312,77.12000274658203,77.41000366210938,76.77000427246094,932300
FTS.TO,2026-05-15,76.9000015258789,77.11000061035156,75.18000030517578,75.25,75.25,1696100
FTS.TO,2026-05-19,75.47000122070312,77.13999938964844,75.47000122070312,76.80000305175781,76.80000305175781,1889300
FTS.TO,2026-05-20,76.55999755859375,77.44999694824219,76.51000213623047,76.77999877929688,76.77999877929688,1274500
FTS.TO,2026-05-21,77.01000213623047,77.83000183105469,76.80000305175781,77.41999816894531,77.41999816894531,1814300
FTS.TO,2026-05-22,77.52999877929688,78.16999816894531,77.37000274658203,77.98999786376953,77.98999786376953,1289100
FTS.TO,2026-05-25,77.98999786376953,78.41999816894531,77.66999816894531,78.41999816894531,78.41999816894531,402800
FTS.TO,2026-05-26,78.45999908447266,78.70999908447266,77.66000366210938,78.19999694824219,78.19999694824219,2119600
FTS.TO,2026-05-27,77.98999786376953,78.8499984741211,77.93000030517578,78.55000305175781,78.55000305175781,2840700
FTS.TO,2026-05-28,78.69000244140625,78.9000015258789,77.22000122070312,77.37000274658203,77.37000274658203,2347200
FTS.TO,2026-05-29,77.47000122070312,77.86000061035156,76.22000122070312,76.26000213623047,76.26000213623047,3796500
FTS.TO,2026-06-01,75.80999755859375,76.36000061035156,75.26000213623047,75.4000015258789,75.4000015258789,1976100
FTS.TO,2026-06-02,75.55000305175781,76.2699966430664,75.4000015258789,75.72000122070312,75.72000122070312,1736300
FTS.TO,2026-06-03,75.83000183105469,77.0,75.83000183105469,76.01000213623047,76.01000213623047,1957900
FTS.TO,2026-06-04,76.44999694824219,76.79000091552734,75.75,76.73999786376953,76.73999786376953,2701100
FTS.TO,2026-06-05,76.91999816894531,78.23999786376953,76.61000061035156,77.83000183105469,77.83000183105469,3120700
FTS.TO,2026-06-08,77.58999633789062,78.26000213623047,76.4000015258789,76.91999816894531,76.91999816894531,2035100
FTS.TO,2026-06-09,76.80999755859375,78.55000305175781,76.54000091552734,77.80999755859375,77.80999755859375,1613800
FTS.TO,2026-06-10,78.2300033569336,78.88999938964844,77.76000213623047,78.7699966430664,78.7699966430664,767500
FTS.TO,2026-06-11,79.13999938964844,79.66000366210938,78.75,78.83000183105469,78.83000183105469,2362600
FTS.TO,2026-06-12,78.86000061035156,79.83000183105469,78.77999877929688,79.61000061035156,79.61000061035156,1088400
FTS.TO,2026-06-15,79.2699966430664,80.29000091552734,78.72000122070312,80.22000122070312,80.22000122070312,1063900
FTS.TO,2026-06-16,80.31999969482422,81.0999984741211,79.80000305175781,79.9800033569336,79.9800033569336,1576400
FTS.TO,2026-06-17,79.68000030517578,80.11000061035156,79.05000305175781,79.25,79.25,1205200
FTS.TO,2026-06-18,79.2699966430664,80.08000183105469,78.93000030517578,79.2699966430664,79.2699966430664,1331000
FTS.TO,2026-06-19,79.47000122070312,80.06999969482422,79.13999938964844,79.13999938964844,79.13999938964844,2239700
FTS.TO,2026-06-22,79.52999877929688,80.13999938964844,79.0,79.33000183105469,79.33000183105469,1008800
FTS.TO,2026-06-23,79.5199966430664,80.69999694824219,79.38999938964844,80.55000305175781,80.55000305175781,1189200
FTS.TO,2026-06-24,80.55000305175781,81.51000213623047,80.25,81.29000091552734,81.29000091552734,1385900
FTS.TO,2026-06-25,81.47000122070312,82.04000091552734,81.20999908447266,81.93000030517578,81.93000030517578,928800
FTS.TO,2026-06-26,82.18000030517578,82.58999633789062,81.8499984741211,82.56999969482422,82.56999969482422,695100
FTS.TO,2026-06-29,82.36000061035156,82.66999816894531,81.61000061035156,82.08999633789062,82.08999633789062,1505100
FTS.TO,2026-06-30,81.9800033569336,81.98999786376953,81.06999969482422,81.25,81.25,1475600
FTS.TO,2026-07-02,81.08999633789062,82.2300033569336,80.5199966430664,82.19000244140625,82.19000244140625,944500
FTS.TO,2026-07-03,82.33999633789062,82.38999938964844,81.58000183105469,81.87999725341797,81.87999725341797,260600
FTS.TO,2026-07-06,81.87000274658203,82.18000030517578,80.58000183105469,80.8499984741211,80.8499984741211,964800
FTS.TO,2026-07-07,81.1500015258789,82.5,81.05000305175781,81.66999816894531,81.66999816894531,983700
FTS.TO,2026-07-08,81.79000091552734,82.44999694824219,81.41000366210938,81.83000183105469,81.83000183105469,381926
