symbol,date,open,high,low,close,adj_close,volume
TRI.TO,2008-06-04,41.4041862487793,42.68519973754883,40.889495849609375,41.976070404052734,21.375574111938477,1329210
TRI.TO,2008-06-05,42.31919860839844,42.47932434082031,41.75875473022461,41.90744400024414,21.34062385559082,783992
TRI.TO,2008-06-06,41.861690521240234,41.861690521240234,41.09537124633789,41.4041862487793,21.084346771240234,1337866
TRI.TO,2008-06-09,41.23262405395508,41.59862518310547,40.48917770385742,40.660743713378906,20.70577049255371,731796
TRI.TO,2008-06-10,40.71792984008789,41.106807708740234,40.32905197143555,40.935245513916016,20.845552444458008,927815
TRI.TO,2008-06-11,40.603553771972656,40.94668197631836,40.226112365722656,40.43199157714844,20.589284896850586,1005454
TRI.TO,2008-06-12,40.603553771972656,41.08393478393555,40.10029983520508,40.15748596191406,20.449487686157227,1146742
TRI.TO,2008-06-13,40.16892623901367,41.038185119628906,40.08885955810547,40.63786697387695,20.69411277770996,1157234
TRI.TO,2008-06-16,40.935245513916016,42.14763259887695,40.69505310058594,42.03325653076172,21.404687881469727,957804
TRI.TO,2008-06-17,41.75875473022461,41.976070404052734,40.96955871582031,41.55287551879883,21.160076141357422,577043
TRI.TO,2008-06-18,41.00387191772461,41.00387191772461,40.05454635620117,40.39767837524414,20.571805953979492,1221320
TRI.TO,2008-06-19,40.031673431396484,40.06598663330078,38.842159271240234,39.34541702270508,20.035961151123047,1056426
TRI.TO,2008-06-20,39.036598205566406,39.048038482666016,38.087276458740234,38.476158142089844,19.593305587768555,2274162
TRI.TO,2008-06-23,38.464717864990234,38.945098876953125,38.17877960205078,38.25884246826172,19.482635498046875,880865
TRI.TO,2008-06-24,38.03009033203125,38.43040466308594,37.526832580566406,37.664085388183594,19.17976951599121,1471810
TRI.TO,2008-06-25,37.74414825439453,39.231040954589844,37.5611457824707,39.11666488647461,19.91947364807129,896253
TRI.TO,2008-06-26,37.45820617675781,37.65264892578125,36.954952239990234,37.389583587646484,19.039989471435547,2442903
TRI.TO,2008-06-27,37.34383010864258,37.6297721862793,36.61182403564453,37.44676971435547,19.069103240966797,962001
TRI.TO,2008-06-30,37.44676971435547,37.77846145629883,37.057891845703125,37.6297721862793,19.162296295166016,762921
TRI.TO,2008-07-02,36.94351577758789,37.17226791381836,36.14288330078125,36.14288330078125,18.405120849609375,1015771
TRI.TO,2008-07-03,36.14288330078125,37.17226791381836,36.097129821777344,37.160831451416016,18.923490524291992,876493
TRI.TO,2008-07-04,36.88632583618164,36.88632583618164,35.696815490722656,35.81119155883789,18.236217498779297,785303
TRI.TO,2008-07-07,35.85694122314453,36.771949768066406,35.13637161254883,35.445186614990234,18.049833297729492,897302
TRI.TO,2008-07-08,35.46806335449219,35.971317291259766,34.964805603027344,35.57099914550781,18.1138973236084,1019093
TRI.TO,2008-07-09,36.028507232666016,36.89776611328125,35.22787094116211,35.52524948120117,18.090606689453125,1033432
TRI.TO,2008-07-10,35.51381301879883,36.531761169433594,35.124935150146484,35.23931121826172,17.94499397277832,705741
TRI.TO,2008-07-11,35.216434478759766,35.6739387512207,34.55305480957031,34.59880447387695,17.618824005126953,632299
TRI.TO,2008-07-14,34.941932678222656,35.319374084472656,32.28840255737305,32.83740997314453,16.721866607666016,1239856
TRI.TO,2008-07-15,32.151153564453125,33.272037506103516,31.464895248413086,32.60865783691406,16.605377197265625,1426695
TRI.TO,2008-07-16,32.60865783691406,33.72954559326172,32.41421890258789,33.16910171508789,16.890783309936523,2905412
TRI.TO,2008-07-17,34.312862396240234,35.7425651550293,34.312862396240234,35.20499801635742,17.927515029907227,2643382
TRI.TO,2008-07-18,36.61182403564453,37.08076858520508,35.90269088745117,36.200069427490234,18.43424415588379,1821183
TRI.TO,2008-07-21,36.60038757324219,36.70332336425781,35.25074768066406,35.38800048828125,18.020706176757812,787664
TRI.TO,2008-07-22,35.330810546875,36.531761169433594,34.71318054199219,35.95988082885742,18.311933517456055,1010962
TRI.TO,2008-07-23,36.028507232666016,37.73271179199219,36.028507232666016,37.24089431762695,18.964262008666992,1240643
TRI.TO,2008-07-24,37.24089431762695,37.73271179199219,36.16575622558594,36.211509704589844,18.440073013305664,824647
TRI.TO,2008-07-25,36.771949768066406,37.389583587646484,36.394508361816406,36.60038757324219,18.638093948364258,691490
TRI.TO,2008-07-28,36.37163543701172,37.378143310546875,36.31444549560547,36.8062629699707,18.742942810058594,873433
TRI.TO,2008-07-29,37.160831451416016,37.40102005004883,36.88632583618164,37.057891845703125,18.871076583862305,558158
TRI.TO,2008-07-30,37.45820617675781,37.74414825439453,37.08076858520508,37.36670684814453,19.028331756591797,1170348
TRI.TO,2008-07-31,37.45820617675781,37.858524322509766,36.89776611328125,37.80133819580078,19.249658584594727,909280
TRI.TO,2008-08-01,37.64120864868164,37.74414825439453,36.840576171875,37.526832580566406,19.10987663269043,693938
TRI.TO,2008-08-05,38.945098876953125,41.23262405395508,38.945098876953125,40.878055572509766,20.816429138183594,1669928
TRI.TO,2008-08-06,40.603553771972656,40.77511978149414,39.94017028808594,40.77511978149414,20.764007568359375,894592
TRI.TO,2008-08-07,39.83723449707031,40.878055572509766,39.57416915893555,39.57416915893555,20.152450561523438,1000995
TRI.TO,2008-08-08,39.974483489990234,43.051204681396484,39.974483489990234,42.68519973754883,21.73668098449707,975553
TRI.TO,2008-08-11,41.747314453125,43.36001968383789,41.747314453125,42.09044647216797,21.43381690979004,856384
TRI.TO,2008-08-12,40.37480163574219,42.70807647705078,39.905860900878906,42.547950744628906,21.66678810119629,1208993
TRI.TO,2008-08-13,41.747314453125,42.66232681274414,40.306175231933594,42.067569732666016,21.42217254638672,1601732
TRI.TO,2008-08-14,41.46137619018555,42.47932434082031,40.740806579589844,42.43357467651367,21.608551025390625,682572
TRI.TO,2008-08-15,41.747314453125,42.43357467651367,41.484249114990234,42.010379791259766,21.39304542541504,490224
TRI.TO,2008-08-18,41.8273811340332,42.28488540649414,41.541439056396484,41.861690521240234,21.31732177734375,2146251
TRI.TO,2008-08-19,41.747314453125,41.747314453125,39.265350341796875,39.860107421875,20.29804801940918,1839369
TRI.TO,2008-08-20,39.45979309082031,39.8257942199707,38.60197067260742,39.5627326965332,20.146625518798828,487077
TRI.TO,2008-08-21,38.945098876953125,39.8257942199707,38.945098876953125,39.173851013183594,19.94858741760254,376739
TRI.TO,2008-08-22,38.899349212646484,40.11173629760742,38.70491027832031,40.11173629760742,20.426183700561523,404105
TRI.TO,2008-08-25,40.10029983520508,40.10029983520508,38.7620964050293,38.78497314453125,19.750566482543945,454028
TRI.TO,2008-08-26,38.773536682128906,39.757171630859375,38.773536682128906,39.25391387939453,19.989356994628906,605983
TRI.TO,2008-08-27,39.471229553222656,39.91729736328125,39.35685348510742,39.88298416137695,20.309707641601562,308631
TRI.TO,2008-08-28,39.63135528564453,40.923805236816406,39.63135528564453,40.3176155090332,20.531038284301758,601524
TRI.TO,2008-08-29,40.15748596191406,41.038185119628906,40.15748596191406,40.889495849609375,20.82224464416504,483492
TRI.TO,2008-09-02,41.23262405395508,42.2391357421875,40.94668197631836,41.04962158203125,20.903793334960938,461197
TRI.TO,2008-09-03,40.603553771972656,41.27837371826172,40.16892623901367,41.163997650146484,20.962039947509766,1187397
TRI.TO,2008-09-04,41.163997650146484,41.163997650146484,39.34541702270508,39.43691635131836,20.082557678222656,883575
TRI.TO,2008-09-05,39.68854522705078,39.68854522705078,38.83072280883789,39.16241455078125,19.94276237487793,659490
TRI.TO,2008-09-08,40.134613037109375,40.878055572509766,39.757171630859375,39.985923767089844,20.362125396728516,733981
TRI.TO,2008-09-09,40.37480163574219,40.740806579589844,39.5627326965332,40.15748596191406,20.449487686157227,824122
TRI.TO,2008-09-10,40.603553771972656,41.0267448425293,39.802921295166016,40.86661911010742,20.810604095458984,959465
TRI.TO,2008-09-11,40.59211730957031,40.62643051147461,39.8257942199707,40.59211730957031,20.67081642150879,1342587
TRI.TO,2008-09-12,39.57416915893555,40.76367950439453,39.57416915893555,39.974483489990234,20.35629653930664,726725
TRI.TO,2008-09-15,37.858524322509766,38.3846549987793,35.7425651550293,35.7425651550293,18.201265335083008,1659436
TRI.TO,2008-09-16,34.6102409362793,37.286643981933594,34.461551666259766,37.149391174316406,18.91767120361328,2286839
TRI.TO,2008-09-17,35.85694122314453,36.92063903808594,34.5416145324707,34.793243408203125,17.71784210205078,1547350
TRI.TO,2008-09-18,34.82755661010742,38.087276458740234,34.82755661010742,37.19514465332031,18.940963745117188,6700869
TRI.TO,2008-09-19,40.603553771972656,40.79799270629883,38.17877960205078,39.757171630859375,20.24563217163086,5339397
TRI.TO,2008-09-22,38.3160285949707,39.231040954589844,37.74414825439453,37.858524322509766,19.278791427612305,1370128
TRI.TO,2008-09-23,38.3160285949707,38.945098876953125,37.06932830810547,37.160831451416016,18.923490524291992,1365843
TRI.TO,2008-09-24,36.88632583618164,38.03009033203125,36.31444549560547,36.31444549560547,18.492488861083984,955356
TRI.TO,2008-09-25,36.79482650756836,37.57258605957031,34.461551666259766,34.9876823425293,17.81686019897461,9763656
TRI.TO,2008-09-26,34.312862396240234,35.719688415527344,34.187049865722656,34.59880447387695,17.618824005126953,1509492
TRI.TO,2008-09-29,34.59880447387695,34.59880447387695,29.61199951171875,31.487770080566406,16.034595489501953,2186556
TRI.TO,2008-09-30,34.084110260009766,34.312862396240234,32.322715759277344,33.08903884887695,16.850008010864258,2444389
TRI.TO,2008-10-01,33.054725646972656,33.443603515625,32.528594970703125,33.077598571777344,16.84418487548828,1323702
TRI.TO,2008-10-02,32.88315963745117,33.95829772949219,32.7230339050293,33.24916458129883,16.93154525756836,1084142
TRI.TO,2008-10-03,33.809608459472656,35.456626892089844,33.134788513183594,33.329227447509766,16.972318649291992,1799238
TRI.TO,2008-10-06,32.25408935546875,33.74098205566406,30.893014907836914,33.455039978027344,17.036380767822266,1574016
TRI.TO,2008-10-07,33.180538177490234,33.50079345703125,31.22470474243164,31.625022888183594,16.1044864654541,933498
TRI.TO,2008-10-08,30.881576538085938,32.66584396362305,30.32113265991211,32.299842834472656,16.4481201171875,1055814
TRI.TO,2008-10-09,33.16910171508789,34.026920318603516,30.710012435913086,32.139713287353516,16.36658477783203,1414630
TRI.TO,2008-10-10,28.93718147277832,34.85042953491211,28.93718147277832,31.167516708374023,15.871503829956055,2343669
TRI.TO,2008-10-14,35.445186614990234,35.445186614990234,32.08252716064453,33.16910171508789,16.890783309936523,1451526
TRI.TO,2008-10-15,31.796585083007812,33.134788513183594,30.51557159423828,31.018827438354492,15.795790672302246,1299746
TRI.TO,2008-10-16,29.73781394958496,32.08252716064453,29.73781394958496,30.82438850402832,15.696773529052734,1679807
TRI.TO,2008-10-17,30.984514236450195,33.4092903137207,30.59563636779785,32.74591064453125,16.675273895263672,1314784
TRI.TO,2008-10-20,32.60865783691406,33.91254425048828,31.95671272277832,33.809608459472656,17.216943740844727,1373188
TRI.TO,2008-10-21,32.97466278076172,34.01548385620117,32.05965042114258,32.368465423583984,16.483070373535156,906220
TRI.TO,2008-10-22,32.02533721923828,32.83740997314453,31.24757957458496,31.32764434814453,15.953046798706055,668233
TRI.TO,2008-10-23,31.339080810546875,33.615169525146484,30.332571029663086,31.05314064025879,15.813261032104492,1404750
TRI.TO,2008-10-24,29.87506675720215,30.412633895874023,28.616926193237305,29.909378051757812,15.230819702148438,1060273
TRI.TO,2008-10-27,29.89794158935547,31.133203506469727,28.971494674682617,29.577688217163086,15.06191635131836,882089
TRI.TO,2008-10-28,29.795001983642578,32.54003143310547,29.795001983642578,32.08252716064453,16.337465286254883,1441559
TRI.TO,2008-10-29,32.311279296875,32.311279296875,31.007389068603516,31.945274353027344,16.267568588256836,1292227
TRI.TO,2008-10-30,32.02533721923828,33.283477783203125,31.991025924682617,32.66584396362305,16.63450050354004,836538
TRI.TO,2008-10-31,32.71159744262695,33.16910171508789,31.819461822509766,32.45996856689453,16.529659271240234,1271069
TRI.TO,2008-11-03,33.34066390991211,34.11842346191406,32.311279296875,32.45996856689453,16.529659271240234,919247
TRI.TO,2008-11-04,33.455039978027344,35.23931121826172,33.455039978027344,34.267112731933594,17.44991683959961,1836483
TRI.TO,2008-11-05,33.79816818237305,34.93049240112305,32.33415222167969,32.78022003173828,16.692750930786133,1168687
TRI.TO,2008-11-06,33.603729248046875,33.603729248046875,31.590709686279297,32.25408935546875,16.424819946289062,1135114
TRI.TO,2008-11-07,32.82597351074219,32.82597351074219,31.625022888183594,32.02533721923828,16.308338165283203,802964
TRI.TO,2008-11-10,32.03677749633789,32.757347106933594,31.38483238220215,31.750835418701172,16.168554306030273,703730
TRI.TO,2008-11-11,31.45345687866211,31.45345687866211,29.852190017700195,30.424072265625,15.492921829223633,1074349
TRI.TO,2008-11-12,30.424072265625,31.739397048950195,30.149568557739258,31.293331146240234,15.93558120727539,1166326
TRI.TO,2008-11-13,31.865211486816406,34.644554138183594,31.68221092224121,34.644554138183594,17.642131805419922,1322478
TRI.TO,2008-11-14,34.09554672241211,34.67886734008789,33.374977111816406,33.59229278564453,17.106279373168945,983946
TRI.TO,2008-11-17,32.59721755981445,33.72954559326172,32.59721755981445,33.374977111816406,16.995615005493164,1256293
TRI.TO,2008-11-18,33.180538177490234,34.587364196777344,32.92890930175781,33.31779098510742,16.966495513916016,2901128
TRI.TO,2008-11-19,32.58578109741211,33.50079345703125,30.904451370239258,31.144641876220703,16.006019592285156,1231200
TRI.TO,2008-11-20,31.45345687866211,31.739397048950195,29.520498275756836,29.69206428527832,15.259502410888672,1437624
TRI.TO,2008-11-21,31.43058204650879,31.45345687866211,28.399612426757812,29.680625915527344,15.25362491607666,1595087
TRI.TO,2008-11-24,30.023754119873047,33.16910171508789,30.023754119873047,32.88315963745117,16.89948272705078,2410204
TRI.TO,2008-11-25,33.16910171508789,34.07267379760742,32.425655364990234,32.88315963745117,16.89948272705078,2128152
TRI.TO,2008-11-26,32.139713287353516,33.603729248046875,31.888086318969727,33.53510284423828,17.23453712463379,1893401
TRI.TO,2008-11-27,33.62660598754883,34.793243408203125,33.29491424560547,33.95829772949219,17.4520263671875,390291
TRI.TO,2008-11-28,34.312862396240234,36.28013229370117,33.809608459472656,36.28013229370117,18.645273208618164,1086939
TRI.TO,2008-12-01,36.257259368896484,36.257259368896484,33.67235565185547,33.706668853759766,17.322704315185547,2310183
TRI.TO,2008-12-02,34.59880447387695,35.04486846923828,33.52366638183594,34.25567626953125,17.604856491088867,1110721
TRI.TO,2008-12-03,34.198486328125,35.03343200683594,30.309694290161133,34.77036666870117,17.869367599487305,1794429
TRI.TO,2008-12-04,34.9876823425293,36.33732223510742,34.90761947631836,35.55956268310547,18.27495574951172,1920941
TRI.TO,2008-12-05,34.70174026489258,37.19514465332031,34.70174026489258,37.19514465332031,19.115520477294922,1167638
TRI.TO,2008-12-08,38.20165252685547,38.727783203125,36.94351577758789,37.595458984375,19.321252822875977,1971651
TRI.TO,2008-12-09,37.17226791381836,38.81928634643555,37.17226791381836,38.087276458740234,19.57400894165039,1311112
TRI.TO,2008-12-10,37.46964645385742,38.25884246826172,37.19514465332031,37.90427780151367,19.479965209960938,1313735
TRI.TO,2008-12-11,37.858524322509766,37.858524322509766,35.22787094116211,36.154319763183594,18.58061408996582,1104251
TRI.TO,2008-12-12,36.1200065612793,36.48601150512695,34.187049865722656,36.48601150512695,18.751083374023438,6778770
TRI.TO,2008-12-15,36.03994369506836,36.840576171875,35.79975128173828,36.55463409423828,18.78634262084961,757150
TRI.TO,2008-12-16,36.348758697509766,37.73271179199219,36.348758697509766,37.73271179199219,19.39178466796875,998022
TRI.TO,2008-12-17,37.709835052490234,37.709835052490234,37.17226791381836,37.22945785522461,19.13315200805664,24918
TRI.TO,2008-12-18,37.2523307800293,38.88791275024414,37.2523307800293,38.88791275024414,19.985477447509766,2091257
TRI.TO,2008-12-19,39.43691635131836,40.889495849609375,38.95653533935547,40.75224304199219,20.943613052368164,2474028
TRI.TO,2008-12-22,39.95161056518555,40.031673431396484,38.39609146118164,38.945098876953125,20.014873504638672,1322740
TRI.TO,2008-12-23,39.95161056518555,40.82086944580078,38.86503601074219,38.93366241455078,20.008989334106445,868800
TRI.TO,2008-12-24,38.945098876953125,39.45979309082031,38.57909393310547,38.773536682128906,19.926694869995117,180719
TRI.TO,2008-12-29,39.105224609375,39.4483528137207,38.53334426879883,39.34541702270508,20.220605850219727,490749
TRI.TO,2008-12-30,39.974483489990234,40.21467590332031,39.105224609375,40.134613037109375,20.626197814941406,517852
TRI.TO,2008-12-31,40.283302307128906,40.878055572509766,39.88298416137695,40.71792984008789,20.925966262817383,505350
TRI.TO,2009-01-02,40.031673431396484,40.614990234375,39.39116668701172,40.2032356262207,20.661455154418945,549065
TRI.TO,2009-01-05,40.00879669189453,40.43199157714844,38.945098876953125,40.43199157714844,20.779024124145508,994875
TRI.TO,2009-01-06,39.68854522705078,40.56924057006836,38.86503601074219,40.42055130004883,20.77313804626465,1171397
TRI.TO,2009-01-07,39.093788146972656,39.64279556274414,38.43040466308594,38.773536682128906,19.926694869995117,945039
TRI.TO,2009-01-08,38.44184494018555,38.773536682128906,36.28013229370117,36.58894729614258,18.803987503051758,2031279
TRI.TO,2009-01-09,37.45820617675781,37.45820617675781,34.77036666870117,35.170684814453125,18.07509994506836,2890898
TRI.TO,2009-01-12,34.6102409362793,34.6102409362793,32.951786041259766,33.39785385131836,17.16400146484375,2763687
TRI.TO,2009-01-13,33.432167053222656,34.575927734375,33.34066390991211,34.312862396240234,17.634239196777344,1595262
TRI.TO,2009-01-14,33.68379211425781,34.07267379760742,33.226287841796875,33.832481384277344,17.38736343383789,2098251
TRI.TO,2009-01-15,33.8553581237793,34.53017807006836,32.906036376953125,34.32429885864258,17.640121459960938,1909838
TRI.TO,2009-01-16,34.75893020629883,34.75893020629883,33.56941604614258,33.79816818237305,17.369733810424805,916886
TRI.TO,2009-01-19,33.79816818237305,34.59880447387695,33.374977111816406,33.809608459472656,17.375612258911133,363450
TRI.TO,2009-01-20,33.603729248046875,33.603729248046875,32.76878356933594,33.19197463989258,17.05819320678711,1644573
TRI.TO,2009-01-21,33.134788513183594,34.038360595703125,32.44852828979492,34.038360595703125,17.493160247802734,1325888
TRI.TO,2009-01-22,33.77529525756836,33.92398452758789,32.81453323364258,33.84392166137695,17.393245697021484,897477
TRI.TO,2009-01-23,32.11684036254883,33.15766143798828,31.53352165222168,32.471405029296875,16.6878719329834,1866472
TRI.TO,2009-01-26,32.757347106933594,33.29491424560547,32.528594970703125,32.848846435546875,16.881847381591797,791773
TRI.TO,2009-01-27,33.329227447509766,33.752418518066406,32.848846435546875,33.660919189453125,17.2992000579834,673217
TRI.TO,2009-01-28,34.11842346191406,34.941932678222656,34.11842346191406,34.86186981201172,17.9163875579834,644277
TRI.TO,2009-01-29,34.14129638671875,34.72461700439453,33.889671325683594,34.358612060546875,17.657758712768555,971443
TRI.TO,2009-01-30,34.71318054199219,34.884742736816406,33.92398452758789,34.312862396240234,17.634239196777344,1438586
TRI.TO,2009-02-02,33.660919189453125,34.267112731933594,33.272037506103516,33.91254425048828,17.428518295288086,771751
TRI.TO,2009-02-03,34.33573913574219,34.644554138183594,33.512229919433594,34.17560958862305,17.563701629638672,675578
TRI.TO,2009-02-04,34.99911880493164,35.61675262451172,34.55305480957031,34.99911880493164,17.98693084716797,918897
TRI.TO,2009-02-05,35.34225082397461,36.085693359375,35.010555267333984,35.58243942260742,18.286712646484375,812057
TRI.TO,2009-02-06,36.31444549560547,37.45820617675781,36.303009033203125,36.577510833740234,18.79810333251953,1053803
TRI.TO,2009-02-09,36.88632583618164,38.12158966064453,36.463134765625,37.51539611816406,19.280105590820312,1179091
TRI.TO,2009-02-10,37.34383010864258,37.664085388183594,35.719688415527344,36.017066955566406,18.51008415222168,1555743
TRI.TO,2009-02-11,36.257259368896484,36.64613723754883,35.79975128173828,35.94844055175781,18.47481346130371,987880
TRI.TO,2009-02-12,35.81119155883789,36.028507232666016,35.067745208740234,35.68537521362305,18.339618682861328,1615283
TRI.TO,2009-02-13,35.79975128173828,36.200069427490234,35.273624420166016,35.79975128173828,18.398399353027344,1084491
TRI.TO,2009-02-17,34.45011520385742,35.067745208740234,34.129859924316406,34.1641731262207,17.557828903198242,904996
TRI.TO,2009-02-18,34.187049865722656,34.736053466796875,33.92398452758789,34.06123352050781,17.504926681518555,1869620
TRI.TO,2009-02-19,34.129859924316406,34.66743087768555,33.19197463989258,33.432167053222656,17.181625366210938,1513689
TRI.TO,2009-02-20,33.30635070800781,33.557979583740234,32.45996856689453,32.82597351074219,16.87009620666504,1059486
TRI.TO,2009-02-23,33.11191177368164,33.512229919433594,32.242652893066406,32.311279296875,16.605581283569336,1922078
TRI.TO,2009-02-24,33.283477783203125,36.154319763183594,33.23772430419922,36.017066955566406,18.51008415222168,4856954
TRI.TO,2009-02-25,35.46806335449219,37.057891845703125,34.884742736816406,35.76544189453125,18.380762100219727,1835347
TRI.TO,2009-02-26,35.62818908691406,37.64120864868164,35.57099914550781,36.88632583618164,18.956817626953125,1909750
TRI.TO,2009-02-27,35.90269088745117,36.33732223510742,35.25074768066406,36.074256896972656,18.539466857910156,1116928
TRI.TO,2009-03-02,35.47949981689453,35.68537521362305,34.04979705810547,34.415802001953125,17.687150955200195,1130305
TRI.TO,2009-03-03,34.80467987060547,35.34225082397461,34.026920318603516,34.2327995300293,17.59309196472168,1425821
TRI.TO,2009-03-04,34.415802001953125,35.25074768066406,34.415802001953125,34.518741607666016,17.740049362182617,1143857
TRI.TO,2009-03-05,33.87823486328125,34.48442840576172,33.08903884887695,33.62660598754883,17.28156280517578,1667042
TRI.TO,2009-03-06,34.026920318603516,34.47298812866211,32.71159744262695,33.39785385131836,17.16400146484375,1095770
TRI.TO,2009-03-09,32.98609924316406,33.50079345703125,32.76878356933594,33.04328536987305,16.98177719116211,906395
TRI.TO,2009-03-10,33.84392166137695,35.04486846923828,33.36354064941406,35.03343200683594,18.00456428527832,1419613
TRI.TO,2009-03-11,35.067745208740234,35.58243942260742,34.6102409362793,34.62167739868164,17.792953491210938,819663
TRI.TO,2009-03-12,34.85042953491211,35.971317291259766,34.209922790527344,35.55956268310547,18.27495574951172,774899
TRI.TO,2009-03-13,35.262184143066406,35.61675262451172,34.80467987060547,34.964805603027344,17.96929931640625,969083
TRI.TO,2009-03-16,35.651065826416016,36.44026184082031,35.37656021118164,35.399436950683594,18.19266128540039,931487
TRI.TO,2009-03-17,35.456626892089844,36.38307189941406,35.28506088256836,36.38307189941406,18.69816780090332,1127420
TRI.TO,2009-03-18,36.10857009887695,36.783390045166016,35.696815490722656,36.56607437133789,18.792224884033203,929127
TRI.TO,2009-03-19,36.4974479675293,36.726200103759766,36.0513801574707,36.54319763183594,18.780466079711914,1048907
TRI.TO,2009-03-20,36.33732223510742,36.69188690185547,35.94844055175781,36.14288330078125,18.57473373413086,749194
TRI.TO,2009-03-23,36.852012634277344,37.012142181396484,36.200069427490234,36.89776611328125,18.96268653869629,745610
TRI.TO,2009-03-24,36.93207931518555,37.57258605957031,36.771949768066406,37.41245651245117,19.227195739746094,1096819
TRI.TO,2009-03-25,37.1837043762207,37.49251937866211,35.55956268310547,36.211509704589844,18.61001205444336,2834243
TRI.TO,2009-03-26,36.60038757324219,37.26376724243164,36.028507232666016,36.966392517089844,18.99795150756836,854286
TRI.TO,2009-03-27,36.73763656616211,36.852012634277344,35.66250228881836,35.68537521362305,18.339618682861328,1017082
TRI.TO,2009-03-30,35.22787094116211,35.91413116455078,34.781803131103516,35.708251953125,18.35137176513672,9664073
TRI.TO,2009-03-31,35.78831481933594,37.103641510009766,35.78831481933594,37.057891845703125,19.044986724853516,1094021
TRI.TO,2009-04-01,36.60038757324219,37.869964599609375,36.60038757324219,37.57258605957031,19.30950927734375,689217
TRI.TO,2009-04-02,38.3160285949707,39.905860900878906,38.3160285949707,38.97941207885742,20.032503128051758,1024339
TRI.TO,2009-04-03,39.173851013183594,40.08885955810547,38.96797561645508,39.848670959472656,20.479236602783203,908406
TRI.TO,2009-04-06,39.231040954589844,40.26042556762695,38.59053421020508,39.28822708129883,20.191211700439453,1453711
TRI.TO,2009-04-07,38.88791275024414,38.899349212646484,38.041526794433594,38.567657470703125,19.820890426635742,858658
TRI.TO,2009-04-08,38.12158966064453,38.81928634643555,37.67552185058594,37.9385871887207,19.497589111328125,707840
TRI.TO,2009-04-09,38.30459213256836,38.670597076416016,38.06440353393555,38.63628387451172,19.856159210205078,627228
TRI.TO,2009-04-13,38.53334426879883,38.75065994262695,38.087276458740234,38.39609146118164,19.73271942138672,293155
TRI.TO,2009-04-14,38.86503601074219,39.45979309082031,38.12158966064453,38.624847412109375,19.85028839111328,947138
TRI.TO,2009-04-15,38.624847412109375,38.78497314453125,37.44676971435547,38.12158966064453,19.591651916503906,864166
TRI.TO,2009-04-16,38.12158966064453,38.17877960205078,37.41245651245117,37.6297721862793,19.338890075683594,1145518
TRI.TO,2009-04-17,37.812774658203125,38.476158142089844,37.812774658203125,38.16733932495117,19.615163803100586,688342
TRI.TO,2009-04-20,37.75558853149414,37.88140106201172,36.88632583618164,37.06932830810547,19.05086326599121,539098
TRI.TO,2009-04-21,37.057891845703125,37.206581115722656,36.38307189941406,36.771949768066406,18.898035049438477,865652
TRI.TO,2009-04-22,36.97782897949219,38.21309280395508,36.58894729614258,37.83565139770508,19.44468879699707,790024
TRI.TO,2009-04-23,37.88140106201172,37.972900390625,37.206581115722656,37.73271179199219,19.39178466796875,446422
TRI.TO,2009-04-24,38.018653869628906,38.018653869628906,37.19514465332031,37.378143310546875,19.209562301635742,470465
TRI.TO,2009-04-27,37.17226791381836,38.3846549987793,37.00070571899414,37.89283752441406,19.474082946777344,688255
TRI.TO,2009-04-28,37.12651824951172,37.88140106201172,37.12651824951172,37.69839859008789,19.374147415161133,531579
TRI.TO,2009-04-29,38.44184494018555,39.002288818359375,38.03009033203125,38.44184494018555,19.75623321533203,633261
TRI.TO,2009-04-30,39.16241455078125,39.73429489135742,38.3160285949707,38.3160285949707,19.69156837463379,894242
TRI.TO,2009-05-01,38.476158142089844,39.974483489990234,38.476158142089844,39.68854522705078,20.396942138671875,370881
TRI.TO,2009-05-04,39.368289947509766,41.23262405395508,39.35685348510742,41.163997650146484,21.155221939086914,935247
TRI.TO,2009-05-05,41.17543411254883,41.51856231689453,40.32905197143555,41.34700012207031,21.249263763427734,1506520
TRI.TO,2009-05-06,41.46137619018555,42.42213439941406,41.24406051635742,42.124759674072266,21.64897918701172,1823369
TRI.TO,2009-05-07,42.60513687133789,42.730953216552734,39.68854522705078,40.123172760009766,20.62032127380371,1681818
TRI.TO,2009-05-08,39.802921295166016,40.26042556762695,38.87647247314453,40.237548828125,20.679096221923828,970132
TRI.TO,2009-05-11,39.61991882324219,40.11173629760742,39.20816421508789,39.802921295166016,20.455720901489258,651010
TRI.TO,2009-05-12,40.24898910522461,40.24898910522461,38.773536682128906,39.19672775268555,20.144184112548828,702157
TRI.TO,2009-05-13,38.43040466308594,38.670597076416016,38.03009033203125,38.293155670166016,19.679813385009766,1017519
TRI.TO,2009-05-14,38.64772033691406,39.02516174316406,38.60197067260742,38.716346740722656,19.897310256958008,573021
TRI.TO,2009-05-15,38.86503601074219,38.95653533935547,38.098716735839844,38.40753173828125,19.738601684570312,424826
TRI.TO,2009-05-19,40.786556243896484,41.47281265258789,39.860107421875,39.8944206237793,20.502748489379883,1072338
TRI.TO,2009-05-20,39.860107421875,40.031673431396484,37.95002746582031,38.670597076416016,20.07523536682129,868974
TRI.TO,2009-05-21,38.39609146118164,38.624847412109375,38.03009033203125,38.281715393066406,19.87335968017578,755052
TRI.TO,2009-05-22,38.07583999633789,39.19672775268555,37.74414825439453,38.670597076416016,20.07523536682129,605546
TRI.TO,2009-05-25,38.32746887207031,38.73922348022461,38.3160285949707,38.624847412109375,20.051490783691406,167692
TRI.TO,2009-05-26,38.338905334472656,38.70491027832031,38.087276458740234,38.567657470703125,20.02179527282715,728211
TRI.TO,2009-05-27,38.63628387451172,38.853599548339844,38.3160285949707,38.464717864990234,19.96835708618164,725151
TRI.TO,2009-05-28,38.54478073120117,38.842159271240234,38.098716735839844,38.60197067260742,20.03960609436035,535426
TRI.TO,2009-05-29,38.60197067260742,38.87647247314453,38.098716735839844,38.12158966064453,19.790225982666016,586835
TRI.TO,2009-06-01,38.670597076416016,39.20816421508789,38.64772033691406,39.093788146972656,20.29492950439453,587535
TRI.TO,2009-06-02,39.105224609375,39.105224609375,38.32746887207031,38.464717864990234,19.96835708618164,630551
TRI.TO,2009-06-03,38.53334426879883,40.00879669189453,38.521907806396484,39.58560562133789,20.550247192382812,790024
TRI.TO,2009-06-04,39.58560562133789,39.58560562133789,38.54478073120117,39.08235168457031,20.288990020751953,651010
TRI.TO,2009-06-05,39.1395378112793,39.76860809326172,38.97941207885742,39.45979309082031,20.484935760498047,358466
TRI.TO,2009-06-08,39.11666488647461,40.077423095703125,39.002288818359375,39.94017028808594,20.734317779541016,324805
TRI.TO,2009-06-09,39.8257942199707,40.52349090576172,39.28822708129883,39.928733825683594,20.728374481201172,522749
TRI.TO,2009-06-10,39.87154769897461,40.29473876953125,38.78497314453125,39.528419494628906,20.520559310913086,462246
TRI.TO,2009-06-11,39.72285842895508,40.59211730957031,39.68854522705078,40.3176155090332,20.930261611938477,410050
TRI.TO,2009-06-12,40.031673431396484,40.889495849609375,39.802921295166016,40.05454635620117,20.793699264526367,631338
TRI.TO,2009-06-15,40.020233154296875,40.237548828125,39.05947494506836,39.29966354370117,20.401805877685547,417657
TRI.TO,2009-06-16,39.802921295166016,39.802921295166016,38.899349212646484,39.173851013183594,20.33649444580078,677676
TRI.TO,2009-06-17,38.88791275024414,39.45979309082031,38.59053421020508,38.59053421020508,20.033679962158203,953433
TRI.TO,2009-06-18,38.716346740722656,39.20816421508789,38.48759460449219,38.83072280883789,20.158363342285156,652059
TRI.TO,2009-06-19,38.945098876953125,39.24247741699219,38.350341796875,39.24247741699219,20.372129440307617,1466651
TRI.TO,2009-06-22,38.88791275024414,39.08235168457031,38.25884246826172,38.350341796875,19.908981323242188,745697
TRI.TO,2009-06-23,37.74414825439453,37.84708786010742,37.02357864379883,37.812774658203125,19.629911422729492,3244993
TRI.TO,2009-06-24,37.65264892578125,38.20165252685547,37.50395965576172,38.20165252685547,19.831789016723633,1601907
TRI.TO,2009-06-25,37.915714263916016,39.18528747558594,37.767024993896484,38.95653533935547,20.223669052124023,1690037
TRI.TO,2009-06-26,38.54478073120117,39.276790618896484,38.235965728759766,39.231040954589844,20.36618423461914,1079071
TRI.TO,2009-06-29,38.899349212646484,39.11666488647461,38.6934700012207,38.88791275024414,20.188058853149414,744211
TRI.TO,2009-06-30,39.173851013183594,39.173851013183594,38.60197067260742,38.716346740722656,20.09899139404297,817915
TRI.TO,2009-07-02,37.74414825439453,38.7620964050293,37.332393646240234,38.3160285949707,19.891162872314453,980624
TRI.TO,2009-07-03,38.281715393066406,38.83072280883789,38.03009033203125,38.65916061401367,20.06930160522461,195408
TRI.TO,2009-07-06,38.3160285949707,38.43040466308594,37.74414825439453,38.22452926635742,19.843669891357422,826133
TRI.TO,2009-07-07,37.915714263916016,38.03009033203125,37.64120864868164,37.74414825439453,19.594287872314453,1325800
TRI.TO,2009-07-08,37.61833572387695,37.65264892578125,36.726200103759766,37.103641510009766,19.261775970458984,1073388
TRI.TO,2009-07-09,37.17226791381836,37.6297721862793,37.149391174316406,37.606895446777344,19.523035049438477,992077
TRI.TO,2009-07-10,37.57258605957031,38.11015319824219,37.26376724243164,37.68696212768555,19.564598083496094,790636
TRI.TO,2009-07-13,37.858524322509766,38.68203353881836,37.45820617675781,38.521907806396484,19.998044967651367,799729
TRI.TO,2009-07-14,38.43040466308594,38.60197067260742,38.05296325683594,38.144466400146484,19.802108764648438,796232
TRI.TO,2009-07-15,38.65916061401367,39.15097427368164,38.43040466308594,38.81928634643555,20.152421951293945,624518
TRI.TO,2009-07-16,38.88791275024414,39.68854522705078,38.670597076416016,39.39116668701172,20.449312210083008,625480
TRI.TO,2009-07-17,39.53985595703125,39.66566848754883,39.25391387939453,39.5169792175293,20.514631271362305,323406
TRI.TO,2009-07-20,39.67710876464844,39.79148483276367,39.105224609375,39.63135528564453,20.57400131225586,367209
TRI.TO,2009-07-21,39.848670959472656,40.48917770385742,39.551292419433594,40.43199157714844,20.98963737487793,581939
TRI.TO,2009-07-22,40.3176155090332,40.58068084716797,39.757171630859375,39.76860809326172,20.645254135131836,613327
TRI.TO,2009-07-23,40.14604949951172,41.01530838012695,39.802921295166016,40.79799270629883,21.179641723632812,657917
TRI.TO,2009-07-24,39.91729736328125,39.91729736328125,39.265350341796875,39.45979309082031,20.484935760498047,758987
TRI.TO,2009-07-27,39.64279556274414,39.745731353759766,39.29966354370117,39.34541702270508,20.425565719604492,462246
TRI.TO,2009-07-28,39.173851013183594,39.40260314941406,38.510467529296875,38.624847412109375,20.051490783691406,1175856
TRI.TO,2009-07-29,38.75065994262695,39.0709114074707,38.70491027832031,39.002288818359375,20.247434616088867,430072
TRI.TO,2009-07-30,39.425479888916016,39.5169792175293,39.002288818359375,39.33397674560547,20.419618606567383,811358
TRI.TO,2009-07-31,39.43691635131836,40.123172760009766,39.28822708129883,39.79148483276367,20.657123565673828,433657
TRI.TO,2009-08-04,40.48917770385742,40.48917770385742,39.40260314941406,40.26042556762695,20.900577545166016,807336
TRI.TO,2009-08-05,40.031673431396484,40.24898910522461,39.368289947509766,40.08885955810547,20.811506271362305,790636
TRI.TO,2009-08-06,40.660743713378906,42.37638473510742,40.3176155090332,42.010379791259766,21.809036254882812,1828615
TRI.TO,2009-08-07,41.747314453125,43.302833557128906,41.15256118774414,42.55938720703125,22.094045639038086,1499088
TRI.TO,2009-08-10,42.021820068359375,42.021820068359375,40.980995178222656,41.369876861572266,21.476530075073242,603622
TRI.TO,2009-08-11,41.061058044433594,41.30125045776367,40.77511978149414,41.118247985839844,21.345905303955078,509022
TRI.TO,2009-08-12,41.163997650146484,41.39274978637695,40.96955871582031,41.209747314453125,21.393400192260742,469241
TRI.TO,2009-08-13,40.53492736816406,40.59211730957031,40.077423095703125,40.363365173339844,20.954017639160156,945214
TRI.TO,2009-08-14,40.24898910522461,40.62643051147461,39.78004455566406,40.62643051147461,21.090578079223633,658703
TRI.TO,2009-08-17,39.757171630859375,40.500614166259766,39.57416915893555,40.43199157714844,20.98963737487793,835139
TRI.TO,2009-08-18,40.123172760009766,40.603553771972656,40.031673431396484,40.56924057006836,21.06089210510254,1033082
TRI.TO,2009-08-19,39.5169792175293,39.860107421875,39.45979309082031,39.757171630859375,20.84499740600586,1648157
TRI.TO,2009-08-20,39.61991882324219,39.78004455566406,39.471229553222656,39.5169792175293,20.719074249267578,1278588
TRI.TO,2009-08-21,39.72285842895508,39.79148483276367,39.40260314941406,39.67710876464844,20.80303192138672,783642
TRI.TO,2009-08-24,39.43691635131836,39.78004455566406,39.19672775268555,39.57416915893555,20.749053955078125,1017082
TRI.TO,2009-08-25,39.5627326965332,39.699981689453125,39.1395378112793,39.53985595703125,20.731061935424805,997847
TRI.TO,2009-08-26,39.219600677490234,39.68854522705078,39.173851013183594,39.49410629272461,20.707073211669922,984383
TRI.TO,2009-08-27,39.33397674560547,39.50554275512695,38.92222213745117,39.35685348510742,20.63511848449707,1102939
TRI.TO,2009-08-28,39.379730224609375,39.905860900878906,39.12810134887695,39.905860900878906,20.922956466674805,906745
TRI.TO,2009-08-31,39.802921295166016,40.020233154296875,39.71141815185547,39.95161056518555,20.94695281982422,519688
TRI.TO,2009-09-01,39.50554275512695,39.83723449707031,39.34541702270508,39.64279556274414,20.785032272338867,1563699
TRI.TO,2009-09-02,39.173851013183594,39.265350341796875,38.88791275024414,38.88791275024414,20.38924217224121,1488946
TRI.TO,2009-09-03,39.18528747558594,39.551292419433594,38.88791275024414,39.471229553222656,20.695077896118164,1487197
TRI.TO,2009-09-04,39.01372528076172,39.31110382080078,38.75065994262695,39.18528747558594,20.545154571533203,2341134
TRI.TO,2009-09-08,38.3160285949707,38.476158142089844,38.03009033203125,38.133026123046875,19.993453979492188,6444172
TRI.TO,2009-09-09,37.50395965576172,41.28981018066406,37.42389678955078,41.118247985839844,21.558631896972656,25585915
TRI.TO,2009-09-10,40.889495849609375,41.72444152832031,40.82086944580078,41.62150192260742,21.822486877441406,5286589
TRI.TO,2009-09-11,41.62150192260742,41.89600372314453,41.106807708740234,41.75875473022461,21.894441604614258,1270544
TRI.TO,2009-09-14,41.861690521240234,44.4694709777832,41.85025405883789,43.40576934814453,22.757991790771484,4118164
TRI.TO,2009-09-15,42.628013610839844,43.56589889526367,42.628013610839844,43.154144287109375,22.626066207885742,2488280
TRI.TO,2009-09-16,43.005455017089844,43.154144287109375,42.43357467651367,43.108394622802734,22.602069854736328,1617382
TRI.TO,2009-09-17,43.325706481933594,43.371456146240234,42.59370040893555,43.21133041381836,22.65604591369629,1666430
TRI.TO,2009-09-18,42.14763259887695,43.13126754760742,41.976070404052734,42.03325653076172,22.038366317749023,2119846
TRI.TO,2009-09-21,41.4041862487793,42.22769546508789,41.00387191772461,41.34700012207031,21.678550720214844,1680857
TRI.TO,2009-09-22,41.918880462646484,43.03976821899414,41.51856231689453,41.99894332885742,22.02037811279297,1654190
TRI.TO,2009-09-23,41.747314453125,41.99894332885742,41.106807708740234,41.38131332397461,21.696548461914062,978350
TRI.TO,2009-09-24,41.4041862487793,41.72444152832031,40.84374237060547,41.19831085205078,21.600610733032227,1828352
TRI.TO,2009-09-25,41.4041862487793,41.77019119262695,40.94668197631836,41.33556365966797,21.67255973815918,975203
TRI.TO,2009-09-28,41.59862518310547,41.93031692504883,41.061058044433594,41.27837371826172,21.642581939697266,1073388
TRI.TO,2009-09-29,41.28981018066406,41.8273811340332,41.061058044433594,41.47281265258789,21.74452781677246,1016120
TRI.TO,2009-09-30,41.85025405883789,41.85025405883789,40.77511978149414,41.061058044433594,21.52863883972168,1775457
TRI.TO,2009-10-01,41.39274978637695,41.39274978637695,39.87154769897461,39.8944206237793,20.916969299316406,1427832
TRI.TO,2009-10-02,39.45979309082031,40.32905197143555,38.54478073120117,40.306175231933594,21.132841110229492,1728856
TRI.TO,2009-10-05,40.63786697387695,40.96955871582031,39.18528747558594,40.557804107666016,21.2647762298584,1492531
TRI.TO,2009-10-06,40.603553771972656,40.90093231201172,39.928733825683594,40.466304779052734,21.216806411743164,886373
TRI.TO,2009-10-07,40.283302307128906,41.541439056396484,39.91729736328125,41.438499450683594,21.726526260375977,1155835
TRI.TO,2009-10-08,41.17543411254883,41.4041862487793,40.729366302490234,40.79799270629883,21.39072036743164,1158895
TRI.TO,2009-10-09,40.992431640625,40.992431640625,40.077423095703125,40.226112365722656,21.090879440307617,986831
TRI.TO,2009-10-13,39.528419494628906,40.031673431396484,39.11666488647461,39.974483489990234,20.95894432067871,1252358
TRI.TO,2009-10-14,40.24898910522461,40.3176155090332,39.41404342651367,39.551292419433594,20.7370548248291,1169649
TRI.TO,2009-10-15,39.45979309082031,39.64279556274414,38.96797561645508,39.036598205566406,20.46719741821289,684408
TRI.TO,2009-10-16,38.92222213745117,39.105224609375,38.45328140258789,38.88791275024414,20.38924217224121,842221
TRI.TO,2009-10-19,39.173851013183594,39.43691635131836,38.624847412109375,39.41404342651367,20.665096282958984,957629
TRI.TO,2009-10-20,39.45979309082031,39.63135528564453,39.24247741699219,39.34541702270508,20.62912368774414,577480
TRI.TO,2009-10-21,39.34541702270508,39.63135528564453,38.73922348022461,38.83072280883789,20.359256744384766,790636
TRI.TO,2009-10-22,38.65916061401367,39.745731353759766,38.65916061401367,39.4483528137207,20.683086395263672,933673
TRI.TO,2009-10-23,39.34541702270508,39.61991882324219,39.11666488647461,39.425479888916016,20.671092987060547,365898
TRI.TO,2009-10-26,39.40260314941406,39.860107421875,38.670597076416016,39.002288818359375,20.449214935302734,679162
TRI.TO,2009-10-27,39.002288818359375,39.16241455078125,38.716346740722656,38.8078498840332,20.347272872924805,756801
TRI.TO,2009-10-28,38.65916061401367,38.899349212646484,37.972900390625,37.99577713012695,19.921489715576172,899225
TRI.TO,2009-10-29,38.03009033203125,38.464717864990234,37.972900390625,38.361778259277344,20.113388061523438,693763
TRI.TO,2009-10-30,38.018653869628906,39.368289947509766,37.99577713012695,39.368289947509766,20.641109466552734,1449427
TRI.TO,2009-11-02,38.945098876953125,39.231040954589844,38.44184494018555,39.231040954589844,20.569149017333984,756801
TRI.TO,2009-11-03,38.8078498840332,39.24247741699219,38.521907806396484,38.97941207885742,20.43722152709961,761609
TRI.TO,2009-11-04,39.231040954589844,39.66566848754883,38.899349212646484,39.482666015625,20.70107078552246,965061
TRI.TO,2009-11-05,38.899349212646484,39.368289947509766,38.624847412109375,39.11666488647461,20.50918197631836,1348270
TRI.TO,2009-11-06,39.01372528076172,39.71141815185547,38.88791275024414,39.71141815185547,20.821016311645508,1150502
TRI.TO,2009-11-09,39.91729736328125,40.26042556762695,39.34541702270508,39.45979309082031,20.689083099365234,628540
TRI.TO,2009-11-10,39.0709114074707,39.58560562133789,38.73922348022461,39.05947494506836,20.47919273376465,1078896
TRI.TO,2009-11-11,39.34541702270508,39.34541702270508,38.464717864990234,38.60197067260742,20.23931884765625,817653
TRI.TO,2009-11-12,38.418968200683594,38.65916061401367,38.0072135925293,38.16733932495117,20.011445999145508,1048120
TRI.TO,2009-11-13,38.087276458740234,38.25884246826172,37.92715072631836,37.972900390625,19.909494400024414,509284
TRI.TO,2009-11-16,38.087276458740234,38.37321853637695,37.95002746582031,38.37321853637695,20.119386672973633,1041650
TRI.TO,2009-11-17,38.37321853637695,38.88791275024414,38.37321853637695,38.88791275024414,20.38924217224121,1435788
TRI.TO,2009-11-18,38.624847412109375,38.716346740722656,38.05296325683594,38.24740219116211,20.261993408203125,1661272
TRI.TO,2009-11-19,38.37321853637695,38.464717864990234,37.67552185058594,37.812774658203125,20.031749725341797,1240380
TRI.TO,2009-11-20,37.812774658203125,38.0072135925293,37.538272857666016,37.78989791870117,20.019630432128906,771402
TRI.TO,2009-11-23,37.858524322509766,38.133026123046875,37.526832580566406,37.69839859008789,19.971160888671875,805500
TRI.TO,2009-11-24,37.84708786010742,37.915714263916016,37.481082916259766,37.57258605957031,19.90450668334961,592343
TRI.TO,2009-11-25,37.74414825439453,38.12158966064453,37.51539611816406,37.9385871887207,20.098400115966797,1178917
TRI.TO,2009-11-26,37.767024993896484,37.869964599609375,37.45820617675781,37.584022521972656,19.91056251525879,387755
TRI.TO,2009-11-27,37.49251937866211,38.018653869628906,37.49251937866211,37.88140106201172,20.06810188293457,575032
TRI.TO,2009-11-30,37.915714263916016,38.510467529296875,37.78989791870117,38.20165252685547,20.237762451171875,994175
TRI.TO,2009-12-01,38.65916061401367,39.265350341796875,38.3160285949707,39.219600677490234,20.777027130126953,1150327
TRI.TO,2009-12-02,39.29966354370117,39.35685348510742,38.83072280883789,39.219600677490234,20.777027130126953,837674
TRI.TO,2009-12-03,39.28822708129883,39.45979309082031,38.773536682128906,38.773536682128906,20.540725708007812,786440
TRI.TO,2009-12-04,38.91078567504883,39.654232025146484,38.91078567504883,39.16241455078125,20.74673843383789,672343
TRI.TO,2009-12-07,39.231040954589844,40.11173629760742,39.173851013183594,39.91729736328125,21.146644592285156,987618
TRI.TO,2009-12-08,39.471229553222656,39.71141815185547,39.05947494506836,39.20816421508789,20.77097511291504,812407
TRI.TO,2009-12-09,39.45979309082031,39.45979309082031,38.3160285949707,38.8078498840332,20.558908462524414,761697
TRI.TO,2009-12-10,38.63628387451172,39.265350341796875,38.3160285949707,39.24247741699219,20.789152145385742,829631
TRI.TO,2009-12-11,39.105224609375,39.58560562133789,38.88791275024414,39.5169792175293,20.934572219848633,454640
TRI.TO,2009-12-14,39.368289947509766,39.67710876464844,38.8078498840332,39.02516174316406,20.67401885986328,460410
TRI.TO,2009-12-15,39.02516174316406,39.02516174316406,38.670597076416016,38.88791275024414,20.601308822631836,609480
TRI.TO,2009-12-16,39.08235168457031,39.33397674560547,38.91078567504883,39.29966354370117,20.819446563720703,489700
TRI.TO,2009-12-17,38.945098876953125,39.322540283203125,38.87647247314453,39.11666488647461,20.722501754760742,657742
TRI.TO,2009-12-18,39.11666488647461,39.40260314941406,38.12158966064453,38.25884246826172,20.268064498901367,1909750
TRI.TO,2009-12-21,38.40753173828125,38.773536682128906,38.20165252685547,38.39609146118164,20.340763092041016,856734
TRI.TO,2009-12-22,38.43040466308594,38.60197067260742,38.21309280395508,38.37321853637695,20.32865333557129,723315
TRI.TO,2009-12-23,38.37321853637695,38.567657470703125,37.869964599609375,38.350341796875,20.316526412963867,1023290
TRI.TO,2009-12-24,38.24740219116211,38.716346740722656,38.144466400146484,38.54478073120117,20.419536590576172,219801
TRI.TO,2009-12-29,38.54478073120117,38.73922348022461,38.32746887207031,38.37321853637695,20.32865333557129,316762
TRI.TO,2009-12-30,38.3160285949707,38.6934700012207,38.3160285949707,38.670597076416016,20.486188888549805,357767
TRI.TO,2009-12-31,38.773536682128906,39.11666488647461,38.64772033691406,38.83072280883789,20.571016311645508,370969
TRI.TO,2010-01-04,39.16241455078125,39.16241455078125,38.44184494018555,38.945098876953125,20.631622314453125,577393
TRI.TO,2010-01-05,39.11666488647461,39.11666488647461,38.12158966064453,38.44184494018555,20.365001678466797,1016995
TRI.TO,2010-01-06,38.65916061401367,39.802921295166016,38.60197067260742,39.471229553222656,20.910335540771484,1801861
TRI.TO,2010-01-07,39.45979309082031,39.471229553222656,38.59053421020508,39.12810134887695,20.728561401367188,1041300
TRI.TO,2010-01-08,39.219600677490234,39.78004455566406,38.91078567504883,39.43691635131836,20.892154693603516,945826
TRI.TO,2010-01-11,39.83723449707031,39.88298416137695,39.43691635131836,39.45979309082031,20.90427017211914,760823
TRI.TO,2010-01-12,39.45979309082031,39.63135528564453,38.990848541259766,39.15097427368164,20.740676879882812,729173
TRI.TO,2010-01-13,39.219600677490234,39.8257942199707,38.716346740722656,39.58560562133789,20.970935821533203,1422061
TRI.TO,2010-01-14,39.848670959472656,39.848670959472656,39.41404342651367,39.61991882324219,20.989097595214844,637982
TRI.TO,2010-01-15,39.68854522705078,39.73429489135742,39.24247741699219,39.31110382080078,20.825504302978516,661676
TRI.TO,2010-01-18,39.322540283203125,39.551292419433594,39.20816421508789,39.528419494628906,20.940631866455078,188501
TRI.TO,2010-01-19,39.33397674560547,39.379730224609375,38.68203353881836,38.88791275024414,20.601308822631836,910941
TRI.TO,2010-01-20,38.81928634643555,39.33397674560547,38.7620964050293,39.33397674560547,20.837615966796875,1232249
TRI.TO,2010-01-21,39.41404342651367,39.41404342651367,38.68203353881836,38.945098876953125,20.631622314453125,1110458
TRI.TO,2010-01-22,38.773536682128906,38.93366241455078,38.25884246826172,38.43040466308594,20.358943939208984,667272
TRI.TO,2010-01-25,38.716346740722656,39.24247741699219,38.40753173828125,39.1395378112793,20.7346134185791,945564
TRI.TO,2010-01-26,39.29966354370117,39.551292419433594,38.92222213745117,39.45979309082031,20.90427017211914,663862
TRI.TO,2010-01-27,39.5169792175293,39.87154769897461,39.39116668701172,39.83723449707031,21.104236602783203,1303505
TRI.TO,2010-01-28,39.96304702758789,40.76367950439453,39.83723449707031,40.454864501953125,21.43143081665039,1031246
TRI.TO,2010-01-29,40.3176155090332,41.061058044433594,40.3176155090332,40.84374237060547,21.63744354248047,869674
TRI.TO,2010-02-01,40.84374237060547,41.312686920166016,40.62643051147461,41.221187591552734,21.837390899658203,796319
TRI.TO,2010-02-02,41.70156478881836,42.31919860839844,41.541439056396484,42.03325653076172,22.267595291137695,1369865
TRI.TO,2010-02-03,41.976070404052734,42.010379791259766,41.4499397277832,41.89600372314453,22.194889068603516,599775
TRI.TO,2010-02-04,41.747314453125,41.873130798339844,41.12968444824219,41.17543411254883,21.813154220581055,1240205
TRI.TO,2010-02-05,41.17543411254883,41.17543411254883,40.603553771972656,40.75224304199219,21.588966369628906,1282085
TRI.TO,2010-02-08,40.603553771972656,40.85518264770508,40.38623809814453,40.56924057006836,21.49202537536621,901411
TRI.TO,2010-02-09,40.91236877441406,41.38131332397461,40.71792984008789,41.28981018066406,21.873754501342773,736167
TRI.TO,2010-02-10,41.0724983215332,41.747314453125,41.0724983215332,41.747314453125,22.11611557006836,794221
TRI.TO,2010-02-11,41.735877990722656,41.861690521240234,41.30125045776367,41.7816276550293,22.134296417236328,488913
TRI.TO,2010-02-12,41.80450439453125,42.124759674072266,41.57575225830078,42.113319396972656,22.310009002685547,603272
TRI.TO,2010-02-16,42.26200866699219,42.719512939453125,41.98750686645508,42.5365104675293,22.534198760986328,560781
TRI.TO,2010-02-17,42.63945007324219,43.07408142089844,42.52507400512695,42.60513687133789,22.570558547973633,549153
TRI.TO,2010-02-18,42.342071533203125,42.879642486572266,42.021820068359375,42.193382263183594,22.352428436279297,538049
TRI.TO,2010-02-19,42.26200866699219,42.70807647705078,42.113319396972656,42.387821197509766,22.455440521240234,495295
TRI.TO,2010-02-22,42.28488540649414,42.719512939453125,41.8273811340332,42.09044647216797,22.297895431518555,520388
TRI.TO,2010-02-23,42.09044647216797,42.399261474609375,41.85025405883789,42.387821197509766,22.455440521240234,707227
TRI.TO,2010-02-24,42.09044647216797,42.09044647216797,40.660743713378906,41.61006546020508,22.043407440185547,1715479
TRI.TO,2010-02-25,41.17543411254883,42.2048225402832,41.163997650146484,42.2048225402832,22.35848617553711,1184425
TRI.TO,2010-02-26,42.2048225402832,42.59370040893555,41.75875473022461,41.77019119262695,22.12823486328125,1776943
TRI.TO,2010-03-01,41.94175720214844,42.31919860839844,41.77019119262695,41.98750686645508,22.243358612060547,443536
TRI.TO,2010-03-02,41.77019119262695,42.31919860839844,41.30125045776367,42.31919860839844,22.419078826904297,633611
TRI.TO,2010-03-03,42.399261474609375,42.399261474609375,41.85025405883789,42.193382263183594,22.352428436279297,1718714
TRI.TO,2010-03-04,41.7816276550293,41.964630126953125,41.266937255859375,41.4499397277832,22.14225196838379,923444
TRI.TO,2010-03-05,41.47281265258789,41.747314453125,40.980995178222656,41.735877990722656,22.295000076293945,1849161
TRI.TO,2010-03-08,41.747314453125,41.976070404052734,41.4041862487793,41.735877990722656,22.295000076293945,932974
TRI.TO,2010-03-09,41.747314453125,41.976070404052734,41.42706298828125,41.62150192260742,22.233890533447266,966372
TRI.TO,2010-03-10,41.632938385009766,41.70156478881836,41.18687438964844,41.42706298828125,22.130022048950195,949323
TRI.TO,2010-03-11,41.34700012207031,42.07900619506836,41.312686920166016,41.976070404052734,22.423303604125977,839510
TRI.TO,2010-03-12,42.52507400512695,42.5822639465332,41.90744400024414,42.52507400512695,22.716575622558594,1965444
TRI.TO,2010-03-15,42.719512939453125,42.868202209472656,42.33063507080078,42.81101608276367,22.869321823120117,957804
TRI.TO,2010-03-16,42.81101608276367,43.257083892822266,42.55938720703125,42.85676574707031,22.893766403198242,1148578
TRI.TO,2010-03-17,43.0283317565918,43.0283317565918,42.547950744628906,42.776702880859375,22.85099220275879,849302
TRI.TO,2010-03-18,42.765262603759766,42.9940185546875,42.74238967895508,42.97114181518555,22.954862594604492,685457
TRI.TO,2010-03-19,42.97114181518555,43.623085021972656,42.41069793701172,42.45644760131836,22.67991828918457,3031312
TRI.TO,2010-03-22,42.51363754272461,42.69664001464844,42.2048225402832,42.2391357421875,22.563827514648438,1010962
TRI.TO,2010-03-23,42.14763259887695,43.01689147949219,42.14763259887695,42.90251541137695,22.91820526123047,1049432
TRI.TO,2010-03-24,42.74238967895508,42.89107894897461,42.067569732666016,42.113319396972656,22.496614456176758,1057650
TRI.TO,2010-03-25,42.04469299316406,42.30775833129883,41.98750686645508,42.05613327026367,22.466073989868164,899313
TRI.TO,2010-03-26,42.05613327026367,42.30775833129883,41.95319366455078,42.30775833129883,22.600482940673828,1047945
TRI.TO,2010-03-29,42.2048225402832,42.31919860839844,41.93031692504883,41.964630126953125,22.417192459106445,755577
TRI.TO,2010-03-30,41.85025405883789,42.5365104675293,41.85025405883789,42.18194580078125,22.533273696899414,454115
TRI.TO,2010-03-31,42.31919860839844,42.31919860839844,41.90744400024414,42.27344512939453,22.582162857055664,528956
TRI.TO,2010-04-01,42.067569732666016,42.70807647705078,41.98750686645508,42.18194580078125,22.533273696899414,1014547
TRI.TO,2010-04-05,42.10188293457031,42.43357467651367,42.010379791259766,42.43357467651367,22.667699813842773,403143
TRI.TO,2010-04-06,42.14763259887695,42.26200866699219,41.861690521240234,41.95319366455078,22.411087036132812,739052
TRI.TO,2010-04-07,41.861690521240234,41.98750686645508,41.34700012207031,41.56431579589844,22.203336715698242,591382
TRI.TO,2010-04-08,41.690128326416016,41.7130012512207,40.980995178222656,41.46137619018555,22.148361206054688,490836
TRI.TO,2010-04-09,41.56431579589844,41.98750686645508,41.32412338256836,41.94175720214844,22.404970169067383,634573
TRI.TO,2010-04-12,41.861690521240234,41.861690521240234,41.4499397277832,41.50712585449219,22.17279815673828,311428
TRI.TO,2010-04-13,41.415626525878906,41.735877990722656,41.38131332397461,41.55287551879883,22.197242736816406,309505
TRI.TO,2010-04-14,41.55287551879883,41.85025405883789,41.4499397277832,41.793067932128906,22.325550079345703,1429930
TRI.TO,2010-04-15,41.46137619018555,42.570823669433594,41.46137619018555,42.570823669433594,22.741012573242188,3203289
TRI.TO,2010-04-16,42.63945007324219,42.730953216552734,42.05613327026367,42.13619613647461,22.508834838867188,665873
TRI.TO,2010-04-19,42.13619613647461,42.36494827270508,41.93031692504883,42.33063507080078,22.61271095275879,429023
TRI.TO,2010-04-20,42.22769546508789,42.36494827270508,42.18194580078125,42.18194580078125,22.533273696899414,511732
TRI.TO,2010-04-21,42.15907287597656,42.5365104675293,42.067569732666016,42.37638473510742,22.63714599609375,539448
TRI.TO,2010-04-22,42.14763259887695,42.43357467651367,42.04469299316406,42.31919860839844,22.606599807739258,856996
TRI.TO,2010-04-23,42.31919860839844,42.42213439941406,41.98750686645508,42.21625900268555,22.551605224609375,1415766
TRI.TO,2010-04-26,42.2048225402832,42.41069793701172,42.04469299316406,42.41069793701172,22.65548324584961,884187
TRI.TO,2010-04-27,42.490760803222656,42.5365104675293,42.03325653076172,42.13619613647461,22.508834838867188,552562
TRI.TO,2010-04-28,41.98750686645508,42.067569732666016,41.255496978759766,41.38131332397461,22.1055850982666,493547
TRI.TO,2010-04-29,41.66725158691406,42.26200866699219,41.46137619018555,42.193382263183594,22.539390563964844,1193343
TRI.TO,2010-04-30,42.26200866699219,42.26200866699219,41.62150192260742,41.861690521240234,22.36220359802246,991640
TRI.TO,2010-05-03,42.387821197509766,42.387821197509766,41.815940856933594,42.067569732666016,22.47218132019043,622857
TRI.TO,2010-05-04,41.861690521240234,42.41069793701172,41.51856231689453,42.2048225402832,22.545501708984375,2521678
TRI.TO,2010-05-05,41.861690521240234,43.65739822387695,41.861690521240234,43.485836029052734,23.229806900024414,2903488
TRI.TO,2010-05-06,43.520145416259766,45.24722671508789,43.2913932800293,44.44659423828125,23.7430362701416,2539776
TRI.TO,2010-05-07,44.19496536254883,44.286468505859375,42.89107894897461,43.16558074951172,23.05872344970703,1104688
TRI.TO,2010-05-10,44.30934143066406,44.812599182128906,43.7145881652832,44.0920295715332,23.553640365600586,726113
TRI.TO,2010-05-11,44.435157775878906,44.995601654052734,43.84040069580078,44.94984817504883,24.011877059936523,1199288
TRI.TO,2010-05-12,45.06422424316406,45.35016632080078,44.663909912109375,45.2929801940918,24.195173263549805,986219
TRI.TO,2010-05-13,45.2929801940918,45.2929801940918,44.73253631591797,44.892662048339844,23.98133087158203,670507
TRI.TO,2010-05-14,44.606719970703125,44.85834884643555,44.286468505859375,44.52665710449219,23.785808563232422,889346
TRI.TO,2010-05-17,44.377967834472656,44.606719970703125,43.56589889526367,44.1263427734375,23.571962356567383,1702977
TRI.TO,2010-05-18,44.21784210205078,44.21784210205078,43.760337829589844,43.93190383911133,23.655723571777344,1619917
TRI.TO,2010-05-19,43.806087493896484,44.0920295715332,43.31427001953125,43.325706481933594,23.329303741455078,802527
TRI.TO,2010-05-20,42.616573333740234,42.83388900756836,42.22769546508789,42.30775833129883,22.781171798706055,959640
TRI.TO,2010-05-21,41.56431579589844,42.547950744628906,41.4041862487793,42.547950744628906,22.9105167388916,785915
TRI.TO,2010-05-25,41.266937255859375,42.42213439941406,41.209747314453125,42.42213439941406,22.842777252197266,756976
TRI.TO,2010-05-26,42.387821197509766,42.879642486572266,41.95319366455078,42.14763259887695,22.69495964050293,779708
TRI.TO,2010-05-27,42.51363754272461,43.07408142089844,42.113319396972656,42.342071533203125,22.79965591430664,788276
TRI.TO,2010-05-28,42.342071533203125,42.97114181518555,41.964630126953125,42.59370040893555,22.935152053833008,862330
TRI.TO,2010-05-31,43.18845748901367,43.3371467590332,42.250572204589844,43.17701721191406,23.24924659729004,271735
TRI.TO,2010-06-01,42.730953216552734,43.3371467590332,42.342071533203125,42.43357467651367,22.848928451538086,974591
TRI.TO,2010-06-02,42.43357467651367,42.79957580566406,41.861690521240234,42.60513687133789,22.941316604614258,679075
TRI.TO,2010-06-03,42.776702880859375,42.79957580566406,41.90744400024414,42.69664001464844,22.990571975708008,770965
TRI.TO,2010-06-04,42.353511810302734,42.5822639465332,42.26200866699219,42.296321868896484,22.775020599365234,1564136
TRI.TO,2010-06-07,42.296321868896484,42.5365104675293,41.918880462646484,42.27344512939453,22.762706756591797,660802
TRI.TO,2010-06-08,42.2048225402832,42.36494827270508,41.815940856933594,42.33063507080078,22.793500900268555,707840
TRI.TO,2010-06-09,42.342071533203125,42.63945007324219,42.2391357421875,42.42213439941406,22.842777252197266,810483
TRI.TO,2010-06-10,42.43357467651367,43.257083892822266,42.43357467651367,43.22277069091797,23.273876190185547,645589
TRI.TO,2010-06-11,42.90251541137695,43.56589889526367,42.776702880859375,43.36001968383789,23.3477725982666,920121
TRI.TO,2010-06-14,43.863277435302734,44.36653137207031,43.7489013671875,44.21784210205078,23.809688568115234,902723
TRI.TO,2010-06-15,44.20640563964844,45.57891845703125,44.1263427734375,45.49885559082031,24.499465942382812,1467788
TRI.TO,2010-06-16,45.49885559082031,45.567481994628906,45.041351318359375,45.54460525512695,24.524093627929688,963924
TRI.TO,2010-06-17,45.693294525146484,45.693294525146484,45.01847457885742,45.43022918701172,24.4625186920166,812144
TRI.TO,2010-06-18,45.510292053222656,45.693294525146484,45.05278778076172,45.05278778076172,24.259281158447266,2953674
TRI.TO,2010-06-21,45.45310592651367,45.45310592651367,44.97272491455078,45.12141418457031,24.296232223510742,485328
TRI.TO,2010-06-22,45.06422424316406,45.16716384887695,44.32078170776367,44.40084457397461,23.908239364624023,834614
TRI.TO,2010-06-23,44.26359176635742,44.812599182128906,44.26359176635742,44.4694709777832,23.945180892944336,903859
TRI.TO,2010-06-24,44.332218170166016,44.92697525024414,44.080589294433594,44.58384704589844,24.00677490234375,643490
TRI.TO,2010-06-25,44.389408111572266,44.90409851074219,43.44008255004883,43.703147888183594,23.532543182373047,1645884
TRI.TO,2010-06-28,43.7489013671875,44.275028228759766,43.531585693359375,44.137779235839844,23.766586303710938,673217
TRI.TO,2010-06-29,43.7489013671875,43.98908996582031,43.41720962524414,43.45152282714844,23.397058486938477,1403089
TRI.TO,2010-06-30,43.31427001953125,44.057716369628906,43.31427001953125,43.577335357666016,23.464805603027344,954307
TRI.TO,2010-07-02,43.474395751953125,44.435157775878906,43.474395751953125,43.851837158203125,23.612611770629883,574595
TRI.TO,2010-07-05,43.46295928955078,43.7489013671875,42.948265075683594,43.11983108520508,23.21845245361328,147146
TRI.TO,2010-07-06,43.46295928955078,43.82896423339844,43.21133041381836,43.7832145690918,23.575653076171875,811707
TRI.TO,2010-07-07,43.50870895385742,44.057716369628906,43.371456146240234,43.97765350341797,23.68035316467285,966984
TRI.TO,2010-07-08,44.26359176635742,44.26359176635742,43.79465103149414,44.080589294433594,23.73579216003418,771052
TRI.TO,2010-07-09,44.080589294433594,44.606719970703125,43.634525299072266,44.606719970703125,24.019084930419922,458050
TRI.TO,2010-07-12,44.606719970703125,44.77828598022461,44.229278564453125,44.52665710449219,23.975976943969727,488563
TRI.TO,2010-07-13,44.59528350830078,44.618160247802734,44.26359176635742,44.618160247802734,24.025239944458008,694025
TRI.TO,2010-07-14,44.77828598022461,44.77828598022461,43.954776763916016,44.20640563964844,23.80353546142578,845018
TRI.TO,2010-07-15,44.03483963012695,44.606719970703125,43.87471389770508,44.606719970703125,24.019084930419922,1047246
TRI.TO,2010-07-16,44.606719970703125,44.67534637451172,44.35509490966797,44.435157775878906,23.92670249938965,1300795
TRI.TO,2010-07-19,44.332218170166016,44.64103317260742,44.0920295715332,44.435157775878906,23.92670249938965,556322
TRI.TO,2010-07-20,44.03483963012695,44.377967834472656,43.634525299072266,44.377967834472656,23.895912170410156,612977
TRI.TO,2010-07-21,44.572410583496094,44.572410583496094,43.680274963378906,43.92046356201172,23.649553298950195,696036
TRI.TO,2010-07-22,44.04627990722656,44.49234390258789,44.04627990722656,44.30934143066406,23.85896110534668,1265998
TRI.TO,2010-07-23,44.41228103637695,44.65247344970703,44.25215530395508,44.560970306396484,23.994449615478516,537612
TRI.TO,2010-07-26,44.618160247802734,45.20147705078125,44.389408111572266,45.132850646972656,24.302387237548828,508585
TRI.TO,2010-07-27,45.521732330322266,45.967796325683594,45.1786003112793,45.510292053222656,24.505630493164062,786440
TRI.TO,2010-07-28,45.78479766845703,46.127925872802734,45.373043060302734,45.40735626220703,24.4501953125,605108
TRI.TO,2010-07-29,44.74397277832031,45.20147705078125,44.0920295715332,44.560970306396484,23.994449615478516,1317057
TRI.TO,2010-07-30,44.03483963012695,44.11490249633789,43.520145416259766,43.96621322631836,23.6742000579834,910242
TRI.TO,2010-08-03,44.78972244262695,44.97272491455078,44.04627990722656,44.377967834472656,23.895912170410156,657305
TRI.TO,2010-08-04,44.69822311401367,44.69822311401367,44.36653137207031,44.560970306396484,23.994449615478516,744648
TRI.TO,2010-08-05,44.240718841552734,44.240718841552734,43.27995681762695,43.7832145690918,23.575653076171875,1055202
TRI.TO,2010-08-06,43.61164855957031,43.79465103149414,42.90251541137695,43.2913932800293,23.310832977294922,1191157
TRI.TO,2010-08-09,43.46295928955078,43.58877182006836,43.06264114379883,43.257083892822266,23.292354583740234,845980
TRI.TO,2010-08-10,43.17701721191406,43.199893951416016,42.673763275146484,42.9597053527832,23.132238388061523,730921
TRI.TO,2010-08-11,42.59370040893555,42.59370040893555,42.13619613647461,42.2048225402832,22.725751876831055,792472
TRI.TO,2010-08-12,41.644378662109375,42.22769546508789,41.438499450683594,42.03325653076172,22.63336944580078,1359723
TRI.TO,2010-08-13,41.861690521240234,42.47932434082031,41.7130012512207,42.342071533203125,22.79965591430664,536213
TRI.TO,2010-08-16,42.387821197509766,42.43357467651367,41.95319366455078,42.36494827270508,22.811975479125977,376302
TRI.TO,2010-08-17,41.976070404052734,42.5365104675293,41.861690521240234,42.490760803222656,23.070308685302734,1452313
TRI.TO,2010-08-18,42.46788787841797,42.79957580566406,42.31919860839844,42.490760803222656,23.070308685302734,843882
TRI.TO,2010-08-19,42.60513687133789,42.60513687133789,41.747314453125,41.747314453125,22.66665267944336,1075923
TRI.TO,2010-08-20,41.747314453125,42.170509338378906,41.495689392089844,42.09044647216797,22.85295867919922,701544
TRI.TO,2010-08-23,42.113319396972656,42.42213439941406,41.861690521240234,41.99894332885742,22.803281784057617,761697
TRI.TO,2010-08-24,41.632938385009766,41.99894332885742,41.15256118774414,41.34700012207031,22.449308395385742,960340
TRI.TO,2010-08-25,41.061058044433594,41.50712585449219,41.00387191772461,41.495689392089844,22.530040740966797,653370
TRI.TO,2010-08-26,41.59862518310547,41.964630126953125,41.47281265258789,41.61006546020508,22.59213638305664,635447
TRI.TO,2010-08-27,41.47281265258789,42.84532928466797,41.4041862487793,42.60513687133789,23.132421493530273,825084
TRI.TO,2010-08-30,42.89107894897461,42.97114181518555,42.28488540649414,42.342071533203125,22.989580154418945,514443
TRI.TO,2010-08-31,42.342071533203125,42.78813934326172,42.124759674072266,42.353511810302734,22.995790481567383,815117
TRI.TO,2010-09-01,42.79957580566406,43.199893951416016,42.66232681274414,42.925392150878906,23.30630111694336,948187
TRI.TO,2010-09-02,42.9940185546875,43.382896423339844,42.79957580566406,43.3371467590332,23.52985382080078,1030109
TRI.TO,2010-09-03,43.46295928955078,43.97765350341797,43.07408142089844,43.50870895385742,23.62300682067871,1106524
TRI.TO,2010-09-07,43.703147888183594,43.89759063720703,43.40576934814453,43.49727249145508,23.616788864135742,308718
TRI.TO,2010-09-08,43.3371467590332,43.88615036010742,43.26852035522461,43.34858322143555,23.536060333251953,569874
TRI.TO,2010-09-09,43.371456146240234,43.77177429199219,43.17701721191406,43.577335357666016,23.66027069091797,693763
TRI.TO,2010-09-10,43.634525299072266,43.69171142578125,43.325706481933594,43.428646087646484,23.57952880859375,1622715
TRI.TO,2010-09-13,43.7832145690918,43.7832145690918,43.382896423339844,43.7489013671875,23.75341796875,626354
TRI.TO,2010-09-14,43.92046356201172,44.458030700683594,43.760337829589844,44.011966705322266,23.89624786376953,479470
TRI.TO,2010-09-15,44.011966705322266,44.20640563964844,43.65739822387695,44.137779235839844,23.96456527709961,714834
TRI.TO,2010-09-16,43.87471389770508,44.34365463256836,43.680274963378906,44.0920295715332,23.939722061157227,757850
TRI.TO,2010-09-17,44.41228103637695,44.9155387878418,44.20640563964844,44.5037841796875,24.163278579711914,2352587
TRI.TO,2010-09-20,44.32078170776367,44.755409240722656,44.14921569824219,44.52665710449219,24.175701141357422,466793
TRI.TO,2010-09-21,44.766849517822266,44.9155387878418,44.19496536254883,44.49234390258789,24.157066345214844,542071
TRI.TO,2010-09-22,44.49234390258789,44.86978530883789,44.275028228759766,44.5037841796875,24.163278579711914,507798
TRI.TO,2010-09-23,44.377967834472656,44.59528350830078,44.011966705322266,44.10346603393555,23.945926666259766,612278
TRI.TO,2010-09-24,44.435157775878906,44.94984817504883,44.14921569824219,44.77828598022461,24.312318801879883,677151
TRI.TO,2010-09-27,44.67534637451172,44.938411712646484,44.389408111572266,44.435157775878906,24.126014709472656,436017
TRI.TO,2010-09-28,44.41228103637695,44.74397277832031,43.851837158203125,44.183528900146484,23.989397048950195,957192
TRI.TO,2010-09-29,44.03483963012695,44.8469123840332,43.61164855957031,44.68678665161133,24.262636184692383,669457
TRI.TO,2010-09-30,44.606719970703125,44.73253631591797,44.04627990722656,44.240718841552734,24.020456314086914,652321
TRI.TO,2010-10-01,44.332218170166016,44.709659576416016,43.909027099609375,43.97765350341797,23.877613067626953,452979
TRI.TO,2010-10-04,44.0920295715332,44.14921569824219,43.65739822387695,44.14921569824219,23.970767974853516,666485
TRI.TO,2010-10-05,44.32078170776367,44.721099853515625,43.6688346862793,44.64103317260742,24.237794876098633,767118
TRI.TO,2010-10-06,44.835472106933594,44.835472106933594,44.183528900146484,44.67534637451172,24.256431579589844,593393
TRI.TO,2010-10-07,44.5380973815918,44.90409851074219,44.435157775878906,44.77828598022461,24.312318801879883,718856
TRI.TO,2010-10-08,44.77828598022461,44.82403564453125,44.54953384399414,44.68678665161133,24.262636184692383,629764
TRI.TO,2010-10-12,44.8812255859375,44.8812255859375,44.26359176635742,44.59528350830078,24.21296501159668,611316
TRI.TO,2010-10-13,44.618160247802734,44.77828598022461,44.03483963012695,44.29790496826172,24.051490783691406,904209
TRI.TO,2010-10-14,44.48090744018555,44.892662048339844,44.25215530395508,44.26359176635742,24.032873153686523,575469
TRI.TO,2010-10-15,44.59528350830078,44.709659576416016,44.19496536254883,44.44659423828125,24.132225036621094,557633
TRI.TO,2010-10-18,44.606719970703125,44.835472106933594,44.435157775878906,44.709659576416016,24.275054931640625,280828
TRI.TO,2010-10-19,44.54953384399414,45.09853744506836,44.54953384399414,44.97272491455078,24.417884826660156,557633
TRI.TO,2010-10-20,45.132850646972656,45.1786003112793,44.78972244262695,45.1786003112793,24.5296688079834,601873
TRI.TO,2010-10-21,45.23579025268555,45.87629699707031,45.1786003112793,45.6361083984375,24.7780818939209,557808
TRI.TO,2010-10-22,45.68185806274414,45.739044189453125,44.892662048339844,45.1786003112793,24.5296688079834,489787
TRI.TO,2010-10-25,45.40735626220703,45.40735626220703,44.835472106933594,44.94984817504883,24.405473709106445,429198
TRI.TO,2010-10-26,44.68678665161133,45.61323165893555,44.68678665161133,45.49885559082031,24.703550338745117,616212
TRI.TO,2010-10-27,45.57891845703125,45.57891845703125,44.755409240722656,45.05278778076172,24.46136474609375,813194
TRI.TO,2010-10-28,45.796234130859375,45.796234130859375,44.32078170776367,44.4237174987793,24.119800567626953,685720
TRI.TO,2010-10-29,44.17209243774414,44.68678665161133,44.16065216064453,44.54953384399414,24.188121795654297,671031
TRI.TO,2010-11-01,44.54953384399414,44.74397277832031,44.21784210205078,44.458030700683594,24.138442993164062,427099
TRI.TO,2010-11-02,44.58384704589844,44.59528350830078,44.137779235839844,44.286468505859375,24.04530143737793,1041038
TRI.TO,2010-11-03,44.03483963012695,44.14921569824219,43.64596176147461,43.93190383911133,23.852779388427734,499055
TRI.TO,2010-11-04,44.52665710449219,44.52665710449219,43.27995681762695,43.27995681762695,23.498794555664062,2134797
TRI.TO,2010-11-05,43.577335357666016,43.7832145690918,43.325706481933594,43.703147888183594,23.728572845458984,790287
TRI.TO,2010-11-08,44.03483963012695,44.04627990722656,43.16558074951172,43.371456146240234,23.54848861694336,661763
TRI.TO,2010-11-09,43.64596176147461,43.64596176147461,43.051204681396484,43.325706481933594,23.523639678955078,395362
TRI.TO,2010-11-10,43.44008255004883,43.84040069580078,43.08551788330078,43.817527770996094,23.79067611694336,610616
TRI.TO,2010-11-11,43.88615036010742,43.88615036010742,43.17701721191406,43.69171142578125,23.722366333007812,1693009
TRI.TO,2010-11-12,43.41720962524414,43.520145416259766,42.91395568847656,43.18845748901367,23.449115753173828,1662758
TRI.TO,2010-11-15,43.108394622802734,43.760337829589844,43.07408142089844,43.49727249145508,23.616788864135742,1606191
TRI.TO,2010-11-16,43.01689147949219,43.41720962524414,42.60513687133789,43.11983108520508,23.601776123046875,934285
TRI.TO,2010-11-17,42.822452545166016,43.07408142089844,42.547950744628906,42.91395568847656,23.489084243774414,434006
TRI.TO,2010-11-18,42.91395568847656,43.18845748901367,42.07900619506836,42.31919860839844,23.163541793823242,964099
TRI.TO,2010-11-19,42.33063507080078,42.85676574707031,42.13619613647461,42.81101608276367,23.432735443115234,459274
TRI.TO,2010-11-22,42.74238967895508,42.81101608276367,42.37638473510742,42.719512939453125,23.38265609741211,404455
TRI.TO,2010-11-23,42.719512939453125,42.78813934326172,42.193382263183594,42.46788787841797,23.24492835998535,467055
TRI.TO,2010-11-24,42.68519973754883,43.06264114379883,42.60513687133789,43.06264114379883,23.57047462463379,1364007
TRI.TO,2010-11-25,43.2913932800293,43.2913932800293,42.74238967895508,43.06264114379883,23.57047462463379,157725
TRI.TO,2010-11-26,42.822452545166016,43.31427001953125,42.70807647705078,43.22277069091797,23.658105850219727,1706124
TRI.TO,2010-11-29,43.36001968383789,43.36001968383789,42.59370040893555,43.096954345703125,23.58925437927246,510771
TRI.TO,2010-11-30,42.78813934326172,43.21133041381836,42.719512939453125,42.776702880859375,23.413957595825195,1145518
TRI.TO,2010-12-01,42.445011138916016,42.91395568847656,42.445011138916016,42.90251541137695,23.482824325561523,1174458
TRI.TO,2010-12-02,42.9940185546875,43.325706481933594,42.765262603759766,43.18845748901367,23.63932991027832,721391
TRI.TO,2010-12-03,43.01689147949219,43.3371467590332,42.36494827270508,42.59370040893555,23.31378746032715,1056776
TRI.TO,2010-12-06,42.490760803222656,42.948265075683594,42.41069793701172,42.948265075683594,23.50786781311035,1795915
TRI.TO,2010-12-07,42.948265075683594,43.108394622802734,42.60513687133789,42.65088653564453,23.3450927734375,692889
TRI.TO,2010-12-08,42.445011138916016,42.60513687133789,42.18194580078125,42.31919860839844,23.163541793823242,854548
TRI.TO,2010-12-09,42.5365104675293,42.59370040893555,42.193382263183594,42.43357467651367,23.226150512695312,2012307
TRI.TO,2010-12-10,42.43357467651367,42.78813934326172,42.353511810302734,42.60513687133789,23.320064544677734,556759
TRI.TO,2010-12-13,42.60513687133789,42.91395568847656,42.47932434082031,42.60513687133789,23.320064544677734,781544
TRI.TO,2010-12-14,42.74238967895508,42.74238967895508,42.067569732666016,42.33063507080078,23.1698055267334,994438
TRI.TO,2010-12-15,42.124759674072266,42.387821197509766,42.124759674072266,42.37638473510742,23.194833755493164,929127
TRI.TO,2010-12-16,42.250572204589844,42.43357467651367,41.89600372314453,42.170509338378906,23.082151412963867,847641
TRI.TO,2010-12-17,42.31919860839844,42.570823669433594,41.964630126953125,42.47932434082031,23.251182556152344,1698692
TRI.TO,2010-12-20,42.45644760131836,42.60513687133789,42.2391357421875,42.31919860839844,23.163541793823242,725238
TRI.TO,2010-12-21,42.250572204589844,42.74238967895508,42.250572204589844,42.719512939453125,23.38265609741211,477722
TRI.TO,2010-12-22,42.78813934326172,43.154144287109375,42.78813934326172,43.07408142089844,23.57672691345215,548103
TRI.TO,2010-12-23,42.948265075683594,43.27995681762695,42.81101608276367,43.07408142089844,23.57672691345215,431209
TRI.TO,2010-12-24,43.07408142089844,43.3371467590332,43.07408142089844,43.31427001953125,23.708194732666016,40218
TRI.TO,2010-12-29,43.108394622802734,43.18845748901367,42.89107894897461,43.005455017089844,23.539161682128906,553262
TRI.TO,2010-12-30,42.85676574707031,43.22277069091797,42.570823669433594,42.822452545166016,23.43899917602539,369745
TRI.TO,2010-12-31,42.90251541137695,42.9597053527832,42.41069793701172,42.59370040893555,23.31378746032715,257309
TRI.TO,2011-01-04,43.45152282714844,43.485836029052734,43.01689147949219,43.01689147949219,23.545427322387695,630201
TRI.TO,2011-01-05,42.93682861328125,43.096954345703125,42.69664001464844,42.74238967895508,23.395179748535156,454902
TRI.TO,2011-01-06,42.83388900756836,42.9940185546875,42.65088653564453,42.84532928466797,23.451515197753906,457700
TRI.TO,2011-01-07,42.79957580566406,42.89107894897461,42.55938720703125,42.673763275146484,23.357608795166016,362401
TRI.TO,2011-01-10,42.730953216552734,42.74238967895508,42.14763259887695,42.502197265625,23.26371192932129,372717
TRI.TO,2011-01-11,42.65088653564453,43.3371467590332,42.547950744628906,43.108394622802734,23.59551429748535,710550
TRI.TO,2011-01-12,43.23420715332031,43.2913932800293,42.97114181518555,43.096954345703125,23.58925437927246,383296
TRI.TO,2011-01-13,43.2913932800293,43.34858322143555,42.83388900756836,43.0283317565918,23.551694869995117,684058
TRI.TO,2011-01-14,43.40576934814453,43.577335357666016,43.26852035522461,43.39433288574219,23.752017974853516,972667
TRI.TO,2011-01-17,43.16558074951172,43.40576934814453,42.948265075683594,43.245643615722656,23.670631408691406,182118
TRI.TO,2011-01-18,43.3371467590332,43.760337829589844,43.11983108520508,43.760337829589844,23.952348709106445,782505
TRI.TO,2011-01-19,43.634525299072266,44.17209243774414,43.520145416259766,43.84040069580078,23.996164321899414,661414
TRI.TO,2011-01-20,43.65739822387695,43.69171142578125,43.154144287109375,43.49727249145508,23.80836296081543,1130305
TRI.TO,2011-01-21,43.46295928955078,44.10346603393555,43.40576934814453,43.909027099609375,24.033740997314453,1165102
TRI.TO,2011-01-24,44.19496536254883,44.9155387878418,43.79465103149414,44.80116271972656,24.522048950195312,622157
TRI.TO,2011-01-25,44.86978530883789,45.144290924072266,44.709659576416016,45.02991485595703,24.647260665893555,947487
TRI.TO,2011-01-26,45.1786003112793,46.082176208496094,44.812599182128906,45.72760772705078,25.029146194458008,1057300
TRI.TO,2011-01-27,45.92204666137695,45.92204666137695,45.144290924072266,45.327293395996094,24.81003189086914,547317
TRI.TO,2011-01-28,45.28153991699219,45.6017951965332,44.618160247802734,45.041351318359375,24.653518676757812,500891
TRI.TO,2011-01-31,45.1786003112793,46.31092834472656,45.12141418457031,45.750484466552734,25.041664123535156,1042525
TRI.TO,2011-02-01,46.10504913330078,46.48249053955078,45.6017951965332,46.34524154663086,25.367212295532227,857696
TRI.TO,2011-02-02,46.322364807128906,46.91712188720703,46.322364807128906,46.83705520629883,25.636404037475586,592868
TRI.TO,2011-02-03,47.454689025878906,47.454689025878906,46.7341194152832,46.89424514770508,25.667707443237305,1019355
TRI.TO,2011-02-04,47.05437088012695,47.534751892089844,46.608306884765625,47.454689025878906,25.974464416503906,439165
TRI.TO,2011-02-07,47.580501556396484,47.591941833496094,46.84849548339844,46.84849548339844,25.642667770385742,922657
TRI.TO,2011-02-08,47.04293441772461,47.305999755859375,46.8027458190918,47.203060150146484,25.836729049682617,1010437
TRI.TO,2011-02-09,47.12299728393555,47.1801872253418,46.90568161010742,46.96287155151367,25.70526695251465,552125
TRI.TO,2011-02-10,46.09361267089844,46.379554748535156,45.315853118896484,45.704734802246094,25.016620635986328,2125442
TRI.TO,2011-02-11,45.71617126464844,45.85342025756836,45.12141418457031,45.23579025268555,24.75994873046875,788626
TRI.TO,2011-02-14,45.44166946411133,45.44166946411133,45.07566452026367,45.1786003112793,24.7286434173584,1059836
TRI.TO,2011-02-15,45.35016632080078,45.35016632080078,44.96128845214844,45.15572738647461,24.716135025024414,1060186
TRI.TO,2011-02-16,45.23579025268555,45.39591598510742,44.85834884643555,44.9155387878418,24.58465576171875,1087639
TRI.TO,2011-02-17,44.721099853515625,44.96128845214844,44.58384704589844,44.69822311401367,24.65911102294922,689566
TRI.TO,2011-02-18,44.8469123840332,44.8469123840332,44.275028228759766,44.73253631591797,24.678043365478516,759424
TRI.TO,2011-02-22,44.663909912109375,44.74397277832031,44.1263427734375,44.332218170166016,24.457183837890625,658529
TRI.TO,2011-02-23,44.44659423828125,44.58384704589844,43.817527770996094,43.863277435302734,24.198488235473633,757937
TRI.TO,2011-02-24,43.84040069580078,44.10346603393555,43.64596176147461,43.73746109008789,24.129079818725586,723315
TRI.TO,2011-02-25,43.88615036010742,44.000526428222656,43.6688346862793,43.92046356201172,24.230037689208984,701020
TRI.TO,2011-02-28,43.92046356201172,44.011966705322266,43.72602462768555,43.82896423339844,24.17955780029297,991465
TRI.TO,2011-03-01,43.77177429199219,44.011966705322266,43.46295928955078,43.49727249145508,23.9965763092041,574158
TRI.TO,2011-03-02,43.61164855957031,43.61164855957031,43.31427001953125,43.41720962524414,23.952402114868164,489175
TRI.TO,2011-03-03,43.44008255004883,43.82896423339844,43.34858322143555,43.58877182006836,24.047048568725586,679162
TRI.TO,2011-03-04,43.46295928955078,43.84040069580078,43.46295928955078,43.72602462768555,24.122766494750977,467842
TRI.TO,2011-03-07,44.000526428222656,44.000526428222656,43.34858322143555,43.531585693359375,24.0154972076416,510945
TRI.TO,2011-03-08,43.863277435302734,44.21784210205078,43.50870895385742,43.72602462768555,24.122766494750977,816341
TRI.TO,2011-03-09,43.851837158203125,44.435157775878906,43.58877182006836,43.760337829589844,24.141700744628906,1240730
TRI.TO,2011-03-10,43.69171142578125,44.14921569824219,43.17701721191406,43.7489013671875,24.135391235351562,582551
TRI.TO,2011-03-11,43.7145881652832,43.97765350341797,43.21133041381836,43.531585693359375,24.0154972076416,816341
TRI.TO,2011-03-14,43.245643615722656,44.52665710449219,43.23420715332031,44.40084457397461,24.495052337646484,660365
TRI.TO,2011-03-15,43.39433288574219,43.87471389770508,43.0283317565918,43.302833557128906,23.889310836791992,1093497
TRI.TO,2011-03-16,43.11983108520508,43.36001968383789,42.75382614135742,42.97114181518555,23.706314086914062,1934493
TRI.TO,2011-03-17,43.01689147949219,43.11983108520508,42.63945007324219,42.79957580566406,23.61166763305664,840472
TRI.TO,2011-03-18,42.79957580566406,42.91395568847656,42.547950744628906,42.75382614135742,23.5864315032959,1734014
TRI.TO,2011-03-21,42.85676574707031,43.0283317565918,42.730953216552734,42.776702880859375,23.599042892456055,517765
TRI.TO,2011-03-22,42.879642486572266,43.34858322143555,42.78813934326172,43.154144287109375,23.80727767944336,1149452
TRI.TO,2011-03-23,43.11983108520508,43.2913932800293,42.78813934326172,43.245643615722656,23.857755661010742,804625
TRI.TO,2011-03-24,43.199893951416016,43.45152282714844,42.91395568847656,43.0283317565918,23.737878799438477,616649
TRI.TO,2011-03-25,43.005455017089844,43.87471389770508,43.005455017089844,43.474395751953125,23.983951568603516,877105
TRI.TO,2011-03-28,43.49727249145508,43.77177429199219,43.13126754760742,43.13126754760742,23.79465675354004,495120
TRI.TO,2011-03-29,43.3371467590332,43.6688346862793,43.16558074951172,43.485836029052734,23.990249633789062,503864
TRI.TO,2011-03-30,43.520145416259766,43.96621322631836,43.245643615722656,43.88615036010742,24.211105346679688,479121
TRI.TO,2011-03-31,44.03483963012695,44.03483963012695,43.45152282714844,43.520145416259766,24.00918960571289,621895
TRI.TO,2011-04-01,43.44008255004883,43.56589889526367,43.199893951416016,43.46295928955078,23.977636337280273,1213539
TRI.TO,2011-04-04,43.60021209716797,43.69171142578125,43.245643615722656,43.2913932800293,23.882993698120117,485153
TRI.TO,2011-04-05,43.40576934814453,43.806087493896484,43.17701721191406,43.6688346862793,24.091222763061523,553437
TRI.TO,2011-04-06,43.863277435302734,43.863277435302734,43.17701721191406,43.680274963378906,24.09752082824707,672343
TRI.TO,2011-04-07,43.72602462768555,43.72602462768555,43.41720962524414,43.41720962524414,23.952402114868164,426400
TRI.TO,2011-04-08,43.41720962524414,43.72602462768555,43.26852035522461,43.72602462768555,24.122766494750977,408039
TRI.TO,2011-04-11,43.55445861816406,43.72602462768555,43.382896423339844,43.485836029052734,23.990249633789062,624868
TRI.TO,2011-04-12,43.257083892822266,43.56589889526367,43.22277069091797,43.257083892822266,23.864065170288086,894679
TRI.TO,2011-04-13,43.23420715332031,43.7489013671875,43.17701721191406,43.45152282714844,23.97133445739746,396499
TRI.TO,2011-04-14,43.31427001953125,43.61164855957031,43.23420715332031,43.474395751953125,23.983951568603516,838024
TRI.TO,2011-04-15,43.2913932800293,43.65739822387695,43.257083892822266,43.49727249145508,23.9965763092041,604584
TRI.TO,2011-04-18,43.61164855957031,44.20640563964844,43.2913932800293,43.89759063720703,24.217430114746094,852800
TRI.TO,2011-04-19,43.7832145690918,45.06422424316406,43.58877182006836,44.721099853515625,24.671735763549805,940405
TRI.TO,2011-04-20,45.09853744506836,45.10997772216797,44.67534637451172,44.892662048339844,24.766376495361328,382160
TRI.TO,2011-04-21,44.938411712646484,44.94984817504883,44.5037841796875,44.69822311401367,24.65911102294922,315975
TRI.TO,2011-04-25,44.721099853515625,44.80116271972656,44.515220642089844,44.64103317260742,24.627553939819336,352696
TRI.TO,2011-04-26,44.85834884643555,45.01847457885742,44.69822311401367,44.892662048339844,24.766376495361328,426138
TRI.TO,2011-04-27,44.892662048339844,44.96128845214844,44.59528350830078,44.755409240722656,24.690656661987305,556060
TRI.TO,2011-04-28,44.1263427734375,44.137779235839844,43.23420715332031,43.58877182006836,24.047048568725586,873433
TRI.TO,2011-04-29,43.634525299072266,43.92046356201172,43.41720962524414,43.87471389770508,24.204797744750977,874308
TRI.TO,2011-05-02,43.87471389770508,44.49234390258789,43.64596176147461,43.863277435302734,24.198488235473633,436192
TRI.TO,2011-05-03,43.60021209716797,43.79465103149414,43.005455017089844,43.3371467590332,23.908239364624023,597764
TRI.TO,2011-05-04,43.23420715332031,43.65739822387695,43.0283317565918,43.64596176147461,24.078601837158203,544519
TRI.TO,2011-05-05,43.31427001953125,43.73746109008789,43.11983108520508,43.44008255004883,23.965028762817383,511557
TRI.TO,2011-05-06,43.41720962524414,43.7489013671875,43.34858322143555,43.58877182006836,24.047048568725586,583513
TRI.TO,2011-05-09,43.64596176147461,43.69171142578125,43.21133041381836,43.46295928955078,23.977636337280273,1974099
TRI.TO,2011-05-10,43.634525299072266,43.634525299072266,43.302833557128906,43.41720962524414,23.952402114868164,247429
TRI.TO,2011-05-11,43.34858322143555,43.46295928955078,42.98257827758789,43.11983108520508,23.788349151611328,504913
TRI.TO,2011-05-12,42.90251541137695,43.257083892822266,42.89107894897461,43.17701721191406,23.819902420043945,800866
TRI.TO,2011-05-13,43.154144287109375,43.428646087646484,42.879642486572266,43.21133041381836,23.838821411132812,772014
TRI.TO,2011-05-16,43.39433288574219,43.40576934814453,42.93682861328125,43.27995681762695,23.87668228149414,874308
TRI.TO,2011-05-17,42.98257827758789,43.26852035522461,42.75382614135742,43.07408142089844,23.95874786376953,1691698
TRI.TO,2011-05-18,43.22277069091797,43.23420715332031,42.93682861328125,43.08551788330078,23.96511459350586,295866
TRI.TO,2011-05-19,43.08551788330078,43.08551788330078,42.65088653564453,42.93682861328125,23.882402420043945,591731
TRI.TO,2011-05-20,42.75382614135742,43.03976821899414,42.70807647705078,42.776702880859375,23.7933349609375,423864
TRI.TO,2011-05-24,42.60513687133789,42.765262603759766,42.30775833129883,42.55938720703125,23.672466278076172,441525
TRI.TO,2011-05-25,42.36494827270508,42.78813934326172,42.353511810302734,42.75382614135742,23.780622482299805,496607
TRI.TO,2011-05-26,42.70807647705078,43.257083892822266,42.59370040893555,43.21133041381836,24.03508758544922,362138
TRI.TO,2011-05-27,43.36001968383789,43.60021209716797,43.257083892822266,43.36001968383789,24.1177978515625,874308
TRI.TO,2011-05-30,43.34858322143555,43.73746109008789,43.22277069091797,43.50870895385742,24.200504302978516,127736
TRI.TO,2011-05-31,43.69171142578125,43.703147888183594,42.84532928466797,43.16558074951172,24.009647369384766,1856942
TRI.TO,2011-06-01,43.154144287109375,43.154144287109375,42.37638473510742,42.37638473510742,23.570676803588867,556497
TRI.TO,2011-06-02,42.37638473510742,42.81101608276367,42.37638473510742,42.52507400512695,23.65338897705078,525459
TRI.TO,2011-06-03,42.31919860839844,42.47932434082031,42.09044647216797,42.399261474609375,23.583404541015625,549065
TRI.TO,2011-06-06,42.399261474609375,42.51363754272461,42.09044647216797,42.250572204589844,23.50069808959961,572409
TRI.TO,2011-06-07,42.124759674072266,42.490760803222656,41.90744400024414,42.03325653076172,23.379825592041016,608518
TRI.TO,2011-06-08,41.690128326416016,41.964630126953125,41.644378662109375,41.95319366455078,23.335290908813477,717457
TRI.TO,2011-06-09,41.90744400024414,41.99894332885742,41.690128326416016,41.80450439453125,23.252580642700195,431209
TRI.TO,2011-06-10,41.747314453125,41.8273811340332,41.061058044433594,41.23262405395508,22.934490203857422,345177
TRI.TO,2011-06-13,40.96955871582031,41.42706298828125,40.94668197631836,40.992431640625,22.8008975982666,385307
TRI.TO,2011-06-14,41.163997650146484,41.541439056396484,41.061058044433594,41.541439056396484,23.106264114379883,785041
TRI.TO,2011-06-15,41.12968444824219,41.51856231689453,41.0724983215332,41.14112091064453,22.88359832763672,390990
TRI.TO,2011-06-16,41.14112091064453,41.67869186401367,41.14112091064453,41.4499397277832,23.055376052856445,2375931
TRI.TO,2011-06-17,41.541439056396484,41.85025405883789,41.4499397277832,41.47281265258789,23.068090438842773,982984
TRI.TO,2011-06-20,41.484249114990234,41.65581512451172,41.23262405395508,41.484249114990234,23.074464797973633,294467
TRI.TO,2011-06-21,41.7130012512207,41.7130012512207,41.14112091064453,41.221187591552734,22.92812728881836,658878
TRI.TO,2011-06-22,41.0724983215332,41.4041862487793,41.038185119628906,41.04962158203125,22.832700729370117,907969
TRI.TO,2011-06-23,40.71792984008789,40.86661911010742,40.351924896240234,40.603553771972656,22.5845890045166,627053
TRI.TO,2011-06-24,40.614990234375,40.889495849609375,40.47774124145508,40.58068084716797,22.571866989135742,551338
TRI.TO,2011-06-27,40.58068084716797,41.32412338256836,40.454864501953125,41.23262405395508,22.934490203857422,575032
TRI.TO,2011-06-28,41.23262405395508,41.42706298828125,41.038185119628906,41.12968444824219,22.87723731994629,520738
TRI.TO,2011-06-29,41.28981018066406,41.33556365966797,40.91236877441406,41.163997650146484,22.89632225036621,459886
TRI.TO,2011-06-30,41.14112091064453,41.46137619018555,41.118247985839844,41.415626525878906,23.036285400390625,820363
TRI.TO,2011-07-04,41.415626525878906,41.55287551879883,41.061058044433594,41.28981018066406,22.9663028717041,178184
TRI.TO,2011-07-05,41.42706298828125,41.51856231689453,41.12968444824219,41.12968444824219,22.87723731994629,554486
TRI.TO,2011-07-06,41.358436584472656,41.39274978637695,40.96955871582031,40.992431640625,22.8008975982666,1001345
TRI.TO,2011-07-07,40.992431640625,41.118247985839844,40.63786697387695,40.75224304199219,22.667299270629883,1224730
TRI.TO,2011-07-08,40.76367950439453,40.80942916870117,40.54636764526367,40.729366302490234,22.654569625854492,518290
TRI.TO,2011-07-11,40.75224304199219,40.75224304199219,40.14604949951172,40.363365173339844,22.45099449157715,957542
TRI.TO,2011-07-12,40.15748596191406,40.44342803955078,40.14604949951172,40.32905197143555,22.431907653808594,688342
TRI.TO,2011-07-13,40.14604949951172,40.500614166259766,40.14604949951172,40.2032356262207,22.361927032470703,571098
TRI.TO,2011-07-14,40.237548828125,40.38623809814453,39.66566848754883,39.757171630859375,22.113801956176758,605458
TRI.TO,2011-07-15,39.802921295166016,39.802921295166016,38.853599548339844,39.11666488647461,21.75754165649414,1237233
TRI.TO,2011-07-18,39.11666488647461,39.18528747558594,38.65916061401367,38.796409606933594,21.579416275024414,1113955
TRI.TO,2011-07-19,38.88791275024414,39.35685348510742,38.73922348022461,39.35685348510742,21.89115333557129,956230
TRI.TO,2011-07-20,39.471229553222656,39.471229553222656,39.08235168457031,39.231040954589844,21.821170806884766,2263495
TRI.TO,2011-07-21,39.33397674560547,39.64279556274414,39.01372528076172,39.57416915893555,22.01202392578125,993476
TRI.TO,2011-07-22,39.173851013183594,39.368289947509766,38.30459213256836,38.613407135009766,21.477628707885742,1587043
TRI.TO,2011-07-25,38.17877960205078,38.338905334472656,37.69839859008789,37.89283752441406,21.07682991027832,1223506
TRI.TO,2011-07-26,37.721275329589844,37.74414825439453,37.1837043762207,37.1837043762207,20.682390213012695,1119726
TRI.TO,2011-07-27,36.89776611328125,37.12651824951172,36.48601150512695,36.52032470703125,20.31340980529785,1235572
TRI.TO,2011-07-28,37.54970932006836,38.087276458740234,37.45820617675781,37.858524322509766,21.0577392578125,1098655
TRI.TO,2011-07-29,37.90427780151367,37.90427780151367,37.332393646240234,37.584022521972656,20.905057907104492,930526
TRI.TO,2011-08-02,37.74414825439453,37.74414825439453,36.577510833740234,36.65757369995117,20.38974952697754,1017519
TRI.TO,2011-08-03,36.50888442993164,36.54319763183594,35.651065826416016,36.33732223510742,20.21161460876465,2114426
TRI.TO,2011-08-04,36.257259368896484,36.257259368896484,35.10205841064453,35.14780807495117,19.54998207092285,1338128
TRI.TO,2011-08-05,35.456626892089844,35.62818908691406,34.47298812866211,35.113494873046875,19.53089714050293,1753424
TRI.TO,2011-08-08,34.312862396240234,34.70174026489258,33.432167053222656,33.603729248046875,18.691137313842773,1846625
TRI.TO,2011-08-09,33.52366638183594,34.644554138183594,32.906036376953125,34.587364196777344,19.238256454467773,2867467
TRI.TO,2011-08-10,34.07267379760742,34.9190559387207,33.87823486328125,34.370052337646484,19.117382049560547,1492094
TRI.TO,2011-08-11,34.47298812866211,35.81119155883789,34.25567626953125,35.81119155883789,19.918970108032227,1460618
TRI.TO,2011-08-12,36.0513801574707,36.0513801574707,35.30793762207031,35.78831481933594,19.906251907348633,735380
TRI.TO,2011-08-15,35.879817962646484,36.16575622558594,35.76544189453125,35.99419403076172,20.020761489868164,1530213
TRI.TO,2011-08-16,35.456626892089844,35.708251953125,35.20499801635742,35.23931121826172,19.79524803161621,879641
TRI.TO,2011-08-17,35.2964973449707,35.89125442504883,35.10205841064453,35.10205841064453,19.71814727783203,1469624
TRI.TO,2011-08-18,34.32429885864258,34.953369140625,34.00404739379883,34.40436553955078,19.32622528076172,1228315
TRI.TO,2011-08-19,33.752418518066406,34.518741607666016,33.4092903137207,33.4092903137207,18.767255783081055,1774495
TRI.TO,2011-08-22,34.00404739379883,34.026920318603516,33.4092903137207,33.48935317993164,18.81223487854004,792298
TRI.TO,2011-08-23,33.48935317993164,34.575927734375,33.31779098510742,34.575927734375,19.42259979248047,4021203
TRI.TO,2011-08-24,34.575927734375,34.6102409362793,34.11842346191406,34.312862396240234,19.274826049804688,1077497
TRI.TO,2011-08-25,34.370052337646484,34.415802001953125,33.557979583740234,33.62660598754883,18.889333724975586,975815
TRI.TO,2011-08-26,33.455039978027344,34.01548385620117,32.951786041259766,33.7867317199707,18.97928237915039,1680332
TRI.TO,2011-08-29,34.267112731933594,34.42723846435547,33.95829772949219,34.39292526245117,19.319805145263672,818527
TRI.TO,2011-08-30,34.370052337646484,34.370052337646484,33.77529525756836,34.10698318481445,19.159177780151367,782331
TRI.TO,2011-08-31,34.415802001953125,34.87330627441406,34.10698318481445,34.644554138183594,19.461151123046875,1433777
TRI.TO,2011-09-01,34.747493743896484,34.86186981201172,34.267112731933594,34.370052337646484,19.30695343017578,1239156
TRI.TO,2011-09-02,33.87823486328125,34.267112731933594,33.63804244995117,33.63804244995117,18.895751953125,1615895
TRI.TO,2011-09-06,32.94034957885742,33.0318489074707,31.922399520874023,32.700157165527344,18.368911743164062,1693796
TRI.TO,2011-09-07,33.16910171508789,33.46648025512695,32.94034957885742,33.455039978027344,18.79294776916504,1094021
TRI.TO,2011-09-08,33.15766143798828,33.53510284423828,33.04328536987305,33.180538177490234,18.638751983642578,889433
TRI.TO,2011-09-09,32.92890930175781,33.077598571777344,32.26552963256836,32.311279296875,18.150463104248047,1170261
TRI.TO,2011-09-12,32.02533721923828,32.26552963256836,31.910961151123047,32.18546676635742,18.079788208007812,1451438
TRI.TO,2011-09-13,32.105403900146484,32.7230339050293,32.105403900146484,32.49428176879883,18.253263473510742,2304675
TRI.TO,2011-09-14,32.63153076171875,33.48935317993164,32.3455924987793,33.21485137939453,18.65804100036621,1055027
TRI.TO,2011-09-15,33.59229278564453,33.92398452758789,33.29491424560547,33.67235565185547,18.915023803710938,829718
TRI.TO,2011-09-16,33.8553581237793,34.14129638671875,33.4092903137207,33.59229278564453,18.870059967041016,2024022
TRI.TO,2011-09-19,32.87172317504883,33.48935317993164,32.87172317504883,33.283477783203125,18.69658851623535,1019967
TRI.TO,2011-09-20,33.19197463989258,34.129859924316406,33.19197463989258,33.58085632324219,18.863632202148438,691752
TRI.TO,2011-09-21,33.615169525146484,33.96973419189453,33.04328536987305,33.11191177368164,18.600208282470703,743424
TRI.TO,2011-09-22,32.60865783691406,32.91747283935547,32.01390075683594,32.196903228759766,18.08620834350586,1670015
TRI.TO,2011-09-23,31.80802345275879,32.78022003173828,31.80802345275879,32.6544075012207,18.343210220336914,1952854
TRI.TO,2011-09-26,32.63153076171875,33.134788513183594,32.17402648925781,33.134788513183594,18.613065719604492,1243266
TRI.TO,2011-09-27,33.443603515625,33.660919189453125,32.98609924316406,33.0318489074707,18.555234909057617,1007552
TRI.TO,2011-09-28,33.1004753112793,33.512229919433594,32.74591064453125,32.87172317504883,18.465286254882812,877980
TRI.TO,2011-09-29,33.16910171508789,33.272037506103516,32.33415222167969,32.87172317504883,18.465286254882812,665086
TRI.TO,2011-09-30,32.78022003173828,33.02041244506836,32.242652893066406,32.48284149169922,18.246835708618164,874308
TRI.TO,2011-10-03,32.02533721923828,32.41421890258789,31.659334182739258,31.80802345275879,17.867769241333008,1308576
TRI.TO,2011-10-04,31.51064682006836,32.48284149169922,31.51064682006836,32.48284149169922,18.246835708618164,3409800
TRI.TO,2011-10-05,32.471405029296875,32.71159744262695,32.02533721923828,32.59721755981445,18.31108283996582,1049169
TRI.TO,2011-10-06,32.528594970703125,33.603729248046875,32.44852828979492,33.603729248046875,18.87647819519043,1224031
TRI.TO,2011-10-07,33.603729248046875,33.7867317199707,33.30635070800781,33.36354064941406,18.74156379699707,1311462
TRI.TO,2011-10-11,33.660919189453125,33.821044921875,33.329227447509766,33.443603515625,18.78652572631836,1136600
TRI.TO,2011-10-12,33.96973419189453,33.981170654296875,33.374977111816406,33.557979583740234,18.85078239440918,842833
TRI.TO,2011-10-13,33.69523239135742,33.69523239135742,32.848846435546875,33.066162109375,18.574506759643555,592781
TRI.TO,2011-10-14,33.180538177490234,33.20341110229492,32.83740997314453,32.91747283935547,18.490985870361328,649611
TRI.TO,2011-10-17,32.94034957885742,32.96322250366211,32.39134216308594,32.48284149169922,18.246835708618164,580540
TRI.TO,2011-10-18,32.25408935546875,32.56290817260742,32.105403900146484,32.517154693603516,18.2661075592041,787227
TRI.TO,2011-10-19,32.33415222167969,32.620094299316406,32.02533721923828,32.242652893066406,18.11191177368164,632124
TRI.TO,2011-10-20,32.21977615356445,32.83740997314453,32.21977615356445,32.74591064453125,18.394609451293945,994000
TRI.TO,2011-10-21,33.066162109375,33.180538177490234,32.803096771240234,33.180538177490234,18.638751983642578,569087
TRI.TO,2011-10-24,33.30635070800781,33.512229919433594,33.1004753112793,33.512229919433594,18.825077056884766,1182938
TRI.TO,2011-10-25,33.72954559326172,33.72954559326172,33.15766143798828,33.226287841796875,18.66445541381836,1193343
TRI.TO,2011-10-26,33.226287841796875,33.53510284423828,33.19197463989258,33.512229919433594,18.825077056884766,1793817
TRI.TO,2011-10-27,34.026920318603516,34.575927734375,33.8553581237793,34.415802001953125,19.332653045654297,2422794
TRI.TO,2011-10-28,34.45011520385742,34.587364196777344,34.17560958862305,34.38148880004883,19.313369750976562,975290
TRI.TO,2011-10-31,34.026920318603516,34.461551666259766,33.72954559326172,33.72954559326172,18.947153091430664,758112
TRI.TO,2011-11-01,32.88315963745117,34.33573913574219,32.82597351074219,33.96973419189453,19.082082748413086,1646147
TRI.TO,2011-11-02,33.96973419189453,34.2327995300293,33.443603515625,33.512229919433594,18.825077056884766,1657163
TRI.TO,2011-11-03,33.87823486328125,33.90110778808594,33.512229919433594,33.90110778808594,19.043527603149414,1366456
TRI.TO,2011-11-04,34.00404739379883,34.038360595703125,33.4779167175293,33.63804244995117,18.895751953125,1010612
TRI.TO,2011-11-07,33.752418518066406,34.27854919433594,33.54654312133789,34.27854919433594,19.255552291870117,749981
TRI.TO,2011-11-08,34.65599060058594,34.77036666870117,34.24423599243164,34.67886734008789,19.480430603027344,495558
TRI.TO,2011-11-09,34.30142593383789,34.30142593383789,33.72954559326172,33.74098205566406,18.95357322692871,637720
TRI.TO,2011-11-10,33.77529525756836,34.312862396240234,33.69523239135742,33.94685745239258,19.06922721862793,891094
TRI.TO,2011-11-11,34.17560958862305,34.28998565673828,33.90110778808594,34.038360595703125,19.120624542236328,815554
TRI.TO,2011-11-14,34.30142593383789,34.40436553955078,33.77529525756836,34.084110260009766,19.146326065063477,961738
TRI.TO,2011-11-15,33.67235565185547,33.94685745239258,33.56941604614258,33.603729248046875,19.074264526367188,616999
TRI.TO,2011-11-16,33.29491424560547,33.432167053222656,32.83740997314453,32.91747283935547,18.68473243713379,2448062
TRI.TO,2011-11-17,32.92890930175781,32.97466278076172,32.21977615356445,32.41421890258789,18.39906883239746,883575
TRI.TO,2011-11-18,32.54003143310547,32.59721755981445,31.933837890625,31.968149185180664,18.145870208740234,766768
TRI.TO,2011-11-21,31.76227378845215,31.95671272277832,31.53352165222168,31.76227378845215,18.029003143310547,1621928
TRI.TO,2011-11-22,31.76227378845215,31.945274353027344,31.487770080566406,31.647897720336914,17.964088439941406,665173
TRI.TO,2011-11-23,31.35051918029785,31.53352165222168,30.927326202392578,31.316205978393555,17.775814056396484,1663808
TRI.TO,2011-11-24,31.556396484375,31.556396484375,30.424072265625,30.881576538085938,17.52910804748535,304084
TRI.TO,2011-11-25,30.62994956970215,31.57927131652832,30.62994956970215,31.442020416259766,17.84722328186035,840472
TRI.TO,2011-11-28,31.442020416259766,31.613584518432617,31.178955078125,31.40770721435547,17.827743530273438,546180
TRI.TO,2011-11-29,31.339080810546875,31.45345687866211,30.263944625854492,30.927326202392578,17.55507469177246,3074853
TRI.TO,2011-11-30,31.281892776489258,31.625022888183594,31.259017944335938,31.57927131652832,17.925134658813477,1049432
TRI.TO,2011-12-01,31.95671272277832,31.95671272277832,31.110328674316406,31.133203506469727,17.67193603515625,843182
TRI.TO,2011-12-02,31.373394012451172,31.625022888183594,30.481260299682617,30.687137603759766,17.418733596801758,1061847
TRI.TO,2011-12-05,30.767200469970703,31.464895248413086,30.767200469970703,31.38483238220215,17.814762115478516,567601
TRI.TO,2011-12-06,31.236143112182617,31.373394012451172,30.77863883972168,30.87013816833496,17.52260971069336,887685
TRI.TO,2011-12-07,30.893014907836914,31.190391540527344,30.435508728027344,31.167516708374023,17.69141387939453,1051005
TRI.TO,2011-12-08,31.05314064025879,31.339080810546875,30.801513671875,30.893014907836914,17.535594940185547,774637
TRI.TO,2011-12-09,30.790075302124023,31.464895248413086,30.790075302124023,31.24757957458496,17.73685646057129,892056
TRI.TO,2011-12-12,30.904451370239258,31.35051918029785,30.893014907836914,31.35051918029785,17.795289993286133,1398892
TRI.TO,2011-12-13,31.304767608642578,31.796585083007812,31.05314064025879,31.178955078125,17.69790267944336,1486323
TRI.TO,2011-12-14,30.995952606201172,31.373394012451172,30.82438850402832,31.156078338623047,17.684917449951172,1442695
TRI.TO,2011-12-15,31.22470474243164,31.293331146240234,30.755762100219727,30.904451370239258,17.542089462280273,1136600
TRI.TO,2011-12-16,30.938764572143555,31.167516708374023,30.538448333740234,30.538448333740234,17.334339141845703,2025946
TRI.TO,2011-12-19,30.538448333740234,30.767200469970703,30.012317657470703,30.149568557739258,17.11359977722168,1602169
TRI.TO,2011-12-20,30.1953182220459,30.29825782775879,29.886503219604492,29.978004455566406,17.016216278076172,1399329
TRI.TO,2011-12-21,29.852190017700195,30.172443389892578,29.852190017700195,30.172443389892578,17.126585006713867,1354827
TRI.TO,2011-12-22,30.149568557739258,30.664262771606445,30.012317657470703,30.607072830200195,17.373291015625,1108447
TRI.TO,2011-12-23,30.549884796142578,31.05314064025879,30.549884796142578,30.801513671875,17.483661651611328,1085715
TRI.TO,2011-12-28,30.82438850402832,30.82438850402832,30.309694290161133,30.424072265625,17.269411087036133,250402
TRI.TO,2011-12-29,30.561323165893555,30.87013816833496,30.51557159423828,30.835826873779297,17.503137588500977,181856
TRI.TO,2011-12-30,30.84726333618164,31.339080810546875,30.82438850402832,31.144641876220703,17.67842674255371,387581
TRI.TO,2012-01-03,31.567834854125977,31.78514862060547,30.984514236450195,31.293331146240234,17.7628231048584,583163
TRI.TO,2012-01-04,31.43058204650879,31.53352165222168,31.190391540527344,31.293331146240234,17.7628231048584,699708
TRI.TO,2012-01-05,31.293331146240234,31.45345687866211,31.018827438354492,31.396268844604492,17.821264266967773,602048
TRI.TO,2012-01-06,31.293331146240234,32.08252716064453,31.281892776489258,31.68221092224121,17.983566284179688,477984
TRI.TO,2012-01-09,31.85377311706543,32.26552963256836,31.68221092224121,32.18546676635742,18.269222259521484,1093409
TRI.TO,2012-01-10,32.26552963256836,32.50571823120117,32.21977615356445,32.44852828979492,18.418546676635742,844406
TRI.TO,2012-01-11,32.44852828979492,32.60865783691406,32.20833969116211,32.49428176879883,18.444515228271484,1748615
TRI.TO,2012-01-12,32.41421890258789,32.88315963745117,32.41421890258789,32.82597351074219,18.632789611816406,813718
TRI.TO,2012-01-13,32.71159744262695,32.848846435546875,32.44852828979492,32.66584396362305,18.541898727416992,1972088
TRI.TO,2012-01-16,32.87172317504883,32.98609924316406,32.368465423583984,32.59721755981445,18.50293731689453,343428
TRI.TO,2012-01-17,32.59721755981445,33.374977111816406,32.517154693603516,33.272037506103516,18.885984420776367,1952067
TRI.TO,2012-01-18,33.329227447509766,33.64948272705078,32.803096771240234,32.860286712646484,18.65226936340332,1446280
TRI.TO,2012-01-19,33.23772430419922,33.48935317993164,32.97466278076172,33.35210037231445,18.931432723999023,962263
TRI.TO,2012-01-20,33.48935317993164,33.48935317993164,33.21485137939453,33.432167053222656,18.976884841918945,2376193
TRI.TO,2012-01-23,33.34066390991211,33.53510284423828,33.23772430419922,33.39785385131836,18.95740509033203,376914
TRI.TO,2012-01-24,33.30635070800781,33.706668853759766,32.997535705566406,33.0318489074707,18.749650955200195,544694
TRI.TO,2012-01-25,33.1004753112793,33.226287841796875,32.860286712646484,33.054725646972656,18.76263427734375,569874
TRI.TO,2012-01-26,32.91747283935547,32.91747283935547,31.85377311706543,31.95671272277832,18.139375686645508,1792156
TRI.TO,2012-01-27,31.83089828491211,32.08252716064453,31.522083282470703,31.796585083007812,18.048484802246094,1840680
TRI.TO,2012-01-30,31.68221092224121,31.888086318969727,31.544958114624023,31.796585083007812,18.048484802246094,509459
TRI.TO,2012-01-31,31.933837890625,31.933837890625,31.144641876220703,31.499208450317383,17.87968635559082,1559328
TRI.TO,2012-02-01,31.51064682006836,31.78514862060547,31.45345687866211,31.53352165222168,17.899158477783203,5292971
TRI.TO,2012-02-02,31.68221092224121,31.910961151123047,31.178955078125,31.178955078125,17.69790267944336,1320817
TRI.TO,2012-02-03,31.24757957458496,31.487770080566406,30.995952606201172,31.09889030456543,17.6524600982666,3112798
TRI.TO,2012-02-06,31.133203506469727,31.32764434814453,30.95020294189453,31.304767608642578,17.769309997558594,1166239
TRI.TO,2012-02-07,31.281892776489258,31.339080810546875,30.858701705932617,31.110328674316406,17.658946990966797,1083792
TRI.TO,2012-02-08,31.12176513671875,31.693647384643555,31.05314064025879,31.68221092224121,17.983566284179688,1050218
TRI.TO,2012-02-09,31.167516708374023,31.544958114624023,31.087453842163086,31.293331146240234,17.7628231048584,1558104
TRI.TO,2012-02-10,30.927326202392578,30.95020294189453,30.275381088256836,30.49269676208496,17.30837059020996,2739206
TRI.TO,2012-02-13,30.65282440185547,30.97307777404785,30.44694709777832,30.858701705932617,17.51612091064453,895379
TRI.TO,2012-02-14,30.858701705932617,30.881576538085938,30.481260299682617,30.82438850402832,17.496641159057617,844669
TRI.TO,2012-02-15,30.97307777404785,30.995952606201172,30.721450805664062,30.801513671875,17.483661651611328,771227
TRI.TO,2012-02-16,30.881576538085938,31.293331146240234,30.687137603759766,31.27045440673828,17.74984359741211,1797489
TRI.TO,2012-02-17,30.984514236450195,31.018827438354492,30.767200469970703,30.87013816833496,17.729476928710938,1089912
TRI.TO,2012-02-21,30.87013816833496,31.750835418701172,30.858701705932617,31.647897720336914,18.176162719726562,1188184
TRI.TO,2012-02-22,31.647897720336914,32.677284240722656,31.613584518432617,32.40277862548828,18.609708786010742,2302489
TRI.TO,2012-02-23,32.368465423583984,32.677284240722656,32.11684036254883,32.6544075012207,18.754230499267578,780844
TRI.TO,2012-02-24,32.59721755981445,32.71159744262695,32.54003143310547,32.63153076171875,18.7410888671875,610004
TRI.TO,2012-02-27,32.55146789550781,33.054725646972656,32.43709182739258,32.83740997314453,18.85932731628418,476410
TRI.TO,2012-02-28,32.906036376953125,33.02041244506836,32.59721755981445,32.757347106933594,18.813352584838867,1135026
TRI.TO,2012-02-29,32.83740997314453,33.04328536987305,32.66584396362305,32.83740997314453,18.85932731628418,3474936
TRI.TO,2012-03-01,32.66584396362305,32.803096771240234,32.21977615356445,32.59721755981445,18.721384048461914,898001
TRI.TO,2012-03-02,32.688720703125,32.906036376953125,32.48284149169922,32.848846435546875,18.86589241027832,961564
TRI.TO,2012-03-05,32.60865783691406,33.16910171508789,32.60865783691406,33.08903884887695,19.003847122192383,2413964
TRI.TO,2012-03-06,32.88315963745117,33.16910171508789,32.41421890258789,32.41421890258789,18.616283416748047,3241321
TRI.TO,2012-03-07,32.425655364990234,32.79166030883789,32.25408935546875,32.59721755981445,18.721384048461914,814767
TRI.TO,2012-03-08,32.574344635009766,32.74591064453125,32.379905700683594,32.54003143310547,18.688541412353516,562355
TRI.TO,2012-03-09,32.41421890258789,32.7230339050293,32.33415222167969,32.56290817260742,18.70168113708496,419056
TRI.TO,2012-03-12,32.6544075012207,33.123348236083984,32.58578109741211,33.077598571777344,18.99728012084961,926067
TRI.TO,2012-03-13,33.11191177368164,33.29491424560547,32.848846435546875,33.29491424560547,19.122089385986328,414859
TRI.TO,2012-03-14,33.226287841796875,33.329227447509766,32.49428176879883,32.71159744262695,18.787071228027344,710550
TRI.TO,2012-03-15,32.74591064453125,33.077598571777344,32.6544075012207,33.077598571777344,18.99728012084961,3607219
TRI.TO,2012-03-16,33.1004753112793,33.54654312133789,33.077598571777344,33.374977111816406,19.168073654174805,1994034
TRI.TO,2012-03-19,33.14622497558594,33.69523239135742,32.91747283935547,32.97466278076172,18.938156127929688,542508
TRI.TO,2012-03-20,32.79166030883789,33.26060104370117,32.64297103881836,33.11191177368164,19.016984939575195,1055989
TRI.TO,2012-03-21,33.14622497558594,34.25567626953125,33.054725646972656,34.15273666381836,19.614761352539062,1396182
TRI.TO,2012-03-22,33.74098205566406,34.25567626953125,33.615169525146484,33.87823486328125,19.457101821899414,1693009
TRI.TO,2012-03-23,33.77529525756836,34.084110260009766,33.763858795166016,33.821044921875,19.424251556396484,788101
TRI.TO,2012-03-26,34.084110260009766,34.30142593383789,33.889671325683594,34.11842346191406,19.595048904418945,716495
TRI.TO,2012-03-27,34.129859924316406,34.28998565673828,33.68379211425781,33.72954559326172,19.3717041015625,602398
TRI.TO,2012-03-28,33.615169525146484,33.821044921875,33.35210037231445,33.56941604614258,19.27973747253418,608606
TRI.TO,2012-03-29,33.512229919433594,33.557979583740234,32.96322250366211,33.1004753112793,19.01041603088379,692627
TRI.TO,2012-03-30,33.31779098510742,33.35210037231445,32.94034957885742,32.98609924316406,18.944726943969727,545655
TRI.TO,2012-04-02,33.123348236083984,33.31779098510742,32.906036376953125,33.31779098510742,19.135229110717773,613851
TRI.TO,2012-04-03,33.31779098510742,33.39785385131836,32.91747283935547,32.951786041259766,18.925018310546875,680998
TRI.TO,2012-04-04,32.76878356933594,32.91747283935547,32.44852828979492,32.44852828979492,18.635990142822266,794046
TRI.TO,2012-04-05,32.28840255737305,32.299842834472656,32.002464294433594,32.048213958740234,18.40607452392578,591906
TRI.TO,2012-04-09,31.97958755493164,31.97958755493164,31.590709686279297,31.773710250854492,18.2484188079834,503601
TRI.TO,2012-04-10,31.773710250854492,31.865211486816406,31.522083282470703,31.739397048950195,18.228715896606445,827707
TRI.TO,2012-04-11,31.647897720336914,32.40277862548828,31.636459350585938,32.39134216308594,18.603147506713867,553524
TRI.TO,2012-04-12,32.242652893066406,32.56290817260742,32.05965042114258,32.45996856689453,18.642559051513672,526246
TRI.TO,2012-04-13,32.28840255737305,32.60865783691406,32.242652893066406,32.311279296875,18.557165145874023,474312
TRI.TO,2012-04-16,32.677284240722656,32.688720703125,32.3455924987793,32.56290817260742,18.70168113708496,401744
TRI.TO,2012-04-17,32.39134216308594,32.79166030883789,32.33415222167969,32.76878356933594,18.819917678833008,340281
TRI.TO,2012-04-18,32.59721755981445,32.73447036743164,32.196903228759766,32.3455924987793,18.576868057250977,681785
TRI.TO,2012-04-19,32.26552963256836,32.368465423583984,32.02533721923828,32.33415222167969,18.570295333862305,941367
TRI.TO,2012-04-20,32.55146789550781,32.860286712646484,32.368465423583984,32.76878356933594,18.819917678833008,355668
TRI.TO,2012-04-23,32.63153076171875,32.63153076171875,32.151153564453125,32.25408935546875,18.52431869506836,590158
TRI.TO,2012-04-24,32.23121643066406,32.803096771240234,32.23121643066406,32.71159744262695,18.787071228027344,390378
TRI.TO,2012-04-25,32.88315963745117,32.98609924316406,32.59721755981445,32.87172317504883,18.87904167175293,306882
TRI.TO,2012-04-26,32.92890930175781,33.26060104370117,32.574344635009766,33.24916458129883,19.095808029174805,539186
TRI.TO,2012-04-27,33.11191177368164,33.64948272705078,33.1004753112793,33.4779167175293,19.227190017700195,591906
TRI.TO,2012-04-30,33.46648025512695,33.763858795166016,33.29491424560547,33.763858795166016,19.39141845703125,570923
TRI.TO,2012-05-01,34.026920318603516,34.55305480957031,33.99260711669922,34.06123352050781,19.56220054626465,1210829
TRI.TO,2012-05-02,34.198486328125,34.5416145324707,34.10698318481445,34.33573913574219,19.71985626220703,732058
TRI.TO,2012-05-03,34.312862396240234,34.59880447387695,34.04979705810547,34.15273666381836,19.614761352539062,619010
TRI.TO,2012-05-04,33.752418518066406,34.09554672241211,33.374977111816406,33.63804244995117,19.319150924682617,601174
TRI.TO,2012-05-07,33.455039978027344,33.821044921875,33.226287841796875,33.72954559326172,19.3717041015625,685807
TRI.TO,2012-05-08,33.72954559326172,33.94685745239258,33.38641357421875,33.84392166137695,19.43739891052246,652671
TRI.TO,2012-05-09,33.72954559326172,34.129859924316406,33.56941604614258,33.90110778808594,19.47023582458496,545568
TRI.TO,2012-05-10,33.752418518066406,34.01548385620117,33.59229278564453,33.821044921875,19.424251556396484,428411
TRI.TO,2012-05-11,33.74098205566406,33.90110778808594,33.52366638183594,33.763858795166016,19.39141845703125,235276
TRI.TO,2012-05-14,33.46648025512695,33.64948272705078,33.19197463989258,33.226287841796875,19.082677841186523,813980
TRI.TO,2012-05-15,33.180538177490234,33.226287841796875,32.74591064453125,32.97466278076172,18.938156127929688,780669
TRI.TO,2012-05-16,32.83740997314453,33.35210037231445,32.83740997314453,33.29491424560547,19.122089385986328,663600
TRI.TO,2012-05-17,33.283477783203125,33.35210037231445,32.73447036743164,32.76878356933594,18.819917678833008,448520
TRI.TO,2012-05-18,33.04328536987305,33.04328536987305,32.40277862548828,32.45996856689453,18.642559051513672,484366
TRI.TO,2012-05-22,32.6544075012207,32.97466278076172,32.517154693603516,32.688720703125,18.985328674316406,365723
TRI.TO,2012-05-23,32.379905700683594,33.134788513183594,32.17402648925781,33.04328536987305,19.191259384155273,561830
TRI.TO,2012-05-24,33.054725646972656,33.832481384277344,33.054725646972656,33.67235565185547,19.556615829467773,1881685
TRI.TO,2012-05-25,33.72954559326172,33.72954559326172,32.7230339050293,32.848846435546875,19.078323364257812,2040722
TRI.TO,2012-05-28,32.87172317504883,33.31779098510742,32.12827682495117,33.19197463989258,19.277616500854492,907969
TRI.TO,2012-05-29,33.38641357421875,33.38641357421875,32.92890930175781,33.0318489074707,19.184616088867188,983771
TRI.TO,2012-05-30,32.91747283935547,33.0318489074707,32.60865783691406,32.677284240722656,18.97869300842285,2118273
TRI.TO,2012-05-31,32.55146789550781,32.803096771240234,32.33415222167969,32.471405029296875,18.85910987854004,1064032
TRI.TO,2012-06-01,32.379905700683594,32.379905700683594,32.048213958740234,32.05965042114258,18.619972229003906,1501623
TRI.TO,2012-06-04,31.83089828491211,32.677284240722656,31.739397048950195,32.43709182739258,18.839181900024414,842221
TRI.TO,2012-06-05,32.43709182739258,32.94034957885742,32.311279296875,32.71159744262695,18.998611450195312,979837
TRI.TO,2012-06-06,32.55146789550781,33.432167053222656,32.55146789550781,33.329227447509766,19.357328414916992,949673
TRI.TO,2012-06-07,33.53510284423828,33.832481384277344,33.283477783203125,33.283477783203125,19.330760955810547,1059574
TRI.TO,2012-06-08,33.226287841796875,33.432167053222656,33.04328536987305,33.15766143798828,19.257686614990234,684758
TRI.TO,2012-06-11,33.16910171508789,33.46648025512695,33.11191177368164,33.19197463989258,19.277616500854492,856297
TRI.TO,2012-06-12,33.123348236083984,33.272037506103516,32.81453323364258,33.08903884887695,19.217832565307617,787489
TRI.TO,2012-06-13,32.81453323364258,33.0318489074707,32.688720703125,32.71159744262695,18.998611450195312,542858
TRI.TO,2012-06-14,32.78022003173828,32.78022003173828,32.05965042114258,32.23121643066406,18.719614028930664,885149
TRI.TO,2012-06-15,32.33415222167969,32.688720703125,32.08252716064453,32.139713287353516,18.666473388671875,1478017
TRI.TO,2012-06-18,32.02533721923828,32.74591064453125,32.02533721923828,32.54003143310547,18.89897346496582,693239
TRI.TO,2012-06-19,32.677284240722656,33.00897216796875,32.50571823120117,32.906036376953125,19.11154556274414,1145868
TRI.TO,2012-06-20,32.78022003173828,33.26060104370117,32.78022003173828,33.14622497558594,19.251039505004883,658703
TRI.TO,2012-06-21,33.16910171508789,33.30635070800781,32.48284149169922,32.50571823120117,18.879047393798828,451842
TRI.TO,2012-06-22,32.73447036743164,32.906036376953125,32.41421890258789,32.63153076171875,18.952112197875977,240172
TRI.TO,2012-06-25,32.6544075012207,32.6544075012207,32.151153564453125,32.242652893066406,18.726259231567383,351384
TRI.TO,2012-06-26,32.21977615356445,32.33415222167969,32.01390075683594,32.2769660949707,18.746185302734375,474749
TRI.TO,2012-06-27,32.2769660949707,32.83740997314453,32.2769660949707,32.66584396362305,18.9720401763916,326904
TRI.TO,2012-06-28,32.66584396362305,32.700157165527344,32.16259002685547,32.63153076171875,18.952112197875977,479907
TRI.TO,2012-06-29,32.92890930175781,33.134788513183594,32.74591064453125,33.134788513183594,19.244400024414062,604846
TRI.TO,2012-07-03,33.455039978027344,33.603729248046875,32.894596099853516,33.15766143798828,19.257686614990234,663600
TRI.TO,2012-07-04,33.180538177490234,33.77529525756836,33.180538177490234,33.64948272705078,19.5433292388916,154752
TRI.TO,2012-07-05,33.71810531616211,33.77529525756836,33.16910171508789,33.58085632324219,19.50347328186035,551164
TRI.TO,2012-07-06,33.512229919433594,33.54654312133789,33.066162109375,33.20341110229492,19.28425407409668,283713
TRI.TO,2012-07-09,33.066162109375,33.54654312133789,32.59721755981445,33.15766143798828,19.257686614990234,823773
TRI.TO,2012-07-10,33.16910171508789,33.53510284423828,32.96322250366211,33.1004753112793,19.22447395324707,919947
TRI.TO,2012-07-11,33.443603515625,33.443603515625,33.066162109375,33.31779098510742,19.350692749023438,755752
TRI.TO,2012-07-12,33.11191177368164,33.4092903137207,32.894596099853516,33.077598571777344,19.2111873626709,568912
TRI.TO,2012-07-13,33.04328536987305,33.603729248046875,33.04328536987305,33.50079345703125,19.45697784423828,2793501
TRI.TO,2012-07-16,33.62660598754883,33.62660598754883,33.4092903137207,33.48935317993164,19.45033073425293,287735
TRI.TO,2012-07-17,33.660919189453125,33.935420989990234,33.35210037231445,33.84392166137695,19.65626335144043,441700
TRI.TO,2012-07-18,33.95829772949219,34.129859924316406,33.821044921875,34.00404739379883,19.749263763427734,267101
TRI.TO,2012-07-19,34.17560958862305,34.30142593383789,33.68379211425781,33.92398452758789,19.7027645111084,725151
TRI.TO,2012-07-20,33.84392166137695,33.84392166137695,33.19197463989258,33.19197463989258,19.277616500854492,379974
TRI.TO,2012-07-23,33.077598571777344,33.077598571777344,32.43709182739258,32.88315963745117,19.09825325012207,366860
TRI.TO,2012-07-24,32.83740997314453,32.860286712646484,31.910961151123047,32.18546676635742,18.693044662475586,1239069
TRI.TO,2012-07-25,32.311279296875,32.59721755981445,32.311279296875,32.41421890258789,18.825904846191406,768779
TRI.TO,2012-07-26,32.73447036743164,33.19197463989258,32.58578109741211,32.96322250366211,19.144760131835938,631600
TRI.TO,2012-07-27,33.59229278564453,33.59229278564453,32.951786041259766,33.48935317993164,19.45033073425293,474312
TRI.TO,2012-07-30,33.68379211425781,33.69523239135742,32.63153076171875,33.1004753112793,19.22447395324707,750681
TRI.TO,2012-07-31,33.39785385131836,33.39785385131836,31.991025924682617,32.528594970703125,18.8923282623291,877455
TRI.TO,2012-08-01,32.860286712646484,32.87172317504883,32.33415222167969,32.39134216308594,18.812618255615234,451667
TRI.TO,2012-08-02,32.33415222167969,32.425655364990234,31.739397048950195,31.85377311706543,18.50040054321289,676539
TRI.TO,2012-08-03,32.242652893066406,32.60865783691406,32.17402648925781,32.43709182739258,18.839181900024414,873608
TRI.TO,2012-08-07,32.25408935546875,33.00897216796875,32.25408935546875,32.951786041259766,19.138113021850586,1164403
TRI.TO,2012-08-08,33.00897216796875,33.21485137939453,32.41421890258789,33.054725646972656,19.197904586791992,778746
TRI.TO,2012-08-09,33.077598571777344,33.226287841796875,32.74591064453125,32.91747283935547,19.11818504333496,236325
TRI.TO,2012-08-10,33.054725646972656,33.455039978027344,32.74591064453125,33.08903884887695,19.217832565307617,393526
TRI.TO,2012-08-13,33.15766143798828,33.26060104370117,32.87172317504883,33.15766143798828,19.257686614990234,171189
TRI.TO,2012-08-14,33.226287841796875,33.52366638183594,32.92890930175781,33.443603515625,19.423757553100586,433307
TRI.TO,2012-08-15,33.443603515625,33.8553581237793,33.374977111816406,33.7867317199707,19.623046875,320346
TRI.TO,2012-08-16,33.95829772949219,34.14129638671875,33.615169525146484,33.889671325683594,19.68283462524414,397810
TRI.TO,2012-08-17,33.91254425048828,33.96973419189453,33.4092903137207,33.91254425048828,19.69611167907715,454290
TRI.TO,2012-08-20,33.752418518066406,33.935420989990234,33.30635070800781,33.62660598754883,19.530046463012695,678638
TRI.TO,2012-08-21,33.4092903137207,33.46648025512695,32.83740997314453,33.0318489074707,19.396392822265625,575032
TRI.TO,2012-08-22,32.87172317504883,33.02041244506836,32.44852828979492,32.71159744262695,19.208337783813477,538049
TRI.TO,2012-08-23,32.50571823120117,32.71159744262695,32.41421890258789,32.58578109741211,19.13445472717285,910591
TRI.TO,2012-08-24,32.49428176879883,32.997535705566406,32.49428176879883,32.803096771240234,19.262065887451172,309417
TRI.TO,2012-08-27,32.894596099853516,33.02041244506836,32.78022003173828,32.894596099853516,19.315797805786133,184829
TRI.TO,2012-08-28,32.79166030883789,33.11191177368164,32.574344635009766,32.81453323364258,19.268781661987305,1708135
TRI.TO,2012-08-29,32.81453323364258,32.97466278076172,32.45996856689453,32.50571823120117,19.087451934814453,457088
TRI.TO,2012-08-30,32.368465423583984,32.677284240722656,32.21977615356445,32.26552963256836,18.9464054107666,470902
TRI.TO,2012-08-31,32.311279296875,32.41421890258789,31.97958755493164,32.002464294433594,18.791933059692383,777260
TRI.TO,2012-09-04,32.01390075683594,32.02533721923828,31.60214614868164,31.625022888183594,18.570295333862305,642791
TRI.TO,2012-09-05,31.68221092224121,32.08252716064453,31.68221092224121,31.97958755493164,18.778501510620117,298926
TRI.TO,2012-09-06,31.968149185180664,32.05965042114258,31.80802345275879,32.05965042114258,18.825511932373047,367209
TRI.TO,2012-09-07,32.03677749633789,32.20833969116211,31.556396484375,31.80802345275879,18.677764892578125,928865
TRI.TO,2012-09-10,31.945274353027344,31.968149185180664,31.487770080566406,31.53352165222168,18.516572952270508,640343
TRI.TO,2012-09-11,31.567834854125977,31.76227378845215,31.51064682006836,31.613584518432617,18.563583374023438,2173879
TRI.TO,2012-09-12,31.83089828491211,32.311279296875,31.76227378845215,32.20833969116211,18.91283416748047,1623502
TRI.TO,2012-09-13,32.311279296875,32.48284149169922,32.11684036254883,32.28840255737305,18.9598388671875,1641513
TRI.TO,2012-09-14,32.425655364990234,32.688720703125,32.196903228759766,32.64297103881836,19.168033599853516,1474520
TRI.TO,2012-09-17,32.574344635009766,32.860286712646484,32.54003143310547,32.6544075012207,19.17475700378418,416170
TRI.TO,2012-09-18,32.66584396362305,33.20341110229492,32.56290817260742,33.14622497558594,19.46355438232422,755140
TRI.TO,2012-09-19,33.15766143798828,33.329227447509766,32.997535705566406,33.0318489074707,19.396392822265625,344215
TRI.TO,2012-09-20,32.81453323364258,33.30635070800781,32.78022003173828,33.054725646972656,19.409820556640625,552300
TRI.TO,2012-09-21,33.054725646972656,33.272037506103516,32.79166030883789,32.94034957885742,19.342666625976562,2138644
TRI.TO,2012-09-24,32.92890930175781,33.16910171508789,32.7230339050293,32.848846435546875,19.288928985595703,629064
TRI.TO,2012-09-25,32.860286712646484,32.88315963745117,32.677284240722656,32.677284240722656,19.18819236755371,1151988
TRI.TO,2012-09-26,32.620094299316406,33.23772430419922,32.620094299316406,32.94034957885742,19.342666625976562,373679
TRI.TO,2012-09-27,32.88315963745117,32.997535705566406,32.66584396362305,32.88315963745117,19.309080123901367,417919
TRI.TO,2012-09-28,32.7230339050293,32.82597351074219,32.368465423583984,32.50571823120117,19.087451934814453,1062546
TRI.TO,2012-10-01,32.64297103881836,32.79166030883789,32.3455924987793,32.425655364990234,19.040433883666992,421679
TRI.TO,2012-10-02,32.528594970703125,32.6544075012207,32.425655364990234,32.55146789550781,19.114301681518555,1205321
TRI.TO,2012-10-03,32.63153076171875,32.7230339050293,32.50571823120117,32.517154693603516,19.09416389465332,478858
TRI.TO,2012-10-04,32.59721755981445,32.64297103881836,32.299842834472656,32.45996856689453,19.06058120727539,381985
TRI.TO,2012-10-05,32.63153076171875,32.71159744262695,32.23121643066406,32.311279296875,18.9732723236084,741588
TRI.TO,2012-10-09,32.12827682495117,32.139713287353516,31.647897720336914,31.70508575439453,18.6173152923584,1669403
TRI.TO,2012-10-10,31.693647384643555,32.048213958740234,31.613584518432617,31.693647384643555,18.610593795776367,621108
TRI.TO,2012-10-11,31.693647384643555,31.922399520874023,31.464895248413086,31.51064682006836,18.503131866455078,929477
TRI.TO,2012-10-12,31.53352165222168,31.70508575439453,31.464895248413086,31.51064682006836,18.503131866455078,438640
TRI.TO,2012-10-15,31.51064682006836,31.68221092224121,31.396268844604492,31.670772552490234,18.597164154052734,606158
TRI.TO,2012-10-16,31.842336654663086,32.07109069824219,31.83089828491211,32.02533721923828,18.805368423461914,671293
TRI.TO,2012-10-17,31.922399520874023,32.18546676635742,31.876649856567383,32.139713287353516,18.87253189086914,2208414
TRI.TO,2012-10-18,32.151153564453125,32.54003143310547,32.139713287353516,32.517154693603516,19.09416389465332,648212
TRI.TO,2012-10-19,32.517154693603516,32.620094299316406,32.33415222167969,32.368465423583984,19.006853103637695,577655
TRI.TO,2012-10-22,32.151153564453125,32.471405029296875,32.151153564453125,32.368465423583984,19.006853103637695,589721
TRI.TO,2012-10-23,32.03677749633789,32.21977615356445,31.68221092224121,32.105403900146484,18.852378845214844,647250
TRI.TO,2012-10-24,32.311279296875,32.311279296875,31.739397048950195,31.76227378845215,18.650897979736328,517590
TRI.TO,2012-10-25,32.01390075683594,32.25408935546875,31.739397048950195,32.25408935546875,18.939695358276367,1812964
TRI.TO,2012-10-26,32.311279296875,32.55146789550781,32.17402648925781,32.35702896118164,19.000131607055664,446596
TRI.TO,2012-10-29,32.048213958740234,32.60865783691406,32.02533721923828,32.16259002685547,18.885955810546875,166206
TRI.TO,2012-10-30,32.25408935546875,32.757347106933594,32.105403900146484,32.757347106933594,19.23520278930664,256085
TRI.TO,2012-10-31,32.76878356933594,32.76878356933594,32.16259002685547,32.16259002685547,18.885955810546875,689654
TRI.TO,2012-11-01,32.17402648925781,32.78022003173828,32.105403900146484,32.517154693603516,19.09416389465332,664736
TRI.TO,2012-11-02,32.56290817260742,32.63153076171875,31.945274353027344,32.093963623046875,18.845661163330078,952733
TRI.TO,2012-11-05,31.796585083007812,31.922399520874023,31.304767608642578,31.670772552490234,18.597164154052734,1251047
TRI.TO,2012-11-06,31.693647384643555,31.910961151123047,31.613584518432617,31.796585083007812,18.671037673950195,835488
TRI.TO,2012-11-07,31.899524688720703,32.02533721923828,31.625022888183594,31.945274353027344,18.758350372314453,1049519
TRI.TO,2012-11-08,31.945274353027344,32.368465423583984,31.945274353027344,32.26552963256836,18.9464054107666,752254
TRI.TO,2012-11-09,32.07109069824219,32.311279296875,31.888086318969727,31.899524688720703,18.73148536682129,603797
TRI.TO,2012-11-12,31.865211486816406,32.03677749633789,31.53352165222168,31.670772552490234,18.597164154052734,684408
TRI.TO,2012-11-13,31.670772552490234,32.01390075683594,31.659334182739258,31.80802345275879,18.677764892578125,559295
TRI.TO,2012-11-14,31.933837890625,31.933837890625,31.32764434814453,31.373394012451172,18.42254638671875,762309
TRI.TO,2012-11-15,31.361955642700195,31.60214614868164,31.27045440673828,31.316205978393555,18.38896369934082,818964
TRI.TO,2012-11-16,31.396268844604492,31.499208450317383,31.156078338623047,31.373394012451172,18.42254638671875,856822
TRI.TO,2012-11-19,31.236143112182617,31.339080810546875,30.915889739990234,31.05314064025879,18.449047088623047,988317
TRI.TO,2012-11-20,31.05314064025879,31.213266372680664,30.62994956970215,30.755762100219727,18.272371292114258,799030
TRI.TO,2012-11-21,30.607072830200195,30.801513671875,30.481260299682617,30.710012435913086,18.245189666748047,689741
TRI.TO,2012-11-22,30.881576538085938,31.213266372680664,30.801513671875,31.07601547241211,18.462635040283203,196457
TRI.TO,2012-11-23,30.915889739990234,31.38483238220215,30.904451370239258,31.236143112182617,18.557764053344727,339669
TRI.TO,2012-11-26,31.018827438354492,31.419145584106445,31.018827438354492,31.190391540527344,18.53058433532715,406641
TRI.TO,2012-11-27,31.24757957458496,31.24757957458496,30.858701705932617,30.893014907836914,18.35390853881836,883313
TRI.TO,2012-11-28,30.904451370239258,30.938764572143555,30.69857406616211,30.927326202392578,18.374298095703125,321570
TRI.TO,2012-11-29,30.938764572143555,31.018827438354492,30.801513671875,30.915889739990234,18.367504119873047,820363
TRI.TO,2012-11-30,30.881576538085938,31.339080810546875,30.87013816833496,31.281892776489258,18.58493995666504,1566060
TRI.TO,2012-12-03,31.167516708374023,31.83089828491211,31.007389068603516,31.716522216796875,18.843170166015625,1072950
TRI.TO,2012-12-04,31.487770080566406,31.70508575439453,31.281892776489258,31.476333618164062,18.700469970703125,853062
TRI.TO,2012-12-05,31.739397048950195,31.842336654663086,31.442020416259766,31.796585083007812,18.890731811523438,855073
TRI.TO,2012-12-06,31.910961151123047,31.910961151123047,31.60214614868164,31.739397048950195,18.856754302978516,682747
TRI.TO,2012-12-07,31.888086318969727,31.922399520874023,31.464895248413086,31.72796058654785,18.849960327148438,548191
TRI.TO,2012-12-10,31.693647384643555,31.97958755493164,31.57927131652832,31.716522216796875,18.843170166015625,892056
TRI.TO,2012-12-11,31.842336654663086,32.40277862548828,31.68221092224121,32.3455924987793,19.216903686523438,1403176
TRI.TO,2012-12-12,32.379905700683594,32.894596099853516,32.379905700683594,32.82597351074219,19.50230598449707,770265
TRI.TO,2012-12-13,32.6544075012207,32.76878356933594,32.54003143310547,32.59721755981445,19.366403579711914,430597
TRI.TO,2012-12-14,32.700157165527344,32.78022003173828,32.322715759277344,32.45996856689453,19.28485870361328,1458782
TRI.TO,2012-12-17,32.50571823120117,32.87172317504883,32.3455924987793,32.82597351074219,19.50230598449707,975727
TRI.TO,2012-12-18,32.94034957885742,32.94034957885742,32.55146789550781,32.757347106933594,19.461530685424805,980711
TRI.TO,2012-12-19,32.700157165527344,33.066162109375,32.700157165527344,32.94034957885742,19.57025909423828,508322
TRI.TO,2012-12-20,33.0318489074707,33.20341110229492,32.94034957885742,33.20341110229492,19.72654914855957,1100316
TRI.TO,2012-12-21,33.21485137939453,33.21485137939453,32.82597351074219,32.894596099853516,19.543075561523438,1244664
TRI.TO,2012-12-24,33.1004753112793,33.11191177368164,32.6544075012207,32.7230339050293,19.441150665283203,159299
TRI.TO,2012-12-27,32.60865783691406,32.91747283935547,32.58578109741211,32.91747283935547,19.55666732788086,468891
TRI.TO,2012-12-28,32.71159744262695,32.906036376953125,32.59721755981445,32.6544075012207,19.40037727355957,227145
TRI.TO,2012-12-31,32.58578109741211,33.16910171508789,32.54003143310547,32.91747283935547,19.55666732788086,294729
TRI.TO,2013-01-02,33.16910171508789,33.38641357421875,32.94034957885742,33.16910171508789,19.706157684326172,1051530
TRI.TO,2013-01-03,33.30635070800781,33.30635070800781,32.88315963745117,33.11191177368164,19.67218589782715,399209
TRI.TO,2013-01-04,33.11191177368164,33.272037506103516,32.98609924316406,33.20341110229492,19.72654914855957,440389
TRI.TO,2013-01-07,33.20341110229492,33.20341110229492,32.96322250366211,32.98609924316406,19.597434997558594,1225692
TRI.TO,2013-01-08,33.11191177368164,33.24916458129883,32.88315963745117,33.226287841796875,19.740135192871094,443624
TRI.TO,2013-01-09,33.23772430419922,33.24916458129883,32.997535705566406,33.123348236083984,19.67897605895996,333286
TRI.TO,2013-01-10,33.283477783203125,33.38641357421875,33.1004753112793,33.283477783203125,19.774110794067383,480957
TRI.TO,2013-01-11,33.38641357421875,33.48935317993164,33.20341110229492,33.4779167175293,19.889631271362305,466705
TRI.TO,2013-01-14,33.512229919433594,33.71810531616211,33.272037506103516,33.615169525146484,19.97117805480957,513743
TRI.TO,2013-01-15,33.42072677612305,34.026920318603516,33.42072677612305,33.95829772949219,20.17502784729004,826396
TRI.TO,2013-01-16,33.752418518066406,34.04979705810547,33.63804244995117,33.68379211425781,20.011947631835938,801653
TRI.TO,2013-01-17,33.603729248046875,34.084110260009766,33.603729248046875,34.026920318603516,20.21579933166504,641305
TRI.TO,2013-01-18,34.15273666381836,34.27854919433594,33.99260711669922,34.1641731262207,20.297346115112305,403493
TRI.TO,2013-01-21,34.27854919433594,34.59880447387695,34.084110260009766,34.507301330566406,20.501203536987305,269899
TRI.TO,2013-01-22,34.507301330566406,34.507301330566406,34.129859924316406,34.30142593383789,20.378890991210938,748145
TRI.TO,2013-01-23,34.209922790527344,35.13637161254883,34.209922790527344,35.13637161254883,20.87493896484375,623032
TRI.TO,2013-01-24,35.28506088256836,35.639625549316406,35.273624420166016,35.502376556396484,21.092382431030273,1185212
TRI.TO,2013-01-25,35.502376556396484,35.708251953125,35.30793762207031,35.41087341308594,21.038022994995117,1403614
TRI.TO,2013-01-28,35.38800048828125,35.58243942260742,35.13637161254883,35.273624420166016,20.95648193359375,701282
TRI.TO,2013-01-29,35.319374084472656,35.456626892089844,35.20499801635742,35.2964973449707,20.970075607299805,785128
TRI.TO,2013-01-30,35.42231369018555,35.42231369018555,34.884742736816406,34.97624588012695,20.77981185913086,1226741
TRI.TO,2013-01-31,35.124935150146484,35.14780807495117,34.93049240112305,34.941932678222656,20.759418487548828,651359
TRI.TO,2013-02-01,35.23931121826172,35.60531234741211,35.03343200683594,35.28506088256836,20.963275909423828,970394
TRI.TO,2013-02-04,35.03343200683594,35.113494873046875,34.59880447387695,34.72461700439453,20.63031578063965,467405
TRI.TO,2013-02-05,34.87330627441406,35.021995544433594,34.747493743896484,34.77036666870117,20.657487869262695,1056251
TRI.TO,2013-02-06,34.85042953491211,35.170684814453125,34.77036666870117,35.03343200683594,20.813785552978516,492847
TRI.TO,2013-02-07,35.22787094116211,35.22787094116211,34.66743087768555,35.021995544433594,20.806991577148438,453416
TRI.TO,2013-02-08,35.170684814453125,35.319374084472656,34.9876823425293,35.18212127685547,20.902116775512695,462771
TRI.TO,2013-02-11,35.42231369018555,35.42231369018555,35.13637161254883,35.13637161254883,20.87493896484375,395537
TRI.TO,2013-02-12,35.19355773925781,35.2964973449707,35.09062194824219,35.13637161254883,20.87493896484375,903335
TRI.TO,2013-02-13,35.30793762207031,35.38800048828125,33.62660598754883,34.33573913574219,20.399276733398438,1841729
TRI.TO,2013-02-14,34.32429885864258,34.63311767578125,34.209922790527344,34.575927734375,20.541976928710938,1220796
TRI.TO,2013-02-15,34.48442840576172,35.28506088256836,34.42723846435547,35.22787094116211,20.92930793762207,1849248
TRI.TO,2013-02-19,35.445186614990234,35.78831481933594,35.330810546875,35.78831481933594,21.26226234436035,1202785
TRI.TO,2013-02-20,35.719688415527344,36.10857009887695,35.62818908691406,35.868377685546875,21.309837341308594,1779216
TRI.TO,2013-02-21,35.456626892089844,35.456626892089844,34.65599060058594,34.736053466796875,20.85388946533203,988929
TRI.TO,2013-02-22,34.87330627441406,35.14780807495117,34.736053466796875,34.89617919921875,20.950023651123047,571710
TRI.TO,2013-02-25,35.20499801635742,35.66250228881836,35.124935150146484,35.34225082397461,21.217824935913086,842046
TRI.TO,2013-02-26,35.34225082397461,35.46806335449219,35.170684814453125,35.262184143066406,21.169755935668945,368258
TRI.TO,2013-02-27,35.22787094116211,35.66250228881836,35.22787094116211,35.445186614990234,21.27962303161621,1170873
TRI.TO,2013-02-28,35.639625549316406,36.085693359375,35.445186614990234,36.03994369506836,21.636686325073242,755052
TRI.TO,2013-03-01,36.13144302368164,36.13144302368164,35.593875885009766,35.822628021240234,21.50621223449707,1296249
TRI.TO,2013-03-04,35.90269088745117,35.971317291259766,35.651065826416016,35.84550476074219,21.51995086669922,354881
TRI.TO,2013-03-05,35.81119155883789,36.36019515991211,35.81119155883789,36.26869583129883,21.774023056030273,1120950
TRI.TO,2013-03-06,36.58894729614258,36.58894729614258,35.98275375366211,36.017066955566406,21.622947692871094,654244
TRI.TO,2013-03-07,36.028507232666016,36.211509704589844,35.776878356933594,36.16575622558594,21.712217330932617,1246763
TRI.TO,2013-03-08,36.36019515991211,36.36019515991211,35.868377685546875,36.154319763183594,21.705352783203125,1699130
TRI.TO,2013-03-11,36.154319763183594,36.50888442993164,36.085693359375,36.44026184082031,21.877029418945312,667097
TRI.TO,2013-03-12,36.44026184082031,36.69188690185547,36.36019515991211,36.623260498046875,21.98687744140625,6037794
TRI.TO,2013-03-13,36.71476364135742,36.852012634277344,36.451698303222656,36.66901397705078,22.014352798461914,1249211
TRI.TO,2013-03-14,36.74907684326172,36.909202575683594,36.463134765625,36.58894729614258,21.966276168823242,816429
TRI.TO,2013-03-15,36.88632583618164,38.20165252685547,36.840576171875,37.606895446777344,22.577404022216797,2973433
TRI.TO,2013-03-18,37.46964645385742,37.78989791870117,37.03501510620117,37.435333251953125,22.474411010742188,620758
TRI.TO,2013-03-19,37.45820617675781,37.69839859008789,37.332393646240234,37.51539611816406,22.522480010986328,629152
TRI.TO,2013-03-20,37.74414825439453,38.11015319824219,37.526832580566406,38.11015319824219,22.879535675048828,1099267
TRI.TO,2013-03-21,38.06440353393555,38.06440353393555,37.6297721862793,37.6297721862793,22.591144561767578,1052317
TRI.TO,2013-03-22,37.74414825439453,37.78989791870117,37.27520751953125,37.73271179199219,22.652944564819336,1797577
TRI.TO,2013-03-25,37.99577713012695,38.361778259277344,37.61833572387695,37.82421112060547,22.707874298095703,937695
TRI.TO,2013-03-26,37.83565139770508,37.84708786010742,37.51539611816406,37.606895446777344,22.577404022216797,1229451
TRI.TO,2013-03-27,37.29808044433594,37.80133819580078,37.29808044433594,37.606895446777344,22.577404022216797,973716
TRI.TO,2013-03-28,37.41245651245117,37.82421112060547,37.19514465332031,37.69839859008789,22.632335662841797,889084
TRI.TO,2013-04-01,37.78989791870117,37.78989791870117,37.57258605957031,37.664085388183594,22.61174774169922,462684
TRI.TO,2013-04-02,37.64120864868164,37.80133819580078,37.54970932006836,37.5611457824707,22.549949645996094,774549
TRI.TO,2013-04-03,37.49251937866211,37.664085388183594,36.966392517089844,36.98926544189453,22.206613540649414,1524880
TRI.TO,2013-04-04,37.206581115722656,37.22945785522461,36.783390045166016,36.829139709472656,22.110483169555664,1062459
TRI.TO,2013-04-05,36.771949768066406,37.00070571899414,36.36019515991211,36.97782897949219,22.199748992919922,844931
TRI.TO,2013-04-08,36.93207931518555,37.378143310546875,36.73763656616211,37.332393646240234,22.412609100341797,1942887
TRI.TO,2013-04-09,37.332393646240234,37.481082916259766,37.02357864379883,37.46964645385742,22.495010375976562,538836
TRI.TO,2013-04-10,37.664085388183594,38.0072135925293,37.5611457824707,37.98434066772461,22.804006576538086,1242828
TRI.TO,2013-04-11,37.869964599609375,38.018653869628906,37.83565139770508,37.95002746582031,22.783405303955078,419056
TRI.TO,2013-04-12,37.84708786010742,37.92715072631836,37.6297721862793,37.82421112060547,22.707874298095703,711774
TRI.TO,2013-04-15,37.82421112060547,38.041526794433594,37.67552185058594,37.88140106201172,22.742212295532227,681435
TRI.TO,2013-04-16,37.858524322509766,38.361778259277344,37.80133819580078,38.144466400146484,22.900144577026367,659490
TRI.TO,2013-04-17,38.144466400146484,38.235965728759766,37.89283752441406,38.03009033203125,22.83147430419922,1165802
TRI.TO,2013-04-18,38.338905334472656,38.338905334472656,37.68696212768555,37.73271179199219,22.652944564819336,1052229
TRI.TO,2013-04-19,37.54970932006836,38.041526794433594,37.54970932006836,38.0072135925293,22.8177490234375,389154
TRI.TO,2013-04-22,38.018653869628906,38.20165252685547,37.812774658203125,38.03009033203125,22.83147430419922,534202
TRI.TO,2013-04-23,38.25884246826172,38.37321853637695,37.99577713012695,38.25884246826172,22.96880531311035,690616
TRI.TO,2013-04-24,38.21309280395508,38.54478073120117,38.087276458740234,38.49903106689453,23.113008499145508,404367
TRI.TO,2013-04-25,38.361778259277344,38.88791275024414,38.281715393066406,38.68203353881836,23.22287368774414,557808
TRI.TO,2013-04-26,38.68203353881836,38.796409606933594,38.476158142089844,38.63628387451172,23.195404052734375,774986
TRI.TO,2013-04-29,38.88791275024414,39.02516174316406,38.64772033691406,39.002288818359375,23.41514015197754,1658474
TRI.TO,2013-04-30,38.30459213256836,38.88791275024414,37.767024993896484,38.60197067260742,23.174800872802734,1706736
TRI.TO,2013-05-01,38.57909393310547,38.64772033691406,38.293155670166016,38.464717864990234,23.0924072265625,554923
TRI.TO,2013-05-02,38.25884246826172,38.95653533935547,38.25884246826172,38.842159271240234,23.319000244140625,464170
TRI.TO,2013-05-03,39.0709114074707,39.322540283203125,38.853599548339844,39.219600677490234,23.545602798461914,803751
TRI.TO,2013-05-06,39.425479888916016,39.5627326965332,39.1395378112793,39.15097427368164,23.504396438598633,666485
TRI.TO,2013-05-07,39.11666488647461,39.28822708129883,39.093788146972656,39.093788146972656,23.470064163208008,608780
TRI.TO,2013-05-08,39.002288818359375,39.24247741699219,38.73922348022461,39.0709114074707,23.456336975097656,1357188
TRI.TO,2013-05-09,39.05947494506836,39.43691635131836,39.05947494506836,39.368289947509766,23.63486671447754,374291
TRI.TO,2013-05-10,39.34541702270508,39.8257942199707,39.31110382080078,39.757171630859375,23.868328094482422,453678
TRI.TO,2013-05-13,39.802921295166016,40.00879669189453,39.67710876464844,39.87154769897461,23.936996459960938,569786
TRI.TO,2013-05-14,39.848670959472656,40.3176155090332,39.848670959472656,40.04310989379883,24.03999137878418,1150064
TRI.TO,2013-05-15,39.905860900878906,40.180362701416016,39.88298416137695,39.96304702758789,23.99193000793457,1137999
TRI.TO,2013-05-16,39.974483489990234,40.123172760009766,39.974483489990234,40.10029983520508,24.074331283569336,1105125
TRI.TO,2013-05-17,39.91729736328125,40.70649337768555,39.8944206237793,40.614990234375,24.383331298828125,1035967
TRI.TO,2013-05-21,40.62643051147461,41.47281265258789,40.614990234375,41.0267448425293,24.863685607910156,1793118
TRI.TO,2013-05-22,41.19831085205078,41.83881759643555,41.12968444824219,41.415626525878906,25.099361419677734,2500520
TRI.TO,2013-05-23,41.17543411254883,41.66725158691406,41.038185119628906,41.28981018066406,25.023115158081055,2184283
TRI.TO,2013-05-24,41.17543411254883,41.7816276550293,41.17543411254883,41.59862518310547,25.210262298583984,1099267
TRI.TO,2013-05-27,41.53000259399414,41.90744400024414,41.312686920166016,41.57575225830078,25.196413040161133,367297
TRI.TO,2013-05-28,41.632938385009766,42.03325653076172,41.61006546020508,41.690128326416016,25.26572036743164,1536771
TRI.TO,2013-05-29,41.438499450683594,41.587188720703125,40.90093231201172,41.061058044433594,24.884489059448242,714309
TRI.TO,2013-05-30,41.106807708740234,41.12968444824219,40.351924896240234,40.48917770385742,24.537914276123047,1065694
TRI.TO,2013-05-31,40.16892623901367,40.3176155090332,39.45979309082031,39.45979309082031,23.914060592651367,1766626
TRI.TO,2013-06-03,39.57416915893555,39.8257942199707,39.4483528137207,39.71141815185547,24.066553115844727,974766
TRI.TO,2013-06-04,39.91729736328125,40.16892623901367,39.597042083740234,40.00879669189453,24.246780395507812,646113
TRI.TO,2013-06-05,39.68854522705078,39.974483489990234,39.482666015625,39.66566848754883,24.038833618164062,834439
TRI.TO,2013-06-06,39.57416915893555,39.68854522705078,38.87647247314453,39.19672775268555,23.754634857177734,939269
TRI.TO,2013-06-07,39.15097427368164,39.40260314941406,38.7620964050293,39.40260314941406,23.879405975341797,881302
TRI.TO,2013-06-10,39.40260314941406,39.551292419433594,39.20816421508789,39.322540283203125,23.83087921142578,868537
TRI.TO,2013-06-11,39.265350341796875,39.322540283203125,38.83072280883789,39.11666488647461,23.706111907958984,758812
TRI.TO,2013-06-12,39.231040954589844,39.322540283203125,38.338905334472656,38.418968200683594,23.283283233642578,1206632
TRI.TO,2013-06-13,38.17877960205078,38.60197067260742,38.0072135925293,38.59053421020508,23.387258529663086,966110
TRI.TO,2013-06-14,38.3846549987793,38.70491027832031,38.3846549987793,38.510467529296875,23.33873748779297,594180
TRI.TO,2013-06-17,38.86503601074219,39.16241455078125,38.6934700012207,38.97941207885742,23.6229248046875,702681
TRI.TO,2013-06-18,39.11666488647461,39.63135528564453,39.036598205566406,39.45979309082031,23.914060592651367,468804
TRI.TO,2013-06-19,39.29966354370117,39.45979309082031,39.093788146972656,39.219600677490234,23.76849937438965,716845
TRI.TO,2013-06-20,39.219600677490234,39.29966354370117,38.44184494018555,38.59053421020508,23.387258529663086,1769424
TRI.TO,2013-06-21,38.567657470703125,38.96797561645508,38.476158142089844,38.48759460449219,23.32488250732422,2112765
TRI.TO,2013-06-24,38.22452926635742,38.464717864990234,37.83565139770508,37.90427780151367,22.971359252929688,939181
TRI.TO,2013-06-25,37.972900390625,38.3160285949707,37.972900390625,38.20165252685547,23.151586532592773,1179616
TRI.TO,2013-06-26,38.3160285949707,38.95653533935547,38.3160285949707,38.567657470703125,23.373395919799805,1031333
TRI.TO,2013-06-27,38.87647247314453,39.11666488647461,38.70491027832031,38.87647247314453,23.56055450439453,1127070
TRI.TO,2013-06-28,38.95653533935547,39.45979309082031,38.92222213745117,39.25391387939453,23.78928565979004,529044
TRI.TO,2013-07-02,39.379730224609375,39.528419494628906,39.0709114074707,39.29966354370117,23.8170166015625,688867
TRI.TO,2013-07-03,39.379730224609375,39.39116668701172,38.54478073120117,39.05947494506836,23.67145347595215,377788
TRI.TO,2013-07-04,39.276790618896484,39.67710876464844,39.01372528076172,39.322540283203125,23.83087921142578,213419
TRI.TO,2013-07-05,39.43691635131836,39.63135528564453,39.16241455078125,39.34541702270508,23.844745635986328,533065
TRI.TO,2013-07-08,39.45979309082031,39.72285842895508,39.265350341796875,39.45979309082031,23.914060592651367,522836
TRI.TO,2013-07-09,39.597042083740234,40.077423095703125,39.379730224609375,40.031673431396484,24.260648727416992,635971
TRI.TO,2013-07-10,40.00879669189453,40.226112365722656,39.73429489135742,40.10029983520508,24.302230834960938,761959
TRI.TO,2013-07-11,40.32905197143555,40.34048843383789,39.802921295166016,40.14604949951172,24.329952239990234,615163
TRI.TO,2013-07-12,40.237548828125,40.44342803955078,40.11173629760742,40.363365173339844,24.461652755737305,428760
TRI.TO,2013-07-15,40.58068084716797,41.038185119628906,40.557804107666016,40.740806579589844,24.690404891967773,517852
TRI.TO,2013-07-16,40.71792984008789,40.82086944580078,40.512054443359375,40.59211730957031,24.60028648376465,481394
TRI.TO,2013-07-17,40.71792984008789,41.17543411254883,40.69505310058594,40.992431640625,24.84288787841797,560344
TRI.TO,2013-07-18,40.935245513916016,41.33556365966797,40.935245513916016,41.038185119628906,24.870624542236328,392477
TRI.TO,2013-07-19,40.923805236816406,41.24406051635742,40.740806579589844,40.935245513916016,24.80824089050293,352871
TRI.TO,2013-07-22,40.832305908203125,41.17543411254883,40.832305908203125,40.9581184387207,24.822101593017578,311778
TRI.TO,2013-07-23,41.17543411254883,41.415626525878906,41.061058044433594,41.255496978759766,25.002309799194336,505350
TRI.TO,2013-07-24,41.221187591552734,41.59862518310547,41.106807708740234,41.209747314453125,24.97458839416504,506749
TRI.TO,2013-07-25,41.255496978759766,41.50712585449219,41.106807708740234,41.4499397277832,25.12017059326172,616387
TRI.TO,2013-07-26,41.415626525878906,41.55287551879883,40.9581184387207,41.47281265258789,25.13402557373047,707840
TRI.TO,2013-07-29,41.4041862487793,42.296321868896484,41.39274978637695,41.59862518310547,25.210262298583984,1133365
TRI.TO,2013-07-30,41.62150192260742,41.632938385009766,39.905860900878906,40.2032356262207,24.364620208740234,1483613
TRI.TO,2013-07-31,40.21467590332031,40.77511978149414,39.95161056518555,40.031673431396484,24.260648727416992,1043836
TRI.TO,2013-08-01,40.52349090576172,40.91236877441406,40.26042556762695,40.90093231201172,24.787450790405273,898176
TRI.TO,2013-08-02,40.786556243896484,41.12968444824219,40.740806579589844,40.889495849609375,24.78050994873047,618835
TRI.TO,2013-08-06,40.6493034362793,40.980995178222656,40.29473876953125,40.740806579589844,24.690404891967773,844057
TRI.TO,2013-08-07,40.48917770385742,40.71792984008789,40.47774124145508,40.603553771972656,24.60722541809082,463033
TRI.TO,2013-08-08,40.603553771972656,41.061058044433594,40.58068084716797,40.71792984008789,24.67654037475586,481656
TRI.TO,2013-08-09,40.603553771972656,40.85518264770508,40.512054443359375,40.75224304199219,24.69732666015625,355056
TRI.TO,2013-08-12,40.70649337768555,41.4041862487793,40.63786697387695,41.28981018066406,25.023115158081055,619797
TRI.TO,2013-08-13,41.4041862487793,41.67869186401367,41.33556365966797,41.38131332397461,25.078575134277344,738528
TRI.TO,2013-08-14,41.4499397277832,41.47281265258789,41.038185119628906,41.33556365966797,25.050851821899414,757150
TRI.TO,2013-08-15,41.27837371826172,41.27837371826172,40.82086944580078,40.992431640625,24.84288787841797,1002656
TRI.TO,2013-08-16,40.85518264770508,41.4041862487793,40.85518264770508,41.163997650146484,24.94687271118164,934198
TRI.TO,2013-08-19,40.94668197631836,41.19831085205078,40.786556243896484,40.878055572509766,24.773582458496094,576256
TRI.TO,2013-08-20,40.70649337768555,40.71792984008789,40.11173629760742,40.454864501953125,24.74978256225586,694113
TRI.TO,2013-08-21,40.24898910522461,40.603553771972656,39.91729736328125,40.2032356262207,24.595849990844727,722615
TRI.TO,2013-08-22,40.34048843383789,40.63786697387695,40.21467590332031,40.603553771972656,24.840757369995117,754615
TRI.TO,2013-08-23,40.67218017578125,40.889495849609375,40.409114837646484,40.47774124145508,24.763784408569336,547142
TRI.TO,2013-08-26,40.56924057006836,40.6493034362793,40.2718620300293,40.29473876953125,24.651832580566406,676190
TRI.TO,2013-08-27,39.654232025146484,40.19179916381836,39.53985595703125,39.608482360839844,24.231975555419922,619097
TRI.TO,2013-08-28,39.66566848754883,40.123172760009766,39.5627326965332,39.699981689453125,24.28795623779297,660802
TRI.TO,2013-08-29,39.654232025146484,40.2032356262207,39.654232025146484,40.077423095703125,24.518878936767578,575994
TRI.TO,2013-08-30,40.00879669189453,40.077423095703125,39.482666015625,39.482666015625,24.155012130737305,650397
TRI.TO,2013-09-03,39.79148483276367,40.031673431396484,39.67710876464844,39.8257942199707,24.364927291870117,577480
TRI.TO,2013-09-04,39.8257942199707,40.04310989379883,39.73429489135742,39.974483489990234,24.455894470214844,466356
TRI.TO,2013-09-05,39.974483489990234,40.62643051147461,39.905860900878906,40.603553771972656,24.840757369995117,569174
TRI.TO,2013-09-06,40.84374237060547,40.84374237060547,40.11173629760742,40.43199157714844,24.735794067382812,551863
TRI.TO,2013-09-09,40.34048843383789,40.47774124145508,40.00879669189453,40.466304779052734,24.75679588317871,404105
TRI.TO,2013-09-10,40.878055572509766,40.878055572509766,40.47774124145508,40.71792984008789,24.910730361938477,747358
TRI.TO,2013-09-11,40.76367950439453,41.04962158203125,40.454864501953125,41.00387191772461,25.085664749145508,493022
TRI.TO,2013-09-12,41.038185119628906,41.27837371826172,40.80942916870117,40.889495849609375,25.01568603515625,793434
TRI.TO,2013-09-13,41.0267448425293,41.24406051635742,40.878055572509766,40.992431640625,25.078657150268555,651010
TRI.TO,2013-09-16,40.980995178222656,41.438499450683594,40.980995178222656,41.19831085205078,25.20462417602539,710900
TRI.TO,2013-09-17,41.12968444824219,41.33556365966797,40.980995178222656,41.209747314453125,25.21160888671875,580803
TRI.TO,2013-09-18,41.12968444824219,41.50712585449219,41.12968444824219,41.415626525878906,25.33756446838379,614376
TRI.TO,2013-09-19,41.39274978637695,41.39274978637695,41.0267448425293,41.17543411254883,25.190622329711914,395624
TRI.TO,2013-09-20,41.17543411254883,41.23262405395508,41.0267448425293,41.08393478393555,25.134641647338867,1316183
TRI.TO,2013-09-23,40.935245513916016,41.587188720703125,40.935245513916016,41.55287551879883,25.421537399291992,435930
TRI.TO,2013-09-24,41.51856231689453,41.93031692504883,41.47281265258789,41.77019119262695,25.554485321044922,686332
TRI.TO,2013-09-25,41.77019119262695,41.964630126953125,41.62150192260742,41.747314453125,25.540489196777344,645239
TRI.TO,2013-09-26,41.90744400024414,42.04469299316406,41.690128326416016,41.85025405883789,25.60346794128418,706703
TRI.TO,2013-09-27,41.7816276550293,41.80450439453125,41.358436584472656,41.438499450683594,25.3515625,429635
TRI.TO,2013-09-30,41.27837371826172,41.747314453125,41.118247985839844,41.19831085205078,25.20462417602539,874832
TRI.TO,2013-10-01,41.17543411254883,41.747314453125,41.17543411254883,41.50712585449219,25.393543243408203,823860
TRI.TO,2013-10-02,41.255496978759766,41.56431579589844,40.75224304199219,40.76367950439453,24.938722610473633,1564836
TRI.TO,2013-10-03,40.71792984008789,40.90093231201172,40.54636764526367,40.683616638183594,24.889732360839844,888559
TRI.TO,2013-10-04,40.77511978149414,41.038185119628906,40.54636764526367,40.54636764526367,24.80576515197754,624431
TRI.TO,2013-10-07,40.226112365722656,40.660743713378906,40.2032356262207,40.363365173339844,24.693809509277344,669632
TRI.TO,2013-10-08,40.2718620300293,40.500614166259766,40.11173629760742,40.32905197143555,24.672815322875977,592256
TRI.TO,2013-10-09,40.3176155090332,40.603553771972656,40.226112365722656,40.29473876953125,24.651832580566406,515667
TRI.TO,2013-10-10,40.59211730957031,41.118247985839844,40.59211730957031,41.00387191772461,25.085664749145508,437941
TRI.TO,2013-10-11,41.17543411254883,41.266937255859375,41.0267448425293,41.106807708740234,25.14864730834961,416345
TRI.TO,2013-10-15,41.42706298828125,41.42706298828125,40.889495849609375,41.18687438964844,25.197622299194336,768254
TRI.TO,2013-10-16,41.18687438964844,41.312686920166016,40.82086944580078,40.878055572509766,25.00869369506836,669545
TRI.TO,2013-10-17,40.82086944580078,41.30125045776367,40.70649337768555,41.23262405395508,25.225614547729492,554311
TRI.TO,2013-10-18,41.14112091064453,41.39274978637695,41.118247985839844,41.18687438964844,25.197622299194336,820188
TRI.TO,2013-10-21,41.09537124633789,41.484249114990234,41.09537124633789,41.38131332397461,25.31658363342285,817915
TRI.TO,2013-10-22,41.46137619018555,41.99894332885742,41.38131332397461,41.964630126953125,25.67344093322754,816341
TRI.TO,2013-10-23,41.77019119262695,42.36494827270508,41.56431579589844,42.2048225402832,25.82039451599121,929564
TRI.TO,2013-10-24,42.07900619506836,42.490760803222656,42.07900619506836,42.22769546508789,25.834386825561523,853674
TRI.TO,2013-10-25,42.193382263183594,42.41069793701172,42.07900619506836,42.28488540649414,25.86936378479004,1359986
TRI.TO,2013-10-28,42.31919860839844,42.879642486572266,42.15907287597656,42.68519973754883,26.11427879333496,1402914
TRI.TO,2013-10-29,43.17701721191406,44.14921569824219,43.17701721191406,44.1263427734375,26.99594497680664,2360281
TRI.TO,2013-10-30,44.14921569824219,45.09853744506836,44.1263427734375,44.995601654052734,27.527761459350586,2163912
TRI.TO,2013-10-31,44.62959671020508,45.45310592651367,44.62959671020508,44.812599182128906,27.415794372558594,1834997
TRI.TO,2013-11-01,44.835472106933594,45.475982666015625,44.812599182128906,45.418792724609375,27.78665542602539,983858
TRI.TO,2013-11-04,45.132850646972656,45.59035873413086,45.07566452026367,45.15572738647461,27.625717163085938,784079
TRI.TO,2013-11-05,44.8469123840332,45.647544860839844,44.8469123840332,45.475982666015625,27.82164192199707,1064382
TRI.TO,2013-11-06,45.49885559082031,45.750484466552734,45.361602783203125,45.54460525512695,27.863632202148438,1384466
TRI.TO,2013-11-07,45.61323165893555,45.78479766845703,45.418792724609375,45.45310592651367,27.807641983032227,587622
TRI.TO,2013-11-08,45.40735626220703,45.899173736572266,45.40735626220703,45.841983795166016,28.045557022094727,610004
TRI.TO,2013-11-11,45.78479766845703,45.944923400878906,45.59035873413086,45.59035873413086,27.891613006591797,338707
TRI.TO,2013-11-12,45.6361083984375,45.87629699707031,45.39591598510742,45.68185806274414,27.94759750366211,1032732
TRI.TO,2013-11-13,45.54460525512695,45.887733459472656,45.43022918701172,45.81911087036133,28.031570434570312,725675
TRI.TO,2013-11-14,45.48741912841797,46.448177337646484,45.48741912841797,46.082176208496094,28.1925106048584,1257866
TRI.TO,2013-11-15,46.0135498046875,46.10504913330078,45.65898132324219,45.78479766845703,28.010581970214844,1264336
TRI.TO,2013-11-18,45.76192092895508,46.18511199951172,45.71617126464844,45.83054733276367,28.03856658935547,462072
TRI.TO,2013-11-19,45.315853118896484,45.6704216003418,45.28153991699219,45.475982666015625,28.05902671813965,830243
TRI.TO,2013-11-20,45.327293395996094,45.65898132324219,45.327293395996094,45.44166946411133,28.037864685058594,767992
TRI.TO,2013-11-21,45.418792724609375,45.9792366027832,45.418792724609375,45.87629699707031,28.306026458740234,1351243
TRI.TO,2013-11-22,45.76192092895508,45.99067306518555,45.693294525146484,45.693294525146484,28.193115234375,830330
TRI.TO,2013-11-25,45.83054733276367,45.9792366027832,45.57891845703125,45.59035873413086,28.129594802856445,832778
TRI.TO,2013-11-26,45.57891845703125,45.693294525146484,44.92697525024414,44.92697525024414,27.720287322998047,1131791
TRI.TO,2013-11-27,45.2243537902832,45.65898132324219,45.2243537902832,45.38447952270508,28.00257110595703,684146
TRI.TO,2013-11-28,45.6704216003418,45.68185806274414,45.087100982666016,45.16716384887695,27.86848258972168,109638
TRI.TO,2013-11-29,45.1786003112793,45.76192092895508,45.1786003112793,45.2586669921875,27.924943923950195,427012
TRI.TO,2013-12-02,45.10997772216797,45.78479766845703,45.10997772216797,45.72760772705078,28.214282989501953,550552
TRI.TO,2013-12-03,45.44166946411133,45.77335739135742,45.327293395996094,45.61323165893555,28.143722534179688,738615
TRI.TO,2013-12-04,45.12141418457031,45.28153991699219,44.8469123840332,45.20147705078125,27.889652252197266,795795
TRI.TO,2013-12-05,45.09853744506836,45.39591598510742,44.709659576416016,44.709659576416016,27.58620262145996,730572
TRI.TO,2013-12-06,44.995601654052734,45.07566452026367,44.85834884643555,44.94984817504883,27.734403610229492,780932
TRI.TO,2013-12-09,44.94984817504883,45.53316879272461,44.94984817504883,45.39591598510742,28.009628295898438,813281
TRI.TO,2013-12-10,45.1786003112793,45.418792724609375,44.892662048339844,45.09853744506836,27.826143264770508,458574
TRI.TO,2013-12-11,45.16716384887695,45.212913513183594,44.44659423828125,44.515220642089844,27.466230392456055,913652
TRI.TO,2013-12-12,44.40084457397461,44.835472106933594,44.40084457397461,44.58384704589844,27.508569717407227,696036
TRI.TO,2013-12-13,44.67534637451172,44.835472106933594,44.49234390258789,44.572410583496094,27.50152587890625,512519
TRI.TO,2013-12-16,44.618160247802734,45.144290924072266,44.618160247802734,44.892662048339844,27.699111938476562,752254
TRI.TO,2013-12-17,45.06422424316406,45.06422424316406,44.68678665161133,44.721099853515625,27.593257904052734,915662
TRI.TO,2013-12-18,44.721099853515625,44.97272491455078,44.26359176635742,44.74397277832031,27.607370376586914,975553
TRI.TO,2013-12-19,45.2586669921875,45.750484466552734,45.07566452026367,45.53316879272461,28.094310760498047,932799
TRI.TO,2013-12-20,45.739044189453125,46.3566780090332,45.704734802246094,45.841983795166016,28.28485107421875,1755348
TRI.TO,2013-12-23,45.87629699707031,46.082176208496094,45.72760772705078,45.967796325683594,28.36246681213379,287822
TRI.TO,2013-12-24,46.15079879760742,46.28805160522461,46.0135498046875,46.15079879760742,28.47538948059082,115933
TRI.TO,2013-12-27,46.36811447143555,46.551116943359375,46.24230194091797,46.459617614746094,28.665935516357422,252500
TRI.TO,2013-12-30,46.34524154663086,46.41386413574219,46.024986267089844,46.28805160522461,28.560073852539062,235538
TRI.TO,2013-12-31,46.28805160522461,46.33380126953125,45.9334831237793,45.944923400878906,28.348371505737305,250926
TRI.TO,2014-01-02,45.78479766845703,45.887733459472656,45.510292053222656,45.647544860839844,28.164884567260742,486989
TRI.TO,2014-01-03,45.521732330322266,45.91061019897461,45.521732330322266,45.76192092895508,28.235454559326172,307407
TRI.TO,2014-01-06,45.85342025756836,45.967796325683594,45.704734802246094,45.80767059326172,28.26368522644043,512781
TRI.TO,2014-01-07,46.0135498046875,46.19655227661133,45.91061019897461,45.91061019897461,28.327198028564453,516279
TRI.TO,2014-01-08,45.78479766845703,46.09361267089844,45.704734802246094,45.77335739135742,28.242517471313477,490487
TRI.TO,2014-01-09,45.77335739135742,46.24230194091797,45.693294525146484,46.03642272949219,28.40482521057129,455689
TRI.TO,2014-01-10,46.173675537109375,47.00862121582031,46.116485595703125,46.8027458190918,28.87765121459961,800341
TRI.TO,2014-01-13,46.825618743896484,47.04293441772461,46.402427673339844,46.551116943359375,28.722393035888672,1130655
TRI.TO,2014-01-14,46.68836975097656,46.882808685302734,46.3566780090332,46.41386413574219,28.637706756591797,535688
TRI.TO,2014-01-15,46.402427673339844,46.985748291015625,46.402427673339844,46.79130554199219,28.870588302612305,840210
TRI.TO,2014-01-16,46.459617614746094,46.96287155151367,46.459617614746094,46.89424514770508,28.93410301208496,750331
TRI.TO,2014-01-17,46.96287155151367,47.39750289916992,46.89424514770508,47.1458740234375,29.089366912841797,566377
TRI.TO,2014-01-20,47.34031295776367,47.92362976074219,47.10012435913086,47.729190826416016,29.44927978515625,226883
TRI.TO,2014-01-21,47.61481475830078,48.15238571166992,47.31743621826172,47.626251220703125,29.385765075683594,699883
TRI.TO,2014-01-22,47.351749420166016,47.626251220703125,47.31743621826172,47.38606262207031,29.23756217956543,1164316
TRI.TO,2014-01-23,47.19162368774414,47.37462615966797,46.871368408203125,47.00862121582031,29.004688262939453,824822
TRI.TO,2014-01-24,46.95143508911133,47.00862121582031,45.887733459472656,45.92204666137695,28.33424186706543,840297
TRI.TO,2014-01-27,45.750484466552734,46.402427673339844,45.750484466552734,45.899173736572266,28.320146560668945,840997
TRI.TO,2014-01-28,46.00210952758789,46.28805160522461,45.899173736572266,46.10504913330078,28.447166442871094,520388
TRI.TO,2014-01-29,45.80767059326172,46.082176208496094,45.35016632080078,45.967796325683594,28.36246681213379,563579
TRI.TO,2014-01-30,46.18511199951172,46.51680374145508,46.070735931396484,46.3909912109375,28.62360191345215,425088
TRI.TO,2014-01-31,45.899173736572266,46.082176208496094,45.693294525146484,45.95635986328125,28.355426788330078,780232
TRI.TO,2014-02-03,45.750484466552734,45.78479766845703,45.00703811645508,45.10997772216797,27.83319854736328,938307
TRI.TO,2014-02-04,45.09853744506836,45.23579025268555,44.80116271972656,44.892662048339844,27.699111938476562,1083092
TRI.TO,2014-02-05,45.07566452026367,45.30441665649414,44.80116271972656,45.144290924072266,27.854373931884766,1254632
TRI.TO,2014-02-06,45.132850646972656,46.03642272949219,45.01847457885742,45.80767059326172,28.26368522644043,1322915
TRI.TO,2014-02-07,45.95635986328125,46.219425201416016,45.71617126464844,45.78479766845703,28.249568939208984,660015
TRI.TO,2014-02-10,45.92204666137695,46.03642272949219,45.6017951965332,45.72760772705078,28.214282989501953,620059
TRI.TO,2014-02-11,45.704734802246094,46.379554748535156,45.65898132324219,46.00210952758789,28.383655548095703,1676223
TRI.TO,2014-02-12,44.0920295715332,44.183528900146484,43.005455017089844,43.17701721191406,26.64055061340332,2822877
TRI.TO,2014-02-13,42.89107894897461,43.371456146240234,42.36494827270508,43.096954345703125,26.591154098510742,1679633
TRI.TO,2014-02-14,42.868202209472656,43.485836029052734,42.55938720703125,43.096954345703125,26.591154098510742,854111
TRI.TO,2014-02-18,43.108394622802734,43.485836029052734,43.03976821899414,43.257083892822266,26.68996238708496,780494
TRI.TO,2014-02-19,43.36001968383789,43.851837158203125,43.17701721191406,43.54302215576172,26.866378784179688,1000383
TRI.TO,2014-02-20,43.3371467590332,43.72602462768555,43.03976821899414,43.577335357666016,27.148557662963867,1630671
TRI.TO,2014-02-21,43.77177429199219,44.06915283203125,43.69171142578125,43.863277435302734,27.326692581176758,1455547
TRI.TO,2014-02-24,43.88615036010742,44.29790496826172,43.65739822387695,44.080589294433594,27.462081909179688,1623677
TRI.TO,2014-02-25,44.16065216064453,44.30934143066406,43.817527770996094,43.89759063720703,27.348064422607422,705042
TRI.TO,2014-02-26,43.909027099609375,44.21784210205078,43.7832145690918,43.817527770996094,27.298194885253906,497219
TRI.TO,2014-02-27,43.7145881652832,44.03483963012695,43.40576934814453,43.760337829589844,27.262557983398438,1101890
TRI.TO,2014-02-28,43.60021209716797,43.863277435302734,43.46295928955078,43.46295928955078,27.077299118041992,889521
TRI.TO,2014-03-03,43.26852035522461,43.41720962524414,42.79957580566406,43.051204681396484,26.820768356323242,676277
TRI.TO,2014-03-04,43.108394622802734,43.60021209716797,43.108394622802734,43.36001968383789,27.013174057006836,921345
TRI.TO,2014-03-05,43.40576934814453,43.46295928955078,43.08551788330078,43.45152282714844,27.070167541503906,733806
TRI.TO,2014-03-06,43.45152282714844,43.46295928955078,43.16558074951172,43.22277069091797,26.927650451660156,648649
TRI.TO,2014-03-07,43.56589889526367,43.634525299072266,43.22277069091797,43.27995681762695,26.963300704956055,735730
TRI.TO,2014-03-10,43.17701721191406,43.520145416259766,43.17701721191406,43.382896423339844,27.027423858642578,394662
TRI.TO,2014-03-11,43.44008255004883,43.46295928955078,43.06264114379883,43.154144287109375,26.884904861450195,498793
TRI.TO,2014-03-12,42.83388900756836,43.08551788330078,42.59370040893555,42.879642486572266,26.713890075683594,853237
TRI.TO,2014-03-13,42.822452545166016,42.89107894897461,42.31919860839844,42.490760803222656,26.471616744995117,801128
TRI.TO,2014-03-14,42.33063507080078,42.79957580566406,42.15907287597656,42.43357467651367,26.435989379882812,691403
TRI.TO,2014-03-17,42.502197265625,43.03976821899414,42.502197265625,42.730953216552734,26.62126350402832,513481
TRI.TO,2014-03-18,42.83388900756836,43.428646087646484,42.616573333740234,43.36001968383789,27.013174057006836,507186
TRI.TO,2014-03-19,43.302833557128906,43.87471389770508,43.302833557128906,43.7145881652832,27.23405647277832,764582
TRI.TO,2014-03-20,43.806087493896484,44.011966705322266,43.2913932800293,43.382896423339844,27.027423858642578,899837
TRI.TO,2014-03-21,43.245643615722656,44.11490249633789,43.108394622802734,43.623085021972656,27.177059173583984,1602781
TRI.TO,2014-03-24,43.79465103149414,44.17209243774414,43.69171142578125,43.77177429199219,27.269685745239258,1914909
TRI.TO,2014-03-25,43.7832145690918,44.03483963012695,43.60021209716797,43.69171142578125,27.219802856445312,628015
TRI.TO,2014-03-26,43.863277435302734,43.97765350341797,43.17701721191406,43.22277069091797,26.927650451660156,738265
TRI.TO,2014-03-27,43.27995681762695,43.325706481933594,42.730953216552734,42.925392150878906,26.74239730834961,536650
TRI.TO,2014-03-28,42.91395568847656,43.36001968383789,42.90251541137695,43.01689147949219,26.799388885498047,512432
TRI.TO,2014-03-31,43.17701721191406,43.45152282714844,43.06264114379883,43.22277069091797,26.927650451660156,844931
TRI.TO,2014-04-01,43.245643615722656,43.817527770996094,43.11983108520508,43.79465103149414,27.283935546875,1009039
TRI.TO,2014-04-02,43.7489013671875,44.0920295715332,43.577335357666016,43.97765350341797,27.39794921875,569611
TRI.TO,2014-04-03,44.11490249633789,44.458030700683594,44.02340316772461,44.30934143066406,27.604583740234375,1005891
TRI.TO,2014-04-04,44.36653137207031,44.36653137207031,44.057716369628906,44.11490249633789,27.483448028564453,947575
TRI.TO,2014-04-07,43.97765350341797,44.21784210205078,43.7832145690918,43.82896423339844,27.30531120300293,664649
TRI.TO,2014-04-08,44.02340316772461,44.02340316772461,43.6688346862793,43.84040069580078,27.312448501586914,416695
TRI.TO,2014-04-09,43.82896423339844,43.98908996582031,43.302833557128906,43.65739822387695,27.198427200317383,609218
TRI.TO,2014-04-10,43.69171142578125,43.92046356201172,43.26852035522461,43.26852035522461,26.956167221069336,882002
TRI.TO,2014-04-11,43.23420715332031,43.371456146240234,42.43357467651367,42.5822639465332,26.52862548828125,578704
TRI.TO,2014-04-14,42.89107894897461,43.08551788330078,42.55938720703125,42.84532928466797,26.692506790161133,559032
TRI.TO,2014-04-15,42.93682861328125,43.27995681762695,42.765262603759766,43.07408142089844,26.835031509399414,467055
TRI.TO,2014-04-16,43.302833557128906,43.806087493896484,43.27995681762695,43.7489013671875,27.25543785095215,440564
TRI.TO,2014-04-17,43.680274963378906,43.954776763916016,43.58877182006836,43.863277435302734,27.326692581176758,447208
TRI.TO,2014-04-21,43.97765350341797,44.06915283203125,43.817527770996094,43.851837158203125,27.31956672668457,260981
TRI.TO,2014-04-22,44.02340316772461,44.080589294433594,43.69171142578125,43.760337829589844,27.262557983398438,420629
TRI.TO,2014-04-23,43.7145881652832,43.7832145690918,43.371456146240234,43.371456146240234,27.020296096801758,579491
TRI.TO,2014-04-24,43.56589889526367,43.56589889526367,43.108394622802734,43.428646087646484,27.05591583251953,499842
TRI.TO,2014-04-25,43.0283317565918,43.806087493896484,42.98257827758789,43.65739822387695,27.198427200317383,660977
TRI.TO,2014-04-28,43.851837158203125,43.92046356201172,43.39433288574219,43.703147888183594,27.2269344329834,455951
TRI.TO,2014-04-29,43.703147888183594,44.080589294433594,43.634525299072266,43.634525299072266,27.18417739868164,581065
TRI.TO,2014-04-30,44.06915283203125,45.78479766845703,43.98908996582031,45.373043060302734,28.267276763916016,1127507
TRI.TO,2014-05-01,45.40735626220703,45.750484466552734,44.766849517822266,44.90409851074219,27.975130081176758,486989
TRI.TO,2014-05-02,44.8812255859375,45.132850646972656,44.67534637451172,44.835472106933594,27.93235969543457,370444
TRI.TO,2014-05-05,44.755409240722656,44.766849517822266,44.10346603393555,44.25215530395508,27.568973541259766,592781
TRI.TO,2014-05-06,44.240718841552734,44.240718841552734,43.817527770996094,43.98908996582031,27.405067443847656,534377
TRI.TO,2014-05-07,44.03483963012695,44.29790496826172,43.93190383911133,44.20640563964844,27.54045867919922,698047
TRI.TO,2014-05-08,44.14921569824219,44.19496536254883,43.87471389770508,43.96621322631836,27.39082145690918,466181
TRI.TO,2014-05-09,44.04627990722656,44.52665710449219,44.04627990722656,44.332218170166016,27.61884117126465,417657
TRI.TO,2014-05-12,44.58384704589844,44.96128845214844,44.35509490966797,44.892662048339844,27.96799087524414,614201
TRI.TO,2014-05-13,44.92697525024414,45.09853744506836,44.755409240722656,45.05278778076172,28.067747116088867,676976
TRI.TO,2014-05-14,45.132850646972656,45.270103454589844,45.00703811645508,45.212913513183594,28.167516708374023,604409
TRI.TO,2014-05-15,45.212913513183594,45.35016632080078,44.4694709777832,44.65247344970703,27.818363189697266,625917
TRI.TO,2014-05-16,44.606719970703125,44.606719970703125,44.080589294433594,44.48090744018555,27.711477279663086,479645
TRI.TO,2014-05-20,44.11490249633789,44.29790496826172,43.18845748901367,43.21133041381836,27.171358108520508,608343
TRI.TO,2014-05-21,43.302833557128906,44.19496536254883,43.302833557128906,44.11490249633789,27.739513397216797,586923
TRI.TO,2014-05-22,43.97765350341797,44.03483963012695,43.6688346862793,43.680274963378906,27.466230392456055,337483
TRI.TO,2014-05-23,43.60021209716797,43.760337829589844,43.46295928955078,43.7489013671875,27.50937843322754,280303
TRI.TO,2014-05-26,43.92046356201172,44.14921569824219,43.58877182006836,43.7489013671875,27.50937843322754,102993
TRI.TO,2014-05-27,43.77177429199219,44.03483963012695,43.65739822387695,43.79465103149414,27.538143157958984,395362
TRI.TO,2014-05-28,43.703147888183594,43.87471389770508,43.49727249145508,43.64596176147461,27.444656372070312,505350
TRI.TO,2014-05-29,43.61164855957031,43.92046356201172,43.005455017089844,43.17701721191406,27.149795532226562,708014
TRI.TO,2014-05-30,43.11983108520508,43.26852035522461,42.9940185546875,42.9940185546875,27.034706115722656,1333232
TRI.TO,2014-06-02,43.6688346862793,43.909027099609375,43.64596176147461,43.87471389770508,27.588481903076172,520650
TRI.TO,2014-06-03,43.73746109008789,43.94334030151367,42.925392150878906,42.93682861328125,26.99874496459961,592955
TRI.TO,2014-06-04,42.9940185546875,43.27995681762695,42.59370040893555,43.17701721191406,27.149795532226562,419580
TRI.TO,2014-06-05,43.096954345703125,43.46295928955078,42.89107894897461,43.39433288574219,27.28643226623535,613851
TRI.TO,2014-06-06,43.485836029052734,43.84040069580078,43.39433288574219,43.72602462768555,27.494993209838867,386182
TRI.TO,2014-06-09,43.623085021972656,44.04627990722656,43.58877182006836,44.000526428222656,27.667604446411133,428673
TRI.TO,2014-06-10,44.02340316772461,44.20640563964844,43.817527770996094,44.137779235839844,27.7539005279541,352433
TRI.TO,2014-06-11,44.011966705322266,44.011966705322266,43.7145881652832,43.88615036010742,27.595680236816406,386269
TRI.TO,2014-06-12,43.72602462768555,44.000526428222656,43.634525299072266,43.89759063720703,27.602874755859375,260893
TRI.TO,2014-06-13,44.03483963012695,44.080589294433594,43.79465103149414,43.954776763916016,27.638830184936523,274882
TRI.TO,2014-06-16,43.92046356201172,44.04627990722656,43.82896423339844,43.954776763916016,27.638830184936523,375690
TRI.TO,2014-06-17,43.851837158203125,44.4694709777832,43.84040069580078,44.32078170776367,27.868976593017578,285549
TRI.TO,2014-06-18,44.21784210205078,44.5380973815918,44.06915283203125,44.41228103637695,27.92650604248047,355843
TRI.TO,2014-06-19,44.332218170166016,44.4694709777832,44.0920295715332,44.137779235839844,27.7539005279541,307232
TRI.TO,2014-06-20,44.06915283203125,44.36653137207031,44.000526428222656,44.26359176635742,27.833019256591797,1630322
TRI.TO,2014-06-23,44.21784210205078,44.35509490966797,44.04627990722656,44.240718841552734,27.818639755249023,303472
TRI.TO,2014-06-24,44.332218170166016,44.41228103637695,44.16065216064453,44.20640563964844,27.797061920166016,320434
TRI.TO,2014-06-25,44.35509490966797,44.35509490966797,44.06915283203125,44.229278564453125,27.81144905090332,440039
TRI.TO,2014-06-26,44.20640563964844,44.332218170166016,43.806087493896484,44.11490249633789,27.739513397216797,422640
TRI.TO,2014-06-27,44.0920295715332,44.332218170166016,43.954776763916016,44.29790496826172,27.854583740234375,315450
TRI.TO,2014-06-30,44.40084457397461,44.48090744018555,44.057716369628906,44.435157775878906,27.940902709960938,483667
TRI.TO,2014-07-02,44.17209243774414,44.618160247802734,43.94334030151367,44.560970306396484,28.020000457763672,543382
TRI.TO,2014-07-03,44.721099853515625,44.892662048339844,44.5380973815918,44.606719970703125,28.048776626586914,1184687
TRI.TO,2014-07-04,44.606719970703125,45.06422424316406,44.606719970703125,44.67534637451172,28.09193229675293,88043
TRI.TO,2014-07-07,44.65247344970703,44.96128845214844,44.5037841796875,44.92697525024414,28.250158309936523,319122
TRI.TO,2014-07-08,44.755409240722656,45.05278778076172,44.65247344970703,44.90409851074219,28.23577117919922,938832
TRI.TO,2014-07-09,44.938411712646484,45.144290924072266,44.618160247802734,45.10997772216797,28.365232467651367,688255
TRI.TO,2014-07-10,44.938411712646484,45.06422424316406,44.44659423828125,45.00703811645508,28.30049705505371,955181
TRI.TO,2014-07-11,45.16716384887695,45.212913513183594,44.90409851074219,45.190040588378906,28.415576934814453,310991
TRI.TO,2014-07-14,45.132850646972656,45.57891845703125,45.132850646972656,45.464542388916016,28.588178634643555,407427
TRI.TO,2014-07-15,45.38447952270508,45.6361083984375,45.15572738647461,45.20147705078125,28.422765731811523,418007
TRI.TO,2014-07-16,45.38447952270508,45.6361083984375,45.33872985839844,45.48741912841797,28.60257339477539,228194
TRI.TO,2014-07-17,45.38447952270508,45.43022918701172,45.041351318359375,45.087100982666016,28.35084342956543,571448
TRI.TO,2014-07-18,44.97272491455078,45.190040588378906,44.97272491455078,45.132850646972656,28.379613876342773,262729
TRI.TO,2014-07-21,45.12141418457031,45.15572738647461,44.892662048339844,44.96128845214844,28.271728515625,399471
TRI.TO,2014-07-22,44.82403564453125,45.2243537902832,44.82403564453125,45.144290924072266,28.386802673339844,487864
TRI.TO,2014-07-23,45.190040588378906,45.62466812133789,45.12141418457031,45.315853118896484,28.49468994140625,305833
TRI.TO,2014-07-24,45.28153991699219,45.61323165893555,45.15572738647461,45.475982666015625,28.595373153686523,333286
TRI.TO,2014-07-25,45.40735626220703,45.85342025756836,45.33872985839844,45.61323165893555,28.681669235229492,228194
TRI.TO,2014-07-28,45.693294525146484,45.85342025756836,45.44166946411133,45.78479766845703,28.789552688598633,346051
TRI.TO,2014-07-29,45.78479766845703,46.173675537109375,45.739044189453125,45.841983795166016,28.825515747070312,879728
TRI.TO,2014-07-30,46.551116943359375,47.889320373535156,46.551116943359375,47.37462615966797,29.789249420166016,1230588
TRI.TO,2014-07-31,47.1115608215332,47.71775436401367,46.882808685302734,47.1115608215332,29.623823165893555,904559
TRI.TO,2014-08-01,47.203060150146484,47.203060150146484,46.63117980957031,46.882808685302734,29.479999542236328,918373
TRI.TO,2014-08-05,47.04293441772461,47.1801872253418,46.20798873901367,46.505367279052734,29.24266242980957,1158021
TRI.TO,2014-08-06,46.322364807128906,46.596866607666016,46.230865478515625,46.56255340576172,29.278602600097656,427274
TRI.TO,2014-08-07,46.56255340576172,46.882808685302734,46.448177337646484,46.61974334716797,29.3145694732666,479033
TRI.TO,2014-08-08,46.90568161010742,46.90568161010742,46.49393081665039,46.83705520629883,29.451217651367188,367384
TRI.TO,2014-08-11,46.66549301147461,47.214500427246094,46.66549301147461,46.89424514770508,29.487180709838867,247429
TRI.TO,2014-08-12,46.95143508911133,47.32887649536133,46.83705520629883,47.031497955322266,29.573476791381836,415908
TRI.TO,2014-08-13,47.1115608215332,47.1115608215332,46.47105407714844,46.928558349609375,29.50874900817871,497656
TRI.TO,2014-08-14,46.8027458190918,47.43181228637695,46.8027458190918,47.38606262207031,29.79644012451172,573808
TRI.TO,2014-08-15,47.38606262207031,47.46612548828125,46.85993194580078,47.23737335205078,29.70294189453125,399733
TRI.TO,2014-08-18,47.23737335205078,47.75206756591797,47.23737335205078,47.37462615966797,29.789249420166016,300062
TRI.TO,2014-08-19,47.12299728393555,47.1801872253418,46.66549301147461,47.05437088012695,29.8465518951416,549765
TRI.TO,2014-08-20,46.89424514770508,47.260250091552734,46.83705520629883,47.23737335205078,29.962635040283203,633786
TRI.TO,2014-08-21,47.157310485839844,47.32887649536133,47.031497955322266,47.16874694824219,29.91910743713379,236151
TRI.TO,2014-08-22,47.134437561035156,47.534751892089844,46.89424514770508,46.96287155151367,29.78852653503418,989367
TRI.TO,2014-08-25,47.06581115722656,47.363189697265625,47.04293441772461,47.23737335205078,29.962635040283203,245593
TRI.TO,2014-08-26,47.34031295776367,47.44325256347656,46.928558349609375,47.16874694824219,29.91910743713379,412149
TRI.TO,2014-08-27,47.031497955322266,47.260250091552734,46.974308013916016,47.203060150146484,29.94086265563965,341942
TRI.TO,2014-08-28,47.1458740234375,47.38606262207031,46.90568161010742,47.020057678222656,29.824787139892578,287647
TRI.TO,2014-08-29,47.020057678222656,47.22593688964844,46.642616271972656,47.12299728393555,29.890085220336914,687381
TRI.TO,2014-09-02,47.08868408203125,47.4890022277832,47.08868408203125,47.39750289916992,30.064207077026367,304521
TRI.TO,2014-09-03,47.46612548828125,47.64912796020508,47.1801872253418,47.305999755859375,30.006166458129883,347100
TRI.TO,2014-09-04,47.43181228637695,47.51187515258789,47.27168655395508,47.44325256347656,30.093219757080078,330751
TRI.TO,2014-09-05,47.305999755859375,47.46612548828125,47.16874694824219,47.32887649536133,30.020673751831055,325417
TRI.TO,2014-09-08,47.47756576538086,47.637691497802734,47.43181228637695,47.51187515258789,30.136747360229492,137966
TRI.TO,2014-09-09,47.47756576538086,47.94650650024414,47.47756576538086,47.67200469970703,30.238323211669922,614289
TRI.TO,2014-09-10,47.729190826416016,47.889320373535156,47.32887649536133,47.5233154296875,30.14400291442871,281877
TRI.TO,2014-09-11,47.46612548828125,47.9350700378418,47.37462615966797,47.67200469970703,30.238323211669922,555448
TRI.TO,2014-09-12,47.740631103515625,47.912193298339844,47.5233154296875,47.69487762451172,30.252822875976562,383909
TRI.TO,2014-09-15,47.60337829589844,47.70631790161133,47.1801872253418,47.39750289916992,30.064207077026367,480257
TRI.TO,2014-09-16,47.28312683105469,47.54618835449219,47.031497955322266,47.10012435913086,29.875572204589844,716583
TRI.TO,2014-09-17,46.871368408203125,47.06581115722656,46.51680374145508,46.53968048095703,29.520099639892578,567601
TRI.TO,2014-09-18,46.596866607666016,46.74555587768555,46.379554748535156,46.61974334716797,29.570871353149414,344652
TRI.TO,2014-09-19,46.52824020385742,46.68836975097656,45.85342025756836,46.127925872802734,29.25890350341797,3758736
TRI.TO,2014-09-22,46.09361267089844,46.871368408203125,46.09361267089844,46.31092834472656,29.374988555908203,569611
TRI.TO,2014-09-23,46.173675537109375,46.47105407714844,46.03642272949219,46.31092834472656,29.374988555908203,412411
TRI.TO,2014-09-24,46.276615142822266,46.48249053955078,46.05929946899414,46.33380126953125,29.389493942260742,488825
TRI.TO,2014-09-25,46.58543014526367,46.58543014526367,45.739044189453125,45.91061019897461,29.121061325073242,867838
TRI.TO,2014-09-26,46.116485595703125,46.3909912109375,45.647544860839844,46.31092834472656,29.374988555908203,528694
TRI.TO,2014-09-29,46.070735931396484,46.36811447143555,45.81911087036133,46.265174865722656,29.34596824645996,394662
TRI.TO,2014-09-30,46.20798873901367,46.79130554199219,45.91061019897461,46.66549301147461,29.59989356994629,454640
TRI.TO,2014-10-01,46.551116943359375,46.66549301147461,46.33380126953125,46.505367279052734,29.49833106994629,944864
TRI.TO,2014-10-02,46.49393081665039,46.63117980957031,45.944923400878906,46.61974334716797,29.570871353149414,513044
TRI.TO,2014-10-03,46.63117980957031,47.9007568359375,46.63117980957031,47.79781723022461,30.318126678466797,956493
TRI.TO,2014-10-06,47.9350700378418,48.15238571166992,47.60337829589844,47.60337829589844,30.19477653503418,745260
TRI.TO,2014-10-07,47.5233154296875,47.626251220703125,46.96287155151367,46.974308013916016,29.795780181884766,2098164
TRI.TO,2014-10-08,47.12299728393555,47.27168655395508,46.871368408203125,47.22593688964844,29.955371856689453,437504
TRI.TO,2014-10-09,47.08868408203125,47.38606262207031,46.91712188720703,47.00862121582031,29.817543029785156,713085
TRI.TO,2014-10-10,46.83705520629883,47.23737335205078,46.34524154663086,46.63117980957031,29.578125,1040426
TRI.TO,2014-10-14,45.475982666015625,46.48249053955078,45.475982666015625,46.09361267089844,29.237140655517578,845893
TRI.TO,2014-10-15,45.567481994628906,46.16223907470703,45.24722671508789,46.00210952758789,29.17910385131836,1043224
TRI.TO,2014-10-16,45.12141418457031,46.24230194091797,45.12141418457031,45.739044189453125,29.012235641479492,904908
TRI.TO,2014-10-17,45.750484466552734,46.0135498046875,45.327293395996094,45.739044189453125,29.012235641479492,606070
TRI.TO,2014-10-20,45.57891845703125,45.99067306518555,45.475982666015625,45.99067306518555,29.171846389770508,394575
TRI.TO,2014-10-21,46.00210952758789,46.93999481201172,45.647544860839844,46.7341194152832,29.643423080444336,508497
TRI.TO,2014-10-22,46.66549301147461,46.68836975097656,46.18511199951172,46.28805160522461,29.360483169555664,558595
TRI.TO,2014-10-23,46.3909912109375,46.84849548339844,46.34524154663086,46.448177337646484,29.4620361328125,577131
TRI.TO,2014-10-24,46.51680374145508,47.54618835449219,46.459617614746094,47.454689025878906,30.100479125976562,332412
TRI.TO,2014-10-27,47.37462615966797,47.8664436340332,47.28312683105469,47.69487762451172,30.252822875976562,439077
TRI.TO,2014-10-28,47.912193298339844,48.04944610595703,47.4890022277832,47.99225616455078,30.441438674926758,497481
TRI.TO,2014-10-29,47.80925369262695,48.209571838378906,47.66056442260742,47.82069396972656,30.332632064819336,616824
TRI.TO,2014-10-30,47.70631790161133,48.02656936645508,47.1801872253418,47.84356689453125,30.347139358520508,465831
TRI.TO,2014-10-31,48.15238571166992,48.438323974609375,47.82069396972656,47.957942962646484,30.419687271118164,682659
TRI.TO,2014-11-03,48.09519577026367,48.438323974609375,47.774940490722656,48.25532150268555,30.608325958251953,557896
TRI.TO,2014-11-04,48.2438850402832,48.73570251464844,48.00369644165039,48.587013244628906,30.818710327148438,509284
TRI.TO,2014-11-05,48.644203186035156,49.479148864746094,48.644203186035156,49.33045959472656,31.290264129638672,492935
TRI.TO,2014-11-06,49.51346206665039,49.673587799072266,48.964454650878906,49.0330810546875,31.101659774780273,341155
TRI.TO,2014-11-07,48.85007858276367,49.26183319091797,48.6213264465332,48.770015716552734,30.934789657592773,287910
TRI.TO,2014-11-10,48.93014144897461,49.45627212524414,48.63276290893555,49.38764572143555,31.326547622680664,487252
TRI.TO,2014-11-11,49.341896057128906,49.45627212524414,48.93014144897461,49.13602066040039,31.166942596435547,423515
TRI.TO,2014-11-12,49.044517517089844,49.616397857666016,48.89582824707031,49.50202178955078,31.399099349975586,1333144
TRI.TO,2014-11-13,49.627838134765625,49.730777740478516,49.30758285522461,49.570648193359375,31.44261932373047,412498
TRI.TO,2014-11-14,49.58208465576172,49.627838134765625,49.22751998901367,49.627838134765625,31.478897094726562,323931
TRI.TO,2014-11-17,49.51346206665039,50.02815246582031,49.479148864746094,49.69646453857422,31.522428512573242,452279
TRI.TO,2014-11-18,49.4448356628418,49.7536506652832,49.12458038330078,49.20464324951172,31.480716705322266,364324
TRI.TO,2014-11-19,49.22751998901367,49.68502426147461,49.07883071899414,49.399085998535156,31.605133056640625,341942
TRI.TO,2014-11-20,49.18177032470703,49.479148864746094,49.0673942565918,49.33045959472656,31.561206817626953,307494
TRI.TO,2014-11-21,49.55921173095703,49.55921173095703,49.01020431518555,49.21608352661133,31.488037109375,345177
TRI.TO,2014-11-24,49.35333251953125,49.673587799072266,49.33045959472656,49.58208465576172,31.722196578979492,340368
TRI.TO,2014-11-25,49.3762092590332,50.10821533203125,49.3762092590332,49.902339935302734,31.927099227905273,714572
TRI.TO,2014-11-26,49.98240280151367,50.1997184753418,49.856590270996094,50.06246566772461,32.02954864501953,391952
TRI.TO,2014-11-27,50.279781341552734,50.87453842163086,50.06246566772461,50.66865921020508,32.417388916015625,397723
TRI.TO,2014-11-28,50.49709701538086,52.33855438232422,50.49709701538086,52.15555191040039,33.36868667602539,1093584
TRI.TO,2014-12-01,53.09343719482422,53.1849365234375,51.53792190551758,51.76667022705078,33.1198844909668,1025738
TRI.TO,2014-12-02,51.80098342895508,52.041175842285156,51.469295501708984,51.86960983276367,33.18574523925781,607819
TRI.TO,2014-12-03,51.686607360839844,52.064048767089844,51.6408576965332,51.94967269897461,33.236976623535156,369395
TRI.TO,2014-12-04,51.91535949707031,52.121238708496094,51.32060623168945,51.686607360839844,33.06866455078125,524759
TRI.TO,2014-12-05,51.81242370605469,52.15555191040039,51.617984771728516,51.80098342895508,33.14183807373047,307319
TRI.TO,2014-12-08,51.7094841003418,51.835296630859375,51.34347915649414,51.65229415893555,33.04671096801758,464869
TRI.TO,2014-12-09,51.2977294921875,51.54935836791992,50.8859748840332,51.25197982788086,32.790584564208984,476673
TRI.TO,2014-12-10,51.02322769165039,51.57223129272461,50.74872589111328,50.94316482543945,32.593013763427734,419843
TRI.TO,2014-12-11,51.05754089355469,51.94967269897461,50.96603775024414,51.62942123413086,33.03207778930664,657217
TRI.TO,2014-12-12,51.52648162841797,51.82386016845703,51.00035095214844,51.240543365478516,32.78327178955078,457875
TRI.TO,2014-12-15,51.44641876220703,51.81242370605469,51.229103088378906,51.54935836791992,32.98085021972656,999858
TRI.TO,2014-12-16,51.52648162841797,52.95618438720703,51.11472702026367,52.57874298095703,33.63943862915039,2826200
TRI.TO,2014-12-17,52.78461837768555,52.78461837768555,52.17842483520508,52.635929107666016,33.676025390625,1185212
TRI.TO,2014-12-18,52.61305618286133,52.76174545288086,52.0869255065918,52.76174545288086,33.75653076171875,969432
TRI.TO,2014-12-19,53.1849365234375,53.71106719970703,52.818931579589844,53.345062255859375,34.12971496582031,2561896
TRI.TO,2014-12-22,53.573814392089844,54.04275894165039,53.48231506347656,53.84832000732422,34.45170593261719,478509
TRI.TO,2014-12-23,53.928382873535156,54.45451354980469,53.882633209228516,54.18001174926758,34.663917541503906,398947
TRI.TO,2014-12-24,54.21432113647461,54.79764175415039,54.21432113647461,54.46595001220703,34.846858978271484,155889
TRI.TO,2014-12-29,54.61463928222656,54.83195495605469,54.065635681152344,54.07707214355469,34.598052978515625,391428
TRI.TO,2014-12-30,54.157135009765625,54.202884674072266,53.676753997802734,53.871192932128906,34.466346740722656,307844
TRI.TO,2014-12-31,53.85975646972656,54.09994888305664,53.58525466918945,53.60812759399414,34.29802322387695,216216
TRI.TO,2015-01-02,53.779693603515625,54.16857147216797,53.37937545776367,53.69963073730469,34.35658645629883,389766
TRI.TO,2015-01-05,53.53950119018555,53.779693603515625,52.02973556518555,52.09836196899414,33.332096099853516,838374
TRI.TO,2015-01-06,51.983985900878906,52.32711410522461,51.80098342895508,52.15555191040039,33.36868667602539,570661
TRI.TO,2015-01-07,52.738868713378906,52.86468505859375,52.041175842285156,52.20130157470703,33.397945404052734,788713
TRI.TO,2015-01-08,52.32711410522461,53.024810791015625,52.29280471801758,52.95618438720703,33.88091278076172,673654
TRI.TO,2015-01-09,52.99049758911133,53.36793899536133,52.38430404663086,52.70455551147461,33.71992111206055,355931
TRI.TO,2015-01-12,52.76174545288086,53.00193405151367,52.14411544799805,53.00193405151367,33.910186767578125,533415
TRI.TO,2015-01-13,53.24212646484375,54.01988220214844,52.93330764770508,53.42512512207031,34.180938720703125,616912
TRI.TO,2015-01-14,53.04768753051758,53.28787612915039,52.55586624145508,53.01337432861328,33.917510986328125,581152
TRI.TO,2015-01-15,53.19637680053711,53.65388107299805,52.33855438232422,53.402252197265625,34.16631317138672,531142
TRI.TO,2015-01-16,53.173500061035156,54.61463928222656,53.173500061035156,54.580326080322266,34.9200325012207,796057
TRI.TO,2015-01-19,54.385887145996094,54.59176254272461,54.111385345458984,54.50026321411133,34.86880874633789,153091
TRI.TO,2015-01-20,54.78620529174805,55.22083282470703,54.3172607421875,54.957767486572266,35.161521911621094,1025913
TRI.TO,2015-01-21,54.12282180786133,55.30089569091797,53.71106719970703,54.820518493652344,35.0737190246582,649436
TRI.TO,2015-01-22,54.90058135986328,56.524723052978516,54.90058135986328,56.478973388671875,36.134769439697266,636846
TRI.TO,2015-01-23,56.34172058105469,56.902164459228516,56.06721878051758,56.49040985107422,36.14208984375,666310
TRI.TO,2015-01-26,56.6162223815918,57.06229019165039,56.330284118652344,56.93647766113281,36.4274787902832,634398
TRI.TO,2015-01-27,56.54759979248047,56.696285247802734,55.97571563720703,56.2387809753418,35.98109436035156,819139
TRI.TO,2015-01-28,56.50184631347656,56.856414794921875,56.090091705322266,56.15871810913086,35.929874420166016,588059
TRI.TO,2015-01-29,56.29597091674805,56.6162223815918,55.4152717590332,55.8613395690918,35.7396240234375,679949
TRI.TO,2015-01-30,55.7927131652832,56.36459732055664,55.4152717590332,55.769840240478516,35.68107604980469,964624
TRI.TO,2015-02-02,56.35315704345703,56.35315704345703,55.35808563232422,56.10152816772461,35.89330291748047,539623
TRI.TO,2015-02-03,55.815589904785156,56.25021743774414,55.7927131652832,55.96427917480469,35.80547332763672,561131
TRI.TO,2015-02-04,55.91852951049805,57.508358001708984,55.91852951049805,57.19954299926758,36.595787048339844,638070
TRI.TO,2015-02-05,57.19954299926758,57.30248260498047,56.627662658691406,56.890724182128906,36.39820861816406,472563
TRI.TO,2015-02-06,57.11948013305664,57.79429626464844,56.707725524902344,57.03941345214844,36.49334716796875,631862
TRI.TO,2015-02-09,57.11948013305664,57.130916595458984,56.67341232299805,56.67341232299805,36.259178161621094,379362
TRI.TO,2015-02-10,56.902164459228516,57.279605865478516,56.35315704345703,56.91360092163086,36.412841796875,484978
TRI.TO,2015-02-11,56.044342041015625,56.696285247802734,54.84339141845703,55.815589904785156,35.71034622192383,2097027
TRI.TO,2015-02-12,55.64402770996094,55.8270263671875,54.92345428466797,55.67833709716797,35.622528076171875,1491482
TRI.TO,2015-02-13,55.65546417236328,56.22734451293945,55.35808563232422,55.895652770996094,35.76157760620117,763883
TRI.TO,2015-02-17,55.83846664428711,56.6619758605957,55.63258743286133,56.30740737915039,36.02500534057617,595841
TRI.TO,2015-02-18,56.330284118652344,56.524723052978516,55.90708923339844,56.273094177246094,36.00306701660156,646638
TRI.TO,2015-02-19,55.8270263671875,56.34172058105469,55.55252456665039,55.80415344238281,36.00823211669922,783817
TRI.TO,2015-02-20,56.01002883911133,56.51328659057617,55.80415344238281,56.39891052246094,36.39199447631836,675315
TRI.TO,2015-02-23,56.28453063964844,57.233856201171875,56.273094177246094,57.233856201171875,36.930747985839844,1153911
TRI.TO,2015-02-24,57.233856201171875,57.89723587036133,57.03941345214844,57.05085372924805,36.81266403198242,432957
TRI.TO,2015-02-25,56.91360092163086,56.947914123535156,56.39891052246094,56.6162223815918,36.53221893310547,638944
TRI.TO,2015-02-26,56.696285247802734,57.027976989746094,56.50184631347656,56.73059844970703,36.606021881103516,489175
TRI.TO,2015-02-27,56.524723052978516,56.83353805541992,56.11296844482422,56.11296844482422,36.20749282836914,733894
TRI.TO,2015-03-02,56.02146530151367,56.570472717285156,55.91852951049805,56.421783447265625,36.40675354003906,537087
TRI.TO,2015-03-03,56.330284118652344,56.696285247802734,56.02146530151367,56.696285247802734,36.583892822265625,631775
TRI.TO,2015-03-04,56.2387809753418,56.74203872680664,56.2387809753418,56.41034698486328,36.39936447143555,519601
TRI.TO,2015-03-05,56.627662658691406,57.21097946166992,56.627662658691406,57.01654052734375,36.79052734375,551513
TRI.TO,2015-03-06,56.902164459228516,57.03941345214844,56.02146530151367,56.318843841552734,36.340328216552734,558770
TRI.TO,2015-03-09,56.2044677734375,57.09660339355469,56.06721878051758,56.77634811401367,36.63554000854492,435405
TRI.TO,2015-03-10,56.67341232299805,57.05085372924805,56.43321990966797,56.44466018676758,36.42152786254883,751992
TRI.TO,2015-03-11,56.49040985107422,57.81717300415039,56.318843841552734,57.6799201965332,37.21857452392578,793522
TRI.TO,2015-03-12,57.57698440551758,58.49199295043945,57.47404479980469,58.217491149902344,37.56544876098633,968383
TRI.TO,2015-03-13,58.18317794799805,58.33186721801758,58.00017547607422,58.160301208496094,37.52854537963867,486902
TRI.TO,2015-03-16,58.160301208496094,59.13249969482422,58.1259880065918,58.72074508666992,37.89018249511719,821325
TRI.TO,2015-03-17,58.457679748535156,59.441314697265625,58.25180435180664,58.9609375,38.045169830322266,857346
TRI.TO,2015-03-18,59.018123626708984,59.05243682861328,58.38905334472656,58.62924575805664,37.83115005493164,746222
TRI.TO,2015-03-19,58.90374755859375,59.121063232421875,58.411930084228516,58.61780548095703,37.823768615722656,696911
TRI.TO,2015-03-20,58.77793502807617,58.93806076049805,58.60636901855469,58.640682220458984,37.838523864746094,2050601
TRI.TO,2015-03-23,58.4691162109375,58.66355514526367,58.02305221557617,58.04592514038086,37.454734802246094,353657
TRI.TO,2015-03-24,58.080238342285156,58.72074508666992,58.080238342285156,58.56061935424805,37.786861419677734,689042
TRI.TO,2015-03-25,58.67499542236328,58.94949722290039,57.599857330322266,57.7142333984375,37.24073028564453,639469
TRI.TO,2015-03-26,57.7485466003418,57.87436294555664,57.06229019165039,57.54267120361328,37.1300163269043,637195
TRI.TO,2015-03-27,57.48548126220703,57.988739013671875,57.085166931152344,57.80573654174805,37.29977035522461,566989
TRI.TO,2015-03-30,57.885799407958984,58.66355514526367,57.840049743652344,58.14886474609375,37.52116394042969,497481
TRI.TO,2015-03-31,57.85148620605469,59.15537643432617,57.77142333984375,58.732181549072266,37.89755630493164,1304292
TRI.TO,2015-04-01,58.66355514526367,58.743621826171875,58.25180435180664,58.5491828918457,37.779483795166016,702069
TRI.TO,2015-04-02,58.57205581665039,59.73869323730469,58.52630615234375,59.28118896484375,38.25181579589844,454115
TRI.TO,2015-04-06,58.892311096191406,59.88738250732422,58.686431884765625,59.47562789916992,38.377288818359375,677938
TRI.TO,2015-04-07,59.544254302978516,60.03607177734375,59.41844177246094,59.46419143676758,38.36989974975586,463383
TRI.TO,2015-04-08,59.349815368652344,60.09326171875,59.24687576293945,59.78444290161133,38.5765380859375,473875
TRI.TO,2015-04-09,59.62431716918945,60.241947174072266,59.62431716918945,60.150447845458984,38.812721252441406,759511
TRI.TO,2015-04-10,60.27626037597656,60.424949645996094,60.07038497924805,60.27626037597656,38.893890380859375,442225
TRI.TO,2015-04-13,60.18476104736328,60.61939239501953,59.967445373535156,59.967445373535156,38.694637298583984,610092
TRI.TO,2015-04-14,59.75012969970703,60.104698181152344,59.498504638671875,59.967445373535156,38.694637298583984,413985
TRI.TO,2015-04-15,60.13901138305664,60.41351318359375,59.498504638671875,59.544254302978516,38.42156219482422,939356
TRI.TO,2015-04-16,58.67499542236328,59.10962677001953,57.782859802246094,58.080238342285156,37.47688674926758,869149
TRI.TO,2015-04-17,57.77142333984375,57.77142333984375,57.382545471191406,57.64561080932617,37.196434020996094,833478
TRI.TO,2015-04-20,57.89723587036133,58.34330368041992,57.48548126220703,57.554107666015625,37.13739776611328,945564
TRI.TO,2015-04-21,57.96586227416992,58.1717414855957,57.03941345214844,57.3367919921875,36.99717712402344,1035005
TRI.TO,2015-04-22,57.58842086791992,57.89723587036133,57.30248260498047,57.81717300415039,37.30714416503906,604933
TRI.TO,2015-04-23,57.657047271728516,58.05736541748047,57.48548126220703,57.66848373413086,37.21120071411133,385919
TRI.TO,2015-04-24,57.759986877441406,57.86292266845703,57.39398193359375,57.599857330322266,37.16691970825195,591294
TRI.TO,2015-04-27,57.7142333984375,57.7142333984375,56.421783447265625,56.478973388671875,36.44364929199219,680649
TRI.TO,2015-04-28,56.54759979248047,56.59334945678711,55.712650299072266,56.15871810913086,36.23699951171875,563142
TRI.TO,2015-04-29,55.438148498535156,57.027976989746094,55.438148498535156,56.696285247802734,36.583892822265625,501940
TRI.TO,2015-04-30,56.696285247802734,57.4168586730957,56.26165771484375,56.696285247802734,36.583892822265625,756276
TRI.TO,2015-05-01,56.696285247802734,57.7142333984375,56.50184631347656,57.3711051940918,37.01930618286133,619797
TRI.TO,2015-05-04,57.39398193359375,57.54267120361328,57.15379333496094,57.325355529785156,36.98978805541992,359253
TRI.TO,2015-05-05,57.085166931152344,57.11948013305664,55.96427917480469,56.330284118652344,36.34770965576172,459536
TRI.TO,2015-05-06,56.50184631347656,56.86785125732422,55.4838981628418,55.987152099609375,36.12630081176758,466443
TRI.TO,2015-05-07,55.987152099609375,56.524723052978516,55.941402435302734,56.29597091674805,36.32556915283203,665698
TRI.TO,2015-05-08,56.6162223815918,57.027976989746094,56.49040985107422,56.55903625488281,36.495323181152344,359428
TRI.TO,2015-05-11,56.5819091796875,56.98222732543945,56.044342041015625,56.25021743774414,36.296043395996094,475274
TRI.TO,2015-05-12,56.090091705322266,56.090091705322266,55.335208892822266,55.35808563232422,35.72038650512695,549590
TRI.TO,2015-05-13,55.289459228515625,55.32377243041992,54.71757888793945,54.84339141845703,35.388275146484375,753566
TRI.TO,2015-05-14,54.85483169555664,55.97571563720703,54.85483169555664,55.92996597290039,36.089412689208984,883401
TRI.TO,2015-05-15,56.02146530151367,56.39891052246094,56.02146530151367,56.35315704345703,36.36248016357422,243844
TRI.TO,2015-05-19,56.6162223815918,57.15379333496094,56.376033782958984,57.00510025024414,37.08953094482422,660015
TRI.TO,2015-05-20,57.14235305786133,57.21097946166992,56.55903625488281,56.5819091796875,36.814170837402344,511557
TRI.TO,2015-05-21,56.71916198730469,57.06229019165039,56.63909912109375,56.78778839111328,36.94813537597656,330401
TRI.TO,2015-05-22,56.78778839111328,57.18810272216797,56.74203872680664,56.93647766113281,37.04487609863281,206774
TRI.TO,2015-05-25,56.627662658691406,57.01654052734375,56.570472717285156,56.74203872680664,36.918373107910156,57355
TRI.TO,2015-05-26,56.902164459228516,57.24529266357422,56.15871810913086,56.54759979248047,36.79185485839844,384521
TRI.TO,2015-05-27,56.6162223815918,57.30248260498047,56.330284118652344,57.01654052734375,37.09696960449219,365810
TRI.TO,2015-05-28,57.01654052734375,57.554107666015625,57.01654052734375,57.30248260498047,37.283023834228516,454815
TRI.TO,2015-05-29,57.325355529785156,57.54267120361328,56.627662658691406,56.799224853515625,36.9555778503418,685632
TRI.TO,2015-06-01,56.98222732543945,57.47404479980469,56.91360092163086,57.3367919921875,37.305335998535156,328827
TRI.TO,2015-06-02,57.16522979736328,57.19954299926758,56.707725524902344,56.81066131591797,36.9630241394043,253112
TRI.TO,2015-06-03,56.9593505859375,57.31391906738281,56.844974517822266,57.130916595458984,37.1713752746582,314576
TRI.TO,2015-06-04,57.130916595458984,57.34823226928711,56.50184631347656,56.86785125732422,37.00022888183594,390553
TRI.TO,2015-06-05,56.799224853515625,56.9593505859375,56.06721878051758,56.135841369628906,36.523948669433594,274882
TRI.TO,2015-06-08,56.044342041015625,56.10152816772461,55.09502029418945,55.12933349609375,35.86909866333008,694463
TRI.TO,2015-06-09,54.84339141845703,54.90058135986328,54.13425827026367,54.809078216552734,35.660709381103516,761522
TRI.TO,2015-06-10,54.84339141845703,55.42671203613281,54.820518493652344,55.02639389038086,35.80210876464844,1124272
TRI.TO,2015-06-11,55.186519622802734,55.46102523803711,55.014957427978516,55.26658248901367,35.95838928222656,534639
TRI.TO,2015-06-12,55.15220642089844,55.46102523803711,54.70614242553711,54.820518493652344,35.66815948486328,854199
TRI.TO,2015-06-15,54.71757888793945,54.87770462036133,54.3515739440918,54.820518493652344,35.66815948486328,341767
TRI.TO,2015-06-16,54.740455627441406,55.140769958496094,54.740455627441406,54.90058135986328,35.72025680541992,598551
TRI.TO,2015-06-17,54.93489456176758,55.22083282470703,54.64895248413086,54.912017822265625,35.72769546508789,434968
TRI.TO,2015-06-18,54.7290153503418,55.1064567565918,54.3515739440918,55.0378303527832,35.809547424316406,311254
TRI.TO,2015-06-19,54.157135009765625,55.31233596801758,54.157135009765625,54.912017822265625,35.72769546508789,2639098
TRI.TO,2015-06-22,54.90058135986328,55.563961029052734,54.866268157958984,55.31233596801758,35.988162994384766,1847325
TRI.TO,2015-06-23,55.12933349609375,55.621150970458984,55.04927062988281,55.49533462524414,36.10721969604492,1454149
TRI.TO,2015-06-24,55.186519622802734,55.438148498535156,55.04927062988281,55.060707092285156,35.82443618774414,1912636
TRI.TO,2015-06-25,54.969207763671875,55.22083282470703,54.71757888793945,54.78620529174805,35.645835876464844,955793
TRI.TO,2015-06-26,55.003517150878906,55.30089569091797,54.809078216552734,55.15220642089844,35.883975982666016,956842
TRI.TO,2015-06-29,54.740455627441406,54.90058135986328,54.04275894165039,54.09994888305664,35.199337005615234,631425
TRI.TO,2015-06-30,54.3172607421875,54.637516021728516,54.04275894165039,54.39732360839844,35.39280319213867,774287
TRI.TO,2015-07-02,54.88914489746094,55.232269287109375,54.78620529174805,55.02639389038086,35.80210876464844,561655
TRI.TO,2015-07-03,55.014957427978516,55.55252456665039,54.83195495605469,55.15220642089844,35.883975982666016,107627
TRI.TO,2015-07-06,54.77476501464844,55.36952209472656,54.763328552246094,55.17508316040039,35.89885330200195,843007
TRI.TO,2015-07-07,55.31233596801758,55.952842712402344,55.014957427978516,55.88421630859375,36.36023712158203,725326
TRI.TO,2015-07-08,55.575401306152344,55.7927131652832,54.763328552246094,54.87770462036133,35.70536804199219,501503
TRI.TO,2015-07-09,55.186519622802734,55.4495849609375,54.477386474609375,54.51169967651367,35.46723937988281,710025
TRI.TO,2015-07-10,55.02639389038086,55.60971450805664,54.969207763671875,55.518211364746094,36.12211227416992,699883
TRI.TO,2015-07-13,55.58683776855469,56.467533111572266,55.58683776855469,56.07865524291992,36.48673629760742,413897
TRI.TO,2015-07-14,56.01002883911133,56.26165771484375,55.73552703857422,56.12440490722656,36.51652145385742,329002
TRI.TO,2015-07-15,56.45609664916992,56.9250373840332,55.987152099609375,56.59334945678711,36.821632385253906,550639
TRI.TO,2015-07-16,56.890724182128906,57.451171875,56.890724182128906,57.4168586730957,37.357421875,437766
TRI.TO,2015-07-17,57.39398193359375,57.611297607421875,56.76491165161133,57.18810272216797,37.208587646484375,374466
TRI.TO,2015-07-20,57.16522979736328,57.34823226928711,57.027976989746094,57.176666259765625,37.2011604309082,345526
TRI.TO,2015-07-21,57.10803985595703,57.10803985595703,55.88421630859375,56.376033782958984,36.68022537231445,519776
TRI.TO,2015-07-22,56.29597091674805,56.59334945678711,56.135841369628906,56.38747024536133,36.68767547607422,290445
TRI.TO,2015-07-23,56.25021743774414,56.38747024536133,55.74696350097656,56.15871810913086,36.5388298034668,367909
TRI.TO,2015-07-24,56.07865524291992,56.376033782958984,55.84990310668945,56.090091705322266,36.49418640136719,404892
TRI.TO,2015-07-27,55.80415344238281,56.02146530151367,55.4838981628418,55.65546417236328,36.21141052246094,648299
TRI.TO,2015-07-28,55.74696350097656,55.90708923339844,55.54108810424805,55.666900634765625,36.21884536743164,282314
TRI.TO,2015-07-29,56.2044677734375,58.308990478515625,56.15871810913086,58.034488677978516,37.75928497314453,1153824
TRI.TO,2015-07-30,58.366180419921875,60.82526779174805,58.366180419921875,60.71089172363281,39.50064468383789,882614
TRI.TO,2015-07-31,60.66514205932617,61.1455192565918,60.32201385498047,60.56220245361328,39.403900146484375,590595
TRI.TO,2015-08-04,60.962520599365234,61.717403411865234,60.470703125,61.31708526611328,39.895057678222656,544431
TRI.TO,2015-08-05,61.74027633666992,62.20922088623047,61.37427520751953,62.12915802001953,40.423431396484375,721304
TRI.TO,2015-08-06,62.04909133911133,62.30072021484375,61.008270263671875,61.25989532470703,39.85784149169922,559120
TRI.TO,2015-08-07,61.12264633178711,61.54583740234375,60.50501251220703,61.054019927978516,39.72389221191406,333111
TRI.TO,2015-08-10,61.054019927978516,61.45433807373047,60.66514205932617,60.676578521728516,39.47831726074219,415908
TRI.TO,2015-08-11,60.3906364440918,60.905330657958984,60.33345031738281,60.55076599121094,39.39646530151367,462684
TRI.TO,2015-08-12,60.12757110595703,61.237022399902344,59.61288070678711,61.06545639038086,39.731327056884766,703468
TRI.TO,2015-08-13,61.03114318847656,61.51152420043945,60.51645278930664,61.30564880371094,39.88762664794922,367122
TRI.TO,2015-08-14,61.30564880371094,61.6373405456543,60.859580993652344,61.614463806152344,40.088539123535156,438116
TRI.TO,2015-08-17,61.37427520751953,61.83177947998047,61.008270263671875,61.69452667236328,40.140628814697266,437853
TRI.TO,2015-08-18,61.099769592285156,61.1912727355957,60.676578521728516,60.951080322265625,39.656925201416016,955356
TRI.TO,2015-08-19,60.89389419555664,61.50008773803711,60.37919998168945,60.98539352416992,39.67924880981445,583775
TRI.TO,2015-08-20,60.61939239501953,60.74520492553711,59.349815368652344,59.36125183105469,38.62252426147461,734418
TRI.TO,2015-08-21,58.892311096191406,59.647193908691406,58.37761688232422,58.43480682373047,38.01974105834961,875532
TRI.TO,2015-08-24,56.376033782958984,57.96586227416992,55.438148498535156,56.63909912109375,36.85139083862305,1803172
TRI.TO,2015-08-25,57.86292266845703,58.19461441040039,56.467533111572266,56.53615951538086,36.78441619873047,964799
TRI.TO,2015-08-26,57.63417053222656,58.34330368041992,56.34172058105469,58.160301208496094,37.84114074707031,973367
TRI.TO,2015-08-27,58.42336654663086,59.395565032958984,58.00017547607422,58.789371490478516,38.25044631958008,794658
TRI.TO,2015-08-28,58.640682220458984,59.292625427246094,58.5034294128418,59.063873291015625,38.42903518676758,761172
TRI.TO,2015-08-31,58.915184020996094,59.55569076538086,58.217491149902344,58.537742614746094,38.08671951293945,1083967
TRI.TO,2015-09-01,57.508358001708984,57.80573654174805,56.9936637878418,57.24529266357422,37.245792388916016,957804
TRI.TO,2015-09-02,57.58842086791992,58.67499542236328,57.54267120361328,58.56061935424805,38.10160446166992,988143
TRI.TO,2015-09-03,58.52630615234375,59.42987823486328,58.44624328613281,59.17824935913086,38.503440856933594,590507
TRI.TO,2015-09-04,58.34330368041992,59.13249969482422,58.28611755371094,59.018123626708984,38.39925765991211,468716
TRI.TO,2015-09-08,59.6357536315918,60.00175857543945,59.395565032958984,59.62431716918945,38.793678283691406,610179
TRI.TO,2015-09-09,60.16188430786133,60.33345031738281,59.727256774902344,59.79588317871094,38.905311584472656,706790
TRI.TO,2015-09-10,59.56713104248047,60.32201385498047,59.56713104248047,60.150447845458984,39.136009216308594,608431
TRI.TO,2015-09-11,60.03607177734375,60.45926284790039,59.95600891113281,60.424949645996094,39.314605712890625,560344
TRI.TO,2015-09-14,60.45926284790039,60.68801498413086,60.21907424926758,60.299137115478516,39.23274230957031,607382
TRI.TO,2015-09-15,60.299137115478516,60.56220245361328,60.08182144165039,60.32201385498047,39.24762725830078,634660
TRI.TO,2015-09-16,60.27626037597656,60.8138313293457,60.23051071166992,60.722328186035156,39.50808334350586,724014
TRI.TO,2015-09-17,60.75664138793945,60.8824577331543,60.11613464355469,60.32201385498047,39.24762725830078,687206
TRI.TO,2015-09-18,59.41844177246094,60.573638916015625,59.28118896484375,60.33345031738281,39.25507354736328,3313714
TRI.TO,2015-09-21,60.51645278930664,61.46577453613281,60.4363899230957,61.44289779663086,39.97690963745117,731446
TRI.TO,2015-09-22,60.68801498413086,60.905330657958984,59.84163284301758,60.047508239746094,39.06902313232422,838898
TRI.TO,2015-09-23,60.207637786865234,60.859580993652344,60.17332458496094,60.82526779174805,39.575069427490234,667184
TRI.TO,2015-09-24,60.482139587402344,60.905330657958984,60.28770065307617,60.74520492553711,39.52296447753906,990328
TRI.TO,2015-09-25,61.25989532470703,61.39714813232422,60.585079193115234,60.733768463134766,39.51553726196289,567513
TRI.TO,2015-09-28,60.59651565551758,60.66514205932617,59.7158203125,59.78444290161133,38.897865295410156,1095333
TRI.TO,2015-09-29,59.921695709228516,60.65370178222656,59.78444290161133,60.26482391357422,39.21041488647461,995662
TRI.TO,2015-09-30,60.74520492553711,61.52296447753906,60.630828857421875,61.35139846801758,39.91737747192383,2877784
TRI.TO,2015-10-01,61.51152420043945,61.51152420043945,60.50501251220703,61.111209869384766,39.7611083984375,1427832
TRI.TO,2015-10-02,60.68801498413086,61.237022399902344,60.402076721191406,61.16839599609375,39.798309326171875,753828
TRI.TO,2015-10-05,61.51152420043945,61.52296447753906,61.099769592285156,61.099769592285156,39.753662109375,1557754
TRI.TO,2015-10-06,61.179832458496094,61.35139846801758,60.962520599365234,61.13408279418945,39.7759895324707,462421
TRI.TO,2015-10-07,61.50008773803711,61.55727767944336,61.13408279418945,61.339962005615234,39.90993881225586,694375
TRI.TO,2015-10-08,61.25989532470703,61.534400939941406,60.951080322265625,61.46577453613281,39.99180221557617,663162
TRI.TO,2015-10-09,61.44289779663086,61.705963134765625,61.111209869384766,61.29420852661133,39.880184173583984,412673
TRI.TO,2015-10-13,61.84321594238281,62.25497055053711,61.75171661376953,61.79746627807617,40.20760726928711,801041
TRI.TO,2015-10-14,61.808902740478516,61.96902847290039,60.97395706176758,61.13408279418945,39.7759895324707,886548
TRI.TO,2015-10-15,61.339962005615234,61.660213470458984,61.12264633178711,61.24845886230469,39.85040283203125,788451
TRI.TO,2015-10-16,61.74027633666992,61.74027633666992,61.13408279418945,61.282772064208984,39.872737884521484,634573
TRI.TO,2015-10-19,61.1912727355957,62.07196807861328,61.1912727355957,61.84321594238281,40.237369537353516,782243
TRI.TO,2015-10-20,61.763153076171875,62.620975494384766,61.74027633666992,62.518035888671875,40.67644500732422,665436
TRI.TO,2015-10-21,62.81541442871094,63.227169036865234,62.40365982055664,62.44940948486328,40.63178634643555,931138
TRI.TO,2015-10-22,62.7010383605957,63.421607971191406,62.65528869628906,63.29579544067383,41.18247985839844,1088076
TRI.TO,2015-10-23,63.879112243652344,63.95917510986328,62.07196807861328,62.44940948486328,40.63178634643555,891794
TRI.TO,2015-10-26,62.44940948486328,62.518035888671875,61.717403411865234,61.763153076171875,40.18528747558594,954831
TRI.TO,2015-10-27,61.62590026855469,61.911842346191406,61.099769592285156,61.44289779663086,39.97690963745117,810833
TRI.TO,2015-10-28,61.54583740234375,61.705963134765625,61.01970672607422,61.68309020996094,40.13319778442383,713610
TRI.TO,2015-10-29,61.6373405456543,62.54091262817383,61.40858459472656,62.369346618652344,40.5797004699707,509547
TRI.TO,2015-10-30,62.609535217285156,62.609535217285156,61.35139846801758,61.39714813232422,39.94715881347656,1024164
TRI.TO,2015-11-02,61.45433807373047,62.04909133911133,60.962520599365234,61.934715270996094,40.296905517578125,505350
TRI.TO,2015-11-03,61.854652404785156,62.04909133911133,61.54583740234375,61.78602981567383,40.20016860961914,489612
TRI.TO,2015-11-04,61.78602981567383,61.92327880859375,61.156959533691406,61.237022399902344,39.84297561645508,751118
TRI.TO,2015-11-05,61.1912727355957,61.488651275634766,61.01970672607422,61.179832458496094,39.80577087402344,802877
TRI.TO,2015-11-06,61.31708526611328,61.59158706665039,60.585079193115234,61.01970672607422,39.701568603515625,545481
TRI.TO,2015-11-09,60.84814453125,60.93964385986328,60.104698181152344,60.51645278930664,39.374141693115234,365461
TRI.TO,2015-11-10,60.4363899230957,60.71089172363281,60.16188430786133,60.56220245361328,39.403900146484375,399121
TRI.TO,2015-11-11,60.79095458984375,62.094844818115234,60.66514205932617,61.77458953857422,40.19271469116211,1275702
TRI.TO,2015-11-12,61.477210998535156,61.705963134765625,60.424949645996094,60.59651565551758,39.42622756958008,996886
TRI.TO,2015-11-13,60.3906364440918,60.4363899230957,59.31550216674805,59.395565032958984,38.644840240478516,514705
TRI.TO,2015-11-16,59.33837890625,60.16188430786133,59.31550216674805,60.16188430786133,39.14344024658203,771839
TRI.TO,2015-11-17,60.00175857543945,60.253387451171875,59.6357536315918,60.024635314941406,39.05413818359375,958066
TRI.TO,2015-11-18,60.241947174072266,60.779518127441406,59.818756103515625,60.676578521728516,39.47831726074219,920471
TRI.TO,2015-11-19,60.573638916015625,61.04258346557617,60.41351318359375,60.53932571411133,39.38901901245117,1223244
TRI.TO,2015-11-20,60.859580993652344,60.859580993652344,60.4363899230957,60.64226531982422,39.455997467041016,410138
TRI.TO,2015-11-23,60.630828857421875,60.98539352416992,60.3906364440918,60.41351318359375,39.30716323852539,654157
TRI.TO,2015-11-24,60.207637786865234,60.68801498413086,60.024635314941406,60.527889251708984,39.3815803527832,1295899
TRI.TO,2015-11-25,60.722328186035156,61.339962005615234,60.71089172363281,60.84814453125,39.589942932128906,707752
TRI.TO,2015-11-26,60.84814453125,61.614463806152344,60.59651565551758,61.111209869384766,39.7611083984375,298664
TRI.TO,2015-11-27,61.07689666748047,61.50008773803711,60.83670425415039,61.156959533691406,39.79087829589844,423077
TRI.TO,2015-11-30,61.16839599609375,61.78602981567383,60.80239486694336,61.77458953857422,40.19271469116211,994175
TRI.TO,2015-12-01,62.04909133911133,62.92979049682617,61.763153076171875,62.7353515625,40.81782913208008,1012885
TRI.TO,2015-12-02,62.792537689208984,63.00985336303711,62.575225830078125,62.71247482299805,40.802947998046875,952296
TRI.TO,2015-12-03,62.87260055541992,63.03273010253906,61.6373405456543,61.82033920288086,40.222476959228516,627928
TRI.TO,2015-12-04,61.77458953857422,62.094844818115234,61.24845886230469,61.934715270996094,40.296905517578125,671381
TRI.TO,2015-12-07,61.763153076171875,62.12915802001953,61.1455192565918,61.20270919799805,39.82063674926758,664037
TRI.TO,2015-12-08,60.74520492553711,61.50008773803711,60.74520492553711,61.07689666748047,39.73878479003906,865914
TRI.TO,2015-12-09,60.84814453125,61.156959533691406,60.104698181152344,60.241947174072266,39.19552993774414,941717
TRI.TO,2015-12-10,60.11613464355469,60.676578521728516,59.99032211303711,60.241947174072266,39.19552993774414,617961
TRI.TO,2015-12-11,59.78444290161133,60.45926284790039,59.773006439208984,59.93313217163086,38.994598388671875,674791
TRI.TO,2015-12-14,60.08182144165039,60.59651565551758,59.93313217163086,60.41351318359375,39.30716323852539,860144
TRI.TO,2015-12-15,60.61939239501953,61.054019927978516,60.41351318359375,60.83670425415039,39.5825080871582,914526
TRI.TO,2015-12-16,61.03114318847656,61.24845886230469,60.64226531982422,61.06545639038086,39.731327056884766,686506
TRI.TO,2015-12-17,61.31708526611328,61.42002487182617,60.150447845458984,60.402076721191406,39.299720764160156,1457209
TRI.TO,2015-12-18,60.104698181152344,60.573638916015625,59.967445373535156,59.978885650634766,39.02437973022461,1922428
TRI.TO,2015-12-21,60.16188430786133,60.45926284790039,59.32693862915039,59.7158203125,38.85322189331055,633961
TRI.TO,2015-12-22,59.80731964111328,60.196197509765625,59.42987823486328,60.047508239746094,39.06902313232422,423952
TRI.TO,2015-12-23,60.299137115478516,60.45926284790039,59.94457244873047,60.424949645996094,39.314605712890625,310292
TRI.TO,2015-12-24,60.482139587402344,60.83670425415039,60.36776351928711,60.402076721191406,39.299720764160156,193659
TRI.TO,2015-12-29,60.50501251220703,61.29420852661133,60.49357604980469,61.099769592285156,39.753662109375,311778
TRI.TO,2015-12-30,61.1912727355957,61.45433807373047,60.91676712036133,60.93964385986328,39.64948654174805,287210
TRI.TO,2015-12-31,60.60795211791992,60.68801498413086,59.85306930541992,59.94457244873047,39.002071380615234,341067
TRI.TO,2016-01-04,59.20112609863281,59.38412857055664,58.5034294128418,59.20112609863281,38.51834487915039,604059
TRI.TO,2016-01-05,59.20112609863281,59.441314697265625,58.65211868286133,59.2583122253418,38.5555419921875,608780
TRI.TO,2016-01-06,58.61780548095703,59.818756103515625,58.60636901855469,59.57856750488281,38.76392364501953,1100579
TRI.TO,2016-01-07,58.19461441040039,58.457679748535156,56.524723052978516,56.93647766113281,37.04487609863281,1051880
TRI.TO,2016-01-08,57.15379333496094,58.19461441040039,57.085166931152344,57.53123474121094,37.43185806274414,696561
TRI.TO,2016-01-11,57.77142333984375,57.96586227416992,57.325355529785156,57.451171875,37.3797607421875,861630
TRI.TO,2016-01-12,57.6799201965332,58.1717414855957,57.57698440551758,58.10311508178711,37.803924560546875,721391
TRI.TO,2016-01-13,58.38905334472656,58.8465576171875,57.56554412841797,57.64561080932617,37.50625991821289,530617
TRI.TO,2016-01-14,57.782859802246094,58.9609375,57.48548126220703,58.77793502807617,38.242984771728516,950110
TRI.TO,2016-01-15,57.30248260498047,58.72074508666992,57.30248260498047,58.44624328613281,38.02717971801758,1377822
TRI.TO,2016-01-18,58.1259880065918,58.732181549072266,57.279605865478516,57.58842086791992,37.469051361083984,315363
TRI.TO,2016-01-19,58.34330368041992,59.10962677001953,58.217491149902344,58.98381042480469,38.376949310302734,779795
TRI.TO,2016-01-20,58.43480682373047,58.537742614746094,56.68484878540039,58.10311508178711,37.803924560546875,778134
TRI.TO,2016-01-21,58.137428283691406,58.57205581665039,57.58842086791992,58.354740142822266,37.96765899658203,945914
TRI.TO,2016-01-22,59.05243682861328,59.38412857055664,58.411930084228516,59.121063232421875,38.46623611450195,740888
TRI.TO,2016-01-25,59.13249969482422,59.28118896484375,58.44624328613281,58.52630615234375,38.07927322387695,597240
TRI.TO,2016-01-26,58.82368469238281,59.2583122253418,58.4691162109375,59.04100036621094,38.414154052734375,727686
TRI.TO,2016-01-27,59.166812896728516,59.36125183105469,58.366180419921875,58.5034294128418,38.064395904541016,942591
TRI.TO,2016-01-28,59.09818649291992,59.6357536315918,58.583492279052734,59.42987823486328,38.66716766357422,986132
TRI.TO,2016-01-29,59.590003967285156,60.36776351928711,59.37268829345703,59.93313217163086,38.994598388671875,1224381
TRI.TO,2016-02-01,58.49199295043945,60.104698181152344,58.22892761230469,59.773006439208984,38.89041519165039,649436
TRI.TO,2016-02-02,59.38412857055664,59.7158203125,59.121063232421875,59.498504638671875,38.71182632446289,638157
TRI.TO,2016-02-03,59.544254302978516,59.773006439208984,58.457679748535156,59.15537643432617,38.48857879638672,654070
TRI.TO,2016-02-04,59.269752502441406,59.50994110107422,58.70930862426758,59.32693862915039,38.600189208984375,580103
TRI.TO,2016-02-05,59.65863037109375,59.65863037109375,57.95442581176758,58.1259880065918,37.818809509277344,798768
TRI.TO,2016-02-08,57.77142333984375,57.77142333984375,56.856414794921875,57.09660339355469,37.14906692504883,717020
TRI.TO,2016-02-09,56.6619758605957,57.085166931152344,55.8613395690918,56.55903625488281,36.79930877685547,947837
TRI.TO,2016-02-10,56.9250373840332,57.49692153930664,56.51328659057617,56.78778839111328,36.94813537597656,501590
TRI.TO,2016-02-11,55.11789321899414,56.60478591918945,54.39732360839844,55.140769958496094,35.87653350830078,854985
TRI.TO,2016-02-12,56.090091705322266,56.9593505859375,54.88914489746094,56.570472717285156,36.80673599243164,862417
TRI.TO,2016-02-16,57.073726654052734,57.11948013305664,56.05577850341797,56.86785125732422,37.00022888183594,588409
TRI.TO,2016-02-17,57.15379333496094,57.34823226928711,56.5819091796875,57.31391906738281,37.29045867919922,626616
TRI.TO,2016-02-18,57.21097946166992,57.6799201965332,57.10803985595703,57.42829513549805,37.3648796081543,456389
TRI.TO,2016-02-19,56.68484878540039,57.34823226928711,56.43321990966797,56.6162223815918,37.18234634399414,434181
TRI.TO,2016-02-22,56.93647766113281,57.451171875,56.93647766113281,57.279605865478516,37.618019104003906,677064
TRI.TO,2016-02-23,57.26816940307617,57.931549072265625,57.14235305786133,57.31391906738281,37.64054870605469,629764
TRI.TO,2016-02-24,56.86785125732422,57.42829513549805,56.25021743774414,57.26816940307617,37.610496520996094,769303
TRI.TO,2016-02-25,57.325355529785156,57.47404479980469,56.73059844970703,57.10803985595703,37.505332946777344,834002
TRI.TO,2016-02-26,57.451171875,57.462608337402344,56.38747024536133,56.51328659057617,37.114742279052734,986307
TRI.TO,2016-02-29,56.53615951538086,57.14235305786133,56.44466018676758,56.696285247802734,37.234920501708984,784691
TRI.TO,2016-03-01,56.97079086303711,57.14235305786133,56.5819091796875,56.74203872680664,37.26497268676758,708714
TRI.TO,2016-03-02,56.707725524902344,56.91360092163086,55.815589904785156,56.2387809753418,36.93445587158203,918548
TRI.TO,2016-03-03,56.2387809753418,56.41034698486328,55.75840377807617,56.05577850341797,36.814266204833984,862067
TRI.TO,2016-03-04,56.090091705322266,56.478973388671875,55.75840377807617,55.91852951049805,36.72412872314453,1032470
TRI.TO,2016-03-07,55.75840377807617,56.49040985107422,55.63258743286133,56.34172058105469,37.0020637512207,655556
TRI.TO,2016-03-08,56.34172058105469,57.073726654052734,56.34172058105469,56.76491165161133,37.27998352050781,519951
TRI.TO,2016-03-09,57.00510025024414,57.657047271728516,56.83353805541992,56.9936637878418,37.430213928222656,465307
TRI.TO,2016-03-10,57.176666259765625,57.3367919921875,55.91852951049805,56.60478591918945,37.17483139038086,750331
TRI.TO,2016-03-11,57.05085372924805,57.554107666015625,56.63909912109375,57.43973159790039,37.72317123413086,379887
TRI.TO,2016-03-14,57.26816940307617,58.27467727661133,57.00510025024414,57.87436294555664,38.008609771728516,562092
TRI.TO,2016-03-15,57.7485466003418,58.66355514526367,57.56554412841797,58.40049362182617,38.35414505004883,489700
TRI.TO,2016-03-16,58.354740142822266,58.93806076049805,58.14886474609375,58.25180435180664,38.25650405883789,520388
TRI.TO,2016-03-17,58.11455154418945,59.42987823486328,57.85148620605469,59.18968963623047,38.8724479675293,625742
TRI.TO,2016-03-18,59.14393615722656,59.14393615722656,58.308990478515625,58.40049362182617,38.35414505004883,1645972
TRI.TO,2016-03-21,58.60636901855469,59.292625427246094,58.514869689941406,59.08675003051758,38.80484390258789,258008
TRI.TO,2016-03-22,58.732181549072266,59.32693862915039,58.69786834716797,58.94949722290039,38.71469497680664,387056
TRI.TO,2016-03-23,59.590003967285156,59.73869323730469,59.018123626708984,59.6815071105957,39.1954345703125,570573
TRI.TO,2016-03-24,59.37268829345703,59.75012969970703,59.349815368652344,59.62431716918945,39.15788269042969,649261
TRI.TO,2016-03-28,59.6815071105957,60.26482391357422,59.544254302978516,60.08182144165039,39.458351135253906,508322
TRI.TO,2016-03-29,59.93313217163086,60.150447845458984,59.61288070678711,60.047508239746094,39.43580627441406,383471
TRI.TO,2016-03-30,60.23051071166992,60.23051071166992,59.62431716918945,60.03607177734375,39.42829895019531,344914
TRI.TO,2016-03-31,59.89882278442383,60.65370178222656,59.89882278442383,60.18476104736328,39.52595520019531,535863
TRI.TO,2016-04-01,60.13901138305664,60.573638916015625,59.84163284301758,60.299137115478516,39.601078033447266,493984
TRI.TO,2016-04-04,60.51645278930664,60.93964385986328,60.28770065307617,60.37919998168945,39.65364456176758,416433
TRI.TO,2016-04-05,60.16188430786133,60.60795211791992,59.99032211303711,60.32201385498047,39.616092681884766,463383
TRI.TO,2016-04-06,60.253387451171875,60.51645278930664,59.875946044921875,60.11613464355469,39.48088073730469,581764
TRI.TO,2016-04-07,59.85306930541992,60.17332458496094,59.487064361572266,59.75012969970703,39.24052429199219,354357
TRI.TO,2016-04-08,59.830196380615234,60.0589485168457,59.05243682861328,59.46419143676758,39.05272674560547,644277
TRI.TO,2016-04-11,59.45275115966797,60.08182144165039,59.441314697265625,59.57856750488281,39.127845764160156,471339
TRI.TO,2016-04-12,59.73869323730469,60.08182144165039,59.590003967285156,59.62431716918945,39.15788269042969,369220
TRI.TO,2016-04-13,59.99032211303711,60.241947174072266,59.57856750488281,59.670066833496094,39.18792724609375,505088
TRI.TO,2016-04-14,59.79588317871094,59.99032211303711,59.6815071105957,59.79588317871094,39.27056121826172,425176
TRI.TO,2016-04-15,59.69294357299805,59.921695709228516,59.6357536315918,59.70438003540039,39.21046829223633,426312
TRI.TO,2016-04-18,59.6357536315918,60.00175857543945,59.56713104248047,59.76156997680664,39.24803161621094,578529
TRI.TO,2016-04-19,59.773006439208984,60.01319885253906,59.498504638671875,59.80731964111328,39.27806854248047,453766
TRI.TO,2016-04-20,59.99032211303711,60.12757110595703,59.08675003051758,59.32693862915039,38.96258544921875,508760
TRI.TO,2016-04-21,59.349815368652344,59.45275115966797,59.063873291015625,59.18968963623047,38.8724479675293,447908
TRI.TO,2016-04-22,59.212562561035156,59.46419143676758,58.77793502807617,59.13249969482422,38.834896087646484,353045
TRI.TO,2016-04-25,58.972373962402344,59.31550216674805,58.67499542236328,59.2583122253418,38.91751480102539,351996
TRI.TO,2016-04-26,59.45275115966797,60.75664138793945,59.349815368652344,60.11613464355469,39.48088073730469,751118
TRI.TO,2016-04-27,60.253387451171875,60.253387451171875,59.28118896484375,59.99032211303711,39.398258209228516,357504
TRI.TO,2016-04-28,59.670066833496094,59.875946044921875,58.93806076049805,59.00668716430664,38.752262115478516,476410
TRI.TO,2016-04-29,58.77793502807617,59.08675003051758,58.27467727661133,59.063873291015625,38.78982162475586,570049
TRI.TO,2016-05-02,58.743621826171875,59.212562561035156,58.14886474609375,59.15537643432617,38.84991455078125,316674
TRI.TO,2016-05-03,58.94949722290039,59.57856750488281,58.789371490478516,58.99524688720703,38.74474334716797,638857
TRI.TO,2016-05-04,59.063873291015625,59.91025924682617,58.75505828857422,59.76156997680664,39.24803161621094,499842
TRI.TO,2016-05-05,59.818756103515625,59.830196380615234,59.38412857055664,59.52137756347656,39.09029006958008,836625
TRI.TO,2016-05-06,59.32693862915039,60.047508239746094,59.32693862915039,59.921695709228516,39.353187561035156,386444
TRI.TO,2016-05-09,59.85306930541992,60.4363899230957,59.818756103515625,60.3563232421875,39.63862991333008,486727
TRI.TO,2016-05-10,60.61939239501953,61.35139846801758,60.527889251708984,61.21414566040039,40.20199966430664,655206
TRI.TO,2016-05-11,60.83670425415039,61.03114318847656,60.00175857543945,60.31057357788086,39.60858154296875,503339
TRI.TO,2016-05-12,60.51645278930664,60.8824577331543,60.207637786865234,60.80239486694336,39.931575775146484,453066
TRI.TO,2016-05-13,60.84814453125,60.962520599365234,60.66514205932617,60.80239486694336,39.931575775146484,514792
TRI.TO,2016-05-16,60.80239486694336,61.29420852661133,60.36776351928711,61.111209869384766,40.134395599365234,478509
TRI.TO,2016-05-17,60.676578521728516,60.733768463134766,59.55569076538086,59.99032211303711,39.723899841308594,606245
TRI.TO,2016-05-18,59.978885650634766,60.299137115478516,59.76156997680664,60.28770065307617,39.92082214355469,466006
TRI.TO,2016-05-19,60.27626037597656,60.66514205932617,60.03607177734375,60.64226531982422,40.155601501464844,341417
TRI.TO,2016-05-20,60.71089172363281,62.20922088623047,60.71089172363281,61.911842346191406,40.99628448486328,595928
TRI.TO,2016-05-24,61.808902740478516,62.49515914916992,61.74027633666992,62.3235969543457,41.268917083740234,626704
TRI.TO,2016-05-25,62.50659942626953,62.86116409301758,62.00334167480469,62.140594482421875,41.147762298583984,622332
TRI.TO,2016-05-26,62.12915802001953,62.38078308105469,61.88896560668945,62.10628128051758,41.12503433227539,542333
TRI.TO,2016-05-27,62.22065734863281,63.11279296875,62.22065734863281,63.02128982543945,41.73092269897461,602485
TRI.TO,2016-05-30,63.19285583496094,63.330108642578125,62.75822448730469,63.06704330444336,41.7612190246582,383296
TRI.TO,2016-05-31,63.181419372558594,63.25004196166992,62.88404083251953,62.986976623535156,41.708194732666016,1015246
TRI.TO,2016-06-01,63.00985336303711,63.38729476928711,62.563785552978516,62.82685089111328,41.6021728515625,617698
TRI.TO,2016-06-02,62.75822448730469,63.08991622924805,62.609535217285156,63.02128982543945,41.73092269897461,693501
TRI.TO,2016-06-03,62.7353515625,62.7696647644043,62.243534088134766,62.620975494384766,41.465843200683594,427974
TRI.TO,2016-06-06,62.54091262817383,62.792537689208984,62.140594482421875,62.140594482421875,41.147762298583984,681435
TRI.TO,2016-06-07,62.26640701293945,62.3235969543457,61.92327880859375,62.140594482421875,41.147762298583984,520475
TRI.TO,2016-06-08,62.07196807861328,62.083404541015625,61.671653747558594,61.95759201049805,41.026580810546875,398859
TRI.TO,2016-06-09,61.75171661376953,61.92327880859375,61.50008773803711,61.74027633666992,40.8826789855957,398247
TRI.TO,2016-06-10,61.39714813232422,61.534400939941406,61.08833312988281,61.179832458496094,40.51156997680664,298401
TRI.TO,2016-06-13,60.962520599365234,61.40858459472656,60.779518127441406,61.03114318847656,40.41310501098633,406553
TRI.TO,2016-06-14,60.951080322265625,61.07689666748047,60.585079193115234,60.951080322265625,40.36008834838867,372892
TRI.TO,2016-06-15,60.87101745605469,61.20270919799805,60.83670425415039,60.951080322265625,40.36008834838867,349373
TRI.TO,2016-06-16,60.76808166503906,61.08833312988281,60.37919998168945,61.04258346557617,40.420684814453125,423952
TRI.TO,2016-06-17,60.905330657958984,60.97395706176758,60.16188430786133,60.3906364440918,39.988990783691406,2437657
TRI.TO,2016-06-20,60.573638916015625,61.111209869384766,60.56220245361328,60.585079193115234,40.117733001708984,525022
TRI.TO,2016-06-21,60.676578521728516,60.98539352416992,60.60795211791992,60.74520492553711,40.223758697509766,300849
TRI.TO,2016-06-22,60.79095458984375,61.156959533691406,60.630828857421875,60.75664138793945,40.23133850097656,410662
TRI.TO,2016-06-23,61.08833312988281,61.339962005615234,60.87101745605469,61.237022399902344,40.54943084716797,355319
TRI.TO,2016-06-24,59.18968963623047,60.28770065307617,58.8465576171875,59.498504638671875,39.39824295043945,1014809
TRI.TO,2016-06-27,58.02305221557617,58.33186721801758,57.19954299926758,57.599857330322266,38.14100646972656,935247
TRI.TO,2016-06-28,57.977298736572266,58.34330368041992,57.840049743652344,58.02305221557617,38.421234130859375,478421
TRI.TO,2016-06-29,58.37761688232422,59.47562789916992,58.37761688232422,59.40700149536133,39.33763885498047,603884
TRI.TO,2016-06-30,59.47562789916992,60.08182144165039,59.17824935913086,59.78444290161133,39.58756637573242,699971
TRI.TO,2016-07-04,60.64226531982422,60.87101745605469,60.0589485168457,60.08182144165039,39.784488677978516,240697
TRI.TO,2016-07-05,60.047508239746094,60.733768463134766,60.047508239746094,60.21907424926758,39.87537384033203,563666
TRI.TO,2016-07-06,60.03607177734375,60.150447845458984,59.50994110107422,60.047508239746094,39.761756896972656,448782
TRI.TO,2016-07-07,60.00175857543945,60.27626037597656,59.84163284301758,60.024635314941406,39.74663162231445,284937
TRI.TO,2016-07-08,60.37919998168945,61.237022399902344,60.37919998168945,60.92820739746094,40.34495162963867,537699
TRI.TO,2016-07-11,61.06545639038086,62.49515914916992,61.06545639038086,62.22065734863281,41.20076370239258,446509
TRI.TO,2016-07-12,62.55234909057617,62.895477294921875,62.3922233581543,62.78110122680664,41.571868896484375,432695
TRI.TO,2016-07-13,63.044166564941406,63.23860549926758,62.71247482299805,63.227169036865234,41.86726760864258,432520
TRI.TO,2016-07-14,63.47879409790039,63.821922302246094,63.272918701171875,63.558860778808594,42.086891174316406,422116
TRI.TO,2016-07-15,63.741859436035156,64.01636505126953,63.421607971191406,63.4559211730957,42.018707275390625,298314
TRI.TO,2016-07-18,63.421607971191406,64.34805297851562,63.421607971191406,64.09642791748047,42.442848205566406,316674
TRI.TO,2016-07-19,64.10786437988281,64.64543151855469,64.03923797607422,64.4395523071289,42.67006301879883,427536
TRI.TO,2016-07-20,64.79412078857422,65.32025146484375,64.65686798095703,64.89706420898438,42.97300720214844,351122
TRI.TO,2016-07-21,64.9542465209961,65.01143646240234,64.5081787109375,64.82843780517578,42.92757034301758,226795
TRI.TO,2016-07-22,64.9542465209961,65.32025146484375,64.9313735961914,65.29737854003906,43.23807907104492,239910
TRI.TO,2016-07-25,65.3088150024414,65.8235092163086,65.3088150024414,65.66338348388672,43.48043441772461,264391
TRI.TO,2016-07-26,65.6862564086914,65.94932556152344,65.46894073486328,65.76631927490234,43.548606872558594,287735
TRI.TO,2016-07-27,65.54900360107422,65.72057342529297,65.3316879272461,65.40031433105469,43.306251525878906,297090
TRI.TO,2016-07-28,64.48530578613281,64.62255859375,63.5245475769043,63.62748336791992,42.13232421875,596890
TRI.TO,2016-07-29,63.330108642578125,63.421607971191406,62.67816162109375,62.91835021972656,41.662750244140625,521699
TRI.TO,2016-08-02,62.7353515625,62.7353515625,61.90040588378906,61.95759201049805,41.026580810546875,563579
TRI.TO,2016-08-03,62.00334167480469,62.3235969543457,61.83177947998047,61.98046875,41.04171371459961,478159
TRI.TO,2016-08-04,61.98046875,62.11771774291992,61.45433807373047,61.717403411865234,40.86752700805664,322882
TRI.TO,2016-08-05,62.037654876708984,62.666725158691406,62.02621841430664,62.12915802001953,41.14018630981445,401482
TRI.TO,2016-08-08,62.289283752441406,62.30072021484375,61.79746627807617,62.16346740722656,41.162899017333984,427886
TRI.TO,2016-08-09,62.22065734863281,62.96410369873047,62.140594482421875,62.7696647644043,41.564300537109375,510071
TRI.TO,2016-08-10,62.75822448730469,62.7696647644043,62.232093811035156,62.46084976196289,41.35981750488281,421504
TRI.TO,2016-08-11,62.52947235107422,62.838287353515625,62.3922233581543,62.63241195678711,41.47343063354492,431995
TRI.TO,2016-08-12,62.58666229248047,62.67816162109375,61.98046875,62.15203094482422,41.15532302856445,343341
TRI.TO,2016-08-15,62.27784729003906,62.27784729003906,61.934715270996094,61.98046875,41.04171371459961,355056
TRI.TO,2016-08-16,61.431461334228516,61.431461334228516,60.676578521728516,60.676578521728516,40.50646209716797,401832
TRI.TO,2016-08-17,60.630828857421875,61.29420852661133,60.41351318359375,61.16839599609375,40.83479690551758,502727
TRI.TO,2016-08-18,61.156959533691406,61.31708526611328,60.83670425415039,61.156959533691406,40.8271598815918,427274
TRI.TO,2016-08-19,61.179832458496094,61.37427520751953,60.79095458984375,61.179832458496094,40.842437744140625,313964
TRI.TO,2016-08-22,61.13408279418945,61.79746627807617,61.008270263671875,61.534400939941406,41.07913589477539,953870
TRI.TO,2016-08-23,61.763153076171875,61.934715270996094,61.339962005615234,61.36283493041992,40.964599609375,394400
TRI.TO,2016-08-24,61.35139846801758,61.64877700805664,61.27133560180664,61.46577453613281,41.033329010009766,344215
TRI.TO,2016-08-25,61.488651275634766,61.84321594238281,61.27133560180664,61.51152420043945,41.063865661621094,257658
TRI.TO,2016-08-26,61.55727767944336,62.00334167480469,61.36283493041992,61.660213470458984,41.163116455078125,370357
TRI.TO,2016-08-29,61.78602981567383,62.25497055053711,61.69452667236328,61.911842346191406,41.331111907958984,294554
TRI.TO,2016-08-30,61.911842346191406,62.33503341674805,61.866092681884766,62.22065734863281,41.53726577758789,320783
TRI.TO,2016-08-31,62.26640701293945,62.46084976196289,61.991905212402344,62.11771774291992,41.468536376953125,1264948
TRI.TO,2016-09-01,62.232093811035156,62.792537689208984,62.01477813720703,62.666725158691406,41.83505630493164,686769
TRI.TO,2016-09-02,62.71247482299805,63.13566589355469,62.609535217285156,62.96410369873047,42.0335693359375,520825
TRI.TO,2016-09-06,62.7696647644043,62.7696647644043,62.11771774291992,62.369346618652344,41.63652801513672,627403
TRI.TO,2016-09-07,62.26640701293945,62.563785552978516,62.01477813720703,62.12915802001953,41.4761848449707,982372
TRI.TO,2016-09-08,62.01477813720703,62.02621841430664,61.50008773803711,61.68309020996094,41.17839431762695,796057
TRI.TO,2016-09-09,61.29420852661133,61.42002487182617,60.60795211791992,60.66514205932617,40.498836517333984,1016995
TRI.TO,2016-09-12,60.64226531982422,61.87752914428711,60.59651565551758,61.660213470458984,41.163116455078125,854548
TRI.TO,2016-09-13,61.488651275634766,61.50008773803711,60.91676712036133,60.97395706176758,40.704994201660156,721828
TRI.TO,2016-09-14,60.93964385986328,61.46577453613281,60.89389419555664,60.951080322265625,40.68972396850586,779708
TRI.TO,2016-09-15,60.905330657958984,61.614463806152344,60.779518127441406,61.46577453613281,41.033329010009766,468279
TRI.TO,2016-09-16,60.8824577331543,62.666725158691406,60.8824577331543,62.666725158691406,41.83505630493164,3966821
TRI.TO,2016-09-19,61.74027633666992,61.934715270996094,61.45433807373047,61.534400939941406,41.07913589477539,558857
TRI.TO,2016-09-20,61.82033920288086,62.243534088134766,61.5687141418457,61.991905212402344,41.38457107543945,522661
TRI.TO,2016-09-21,62.232093811035156,62.33503341674805,61.44289779663086,61.671653747558594,41.17075729370117,641130
TRI.TO,2016-09-22,61.64877700805664,62.64384841918945,61.44289779663086,62.58666229248047,41.78160095214844,547317
TRI.TO,2016-09-23,62.50659942626953,62.67816162109375,62.22065734863281,62.31216049194336,41.59836196899414,588322
TRI.TO,2016-09-26,62.04909133911133,62.094844818115234,61.614463806152344,61.88896560668945,41.31583023071289,369657
TRI.TO,2016-09-27,61.808902740478516,62.26640701293945,61.52296447753906,61.808902740478516,41.26238250732422,527295
TRI.TO,2016-09-28,61.866092681884766,62.140594482421875,61.64877700805664,61.808902740478516,41.26238250732422,687468
TRI.TO,2016-09-29,61.671653747558594,61.717403411865234,61.31708526611328,61.50008773803711,41.056236267089844,343953
TRI.TO,2016-09-30,61.55727767944336,62.426536560058594,61.44289779663086,62.04909133911133,41.42272186279297,714572
TRI.TO,2016-10-03,61.95759201049805,62.30072021484375,61.77458953857422,62.140594482421875,41.48382568359375,401220
TRI.TO,2016-10-04,62.30072021484375,62.7696647644043,61.854652404785156,61.911842346191406,41.331111907958984,927116
TRI.TO,2016-10-05,62.16346740722656,62.27784729003906,62.02621841430664,62.11771774291992,41.468536376953125,472214
TRI.TO,2016-10-06,62.11771774291992,62.472286224365234,61.866092681884766,61.92327880859375,41.338748931884766,514180
TRI.TO,2016-10-07,61.96902847290039,61.96902847290039,61.39714813232422,61.54583740234375,41.08677673339844,623644
TRI.TO,2016-10-11,61.36283493041992,61.40858459472656,60.18476104736328,60.207637786865234,40.193416595458984,703905
TRI.TO,2016-10-12,60.253387451171875,60.51645278930664,60.21907424926758,60.36776351928711,40.30030822753906,406116
TRI.TO,2016-10-13,60.047508239746094,60.31057357788086,59.53281784057617,60.207637786865234,40.193416595458984,524410
TRI.TO,2016-10-14,60.45926284790039,60.66514205932617,59.830196380615234,59.830196380615234,39.941444396972656,402356
TRI.TO,2016-10-17,59.830196380615234,60.024635314941406,59.670066833496094,59.73869323730469,39.880348205566406,518290
TRI.TO,2016-10-18,59.978885650634766,60.196197509765625,59.727256774902344,59.773006439208984,39.903263092041016,509721
TRI.TO,2016-10-19,59.76156997680664,59.99032211303711,59.50994110107422,59.65863037109375,39.82691192626953,419668
TRI.TO,2016-10-20,59.590003967285156,59.921695709228516,59.487064361572266,59.875946044921875,39.971981048583984,619972
TRI.TO,2016-10-21,59.94457244873047,60.80239486694336,59.830196380615234,60.585079193115234,40.44538497924805,394488
TRI.TO,2016-10-24,60.74520492553711,61.07689666748047,60.630828857421875,60.80239486694336,40.590450286865234,545306
TRI.TO,2016-10-25,60.8138313293457,60.82526779174805,60.00175857543945,60.23051071166992,40.20869445800781,598464
TRI.TO,2016-10-26,60.01319885253906,60.93964385986328,59.94457244873047,60.68801498413086,40.51411819458008,745610
TRI.TO,2016-10-27,60.87101745605469,60.92820739746094,60.51645278930664,60.573638916015625,40.43775939941406,630114
TRI.TO,2016-10-28,60.482139587402344,60.91676712036133,60.3563232421875,60.49357604980469,40.384307861328125,711949
TRI.TO,2016-10-31,60.60795211791992,61.111209869384766,60.4363899230957,60.45926284790039,40.361392974853516,1087551
TRI.TO,2016-11-01,60.56220245361328,63.47879409790039,60.55076599121094,62.849727630615234,41.95722198486328,1734102
TRI.TO,2016-11-02,62.792537689208984,63.20429229736328,62.67816162109375,62.792537689208984,41.919044494628906,788451
TRI.TO,2016-11-03,62.86116409301758,63.02128982543945,62.55234909057617,62.68960189819336,41.85032272338867,693239
TRI.TO,2016-11-04,62.7010383605957,62.941226959228516,62.58666229248047,62.67816162109375,41.842674255371094,393526
TRI.TO,2016-11-07,63.21573257446289,63.741859436035156,63.03273010253906,63.41017150878906,42.33135986328125,503426
TRI.TO,2016-11-08,63.25004196166992,63.650360107421875,63.169979095458984,63.29579544067383,42.2550048828125,730222
TRI.TO,2016-11-09,63.05560302734375,64.07355499267578,63.05560302734375,63.91342544555664,42.66732406616211,729697
TRI.TO,2016-11-10,64.10786437988281,64.80555725097656,64.02780151367188,64.45099639892578,43.026187896728516,839510
TRI.TO,2016-11-11,64.41667938232422,64.74837493896484,63.95917510986328,64.22224426269531,42.873477935791016,541459
TRI.TO,2016-11-14,64.37093353271484,64.63399505615234,64.11930084228516,64.4395523071289,43.018558502197266,681523
TRI.TO,2016-11-15,64.02780151367188,64.09642791748047,63.741859436035156,63.879112243652344,42.9962272644043,773500
TRI.TO,2016-11-16,63.650360107421875,64.16505432128906,63.650360107421875,64.00492858886719,43.080909729003906,568912
TRI.TO,2016-11-17,64.00492858886719,64.75981140136719,63.76473617553711,64.73693084716797,43.57361602783203,547666
TRI.TO,2016-11-18,64.64543151855469,65.34312438964844,64.61112213134766,65.16012573242188,43.85847091674805,462334
TRI.TO,2016-11-21,65.08006286621094,65.2630615234375,64.8856201171875,65.02287292480469,43.76608657836914,609130
TRI.TO,2016-11-22,65.19444274902344,65.67481994628906,65.01143646240234,65.58332061767578,44.1433219909668,397285
TRI.TO,2016-11-23,65.43463134765625,66.09800720214844,65.43463134765625,65.69769287109375,44.22028732299805,1379133
TRI.TO,2016-11-24,65.8692626953125,66.3953857421875,65.78919219970703,66.0636978149414,44.466651916503906,127037
TRI.TO,2016-11-25,66.05226135253906,66.71564483642578,66.0179443359375,66.3953857421875,44.68990707397461,322882
TRI.TO,2016-11-28,66.18951416015625,66.509765625,65.8235092163086,66.28101348876953,44.6129264831543,806374
TRI.TO,2016-11-29,66.26957702636719,66.66989135742188,66.22382354736328,66.63558197021484,44.85157012939453,415733
TRI.TO,2016-11-30,66.41826629638672,66.80714416503906,66.3267593383789,66.3267593383789,44.643714904785156,848778
TRI.TO,2016-12-01,66.34963989257812,66.40682983398438,65.66338348388672,65.73200988769531,44.24340057373047,1269495
TRI.TO,2016-12-02,65.8006362915039,66.2009506225586,65.6405029296875,65.8006362915039,44.289581298828125,559207
TRI.TO,2016-12-05,65.90357208251953,66.07513427734375,65.77775573730469,65.81207275390625,44.29728317260742,421591
TRI.TO,2016-12-06,65.88069915771484,65.96076202392578,65.43463134765625,65.8235092163086,44.304988861083984,301461
TRI.TO,2016-12-07,65.8006362915039,66.8414535522461,65.66338348388672,66.77283477783203,44.94395065307617,597939
TRI.TO,2016-12-08,66.77283477783203,66.96726989746094,66.53263854980469,66.76139068603516,44.93625259399414,439077
TRI.TO,2016-12-09,66.66989135742188,67.66496276855469,66.58982849121094,67.48196411132812,45.421260833740234,455514
TRI.TO,2016-12-12,67.3790283203125,68.22541046142578,66.99014282226562,67.43621063232422,45.39045715332031,946351
TRI.TO,2016-12-13,67.39046478271484,68.31690979003906,67.34471130371094,68.1339111328125,45.8600959777832,531667
TRI.TO,2016-12-14,68.0652847290039,68.4655990600586,67.93946838378906,68.11103057861328,45.84467697143555,669370
TRI.TO,2016-12-15,68.24828338623047,68.61428833007812,67.93946838378906,67.93946838378906,45.72919845581055,723490
TRI.TO,2016-12-16,68.05384063720703,68.21397399902344,67.64208984375,67.67639923095703,45.552127838134766,3043203
TRI.TO,2016-12-19,67.73358917236328,67.91659545898438,67.63065338134766,67.7564697265625,45.60603332519531,474487
TRI.TO,2016-12-20,67.80221557617188,67.93946838378906,67.53915405273438,67.79077911376953,45.62913131713867,391865
TRI.TO,2016-12-21,67.79077911376953,68.19109344482422,67.65352630615234,67.96234130859375,45.74460220336914,591994
TRI.TO,2016-12-22,68.00809478759766,68.12246704101562,67.67639923095703,67.9737777709961,45.75229263305664,447820
TRI.TO,2016-12-23,68.21397399902344,68.22541046142578,67.89371490478516,67.99665832519531,45.76770782470703,590070
TRI.TO,2016-12-28,67.98521423339844,68.3283462524414,67.66496276855469,67.80221557617188,45.63682174682617,493896
TRI.TO,2016-12-29,67.73358917236328,67.96234130859375,67.5963363647461,67.73358917236328,45.59064483642578,173200
TRI.TO,2016-12-30,67.76790618896484,67.76790618896484,67.11595916748047,67.20745849609375,45.23649978637695,259932
TRI.TO,2017-01-03,67.3790283203125,67.82508850097656,67.05876922607422,67.40190124511719,45.36737060546875,325854
TRI.TO,2017-01-04,67.29895782470703,67.72215270996094,67.02445983886719,67.48196411132812,45.421260833740234,865390
TRI.TO,2017-01-05,67.34471130371094,67.89371490478516,67.13883209228516,67.7564697265625,45.60603332519531,357155
TRI.TO,2017-01-06,67.74502563476562,67.93946838378906,67.36758422851562,67.85940551757812,45.675323486328125,241221
TRI.TO,2017-01-09,67.7107162475586,67.81365203857422,67.42477416992188,67.43621063232422,45.39045715332031,276981
TRI.TO,2017-01-10,67.42477416992188,67.76790618896484,67.2188949584961,67.49340057373047,45.428958892822266,297702
TRI.TO,2017-01-11,67.52771759033203,67.87084197998047,67.1960220336914,67.65352630615234,45.5367546081543,902460
TRI.TO,2017-01-12,67.45909118652344,67.69927978515625,67.09308624267578,67.51627349853516,45.44436264038086,915225
TRI.TO,2017-01-13,67.51627349853516,67.93946838378906,67.51627349853516,67.69927978515625,45.567535400390625,740014
TRI.TO,2017-01-16,67.69927978515625,67.7564697265625,66.89864349365234,67.40190124511719,45.36737060546875,117507
TRI.TO,2017-01-17,67.34471130371094,67.60778045654297,66.79570770263672,66.91007995605469,45.036319732666016,395012
TRI.TO,2017-01-18,66.88720703125,67.27608489990234,66.73851776123047,67.27608489990234,45.282691955566406,703206
TRI.TO,2017-01-19,67.40190124511719,67.82508850097656,67.35614776611328,67.67639923095703,45.552127838134766,269374
TRI.TO,2017-01-20,67.81365203857422,68.7744140625,67.81365203857422,68.62572479248047,46.19110107421875,519251
TRI.TO,2017-01-23,68.49990844726562,68.60285186767578,67.81365203857422,68.12246704101562,45.85237121582031,242008
TRI.TO,2017-01-24,67.93946838378906,68.0881576538086,67.36758422851562,67.82508850097656,45.652225494384766,299450
TRI.TO,2017-01-25,67.92803192138672,68.20252990722656,67.63065338134766,67.76790618896484,45.61373519897461,277855
TRI.TO,2017-01-26,67.66496276855469,67.9051513671875,67.3790283203125,67.67639923095703,45.552127838134766,259932
TRI.TO,2017-01-27,67.67639923095703,67.87084197998047,67.43621063232422,67.5963363647461,45.49824905395508,278992
TRI.TO,2017-01-30,67.48196411132812,67.50483703613281,66.76139068603516,67.07020568847656,45.14411163330078,275232
TRI.TO,2017-01-31,67.00157928466797,67.00157928466797,66.34963989257812,66.71564483642578,44.90546798706055,356455
TRI.TO,2017-02-01,66.71564483642578,66.91007995605469,65.92644500732422,66.4640121459961,44.73609161376953,439952
TRI.TO,2017-02-02,66.24669647216797,66.77283477783203,66.15519714355469,66.70420837402344,44.897769927978516,447296
TRI.TO,2017-02-03,66.96726989746094,67.10452270507812,66.70420837402344,67.04733276367188,45.12873458862305,289571
TRI.TO,2017-02-06,67.00157928466797,67.07020568847656,66.5555191040039,66.73851776123047,44.920860290527344,179933
TRI.TO,2017-02-07,66.79570770263672,67.43621063232422,66.79570770263672,67.09308624267578,45.15951919555664,217965
TRI.TO,2017-02-08,67.03589630126953,67.3104019165039,66.37251281738281,67.1960220336914,45.22880172729492,464695
TRI.TO,2017-02-09,65.84638214111328,65.93788146972656,64.2451171875,64.96569061279297,43.727596282958984,769041
TRI.TO,2017-02-10,65.14868927001953,66.36107635498047,65.01143646240234,66.28101348876953,44.6129264831543,570136
TRI.TO,2017-02-13,66.49832916259766,67.1960220336914,66.48689270019531,67.05876922607422,45.13641357421875,594529
TRI.TO,2017-02-14,66.89864349365234,67.3332748413086,66.68132781982422,67.03589630126953,45.12101745605469,280390
TRI.TO,2017-02-15,67.04733276367188,67.39046478271484,67.03589630126953,67.13883209228516,45.19029998779297,254948
TRI.TO,2017-02-16,67.10452270507812,67.20745849609375,66.8185806274414,67.16171264648438,45.20570373535156,375078
TRI.TO,2017-02-17,67.01302337646484,67.45909118652344,66.65845489501953,67.3332748413086,45.32118606567383,276369
TRI.TO,2017-02-21,67.03589630126953,67.1960220336914,66.49832916259766,66.68132781982422,45.22963333129883,608693
TRI.TO,2017-02-22,65.99507141113281,66.16663360595703,64.53105926513672,64.72549438476562,43.90301513671875,1212053
TRI.TO,2017-02-23,64.6911849975586,65.19444274902344,64.11930084228516,64.46243286132812,43.724578857421875,3032711
TRI.TO,2017-02-24,64.23368072509766,64.2451171875,63.318668365478516,64.02780151367188,43.42975997924805,750156
TRI.TO,2017-02-27,63.86767578125,64.16505432128906,63.558860778808594,64.07355499267578,43.4608039855957,1289691
TRI.TO,2017-02-28,64.07355499267578,64.62255859375,64.07355499267578,64.23368072509766,43.56941223144531,869149
TRI.TO,2017-03-01,64.72549438476562,64.80555725097656,64.37093353271484,64.66830444335938,43.86421203613281,667796
TRI.TO,2017-03-02,64.72549438476562,66.04082489013672,64.6911849975586,65.89213562011719,44.6943244934082,920559
TRI.TO,2017-03-03,65.73200988769531,65.91500854492188,65.45750427246094,65.62906646728516,44.515892028808594,575469
TRI.TO,2017-03-06,65.52613067626953,65.89213562011719,65.25162506103516,65.58332061767578,44.484867095947266,691053
TRI.TO,2017-03-07,65.58332061767578,66.18951416015625,65.21731567382812,65.84638214111328,44.66329574584961,381111
TRI.TO,2017-03-08,66.05226135253906,66.65845489501953,65.96076202392578,66.10945129394531,44.841739654541016,530268
TRI.TO,2017-03-09,66.10945129394531,66.72708129882812,66.00650787353516,66.29244995117188,44.96586608886719,474749
TRI.TO,2017-03-10,66.48689270019531,66.80714416503906,66.23526000976562,66.53263854980469,45.12877655029297,573284
TRI.TO,2017-03-13,66.5555191040039,66.88720703125,66.42970275878906,66.63558197021484,45.1986083984375,454727
TRI.TO,2017-03-14,66.76139068603516,67.02445983886719,66.37251281738281,66.45257568359375,45.0744743347168,580715
TRI.TO,2017-03-15,66.4640121459961,66.9329605102539,66.3953857421875,66.52120208740234,45.121028900146484,571622
TRI.TO,2017-03-16,66.6241455078125,66.96726989746094,66.5783920288086,66.85289764404297,45.346004486083984,666048
TRI.TO,2017-03-17,66.78427124023438,67.23033142089844,66.13232421875,66.28101348876953,44.95811080932617,2809151
TRI.TO,2017-03-20,66.10945129394531,66.61270141601562,65.81207275390625,65.85781860351562,44.671051025390625,274095
TRI.TO,2017-03-21,65.91500854492188,66.65845489501953,65.78919219970703,65.97219848632812,44.748634338378906,745172
TRI.TO,2017-03-22,65.93788146972656,66.31532287597656,65.77775573730469,66.15519714355469,44.87276077270508,676802
TRI.TO,2017-03-23,66.16663360595703,66.66989135742188,66.04082489013672,66.63558197021484,45.1986083984375,381635
TRI.TO,2017-03-24,66.60126495361328,67.65352630615234,66.53263854980469,66.94439697265625,45.4080696105957,466356
TRI.TO,2017-03-27,66.8185806274414,66.85289764404297,66.36107635498047,66.69276428222656,45.23738479614258,444236
TRI.TO,2017-03-28,66.78427124023438,67.09308624267578,66.45257568359375,66.86433410644531,45.3537712097168,541808
TRI.TO,2017-03-29,66.74995422363281,66.76139068603516,66.00650787353516,66.25814056396484,44.942596435546875,479121
TRI.TO,2017-03-30,66.23526000976562,66.41826629638672,65.81207275390625,66.26957702636719,44.95034408569336,408214
TRI.TO,2017-03-31,65.94932556152344,66.04082489013672,65.60619354248047,65.77775573730469,44.61674118041992,480345
TRI.TO,2017-04-03,65.77775573730469,66.24669647216797,65.41175079345703,66.0179443359375,44.779659271240234,395712
TRI.TO,2017-04-04,65.81207275390625,66.26957702636719,65.67481994628906,65.7548828125,44.60124588012695,535339
TRI.TO,2017-04-05,65.92644500732422,66.34963989257812,65.8006362915039,65.96076202392578,44.740867614746094,413373
TRI.TO,2017-04-06,65.98363494873047,66.25814056396484,65.7091293334961,65.8692626953125,44.67881774902344,313090
TRI.TO,2017-04-07,65.76631927490234,66.04082489013672,65.42318725585938,66.02938842773438,44.78743362426758,353220
TRI.TO,2017-04-10,65.97219848632812,65.97219848632812,65.53756713867188,65.69769287109375,44.56243133544922,328390
TRI.TO,2017-04-11,65.49181365966797,65.7548828125,64.9542465209961,65.4460678100586,44.39177322387695,394750
TRI.TO,2017-04-12,65.25162506103516,65.43463134765625,64.87418365478516,65.25162506103516,44.25988006591797,419930
TRI.TO,2017-04-13,65.12581634521484,65.40031433105469,64.96569061279297,65.0,44.089202880859375,314838
TRI.TO,2017-04-17,65.08006286621094,65.81207275390625,64.96569061279297,65.8006362915039,44.632266998291016,305396
TRI.TO,2017-04-18,65.72057342529297,66.36107635498047,65.65194702148438,66.26957702636719,44.95034408569336,395012
TRI.TO,2017-04-19,66.3953857421875,66.8414535522461,66.3953857421875,66.8414535522461,45.338253021240234,300412
TRI.TO,2017-04-20,66.0179443359375,66.77283477783203,65.74344635009766,65.8692626953125,44.67881774902344,817303
TRI.TO,2017-04-21,65.69769287109375,66.13232421875,65.6405029296875,65.84638214111328,44.66329574584961,538923
TRI.TO,2017-04-24,66.2009506225586,66.71564483642578,66.2009506225586,66.5555191040039,45.1442985534668,542333
TRI.TO,2017-04-25,66.66989135742188,67.12739562988281,66.52120208740234,66.60126495361328,45.175331115722656,713697
TRI.TO,2017-04-26,66.54407501220703,67.00157928466797,66.38394927978516,66.99014282226562,45.43910217285156,491099
TRI.TO,2017-04-27,67.02445983886719,68.3512191772461,67.02445983886719,68.23684692382812,46.284732818603516,1084754
TRI.TO,2017-04-28,69.78092193603516,71.8625717163086,69.76948547363281,70.94756317138672,48.1234130859375,1172097
TRI.TO,2017-05-01,70.24987030029297,70.26130676269531,69.09466552734375,69.12898254394531,46.889869689941406,541284
TRI.TO,2017-05-02,69.1976089477539,69.9753646850586,69.04891967773438,69.92961120605469,47.43294143676758,874832
TRI.TO,2017-05-03,69.70085906982422,69.80380249023438,69.24335479736328,69.529296875,47.16140365600586,571710
TRI.TO,2017-05-04,69.79236602783203,70.19268035888672,69.24335479736328,69.44923400878906,47.107093811035156,681873
TRI.TO,2017-05-05,69.62079620361328,70.20411682128906,69.529296875,70.03255462646484,47.50277328491211,535513
TRI.TO,2017-05-08,70.16980743408203,70.34136962890625,69.74661254882812,69.87242889404297,47.39413833618164,394050
TRI.TO,2017-05-09,69.76948547363281,70.00967407226562,69.0832290649414,69.32341766357422,47.02176284790039,644889
TRI.TO,2017-05-10,69.2204818725586,69.24335479736328,68.96885681152344,69.04891967773438,46.835567474365234,542333
TRI.TO,2017-05-11,68.91166687011719,69.34629821777344,68.7744140625,68.95741271972656,46.77349090576172,969607
TRI.TO,2017-05-12,68.87734985351562,69.35773468017578,68.83160400390625,69.01460266113281,46.81229782104492,856909
TRI.TO,2017-05-15,69.07179260253906,69.55216979980469,69.03748321533203,69.28910827636719,46.998477935791016,895204
TRI.TO,2017-05-16,68.60285186767578,69.09466552734375,67.82508850097656,67.88227844238281,46.044246673583984,1472159
TRI.TO,2017-05-17,67.61921691894531,67.9051513671875,67.04733276367188,67.07020568847656,45.49341583251953,1367505
TRI.TO,2017-05-18,67.23033142089844,67.61921691894531,66.71564483642578,67.08164978027344,45.50117874145508,711599
TRI.TO,2017-05-19,67.17314910888672,67.18458557128906,66.69276428222656,66.87577056884766,45.36151885986328,438378
TRI.TO,2017-05-23,67.01302337646484,67.02445983886719,66.48689270019531,66.58982849121094,45.16758346557617,638507
TRI.TO,2017-05-24,66.6241455078125,66.9558334350586,66.37251281738281,66.92151641845703,45.39256286621094,694550
TRI.TO,2017-05-25,67.08164978027344,68.68291473388672,67.08164978027344,68.25971984863281,46.300262451171875,927903
TRI.TO,2017-05-26,68.3283462524414,68.3283462524414,67.24177551269531,67.39046478271484,45.71063995361328,758374
TRI.TO,2017-05-29,67.24177551269531,67.69927978515625,67.03589630126953,67.25321197509766,45.6175537109375,184042
TRI.TO,2017-05-30,67.09308624267578,67.6878433227539,67.09308624267578,67.44764709472656,45.74943923950195,644540
TRI.TO,2017-05-31,67.52771759033203,67.74502563476562,67.09308624267578,67.39046478271484,45.71063995361328,2511274
TRI.TO,2017-06-01,67.55059051513672,67.9051513671875,67.3790283203125,67.81365203857422,45.9976921081543,635971
TRI.TO,2017-06-02,67.83653259277344,68.45416259765625,67.83653259277344,68.15678405761719,46.23042678833008,412498
TRI.TO,2017-06-05,68.0652847290039,68.28260040283203,67.44764709472656,67.49340057373047,45.780452728271484,713085
TRI.TO,2017-06-06,67.3790283203125,67.5734634399414,67.28752136230469,67.44764709472656,45.74943923950195,517678
TRI.TO,2017-06-07,67.3790283203125,67.61921691894531,67.29895782470703,67.40190124511719,45.7183952331543,1193080
TRI.TO,2017-06-08,67.41333770751953,67.63065338134766,67.02445983886719,67.53915405273438,45.8115119934082,723140
TRI.TO,2017-06-09,67.48196411132812,67.6878433227539,67.40190124511719,67.67639923095703,45.90458297729492,893892
TRI.TO,2017-06-12,67.48196411132812,68.29403686523438,67.39046478271484,67.58489990234375,45.842529296875,842133
TRI.TO,2017-06-13,67.5734634399414,67.84796905517578,67.29895782470703,67.3104019165039,45.65633010864258,900012
TRI.TO,2017-06-14,67.3332748413086,67.9051513671875,67.11595916748047,67.49340057373047,45.780452728271484,606944
TRI.TO,2017-06-15,68.28260040283203,70.46717834472656,68.03096771240234,69.91817474365234,47.4251823425293,1619655
TRI.TO,2017-06-16,69.92961120605469,70.05542755126953,68.79728698730469,69.1976089477539,46.936424255371094,3093913
TRI.TO,2017-06-19,69.98680114746094,70.71881103515625,69.42636108398438,70.58155822753906,47.875144958496094,720167
TRI.TO,2017-06-20,70.51293182373047,70.7073745727539,69.71229553222656,69.73517608642578,47.30104064941406,1478804
TRI.TO,2017-06-21,69.6436767578125,70.29561614990234,69.50642395019531,70.14692687988281,47.58034133911133,462072
TRI.TO,2017-06-22,70.12405395507812,70.34136962890625,69.82667541503906,70.2384262084961,47.64240264892578,539885
TRI.TO,2017-06-23,70.14692687988281,71.02762603759766,70.14692687988281,70.62731170654297,47.90617370605469,908493
TRI.TO,2017-06-26,70.75312042236328,71.05049896240234,70.05542755126953,70.27274322509766,47.66568374633789,477634
TRI.TO,2017-06-27,70.12405395507812,70.37567901611328,69.87242889404297,69.99823760986328,47.47948455810547,578704
TRI.TO,2017-06-28,70.14692687988281,70.43286895751953,69.74661254882812,69.78092193603516,47.33206558227539,673042
TRI.TO,2017-06-29,69.71229553222656,69.71229553222656,68.85447692871094,69.1061019897461,46.87434005737305,600300
TRI.TO,2017-06-30,69.00316619873047,69.2204818725586,68.64859771728516,68.67147827148438,46.579551696777344,505088
TRI.TO,2017-07-04,68.7057876586914,68.99172973632812,67.9509048461914,68.69435119628906,46.595054626464844,178446
TRI.TO,2017-07-05,68.7744140625,68.8430404663086,68.3283462524414,68.64859771728516,46.56402587890625,484366
TRI.TO,2017-07-06,68.3283462524414,68.47703552246094,67.88227844238281,67.9737777709961,46.106292724609375,659228
TRI.TO,2017-07-07,67.93946838378906,67.9509048461914,67.2646484375,67.52771759033203,45.803733825683594,234664
TRI.TO,2017-07-10,67.63065338134766,67.69927978515625,67.25321197509766,67.2646484375,45.62529373168945,227582
TRI.TO,2017-07-11,67.1960220336914,67.60778045654297,67.08164978027344,67.60778045654297,45.85805892944336,355319
TRI.TO,2017-07-12,67.65352630615234,68.09959411621094,67.11595916748047,67.11595916748047,45.524444580078125,434181
TRI.TO,2017-07-13,67.16171264648438,67.52771759033203,66.5783920288086,66.63558197021484,45.1986083984375,361963
TRI.TO,2017-07-14,66.68132781982422,66.85289764404297,66.54407501220703,66.66989135742188,45.22188186645508,582027
TRI.TO,2017-07-17,66.5555191040039,66.72708129882812,66.45257568359375,66.6241455078125,45.19084930419922,347013
TRI.TO,2017-07-18,66.49832916259766,66.71564483642578,66.28101348876953,66.58982849121094,45.16758346557617,784079
TRI.TO,2017-07-19,66.48689270019531,66.69276428222656,66.05226135253906,66.07513427734375,44.81845474243164,307144
TRI.TO,2017-07-20,66.02938842773438,66.31532287597656,65.85781860351562,66.0636978149414,44.81071090698242,209746
TRI.TO,2017-07-21,65.93788146972656,65.98363494873047,65.6405029296875,65.84638214111328,44.66329574584961,1390237
TRI.TO,2017-07-24,65.85781860351562,65.89213562011719,65.4460678100586,65.74344635009766,44.593475341796875,275057
TRI.TO,2017-07-25,65.65194702148438,65.8235092163086,65.37744140625,65.40031433105469,44.36073684692383,293068
TRI.TO,2017-07-26,65.43463134765625,65.78919219970703,65.37744140625,65.4460678100586,44.39177322387695,450181
TRI.TO,2017-07-27,65.50325775146484,66.02938842773438,65.41175079345703,65.89213562011719,44.6943244934082,406903
TRI.TO,2017-07-28,65.67481994628906,65.67481994628906,65.19444274902344,65.51469421386719,44.438316345214844,262205
TRI.TO,2017-07-31,65.56044006347656,66.00650787353516,65.3088150024414,65.3088150024414,44.29867172241211,370969
TRI.TO,2017-08-01,66.94439697265625,69.44923400878906,66.72708129882812,68.8201675415039,46.680397033691406,933411
TRI.TO,2017-08-02,68.7286605834961,68.90023040771484,68.0652847290039,68.33978271484375,46.35456848144531,751992
TRI.TO,2017-08-03,68.53422546386719,68.78585052490234,68.19109344482422,68.36266326904297,46.37007141113281,569786
TRI.TO,2017-08-04,68.62572479248047,68.92310333251953,68.22541046142578,68.41984558105469,46.40886306762695,367209
TRI.TO,2017-08-08,67.9737777709961,68.48847198486328,67.9737777709961,68.12246704101562,46.20714569091797,566726
TRI.TO,2017-08-09,68.04240417480469,68.38553619384766,67.83653259277344,68.23684692382812,46.284732818603516,549502
TRI.TO,2017-08-10,68.05384063720703,68.07672119140625,67.51627349853516,67.73358917236328,45.943389892578125,740539
TRI.TO,2017-08-11,67.56202697753906,67.79077911376953,67.09308624267578,67.42477416992188,45.7338981628418,702943
TRI.TO,2017-08-14,67.74502563476562,68.30547332763672,67.20745849609375,67.73358917236328,45.943389892578125,1047158
TRI.TO,2017-08-15,67.48196411132812,67.66496276855469,67.42477416992188,67.50483703613281,46.130184173583984,486203
TRI.TO,2017-08-16,67.65352630615234,67.69927978515625,66.9329605102539,66.9329605102539,45.73938751220703,461372
TRI.TO,2017-08-17,66.87577056884766,67.01302337646484,66.58982849121094,66.60126495361328,45.51272201538086,375865
TRI.TO,2017-08-18,66.5555191040039,66.5555191040039,65.90357208251953,65.97219848632812,45.08283996582031,443449
TRI.TO,2017-08-21,66.04082489013672,66.04082489013672,65.6862564086914,65.81207275390625,44.97341537475586,379012
TRI.TO,2017-08-22,65.8006362915039,66.21238708496094,65.54900360107422,66.14376068115234,45.200077056884766,301024
TRI.TO,2017-08-23,65.93788146972656,66.22382354736328,65.81207275390625,65.96076202392578,45.07502365112305,687993
TRI.TO,2017-08-24,66.00650787353516,66.12088775634766,65.69769287109375,65.69769287109375,44.89524459838867,299800
TRI.TO,2017-08-25,65.8692626953125,66.07513427734375,65.29737854003906,65.29737854003906,44.6216926574707,311778
TRI.TO,2017-08-28,65.2630615234375,65.3088150024414,64.74837493896484,64.86274719238281,44.32468032836914,412411
TRI.TO,2017-08-29,64.56536865234375,64.87418365478516,64.38236999511719,64.79412078857422,44.27778244018555,331625
TRI.TO,2017-08-30,64.74837493896484,65.7091293334961,64.74837493896484,65.51469421386719,44.77019500732422,707840
TRI.TO,2017-08-31,65.40031433105469,65.51469421386719,65.12581634521484,65.3088150024414,44.629512786865234,673392
TRI.TO,2017-09-01,65.46894073486328,65.46894073486328,64.27942657470703,64.40524291992188,44.012054443359375,794833
TRI.TO,2017-09-05,64.2451171875,64.38236999511719,63.35298156738281,63.51310729980469,43.40239715576172,922919
TRI.TO,2017-09-06,64.46243286132812,64.78268432617188,63.70754623413086,63.71898651123047,43.54307556152344,731621
TRI.TO,2017-09-07,63.8333625793457,63.8333625793457,63.19285583496094,63.23860549926758,43.214813232421875,686681
TRI.TO,2017-09-08,63.272918701171875,63.4559211730957,62.96410369873047,63.23860549926758,43.214813232421875,347712
TRI.TO,2017-09-11,63.501670837402344,63.73042297363281,63.044166564941406,63.26148223876953,43.23044967651367,537437
TRI.TO,2017-09-12,63.30723190307617,63.982051849365234,63.30723190307617,63.799049377441406,43.5977897644043,604496
TRI.TO,2017-09-13,63.85623550415039,64.15361785888672,63.44448471069336,63.490234375,43.38675308227539,430771
TRI.TO,2017-09-14,63.547420501708984,63.62748336791992,63.05560302734375,63.29579544067383,43.25387954711914,573371
TRI.TO,2017-09-15,63.181419372558594,63.62748336791992,63.181419372558594,63.330108642578125,43.27733612060547,3323768
TRI.TO,2017-09-18,63.46735763549805,63.936302185058594,63.227169036865234,63.91342544555664,43.67594528198242,482443
TRI.TO,2017-09-19,63.982051849365234,64.3137435913086,63.85623550415039,63.97061538696289,43.715030670166016,393876
TRI.TO,2017-09-20,64.01636505126953,64.5081787109375,63.936302185058594,64.38236999511719,43.99641418457031,657917
TRI.TO,2017-09-21,64.45099639892578,64.59968566894531,63.936302185058594,64.46243286132812,44.051124572753906,607556
TRI.TO,2017-09-22,64.47386932373047,64.83987426757812,64.35948944091797,64.78268432617188,44.26997375488281,388280
TRI.TO,2017-09-25,64.77124786376953,64.89706420898438,64.49674224853516,64.87418365478516,44.332496643066406,488213
TRI.TO,2017-09-26,65.13725280761719,65.13725280761719,64.5081787109375,64.54249572753906,44.10584259033203,423340
TRI.TO,2017-09-27,64.78268432617188,65.7548828125,64.78268432617188,65.6405029296875,44.85615921020508,714834
TRI.TO,2017-09-28,65.61763000488281,65.61763000488281,64.82843780517578,64.89706420898438,44.34813690185547,395449
TRI.TO,2017-09-29,65.19444274902344,65.65194702148438,65.09149932861328,65.48037719726562,44.74674606323242,635797
TRI.TO,2017-10-02,65.78919219970703,66.02938842773438,65.52613067626953,65.72057342529297,44.910892486572266,593218
TRI.TO,2017-10-03,65.66338348388672,65.92644500732422,65.51469421386719,65.83494567871094,44.989051818847656,325155
TRI.TO,2017-10-04,65.83494567871094,66.30388641357422,65.76631927490234,66.21238708496094,45.24697494506836,353570
TRI.TO,2017-10-05,66.21238708496094,66.61270141601562,65.89213562011719,66.14376068115234,45.200077056884766,333986
TRI.TO,2017-10-06,66.16663360595703,66.25814056396484,65.81207275390625,65.97219848632812,45.08283996582031,355406
TRI.TO,2017-10-10,66.1780776977539,66.1780776977539,65.78919219970703,65.96076202392578,45.07502365112305,475711
TRI.TO,2017-10-11,66.02938842773438,66.3267593383789,65.83494567871094,66.00650787353516,45.106285095214844,432607
TRI.TO,2017-10-12,66.12088775634766,66.29244995117188,65.98363494873047,66.13232421875,45.19226837158203,540410
TRI.TO,2017-10-13,66.28101348876953,67.12739562988281,66.28101348876953,66.83001708984375,45.66903305053711,412149
TRI.TO,2017-10-16,66.77283477783203,67.79077911376953,66.77283477783203,67.7107162475586,46.27086639404297,713173
TRI.TO,2017-10-17,68.36266326904297,69.80380249023438,68.36266326904297,68.8430404663086,47.04465866088867,868974
TRI.TO,2017-10-18,68.90023040771484,68.90023040771484,67.69927978515625,67.84796905517578,46.36467742919922,423777
TRI.TO,2017-10-19,67.7107162475586,68.45416259765625,67.7107162475586,68.39697265625,46.73982238769531,534289
TRI.TO,2017-10-20,68.64859771728516,69.02603912353516,68.61428833007812,68.8201675415039,47.029029846191406,675665
TRI.TO,2017-10-23,69.00316619873047,69.36917114257812,68.71722412109375,68.74010467529297,46.97433090209961,420542
TRI.TO,2017-10-24,68.64859771728516,69.1976089477539,68.63716125488281,68.8887939453125,47.0759162902832,341505
TRI.TO,2017-10-25,68.8887939453125,69.3348617553711,68.7286605834961,69.16329193115234,47.26350784301758,427886
TRI.TO,2017-10-26,69.34629821777344,69.73517608642578,69.3348617553711,69.6436767578125,47.59177017211914,281265
TRI.TO,2017-10-27,69.76948547363281,69.89530181884766,68.86591339111328,68.96885681152344,47.13063430786133,423077
TRI.TO,2017-10-30,68.87734985351562,69.35773468017578,68.87734985351562,68.99172973632812,47.146278381347656,291144
TRI.TO,2017-10-31,69.1976089477539,69.72373962402344,68.99172973632812,68.99172973632812,47.146278381347656,424826
TRI.TO,2017-11-01,67.44764709472656,67.44764709472656,64.03923797607422,65.13725280761719,44.51226806640625,3391440
TRI.TO,2017-11-02,65.19444274902344,65.32025146484375,64.73693084716797,65.13725280761719,44.51226806640625,1355002
TRI.TO,2017-11-03,65.12581634521484,65.19444274902344,64.70262145996094,65.0686264038086,44.465370178222656,737304
TRI.TO,2017-11-06,65.19444274902344,65.21731567382812,64.75981140136719,64.9542465209961,44.38719940185547,684758
TRI.TO,2017-11-07,65.02287292480469,65.53756713867188,64.98856353759766,65.0686264038086,44.465370178222656,462858
TRI.TO,2017-11-08,64.83987426757812,64.83987426757812,64.02780151367188,64.40524291992188,44.012054443359375,885324
TRI.TO,2017-11-09,64.25655364990234,64.74837493896484,64.09642791748047,64.70262145996094,44.21525573730469,624343
TRI.TO,2017-11-10,64.64543151855469,64.90850067138672,64.49674224853516,64.54249572753906,44.10584259033203,563579
TRI.TO,2017-11-13,64.59968566894531,64.66830444335938,64.30230712890625,64.47386932373047,44.058929443359375,266489
TRI.TO,2017-11-14,64.39380645751953,64.94281005859375,64.38236999511719,64.64543151855469,44.17617416381836,357242
TRI.TO,2017-11-15,64.06211853027344,64.53105926513672,64.06211853027344,64.16505432128906,44.19114303588867,637283
TRI.TO,2017-11-16,64.1764907836914,64.5081787109375,64.14218139648438,64.27942657470703,44.2699089050293,918723
TRI.TO,2017-11-17,64.33661651611328,64.37093353271484,63.936302185058594,64.16505432128906,44.19114303588867,689129
TRI.TO,2017-11-20,64.14218139648438,64.49674224853516,64.05067443847656,64.27942657470703,44.2699089050293,1095945
TRI.TO,2017-11-21,64.38236999511719,64.54249572753906,64.07355499267578,64.35948944091797,44.3250617980957,937608
TRI.TO,2017-11-22,64.26799011230469,64.4395523071289,63.71898651123047,64.05067443847656,44.11237335205078,711162
TRI.TO,2017-11-23,63.99348831176758,64.90850067138672,63.99348831176758,64.67974853515625,44.54561996459961,172676
TRI.TO,2017-11-24,64.83987426757812,64.8856201171875,64.21080780029297,64.49674224853516,44.41957473754883,339843
TRI.TO,2017-11-27,64.59968566894531,64.78268432617188,64.37093353271484,64.71405792236328,44.569252014160156,321308
TRI.TO,2017-11-28,64.89706420898438,65.54900360107422,64.89706420898438,65.34312438964844,45.00249099731445,546530
TRI.TO,2017-11-29,65.38887786865234,65.76631927490234,65.0686264038086,65.19444274902344,44.90010452270508,606332
TRI.TO,2017-11-30,65.24018859863281,65.4460678100586,64.8856201171875,64.98856353759766,44.758304595947266,1134152
TRI.TO,2017-12-01,64.83987426757812,64.91993713378906,64.08499145507812,64.66830444335938,44.53773880004883,746134
TRI.TO,2017-12-04,64.94281005859375,64.94281005859375,64.27942657470703,64.34805297851562,44.317169189453125,838024
TRI.TO,2017-12-05,64.54249572753906,64.72549438476562,64.1307373046875,64.22224426269531,44.230525970458984,954482
TRI.TO,2017-12-06,64.14218139648438,64.83987426757812,63.94773864746094,64.4395523071289,44.38019561767578,504913
TRI.TO,2017-12-07,64.5539321899414,65.25162506103516,64.5539321899414,64.66830444335938,44.53773880004883,457263
TRI.TO,2017-12-08,64.75981140136719,65.19444274902344,64.47386932373047,65.17156219482422,44.88433074951172,398772
TRI.TO,2017-12-11,65.11437225341797,65.29737854003906,64.89706420898438,65.22875213623047,44.923728942871094,266139
TRI.TO,2017-12-12,65.28594207763672,65.3316879272461,65.02287292480469,65.21731567382812,44.91584777832031,383384
TRI.TO,2017-12-13,65.36600494384766,65.58332061767578,64.8169937133789,64.82843780517578,44.64802169799805,511557
TRI.TO,2017-12-14,65.0,65.36600494384766,64.72549438476562,64.73693084716797,44.58500289916992,544082
TRI.TO,2017-12-15,64.2908706665039,65.49181365966797,64.2908706665039,65.08006286621094,44.821327209472656,1461493
TRI.TO,2017-12-18,65.19444274902344,65.56044006347656,64.34805297851562,64.34805297851562,44.317169189453125,405854
TRI.TO,2017-12-19,64.33661651611328,64.64543151855469,63.66179656982422,64.03923797607422,44.10448455810547,935946
TRI.TO,2017-12-20,64.1764907836914,64.1764907836914,63.77617263793945,63.9019889831543,44.009971618652344,336871
TRI.TO,2017-12-21,63.89054870605469,64.02780151367188,63.08991622924805,63.25004196166992,43.56096267700195,346313
TRI.TO,2017-12-22,63.19285583496094,63.39873123168945,62.998416900634766,63.169979095458984,43.50582504272461,361351
TRI.TO,2017-12-27,62.86116409301758,63.02128982543945,62.575225830078125,62.90691375732422,43.32465362548828,285549
TRI.TO,2017-12-28,62.849727630615234,62.87260055541992,62.094844818115234,62.563785552978516,43.08832550048828,323494
TRI.TO,2017-12-29,62.58666229248047,62.7696647644043,62.38078308105469,62.666725158691406,43.15922546386719,354007
TRI.TO,2018-01-02,62.67816162109375,62.792537689208984,62.186344146728516,62.620975494384766,43.12772750854492,307581
TRI.TO,2018-01-03,62.65528869628906,62.91835021972656,62.415096282958984,62.80397415161133,43.253746032714844,429985
TRI.TO,2018-01-04,62.792537689208984,62.998416900634766,62.63241195678711,62.96410369873047,43.36403274536133,324718
TRI.TO,2018-01-05,62.91835021972656,63.08991622924805,62.609535217285156,62.792537689208984,43.245880126953125,380499
TRI.TO,2018-01-08,62.88404083251953,62.88404083251953,62.30072021484375,62.563785552978516,43.08832550048828,296740
TRI.TO,2018-01-09,62.72391128540039,63.28435516357422,62.59809875488281,62.78110122680664,43.23799514770508,322095
TRI.TO,2018-01-10,62.666725158691406,62.986976623535156,62.33503341674805,62.746788024902344,43.2143669128418,443711
TRI.TO,2018-01-11,62.620975494384766,62.75822448730469,61.98046875,62.01477813720703,42.710227966308594,520475
TRI.TO,2018-01-12,61.98046875,62.3922233581543,61.854652404785156,62.15203094482422,42.804744720458984,355581
TRI.TO,2018-01-15,62.22065734863281,62.27784729003906,61.90040588378906,61.95759201049805,42.67083740234375,102032
TRI.TO,2018-01-16,61.95759201049805,62.34646987915039,61.87752914428711,61.991905212402344,42.69447326660156,742899
TRI.TO,2018-01-17,62.01477813720703,62.472286224365234,61.90040588378906,62.04909133911133,42.733856201171875,521962
TRI.TO,2018-01-18,62.12915802001953,62.369346618652344,61.92327880859375,62.01477813720703,42.710227966308594,477285
TRI.TO,2018-01-19,61.92327880859375,62.48372268676758,61.92327880859375,62.426536560058594,42.99380874633789,385570
TRI.TO,2018-01-22,62.27784729003906,62.27784729003906,61.74027633666992,61.98046875,42.68659591674805,1157671
TRI.TO,2018-01-23,61.854652404785156,61.854652404785156,61.20270919799805,61.45433807373047,42.32423782348633,1130567
TRI.TO,2018-01-24,61.37427520751953,62.07196807861328,61.054019927978516,61.50008773803711,42.35575485229492,758374
TRI.TO,2018-01-25,61.50008773803711,61.660213470458984,61.16839599609375,61.39714813232422,42.28486251831055,598464
TRI.TO,2018-01-26,61.52296447753906,62.369346618652344,61.42002487182617,62.01477813720703,42.710227966308594,438290
TRI.TO,2018-01-29,61.866092681884766,62.243534088134766,61.29420852661133,61.29420852661133,42.21397399902344,590945
TRI.TO,2018-01-30,66.21238708496094,67.85940551757812,64.87418365478516,65.61763000488281,45.191551208496094,2983488
TRI.TO,2018-01-31,64.05067443847656,64.06211853027344,60.41351318359375,60.8824577331543,41.930381774902344,2525175
TRI.TO,2018-02-01,60.33345031738281,60.8138313293457,58.18317794799805,60.64226531982422,41.76496505737305,1646496
TRI.TO,2018-02-02,60.470703125,60.53932571411133,59.84163284301758,60.150447845458984,41.426231384277344,934897
TRI.TO,2018-02-05,59.91025924682617,60.32201385498047,58.915184020996094,59.13249969482422,40.72517395019531,970394
TRI.TO,2018-02-06,58.263240814208984,59.121063232421875,57.405418395996094,58.01161193847656,39.95320129394531,1334106
TRI.TO,2018-02-07,58.14886474609375,58.743621826171875,57.66848373413086,58.40049362182617,40.22101974487305,1160643
TRI.TO,2018-02-08,57.89723587036133,58.2060546875,56.73059844970703,57.222415924072266,39.40967559814453,1058175
TRI.TO,2018-02-09,57.11948013305664,57.39398193359375,56.34172058105469,56.73059844970703,39.07095718383789,1034219
TRI.TO,2018-02-12,56.890724182128906,58.263240814208984,56.86785125732422,57.7142333984375,39.74840545654297,1153212
TRI.TO,2018-02-13,57.64561080932617,57.64561080932617,56.71916198730469,57.39398193359375,39.52783966064453,1235222
TRI.TO,2018-02-14,57.15379333496094,57.840049743652344,57.073726654052734,57.42829513549805,39.55146789550781,492410
TRI.TO,2018-02-15,57.62273406982422,57.702796936035156,57.18810272216797,57.325355529785156,39.4805793762207,510246
TRI.TO,2018-02-16,57.382545471191406,57.72567367553711,57.25672912597656,57.64561080932617,39.70112991333008,473175
TRI.TO,2018-02-20,57.702796936035156,57.828609466552734,57.3711051940918,57.508358001708984,39.606605529785156,426225
TRI.TO,2018-02-21,57.085166931152344,57.87436294555664,56.902164459228516,57.657047271728516,40.056365966796875,862592
TRI.TO,2018-02-22,57.64561080932617,57.885799407958984,57.34823226928711,57.451171875,39.913333892822266,1117016
TRI.TO,2018-02-23,57.64561080932617,57.759986877441406,57.48548126220703,57.73711013793945,40.111976623535156,367384
TRI.TO,2018-02-26,57.95442581176758,58.354740142822266,57.6799201965332,58.160301208496094,40.4059944152832,616474
TRI.TO,2018-02-27,58.06880187988281,58.640682220458984,58.06880187988281,58.34330368041992,40.53312301635742,507361
TRI.TO,2018-02-28,58.37761688232422,58.789371490478516,57.81717300415039,57.828609466552734,40.17555236816406,642529
TRI.TO,2018-03-01,57.90867233276367,57.90867233276367,57.027976989746094,57.54267120361328,39.97689437866211,635884
TRI.TO,2018-03-02,57.4168586730957,58.1259880065918,57.18810272216797,57.931549072265625,40.247066497802734,698922
TRI.TO,2018-03-05,57.85148620605469,58.81224822998047,57.85148620605469,58.67499542236328,40.7635612487793,349373
TRI.TO,2018-03-06,58.69786834716797,58.77793502807617,57.977298736572266,58.42336654663086,40.5887565612793,1580748
TRI.TO,2018-03-07,58.04592514038086,58.52630615234375,58.04592514038086,58.080238342285156,40.35036087036133,596278
TRI.TO,2018-03-08,58.14886474609375,59.00668716430664,58.04592514038086,58.915184020996094,40.930423736572266,489525
TRI.TO,2018-03-09,59.08675003051758,59.36125183105469,58.93806076049805,59.20112609863281,41.12908935546875,409963
TRI.TO,2018-03-12,59.17824935913086,59.62431716918945,59.10962677001953,59.42987823486328,41.28801727294922,415908
TRI.TO,2018-03-13,59.50994110107422,59.79588317871094,59.08675003051758,59.166812896728516,41.10525131225586,386007
TRI.TO,2018-03-14,59.2583122253418,59.42987823486328,58.411930084228516,58.77793502807617,40.835079193115234,363537
TRI.TO,2018-03-15,58.81224822998047,59.15537643432617,58.732181549072266,58.99524688720703,40.986053466796875,560519
TRI.TO,2018-03-16,59.04100036621094,60.527889251708984,58.38905334472656,58.38905334472656,40.564910888671875,2309834
TRI.TO,2018-03-19,58.44624328613281,58.67499542236328,58.0916748046875,58.583492279052734,40.70000457763672,720167
TRI.TO,2018-03-20,58.65211868286133,59.56713104248047,58.38905334472656,59.349815368652344,41.23237609863281,1917532
TRI.TO,2018-03-21,59.17824935913086,59.17824935913086,58.263240814208984,58.28611755371094,40.49340057373047,923444
TRI.TO,2018-03-22,58.11455154418945,58.1259880065918,57.16522979736328,57.34823226928711,39.84182357788086,551950
TRI.TO,2018-03-23,57.25672912597656,58.14886474609375,57.18810272216797,57.462608337402344,39.92127227783203,800254
TRI.TO,2018-03-26,57.79429626464844,58.2060546875,57.18810272216797,57.7485466003418,40.11991500854492,1038678
TRI.TO,2018-03-27,57.66848373413086,57.81717300415039,56.67341232299805,56.799224853515625,39.46040344238281,803838
TRI.TO,2018-03-28,56.87928771972656,57.130916595458984,56.467533111572266,56.9250373840332,39.54780197143555,894329
TRI.TO,2018-03-29,57.06229019165039,57.47404479980469,56.83353805541992,56.947914123535156,39.563690185546875,776910
TRI.TO,2018-04-02,56.890724182128906,57.53123474121094,56.63909912109375,57.085166931152344,39.659061431884766,566901
TRI.TO,2018-04-03,57.176666259765625,57.382545471191406,56.73059844970703,56.9593505859375,39.571651458740234,561743
TRI.TO,2018-04-04,56.890724182128906,57.840049743652344,56.524723052978516,57.73711013793945,40.111976623535156,760560
TRI.TO,2018-04-05,58.080238342285156,58.44624328613281,57.7142333984375,58.160301208496094,40.4059944152832,726725
TRI.TO,2018-04-06,57.828609466552734,58.263240814208984,57.56554412841797,57.96586227416992,40.270912170410156,593218
TRI.TO,2018-04-09,58.034488677978516,58.308990478515625,57.90867233276367,58.1259880065918,40.382144927978516,449656
TRI.TO,2018-04-10,58.28611755371094,58.28611755371094,57.599857330322266,57.657047271728516,40.056365966796875,561568
TRI.TO,2018-04-11,57.49692153930664,57.53123474121094,56.28453063964844,56.30740737915039,39.11870574951172,687556
TRI.TO,2018-04-12,56.50184631347656,56.9250373840332,56.41034698486328,56.799224853515625,39.46040344238281,661501
TRI.TO,2018-04-13,56.799224853515625,57.03941345214844,56.570472717285156,56.627662658691406,39.34121322631836,471339
TRI.TO,2018-04-16,56.68484878540039,56.76491165161133,56.39891052246094,56.6162223815918,39.3332633972168,368783
TRI.TO,2018-04-17,56.799224853515625,57.702796936035156,56.41034698486328,57.6799201965332,40.07224655151367,559994
TRI.TO,2018-04-18,57.64561080932617,58.1259880065918,57.611297607421875,57.885799407958984,40.21528244018555,423690
TRI.TO,2018-04-19,57.87436294555664,57.89723587036133,57.49692153930664,57.63417053222656,40.04047393798828,327603
TRI.TO,2018-04-20,57.72567367553711,57.90867233276367,57.56554412841797,57.85148620605469,40.191444396972656,366772
TRI.TO,2018-04-23,58.19461441040039,58.457679748535156,58.034488677978516,58.354740142822266,40.54107666015625,359253
TRI.TO,2018-04-24,58.44624328613281,58.8808708190918,58.24036407470703,58.56061935424805,40.68409729003906,513831
TRI.TO,2018-04-25,58.48055648803711,58.61780548095703,58.1259880065918,58.25180435180664,40.46955871582031,642791
TRI.TO,2018-04-26,58.308990478515625,58.9609375,58.263240814208984,58.82368469238281,40.866851806640625,574070
TRI.TO,2018-04-27,58.789371490478516,59.37268829345703,58.789371490478516,59.121063232421875,41.073463439941406,396586
TRI.TO,2018-04-30,59.15537643432617,59.38412857055664,59.02956008911133,59.05243682861328,41.02578353881836,750855
TRI.TO,2018-05-01,59.10962677001953,59.166812896728516,58.743621826171875,59.063873291015625,41.03372573852539,349286
TRI.TO,2018-05-02,59.166812896728516,59.23543930053711,58.514869689941406,58.537742614746094,40.668209075927734,381723
TRI.TO,2018-05-03,58.48055648803711,58.52630615234375,57.49692153930664,57.7142333984375,40.09608840942383,501066
TRI.TO,2018-05-04,57.56554412841797,58.04592514038086,57.382545471191406,57.931549072265625,40.247066497802734,351647
TRI.TO,2018-05-07,57.96586227416992,57.96586227416992,57.34823226928711,57.508358001708984,39.953060150146484,614201
TRI.TO,2018-05-08,57.64561080932617,58.05736541748047,57.42829513549805,57.451171875,39.913333892822266,829019
TRI.TO,2018-05-09,57.51979446411133,57.57698440551758,56.39891052246094,57.14235305786133,39.69878005981445,596977
TRI.TO,2018-05-10,57.05085372924805,57.39398193359375,56.71916198730469,57.176666259765625,39.722625732421875,548366
TRI.TO,2018-05-11,55.575401306152344,55.58683776855469,53.402252197265625,55.060707092285156,38.25259780883789,2526837
TRI.TO,2018-05-14,56.15871810913086,56.524723052978516,55.27802276611328,56.21590805053711,39.05514907836914,1650431
TRI.TO,2018-05-15,56.25021743774414,56.63909912109375,55.987152099609375,56.478973388671875,39.23790740966797,1708310
TRI.TO,2018-05-16,55.998592376708984,57.073726654052734,55.8613395690918,57.01654052734375,39.970767974853516,994700
TRI.TO,2018-05-17,57.027976989746094,57.462608337402344,56.82210159301758,57.19954299926758,40.09907150268555,650310
TRI.TO,2018-05-18,57.30248260498047,57.4168586730957,56.9593505859375,57.176666259765625,40.083030700683594,1285844
TRI.TO,2018-05-22,56.21590805053711,56.77634811401367,56.21590805053711,56.6162223815918,39.690128326416016,1000995
TRI.TO,2018-05-23,56.41034698486328,56.73059844970703,56.41034698486328,56.55903625488281,39.650047302246094,582289
TRI.TO,2018-05-24,56.63909912109375,57.21097946166992,56.44466018676758,56.54759979248047,39.642032623291016,846330
TRI.TO,2018-05-25,56.273094177246094,57.86292266845703,56.273094177246094,57.405418395996094,40.24338912963867,812232
TRI.TO,2018-05-28,57.462608337402344,57.759986877441406,57.00510025024414,57.233856201171875,40.12311935424805,128261
TRI.TO,2018-05-29,57.06229019165039,57.14235305786133,56.478973388671875,56.6619758605957,39.72221374511719,506049
TRI.TO,2018-05-30,56.77634811401367,57.64561080932617,56.044342041015625,57.64561080932617,40.411773681640625,1559240
TRI.TO,2018-05-31,57.47404479980469,58.06880187988281,57.47404479980469,57.657047271728516,40.41979217529297,853062
TRI.TO,2018-06-01,57.759986877441406,58.263240814208984,57.611297607421875,57.931549072265625,40.612220764160156,910766
TRI.TO,2018-06-04,57.96586227416992,58.5491828918457,57.80573654174805,58.42336654663086,40.95701217651367,444061
TRI.TO,2018-06-05,58.49199295043945,59.38412857055664,58.43480682373047,58.65211868286133,41.117374420166016,968296
TRI.TO,2018-06-06,58.48055648803711,58.9266242980957,58.38905334472656,58.594932556152344,41.07728576660156,665436
TRI.TO,2018-06-07,58.94949722290039,60.50501251220703,58.94949722290039,59.79588317871094,41.9192008972168,1053016
TRI.TO,2018-06-08,59.61288070678711,60.41351318359375,59.61288070678711,60.32201385498047,42.28802490234375,547142
TRI.TO,2018-06-11,60.53932571411133,61.179832458496094,60.41351318359375,60.8824577331543,42.680931091308594,551513
TRI.TO,2018-06-12,60.962520599365234,61.08833312988281,60.241947174072266,60.722328186035156,42.56867599487305,557896
TRI.TO,2018-06-13,60.87101745605469,61.37427520751953,60.59651565551758,60.59651565551758,42.480464935302734,510596
TRI.TO,2018-06-14,60.66514205932617,61.6373405456543,60.66514205932617,61.45433807373047,43.08183288574219,648824
TRI.TO,2018-06-15,61.431461334228516,62.037654876708984,61.20270919799805,61.660213470458984,43.226165771484375,1392073
TRI.TO,2018-06-18,61.50008773803711,61.72883987426758,61.385711669921875,61.614463806152344,43.194087982177734,538574
TRI.TO,2018-06-19,61.45433807373047,61.991905212402344,61.099769592285156,61.12264633178711,42.84931182861328,557546
TRI.TO,2018-06-20,61.328521728515625,61.75171661376953,61.2255859375,61.534400939941406,43.13796615600586,616387
TRI.TO,2018-06-21,61.46577453613281,61.705963134765625,61.31708526611328,61.58015060424805,43.17003631591797,507448
TRI.TO,2018-06-22,61.74027633666992,62.094844818115234,61.74027633666992,61.854652404785156,43.36247634887695,505612
TRI.TO,2018-06-25,61.717403411865234,61.717403411865234,61.111209869384766,61.1455192565918,42.86534881591797,610616
TRI.TO,2018-06-26,61.20270919799805,61.64877700805664,61.179832458496094,61.36283493041992,43.01769256591797,713872
TRI.TO,2018-06-27,61.45433807373047,61.488651275634766,60.676578521728516,60.92820739746094,42.7130012512207,553786
TRI.TO,2018-06-28,60.82526779174805,61.156959533691406,60.344886779785156,60.733768463134766,42.576690673828125,477197
TRI.TO,2018-06-29,60.779518127441406,61.03114318847656,60.44782638549805,60.676578521728516,42.536598205566406,487951
TRI.TO,2018-07-03,61.13408279418945,61.45433807373047,60.676578521728516,60.859580993652344,42.66489791870117,379012
TRI.TO,2018-07-04,60.84814453125,61.78602981567383,60.585079193115234,61.46577453613281,43.08986282348633,248653
TRI.TO,2018-07-05,61.477210998535156,61.54583740234375,60.585079193115234,61.20270919799805,42.905433654785156,633523
TRI.TO,2018-07-06,61.13408279418945,61.82033920288086,60.962520599365234,61.614463806152344,43.194087982177734,500366
TRI.TO,2018-07-09,61.60302734375,61.74027633666992,61.07689666748047,61.59158706665039,43.17805099487305,431558
TRI.TO,2018-07-10,61.6373405456543,61.96902847290039,61.29420852661133,61.88896560668945,43.38652420043945,538049
TRI.TO,2018-07-11,61.78602981567383,62.80397415161133,61.45433807373047,62.72391128540039,43.97185516357422,836275
TRI.TO,2018-07-12,62.838287353515625,63.753299713134766,62.50659942626953,63.57029724121094,44.56520462036133,729260
TRI.TO,2018-07-13,63.63892364501953,64.1307373046875,63.593170166015625,63.95917510986328,44.837825775146484,477285
TRI.TO,2018-07-16,63.95917510986328,63.95917510986328,63.547420501708984,63.70754623413086,44.66141891479492,229418
TRI.TO,2018-07-17,63.67323684692383,64.05067443847656,63.490234375,63.89054870605469,44.78971481323242,381898
TRI.TO,2018-07-18,63.89054870605469,64.30230712890625,63.51310729980469,63.51310729980469,44.525115966796875,293330
TRI.TO,2018-07-19,63.5245475769043,63.99348831176758,63.375858306884766,63.821922302246094,44.741600036621094,399121
TRI.TO,2018-07-20,63.696109771728516,63.696109771728516,62.90691375732422,63.57029724121094,44.56520462036133,319210
TRI.TO,2018-07-23,63.41017150878906,64.01636505126953,63.29579544067383,63.330108642578125,44.39682388305664,415996
TRI.TO,2018-07-24,63.34154510498047,63.62748336791992,63.1471061706543,63.181419372558594,44.29258728027344,281877
TRI.TO,2018-07-25,63.169979095458984,63.181419372558594,62.55234909057617,62.65528869628906,43.92375946044922,425088
TRI.TO,2018-07-26,62.65528869628906,62.87260055541992,62.44940948486328,62.472286224365234,43.79546356201172,263866
TRI.TO,2018-07-27,62.55234909057617,62.55234909057617,61.62590026855469,62.037654876708984,43.49076461791992,434881
TRI.TO,2018-07-30,62.094844818115234,62.27784729003906,61.68309020996094,61.763153076171875,43.2983283996582,370532
TRI.TO,2018-07-31,61.866092681884766,62.243534088134766,61.534400939941406,61.74027633666992,43.28229522705078,614026
TRI.TO,2018-08-01,62.037654876708984,62.037654876708984,61.27133560180664,61.534400939941406,43.13796615600586,540147
TRI.TO,2018-08-02,61.44289779663086,61.44289779663086,61.179832458496094,61.24845886230469,42.937503814697266,486115
TRI.TO,2018-08-03,60.76808166503906,61.705963134765625,60.64226531982422,61.50008773803711,43.11391067504883,576956
TRI.TO,2018-08-07,61.30564880371094,61.60302734375,60.962520599365234,61.2255859375,42.921478271484375,674091
TRI.TO,2018-08-08,61.20270919799805,63.558860778808594,60.80239486694336,63.19285583496094,44.30060958862305,902460
TRI.TO,2018-08-09,63.00985336303711,63.318668365478516,62.666725158691406,63.28435516357422,44.36475372314453,694550
TRI.TO,2018-08-10,63.00985336303711,63.375858306884766,62.71247482299805,63.1471061706543,44.26853942871094,783117
TRI.TO,2018-08-13,63.169979095458984,63.94773864746094,63.13566589355469,63.81048583984375,44.73358917236328,472913
TRI.TO,2018-08-14,63.91342544555664,64.32518005371094,63.63892364501953,64.15361785888672,44.9741325378418,519514
TRI.TO,2018-08-15,63.46735763549805,63.879112243652344,62.87260055541992,63.57029724121094,44.92644119262695,643665
TRI.TO,2018-08-16,63.593170166015625,64.27942657470703,63.15854263305664,64.15361785888672,45.338680267333984,419405
TRI.TO,2018-08-17,63.99348831176758,64.16505432128906,63.47879409790039,64.15361785888672,45.338680267333984,242620
TRI.TO,2018-08-20,64.06211853027344,64.90850067138672,63.924861907958984,64.5081787109375,45.589263916015625,446946
TRI.TO,2018-08-21,64.40524291992188,64.51962280273438,64.16505432128906,64.30230712890625,45.44377136230469,280041
TRI.TO,2018-08-22,64.1764907836914,64.25655364990234,63.78761291503906,63.99348831176758,45.22552490234375,291494
TRI.TO,2018-08-23,63.936302185058594,64.40524291992188,63.9019889831543,64.1307373046875,45.3225212097168,317723
TRI.TO,2018-08-24,64.14218139648438,64.26799011230469,63.741859436035156,63.9019889831543,45.16086196899414,184916
TRI.TO,2018-08-27,63.982051849365234,64.23368072509766,63.799049377441406,64.08499145507812,45.290191650390625,253724
TRI.TO,2018-08-28,64.09642791748047,66.91007995605469,63.67323684692383,66.04082489013672,46.67240905761719,1365231
TRI.TO,2018-08-29,65.90357208251953,66.91007995605469,65.90357208251953,66.40682983398438,46.93108367919922,1720113
TRI.TO,2018-08-30,66.31532287597656,66.65845489501953,66.1780776977539,66.26957702636719,46.83407211303711,1743544
TRI.TO,2018-08-31,66.28101348876953,66.68132781982422,66.24669647216797,66.38394927978516,46.91490936279297,1211965
TRI.TO,2018-09-04,66.56695556640625,67.24177551269531,66.509765625,66.80714416503906,47.213985443115234,1257866
TRI.TO,2018-09-05,66.87577056884766,67.13883209228516,66.5555191040039,67.00157928466797,47.351402282714844,987443
TRI.TO,2018-09-06,67.03589630126953,67.7564697265625,66.86433410644531,67.51627349853516,47.71514892578125,960165
TRI.TO,2018-09-07,67.44764709472656,68.23684692382812,67.23033142089844,67.42477416992188,47.650474548339844,793434
TRI.TO,2018-09-10,67.45909118652344,67.65352630615234,67.1502685546875,67.2646484375,47.537322998046875,593130
TRI.TO,2018-09-11,67.25321197509766,67.5734634399414,66.78427124023438,66.80714416503906,47.213985443115234,1001869
TRI.TO,2018-09-12,66.71564483642578,67.27608489990234,66.31532287597656,67.2188949584961,47.5049934387207,844756
TRI.TO,2018-09-13,67.55059051513672,67.93946838378906,67.47052764892578,67.87084197998047,47.965728759765625,756538
TRI.TO,2018-09-14,67.72215270996094,68.00809478759766,67.3332748413086,67.84796905517578,47.94956588745117,750156
TRI.TO,2018-09-17,67.49340057373047,68.00809478759766,67.41333770751953,67.82508850097656,47.933387756347656,873259
TRI.TO,2018-09-18,67.72215270996094,68.00809478759766,67.5963363647461,67.72215270996094,47.860652923583984,595054
TRI.TO,2018-09-19,67.51627349853516,67.72215270996094,66.91007995605469,67.09308624267578,47.416080474853516,1457471
TRI.TO,2018-09-20,67.17314910888672,67.39046478271484,67.07020568847656,67.16171264648438,47.464569091796875,839161
TRI.TO,2018-09-21,67.13883209228516,67.44764709472656,67.00157928466797,67.09308624267578,47.416080474853516,1769774
TRI.TO,2018-09-24,66.94439697265625,67.42477416992188,66.91007995605469,67.36758422851562,47.61006164550781,589983
TRI.TO,2018-09-25,67.36758422851562,67.77934265136719,67.12739562988281,67.7107162475586,47.852561950683594,450880
TRI.TO,2018-09-26,67.5963363647461,67.84796905517578,67.47052764892578,67.65352630615234,47.812164306640625,833827
TRI.TO,2018-09-27,67.69927978515625,68.31690979003906,67.69927978515625,68.14534759521484,48.159725189208984,1455897
TRI.TO,2018-09-28,68.00809478759766,68.15678405761719,67.40190124511719,67.41333770751953,47.64240646362305,943465
TRI.TO,2018-10-01,67.35614776611328,67.35614776611328,66.13232421875,66.33820343017578,46.8825798034668,943728
TRI.TO,2018-10-02,66.15519714355469,66.40682983398438,65.3088150024414,65.60619354248047,46.3652458190918,1021803
TRI.TO,2018-10-03,69.50642395019531,69.73517608642578,68.67147827148438,69.44923400878906,49.08122253417969,2216370
TRI.TO,2018-10-04,69.2204818725586,69.2204818725586,66.52120208740234,69.15185546875,48.87104034423828,1347133
TRI.TO,2018-10-05,68.98029327392578,69.41492462158203,68.4427261352539,69.41492462158203,49.05695724487305,2787992
TRI.TO,2018-10-09,68.76297760009766,69.1976089477539,68.37409973144531,68.62572479248047,48.49922561645508,965935
TRI.TO,2018-10-10,68.57997131347656,68.57997131347656,67.04733276367188,67.10452270507812,47.424156188964844,1605928
TRI.TO,2018-10-11,66.92151641845703,67.3104019165039,66.24669647216797,66.24669647216797,46.817909240722656,1566847
TRI.TO,2018-10-12,65.88069915771484,68.3512191772461,65.88069915771484,68.29403686523438,48.26482391357422,4254206
TRI.TO,2018-10-15,67.9737777709961,68.28260040283203,67.58489990234375,67.65352630615234,47.812164306640625,670157
TRI.TO,2018-10-16,67.85940551757812,68.87734985351562,67.74502563476562,68.69435119628906,48.54772186279297,1247550
TRI.TO,2018-10-17,68.60285186767578,69.76948547363281,68.60285186767578,69.74661254882812,49.291378021240234,771314
TRI.TO,2018-10-18,69.74661254882812,70.43286895751953,69.65511322021484,70.13549041748047,49.56620788574219,959553
TRI.TO,2018-10-19,70.3528060913086,70.62731170654297,69.8381118774414,69.8381118774414,49.356040954589844,717544
TRI.TO,2018-10-22,69.79236602783203,70.66162109375,69.78092193603516,70.3985595703125,49.75211715698242,775948
TRI.TO,2018-10-23,70.12405395507812,70.38711547851562,69.40348052978516,70.20411682128906,49.61469650268555,929389
TRI.TO,2018-10-24,70.06686401367188,70.38711547851562,69.18617248535156,69.2662353515625,48.95188903808594,793347
TRI.TO,2018-10-25,69.4606704711914,69.9753646850586,69.2662353515625,69.40348052978516,49.04888916015625,685632
TRI.TO,2018-10-26,69.01460266113281,69.36917114257812,67.88227844238281,68.76297760009766,48.59621810913086,940143
TRI.TO,2018-10-29,69.01460266113281,69.92961120605469,67.83653259277344,68.23684692382812,48.224388122558594,691577
TRI.TO,2018-10-30,68.25971984863281,69.17472839355469,68.19109344482422,68.91166687011719,48.7012939453125,1200687
TRI.TO,2018-10-31,69.25479125976562,70.55868530273438,69.25479125976562,70.07830047607422,49.52579879760742,654332
TRI.TO,2018-11-01,69.91817474365234,70.19268035888672,69.14041900634766,69.31198120117188,48.984222412109375,1536946
TRI.TO,2018-11-02,69.4835433959961,69.54073333740234,68.66004180908203,68.90023040771484,48.69321823120117,695687
TRI.TO,2018-11-05,68.68291473388672,69.17472839355469,68.60285186767578,68.94597625732422,48.72555160522461,1393034
TRI.TO,2018-11-06,68.94597625732422,72.26288604736328,68.83160400390625,72.11419677734375,50.964595794677734,1656988
TRI.TO,2018-11-07,72.05701446533203,72.05701446533203,71.32500457763672,71.57662963867188,50.584678649902344,664824
TRI.TO,2018-11-08,71.26781463623047,72.40013885498047,71.13056182861328,72.40013885498047,51.16667175292969,630988
TRI.TO,2018-11-09,72.25144958496094,73.12071228027344,72.2400131225586,72.62889099121094,51.328330993652344,555885
TRI.TO,2018-11-12,72.56026458740234,73.02920532226562,72.2400131225586,72.4802017211914,51.223262786865234,421067
TRI.TO,2018-11-13,72.548828125,73.21221160888672,72.2171401977539,72.6632080078125,51.352596282958984,665960
TRI.TO,2018-11-14,72.38870239257812,72.96058654785156,72.29720306396484,72.548828125,55.304927825927734,507798
TRI.TO,2018-11-15,72.2857666015625,73.88703155517578,72.15995025634766,73.7955322265625,56.25530242919922,665785
TRI.TO,2018-11-16,73.47527313232422,73.92134094238281,73.1092758178711,73.68115234375,56.16810989379883,1111333
TRI.TO,2018-11-19,73.60108947753906,74.07003021240234,72.81189727783203,73.01776885986328,55.66242980957031,294030
TRI.TO,2018-11-20,72.62889099121094,73.38377380371094,72.42301177978516,72.76614379882812,55.47060775756836,336871
TRI.TO,2018-11-21,73.00633239746094,73.3723373413086,72.6174545288086,72.6174545288086,55.35726547241211,650135
TRI.TO,2018-11-22,72.80045318603516,73.53246307373047,72.4802017211914,73.08639526367188,55.7147331237793,181331
TRI.TO,2018-11-23,72.93770599365234,73.90990447998047,72.53739166259766,73.76121520996094,56.22915267944336,390291
TRI.TO,2018-11-26,74.04715728759766,74.28734588623047,73.46383666992188,74.26447296142578,56.612796783447266,885936
TRI.TO,2018-11-27,67.55970764160156,68.5877456665039,67.09242248535156,67.96469116210938,56.46725845336914,783978
TRI.TO,2018-11-28,69.03427124023438,69.7196273803711,68.00623321533203,69.01349639892578,57.338626861572266,803816
TRI.TO,2018-11-29,68.9200439453125,69.67808532714844,68.9200439453125,68.97196197509766,57.304134368896484,522235
TRI.TO,2018-11-30,69.06542205810547,69.70924377441406,68.85773468017578,69.70924377441406,57.91669464111328,1604069
TRI.TO,2018-12-03,69.77154541015625,69.80269622802734,67.82969665527344,68.35929107666016,56.79510498046875,837425
TRI.TO,2018-12-04,68.39044952392578,70.96572875976562,68.04776763916016,70.17652893066406,58.304927825927734,1540030
TRI.TO,2018-12-05,69.17964935302734,71.33956146240234,68.90966033935547,71.19418334960938,59.150421142578125,827699
TRI.TO,2018-12-06,69.86500549316406,71.16303253173828,69.02388763427734,70.7684326171875,58.79670333862305,1863790
TRI.TO,2018-12-07,70.88265991210938,71.01765441894531,69.19003295898438,69.76116180419922,57.9598274230957,1101479
TRI.TO,2018-12-10,69.5638656616211,70.25960540771484,69.5638656616211,70.01038360595703,58.16688537597656,780512
TRI.TO,2018-12-11,70.38421630859375,71.02803802490234,69.5119400024414,69.82347106933594,58.0115966796875,962326
TRI.TO,2018-12-12,70.36344909667969,71.4122543334961,70.36344909667969,70.39459991455078,58.486106872558594,951733
TRI.TO,2018-12-13,70.84111785888672,71.31879425048828,70.34268188476562,71.24610900878906,59.19357681274414,687004
TRI.TO,2018-12-14,70.77881622314453,71.83800506591797,70.77881622314453,71.18379974365234,59.141815185546875,767030
TRI.TO,2018-12-17,71.02803802490234,71.2564926147461,70.05191802978516,70.21807098388672,58.33942794799805,964926
TRI.TO,2018-12-18,70.40498352050781,70.49844360351562,68.9200439453125,69.24195098876953,57.528438568115234,1631322
TRI.TO,2018-12-19,69.06542205810547,69.76116180419922,68.80581665039062,69.11734008789062,57.424922943115234,1216173
TRI.TO,2018-12-20,68.89927673339844,69.30426025390625,67.89200592041016,68.22429656982422,56.682952880859375,1203654
TRI.TO,2018-12-21,68.35929107666016,68.57736206054688,66.65628051757812,66.65628051757812,55.38019943237305,4170560
TRI.TO,2018-12-24,66.65628051757812,66.65628051757812,65.73208618164062,65.90862274169922,54.75900650024414,806705
TRI.TO,2018-12-27,66.27206420898438,68.07891845703125,66.27206420898438,67.5700912475586,56.1394157409668,1112650
TRI.TO,2018-12-28,67.75701141357422,68.47351837158203,67.5389404296875,67.9750747680664,56.475894927978516,947977
TRI.TO,2018-12-31,67.9750747680664,69.13810729980469,67.9750747680664,68.463134765625,56.881370544433594,563548
TRI.TO,2019-01-02,68.25545501708984,68.25545501708984,66.71858978271484,67.08203125,55.73390579223633,1019143
TRI.TO,2019-01-03,66.86396789550781,67.08203125,65.5659408569336,65.6594009399414,54.551944732666016,837810
TRI.TO,2019-01-04,66.04361724853516,66.51090240478516,65.85669708251953,66.16822052001953,54.97468566894531,762311
TRI.TO,2019-01-07,66.1266860961914,66.1578369140625,65.33748626708984,65.5659408569336,54.47431182861328,822402
TRI.TO,2019-01-08,65.8774642944336,66.60436248779297,65.36863708496094,65.61785888671875,54.51742172241211,1119776
TRI.TO,2019-01-09,65.6594009399414,66.39667510986328,65.63862609863281,66.25129699707031,55.043731689453125,791008
TRI.TO,2019-01-10,66.09553527832031,67.23780059814453,65.88784790039062,67.20664978027344,55.837467193603516,633654
TRI.TO,2019-01-11,67.24818420410156,67.73624420166016,66.90550231933594,67.64278411865234,56.199806213378906,476781
TRI.TO,2019-01-14,67.72586059570312,68.05815124511719,67.46624755859375,67.98545837402344,56.48451614379883,486893
TRI.TO,2019-01-15,68.1204605102539,68.76427459716797,67.995849609375,68.3385238647461,56.77785110473633,533213
TRI.TO,2019-01-16,68.38005828857422,69.41848754882812,68.31775665283203,69.37694549560547,57.64059066772461,814602
TRI.TO,2019-01-17,69.08618927001953,69.80269622802734,69.08618927001953,69.60540008544922,57.830413818359375,462433
TRI.TO,2019-01-18,69.76116180419922,70.49844360351562,69.69886016845703,70.11422729492188,58.25316619873047,541880
TRI.TO,2019-01-21,70.06230163574219,70.07269287109375,69.47040557861328,69.55348205566406,57.78728485107422,128753
TRI.TO,2019-01-22,69.5119400024414,70.37383270263672,69.44963836669922,70.32191467285156,58.42570877075195,450588
TRI.TO,2019-01-23,70.4569091796875,71.00727081298828,70.4569091796875,70.90342712402344,58.90886688232422,545925
TRI.TO,2019-01-24,70.82035064697266,71.06957244873047,70.59190368652344,70.6438217163086,58.693180084228516,396949
TRI.TO,2019-01-25,70.37383270263672,70.40498352050781,69.08618927001953,70.14537811279297,58.2790412902832,416690
TRI.TO,2019-01-28,69.93769836425781,70.2803726196289,69.74039459228516,70.1869125366211,58.31353759765625,315479
TRI.TO,2019-01-29,70.1869125366211,70.87227630615234,70.07269287109375,70.77881622314453,58.805320739746094,365459
TRI.TO,2019-01-30,70.75804901123047,71.03842163085938,70.4880599975586,70.7995834350586,58.822574615478516,278981
TRI.TO,2019-01-31,70.82035064697266,71.76531982421875,70.65420532226562,71.34994506835938,59.27984619140625,772711
TRI.TO,2019-02-01,71.46417236328125,71.75493621826172,71.01765441894531,71.28764343261719,59.22806930541992,451936
TRI.TO,2019-02-04,71.57839965820312,71.88993072509766,71.43302154541016,71.848388671875,59.6939582824707,389148
TRI.TO,2019-02-05,71.85877227783203,72.87642669677734,71.76531982421875,72.78296661376953,60.47044372558594,411875
TRI.TO,2019-02-06,72.88681030273438,73.17756652832031,72.3052978515625,72.51297760009766,60.24610900878906,291500
TRI.TO,2019-02-07,72.27413940429688,73.27102661132812,72.13914489746094,73.09449768066406,60.729251861572266,668804
TRI.TO,2019-02-08,73.02180480957031,73.53063201904297,72.71028137207031,73.3541030883789,60.944950103759766,517805
TRI.TO,2019-02-11,73.31256866455078,73.83177947998047,72.56490325927734,72.65835571289062,60.366920471191406,321642
TRI.TO,2019-02-12,72.60643768310547,72.76219940185547,72.004150390625,72.54413604736328,60.271995544433594,399452
TRI.TO,2019-02-13,72.67913055419922,72.81412506103516,72.25337219238281,72.25337219238281,60.03044509887695,287937
TRI.TO,2019-02-14,72.32606506347656,73.20872497558594,72.0249252319336,72.68951416015625,60.39278793334961,361992
TRI.TO,2019-02-15,72.88681030273438,72.9491195678711,72.34683227539062,72.82450866699219,60.50495529174805,442017
TRI.TO,2019-02-19,72.69989776611328,73.11526489257812,72.48182678222656,72.54413604736328,60.271995544433594,381733
TRI.TO,2019-02-20,72.63758850097656,72.7414321899414,71.64070892333984,72.0249252319336,59.84065246582031,354577
TRI.TO,2019-02-21,71.93146514892578,73.03218841552734,71.45378875732422,72.69989776611328,60.40141677856445,507501
TRI.TO,2019-02-22,72.68951416015625,73.32295227050781,72.50259399414062,72.68951416015625,60.39278793334961,413609
TRI.TO,2019-02-25,72.68951416015625,73.00103759765625,72.22222137451172,72.38836669921875,60.1425895690918,578378
TRI.TO,2019-02-26,73.74870300292969,76.20976257324219,73.03218841552734,74.52751922607422,61.91986846923828,822691
TRI.TO,2019-02-27,74.25753021240234,74.2782974243164,72.91796875,73.79023742675781,61.30731964111328,510005
TRI.TO,2019-02-28,73.36448669433594,74.75597381591797,73.36448669433594,74.3094482421875,61.73868942260742,831069
TRI.TO,2019-03-01,74.84942626953125,75.077880859375,74.42367553710938,74.88058471679688,62.21320343017578,596097
TRI.TO,2019-03-04,74.90135192871094,75.73208618164062,74.66251373291016,74.87019348144531,62.204566955566406,521272
TRI.TO,2019-03-05,74.90135192871094,75.80477905273438,74.90135192871094,75.26480102539062,62.532413482666016,568363
TRI.TO,2019-03-06,75.39979553222656,76.2824478149414,75.39979553222656,76.01245880126953,63.153602600097656,636350
TRI.TO,2019-03-07,75.50363159179688,76.458984375,75.49324798583984,76.0020751953125,63.56527328491211,858033
TRI.TO,2019-03-08,75.5347900390625,75.6594009399414,74.82865905761719,74.9532699584961,62.688072204589844,610735
TRI.TO,2019-03-11,75.08826446533203,76.2824478149414,75.08826446533203,76.05400085449219,63.60869216918945,395408
TRI.TO,2019-03-12,76.09553527832031,76.76012420654297,75.8151626586914,76.27206420898438,63.79106903076172,461759
TRI.TO,2019-03-13,76.41744232177734,77.01972961425781,76.32398986816406,76.91588592529297,64.32953643798828,419194
TRI.TO,2019-03-14,77.1028060913086,77.36241149902344,76.99896240234375,77.17549133300781,64.54668426513672,388474
TRI.TO,2019-03-15,77.5077896118164,78.25545501708984,77.17549133300781,78.14122772216797,65.3543472290039,1720303
TRI.TO,2019-03-18,78.01661682128906,78.4942855834961,77.54932403564453,78.16199493408203,65.37174987792969,356310
TRI.TO,2019-03-19,78.19314575195312,78.7435073852539,77.80892944335938,78.35929107666016,65.5367660522461,394734
TRI.TO,2019-03-20,78.307373046875,78.78504943847656,78.05815124511719,78.24506378173828,65.44120788574219,410334
TRI.TO,2019-03-21,77.98545837402344,79.89615631103516,77.98545837402344,79.70924377441406,66.66580200195312,361799
TRI.TO,2019-03-22,79.63655090332031,80.67497253417969,79.43925476074219,80.67497253417969,67.4735107421875,705783
TRI.TO,2019-03-25,78.9511947631836,80.39459991455078,78.69158935546875,80.21807098388672,67.09137725830078,486315
TRI.TO,2019-03-26,80.62305450439453,80.62305450439453,79.15888214111328,80.1246109008789,67.01319122314453,486797
TRI.TO,2019-03-27,80.08307647705078,81.2045669555664,80.0311508178711,80.86189270019531,67.62983703613281,378748
TRI.TO,2019-03-28,80.87227630615234,82.78296661376953,80.84111785888672,82.27413940429688,68.81096649169922,534176
TRI.TO,2019-03-29,82.20145416259766,82.39875030517578,81.4122543334961,82.10799407958984,68.67202758789062,575007
TRI.TO,2019-04-01,82.32606506347656,82.60643768310547,81.40187072753906,81.96261596679688,68.5504379272461,238150
TRI.TO,2019-04-02,82.11837768554688,82.26375579833984,81.16303253173828,81.64070892333984,68.2812271118164,378266
TRI.TO,2019-04-03,81.91069793701172,82.4299087524414,81.40187072753906,82.4299087524414,68.9412612915039,465611
TRI.TO,2019-04-04,82.45067596435547,82.76219940185547,80.86189270019531,81.27725982666016,67.97723388671875,509331
TRI.TO,2019-04-05,81.51609802246094,82.13914489746094,81.00727081298828,81.54724884033203,68.2030258178711,344754
TRI.TO,2019-04-08,81.16303253173828,81.47455596923828,80.72689819335938,81.381103515625,68.06407928466797,254425
TRI.TO,2019-04-09,80.93457794189453,81.54724884033203,80.93457794189453,81.17341613769531,67.89038848876953,353710
TRI.TO,2019-04-10,81.33956146240234,81.86915588378906,81.31879425048828,81.6614761352539,68.29859161376953,260299
TRI.TO,2019-04-11,81.95223236083984,82.45067596435547,81.71339416503906,81.92108154296875,68.51569366455078,283122
TRI.TO,2019-04-12,82.17030334472656,82.63758850097656,81.63032531738281,82.6168212890625,69.09760284423828,274262
TRI.TO,2019-04-15,82.25337219238281,83.48909759521484,82.25337219238281,83.15679931640625,69.54920959472656,324338
TRI.TO,2019-04-16,83.42678833007812,83.77985382080078,82.78296661376953,82.90757751464844,69.34078216552734,376148
TRI.TO,2019-04-17,82.85565948486328,83.01142120361328,82.004150390625,82.86604309082031,69.30603790283203,393771
TRI.TO,2019-04-18,83.55139923095703,83.88369750976562,82.80374145507812,83.28141021728516,69.65342712402344,524739
TRI.TO,2019-04-22,83.20872497558594,83.77985382080078,82.91796875,83.23987579345703,69.61869049072266,440476
TRI.TO,2019-04-23,83.44756317138672,84.2782974243164,83.28141021728516,83.45794677734375,69.80110931396484,588971
TRI.TO,2019-04-24,83.5098648071289,84.1225357055664,83.2606430053711,83.63447570800781,69.94873809814453,627106
TRI.TO,2019-04-25,83.76947021484375,85.31671905517578,83.69677734375,85.15057373046875,71.21672821044922,455788
TRI.TO,2019-04-26,85.34786987304688,85.389404296875,84.68328094482422,85.17134094238281,71.23410034179688,283122
TRI.TO,2019-04-29,85.15057373046875,85.45171356201172,84.65213012695312,85.3582534790039,71.39043426513672,527917
TRI.TO,2019-04-30,85.33748626708984,86.11630249023438,85.26480102539062,85.9709243774414,71.90283966064453,374029
TRI.TO,2019-05-01,86.1578369140625,87.0508804321289,85.91900634765625,86.10591888427734,72.0157470703125,517613
TRI.TO,2019-05-02,86.14745330810547,86.47975158691406,85.6594009399414,86.19937896728516,72.0938949584961,228905
TRI.TO,2019-05-03,86.54205322265625,86.93665313720703,85.52440643310547,85.80477905273438,71.76387023925781,330309
TRI.TO,2019-05-06,85.27518463134766,86.20976257324219,85.17134094238281,86.1786117553711,72.07653045654297,321835
TRI.TO,2019-05-07,85.62824249267578,86.74974060058594,85.22325897216797,85.3582534790039,71.39043426513672,476492
TRI.TO,2019-05-08,85.9709243774414,88.21391296386719,85.9709243774414,87.90238952636719,73.51823425292969,1318540
TRI.TO,2019-05-09,87.70508575439453,88.84735107421875,87.30010223388672,88.44236755371094,73.9698715209961,1329710
TRI.TO,2019-05-10,87.94392395019531,89.3873291015625,87.34164428710938,89.2004165649414,74.6038589477539,584348
TRI.TO,2019-05-13,88.55659484863281,89.47040557861328,87.92315673828125,88.80581665039062,74.27384185791016,434120
TRI.TO,2019-05-14,89.13810729980469,89.9688491821289,88.93042755126953,89.82347106933594,75.12496948242188,541880
TRI.TO,2019-05-15,89.61578369140625,90.82035064697266,89.61578369140625,90.40498352050781,75.61131286621094,389437
TRI.TO,2019-05-16,90.6126708984375,91.52648162841797,90.42575073242188,91.16303253173828,76.2453384399414,483619
TRI.TO,2019-05-17,91.10072326660156,91.76531982421875,90.77881622314453,90.77881622314453,75.9239730834961,543132
TRI.TO,2019-05-21,90.04153442382812,91.0799560546875,90.0311508178711,90.84111785888672,75.97608184814453,750659
TRI.TO,2019-05-22,90.19730377197266,91.22533416748047,89.64693450927734,90.7372817993164,76.3105697631836,778586
TRI.TO,2019-05-23,90.47767639160156,91.0488052368164,89.77154541015625,90.37383270263672,76.00492095947266,444521
TRI.TO,2019-05-24,90.34268188476562,90.9553451538086,90.24922180175781,90.50882720947266,76.11843872070312,495560
TRI.TO,2019-05-27,90.66458892822266,91.30841064453125,90.16614532470703,90.59190368652344,76.18830871582031,107760
TRI.TO,2019-05-28,90.6438217163086,91.86915588378906,90.6438217163086,91.3603286743164,76.83456420898438,968874
TRI.TO,2019-05-29,90.88265991210938,91.3603286743164,88.89927673339844,89.06542205810547,74.9045181274414,955103
TRI.TO,2019-05-30,89.0758056640625,89.69886016845703,88.78504943847656,89.27310180664062,75.07917785644531,355925
TRI.TO,2019-05-31,88.93042755126953,89.49117279052734,88.87850189208984,89.2004165649414,75.01806640625,424009
TRI.TO,2019-06-03,89.29387664794922,89.74039459228516,88.60851287841797,89.02388763427734,74.86958312988281,418712
TRI.TO,2019-06-04,89.14849090576172,89.41848754882812,87.84008026123047,88.26583862304688,74.23208618164062,468981
TRI.TO,2019-06-05,88.70197296142578,91.13188171386719,88.62928009033203,90.9553451538086,76.49395751953125,717242
TRI.TO,2019-06-06,90.78919982910156,91.4122543334961,90.13499450683594,91.33956146240234,76.81708526611328,393386
TRI.TO,2019-06-07,91.23572540283203,92.23260498046875,91.19418334960938,92.22222137451172,77.55940246582031,515109
TRI.TO,2019-06-10,92.23260498046875,92.23260498046875,90.21807098388672,90.4569091796875,76.07477569580078,856492
TRI.TO,2019-06-11,90.6438217163086,90.82035064697266,89.73001098632812,90.24922180175781,75.9001235961914,497293
TRI.TO,2019-06-12,90.2803726196289,91.59916687011719,89.6884765625,91.32917785644531,76.80835723876953,592534
TRI.TO,2019-06-13,91.48493957519531,91.52648162841797,89.60540008544922,89.8130874633789,75.53333282470703,518190
TRI.TO,2019-06-14,89.7196273803711,90.87227630615234,89.69886016845703,90.65420532226562,76.24071502685547,365073
TRI.TO,2019-06-17,90.6126708984375,91.00727081298828,90.37383270263672,90.47767639160156,76.09222412109375,363244
TRI.TO,2019-06-18,90.66458892822266,91.33956146240234,90.44651794433594,90.94496154785156,76.4852294921875,406675
TRI.TO,2019-06-19,90.85150909423828,92.13914489746094,90.35306549072266,92.004150390625,77.37600708007812,396756
TRI.TO,2019-06-20,91.99376678466797,92.06645965576172,90.6126708984375,91.17341613769531,76.67735290527344,510968
TRI.TO,2019-06-21,91.16303253173828,91.21495056152344,90.15576171875,90.4361343383789,76.05731201171875,1392113
TRI.TO,2019-06-24,90.50882720947266,90.9241943359375,90.02076721191406,90.10384368896484,75.77783203125,339650
TRI.TO,2019-06-25,89.28348541259766,89.3873291015625,88.44236755371094,88.463134765625,74.39799499511719,519346
TRI.TO,2019-06-26,88.36967468261719,88.78504943847656,86.7393569946289,86.85358428955078,73.04436492919922,647040
TRI.TO,2019-06-27,86.8016586303711,87.61163330078125,86.31360626220703,87.3831787109375,73.48973846435547,403208
TRI.TO,2019-06-28,87.42471313476562,87.76739501953125,86.90550231933594,87.72586059570312,73.77794647216797,655803
TRI.TO,2019-07-02,88.78504943847656,89.83385467529297,88.19314575195312,89.22118377685547,75.03553009033203,566629
TRI.TO,2019-07-03,89.19003295898438,90.35306549072266,89.19003295898438,89.7196273803711,75.4546890258789,359873
TRI.TO,2019-07-04,89.83385467529297,90.91381072998047,89.13810729980469,89.90653991699219,75.61192321777344,104582
TRI.TO,2019-07-05,89.46002197265625,89.89615631103516,88.3385238647461,89.78192901611328,75.50712585449219,301034
TRI.TO,2019-07-08,89.6677017211914,90.10384368896484,88.98234558105469,89.92730712890625,75.62937927246094,364399
TRI.TO,2019-07-09,89.77154541015625,90.50882720947266,89.6884765625,90.38421630859375,76.01362609863281,363051
TRI.TO,2019-07-10,90.25960540771484,90.8930435180664,90.0311508178711,90.39459991455078,76.02238464355469,391267
TRI.TO,2019-07-11,90.46729278564453,90.66458892822266,89.47040557861328,90.62305450439453,76.2145004272461,589163
TRI.TO,2019-07-12,90.49844360351562,91.28764343261719,90.25960540771484,91.17341613769531,76.67735290527344,419483
TRI.TO,2019-07-15,91.31879425048828,92.13914489746094,90.72689819335938,92.04569244384766,77.41094970703125,349762
TRI.TO,2019-07-16,91.88993072509766,91.88993072509766,91.06957244873047,91.77570343017578,77.18389129638672,252980
TRI.TO,2019-07-17,91.70301055908203,92.51297760009766,91.49533081054688,91.73416137695312,77.14892578125,356984
TRI.TO,2019-07-18,91.23572540283203,92.72066497802734,91.21495056152344,92.47144317626953,77.76900482177734,413416
TRI.TO,2019-07-19,92.96988677978516,93.1048812866211,91.74454498291016,91.76531982421875,77.17516326904297,288996
TRI.TO,2019-07-22,91.95223236083984,92.86604309082031,91.85877227783203,92.73104858398438,77.98733520507812,363725
TRI.TO,2019-07-23,92.85565948486328,93.45794677734375,92.41952514648438,93.28141021728516,78.45018768310547,239594
TRI.TO,2019-07-24,93.16718292236328,93.16718292236328,91.52648162841797,92.27413940429688,77.60308837890625,552088
TRI.TO,2019-07-25,92.27413940429688,92.54413604736328,91.85877227783203,92.29491424560547,77.62055206298828,386356
TRI.TO,2019-07-26,92.48182678222656,97.03011322021484,92.40914154052734,96.30322265625,80.9915542602539,823558
TRI.TO,2019-07-29,95.36863708496094,96.26168060302734,92.7725830078125,93.34371948242188,78.50260925292969,791779
TRI.TO,2019-07-30,93.38525390625,94.62097930908203,92.59605407714844,93.49948120117188,78.63358306884766,535235
TRI.TO,2019-07-31,93.40602111816406,93.5098648071289,91.27725982666016,92.04569244384766,77.41094970703125,703760
TRI.TO,2019-08-01,92.91796875,95.42056274414062,91.381103515625,93.65524291992188,78.76458740234375,1073649
TRI.TO,2019-08-02,93.44756317138672,94.09137725830078,90.21807098388672,91.74454498291016,77.15769958496094,679300
TRI.TO,2019-08-06,89.24195098876953,91.536865234375,88.87850189208984,91.43302154541016,76.89570617675781,824521
TRI.TO,2019-08-07,90.99688720703125,93.38525390625,90.96572875976562,93.08411407470703,78.2842788696289,708575
TRI.TO,2019-08-08,93.2606430053711,93.8733139038086,91.54724884033203,92.71028137207031,77.96987915039062,391845
TRI.TO,2019-08-09,92.54413604736328,93.34371948242188,92.31568145751953,93.06334686279297,78.2668228149414,355636
TRI.TO,2019-08-12,93.2606430053711,93.2606430053711,91.65109252929688,91.91069793701172,77.29742431640625,350532
TRI.TO,2019-08-13,91.8795394897461,92.82450866699219,91.76531982421875,92.37798309326172,77.6904296875,757977
TRI.TO,2019-08-14,91.91069793701172,93.1048812866211,90.35306549072266,90.60228729248047,76.19703674316406,450780
TRI.TO,2019-08-15,90.56074523925781,91.46417236328125,90.34268188476562,90.91381072998047,76.45903015136719,306330
TRI.TO,2019-08-16,91.68224334716797,92.98027038574219,90.87227630615234,92.8971939086914,78.12706756591797,290633
TRI.TO,2019-08-19,93.2606430053711,93.90446472167969,92.81412506103516,93.45794677734375,78.59866333007812,360451
TRI.TO,2019-08-20,93.17756652832031,93.75908660888672,92.68951416015625,93.2606430053711,78.43274688720703,383081
TRI.TO,2019-08-21,91.40187072753906,93.49948120117188,91.40187072753906,93.21910858154297,78.81819915771484,403497
TRI.TO,2019-08-22,93.43717193603516,93.74870300292969,92.50259399414062,93.01142120361328,78.642578125,422757
TRI.TO,2019-08-23,91.86915588378906,91.8795394897461,90.47767639160156,90.69573974609375,76.68464660644531,592823
TRI.TO,2019-08-26,91.37071990966797,91.51609802246094,90.36344909667969,91.31879425048828,77.21144104003906,385007
TRI.TO,2019-08-27,91.54724884033203,93.17756652832031,91.54724884033203,92.90757751464844,78.55476379394531,635002
TRI.TO,2019-08-28,92.6479721069336,93.39563751220703,92.38836669921875,93.16718292236328,78.77426147460938,296411
TRI.TO,2019-08-29,93.48909759521484,94.93250274658203,93.48909759521484,94.610595703125,79.99468994140625,441536
TRI.TO,2019-08-30,94.60020446777344,95.15057373046875,93.61370849609375,95.00519561767578,80.32835388183594,593593
TRI.TO,2019-09-03,94.68328094482422,96.25129699707031,94.5898208618164,95.09864807128906,80.4073486328125,756148
TRI.TO,2019-09-04,95.389404296875,96.2824478149414,95.25440979003906,95.78400421142578,80.98684692382812,553532
TRI.TO,2019-09-05,96.11630249023438,97.90238952636719,96.10591888427734,97.14434051513672,82.13701629638672,555940
TRI.TO,2019-09-06,96.81204223632812,97.52855682373047,96.69782257080078,96.84320068359375,81.88241577148438,375666
TRI.TO,2019-09-09,96.76012420654297,96.95742797851562,94.01869201660156,94.6417465209961,80.02104187011719,646366
TRI.TO,2019-09-10,94.4340591430664,94.4340591430664,92.08722686767578,92.78296661376953,78.44940948486328,476974
TRI.TO,2019-09-11,92.80374145507812,92.80374145507812,90.04153442382812,91.45378875732422,77.3255844116211,709057
TRI.TO,2019-09-12,91.34994506835938,93.04257202148438,91.34994506835938,92.4922103881836,78.20357513427734,515494
TRI.TO,2019-09-13,92.56490325927734,93.69677734375,91.46417236328125,92.28453063964844,78.02796173095703,401667
TRI.TO,2019-09-16,91.86915588378906,91.86915588378906,90.72689819335938,91.06957244873047,77.0007095336914,324050
TRI.TO,2019-09-17,91.31879425048828,93.65524291992188,91.31879425048828,93.05296325683594,78.67769622802734,439802
TRI.TO,2019-09-18,93.06334686279297,93.15679931640625,92.1287612915039,92.81412506103516,78.47575378417969,340324
TRI.TO,2019-09-19,92.75181579589844,93.58255767822266,92.75181579589844,93.01142120361328,78.642578125,345428
TRI.TO,2019-09-20,93.12564849853516,93.95638275146484,91.692626953125,92.10799407958984,77.87872314453125,1449604
TRI.TO,2019-09-23,92.1495361328125,92.45067596435547,91.49533081054688,92.25337219238281,78.00161743164062,249128
TRI.TO,2019-09-24,92.34683227539062,93.65524291992188,92.09761047363281,92.59605407714844,78.2913818359375,317212
TRI.TO,2019-09-25,92.60643768310547,93.44756317138672,92.36759948730469,93.23987579345703,78.83573150634766,281292
TRI.TO,2019-09-26,93.00103759765625,93.21910858154297,92.17030334472656,93.11526489257812,78.7303695678711,327035
TRI.TO,2019-09-27,93.34371948242188,93.53063201904297,90.75804901123047,91.2045669555664,77.11485290527344,267714
TRI.TO,2019-09-30,91.46417236328125,92.65835571289062,91.03842163085938,91.95223236083984,77.74700927734375,421698
TRI.TO,2019-10-01,92.36759948730469,93.27102661132812,90.99688720703125,91.27725982666016,77.17630767822266,274648
TRI.TO,2019-10-02,90.9553451538086,91.6614761352539,90.22845458984375,91.06957244873047,77.0007095336914,359777
TRI.TO,2019-10-03,90.86189270019531,92.06645965576172,90.34268188476562,92.04569244384766,77.8260269165039,296797
TRI.TO,2019-10-04,92.01454162597656,93.27102661132812,92.01454162597656,92.95950317382812,78.59867858886719,249899
TRI.TO,2019-10-07,92.62720489501953,93.05296325683594,92.20145416259766,92.82450866699219,78.48454284667969,229194
TRI.TO,2019-10-08,92.26375579833984,92.53375244140625,91.14226531982422,91.16303253173828,77.07975006103516,384237
TRI.TO,2019-10-09,91.76531982421875,92.95950317382812,91.7237777709961,92.80374145507812,78.46697235107422,181911
TRI.TO,2019-10-10,92.56490325927734,93.21910858154297,92.01454162597656,92.56490325927734,78.26502990722656,241520
TRI.TO,2019-10-11,92.90757751464844,93.28141021728516,91.55763244628906,91.65109252929688,77.49238586425781,293619
TRI.TO,2019-10-15,91.381103515625,92.06645965576172,90.62305450439453,90.9241943359375,76.8777847290039,456847
TRI.TO,2019-10-16,90.72689819335938,90.8930435180664,89.29387664794922,90.77881622314453,76.7548828125,372392
TRI.TO,2019-10-17,90.84111785888672,91.46417236328125,90.55036163330078,91.05918884277344,76.9919204711914,590608
TRI.TO,2019-10-18,91.70301055908203,91.70301055908203,90.4880599975586,90.88265991210938,76.8426742553711,348606
TRI.TO,2019-10-21,91.16303253173828,91.30841064453125,90.14537811279297,91.30841064453125,77.20265197753906,536969
TRI.TO,2019-10-22,91.33956146240234,92.41952514648438,90.38421630859375,90.49844360351562,76.51781463623047,220912
TRI.TO,2019-10-23,90.34268188476562,91.03842163085938,89.93769836425781,90.1869125366211,76.2544174194336,374607
TRI.TO,2019-10-24,89.61578369140625,91.4122543334961,89.61578369140625,91.11111450195312,77.03582763671875,371237
TRI.TO,2019-10-25,90.88265991210938,90.88265991210938,89.61578369140625,89.6677017211914,75.8154067993164,382600
TRI.TO,2019-10-28,89.9688491821289,90.13499450683594,89.32502746582031,89.91692352294922,76.02613067626953,283026
TRI.TO,2019-10-29,89.73001098632812,91.4122543334961,89.73001098632812,91.16303253173828,77.07975006103516,307582
TRI.TO,2019-10-30,91.06957244873047,92.86604309082031,91.06957244873047,92.52336120605469,78.22990417480469,387896
TRI.TO,2019-10-31,92.98027038574219,92.98027038574219,91.2564926147461,91.91069793701172,77.71189880371094,464070
TRI.TO,2019-11-01,92.29491424560547,93.06334686279297,91.76531982421875,92.23260498046875,77.98409271240234,281581
TRI.TO,2019-11-04,92.29491424560547,92.4610595703125,91.381103515625,91.59916687011719,77.44847869873047,479285
TRI.TO,2019-11-05,91.5057144165039,91.73416137695312,90.6438217163086,91.12149810791016,77.04461669921875,541399
TRI.TO,2019-11-06,91.0799560546875,92.36759948730469,91.00727081298828,91.381103515625,77.26412200927734,651758
TRI.TO,2019-11-07,91.5057144165039,91.78608703613281,91.12149810791016,91.381103515625,77.26412200927734,642128
TRI.TO,2019-11-08,91.54724884033203,93.11526489257812,91.54724884033203,92.4299087524414,78.15091705322266,534080
TRI.TO,2019-11-11,93.03218841552734,95.5659408569336,92.95950317382812,94.37175750732422,79.79277038574219,614683
TRI.TO,2019-11-12,94.21599578857422,94.52751922607422,93.38525390625,93.81100463867188,79.31864166259766,883841
TRI.TO,2019-11-13,93.77985382080078,95.62824249267578,93.77985382080078,95.3582534790039,80.6268539428711,563548
TRI.TO,2019-11-14,95.36863708496094,96.04361724853516,95.17134094238281,95.95015716552734,81.12732696533203,580785
TRI.TO,2019-11-15,96.16822052001953,96.8016586303711,95.5347900390625,96.76012420654297,81.81217193603516,679782
TRI.TO,2019-11-18,96.50051879882812,97.52855682373047,96.50051879882812,97.46624755859375,82.40919494628906,540147
TRI.TO,2019-11-19,97.5389404296875,98.73312377929688,97.43509674072266,98.56697845458984,83.33988952636719,550547
TRI.TO,2019-11-20,98.17237854003906,99.06542205810547,97.60124969482422,98.75389099121094,83.92052459716797,278789
TRI.TO,2019-11-21,98.57736206054688,100.04153442382812,98.50466918945312,98.86811828613281,84.01759338378906,999305
TRI.TO,2019-11-22,98.84735107421875,98.89927673339844,97.8504638671875,98.34890747070312,83.57640838623047,293234
TRI.TO,2019-11-25,98.62928009033203,99.37694549560547,98.54621124267578,99.02388763427734,84.14997100830078,550547
TRI.TO,2019-11-26,98.96157836914062,99.22118377685547,98.39044952392578,98.47351837158203,83.68225860595703,851774
TRI.TO,2019-11-27,98.82658386230469,98.82658386230469,97.51817321777344,97.74662780761719,83.06455993652344,649447
TRI.TO,2019-11-28,97.79854583740234,97.92315673828125,96.98857879638672,97.0508804321289,82.47332000732422,93411
TRI.TO,2019-11-29,97.20664978027344,97.89200592041016,96.36552429199219,96.44860076904297,81.96148681640625,283700
TRI.TO,2019-12-02,96.41744232177734,97.43509674072266,95.77362060546875,96.74974060058594,82.21741485595703,569133
TRI.TO,2019-12-03,96.61474609375,97.14434051513672,95.8463134765625,96.0332260131836,81.60852813720703,320390
TRI.TO,2019-12-04,96.05400085449219,96.13706970214844,94.98442077636719,95.47248077392578,81.13201141357422,652625
TRI.TO,2019-12-05,95.44132995605469,96.50051879882812,95.42056274414062,96.3343734741211,81.86444091796875,290826
TRI.TO,2019-12-06,96.65628051757812,97.80892944335938,96.63551330566406,97.65316772460938,82.98515319824219,281196
TRI.TO,2019-12-09,97.18587493896484,98.2762222290039,97.18587493896484,97.39356231689453,82.76451873779297,314034
TRI.TO,2019-12-10,97.2585678100586,97.78816223144531,97.0508804321289,97.67393493652344,83.00279235839844,484196
TRI.TO,2019-12-11,97.74662780761719,98.68120574951172,97.44548034667969,97.89200592041016,83.18811798095703,389245
TRI.TO,2019-12-12,97.82969665527344,98.51506042480469,97.58047485351562,97.75701141357422,83.0733871459961,497101
TRI.TO,2019-12-13,97.6635513305664,99.41848754882812,97.1028060913086,98.88888549804688,84.0352554321289,369599
TRI.TO,2019-12-16,99.0446548461914,99.36656188964844,98.84735107421875,99.12772369384766,84.23819732666016,242965
TRI.TO,2019-12-17,98.98234558105469,99.8130874633789,98.9200439453125,99.48078918457031,84.53823852539062,357273
TRI.TO,2019-12-18,99.48078918457031,99.79231262207031,97.42471313476562,97.91277313232422,83.20575714111328,442017
TRI.TO,2019-12-19,97.90238952636719,98.25545501708984,97.18587493896484,97.86085510253906,83.16162872314453,419772
TRI.TO,2019-12-20,98.0270004272461,99.12772369384766,98.0270004272461,98.32814025878906,83.55874633789062,881145
TRI.TO,2019-12-23,98.6396713256836,98.6396713256836,97.43509674072266,97.5700912475586,82.91456604003906,442210
TRI.TO,2019-12-24,97.75701141357422,98.07891845703125,97.00934600830078,97.89200592041016,83.18811798095703,67314
TRI.TO,2019-12-27,98.23468017578125,98.23468017578125,97.2585678100586,97.71546936035156,83.0380630493164,312205
TRI.TO,2019-12-30,97.59085845947266,97.59085845947266,96.44860076904297,97.00934600830078,82.4380111694336,171896
TRI.TO,2019-12-31,96.55243682861328,96.79127502441406,95.7217025756836,96.458984375,81.97030639648438,188170
TRI.TO,2020-01-02,96.46936798095703,97.40394592285156,96.46936798095703,97.33125305175781,82.71157836914062,265018
TRI.TO,2020-01-03,96.35514068603516,98.40083312988281,96.35514068603516,97.92315673828125,83.21456909179688,299975
TRI.TO,2020-01-06,97.11318969726562,98.81620025634766,97.11318969726562,98.76427459716797,83.92935943603516,224764
TRI.TO,2020-01-07,98.81620025634766,100.0,98.52544403076172,99.49117279052734,84.54705810546875,367962
TRI.TO,2020-01-08,99.73001098632812,101.52648162841797,99.5430908203125,100.57112884521484,85.46480560302734,439321
TRI.TO,2020-01-09,100.96572875976562,102.52336120605469,100.63343811035156,102.27413940429688,86.9120101928711,313842
TRI.TO,2020-01-10,102.5856704711914,102.6479721069336,101.80685424804688,101.85877227783203,86.55903625488281,272336
TRI.TO,2020-01-13,101.94184875488281,103.33333587646484,101.6614761352539,103.21910858154297,87.71503448486328,373355
TRI.TO,2020-01-14,103.06334686279297,104.28868103027344,103.06334686279297,103.9979248046875,88.37689208984375,515398
TRI.TO,2020-01-15,104.0290756225586,105.22325897216797,103.9667739868164,104.7975082397461,89.0563735961914,423527
TRI.TO,2020-01-16,105.3582534790039,106.5835952758789,104.9532699584961,106.4901351928711,90.4947509765625,470040
TRI.TO,2020-01-17,106.4278335571289,107.19625854492188,106.23052978515625,107.0508804321289,90.97126007080078,345717
TRI.TO,2020-01-20,106.70820617675781,107.55970764160156,106.67704772949219,107.27933502197266,91.1654052734375,85996
TRI.TO,2020-01-21,107.17549133300781,107.17549133300781,106.4278335571289,107.08203125,90.99774932861328,445869
TRI.TO,2020-01-22,106.92626953125,108.463134765625,106.92626953125,107.5077896118164,91.35954284667969,219564
TRI.TO,2020-01-23,107.73624420166016,108.16199493408203,106.99896240234375,107.44548034667969,91.30657196044922,303056
TRI.TO,2020-01-24,107.88162231445312,108.36967468261719,107.55970764160156,108.05815124511719,91.82723999023438,325879
TRI.TO,2020-01-27,107.31048583984375,109.42887115478516,107.31048583984375,109.29387664794922,92.87736511230469,324338
TRI.TO,2020-01-28,109.40809631347656,110.20768737792969,108.9511947631836,109.84423828125,93.34503936767578,398104
TRI.TO,2020-01-29,110.15576171875,110.72689819335938,109.2004165649414,110.26998901367188,93.70685577392578,337435
TRI.TO,2020-01-30,109.22118377685547,111.10072326660156,109.22118377685547,110.93457794189453,94.27159881591797,308256
TRI.TO,2020-01-31,110.9241943359375,111.848388671875,109.85462188720703,110.47767639160156,93.88333892822266,455018
TRI.TO,2020-02-03,110.65420532226562,112.07684326171875,110.63343811035156,111.42263793945312,94.68636322021484,328768
TRI.TO,2020-02-04,112.31568145751953,113.37487030029297,111.59916687011719,112.45067596435547,95.55999755859375,399934
TRI.TO,2020-02-05,112.66874694824219,112.66874694824219,110.51921081542969,110.7995834350586,94.15689849853516,601586
TRI.TO,2020-02-06,111.19418334960938,113.14641571044922,111.18379974365234,113.01142120361328,96.03650665283203,485448
TRI.TO,2020-02-07,111.28764343261719,112.78296661376953,111.28764343261719,112.23260498046875,95.37467193603516,325205
TRI.TO,2020-02-10,112.01454162597656,113.47871398925781,112.01454162597656,113.16718292236328,96.16885375976562,266077
TRI.TO,2020-02-11,113.2606430053711,113.55139923095703,111.91069793701172,112.29491424560547,95.42762756347656,280618
TRI.TO,2020-02-12,112.57528686523438,112.57528686523438,111.16303253173828,112.10799407958984,95.26876068115234,326939
TRI.TO,2020-02-13,111.83800506591797,112.80374145507812,111.83800506591797,112.4299087524414,95.54232788085938,439224
TRI.TO,2020-02-14,112.24298858642578,112.91796875,112.24298858642578,112.72066497802734,95.7894287109375,680167
TRI.TO,2020-02-18,112.82450866699219,113.05296325683594,112.1806869506836,112.25337219238281,95.3923110961914,334450
TRI.TO,2020-02-19,112.37798309326172,112.93873596191406,112.09761047363281,112.65835571289062,95.73648071289062,494789
TRI.TO,2020-02-20,112.56490325927734,112.65835571289062,110.23883819580078,112.52336120605469,95.62176513671875,493345
TRI.TO,2020-02-21,111.96261596679688,112.4610595703125,110.75804901123047,111.381103515625,94.65103912353516,455403
TRI.TO,2020-02-24,109.28348541259766,111.14226531982422,108.9511947631836,110.69573974609375,94.06864166259766,409371
TRI.TO,2020-02-25,114.21599578857422,114.21599578857422,109.70924377441406,111.31879425048828,94.59811401367188,977541
TRI.TO,2020-02-26,111.8795394897461,112.80374145507812,107.12357330322266,107.20664978027344,91.10362243652344,1145777
TRI.TO,2020-02-27,106.2824478149414,107.9750747680664,105.0467300415039,107.00934600830078,90.93597412109375,438935
TRI.TO,2020-02-28,104.57943725585938,106.47975158691406,102.3052978515625,103.541015625,87.98860168457031,1502280
TRI.TO,2020-03-02,103.74870300292969,105.66978454589844,102.96988677978516,105.5659408569336,89.7093734741211,1193927
TRI.TO,2020-03-03,106.02284240722656,108.19314575195312,105.06749725341797,105.49324798583984,89.64761352539062,1158008
TRI.TO,2020-03-04,106.43821716308594,108.97196197509766,106.07476806640625,108.96157836914062,92.59497833251953,772422
TRI.TO,2020-03-05,106.7705078125,108.34890747070312,105.25440979003906,105.85669708251953,90.39495086669922,1117176
TRI.TO,2020-03-06,104.04984283447266,105.89823150634766,102.17030334472656,104.1536865234375,88.94068145751953,1080679
TRI.TO,2020-03-09,98.75389099121094,103.33333587646484,98.75389099121094,100.23883819580078,85.59764099121094,1470501
TRI.TO,2020-03-10,101.848388671875,103.86293029785156,100.72689819335938,103.53063201904297,88.40863800048828,1381809
TRI.TO,2020-03-11,102.11837768554688,103.3541030883789,97.71546936035156,98.47351837158203,84.09016418457031,1043988
TRI.TO,2020-03-12,93.95638275146484,93.9979248046875,85.86708068847656,88.57736206054688,75.63949584960938,2231464
TRI.TO,2020-03-13,91.54724884033203,93.00103759765625,87.92315673828125,93.00103759765625,79.4170150756836,1608499
TRI.TO,2020-03-16,85.24402618408203,87.2585678100586,83.12564849853516,83.88369750976562,71.63139343261719,1228788
TRI.TO,2020-03-17,84.81827545166016,86.05400085449219,82.01454162597656,85.18172454833984,72.73982238769531,1477724
TRI.TO,2020-03-18,83.5721664428711,85.93977355957031,81.18379974365234,85.1090316772461,72.6777572631836,971186
TRI.TO,2020-03-19,81.63032531738281,88.75389099121094,81.63032531738281,87.58047485351562,74.78821563720703,736214
TRI.TO,2020-03-20,87.95430755615234,88.7435073852539,81.77570343017578,83.08411407470703,70.9486083984375,1828448
TRI.TO,2020-03-23,82.63758850097656,83.76947021484375,78.82658386230469,79.39771270751953,67.80065155029297,929199
TRI.TO,2020-03-24,82.3052978515625,86.01245880126953,80.42575073242188,85.50363159179688,73.01470184326172,1051307
TRI.TO,2020-03-25,85.49324798583984,92.57528686523438,84.53790283203125,89.57424926757812,76.49073791503906,1069412
TRI.TO,2020-03-26,89.94808197021484,92.93873596191406,88.45275115966797,89.95846557617188,76.81885528564453,747288
TRI.TO,2020-03-27,88.42160034179688,92.91796875,87.36241149902344,90.40498352050781,77.20016479492188,886634
TRI.TO,2020-03-30,91.73416137695312,98.26583862304688,91.73416137695312,97.8712387084961,83.57587432861328,746132
TRI.TO,2020-03-31,97.91277313232422,100.9241943359375,97.17549133300781,99.5638656616211,85.02127075195312,1003928
TRI.TO,2020-04-01,96.92626953125,100.23883819580078,96.27206420898438,96.458984375,82.36986541748047,861211
TRI.TO,2020-04-02,96.66666412353516,98.53582763671875,94.04984283447266,98.20352935791016,83.85962677001953,875174
TRI.TO,2020-04-03,97.88162231445312,99.0758056640625,96.18899536132812,97.39356231689453,83.16796112060547,490745
TRI.TO,2020-04-06,99.94808197021484,101.52648162841797,99.52232360839844,100.57112884521484,85.88139343261719,726584
TRI.TO,2020-04-07,101.59916687011719,102.26375579833984,98.65005493164062,99.05503845214844,84.58676147460938,648581
TRI.TO,2020-04-08,99.8130874633789,102.4299087524414,97.92315673828125,101.99376678466797,87.09625244140625,620076
TRI.TO,2020-04-09,101.6614761352539,103.89408111572266,100.74766540527344,103.13603210449219,88.07167053222656,441824
TRI.TO,2020-04-13,103.1048812866211,103.1048812866211,100.4569091796875,101.96261596679688,87.06964874267578,375763
TRI.TO,2020-04-14,103.38525390625,105.01557922363281,102.96988677978516,104.31983184814453,89.08257293701172,393386
TRI.TO,2020-04-15,104.8909683227539,104.8909683227539,102.4922103881836,102.83489227294922,87.81452178955078,462914
TRI.TO,2020-04-16,101.86915588378906,104.96365356445312,101.76531982421875,103.81100463867188,88.64804077148438,435661
TRI.TO,2020-04-17,106.40705871582031,106.40705871582031,103.72793579101562,105.64900970458984,90.21760559082031,366999
TRI.TO,2020-04-20,105.46209716796875,105.5140151977539,103.8421630859375,104.04984283447266,88.85199737548828,352940
TRI.TO,2020-04-21,102.7725830078125,103.8213882446289,101.54724884033203,101.9729995727539,87.07852172851562,504323
TRI.TO,2020-04-22,103.33333587646484,105.06749725341797,102.62720489501953,104.7975082397461,89.490478515625,780800
TRI.TO,2020-04-23,104.54828643798828,104.87019348144531,102.72066497802734,102.85565948486328,87.83224487304688,312686
TRI.TO,2020-04-24,102.93873596191406,104.16407012939453,102.50259399414062,103.80062103271484,88.6391830444336,580015
TRI.TO,2020-04-27,103.85254669189453,104.99480438232422,103.04257202148438,104.33021545410156,89.09143829345703,534369
TRI.TO,2020-04-28,104.75597381591797,105.3582534790039,103.56178283691406,103.72793579101562,88.57711029052734,533791
TRI.TO,2020-04-29,104.67289733886719,105.62824249267578,102.87642669677734,103.61370849609375,88.47958374023438,463492
TRI.TO,2020-04-30,102.47144317626953,103.27102661132812,101.49533081054688,101.83800506591797,86.96321868896484,751525
TRI.TO,2020-05-01,101.37071990966797,101.85877227783203,100.20768737792969,100.97611236572266,86.22724914550781,717242
TRI.TO,2020-05-04,100.20768737792969,102.34683227539062,100.20768737792969,102.34683227539062,87.39775085449219,635195
TRI.TO,2020-05-05,103.36448669433594,103.36448669433594,99.29387664794922,101.9729995727539,87.07852172851562,660522
TRI.TO,2020-05-06,102.07684326171875,102.4299087524414,99.62616729736328,99.7196273803711,85.15425872802734,500953
TRI.TO,2020-05-07,100.4361343383789,100.51921081542969,99.17964935302734,99.40809631347656,84.88825225830078,613720
TRI.TO,2020-05-08,100.1246109008789,100.1246109008789,98.06853485107422,98.69158935546875,84.27638244628906,528494
TRI.TO,2020-05-11,98.23468017578125,99.67808532714844,97.98545837402344,99.39771270751953,84.87937927246094,671404
TRI.TO,2020-05-12,99.78192901611328,99.78192901611328,97.5389404296875,97.63240051269531,83.37191772460938,828373
TRI.TO,2020-05-13,97.1028060913086,97.62201690673828,95.47248077392578,95.63862609863281,81.66934967041016,689797
TRI.TO,2020-05-14,95.02596282958984,96.63551330566406,94.47559356689453,96.62512969970703,82.51177215576172,490745
TRI.TO,2020-05-15,96.1266860961914,97.32086944580078,95.47248077392578,97.28971862792969,83.07929992675781,262032
TRI.TO,2020-05-19,98.28660583496094,99.03427124023438,97.76739501953125,98.51506042480469,84.12565612792969,763563
TRI.TO,2020-05-20,98.66043853759766,99.29387664794922,96.70820617675781,96.72897338867188,83.06448364257812,455306
TRI.TO,2020-05-21,96.88473510742188,96.88473510742188,95.77362060546875,95.8774642944336,82.33325958251953,552088
TRI.TO,2020-05-22,96.11630249023438,96.62512969970703,95.76323699951172,96.1578369140625,82.57404327392578,257217
TRI.TO,2020-05-25,96.79127502441406,97.39356231689453,95.88784790039062,96.63551330566406,82.98424530029297,206082
TRI.TO,2020-05-26,96.55243682861328,96.71858978271484,95.3582534790039,95.52440643310547,82.03009033203125,552184
TRI.TO,2020-05-27,95.63862609863281,96.43821716308594,93.34371948242188,94.25753021240234,80.94221496582031,733421
TRI.TO,2020-05-28,94.54828643798828,97.19625854492188,94.54828643798828,96.72897338867188,83.06448364257812,985919
TRI.TO,2020-05-29,96.6458969116211,96.8016586303711,95.28556823730469,95.76323699951172,82.23518371582031,2908356
TRI.TO,2020-06-01,95.75285339355469,96.6458969116211,95.25440979003906,96.26168060302734,82.66322326660156,581459
TRI.TO,2020-06-02,96.37590789794922,98.68120574951172,96.32398986816406,98.56697845458984,84.64285278320312,495656
TRI.TO,2020-06-03,99.37694549560547,99.8130874633789,98.41121673583984,99.12772369384766,85.12437438964844,597349
TRI.TO,2020-06-04,98.76427459716797,99.3873291015625,97.72586059570312,97.84008026123047,84.0186538696289,634906
TRI.TO,2020-06-05,99.31464385986328,99.37694549560547,97.70508575439453,99.09657287597656,85.09764099121094,479478
TRI.TO,2020-06-08,98.75389099121094,98.76427459716797,95.92938995361328,96.16822052001953,82.58296203613281,460507
TRI.TO,2020-06-09,95.74246978759766,96.6458969116211,95.077880859375,96.44860076904297,82.82371520996094,413127
TRI.TO,2020-06-10,96.78089141845703,97.89200592041016,96.59397888183594,97.49740600585938,83.72438049316406,377978
TRI.TO,2020-06-11,96.5835952758789,97.32086944580078,94.68328094482422,94.85980987548828,81.45938873291016,822402
TRI.TO,2020-06-12,96.0332260131836,96.43821716308594,94.03945922851562,95.17134094238281,81.72689056396484,695093
TRI.TO,2020-06-15,94.21599578857422,95.76323699951172,93.8733139038086,95.43094635009766,81.94981384277344,570289
TRI.TO,2020-06-16,97.3520278930664,97.36241149902344,95.32710266113281,95.46209716796875,81.97657012939453,445291
TRI.TO,2020-06-17,95.96054077148438,96.72897338867188,95.57632446289062,96.20976257324219,82.61862182617188,446736
TRI.TO,2020-06-18,95.8463134765625,96.61474609375,95.54517364501953,96.37590789794922,82.76130676269531,431135
TRI.TO,2020-06-19,96.98857879638672,96.98857879638672,95.26480102539062,95.58670806884766,82.08358001708984,2586425
TRI.TO,2020-06-22,95.42056274414062,96.86396789550781,95.0467300415039,96.4278335571289,82.805908203125,505382
TRI.TO,2020-06-23,96.55243682861328,97.12357330322266,95.66978454589844,95.80477905273438,82.2708740234375,704435
TRI.TO,2020-06-24,95.73208618164062,95.73208618164062,93.7175521850586,94.42367553710938,81.08485412597656,321449
TRI.TO,2020-06-25,94.56905364990234,95.16095733642578,93.52024841308594,95.12980651855469,81.69124603271484,362666
TRI.TO,2020-06-26,95.24402618408203,96.40705871582031,94.4859848022461,94.69366455078125,81.31668853759766,381733
TRI.TO,2020-06-29,95.06749725341797,96.0332260131836,94.68328094482422,95.01557922363281,81.59314727783203,381541
TRI.TO,2020-06-30,94.96365356445312,96.14745330810547,94.96365356445312,95.78400421142578,82.2530288696289,377592
TRI.TO,2020-07-02,95.5659408569336,96.50051879882812,95.03634643554688,95.19210815429688,81.74473571777344,335317
TRI.TO,2020-07-03,95.25440979003906,95.6905517578125,94.68328094482422,95.37902069091797,81.90524291992188,98419
TRI.TO,2020-07-06,95.78400421142578,96.1578369140625,95.0467300415039,95.5347900390625,82.03900909423828,279174
TRI.TO,2020-07-07,95.36863708496094,95.98130798339844,94.25753021240234,94.36137390136719,81.03133392333984,396275
TRI.TO,2020-07-08,94.4859848022461,95.28556823730469,94.01869201660156,95.18172454833984,81.7358169555664,297856
TRI.TO,2020-07-09,95.3582534790039,96.10591888427734,94.21599578857422,95.8774642944336,82.33325958251953,317790
TRI.TO,2020-07-10,96.0332260131836,96.24091339111328,95.11941528320312,95.43094635009766,81.94981384277344,245372
TRI.TO,2020-07-13,95.5347900390625,96.51090240478516,94.74559020996094,95.26480102539062,81.8071517944336,568555
TRI.TO,2020-07-14,95.17134094238281,96.7705078125,94.52751922607422,96.60436248779297,82.95748138427734,469270
TRI.TO,2020-07-15,97.16510772705078,98.41121673583984,96.76012420654297,97.98545837402344,84.14347839355469,489974
TRI.TO,2020-07-16,97.74662780761719,98.67082214355469,97.40394592285156,98.39044952392578,84.49127960205078,326553
TRI.TO,2020-07-17,98.35929107666016,99.90653991699219,98.35929107666016,99.69886016845703,85.61482238769531,281100
TRI.TO,2020-07-20,99.62616729736328,99.98961639404297,98.618896484375,99.2315673828125,85.21356964111328,434987
TRI.TO,2020-07-21,99.16926574707031,99.16926574707031,98.03738403320312,98.24506378173828,84.36640930175781,585023
TRI.TO,2020-07-22,98.07891845703125,98.20352935791016,97.34164428710938,98.0270004272461,84.1791763305664,788986
TRI.TO,2020-07-23,98.03738403320312,98.24506378173828,96.26168060302734,96.3343734741211,82.72564697265625,757111
TRI.TO,2020-07-24,95.9709243774414,96.24091339111328,94.98442077636719,95.14019012451172,81.70014190673828,374318
TRI.TO,2020-07-27,95.06749725341797,95.30633544921875,94.75597381591797,95.00519561767578,81.58423614501953,639336
TRI.TO,2020-07-28,95.00519561767578,95.66978454589844,94.68328094482422,95.55555725097656,82.05685424804688,619787
TRI.TO,2020-07-29,95.66978454589844,97.12357330322266,95.66978454589844,96.85358428955078,83.17150115966797,271951
TRI.TO,2020-07-30,96.1266860961914,97.23780059814453,95.86708068847656,97.23780059814453,83.50144958496094,378652
TRI.TO,2020-07-31,96.79127502441406,97.16510772705078,96.07476806640625,97.0508804321289,83.34092712402344,587430
TRI.TO,2020-08-04,97.82969665527344,98.77466583251953,97.34164428710938,98.34890747070312,84.45561218261719,639721
TRI.TO,2020-08-05,98.14122772216797,98.53582763671875,96.35514068603516,98.51506042480469,84.5982666015625,402341
TRI.TO,2020-08-06,99.02388763427734,102.66874694824219,98.84735107421875,102.57528686523438,88.08493041992188,737851
TRI.TO,2020-08-07,102.75181579589844,104.01869201660156,102.75181579589844,103.95638275146484,89.27092742919922,479670
TRI.TO,2020-08-10,103.9667739868164,104.07061004638672,102.67913055419922,102.9491195678711,88.40593719482422,484582
TRI.TO,2020-08-11,102.78296661376953,103.61370849609375,102.22222137451172,103.02180480957031,88.46834564208984,590319
TRI.TO,2020-08-12,103.5721664428711,104.8909683227539,103.07373046875,104.10176849365234,89.39575958251953,269351
TRI.TO,2020-08-13,103.33333587646484,104.01869201660156,102.82450866699219,103.23987579345703,88.65562438964844,493730
TRI.TO,2020-08-14,103.29179382324219,104.31983184814453,102.96988677978516,103.46833038330078,88.851806640625,301997
TRI.TO,2020-08-17,103.67601013183594,103.67601013183594,102.96988677978516,103.13603210449219,88.56645202636719,613816
TRI.TO,2020-08-18,103.1048812866211,103.67601013183594,102.38836669921875,103.38525390625,88.78047180175781,381155
TRI.TO,2020-08-19,103.18795776367188,104.84942626953125,102.68951416015625,104.2782974243164,89.99935150146484,439610
TRI.TO,2020-08-20,104.42367553710938,105.33748626708984,104.1536865234375,105.2024917602539,90.79698944091797,604186
TRI.TO,2020-08-21,105.27518463134766,106.14745330810547,104.4652099609375,105.60747528076172,91.14651489257812,835017
TRI.TO,2020-08-24,105.61785888671875,106.30322265625,105.25440979003906,106.11630249023438,91.58567810058594,655033
TRI.TO,2020-08-25,105.59709167480469,105.96054077148438,104.50675201416016,104.56905364990234,90.25031280517578,542073
TRI.TO,2020-08-26,104.65213012695312,105.42056274414062,103.9667739868164,105.39979553222656,90.96727752685547,418135
TRI.TO,2020-08-27,105.3582534790039,106.06438446044922,104.94288635253906,105.4101791381836,90.97622680664062,678915
TRI.TO,2020-08-28,105.18172454833984,105.31671905517578,104.26791381835938,104.85980987548828,90.50123596191406,582904
TRI.TO,2020-08-31,104.62097930908203,104.70404815673828,103.37487030029297,103.541015625,89.3630142211914,797268
TRI.TO,2020-09-01,103.73831939697266,105.8463134765625,103.05296325683594,105.48286437988281,91.03897857666016,759903
TRI.TO,2020-09-02,105.96054077148438,107.51817321777344,105.96054077148438,107.3520278930664,92.65217590332031,483522
TRI.TO,2020-09-03,107.47663879394531,107.55970764160156,105.03634643554688,105.45171356201172,91.0120849609375,788312
TRI.TO,2020-09-04,105.52440643310547,105.76323699951172,102.87642669677734,103.1048812866211,88.98658752441406,827410
TRI.TO,2020-09-08,102.95950317382812,104.08099365234375,102.47144317626953,103.49948120117188,89.3271713256836,762022
TRI.TO,2020-09-09,104.13291931152344,105.71131896972656,103.9667739868164,105.15057373046875,90.75218963623047,508657
TRI.TO,2020-09-10,105.3582534790039,105.36863708496094,103.67601013183594,103.95638275146484,89.72151947021484,308738
TRI.TO,2020-09-11,104.14330291748047,105.14019012451172,103.98754119873047,104.73519897460938,90.3936996459961,209067
TRI.TO,2020-09-14,105.18172454833984,106.39667510986328,104.88058471679688,106.30322265625,91.74700164794922,635099
TRI.TO,2020-09-15,106.7705078125,108.2762222290039,106.5835952758789,107.5389404296875,92.81350708007812,540436
TRI.TO,2020-09-16,107.82969665527344,108.7435073852539,106.32398986816406,106.39667510986328,91.8276596069336,221201
TRI.TO,2020-09-17,105.70093536376953,106.36552429199219,105.37902069091797,105.61785888671875,91.15548706054688,260106
TRI.TO,2020-09-18,106.1786117553711,107.04049682617188,105.29595184326172,106.1578369140625,91.62152862548828,968489
TRI.TO,2020-09-21,106.1266860961914,106.50051879882812,104.98442077636719,106.2824478149414,91.72907257080078,402919
TRI.TO,2020-09-22,106.50051879882812,108.1204605102539,106.43821716308594,107.98545837402344,93.1988754272461,268870
TRI.TO,2020-09-23,108.32814025878906,109.2315673828125,107.68431854248047,107.68431854248047,92.93898010253906,414764
TRI.TO,2020-09-24,107.27933502197266,107.88162231445312,106.66666412353516,107.39356231689453,92.68804931640625,285337
TRI.TO,2020-09-25,107.46624755859375,109.5119400024414,107.21703338623047,109.2627182006836,94.30123901367188,295545
TRI.TO,2020-09-28,109.94808197021484,111.3603286743164,109.94808197021484,111.30841064453125,96.06682586669922,369696
TRI.TO,2020-09-29,111.16303253173828,111.91069793701172,110.94496154785156,111.15264892578125,95.9323959350586,245180
TRI.TO,2020-09-30,111.19418334960938,111.60955047607422,109.92730712890625,110.34268188476562,95.23332977294922,377689
TRI.TO,2020-10-01,110.4569091796875,111.63032531738281,110.30113983154297,111.05918884277344,95.85171508789062,265595
TRI.TO,2020-10-02,110.38421630859375,111.5057144165039,109.73001098632812,110.75804901123047,95.5918197631836,325590
TRI.TO,2020-10-05,110.9553451538086,111.82762145996094,110.56074523925781,111.64070892333984,96.35362243652344,246335
TRI.TO,2020-10-06,111.27725982666016,111.94184875488281,110.7684326171875,111.06957244873047,95.86068725585938,301130
TRI.TO,2020-10-07,111.57839965820312,111.91069793701172,110.97611236572266,111.88993072509766,96.56871032714844,318272
TRI.TO,2020-10-08,112.13914489746094,112.3052978515625,111.61994171142578,111.85877227783203,96.54181671142578,295737
TRI.TO,2020-10-09,112.1495361328125,112.69989776611328,111.65109252929688,112.29491424560547,96.91825103759766,331657
TRI.TO,2020-10-13,113.38525390625,113.6656265258789,112.69989776611328,113.21910858154297,97.71588897705078,488145
TRI.TO,2020-10-14,113.16718292236328,113.65524291992188,112.37798309326172,112.85565948486328,97.40219116210938,372970
TRI.TO,2020-10-15,112.6168212890625,114.06022644042969,112.17030334472656,113.85254669189453,98.26258850097656,297086
TRI.TO,2020-10-16,113.73831939697266,114.7975082397461,113.33333587646484,113.33333587646484,97.814453125,386933
TRI.TO,2020-10-19,113.63447570800781,113.63447570800781,112.1287612915039,112.29491424560547,96.91825103759766,351591
TRI.TO,2020-10-20,112.65835571289062,112.7725830078125,111.5680160522461,112.28453063964844,96.90928649902344,353517
TRI.TO,2020-10-21,112.45067596435547,113.25025939941406,112.15991973876953,112.32606506347656,96.94511413574219,244024
TRI.TO,2020-10-22,112.32606506347656,113.03218841552734,111.71339416503906,111.848388671875,96.5328598022461,592823
TRI.TO,2020-10-23,112.08722686767578,112.09761047363281,110.55036163330078,111.76531982421875,96.46116638183594,262803
TRI.TO,2020-10-26,111.82762145996094,111.82762145996094,110.19730377197266,110.94496154785156,95.75314331054688,345813
TRI.TO,2020-10-27,111.16303253173828,111.71339416503906,109.76116180419922,109.94808197021484,94.89276885986328,329250
TRI.TO,2020-10-28,109.28348541259766,109.77154541015625,107.76739501953125,107.9750747680664,93.18993377685547,457136
TRI.TO,2020-10-29,108.28660583496094,108.88888549804688,107.72586059570312,107.8193130493164,93.05549621582031,222260
TRI.TO,2020-10-30,107.5077896118164,108.32814025878906,106.7393569946289,107.55970764160156,92.83142852783203,404749
TRI.TO,2020-11-02,108.38005828857422,109.85462188720703,107.995849609375,108.56697845458984,93.70075988769531,558059
TRI.TO,2020-11-03,110.49844360351562,113.12564849853516,110.47767639160156,112.41952514648438,97.02577209472656,434602
TRI.TO,2020-11-04,113.59294128417969,115.85669708251953,113.38525390625,114.40290832519531,98.73758697509766,911191
TRI.TO,2020-11-05,115.86708068847656,116.36552429199219,114.83904266357422,116.2824478149414,100.35975646972656,571155
TRI.TO,2020-11-06,115.89823150634766,117.89200592041016,115.89823150634766,117.6947021484375,101.5786361694336,317597
TRI.TO,2020-11-09,120.09346008300781,120.10384368896484,113.7175521850586,113.88369750976562,98.28948974609375,751140
TRI.TO,2020-11-10,113.88369750976562,113.93561553955078,112.03530883789062,112.85565948486328,97.40219116210938,706072
TRI.TO,2020-11-11,113.95638275146484,115.233642578125,113.39563751220703,114.70404815673828,98.99748229980469,895012
TRI.TO,2020-11-12,115.09864807128906,115.76323699951172,112.93873596191406,113.56178283691406,98.01162719726562,335509
TRI.TO,2020-11-13,113.3541030883789,114.22637939453125,112.93873596191406,113.45794677734375,97.92200469970703,331850
TRI.TO,2020-11-16,113.1983413696289,113.1983413696289,110.55036163330078,111.71339416503906,96.41635131835938,693456
TRI.TO,2020-11-17,111.27725982666016,111.40187072753906,109.94808197021484,110.06230163574219,94.99132537841797,930354
TRI.TO,2020-11-18,109.61578369140625,109.61578369140625,107.79854583740234,109.11734008789062,94.62034606933594,809498
TRI.TO,2020-11-19,109.16926574707031,110.04153442382812,108.11006927490234,109.24195098876953,94.7284164428711,415535
TRI.TO,2020-11-20,109.33541107177734,109.73001098632812,108.47351837158203,109.69886016845703,95.1246109008789,462529
TRI.TO,2020-11-23,109.79231262207031,110.13499450683594,108.77466583251953,108.9200439453125,94.44927978515625,503745
TRI.TO,2020-11-24,109.33541107177734,109.33541107177734,107.27933502197266,107.3520278930664,93.08956146240234,537258
TRI.TO,2020-11-25,107.61163330078125,108.2762222290039,107.2274169921875,108.0270004272461,93.67486572265625,296508
TRI.TO,2020-11-26,108.08930206298828,108.08930206298828,107.24818420410156,107.40394592285156,93.13459777832031,102367
TRI.TO,2020-11-27,107.71546936035156,107.89200592041016,106.83281707763672,107.68431854248047,93.37773132324219,224861
TRI.TO,2020-11-30,107.8504638671875,108.09968566894531,106.60436248779297,106.8951187133789,92.69337463378906,842047
TRI.TO,2020-12-01,107.5389404296875,107.5700912475586,106.67704772949219,107.06126403808594,92.83744049072266,637988
TRI.TO,2020-12-02,106.92626953125,108.17237854003906,106.91588592529297,107.36241149902344,93.09856414794922,659655
TRI.TO,2020-12-03,107.43509674072266,108.08930206298828,106.78089141845703,107.45586395263672,93.17961120605469,360258
TRI.TO,2020-12-04,107.31048583984375,108.463134765625,107.19625854492188,108.14122772216797,93.77393341064453,318560
TRI.TO,2020-12-07,107.86085510253906,107.93354034423828,107.08203125,107.4143295288086,93.14359283447266,245084
TRI.TO,2020-12-08,106.86396789550781,107.79854583740234,106.76012420654297,107.28971862792969,93.0355453491211,417075
TRI.TO,2020-12-09,107.06126403808594,107.80892944335938,106.68743133544922,107.5077896118164,93.22464752197266,485834
TRI.TO,2020-12-10,107.06126403808594,107.1028060913086,105.74246978759766,106.38629150390625,92.25215148925781,325398
TRI.TO,2020-12-11,106.13706970214844,107.40394592285156,106.01245880126953,107.28971862792969,93.0355453491211,346391
TRI.TO,2020-12-14,107.30010223388672,107.67393493652344,106.44860076904297,106.57321166992188,92.41422271728516,588682
TRI.TO,2020-12-15,106.8951187133789,107.24818420410156,106.40705871582031,106.69782257080078,92.52227783203125,323568
TRI.TO,2020-12-16,106.81204223632812,107.71546936035156,105.86708068847656,106.1786117553711,92.07205963134766,497871
TRI.TO,2020-12-17,106.62512969970703,107.93354034423828,105.82554626464844,106.5835952758789,92.4232406616211,825580
TRI.TO,2020-12-18,106.8016586303711,107.40394592285156,106.16822052001953,107.27933502197266,93.02651977539062,895205
TRI.TO,2020-12-21,106.78089141845703,107.07164764404297,105.21287536621094,106.79127502441406,92.60330963134766,301323
TRI.TO,2020-12-22,107.12357330322266,107.62201690673828,106.59397888183594,106.62512969970703,92.4592514038086,331465
TRI.TO,2020-12-23,106.79127502441406,107.18587493896484,106.52128601074219,106.62512969970703,92.4592514038086,214845
TRI.TO,2020-12-24,106.44860076904297,107.3831787109375,106.19937896728516,107.28971862792969,93.0355453491211,110552
TRI.TO,2020-12-29,108.00623321533203,108.9200439453125,107.94392395019531,108.57736206054688,94.15211486816406,353325
TRI.TO,2020-12-30,108.59812927246094,109.12772369384766,108.41121673583984,108.618896484375,94.18812561035156,184029
TRI.TO,2020-12-31,108.35929107666016,108.90966033935547,108.04776763916016,108.1827621459961,93.80994415283203,283411
TRI.TO,2021-01-04,108.463134765625,108.89927673339844,106.91588592529297,107.37279510498047,93.10757446289062,441343
TRI.TO,2021-01-05,107.30010223388672,108.48390197753906,106.97819519042969,108.03738403320312,93.68388366699219,319909
TRI.TO,2021-01-06,107.96469116210938,108.35929107666016,106.1786117553711,106.76012420654297,92.5763168334961,529457
TRI.TO,2021-01-07,106.74974060058594,107.40394592285156,105.58670806884766,106.18899536132812,92.0810546875,578570
TRI.TO,2021-01-08,106.30322265625,106.69782257080078,105.6905517578125,106.39667510986328,92.26114654541016,432676
TRI.TO,2021-01-11,106.458984375,107.21703338623047,105.62824249267578,105.75285339355469,91.7028579711914,340132
TRI.TO,2021-01-12,105.57632446289062,105.68016815185547,104.25753021240234,104.5898208618164,90.6943359375,318560
TRI.TO,2021-01-13,104.69366455078125,105.24402618408203,103.92523193359375,104.766357421875,90.84742736816406,426898
TRI.TO,2021-01-14,104.88058471679688,104.88058471679688,102.91796875,103.05296325683594,89.36164855957031,534369
TRI.TO,2021-01-15,103.68639373779297,106.55243682861328,103.32295227050781,106.09553527832031,92.00000762939453,944125
TRI.TO,2021-01-18,105.92938995361328,106.70820617675781,105.52440643310547,106.4901351928711,92.34219360351562,148591
TRI.TO,2021-01-19,106.60436248779297,107.33125305175781,105.75285339355469,106.43821716308594,92.29716491699219,445002
TRI.TO,2021-01-20,106.62512969970703,108.13084411621094,106.1786117553711,107.80892944335938,93.48577117919922,338783
TRI.TO,2021-01-21,107.59085845947266,107.59085845947266,106.62512969970703,106.97819519042969,92.7654037475586,223416
TRI.TO,2021-01-22,107.0508804321289,108.32814025878906,107.03011322021484,107.70508575439453,93.39573669433594,239017
TRI.TO,2021-01-25,108.04776763916016,110.23883819580078,107.63240051269531,109.95846557617188,95.34973907470703,379422
TRI.TO,2021-01-26,109.3873291015625,109.62616729736328,108.28660583496094,108.99272918701172,94.51229095458984,255388
TRI.TO,2021-01-27,108.60851287841797,108.89927673339844,106.27206420898438,106.43821716308594,92.29716491699219,371718
TRI.TO,2021-01-28,107.0508804321289,109.74039459228516,106.76012420654297,108.96157836914062,94.48527526855469,329539
TRI.TO,2021-01-29,109.0446548461914,109.16926574707031,107.06126403808594,108.2762222290039,93.8909912109375,520502
TRI.TO,2021-02-01,110.68535614013672,112.19107055664062,109.3873291015625,111.54724884033203,96.72744750976562,407349
TRI.TO,2021-02-02,111.63032531738281,113.36448669433594,111.63032531738281,112.5856704711914,97.62787628173828,397334
TRI.TO,2021-02-03,112.7414321899414,112.7414321899414,110.86189270019531,112.17030334472656,97.26769256591797,385489
TRI.TO,2021-02-04,112.22222137451172,112.92835235595703,111.49533081054688,111.73416137695312,96.8895263671875,377400
TRI.TO,2021-02-05,111.9729995727539,112.1495361328125,111.14226531982422,111.6614761352539,96.82648468017578,270314
TRI.TO,2021-02-08,112.19107055664062,112.19107055664062,110.07269287109375,110.49844360351562,95.81796264648438,350628
TRI.TO,2021-02-09,110.60228729248047,111.00727081298828,109.6677017211914,109.92730712890625,95.32270812988281,203482
TRI.TO,2021-02-10,110.06230163574219,110.3115234375,108.26583862304688,108.62928009033203,94.19713592529297,227461
TRI.TO,2021-02-11,108.62928009033203,109.63655090332031,108.07891845703125,109.08618927001953,94.59332275390625,251728
TRI.TO,2021-02-12,109.15888214111328,109.46002197265625,107.93354034423828,109.21080017089844,94.70138549804688,552569
TRI.TO,2021-02-16,109.33541107177734,110.06230163574219,108.151611328125,108.35929107666016,93.96302795410156,307871
TRI.TO,2021-02-17,108.38005828857422,108.78504943847656,107.45586395263672,108.21391296386719,93.83696746826172,231890
TRI.TO,2021-02-18,108.04776763916016,108.59812927246094,107.48702239990234,108.34890747070312,93.95401763916016,187496
TRI.TO,2021-02-19,108.35929107666016,108.40083312988281,107.21703338623047,107.48702239990234,93.20661926269531,283411
TRI.TO,2021-02-22,106.63551330566406,108.13084411621094,104.90135192871094,105.15057373046875,91.18058776855469,488819
TRI.TO,2021-02-23,111.4122543334961,117.76739501953125,109.03427124023438,116.458984375,100.9865951538086,1634307
TRI.TO,2021-02-24,116.69782257080078,116.69782257080078,113.59294128417969,115.83592987060547,100.44632720947266,619305
TRI.TO,2021-02-25,116.20976257324219,116.37590789794922,114.80789184570312,116.07476806640625,100.65345001220703,467344
TRI.TO,2021-02-26,116.39667510986328,116.8951187133789,114.75597381591797,114.9532699584961,99.68092346191406,540339
TRI.TO,2021-03-01,115.59709167480469,116.25129699707031,113.43717193603516,115.63862609863281,100.27523803710938,516072
TRI.TO,2021-03-02,115.98130798339844,117.59085845947266,114.72481536865234,116.4278335571289,100.95958709716797,516457
TRI.TO,2021-03-03,116.27206420898438,116.31360626220703,114.19522094726562,114.922119140625,99.65392303466797,395793
TRI.TO,2021-03-04,114.35099029541016,114.93250274658203,112.21183776855469,113.39563751220703,98.78727722167969,602164
TRI.TO,2021-03-05,113.90446472167969,114.49636840820312,112.40914154052734,113.52024841308594,98.89584350585938,596964
TRI.TO,2021-03-08,113.14641571044922,113.74870300292969,112.56490325927734,112.7725830078125,98.24449157714844,686041
TRI.TO,2021-03-09,113.08411407470703,115.96054077148438,113.08411407470703,114.610595703125,99.84568786621094,650218
TRI.TO,2021-03-10,114.50675201416016,114.97403717041016,113.61370849609375,114.04984283447266,99.35719299316406,498353
TRI.TO,2021-03-11,114.35099029541016,114.9532699584961,113.2294921875,113.49948120117188,98.87773895263672,482752
TRI.TO,2021-03-12,113.45794677734375,113.62409210205078,111.79647064208984,113.53063201904297,98.90486145019531,378748
TRI.TO,2021-03-15,113.69677734375,114.63136291503906,113.00103759765625,113.52024841308594,98.89584350585938,405423
TRI.TO,2021-03-16,113.59294128417969,114.60020446777344,113.39563751220703,114.1536865234375,99.44766998291016,333391
TRI.TO,2021-03-17,113.5098648071289,114.07061004638672,112.66874694824219,113.20872497558594,98.62446594238281,438454
TRI.TO,2021-03-18,113.14641571044922,114.65213012695312,112.75181579589844,114.42367553710938,99.6828842163086,376629
TRI.TO,2021-03-19,114.3405990600586,114.5898208618164,113.49948120117188,113.5098648071289,98.88677978515625,1365053
TRI.TO,2021-03-22,113.67601013183594,115.21287536621094,112.68951416015625,114.4340591430664,99.69193267822266,322316
TRI.TO,2021-03-23,114.53790283203125,116.23052978515625,114.35099029541016,115.89823150634766,100.96746826171875,315383
TRI.TO,2021-03-24,115.90862274169922,115.95015716552734,113.86293029785156,114.38214111328125,99.64669036865234,388763
TRI.TO,2021-03-25,114.17445373535156,115.64900970458984,113.97715759277344,115.27518463134766,100.42469024658203,332717
TRI.TO,2021-03-26,115.25440979003906,115.61785888671875,114.4652099609375,115.5347900390625,100.65084838867188,351591
TRI.TO,2021-03-29,115.28556823730469,116.02284240722656,114.16407012939453,115.75285339355469,100.84082794189453,543325
TRI.TO,2021-03-30,115.85669708251953,116.37590789794922,114.85980987548828,114.922119140625,100.11709594726562,431906
TRI.TO,2021-03-31,115.02596282958984,115.18172454833984,113.67601013183594,114.31983184814453,99.5923843383789,517420
TRI.TO,2021-04-01,114.77674102783203,116.90550231933594,114.53790283203125,116.7705078125,101.72735595703125,321642
TRI.TO,2021-04-05,116.72897338867188,117.84008026123047,116.72897338867188,117.45586395263672,102.32445526123047,200015
TRI.TO,2021-04-06,117.80892944335938,118.55659484863281,117.12357330322266,117.90238952636719,102.71343231201172,217349
TRI.TO,2021-04-07,118.31775665283203,118.68120574951172,117.43509674072266,117.78816223144531,102.61392211914062,214268
TRI.TO,2021-04-08,118.07891845703125,119.00311279296875,118.04776763916016,118.22429656982422,102.99388122558594,249032
TRI.TO,2021-04-09,118.29698944091797,118.4319839477539,117.39356231689453,118.4319839477539,103.17481231689453,191637
TRI.TO,2021-04-12,118.31775665283203,119.2004165649414,118.20352935791016,118.54621124267578,103.2743148803711,309123
TRI.TO,2021-04-13,118.66043853759766,119.75077819824219,118.40083312988281,119.36656188964844,103.98898315429688,303441
TRI.TO,2021-04-14,119.83385467529297,119.83385467529297,118.2762222290039,118.4319839477539,103.17481231689453,289382
TRI.TO,2021-04-15,119.03427124023438,120.11422729492188,118.69158935546875,119.58463287353516,104.17898559570312,248069
TRI.TO,2021-04-16,119.70924377441406,120.55036163330078,119.34579467773438,120.25960540771484,104.76697540283203,216001
TRI.TO,2021-04-19,119.88577270507812,120.20768737792969,119.17964935302734,119.67808532714844,104.2603759765625,130487
TRI.TO,2021-04-20,118.98234558105469,120.50882720947266,118.9511947631836,120.32191467285156,104.82125854492188,220720
TRI.TO,2021-04-21,120.14537811279297,120.68535614013672,118.88888549804688,119.88577270507812,104.4413070678711,197608
TRI.TO,2021-04-22,119.91692352294922,119.91692352294922,118.82658386230469,119.2627182006836,103.89852142333984,173822
TRI.TO,2021-04-23,119.22118377685547,119.47040557861328,118.76427459716797,119.09657287597656,103.75377655029297,243928
TRI.TO,2021-04-26,118.57736206054688,118.73312377929688,118.0270004272461,118.40083312988281,103.1476821899414,202423
TRI.TO,2021-04-27,118.71235656738281,119.88577270507812,118.51506042480469,119.40809631347656,104.02516174316406,306041
TRI.TO,2021-04-28,119.47040557861328,119.53270721435547,117.93354034423828,118.04776763916016,102.84007263183594,170547
TRI.TO,2021-04-29,118.21391296386719,118.88888549804688,118.09968566894531,118.618896484375,103.33763885498047,197993
TRI.TO,2021-04-30,118.48390197753906,118.48390197753906,117.59085845947266,118.36967468261719,103.12052917480469,391556
TRI.TO,2021-05-03,117.68431854248047,120.09346008300781,117.68431854248047,119.06542205810547,103.72663879394531,268870
TRI.TO,2021-05-04,122.28453063964844,126.71858978271484,121.31879425048828,123.65524291992188,107.72517395019531,579052
TRI.TO,2021-05-05,122.84527587890625,123.47871398925781,120.66458892822266,122.17030334472656,106.43153381347656,569326
TRI.TO,2021-05-06,122.0249252319336,122.29491424560547,120.75804901123047,120.98650360107422,105.40023040771484,235742
TRI.TO,2021-05-07,121.51609802246094,122.73104858398438,121.49533081054688,122.57528686523438,106.78433227539062,200111
TRI.TO,2021-05-10,122.3364486694336,122.52336120605469,120.8930435180664,120.98650360107422,105.40023040771484,267618
TRI.TO,2021-05-11,120.10384368896484,121.05918884277344,119.2315673828125,120.83073425292969,105.26453399658203,443847
TRI.TO,2021-05-12,120.41536712646484,120.44651794433594,117.9750747680664,118.151611328125,102.93053436279297,394252
TRI.TO,2021-05-13,118.39044952392578,119.14849090576172,118.21391296386719,118.89927673339844,103.58190155029297,286974
TRI.TO,2021-05-14,118.89927673339844,119.70924377441406,118.463134765625,119.25233459472656,103.88946533203125,302671
TRI.TO,2021-05-17,119.13810729980469,119.13810729980469,118.20352935791016,118.83696746826172,103.52762603759766,181429
TRI.TO,2021-05-18,119.2004165649414,119.43925476074219,117.78816223144531,118.25545501708984,103.02099609375,240365
TRI.TO,2021-05-19,116.29283142089844,117.75701141357422,116.01245880126953,117.72586059570312,103.00103759765625,382022
TRI.TO,2021-05-20,117.92315673828125,119.34579467773438,117.61163330078125,118.88888549804688,104.01860046386719,198378
TRI.TO,2021-05-21,118.97196197509766,119.46002197265625,118.463134765625,118.9200439453125,104.04585266113281,348125
TRI.TO,2021-05-25,119.37694549560547,121.51609802246094,119.37694549560547,121.16303253173828,106.00831604003906,428535
TRI.TO,2021-05-26,121.6614761352539,122.21183776855469,121.24610900878906,122.04569244384766,106.78054809570312,490456
TRI.TO,2021-05-27,121.63032531738281,122.65835571289062,121.54724884033203,122.24298858642578,106.95317840576172,1278383
TRI.TO,2021-05-28,122.6168212890625,123.9979248046875,122.53375244140625,122.86604309082031,107.498291015625,267521
TRI.TO,2021-05-31,123.15679931640625,123.18795776367188,121.18379974365234,121.26687622070312,106.0991439819336,123071
TRI.TO,2021-06-01,122.1287612915039,123.49948120117188,122.1287612915039,122.86604309082031,107.498291015625,286493
TRI.TO,2021-06-02,122.82450866699219,123.86293029785156,122.59605407714844,123.58255767822266,108.12519073486328,339939
TRI.TO,2021-06-03,123.36448669433594,124.10176849365234,123.21910858154297,123.21910858154297,107.80718231201172,291019
TRI.TO,2021-06-04,123.6656265258789,123.85254669189453,122.50259399414062,123.52024841308594,108.07069396972656,178444
TRI.TO,2021-06-07,123.49948120117188,123.49948120117188,121.30841064453125,121.95223236083984,106.69880676269531,274455
TRI.TO,2021-06-08,122.40914154052734,123.62409210205078,122.19107055664062,123.37487030029297,107.9434814453125,262803
TRI.TO,2021-06-09,123.33333587646484,123.33333587646484,121.5057144165039,122.52336120605469,107.19849395751953,405519
TRI.TO,2021-06-10,122.51297760009766,123.31256866455078,122.03530883789062,122.92835235595703,107.55281066894531,142909
TRI.TO,2021-06-11,123.1983413696289,123.75908660888672,123.04257202148438,123.56178283691406,108.10701751708984,172088
TRI.TO,2021-06-14,123.30217742919922,124.1225357055664,123.02180480957031,124.1225357055664,108.59764099121094,207912
TRI.TO,2021-06-15,124.610595703125,125.92938995361328,124.53790283203125,125.19210815429688,109.5334243774414,339939
TRI.TO,2021-06-16,125.39979553222656,125.82554626464844,124.36137390136719,124.66251373291016,109.070068359375,209164
TRI.TO,2021-06-17,124.85980987548828,126.35514068603516,124.85980987548828,126.0020751953125,110.24207305908203,268196
TRI.TO,2021-06-18,125.48286437988281,126.0332260131836,124.53790283203125,125.26480102539062,109.5970230102539,876137
TRI.TO,2021-06-21,125.79439544677734,127.01972961425781,125.16095733642578,126.35514068603516,110.55101013183594,263573
TRI.TO,2021-06-22,126.87435150146484,127.01972961425781,125.8151626586914,125.8151626586914,110.07852935791016,372200
TRI.TO,2021-06-23,125.7217025756836,125.86708068847656,124.24714660644531,125.00519561767578,109.36990356445312,182392
TRI.TO,2021-06-24,125.71131896972656,125.80477905273438,124.73519897460938,125.00519561767578,109.36990356445312,174785
TRI.TO,2021-06-25,124.67289733886719,125.66978454589844,124.610595703125,125.50363159179688,109.80597686767578,114886
TRI.TO,2021-06-28,125.98130798339844,126.26168060302734,124.99480438232422,125.85669708251953,110.1148910522461,194526
TRI.TO,2021-06-29,125.80477905273438,127.40394592285156,125.58670806884766,127.13395690917969,111.2323989868164,215327
TRI.TO,2021-06-30,127.14434051513672,127.90238952636719,127.08203125,127.86085510253906,111.86836242675781,338783
TRI.TO,2021-07-02,128.2035369873047,128.58775329589844,127.68431854248047,128.0062255859375,111.99555969238281,175555
TRI.TO,2021-07-05,127.86085510253906,128.74351501464844,127.42471313476562,127.8504638671875,111.85929107666016,45550
TRI.TO,2021-07-06,128.65005493164062,129.1277313232422,127.51817321777344,128.9719696044922,112.84050750732422,305560
TRI.TO,2021-07-07,129.03427124023438,131.25648498535156,128.930419921875,130.84112548828125,114.47586059570312,283026
TRI.TO,2021-07-08,130.77880859375,130.77880859375,129.1796417236328,130.33229064941406,114.03070068359375,244506
TRI.TO,2021-07-09,130.0519256591797,131.30841064453125,129.91693115234375,131.16302490234375,114.75752258300781,262514
TRI.TO,2021-07-12,131.93145751953125,132.159912109375,130.48805236816406,131.069580078125,114.6757583618164,222453
TRI.TO,2021-07-13,131.68223571777344,131.77569580078125,130.89303588867188,131.4330291748047,114.99374389648438,206756
TRI.TO,2021-07-14,131.381103515625,131.70301818847656,130.78919982910156,131.55763244628906,115.10274505615234,237187
TRI.TO,2021-07-15,131.73416137695312,132.74143981933594,131.6407012939453,132.20144653320312,115.66606140136719,186148
TRI.TO,2021-07-16,132.38836669921875,134.42367553710938,132.02491760253906,133.9979248046875,117.23786163330078,296219
TRI.TO,2021-07-19,134.4652099609375,134.610595703125,131.88992309570312,133.2398681640625,116.57457733154297,340517
TRI.TO,2021-07-20,133.72793579101562,135.85670471191406,133.52024841308594,135.04672241210938,118.15547180175781,271855
TRI.TO,2021-07-21,135.4517059326172,135.6905517578125,134.74559020996094,135.1817169189453,118.27357482910156,277248
TRI.TO,2021-07-22,135.077880859375,135.9501495361328,135.04672241210938,135.24403381347656,118.32808685302734,162843
TRI.TO,2021-07-23,135.7424774169922,136.79127502441406,135.50363159179688,136.4070587158203,119.34563446044922,267810
TRI.TO,2021-07-26,136.4070587158203,136.4070587158203,134.42367553710938,135.35826110839844,118.42803192138672,221297
TRI.TO,2021-07-27,135.85670471191406,136.88473510742188,135.03634643554688,136.57321166992188,119.49100494384766,200978
TRI.TO,2021-07-28,136.19937133789062,136.96780395507812,135.7424774169922,135.7840118408203,118.80052185058594,164962
TRI.TO,2021-07-29,135.26480102539062,136.81204223632812,135.26480102539062,136.49012756347656,119.41832733154297,211667
TRI.TO,2021-07-30,136.30322265625,137.45587158203125,136.30322265625,137.27932739257812,120.10881805419922,246624
TRI.TO,2021-08-03,137.97508239746094,138.13084411621094,136.41744995117188,137.06126403808594,119.91803741455078,236031
TRI.TO,2021-08-04,137.55970764160156,138.26583862304688,136.92626953125,137.840087890625,120.59941864013672,213786
TRI.TO,2021-08-05,141.42263793945312,146.58358764648438,140.7061309814453,145.49325561523438,127.29537200927734,725717
TRI.TO,2021-08-06,144.49636840820312,146.35513305664062,143.4475555419922,146.12669372558594,127.84955596923828,458099
TRI.TO,2021-08-09,145.5347900390625,146.0955352783203,144.83905029296875,144.99481201171875,126.85926818847656,310664
TRI.TO,2021-08-10,144.69366455078125,148.2450714111328,144.69366455078125,147.05088806152344,128.65814208984375,374992
TRI.TO,2021-08-11,147.77777099609375,149.81307983398438,147.46624755859375,148.2035369873047,129.66665649414062,388474
TRI.TO,2021-08-12,148.28660583496094,148.5254364013672,147.00933837890625,148.19314575195312,129.6575927734375,219179
TRI.TO,2021-08-13,148.49429321289062,149.376953125,148.2450714111328,148.99273681640625,130.35714721679688,163903
TRI.TO,2021-08-16,149.14849853515625,151.10072326660156,148.49429321289062,151.0280303955078,132.1378631591797,277248
TRI.TO,2021-08-17,151.10072326660156,152.11837768554688,150.46728515625,151.34994506835938,132.41952514648438,653203
TRI.TO,2021-08-18,150.95535278320312,150.95535278320312,148.1619873046875,148.39044189453125,130.28697204589844,330598
TRI.TO,2021-08-19,148.1619873046875,150.73727416992188,148.14122009277344,150.2492218017578,131.91896057128906,304019
TRI.TO,2021-08-20,150.59190368652344,152.59605407714844,150.38421630859375,151.93145751953125,133.3959503173828,234491
TRI.TO,2021-08-23,151.2980194091797,151.692626953125,150.4049835205078,150.74766540527344,132.3566131591797,298530
TRI.TO,2021-08-24,150.74766540527344,150.74766540527344,149.0238800048828,149.22119140625,131.01634216308594,227461
TRI.TO,2021-08-25,149.09657287597656,150.0623016357422,148.83697509765625,149.71961975097656,131.45396423339844,299878
TRI.TO,2021-08-26,150.0623016357422,151.52647399902344,150.0623016357422,150.53997802734375,132.1742401123047,241617
TRI.TO,2021-08-27,150.77880859375,151.95223999023438,150.53997802734375,151.10072326660156,132.66656494140625,252884
TRI.TO,2021-08-30,151.04881286621094,152.69989013671875,150.6749725341797,152.07684326171875,133.5236358642578,187111
TRI.TO,2021-08-31,152.62721252441406,154.65213012695312,152.54412841796875,153.0841064453125,134.40797424316406,458292
TRI.TO,2021-09-01,153.0218048095703,156.7705078125,153.0218048095703,156.07476806640625,137.0338134765625,433061
TRI.TO,2021-09-02,156.62513732910156,157.46624755859375,155.6386260986328,155.64901733398438,136.66001892089844,445676
TRI.TO,2021-09-03,153.95639038085938,155.1713409423828,153.9459991455078,154.5275115966797,135.67527770996094,376148
TRI.TO,2021-09-07,155.34786987304688,155.41017150878906,154.34060668945312,154.7144317626953,135.8394012451172,336280
TRI.TO,2021-09-08,154.65213012695312,157.5908660888672,154.5275115966797,156.9781951904297,137.82704162597656,326939
TRI.TO,2021-09-09,157.05088806152344,157.05088806152344,155.35826110839844,155.6905517578125,136.6964874267578,364592
TRI.TO,2021-09-10,155.30633544921875,156.62513732910156,155.30633544921875,156.1474609375,137.09762573242188,351495
TRI.TO,2021-09-13,156.6666717529297,157.87123107910156,156.2201385498047,156.53167724609375,137.43499755859375,287648
TRI.TO,2021-09-14,156.6666717529297,157.55970764160156,156.02284240722656,156.12669372558594,137.07940673828125,222260
TRI.TO,2021-09-15,156.23052978515625,156.5109100341797,155.0155792236328,156.01246643066406,136.97909545898438,266558
TRI.TO,2021-09-16,155.91900634765625,156.42782592773438,155.3271026611328,155.4517059326172,136.4867706298828,203867
TRI.TO,2021-09-17,154.34060668945312,156.4070587158203,154.19522094726562,155.05711364746094,136.14027404785156,1115154
TRI.TO,2021-09-20,154.5171356201172,154.766357421875,152.3572235107422,153.8525390625,135.0826873779297,450106
TRI.TO,2021-09-21,154.02908325195312,156.19937133789062,154.02908325195312,154.73519897460938,135.85769653320312,268870
TRI.TO,2021-09-22,154.72482299804688,155.4517059326172,154.0913848876953,154.28868103027344,135.46559143066406,224764
TRI.TO,2021-09-23,154.299072265625,155.24403381347656,149.0238800048828,149.41848754882812,131.18955993652344,601875
TRI.TO,2021-09-24,148.90965270996094,151.30841064453125,148.78504943847656,151.20457458496094,132.75775146484375,293619
TRI.TO,2021-09-27,150.85150146484375,150.85150146484375,147.00933837890625,148.50466918945312,130.38722229003906,477263
TRI.TO,2021-09-28,147.23779296875,148.4527587890625,146.58358764648438,146.8639678955078,128.94674682617188,338109
TRI.TO,2021-09-29,148.02699279785156,148.54620361328125,146.90550231933594,146.9885711669922,129.05609130859375,266847
TRI.TO,2021-09-30,146.9885711669922,148.06854248046875,145.2959442138672,145.43093872070312,127.68850708007812,293522
TRI.TO,2021-10-01,145.73208618164062,146.04360961914062,143.46832275390625,144.6209716796875,126.97737121582031,390978
TRI.TO,2021-10-04,143.42678833007812,144.34060668945312,141.4849395751953,142.99066162109375,125.54595184326172,418809
TRI.TO,2021-10-05,143.3229522705078,144.7767333984375,142.78297424316406,144.2471466064453,126.64916229248047,265307
TRI.TO,2021-10-06,145.66978454589844,146.35513305664062,144.50674438476562,146.10592651367188,128.2811737060547,561429
TRI.TO,2021-10-07,146.93666076660156,149.40809631347656,146.93666076660156,147.96469116210938,129.91314697265625,380867
TRI.TO,2021-10-08,147.79855346679688,147.87123107910156,146.30322265625,147.3935546875,129.4116973876953,357947
TRI.TO,2021-10-12,147.61163330078125,149.76116943359375,147.61163330078125,149.10696411132812,130.9160614013672,503842
TRI.TO,2021-10-13,149.51194763183594,150.1453857421875,149.1692657470703,149.53271484375,131.2898712158203,228231
TRI.TO,2021-10-14,150.18692016601562,151.04881286621094,149.66770935058594,150.3946075439453,132.04664611816406,217542
TRI.TO,2021-10-15,150.5503692626953,150.7165069580078,149.57424926757812,149.66770935058594,131.40838623046875,260684
TRI.TO,2021-10-18,149.05503845214844,151.30841064453125,148.22430419921875,150.95535278320312,132.5389862060547,302671
TRI.TO,2021-10-19,151.19418334960938,151.9418487548828,150.8722686767578,151.19418334960938,132.74867248535156,189904
TRI.TO,2021-10-20,151.16302490234375,151.88992309570312,150.15576171875,151.069580078125,132.63925170898438,192696
TRI.TO,2021-10-21,150.9241943359375,153.30218505859375,150.9241943359375,152.37799072265625,133.7880096435547,221972
TRI.TO,2021-10-22,151.36033630371094,153.69677734375,151.34994506835938,152.72067260742188,134.0889129638672,328383
TRI.TO,2021-10-25,152.63758850097656,153.72793579101562,152.07684326171875,153.05296325683594,134.38067626953125,325687
TRI.TO,2021-10-26,153.30218505859375,153.6344757080078,152.3987579345703,152.42990112304688,133.83360290527344,286204
TRI.TO,2021-10-27,152.72067260742188,153.4371795654297,150.9864959716797,151.7445526123047,133.23190307617188,279174
TRI.TO,2021-10-28,151.42263793945312,153.7590789794922,151.37071228027344,152.48182678222656,133.8791961669922,263092
TRI.TO,2021-10-29,152.57528686523438,155.233642578125,152.0872344970703,154.58982849121094,135.7300567626953,621617
TRI.TO,2021-11-01,153.1360321044922,154.49636840820312,150.19729614257812,152.42990112304688,133.83360290527344,580785
TRI.TO,2021-11-02,155.86708068847656,157.3831787109375,151.76531982421875,151.95223999023438,133.41419982910156,461181
TRI.TO,2021-11-03,153.7902374267578,153.82139587402344,148.26583862304688,148.5565948486328,130.4328155517578,544962
TRI.TO,2021-11-04,148.8577423095703,155.20249938964844,148.8577423095703,153.86293029785156,135.091796875,605631
TRI.TO,2021-11-05,154.299072265625,155.1817169189453,152.4091339111328,152.5648956298828,133.95216369628906,353421
TRI.TO,2021-11-08,152.9283447265625,155.7424774169922,152.8660430908203,155.42056274414062,136.45941162109375,500664
TRI.TO,2021-11-09,155.42056274414062,155.99169921875,153.9356231689453,155.80477905273438,136.79676818847656,266558
TRI.TO,2021-11-10,155.06748962402344,156.7185821533203,154.64173889160156,156.17860412597656,137.125,220816
TRI.TO,2021-11-11,156.8639678955078,156.99896240234375,155.35826110839844,156.0020751953125,136.969970703125,135013
TRI.TO,2021-11-12,155.9397735595703,156.8743438720703,155.26480102539062,156.1578369140625,137.10670471191406,185378
TRI.TO,2021-11-15,156.2201385498047,156.93666076660156,155.97091674804688,156.3135986328125,137.2434844970703,222164
TRI.TO,2021-11-16,156.80166625976562,158.81619262695312,156.7082061767578,157.98545837402344,138.71139526367188,340998
TRI.TO,2021-11-17,157.89199829101562,157.9439239501953,156.5628204345703,157.76739501953125,138.98403930664062,273203
TRI.TO,2021-11-18,158.23468017578125,160.88265991210938,157.89199829101562,159.84423828125,140.81358337402344,334161
TRI.TO,2021-11-19,159.09657287597656,162.34683227539062,159.09657287597656,162.004150390625,142.71633911132812,362955
TRI.TO,2021-11-22,162.45066833496094,162.471435546875,159.61578369140625,159.8961639404297,140.85934448242188,286781
TRI.TO,2021-11-23,159.58462524414062,160.35305786132812,158.38006591796875,159.7923126220703,140.7678680419922,221683
TRI.TO,2021-11-24,159.39772033691406,160.19729614257812,158.3696746826172,160.17652893066406,141.10630798339844,293619
TRI.TO,2021-11-25,160.43614196777344,161.85877990722656,160.17652893066406,160.52960205078125,141.41737365722656,104486
TRI.TO,2021-11-26,159.87538146972656,161.45379638671875,158.75389099121094,160.2180633544922,141.1428985595703,288900
TRI.TO,2021-11-29,160.7684326171875,162.63758850097656,159.49118041992188,161.9937744140625,142.7071990966797,372970
TRI.TO,2021-11-30,161.9937744140625,161.9937744140625,158.26583862304688,158.72274780273438,139.82562255859375,1075286
TRI.TO,2021-12-01,160.07269287109375,161.93145751953125,158.19314575195312,158.2450714111328,139.40484619140625,372103
TRI.TO,2021-12-02,158.5254364013672,161.19418334960938,158.5254364013672,160.5503692626953,141.43563842773438,275803
TRI.TO,2021-12-03,160.75804138183594,160.8307342529297,157.08203125,158.5150604248047,139.64263916015625,304790
TRI.TO,2021-12-06,157.5908660888672,158.8265838623047,156.99896240234375,157.7881622314453,139.00230407714844,307101
TRI.TO,2021-12-07,158.29698181152344,160.02076721191406,158.29698181152344,159.36656188964844,140.3927764892578,287744
TRI.TO,2021-12-08,159.05503845214844,160.29075622558594,158.14122009277344,160.2595977783203,141.17950439453125,375089
TRI.TO,2021-12-09,160.5192108154297,161.11111450195312,158.99273681640625,159.03427124023438,140.10008239746094,236705
TRI.TO,2021-12-10,159.6053924560547,160.3011474609375,158.84735107421875,159.4496307373047,140.4659423828125,163132
TRI.TO,2021-12-13,159.2938690185547,160.8203582763672,158.88888549804688,159.47039794921875,140.48426818847656,444521
TRI.TO,2021-12-14,159.5950164794922,159.7507781982422,156.5212860107422,157.26895141601562,138.54489135742188,352747
TRI.TO,2021-12-15,157.41433715820312,158.11007690429688,156.72897338867188,157.0197296142578,138.32533264160156,488819
TRI.TO,2021-12-16,156.7705078125,157.41433715820312,154.89096069335938,155.233642578125,136.7519073486328,384141
TRI.TO,2021-12-17,152.48182678222656,155.7528533935547,152.48182678222656,153.7798614501953,135.47120666503906,1392980
TRI.TO,2021-12-20,153.06333923339844,154.68328857421875,152.62721252441406,154.0602264404297,135.71820068359375,421505
TRI.TO,2021-12-21,155.1401824951172,155.1401824951172,153.49948120117188,154.68328857421875,136.26712036132812,252017
TRI.TO,2021-12-22,154.56906127929688,155.57632446289062,153.5306396484375,155.4724884033203,136.9623260498047,180851
TRI.TO,2021-12-23,156.01246643066406,156.08514404296875,155.25440979003906,155.46209716796875,136.95318603515625,427957
TRI.TO,2021-12-24,155.545166015625,156.0955352783203,155.1713409423828,155.58670043945312,137.06295776367188,44876
TRI.TO,2021-12-29,158.12045288085938,158.66043090820312,156.93666076660156,157.684326171875,138.91087341308594,380963
TRI.TO,2021-12-30,158.07891845703125,158.2035369873047,156.9781951904297,157.09242248535156,138.38938903808594,135302
TRI.TO,2021-12-31,156.88473510742188,157.42471313476562,156.3655242919922,157.08203125,138.38023376464844,135590
TRI.TO,2022-01-04,156.29283142089844,156.29283142089844,152.95950317382812,153.1671905517578,134.93153381347656,365651
TRI.TO,2022-01-05,152.7102813720703,153.37486267089844,149.09657287597656,149.27310180664062,131.50103759765625,411779
TRI.TO,2022-01-06,148.463134765625,151.09034729003906,148.0893096923828,149.376953125,131.59251403808594,310086
TRI.TO,2022-01-07,149.376953125,149.376953125,147.61163330078125,148.04776000976562,130.4215850830078,359873
TRI.TO,2022-01-10,147.3831787109375,147.9023895263672,143.8525390625,146.1578369140625,128.75665283203125,650988
TRI.TO,2022-01-11,146.5212860107422,147.37278747558594,145.61785888671875,146.59397888183594,129.140869140625,356984
TRI.TO,2022-01-12,146.57321166992188,146.8328094482422,144.90135192871094,146.19937133789062,128.79324340820312,322124
TRI.TO,2022-01-13,145.76324462890625,146.3135986328125,143.82139587402344,144.0602264404297,126.90877532958984,342154
TRI.TO,2022-01-14,143.62408447265625,143.92523193359375,142.17030334472656,142.94911193847656,125.92997741699219,322316
TRI.TO,2022-01-17,142.72067260742188,143.6344757080078,142.62721252441406,142.73104858398438,125.73786163330078,120182
TRI.TO,2022-01-18,140.3634490966797,141.21495056152344,139.39772033691406,139.80270385742188,123.15818786621094,592630
TRI.TO,2022-01-19,139.66770935058594,140.8722686767578,138.79542541503906,139.4496307373047,122.84710693359375,361414
TRI.TO,2022-01-20,140.11422729492188,140.94496154785156,138.58775329589844,138.79542541503906,122.27079010009766,483041
TRI.TO,2022-01-21,138.59812927246094,138.9823455810547,137.41433715820312,138.4112091064453,121.93231964111328,546406
TRI.TO,2022-01-24,137.03012084960938,139.56385803222656,135.700927734375,139.56385803222656,122.94775390625,469655
TRI.TO,2022-01-25,138.4112091064453,138.72274780273438,136.29283142089844,137.50778198242188,121.13642120361328,397141
TRI.TO,2022-01-26,138.12045288085938,139.82347106933594,137.30010986328125,137.77777099609375,121.37432098388672,395408
TRI.TO,2022-01-27,138.8577423095703,138.8577423095703,136.58358764648438,136.72897338867188,120.45036315917969,405038
TRI.TO,2022-01-28,136.8224334716797,139.0238800048828,135.1401824951172,139.0238800048828,122.47205352783203,324820
TRI.TO,2022-01-31,138.9719696044922,142.03530883789062,137.9335479736328,141.70301818847656,124.83224487304688,418135
TRI.TO,2022-02-01,141.88992309570312,142.58566284179688,139.67808532714844,141.5991668701172,124.74072265625,353421
TRI.TO,2022-02-02,141.51609802246094,143.82139587402344,141.51609802246094,142.42990112304688,125.47254943847656,362473
TRI.TO,2022-02-03,141.0280303955078,142.22222900390625,139.76116943359375,140.0519256591797,123.37769317626953,277826
TRI.TO,2022-02-04,139.66770935058594,140.623046875,138.4112091064453,139.6988525390625,123.0666732788086,335220
TRI.TO,2022-02-07,139.19003295898438,140.0623016357422,137.96469116210938,138.2554473876953,121.79511260986328,349376
TRI.TO,2022-02-08,135.33749389648438,136.50051879882812,130.93458557128906,136.10592651367188,119.90149688720703,989675
TRI.TO,2022-02-09,139.53271484375,141.20457458496094,138.28660583496094,138.4112091064453,121.93231964111328,487471
TRI.TO,2022-02-10,137.4870147705078,139.14849853515625,136.30322265625,137.77777099609375,121.37432098388672,540436
TRI.TO,2022-02-11,138.2554473876953,138.5150604248047,135.71131896972656,136.2201385498047,120.00212860107422,247010
TRI.TO,2022-02-14,136.11630249023438,136.11630249023438,134.01869201660156,134.5586700439453,118.53848266601562,374511
TRI.TO,2022-02-15,135.26480102539062,137.15472412109375,134.91172790527344,135.43093872070312,119.306884765625,378748
TRI.TO,2022-02-16,134.9844207763672,135.88784790039062,133.41641235351562,135.05711364746094,118.97754669189453,384044
TRI.TO,2022-02-17,134.7767333984375,135.21287536621094,132.49221801757812,132.87643432617188,117.0564956665039,419001
TRI.TO,2022-02-18,132.4091339111328,133.6344757080078,131.5991668701172,132.7102813720703,116.91012573242188,404267
TRI.TO,2022-02-22,132.22222900390625,133.4787139892578,130.913818359375,131.61993408203125,115.9495849609375,641840
TRI.TO,2022-02-23,131.19418334960938,131.72378540039062,129.80270385742188,130.2076873779297,115.22183227539062,389437
TRI.TO,2022-02-24,128.463134765625,133.69677734375,127.80892944335938,133.49948120117188,118.13475799560547,792356
TRI.TO,2022-02-25,133.96676635742188,134.17445373535156,131.9937744140625,133.37486267089844,118.02447509765625,277344
TRI.TO,2022-02-28,132.5129852294922,133.2917938232422,131.4849395751953,133.0841064453125,117.76720428466797,689604
TRI.TO,2022-03-01,133.0218048095703,135.233642578125,132.95950317382812,134.93251037597656,119.40287017822266,374896
TRI.TO,2022-03-02,135.1817169189453,136.74974060058594,134.2159881591797,136.23052978515625,120.55147552490234,376822
TRI.TO,2022-03-03,136.90550231933594,138.12045288085938,135.99169921875,137.21702575683594,121.42443084716797,319523
TRI.TO,2022-03-04,138.618896484375,140.77880859375,137.15472412109375,140.34268188476562,124.19037628173828,318368
TRI.TO,2022-03-07,140.5607452392578,141.12149047851562,138.9719696044922,139.7819366455078,123.69416809082031,359777
TRI.TO,2022-03-08,139.39772033691406,140.1038360595703,136.47975158691406,137.09242248535156,121.314208984375,414957
TRI.TO,2022-03-09,137.82969665527344,139.76116943359375,137.40394592285156,139.14849853515625,123.13362121582031,286204
TRI.TO,2022-03-10,137.70509338378906,138.06854248046875,135.43093872070312,136.99896240234375,121.23147583007812,303827
TRI.TO,2022-03-11,137.9127655029297,139.53271484375,136.9781951904297,137.05088806152344,121.27742767333984,400415
TRI.TO,2022-03-14,136.99896240234375,138.11007690429688,135.36863708496094,136.54205322265625,120.82715606689453,233528
TRI.TO,2022-03-15,136.96780395507812,138.01661682128906,135.389404296875,136.38629150390625,120.68933868408203,405327
TRI.TO,2022-03-16,136.60435485839844,138.03738403320312,135.5970916748047,137.24818420410156,121.4520034790039,438358
TRI.TO,2022-03-17,137.7466278076172,140.77880859375,136.95742797851562,140.19729614257812,124.06172943115234,264825
TRI.TO,2022-03-18,140.69573974609375,142.32606506347656,139.6884765625,142.159912109375,125.79843139648438,1671575
TRI.TO,2022-03-21,141.20457458496094,141.20457458496094,139.4496307373047,140.85150146484375,124.64063262939453,227942
TRI.TO,2022-03-22,140.73727416992188,141.0799560546875,139.04464721679688,139.3354034423828,123.29901123046875,309701
TRI.TO,2022-03-23,139.1381072998047,139.88577270507812,137.80892944335938,137.87123107910156,122.00335693359375,253269
TRI.TO,2022-03-24,137.66354370117188,138.27621459960938,136.63551330566406,138.0581512451172,122.16875457763672,620268
TRI.TO,2022-03-25,138.5150604248047,138.5150604248047,136.5524444580078,137.10279846191406,121.32337188720703,279848
TRI.TO,2022-03-28,137.20664978027344,139.86500549316406,136.92626953125,139.64694213867188,123.57470703125,322701
TRI.TO,2022-03-29,140.44651794433594,141.51609802246094,139.6053924560547,140.1453857421875,124.0157699584961,287070
TRI.TO,2022-03-30,139.73001098632812,142.0664520263672,139.3250274658203,141.2876434326172,125.0265884399414,314227
TRI.TO,2022-03-31,142.28453063964844,142.99066162109375,140.94496154785156,140.94496154785156,124.72332000732422,496041
TRI.TO,2022-04-01,141.11111450195312,141.536865234375,139.80270385742188,140.34268188476562,124.19037628173828,306041
TRI.TO,2022-04-04,140.2595977783203,141.51609802246094,140.0519256591797,140.8722686767578,124.65901184082031,209645
TRI.TO,2022-04-05,140.89303588867188,142.20144653320312,139.82347106933594,141.45379638671875,125.1736068725586,408408
TRI.TO,2022-04-06,140.46728515625,140.95535278320312,138.9200439453125,140.7165069580078,124.52117156982422,254232
TRI.TO,2022-04-07,140.26998901367188,142.3987579345703,140.26998901367188,142.13914489746094,125.78004455566406,271181
TRI.TO,2022-04-08,142.0872344970703,142.91796875,141.7964630126953,141.9937744140625,125.65142059326172,241424
TRI.TO,2022-04-11,141.4330291748047,142.03530883789062,140.3011474609375,141.18380737304688,124.93467712402344,162362
TRI.TO,2022-04-12,141.3188018798828,141.7445526123047,139.0238800048828,139.2315673828125,123.2071304321289,237380
TRI.TO,2022-04-13,140.01039123535156,142.6064453125,139.52232360839844,142.159912109375,125.79843139648438,305175
TRI.TO,2022-04-14,142.62721252441406,142.64797973632812,139.30426025390625,139.4496307373047,123.40010070800781,225824
TRI.TO,2022-04-18,139.25233459472656,139.3873291015625,137.82969665527344,138.17237854003906,122.26986694335938,193659
TRI.TO,2022-04-19,138.01661682128906,139.4496307373047,137.4454803466797,139.42886352539062,123.3817367553711,174496
TRI.TO,2022-04-20,139.6988525390625,139.6988525390625,138.0996856689453,138.74351501464844,122.7752456665039,250862
TRI.TO,2022-04-21,139.04464721679688,139.0758056640625,136.26168823242188,136.81204223632812,121.06608581542969,229772
TRI.TO,2022-04-22,136.8743438720703,137.82969665527344,135.233642578125,135.233642578125,119.6693344116211,262129
TRI.TO,2022-04-25,135.00518798828125,137.2274169921875,134.8286590576172,137.0197296142578,121.24986267089844,303056
TRI.TO,2022-04-26,136.64590454101562,137.54933166503906,133.71754455566406,133.8421630859375,118.4380111694336,361125
TRI.TO,2022-04-27,133.86293029785156,136.59397888183594,133.41641235351562,135.5970916748047,119.99095916748047,384237
TRI.TO,2022-04-28,136.27206420898438,137.57009887695312,136.07476806640625,136.84320068359375,121.0936508178711,219564
TRI.TO,2022-04-29,135.65939331054688,136.26168823242188,133.04257202148438,133.37486267089844,118.02447509765625,369599
TRI.TO,2022-05-02,133.45794677734375,134.3613739013672,131.4849395751953,133.10487365722656,117.78556060791016,396467
TRI.TO,2022-05-03,133.09449768066406,134.39251708984375,132.01454162597656,132.0560760498047,116.85749053955078,410527
TRI.TO,2022-05-04,132.19107055664062,132.23260498046875,126.44860076904297,129.06541442871094,114.21101379394531,580304
TRI.TO,2022-05-05,127.95430755615234,128.06854248046875,124.97403717041016,126.14745330810547,111.6288833618164,461855
TRI.TO,2022-05-06,125.82554626464844,127.01972961425781,124.39252471923828,126.29283142089844,111.75753021240234,365555
TRI.TO,2022-05-09,125.62824249267578,129.30426025390625,125.44132995605469,127.27933502197266,112.6304931640625,536969
TRI.TO,2022-05-10,128.39044189453125,129.1381072998047,125.08826446533203,126.71858978271484,112.13430786132812,438935
TRI.TO,2022-05-11,126.62512969970703,127.24818420410156,124.63136291503906,124.97403717041016,110.59054565429688,531961
TRI.TO,2022-05-12,123.83177947998047,126.54205322265625,123.81100463867188,125.91900634765625,111.42675018310547,364014
TRI.TO,2022-05-13,126.84320068359375,129.2834930419922,126.40705871582031,127.23780059814453,112.59375762939453,345813
TRI.TO,2022-05-16,126.74974060058594,128.4527587890625,126.53166961669922,127.86085510253906,113.14509582519531,249995
TRI.TO,2022-05-17,129.05503845214844,129.4496307373047,127.77777862548828,128.72274780273438,113.90779876708984,284278
TRI.TO,2022-05-18,127.52855682373047,128.4008331298828,126.30322265625,126.81204223632812,112.21699523925781,385200
TRI.TO,2022-05-19,126.34475708007812,127.75701141357422,125.2024917602539,127.21703338623047,112.57537841796875,325013
TRI.TO,2022-05-20,127.82969665527344,128.95118713378906,126.91588592529297,128.9200439453125,114.0823745727539,247106
TRI.TO,2022-05-24,128.80581665039062,129.376953125,128.29698181152344,128.44236755371094,113.65967559814453,246239
TRI.TO,2022-05-25,127.59085845947266,128.26583862304688,125.96054077148438,126.87435150146484,112.79190063476562,337917
TRI.TO,2022-05-26,127.40394592285156,129.6988525390625,127.07164764404297,129.10696411132812,114.77670288085938,414379
TRI.TO,2022-05-27,129.73001098632812,130.8722686767578,129.24195861816406,130.41537475585938,115.93988800048828,279752
TRI.TO,2022-05-30,131.49533081054688,131.49533081054688,130.13499450683594,130.47767639160156,115.99527740478516,92737
TRI.TO,2022-05-31,129.086181640625,131.05918884277344,128.29698181152344,130.0,115.57064819335938,882686
TRI.TO,2022-06-01,129.97923278808594,130.3115234375,128.78504943847656,129.03427124023438,114.71206665039062,282063
TRI.TO,2022-06-02,129.06541442871094,131.61993408203125,128.95118713378906,131.56802368164062,116.96459197998047,238920
TRI.TO,2022-06-03,130.6126708984375,131.40187072753906,130.04153442382812,130.5607452392578,116.06912231445312,264440
TRI.TO,2022-06-06,130.85150146484375,132.34683227539062,130.52960205078125,130.60227966308594,116.10607147216797,302478
TRI.TO,2022-06-07,130.59190368652344,131.05918884277344,129.2834930419922,130.3946075439453,115.92144775390625,320101
TRI.TO,2022-06-08,129.87538146972656,129.88577270507812,128.9823455810547,129.1796417236328,114.84132385253906,319812
TRI.TO,2022-06-09,129.65731811523438,132.1495361328125,129.65731811523438,130.99688720703125,116.45685577392578,392423
TRI.TO,2022-06-10,129.7404022216797,130.68536376953125,128.19314575195312,129.5950164794922,115.21060180664062,352169
TRI.TO,2022-06-13,126.34475708007812,129.7507781982422,126.34475708007812,128.96157836914062,114.6474609375,600238
TRI.TO,2022-06-14,130.35305786132812,131.41224670410156,128.79542541503906,130.60227966308594,116.10607147216797,772519
TRI.TO,2022-06-15,131.46417236328125,132.6064453125,130.49844360351562,131.2980194091797,116.72459411621094,636832
TRI.TO,2022-06-16,130.44651794433594,131.30841064453125,128.99273681640625,129.53271484375,115.15521240234375,394734
TRI.TO,2022-06-17,130.623046875,135.0259552001953,129.6988525390625,133.35409545898438,118.55242156982422,1308813
TRI.TO,2022-06-20,134.11215209960938,134.66250610351562,132.73104858398438,133.7487030029297,118.90325164794922,231120
TRI.TO,2022-06-21,133.72793579101562,135.6282501220703,132.95950317382812,134.03945922851562,119.1617202758789,453092
TRI.TO,2022-06-22,133.7590789794922,136.41744995117188,133.541015625,134.93251037597656,119.95565795898438,403304
TRI.TO,2022-06-23,135.700927734375,137.79855346679688,134.83905029296875,137.6947021484375,122.41124725341797,424683
TRI.TO,2022-06-24,138.32814025878906,140.0934600830078,138.307373046875,139.34579467773438,123.87907409667969,557288
TRI.TO,2022-06-27,139.71961975097656,141.09034729003906,138.2035369873047,139.53271484375,124.04525756835938,478033
TRI.TO,2022-06-28,139.7923126220703,139.92730712890625,135.34786987304688,135.3790283203125,120.35259246826172,437780
TRI.TO,2022-06-29,135.4413299560547,137.4454803466797,135.1298065185547,137.24818420410156,122.0142822265625,363051
TRI.TO,2022-06-30,136.2512969970703,139.55348205566406,136.2512969970703,139.34579467773438,123.87907409667969,534080
TRI.TO,2022-07-04,139.4807891845703,139.7404022216797,136.44859313964844,137.19625854492188,121.96813201904297,292752
TRI.TO,2022-07-05,137.2274169921875,140.73727416992188,137.2274169921875,140.623046875,125.01454162597656,435276
TRI.TO,2022-07-06,140.7684326171875,142.59605407714844,139.21080017089844,142.01454162597656,126.25160217285156,629032
TRI.TO,2022-07-07,140.79959106445312,142.9802703857422,140.43614196777344,142.6687469482422,126.83319091796875,334450
TRI.TO,2022-07-08,141.85877990722656,143.55140686035156,141.85877990722656,143.27102661132812,127.36860656738281,220623
TRI.TO,2022-07-11,143.1671905517578,144.6209716796875,142.65835571289062,142.95950317382812,127.09169006347656,340517
TRI.TO,2022-07-12,142.9802703857422,144.33021545410156,141.6303253173828,142.2533721923828,126.46394348144531,472737
TRI.TO,2022-07-13,141.15264892578125,142.20144653320312,140.49844360351562,141.33956909179688,125.65156555175781,360932
TRI.TO,2022-07-14,141.10072326660156,144.4652099609375,141.10072326660156,142.89720153808594,127.03630828857422,541495
TRI.TO,2022-07-15,143.31256103515625,144.8182830810547,143.31256103515625,143.97715759277344,127.99636840820312,549969
TRI.TO,2022-07-18,144.01869201660156,144.16407775878906,140.99688720703125,141.40187072753906,125.70696258544922,463010
TRI.TO,2022-07-19,142.2118377685547,143.26065063476562,141.1734161376953,142.89720153808594,127.03630828857422,360547
TRI.TO,2022-07-20,143.1360321044922,144.33021545410156,142.88681030273438,142.9283447265625,127.06397247314453,264632
TRI.TO,2022-07-21,143.30218505859375,145.81515502929688,142.20144653320312,145.65939331054688,129.49188232421875,341095
TRI.TO,2022-07-22,145.9397735595703,146.32398986816406,144.766357421875,145.4828643798828,129.33497619628906,231602
TRI.TO,2022-07-25,144.6728973388672,145.6282501220703,144.1017608642578,144.84942626953125,128.7718505859375,167081
TRI.TO,2022-07-26,144.42367553710938,146.01246643066406,144.18484497070312,145.545166015625,129.3903350830078,188363
TRI.TO,2022-07-27,145.8982391357422,147.62200927734375,145.72171020507812,147.12356567382812,130.79354858398438,369311
TRI.TO,2022-07-28,146.92626953125,149.53271484375,146.49012756347656,148.66043090820312,132.1598358154297,325494
TRI.TO,2022-07-29,148.83697509765625,150.6749725341797,148.62928771972656,149.31463623046875,132.741455078125,347836
TRI.TO,2022-08-02,148.2139129638672,149.3873291015625,147.88162231445312,148.4008331298828,131.9290771484375,281966
TRI.TO,2022-08-03,148.50466918945312,149.80270385742188,148.17237854003906,148.27621459960938,131.81826782226562,327420
TRI.TO,2022-08-04,148.2554473876953,154.60020446777344,148.07891845703125,154.299072265625,137.17262268066406,640299
TRI.TO,2022-08-05,153.9044647216797,155.545166015625,150.80996704101562,153.1775665283203,136.1755828857422,380674
TRI.TO,2022-08-08,153.04257202148438,154.0602264404297,151.8380126953125,152.75181579589844,135.79710388183594,311338
TRI.TO,2022-08-09,152.74143981933594,153.50987243652344,151.66146850585938,152.4091339111328,135.49244689941406,423239
TRI.TO,2022-08-10,153.88369750976562,153.9459991455078,151.9003143310547,153.18795776367188,136.18482971191406,270796
TRI.TO,2022-08-11,153.35409545898438,153.95639038085938,152.64797973632812,153.10487365722656,136.11099243164062,403497
TRI.TO,2022-08-12,153.52024841308594,154.8286590576172,153.4787139892578,154.5275115966797,137.3756866455078,240269
TRI.TO,2022-08-15,155.76324462890625,156.90550231933594,155.4517059326172,155.7840118408203,138.4927520751953,391363
TRI.TO,2022-08-16,154.95327758789062,156.8743438720703,154.95327758789062,155.76324462890625,138.47427368164062,528206
TRI.TO,2022-08-17,154.69366455078125,156.6666717529297,154.69366455078125,155.6282501220703,138.8838348388672,311627
TRI.TO,2022-08-18,155.60748291015625,156.73934936523438,155.4413299560547,155.77362060546875,139.01361083984375,247010
TRI.TO,2022-08-19,155.7424774169922,156.64590454101562,155.41017150878906,156.07476806640625,139.28236389160156,426802
TRI.TO,2022-08-22,155.15057373046875,156.54205322265625,155.0155792236328,155.56593322753906,138.82821655273438,331657
TRI.TO,2022-08-23,154.69366455078125,154.69366455078125,152.13914489746094,152.81411743164062,136.37252807617188,256158
TRI.TO,2022-08-24,153.4890899658203,154.13291931152344,152.3987579345703,152.4610595703125,136.05743408203125,259817
TRI.TO,2022-08-25,152.94911193847656,152.94911193847656,151.66146850585938,152.5129852294922,136.1038055419922,244602
TRI.TO,2022-08-26,152.33645629882812,152.5129852294922,149.3354034423828,149.81307983398438,133.69436645507812,314227
TRI.TO,2022-08-29,148.83697509765625,150.2076873779297,148.83697509765625,149.15887451171875,133.11056518554688,306138
TRI.TO,2022-08-30,149.76116943359375,150.94496154785156,149.24195861816406,149.51194763183594,133.42562866210938,443173
TRI.TO,2022-08-31,150.2076873779297,151.0799560546875,149.04464721679688,150.17652893066406,134.0187225341797,997379
TRI.TO,2022-09-01,149.97923278808594,150.85150146484375,148.78504943847656,150.6749725341797,134.4635467529297,342250
TRI.TO,2022-09-02,150.9241943359375,151.72378540039062,148.6085205078125,149.0135040283203,132.98080444335938,350532
TRI.TO,2022-09-06,148.27621459960938,151.5472412109375,148.23468017578125,150.90342712402344,134.6674041748047,359488
TRI.TO,2022-09-07,151.5991668701172,152.12876892089844,150.7061309814453,151.82762145996094,135.49215698242188,299397
TRI.TO,2022-09-08,151.65109252929688,153.00103759765625,151.09034729003906,152.32606506347656,135.93699645996094,257121
TRI.TO,2022-09-09,152.90757751464844,153.58255004882812,152.2118377685547,152.95950317382812,136.5022430419922,382118
TRI.TO,2022-09-12,153.3229522705078,155.11941528320312,153.3229522705078,154.8598175048828,138.19808959960938,314131
TRI.TO,2022-09-13,153.6344757080078,154.7040557861328,153.2398681640625,153.6344757080078,137.10462951660156,281389
TRI.TO,2022-09-14,153.62408447265625,154.7040557861328,153.06333923339844,153.39564514160156,136.89146423339844,329250
TRI.TO,2022-09-15,153.52024841308594,154.07061767578125,152.34683227539062,153.5306396484375,137.01193237304688,365940
TRI.TO,2022-09-16,152.65835571289062,152.95950317382812,151.45379638671875,152.5233612060547,136.113037109375,1017024
TRI.TO,2022-09-19,152.4091339111328,153.56178283691406,151.9003143310547,153.37486267089844,136.87294006347656,285626
TRI.TO,2022-09-20,153.2917938232422,153.31256103515625,150.5503692626953,151.68223571777344,135.36241149902344,260684
TRI.TO,2022-09-21,151.57839965820312,153.45794677734375,150.9241943359375,150.93458557128906,134.69520568847656,347065
TRI.TO,2022-09-22,150.41537475585938,150.6126708984375,146.60435485839844,147.2897186279297,131.44248962402344,342443
TRI.TO,2022-09-23,146.94703674316406,148.7642822265625,146.32398986816406,147.4454803466797,131.58151245117188,486122
TRI.TO,2022-09-26,147.37278747558594,148.34890747070312,147.37278747558594,147.70509338378906,131.81317138671875,269640
TRI.TO,2022-09-27,148.14122009277344,149.1796417236328,147.06126403808594,147.15472412109375,131.32203674316406,422564
TRI.TO,2022-09-28,147.45587158203125,148.95118713378906,146.13706970214844,148.38006591796875,132.41552734375,386548
TRI.TO,2022-09-29,148.38006591796875,148.38006591796875,147.21702575683594,147.5389404296875,131.66494750976562,328479
TRI.TO,2022-09-30,147.80892944335938,149.5950164794922,147.1339569091797,147.24818420410156,131.4054412841797,352747
TRI.TO,2022-10-03,147.30010986328125,148.72274780273438,146.3655242919922,147.82969665527344,131.92442321777344,348510
TRI.TO,2022-10-04,149.53271484375,151.98338317871094,149.2834930419922,150.41537475585938,134.2318572998047,380192
TRI.TO,2022-10-05,150.29075622558594,152.2533721923828,150.01039123535156,151.03842163085938,134.78785705566406,325205
TRI.TO,2022-10-06,151.536865234375,151.6303253173828,149.05503845214844,149.42886352539062,133.35150146484375,356310
TRI.TO,2022-10-07,148.5565948486328,148.5565948486328,145.05711364746094,145.55555725097656,129.89492797851562,392904
TRI.TO,2022-10-11,144.63136291503906,145.61785888671875,144.2159881591797,144.47560119628906,128.93116760253906,310568
TRI.TO,2022-10-12,144.60020446777344,145.35826110839844,143.04257202148438,143.14642333984375,127.7449951171875,341191
TRI.TO,2022-10-13,141.70301818847656,145.99169921875,141.24610900878906,145.76324462890625,130.08026123046875,296123
TRI.TO,2022-10-14,146.61474609375,147.40394592285156,142.5129852294922,142.73104858398438,127.37431335449219,356503
TRI.TO,2022-10-17,143.61370849609375,146.99896240234375,143.27102661132812,146.41744995117188,130.6640625,296700
TRI.TO,2022-10-18,148.26583862304688,148.73312377929688,146.2097625732422,146.88473510742188,131.0811004638672,224283
TRI.TO,2022-10-19,146.54205322265625,146.7601318359375,145.4413299560547,145.68016052246094,130.00611877441406,361029
TRI.TO,2022-10-20,145.3790283203125,145.6905517578125,143.98753356933594,144.4029083251953,128.8662872314453,268003
TRI.TO,2022-10-21,144.5586700439453,145.5347900390625,143.21910095214844,145.1817169189453,129.5613250732422,294197
TRI.TO,2022-10-24,146.12669372558594,147.19625854492188,145.43093872070312,145.7840118408203,130.0988006591797,365459
TRI.TO,2022-10-25,145.97091674804688,148.2035369873047,145.700927734375,147.995849609375,132.0726776123047,292559
TRI.TO,2022-10-26,147.72586059570312,150.3115234375,147.4870147705078,147.6947021484375,131.80389404296875,329828
TRI.TO,2022-10-27,148.0996856689453,149.26272583007812,147.4351043701172,148.5669708251953,132.58233642578125,348413
TRI.TO,2022-10-28,148.80581665039062,152.004150390625,148.47352600097656,151.5991668701172,135.28829956054688,236031
TRI.TO,2022-10-31,151.55763244628906,151.61993408203125,149.83384704589844,150.4569091796875,134.26893615722656,582808
TRI.TO,2022-11-01,152.0560760498047,152.0560760498047,144.7767333984375,145.6905517578125,130.015380859375,692686
TRI.TO,2022-11-02,145.26480102539062,147.1651153564453,142.18067932128906,145.50363159179688,129.84860229492188,705301
TRI.TO,2022-11-03,145.00518798828125,148.07891845703125,144.93251037597656,147.4766387939453,131.6093292236328,409275
TRI.TO,2022-11-04,148.0893096923828,148.1619873046875,146.29283142089844,146.9158935546875,131.10887145996094,598890
TRI.TO,2022-11-07,147.46624755859375,148.31776428222656,146.78089904785156,147.66354370117188,131.77610778808594,356599
TRI.TO,2022-11-08,148.43197631835938,149.6053924560547,147.77777099609375,149.11734008789062,133.07350158691406,257506
TRI.TO,2022-11-09,149.26272583007812,149.65731811523438,148.0893096923828,149.2938690185547,133.23101806640625,301323
TRI.TO,2022-11-10,152.315673828125,153.67601013183594,151.225341796875,152.64797973632812,136.2242431640625,389437
TRI.TO,2022-11-11,152.49221801757812,153.1256561279297,150.90342712402344,151.3291778564453,135.04737854003906,388859
TRI.TO,2022-11-14,151.40187072753906,152.2533721923828,150.623046875,150.8307342529297,134.6025390625,495849
TRI.TO,2022-11-15,151.80685424804688,153.6033172607422,151.80685424804688,152.6791229248047,136.25204467773438,331079
TRI.TO,2022-11-16,152.20144653320312,156.03323364257812,152.04568481445312,155.6282501220703,139.4443359375,404364
TRI.TO,2022-11-17,155.09864807128906,155.24403381347656,154.18484497070312,154.7144317626953,138.62559509277344,275996
TRI.TO,2022-11-18,155.77362060546875,158.06854248046875,155.77362060546875,157.7881622314453,141.3796844482422,294485
TRI.TO,2022-11-21,158.06854248046875,159.30426025390625,158.06854248046875,158.75389099121094,142.24496459960938,393963
TRI.TO,2022-11-22,159.20040893554688,160.23883056640625,158.463134765625,159.9480743408203,143.31497192382812,264151
TRI.TO,2022-11-23,160.3946075439453,161.692626953125,160.1453857421875,160.2595977783203,143.59413146972656,478322
TRI.TO,2022-11-24,160.5503692626953,162.0976104736328,160.5503692626953,161.33956909179688,144.561767578125,140117
TRI.TO,2022-11-25,161.30841064453125,162.42990112304688,160.96572875976562,161.50570678710938,144.71063232421875,225920
TRI.TO,2022-11-28,161.381103515625,163.31256103515625,161.381103515625,162.80374145507812,145.87367248535156,424779
TRI.TO,2022-11-29,162.93873596191406,162.93873596191406,158.3696746826172,160.12461853027344,143.47314453125,617572
TRI.TO,2022-11-30,159.50155639648438,164.66250610351562,158.930419921875,164.47560119628906,147.37168884277344,1687465
TRI.TO,2022-12-01,162.6064453125,164.28868103027344,161.71339416503906,163.6033172607422,146.590087890625,403786
TRI.TO,2022-12-02,162.94911193847656,165.73208618164062,162.75181579589844,164.7767333984375,147.64149475097656,432098
TRI.TO,2022-12-05,164.39251708984375,165.05711364746094,162.9283447265625,164.78712463378906,147.6508026123047,451743
TRI.TO,2022-12-06,164.79750061035156,165.0259552001953,160.79959106445312,161.86915588378906,145.03627014160156,492575
TRI.TO,2022-12-07,161.5887908935547,163.9356231689453,161.5887908935547,163.06333923339844,146.10626220703125,375377
TRI.TO,2022-12-08,163.04257202148438,163.04257202148438,161.25648498535156,162.3987579345703,145.51083374023438,445002
TRI.TO,2022-12-09,162.6687469482422,164.0602264404297,162.6687469482422,162.94911193847656,146.00392150878906,263188
TRI.TO,2022-12-12,163.61370849609375,164.89096069335938,163.2398681640625,163.65524291992188,146.63665771484375,374222
TRI.TO,2022-12-13,165.61785888671875,165.96054077148438,163.3229522705078,164.07061767578125,147.00881958007812,396563
TRI.TO,2022-12-14,164.2056121826172,165.61785888671875,163.05296325683594,163.7902374267578,146.75758361816406,327613
TRI.TO,2022-12-15,162.95950317382812,163.6864013671875,160.8722686767578,161.70301818847656,144.88743591308594,344754
TRI.TO,2022-12-16,160.89303588867188,161.98338317871094,160.49844360351562,161.73416137695312,144.9153289794922,928910
TRI.TO,2022-12-19,161.4745635986328,161.4745635986328,158.0996856689453,158.463134765625,141.98446655273438,317020
TRI.TO,2022-12-20,158.27621459960938,158.99273681640625,156.8224334716797,158.0581512451172,141.62159729003906,381252
TRI.TO,2022-12-21,158.49429321289062,160.17652893066406,157.684326171875,158.6811981201172,142.17987060546875,280329
TRI.TO,2022-12-22,158.31776428222656,159.6261749267578,158.23468017578125,158.6708221435547,142.17056274414062,242387
TRI.TO,2022-12-23,158.48390197753906,160.2180633544922,157.67393493652344,159.9376983642578,143.3056640625,194911
TRI.TO,2022-12-28,159.58462524414062,161.1734161376953,158.83697509765625,158.90965270996094,142.38453674316406,197222
TRI.TO,2022-12-29,159.4496307373047,160.84112548828125,159.40809631347656,160.68536376953125,143.97560119628906,191252
TRI.TO,2022-12-30,159.8546142578125,160.85150146484375,159.6261749267578,160.3946075439453,143.71510314941406,312590
TRI.TO,2023-01-03,161.37071228027344,164.27828979492188,161.37071228027344,163.72793579101562,146.7017822265625,342347
TRI.TO,2023-01-04,164.5482940673828,166.1474609375,163.6864013671875,165.09864807128906,147.929931640625,549680
TRI.TO,2023-01-05,165.09864807128906,165.09864807128906,161.49533081054688,161.848388671875,145.01766967773438,441536
TRI.TO,2023-01-06,162.33645629882812,163.70716857910156,161.56802368164062,162.91796875,145.9759979248047,409275
TRI.TO,2023-01-09,162.62721252441406,163.21910095214844,161.26687622070312,161.5472412109375,144.7478790283203,334354
TRI.TO,2023-01-10,160.95535278320312,162.07684326171875,160.43614196777344,161.37071228027344,144.58966064453125,325976
TRI.TO,2023-01-11,161.93145751953125,163.67601013183594,161.9106903076172,162.80374145507812,145.87367248535156,388667
TRI.TO,2023-01-12,162.78297424316406,162.78297424316406,160.47767639160156,161.7964630126953,144.97117614746094,324435
TRI.TO,2023-01-13,161.51609802246094,164.1017608642578,161.51609802246094,163.83177185058594,146.79481506347656,372296
TRI.TO,2023-01-16,163.6864013671875,165.11941528320312,162.6168212890625,164.44444274902344,147.3437957763672,99863
TRI.TO,2023-01-17,165.10903930664062,166.60435485839844,164.299072265625,164.4029083251953,147.30654907226562,328479
TRI.TO,2023-01-18,164.5586700439453,165.52439880371094,163.88369750976562,164.2056121826172,147.12979125976562,299397
TRI.TO,2023-01-19,164.03945922851562,165.4828643798828,163.57217407226562,163.6344757080078,146.6180419921875,315768
TRI.TO,2023-01-20,163.64486694335938,164.17445373535156,163.14642333984375,163.92523193359375,146.87855529785156,296893
TRI.TO,2023-01-23,163.6864013671875,164.922119140625,162.91796875,163.11526489257812,146.15281677246094,280233
TRI.TO,2023-01-24,162.9802703857422,165.49325561523438,162.5129852294922,164.1017608642578,147.03671264648438,428150
TRI.TO,2023-01-25,163.26065063476562,163.98753356933594,162.38836669921875,163.73831176757812,146.71107482910156,249224
TRI.TO,2023-01-26,163.86293029785156,165.5347900390625,163.5306396484375,163.86293029785156,146.82273864746094,250765
TRI.TO,2023-01-27,163.65524291992188,163.92523193359375,162.59605407714844,163.26065063476562,146.2830810546875,229772
TRI.TO,2023-01-30,163.2294921875,164.8286590576172,163.21910095214844,163.7798614501953,146.74832153320312,283507
TRI.TO,2023-01-31,163.73831176757812,165.16094970703125,163.39564514160156,164.3613739013672,147.2693634033203,390111
TRI.TO,2023-02-01,164.03945922851562,166.7601318359375,164.03945922851562,166.1474609375,148.86968994140625,338013
TRI.TO,2023-02-02,166.8743438720703,168.5669708251953,166.19937133789062,167.49740600585938,150.0792694091797,337146
TRI.TO,2023-02-03,166.7185821533203,168.774658203125,166.7185821533203,167.05088806152344,149.67916870117188,411971
TRI.TO,2023-02-06,165.98130798339844,167.51817321777344,165.35826110839844,165.39979553222656,148.1997528076172,269929
TRI.TO,2023-02-07,164.5171356201172,164.64173889160156,163.2294921875,164.0602264404297,146.99949645996094,285144
TRI.TO,2023-02-08,163.7902374267578,164.5171356201172,162.89720153808594,163.7798614501953,146.74832153320312,442210
TRI.TO,2023-02-09,162.7725830078125,163.03219604492188,157.6947021484375,160.75804138183594,144.0407257080078,746229
TRI.TO,2023-02-10,161.42263793945312,167.54933166503906,160.90342712402344,167.00933837890625,149.64193725585938,537065
TRI.TO,2023-02-13,167.9127655029297,171.56802368164062,167.79855346679688,169.91693115234375,152.2471923828125,358236
TRI.TO,2023-02-14,170.84112548828125,172.59605407714844,170.2076873779297,172.004150390625,154.11732482910156,443076
TRI.TO,2023-02-15,172.19107055664062,174.33021545410156,172.19107055664062,174.18484497070312,156.07127380371094,376822
TRI.TO,2023-02-16,171.33956909179688,173.82139587402344,171.33956909179688,173.11526489257812,155.11293029785156,317886
TRI.TO,2023-02-17,173.34371948242188,173.87330627441406,172.11837768554688,172.4091339111328,154.48020935058594,235357
TRI.TO,2023-02-21,171.7860870361328,173.1256561279297,171.536865234375,171.7964630126953,153.9312286376953,320390
TRI.TO,2023-02-22,171.0176544189453,172.07684326171875,169.67808532714844,171.26687622070312,154.07420349121094,310856
TRI.TO,2023-02-23,172.3675994873047,172.54412841796875,171.069580078125,171.45379638671875,154.24232482910156,401764
TRI.TO,2023-02-24,171.82762145996094,171.82762145996094,170.2076873779297,171.72378540039062,154.4852294921875,306716
TRI.TO,2023-02-27,172.2533721923828,173.55140686035156,171.4434051513672,171.4849395751953,154.27037048339844,188074
TRI.TO,2023-02-28,169.3250274658203,171.77569580078125,168.80581665039062,171.60955810546875,154.38247680664062,516361
TRI.TO,2023-03-01,171.3291778564453,172.91796875,170.6749725341797,170.74766540527344,153.6071014404297,460796
TRI.TO,2023-03-02,170.38421630859375,171.5991668701172,170.38421630859375,171.1734161376953,153.99012756347656,199630
TRI.TO,2023-03-03,171.80685424804688,172.471435546875,170.58151245117188,171.09034729003906,153.91537475585938,198667
TRI.TO,2023-03-06,171.1318817138672,172.53375244140625,171.12149047851562,172.18067932128906,154.896240234375,187304
TRI.TO,2023-03-07,172.85565185546875,174.94288635253906,172.85565185546875,174.2056121826172,156.71792602539062,340517
TRI.TO,2023-03-08,177.6947021484375,177.6947021484375,175.03634643554688,175.61785888671875,157.98841857910156,297760
TRI.TO,2023-03-09,175.72171020507812,177.04049682617188,174.33021545410156,174.5586700439453,157.03550720214844,326168
TRI.TO,2023-03-10,174.19522094726562,174.42367553710938,171.55763244628906,172.0664520263672,154.79351806640625,384141
TRI.TO,2023-03-13,170.29075622558594,174.08099365234375,170.2595977783203,172.27413940429688,154.98033142089844,339458
TRI.TO,2023-03-14,172.81411743164062,174.5275115966797,171.80685424804688,174.3613739013672,156.85804748535156,540436
TRI.TO,2023-03-15,173.6344757080078,174.73519897460938,172.63758850097656,173.66563415527344,156.23211669921875,388282
TRI.TO,2023-03-16,173.4787139892578,177.12356567382812,172.38836669921875,176.5109100341797,158.79180908203125,436335
TRI.TO,2023-03-17,176.44859313964844,177.7570037841797,175.35826110839844,177.30010986328125,159.50173950195312,937481
TRI.TO,2023-03-20,176.9781951904297,178.80581665039062,176.2409210205078,178.5150604248047,160.5947723388672,221683
TRI.TO,2023-03-21,179.2938690185547,181.2980194091797,178.73312377929688,179.19003295898438,161.20199584960938,356888
TRI.TO,2023-03-22,179.8546142578125,181.16302490234375,179.086181640625,179.1796417236328,161.192626953125,317309
TRI.TO,2023-03-23,179.3873291015625,180.43614196777344,177.9335479736328,180.15576171875,162.07077026367188,242580
TRI.TO,2023-03-24,180.3634490966797,181.42263793945312,179.4496307373047,181.30841064453125,163.10769653320312,239787
TRI.TO,2023-03-27,181.68223571777344,182.1495361328125,179.80270385742188,181.00726318359375,162.83677673339844,234972
TRI.TO,2023-03-28,181.0799560546875,182.03530883789062,179.77154541015625,180.68536376953125,162.54722595214844,188170
TRI.TO,2023-03-29,181.536865234375,181.536865234375,179.81307983398438,180.913818359375,162.75271606445312,231216
TRI.TO,2023-03-30,181.1318817138672,181.76531982421875,180.57113647460938,181.4745635986328,163.25717163085938,276959
TRI.TO,2023-03-31,182.2118377685547,183.09449768066406,182.01454162597656,182.59605407714844,164.26608276367188,268292
TRI.TO,2023-04-03,181.57839965820312,182.80374145507812,180.90342712402344,182.5648956298828,164.23805236816406,186533
TRI.TO,2023-04-04,184.94288635253906,185.86708068847656,182.63758850097656,183.2814178466797,164.8826446533203,204638
TRI.TO,2023-04-05,183.41641235351562,184.63136291503906,182.62721252441406,182.89720153808594,164.53700256347656,248069
TRI.TO,2023-04-06,182.79335021972656,183.39564514160156,182.13914489746094,183.15679931640625,164.7705535888672,155813
TRI.TO,2023-04-10,182.8660430908203,183.38525390625,182.0560760498047,182.45066833496094,164.13526916503906,174592
TRI.TO,2023-04-11,182.44029235839844,182.8245086669922,180.4049835205078,180.4569091796875,162.34164428710938,235935
TRI.TO,2023-04-12,181.12149047851562,182.53375244140625,180.7684326171875,181.70301818847656,163.4626922607422,161495
TRI.TO,2023-04-13,181.68223571777344,182.44029235839844,181.16302490234375,181.7549285888672,163.50938415527344,261262
TRI.TO,2023-04-14,181.3188018798828,181.36033630371094,180.0934600830078,180.26998901367188,162.17352294921875,235839
TRI.TO,2023-04-17,180.59190368652344,181.70301818847656,179.80270385742188,180.7061309814453,162.5658721923828,148784
TRI.TO,2023-04-18,181.41224670410156,182.18067932128906,180.68536376953125,181.2980194091797,163.09835815429688,163614
TRI.TO,2023-04-19,181.3914794921875,182.53375244140625,181.3914794921875,181.8380126953125,163.58413696289062,194237
TRI.TO,2023-04-20,181.95223999023438,184.5171356201172,181.95223999023438,184.0913848876953,165.61134338378906,240750
TRI.TO,2023-04-21,184.79750061035156,186.74974060058594,184.79750061035156,186.63551330566406,167.90005493164062,287070
TRI.TO,2023-04-24,187.1754913330078,187.88162231445312,186.02284240722656,186.54205322265625,167.8159942626953,194141
TRI.TO,2023-04-25,186.92626953125,187.86085510253906,185.42056274414062,185.9086151123047,167.2461395263672,183259
TRI.TO,2023-04-26,185.8463134765625,185.9397735595703,184.22637939453125,184.28868103027344,165.78880310058594,228038
TRI.TO,2023-04-27,185.68016052246094,185.7424774169922,183.88369750976562,185.4517059326172,166.8350830078125,264921
TRI.TO,2023-04-28,186.0020751953125,186.9158935546875,184.5171356201172,185.00518798828125,166.43338012695312,267040
TRI.TO,2023-05-01,185.03634643554688,186.4693603515625,184.42367553710938,185.9501495361328,167.28346252441406,389919
TRI.TO,2023-05-02,180.57113647460938,186.62513732910156,176.29283142089844,184.96365356445312,166.39602661132812,541399
TRI.TO,2023-05-03,182.004150390625,182.57528686523438,176.30322265625,176.62513732910156,158.89454650878906,483908
TRI.TO,2023-05-04,175.5347900390625,175.80477905273438,167.11318969726562,167.3935546875,150.5897216796875,618150
TRI.TO,2023-05-05,166.19937133789062,167.57009887695312,165.36863708496094,166.53167724609375,149.81431579589844,400897
TRI.TO,2023-05-08,168.17237854003906,168.53582763671875,166.89512634277344,168.48390197753906,151.57057189941406,429113
TRI.TO,2023-05-09,169.1692657470703,171.72378540039062,169.05503845214844,171.52647399902344,154.3077392578125,498930
TRI.TO,2023-05-10,171.98338317871094,174.7040557861328,171.18380737304688,174.39251708984375,156.88604736328125,355540
TRI.TO,2023-05-11,175.077880859375,175.077880859375,171.9106903076172,172.2533721923828,154.96165466308594,217734
TRI.TO,2023-05-12,172.7725830078125,174.2471466064453,172.6791229248047,173.96676635742188,156.50303649902344,292078
TRI.TO,2023-05-15,173.71754455566406,174.48597717285156,171.85877990722656,172.93873596191406,155.57821655273438,284181
TRI.TO,2023-05-16,172.32606506347656,175.1817169189453,171.9003143310547,174.60020446777344,157.07289123535156,299782
TRI.TO,2023-05-17,174.39251708984375,174.95327758789062,172.3675994873047,172.49221801757812,155.7880096435547,399549
TRI.TO,2023-05-18,172.72067260742188,176.3655242919922,172.5129852294922,176.12669372558594,159.07057189941406,251921
TRI.TO,2023-05-19,176.0955352783203,178.0893096923828,176.0955352783203,176.6666717529297,159.5582275390625,277248
TRI.TO,2023-05-23,176.03323364257812,176.53167724609375,174.22637939453125,174.57943725585938,157.67312622070312,351302
TRI.TO,2023-05-24,174.01869201660156,174.53790283203125,172.20144653320312,173.82139587402344,156.98849487304688,254232
TRI.TO,2023-05-25,174.39251708984375,174.9844207763672,173.55140686035156,174.454833984375,157.5605926513672,200689
TRI.TO,2023-05-26,174.99481201171875,176.28245544433594,174.3717498779297,175.6386260986328,158.6297607421875,157162
TRI.TO,2023-05-29,176.07476806640625,176.30322265625,175.16094970703125,175.4413299560547,158.45156860351562,50461
TRI.TO,2023-05-30,175.65939331054688,177.70509338378906,175.60748291015625,176.49012756347656,159.3988037109375,301130
TRI.TO,2023-05-31,176.7185821533203,179.81307983398438,176.38629150390625,179.25233459472656,161.89352416992188,1200957
TRI.TO,2023-06-01,179.25233459472656,180.32191467285156,172.69989013671875,173.20872497558594,156.43515014648438,529072
TRI.TO,2023-06-02,173.5306396484375,173.9044647216797,170.57113647460938,172.29490661621094,155.60983276367188,436528
TRI.TO,2023-06-05,172.29490661621094,174.02908325195312,171.81724548339844,172.54412841796875,155.83494567871094,420831
TRI.TO,2023-06-06,173.2814178466797,173.50987243652344,170.5192108154297,171.65109252929688,155.02838134765625,318560
TRI.TO,2023-06-07,171.21495056152344,173.00103759765625,170.44651794433594,171.10072326660156,154.53131103515625,587623
TRI.TO,2023-06-08,171.10072326660156,172.20144653320312,169.27310180664062,170.59190368652344,154.07174682617188,268870
TRI.TO,2023-06-09,170.2180633544922,171.56802368164062,169.4496307373047,170.41537475585938,153.91233825683594,309605
TRI.TO,2023-06-12,171.18380737304688,172.5545196533203,169.50155639648438,172.3675994873047,155.6754913330078,215327
TRI.TO,2023-06-13,171.9106903076172,172.9283447265625,170.6749725341797,172.4091339111328,155.71298217773438,251150
TRI.TO,2023-06-14,171.9106903076172,175.68016052246094,171.9106903076172,175.51402282714844,158.5172119140625,338302
TRI.TO,2023-06-15,176.1474609375,176.57321166992188,175.077880859375,176.18899536132812,159.12681579589844,299493
TRI.TO,2023-06-16,176.42782592773438,177.995849609375,176.08514404296875,177.81932067871094,160.59927368164062,958378
TRI.TO,2023-06-19,177.81932067871094,179.21080017089844,176.74974060058594,177.2897186279297,160.12094116210938,99959
TRI.TO,2023-06-20,178.02699279785156,180.2595977783203,177.6427764892578,179.11734008789062,161.77159118652344,848596
TRI.TO,2023-06-21,178.89927673339844,179.51194763183594,175.30633544921875,176.60435485839844,159.501953125,300745
TRI.TO,2023-06-22,176.62513732910156,179.40809631347656,176.62513732910156,178.47352600097656,161.1901092529297,246239
TRI.TO,2023-06-23,174.5399932861328,176.8699951171875,171.25999450683594,176.1699981689453,164.99969482421875,455400
TRI.TO,2023-06-26,176.1699981689453,178.82000732421875,175.94000244140625,177.91000366210938,166.62937927246094,377200
TRI.TO,2023-06-27,178.08999633789062,182.49000549316406,177.8300018310547,182.49000549316406,170.91896057128906,429000
TRI.TO,2023-06-28,182.66000366210938,182.66000366210938,178.72999572753906,179.25999450683594,167.89376831054688,497400
TRI.TO,2023-06-29,179.1699981689453,179.1699981689453,176.19000244140625,177.66000366210938,166.3952178955078,333100
TRI.TO,2023-06-30,178.10000610351562,179.47999572753906,177.11000061035156,178.86000061035156,167.51910400390625,610400
TRI.TO,2023-07-04,177.35000610351562,178.07000732421875,176.0500030517578,176.6300048828125,165.43052673339844,186200
TRI.TO,2023-07-05,176.13999938964844,177.8699951171875,175.7899932861328,177.5500030517578,166.2921905517578,425200
TRI.TO,2023-07-06,177.75999450683594,179.36000061035156,176.4600067138672,179.24000549316406,167.87503051757812,377900
TRI.TO,2023-07-07,178.72000122070312,178.72000122070312,172.27000427246094,172.36000061035156,161.43128967285156,399400
TRI.TO,2023-07-10,172.75999450683594,174.58999633789062,172.75999450683594,174.17999267578125,163.13584899902344,246900
TRI.TO,2023-07-11,173.99000549316406,174.2100067138672,171.3300018310547,172.44000244140625,161.50621032714844,279300
TRI.TO,2023-07-12,172.97999572753906,173.19000244140625,170.77999877929688,172.17999267578125,161.26268005371094,247600
TRI.TO,2023-07-13,172.83999633789062,173.99000549316406,170.55999755859375,171.63999938964844,160.75692749023438,330400
TRI.TO,2023-07-14,172.69000244140625,176.4600067138672,172.5399932861328,175.44000244140625,164.31597900390625,407200
TRI.TO,2023-07-17,175.69000244140625,175.8699951171875,174.10000610351562,174.9199981689453,163.82894897460938,260700
TRI.TO,2023-07-18,174.9199981689453,174.9199981689453,172.75,173.5399932861328,162.53643798828125,344800
TRI.TO,2023-07-19,173.67999267578125,175.14999389648438,173.02999877929688,174.66000366210938,163.58543395996094,208100
TRI.TO,2023-07-20,174.16000366210938,175.38999938964844,173.5500030517578,174.07000732421875,163.03286743164062,304400
TRI.TO,2023-07-21,175.4499969482422,175.66000366210938,173.91000366210938,173.99000549316406,162.95790100097656,423200
TRI.TO,2023-07-24,174.11000061035156,174.27999877929688,172.5500030517578,173.2899932861328,162.3022918701172,457100
TRI.TO,2023-07-25,173.86000061035156,177.42999267578125,173.02000427246094,176.89999389648438,165.68341064453125,388900
TRI.TO,2023-07-26,176.80999755859375,176.9600067138672,174.57000732421875,175.00999450683594,163.91323852539062,273800
TRI.TO,2023-07-27,175.10000610351562,176.2100067138672,174.3800048828125,175.22999572753906,164.11932373046875,195000
TRI.TO,2023-07-28,176.33999633789062,178.5,176.33999633789062,177.35000610351562,166.10487365722656,308600
TRI.TO,2023-07-31,178.0,178.2100067138672,175.82000732421875,178.0,166.71363830566406,371400
TRI.TO,2023-08-01,177.72999572753906,180.58999633789062,177.69000244140625,179.42999267578125,168.05299377441406,367300
TRI.TO,2023-08-02,179.5800018310547,185.1199951171875,179.5800018310547,182.55999755859375,170.98451232910156,512500
TRI.TO,2023-08-03,176.77000427246094,177.5800018310547,174.50999450683594,175.11000061035156,164.0068817138672,326900
TRI.TO,2023-08-04,175.14999389648438,177.69000244140625,175.14999389648438,176.07000732421875,164.90606689453125,505200
TRI.TO,2023-08-08,175.07000732421875,176.8699951171875,173.10000610351562,174.8699951171875,163.7821044921875,384400
TRI.TO,2023-08-09,174.99000549316406,176.47999572753906,174.38999938964844,175.97000122070312,164.81236267089844,220800
TRI.TO,2023-08-10,179.49000549316406,179.5,175.8800048828125,176.64999389648438,165.44927978515625,278200
TRI.TO,2023-08-11,176.6300048828125,177.74000549316406,176.0,177.72000122070312,166.451416015625,117200
TRI.TO,2023-08-14,178.0,180.7100067138672,178.0,179.1199951171875,167.7626495361328,246700
TRI.TO,2023-08-15,178.35000610351562,179.36000061035156,176.0500030517578,177.36000061035156,166.11422729492188,328700
TRI.TO,2023-08-16,176.88999938964844,176.9199981689453,175.5,176.00999450683594,165.46649169921875,256600
TRI.TO,2023-08-17,176.00999450683594,176.27000427246094,171.88999938964844,171.9499969482422,161.6497344970703,399000
TRI.TO,2023-08-18,171.7899932861328,172.10000610351562,170.5,171.44000244140625,161.1702423095703,188300
TRI.TO,2023-08-21,171.61000061035156,172.8300018310547,171.11000061035156,172.36000061035156,162.03517150878906,363300
TRI.TO,2023-08-22,172.5800018310547,172.60000610351562,170.5500030517578,171.07000732421875,160.8224639892578,208500
TRI.TO,2023-08-23,171.83999633789062,173.27000427246094,171.83999633789062,172.72999572753906,162.3829803466797,214100
TRI.TO,2023-08-24,173.1999969482422,173.2100067138672,170.7899932861328,171.3800048828125,161.11386108398438,278800
TRI.TO,2023-08-25,171.9600067138672,173.19000244140625,171.49000549316406,172.4199981689453,162.09153747558594,254200
TRI.TO,2023-08-28,172.77000427246094,173.60000610351562,171.88999938964844,172.1999969482422,161.88473510742188,119800
TRI.TO,2023-08-29,171.19000244140625,174.42999267578125,171.19000244140625,174.1300048828125,163.69915771484375,279900
TRI.TO,2023-08-30,174.75,175.99000549316406,174.22999572753906,174.64999389648438,164.18797302246094,204500
TRI.TO,2023-08-31,174.89999389648438,175.2899932861328,173.13999938964844,173.99000549316406,163.56748962402344,527100
TRI.TO,2023-09-01,175.0,175.61000061035156,172.72000122070312,175.2899932861328,164.78961181640625,266200
TRI.TO,2023-09-05,175.75999450683594,176.72000122070312,174.16000366210938,174.16000366210938,163.72732543945312,271000
TRI.TO,2023-09-06,174.55999755859375,175.02999877929688,172.66000366210938,173.10000610351562,162.73085021972656,252000
TRI.TO,2023-09-07,175.8800048828125,175.8800048828125,174.11000061035156,175.69000244140625,165.16566467285156,364300
TRI.TO,2023-09-08,174.97999572753906,175.74000549316406,174.3000030517578,175.41000366210938,164.9024658203125,156200
TRI.TO,2023-09-11,174.74000549316406,175.33999633789062,173.60000610351562,175.14999389648438,164.6580352783203,143200
TRI.TO,2023-09-12,174.88999938964844,174.88999938964844,172.6999969482422,173.6300048828125,163.2290802001953,145900
TRI.TO,2023-09-13,173.13999938964844,174.75,173.02999877929688,174.64999389648438,164.18797302246094,183200
TRI.TO,2023-09-14,175.4199981689453,176.69000244140625,174.2100067138672,176.0399932861328,165.4947052001953,249800
TRI.TO,2023-09-15,176.4199981689453,176.47999572753906,175.0399932861328,175.6699981689453,165.14686584472656,961500
TRI.TO,2023-09-18,174.77000427246094,176.5800018310547,174.77000427246094,175.77999877929688,165.2502899169922,174700
TRI.TO,2023-09-19,175.1999969482422,175.44000244140625,171.6999969482422,172.4600067138672,162.129150390625,237300
TRI.TO,2023-09-20,172.7100067138672,173.80999755859375,172.39999389648438,172.85000610351562,162.4958038330078,161800
TRI.TO,2023-09-21,172.1199951171875,172.35000610351562,168.5,168.97999572753906,158.85763549804688,415400
TRI.TO,2023-09-22,169.0,170.25,167.82000732421875,169.25,159.1114501953125,155000
TRI.TO,2023-09-25,168.57000732421875,169.86000061035156,168.57000732421875,169.4499969482422,159.29945373535156,217200
TRI.TO,2023-09-26,169.07000732421875,169.52000427246094,167.27999877929688,167.3000030517578,157.2782745361328,235100
TRI.TO,2023-09-27,167.5399932861328,168.22000122070312,165.58999633789062,166.7100067138672,156.72360229492188,254700
TRI.TO,2023-09-28,165.88999938964844,168.0,165.8699951171875,166.75999450683594,156.77059936523438,293800
TRI.TO,2023-09-29,167.33999633789062,168.02999877929688,165.30999755859375,166.16000366210938,156.20655822753906,333200
TRI.TO,2023-10-02,166.25999450683594,166.8800048828125,165.49000549316406,166.2899932861328,156.32876586914062,193200
TRI.TO,2023-10-03,165.50999450683594,167.22999572753906,165.3000030517578,165.99000549316406,156.0467071533203,165700
TRI.TO,2023-10-04,165.8699951171875,169.11000061035156,165.85000610351562,168.47999572753906,158.38754272460938,210800
TRI.TO,2023-10-05,169.38999938964844,170.9199981689453,168.77999877929688,169.9499969482422,159.76950073242188,241200
TRI.TO,2023-10-06,168.85000610351562,171.5399932861328,168.5800018310547,170.86000061035156,160.625,167400
TRI.TO,2023-10-10,172.05999755859375,173.49000549316406,171.5500030517578,172.13999938964844,161.82830810546875,207800
TRI.TO,2023-10-11,172.77999877929688,174.11000061035156,172.39999389648438,173.57000732421875,163.1726837158203,192700
TRI.TO,2023-10-12,173.7899932861328,174.72999572753906,171.99000549316406,173.02999877929688,162.66502380371094,117100
TRI.TO,2023-10-13,173.33999633789062,174.69000244140625,172.39999389648438,172.80999755859375,162.4582061767578,210400
TRI.TO,2023-10-16,173.00999450683594,174.1999969482422,172.13999938964844,173.11000061035156,162.74024963378906,196900
TRI.TO,2023-10-17,173.0,174.0,172.25,172.47999572753906,162.14793395996094,192900
TRI.TO,2023-10-18,172.22999572753906,172.6300048828125,170.0800018310547,170.2899932861328,160.08914184570312,272300
TRI.TO,2023-10-19,170.83999633789062,171.0800018310547,167.6999969482422,168.00999450683594,157.9457550048828,390700
TRI.TO,2023-10-20,167.82000732421875,168.50999450683594,166.91000366210938,166.9199981689453,156.92100524902344,325300
TRI.TO,2023-10-23,166.9199981689453,169.75999450683594,166.9199981689453,168.63999938964844,158.53797912597656,179400
TRI.TO,2023-10-24,169.1300048828125,169.89999389648438,168.41000366210938,168.63999938964844,158.53797912597656,206700
TRI.TO,2023-10-25,168.5399932861328,169.89999389648438,167.64999389648438,167.91000366210938,157.8517303466797,143000
TRI.TO,2023-10-26,167.9199981689453,168.52999877929688,165.83999633789062,165.97999572753906,156.03732299804688,225200
TRI.TO,2023-10-27,166.0800018310547,166.80999755859375,163.00999450683594,163.50999450683594,153.7152557373047,229300
TRI.TO,2023-10-30,164.0,166.6999969482422,163.86000061035156,166.52000427246094,156.5449981689453,248600
TRI.TO,2023-10-31,166.74000549316406,166.9600067138672,165.13999938964844,166.11000061035156,156.1595458984375,289500
TRI.TO,2023-11-01,173.0,173.94000244140625,166.52999877929688,169.4600067138672,159.30886840820312,462700
TRI.TO,2023-11-02,172.85000610351562,175.94000244140625,171.0399932861328,174.3800048828125,163.93417358398438,506900
TRI.TO,2023-11-03,174.75999450683594,174.88999938964844,173.3000030517578,174.24000549316406,163.8025360107422,227300
TRI.TO,2023-11-06,174.4199981689453,177.0500030517578,174.0800018310547,176.5399932861328,165.96475219726562,230500
TRI.TO,2023-11-07,176.5399932861328,179.1300048828125,176.4199981689453,176.66000366210938,166.07757568359375,535900
TRI.TO,2023-11-08,176.99000549316406,179.10000610351562,176.41000366210938,178.49000549316406,167.79795837402344,243300
TRI.TO,2023-11-09,178.77000427246094,182.33999633789062,177.8300018310547,181.86000061035156,170.96607971191406,380100
TRI.TO,2023-11-10,182.36000061035156,183.42999267578125,179.4199981689453,180.5800018310547,169.7627716064453,290900
TRI.TO,2023-11-13,180.16000366210938,183.82000732421875,180.16000366210938,183.47000122070312,172.4796142578125,186800
TRI.TO,2023-11-14,184.3000030517578,185.63999938964844,183.1300048828125,183.25999450683594,172.28221130371094,441400
TRI.TO,2023-11-15,182.57000732421875,183.72999572753906,181.80999755859375,182.58999633789062,172.2831268310547,321400
TRI.TO,2023-11-16,182.82000732421875,188.74000549316406,182.82000732421875,188.19000244140625,177.56703186035156,452200
TRI.TO,2023-11-17,187.82000732421875,189.83999633789062,187.72000122070312,188.36000061035156,177.7274627685547,339400
TRI.TO,2023-11-20,187.97000122070312,191.52000427246094,187.75999450683594,190.66000366210938,179.8976287841797,380800
TRI.TO,2023-11-21,190.97999572753906,191.30999755859375,188.19000244140625,189.75999450683594,179.0484161376953,308900
TRI.TO,2023-11-22,190.0,191.13999938964844,189.25999450683594,189.58999633789062,178.8880157470703,351600
TRI.TO,2023-11-23,189.57000732421875,190.22000122070312,189.17999267578125,189.3300018310547,178.64268493652344,86400
TRI.TO,2023-11-24,189.08999633789062,189.5500030517578,188.2899932861328,189.14999389648438,178.4728546142578,154300
TRI.TO,2023-11-27,189.0,192.63999938964844,188.50999450683594,192.30999755859375,181.45448303222656,493300
TRI.TO,2023-11-28,192.30999755859375,193.42999267578125,189.83999633789062,190.32000732421875,179.5768280029297,484100
TRI.TO,2023-11-29,190.32000732421875,190.64999389648438,188.49000549316406,189.0800018310547,178.4068145751953,202300
TRI.TO,2023-11-30,189.99000549316406,190.47000122070312,188.24000549316406,189.5800018310547,178.87860107421875,712000
TRI.TO,2023-12-01,189.38999938964844,190.39999389648438,188.92999267578125,190.27999877929688,179.53907775878906,293600
TRI.TO,2023-12-04,189.22000122070312,191.7100067138672,189.22000122070312,191.41000366210938,180.60528564453125,235700
TRI.TO,2023-12-05,191.77000427246094,194.19000244140625,190.47000122070312,193.1999969482422,182.2942657470703,242300
TRI.TO,2023-12-06,193.22999572753906,194.86000061035156,191.77000427246094,192.00999450683594,181.17141723632812,251900
TRI.TO,2023-12-07,192.02000427246094,193.5,191.3800048828125,192.4199981689453,181.55825805664062,271400
TRI.TO,2023-12-08,192.39999389648438,193.02000427246094,191.2899932861328,192.1999969482422,181.35067749023438,197100
TRI.TO,2023-12-11,192.22999572753906,192.7100067138672,191.14999389648438,191.8699951171875,181.039306640625,244400
TRI.TO,2023-12-12,192.3800048828125,195.38999938964844,191.72999572753906,195.0399932861328,184.0303955078125,397700
TRI.TO,2023-12-13,195.25999450683594,195.50999450683594,193.3699951171875,193.97000122070312,183.02078247070312,275400
TRI.TO,2023-12-14,193.4199981689453,193.47000122070312,187.22999572753906,188.1999969482422,177.57647705078125,433300
TRI.TO,2023-12-15,188.22999572753906,188.22999572753906,185.72999572753906,185.89999389648438,175.40631103515625,1202300
TRI.TO,2023-12-18,185.9499969482422,188.66000366210938,185.9499969482422,188.58999633789062,177.94447326660156,234200
TRI.TO,2023-12-19,187.99000549316406,189.22999572753906,187.39999389648438,188.22999572753906,177.60479736328125,168200
TRI.TO,2023-12-20,188.1999969482422,190.32000732421875,187.6199951171875,188.7100067138672,178.05770874023438,215200
TRI.TO,2023-12-21,189.05999755859375,190.0399932861328,189.05999755859375,189.61000061035156,178.90692138671875,125300
TRI.TO,2023-12-22,189.2899932861328,190.6699981689453,188.92999267578125,189.69000244140625,178.9823760986328,116900
TRI.TO,2023-12-27,188.0,192.33999633789062,188.0,191.72000122070312,180.8977813720703,140600
TRI.TO,2023-12-28,191.6699981689453,192.92999267578125,191.19000244140625,192.47000122070312,181.60545349121094,121100
TRI.TO,2023-12-29,192.47000122070312,194.07000732421875,192.47000122070312,193.72999572753906,182.7943115234375,130700
TRI.TO,2024-01-02,192.75999450683594,193.1199951171875,190.88999938964844,191.9499969482422,181.11480712890625,174900
TRI.TO,2024-01-03,191.5399932861328,192.27000427246094,191.0800018310547,191.4199981689453,180.61473083496094,147800
TRI.TO,2024-01-04,191.39999389648438,194.02999877929688,191.39999389648438,192.5,181.63375854492188,141000
TRI.TO,2024-01-05,192.47999572753906,193.0500030517578,191.92999267578125,192.27000427246094,181.41676330566406,133100
TRI.TO,2024-01-08,191.94000244140625,195.2100067138672,191.94000244140625,195.0399932861328,184.0303955078125,340300
TRI.TO,2024-01-09,194.8000030517578,195.17999267578125,193.42999267578125,193.5500030517578,182.62449645996094,214400
TRI.TO,2024-01-10,192.60000610351562,194.5,192.60000610351562,193.6199951171875,182.6905517578125,183600
TRI.TO,2024-01-11,193.99000549316406,195.02999877929688,191.8300018310547,193.10000610351562,182.19992065429688,239800
TRI.TO,2024-01-12,193.0800018310547,195.14999389648438,192.9199981689453,194.92999267578125,183.92657470703125,170000
TRI.TO,2024-01-15,195.91000366210938,198.44000244140625,195.4499969482422,196.72999572753906,185.62496948242188,89200
TRI.TO,2024-01-16,196.08999633789062,199.19000244140625,195.91000366210938,199.1300048828125,187.88951110839844,276000
TRI.TO,2024-01-17,198.7100067138672,199.99000549316406,197.4600067138672,199.75,188.47450256347656,256000
TRI.TO,2024-01-18,199.77999877929688,203.60000610351562,199.77999877929688,203.13999938964844,191.6731414794922,154300
TRI.TO,2024-01-19,203.2899932861328,205.19000244140625,202.55999755859375,203.07000732421875,191.60711669921875,233400
TRI.TO,2024-01-22,203.6699981689453,203.97999572753906,200.52000427246094,201.13999938964844,189.78604125976562,478200
TRI.TO,2024-01-23,201.0,202.88999938964844,200.3699951171875,202.17999267578125,190.767333984375,249400
TRI.TO,2024-01-24,203.10000610351562,204.55999755859375,202.4499969482422,202.49000549316406,191.05982971191406,138400
TRI.TO,2024-01-25,201.47999572753906,202.86000061035156,199.99000549316406,200.66000366210938,189.33314514160156,221500
TRI.TO,2024-01-26,201.1199951171875,201.86000061035156,200.30999755859375,200.8699951171875,189.53128051757812,109500
TRI.TO,2024-01-29,201.3800048828125,201.5500030517578,200.02999877929688,200.55999755859375,189.23880004882812,228800
TRI.TO,2024-01-30,200.2899932861328,202.00999450683594,200.2899932861328,201.97000122070312,190.56919860839844,107500
TRI.TO,2024-01-31,201.7100067138672,203.0,199.0,199.61000061035156,188.3424072265625,338000
TRI.TO,2024-02-01,200.1999969482422,203.1199951171875,200.1699981689453,203.0,191.54104614257812,197200
TRI.TO,2024-02-02,203.5500030517578,204.30999755859375,202.72999572753906,203.19000244140625,191.72032165527344,163100
TRI.TO,2024-02-05,203.35000610351562,204.6999969482422,202.1199951171875,202.16000366210938,190.7484893798828,259000
TRI.TO,2024-02-06,202.86000061035156,203.14999389648438,200.0,201.3000030517578,189.93701171875,187000
TRI.TO,2024-02-07,201.3000030517578,201.66000366210938,200.2899932861328,200.99000549316406,189.64454650878906,173100
TRI.TO,2024-02-08,200.6999969482422,210.24000549316406,200.5,209.6199951171875,197.78736877441406,424100
TRI.TO,2024-02-09,210.9199981689453,214.2899932861328,208.3699951171875,213.33999633789062,201.29737854003906,245900
TRI.TO,2024-02-12,213.33999633789062,213.33999633789062,207.5,207.94000244140625,196.2021942138672,231400
TRI.TO,2024-02-13,206.08999633789062,208.77999877929688,204.2100067138672,206.91000366210938,195.2303466796875,278400
TRI.TO,2024-02-14,207.32000732421875,212.60000610351562,207.32000732421875,212.55999755859375,200.56141662597656,262000
TRI.TO,2024-02-15,212.97999572753906,214.92999267578125,211.3699951171875,214.13999938964844,202.05221557617188,353400
TRI.TO,2024-02-16,214.35000610351562,217.8300018310547,214.0399932861328,216.25999450683594,204.05255126953125,375200
TRI.TO,2024-02-20,214.52999877929688,216.7899932861328,212.1699981689453,213.33999633789062,201.977294921875,475200
TRI.TO,2024-02-21,213.1999969482422,213.9199981689453,210.49000549316406,211.89999389648438,200.61399841308594,209000
TRI.TO,2024-02-22,212.5399932861328,214.22999572753906,212.5399932861328,213.14999389648438,201.7974090576172,258900
TRI.TO,2024-02-23,213.6699981689453,214.60000610351562,213.33999633789062,213.83999633789062,202.45065307617188,298100
TRI.TO,2024-02-26,214.1199951171875,215.49000549316406,213.99000549316406,214.8300018310547,203.387939453125,375500
TRI.TO,2024-02-27,214.6999969482422,216.0500030517578,212.74000549316406,213.19000244140625,201.83526611328125,209800
TRI.TO,2024-02-28,213.1999969482422,214.32000732421875,212.38999938964844,212.80999755859375,201.47552490234375,249300
TRI.TO,2024-02-29,213.49000549316406,214.5800018310547,212.4600067138672,214.24000549316406,202.82936096191406,654000
TRI.TO,2024-03-01,214.35000610351562,216.5800018310547,213.99000549316406,215.89999389648438,204.40097045898438,156800
TRI.TO,2024-03-04,215.19000244140625,216.3800048828125,214.11000061035156,215.1999969482422,203.7382354736328,214500
TRI.TO,2024-03-05,215.1999969482422,216.5800018310547,211.5399932861328,213.32000732421875,201.95835876464844,147000
TRI.TO,2024-03-06,213.1199951171875,215.1699981689453,212.14999389648438,212.75,201.41873168945312,180400
TRI.TO,2024-03-07,213.25999450683594,214.1199951171875,210.42999267578125,210.86000061035156,199.62937927246094,253800
TRI.TO,2024-03-08,210.9199981689453,213.52999877929688,210.9199981689453,211.55999755859375,200.29209899902344,163200
TRI.TO,2024-03-11,211.57000732421875,213.6999969482422,209.49000549316406,213.42999267578125,202.06248474121094,160600
TRI.TO,2024-03-12,214.4199981689453,215.27999877929688,213.07000732421875,213.72000122070312,202.33706665039062,213700
TRI.TO,2024-03-13,214.0,215.3300018310547,209.72999572753906,210.75,199.52523803710938,299900
TRI.TO,2024-03-14,214.13999938964844,214.35000610351562,209.75,212.8000030517578,201.46604919433594,270100
TRI.TO,2024-03-15,211.9600067138672,213.47000122070312,211.24000549316406,213.14999389648438,201.7974090576172,1064400
TRI.TO,2024-03-18,213.02000427246094,214.25999450683594,211.6300048828125,212.17999267578125,200.8790740966797,126000
TRI.TO,2024-03-19,212.38999938964844,213.75999450683594,211.38999938964844,213.36000061035156,201.99620056152344,173300
TRI.TO,2024-03-20,213.72000122070312,214.0,211.55999755859375,212.6300048828125,201.3051300048828,428700
TRI.TO,2024-03-21,212.72000122070312,213.5399932861328,211.44000244140625,211.5,200.2352752685547,240700
TRI.TO,2024-03-22,212.5,213.32000732421875,211.11000061035156,212.64999389648438,201.32403564453125,163200
TRI.TO,2024-03-25,211.85000610351562,213.85000610351562,210.11000061035156,211.27000427246094,200.01756286621094,155300
TRI.TO,2024-03-26,211.33999633789062,212.4499969482422,210.4199981689453,210.80999755859375,199.58203125,377900
TRI.TO,2024-03-27,211.8699951171875,212.75,211.0800018310547,211.6699981689453,200.39620971679688,143100
TRI.TO,2024-03-28,211.77000427246094,213.66000366210938,209.75,210.8000030517578,199.5725860595703,634700
TRI.TO,2024-04-01,210.05999755859375,211.19000244140625,209.2100067138672,210.72000122070312,199.49684143066406,114200
TRI.TO,2024-04-02,209.1300048828125,209.49000549316406,206.44000244140625,207.1999969482422,196.16433715820312,221400
TRI.TO,2024-04-03,206.88999938964844,207.57000732421875,205.83999633789062,206.1999969482422,195.21759033203125,171400
TRI.TO,2024-04-04,205.63999938964844,207.60000610351562,204.57000732421875,206.11000061035156,195.1323699951172,249200
TRI.TO,2024-04-05,206.60000610351562,208.17999267578125,206.16000366210938,206.41000366210938,195.41641235351562,281100
TRI.TO,2024-04-08,207.0,209.38999938964844,206.85000610351562,209.00999450683594,197.87791442871094,176200
TRI.TO,2024-04-09,209.0,209.8300018310547,206.9199981689453,209.75999450683594,198.58798217773438,217700
TRI.TO,2024-04-10,208.75,210.32000732421875,207.67999267578125,209.55999755859375,198.39862060546875,175100
TRI.TO,2024-04-11,209.60000610351562,211.5800018310547,207.9499969482422,211.35000610351562,200.09329223632812,269000
TRI.TO,2024-04-12,210.85000610351562,211.9499969482422,209.6999969482422,209.88999938964844,198.7110595703125,148100
TRI.TO,2024-04-15,210.35000610351562,212.80999755859375,209.89999389648438,210.30999755859375,199.10867309570312,162500
TRI.TO,2024-04-16,210.30999755859375,211.67999267578125,209.97000122070312,210.4499969482422,199.24122619628906,265400
TRI.TO,2024-04-17,211.0500030517578,212.05999755859375,209.33999633789062,210.60000610351562,199.38323974609375,189300
TRI.TO,2024-04-18,210.58999633789062,211.10000610351562,207.1199951171875,207.80999755859375,196.74183654785156,209600
TRI.TO,2024-04-19,207.6699981689453,208.5,205.69000244140625,206.6699981689453,195.6625518798828,204700
TRI.TO,2024-04-22,206.9600067138672,210.86000061035156,206.9600067138672,209.5800018310547,198.4175567626953,179400
TRI.TO,2024-04-23,211.0800018310547,211.47999572753906,209.3699951171875,209.9199981689453,198.73944091796875,206600
TRI.TO,2024-04-24,210.80999755859375,212.61000061035156,208.69000244140625,209.08999633789062,197.95364379882812,160600
TRI.TO,2024-04-25,207.44000244140625,209.17999267578125,205.6699981689453,208.35000610351562,197.25308227539062,170300
TRI.TO,2024-04-26,208.36000061035156,212.1300048828125,208.36000061035156,211.07000732421875,199.82821655273438,208300
TRI.TO,2024-04-29,211.8699951171875,212.16000366210938,208.83999633789062,209.8300018310547,198.65423583984375,493900
TRI.TO,2024-04-30,209.55999755859375,211.36000061035156,207.86000061035156,207.92999267578125,196.8554229736328,321200
TRI.TO,2024-05-01,207.33999633789062,209.72000122070312,206.1699981689453,208.41000366210938,197.30987548828125,179400
TRI.TO,2024-05-02,211.5500030517578,226.92999267578125,210.47000122070312,222.72000122070312,210.85772705078125,592200
TRI.TO,2024-05-03,225.0500030517578,227.27999877929688,223.5800018310547,225.32000732421875,213.31922912597656,292500
TRI.TO,2024-05-06,225.4499969482422,229.88999938964844,225.44000244140625,228.41000366210938,216.2446746826172,288600
TRI.TO,2024-05-07,228.9600067138672,230.25999450683594,228.0500030517578,229.0800018310547,216.8789825439453,186500
TRI.TO,2024-05-08,228.9600067138672,231.77999877929688,228.8699951171875,229.42999267578125,217.21034240722656,267700
TRI.TO,2024-05-09,229.8300018310547,232.10000610351562,229.02000427246094,229.61000061035156,217.3807373046875,231900
TRI.TO,2024-05-10,230.0500030517578,231.27000427246094,228.89999389648438,229.47999572753906,217.25767517089844,243000
TRI.TO,2024-05-13,230.16000366210938,230.8699951171875,228.69000244140625,229.0500030517578,216.85055541992188,212600
TRI.TO,2024-05-14,228.8300018310547,230.00999450683594,227.42999267578125,229.0800018310547,216.8789825439453,343500
TRI.TO,2024-05-15,228.39999389648438,231.30999755859375,227.42999267578125,230.91000366210938,219.3170928955078,205100
TRI.TO,2024-05-16,231.82000732421875,233.85000610351562,230.60000610351562,232.9499969482422,221.25466918945312,345900
TRI.TO,2024-05-17,233.39999389648438,233.85000610351562,232.19000244140625,232.72000122070312,221.03622436523438,324800
TRI.TO,2024-05-21,232.3800048828125,236.33999633789062,232.3800048828125,236.22000122070312,224.36050415039062,253000
TRI.TO,2024-05-22,235.60000610351562,238.47999572753906,234.47999572753906,236.38999938964844,224.52198791503906,205100
TRI.TO,2024-05-23,237.64999389648438,238.67999267578125,235.02999877929688,237.19000244140625,225.2818145751953,298400
TRI.TO,2024-05-24,237.50999450683594,240.5,237.00999450683594,240.3699951171875,228.3021240234375,235300
TRI.TO,2024-05-27,239.67999267578125,242.9199981689453,236.92999267578125,237.07000732421875,225.16783142089844,172200
TRI.TO,2024-05-28,237.75,237.77000427246094,235.19000244140625,235.35000610351562,223.53419494628906,363800
TRI.TO,2024-05-29,234.97999572753906,235.0800018310547,231.02000427246094,231.85000610351562,220.2098846435547,261100
TRI.TO,2024-05-30,231.0500030517578,232.1300048828125,230.1999969482422,231.8699951171875,220.22889709472656,254700
TRI.TO,2024-05-31,232.0,234.63999938964844,230.4199981689453,234.5399932861328,222.76486206054688,779400
TRI.TO,2024-06-03,234.0,234.0,228.92999267578125,229.89999389648438,218.35780334472656,655900
TRI.TO,2024-06-04,230.3000030517578,233.58999633789062,229.0,232.9600067138672,221.26419067382812,293400
TRI.TO,2024-06-05,233.55999755859375,236.0,232.66000366210938,235.0399932861328,223.23976135253906,203600
TRI.TO,2024-06-06,234.86000061035156,236.88999938964844,234.0399932861328,235.4600067138672,223.63865661621094,273800
TRI.TO,2024-06-07,235.47000122070312,236.5500030517578,234.61000061035156,235.0500030517578,223.24923706054688,271000
TRI.TO,2024-06-10,234.49000549316406,235.5800018310547,233.1199951171875,234.99000549316406,223.1922607421875,407100
TRI.TO,2024-06-11,235.17999267578125,235.80999755859375,233.39999389648438,234.00999450683594,222.26144409179688,251600
TRI.TO,2024-06-12,235.6699981689453,236.72000122070312,233.7100067138672,233.83999633789062,222.0999755859375,448500
TRI.TO,2024-06-13,233.9499969482422,234.47000122070312,231.08999633789062,231.13999938964844,219.53555297851562,427900
TRI.TO,2024-06-14,230.69000244140625,231.33999633789062,229.02999877929688,229.64999389648438,218.120361328125,626600
TRI.TO,2024-06-17,229.5,230.1999969482422,228.32000732421875,229.5,217.97789001464844,620400
TRI.TO,2024-06-18,229.57000732421875,230.02000427246094,227.4499969482422,228.49000549316406,217.01858520507812,680700
TRI.TO,2024-06-19,228.24000549316406,230.89999389648438,226.36000061035156,227.69000244140625,216.25872802734375,175900
TRI.TO,2024-06-20,228.41000366210938,229.69000244140625,227.86000061035156,228.27999877929688,216.81912231445312,509900
TRI.TO,2024-06-21,228.27999877929688,229.42999267578125,225.47999572753906,226.25,214.89108276367188,2145600
TRI.TO,2024-06-24,226.8699951171875,227.80999755859375,225.5500030517578,225.74000549316406,214.4066619873047,805200
TRI.TO,2024-06-25,227.52000427246094,229.66000366210938,224.82000732421875,229.47999572753906,217.95887756347656,568500
TRI.TO,2024-06-26,228.8699951171875,231.33999633789062,228.8699951171875,230.63999938964844,219.06065368652344,299300
TRI.TO,2024-06-27,231.0,234.14999389648438,231.0,233.47999572753906,221.758056640625,402900
TRI.TO,2024-06-28,233.4199981689453,233.66000366210938,230.4499969482422,230.61000061035156,219.03216552734375,268400
TRI.TO,2024-07-02,229.91000366210938,232.49000549316406,229.72999572753906,230.0,218.4527587890625,340300
TRI.TO,2024-07-03,230.39999389648438,232.02999877929688,229.52999877929688,231.50999450683594,219.88697814941406,675700
TRI.TO,2024-07-04,231.3300018310547,231.75,230.27999877929688,231.2899932861328,219.6780242919922,58800
TRI.TO,2024-07-05,231.55999755859375,231.55999755859375,228.5,230.64999389648438,219.07015991210938,413500
TRI.TO,2024-07-08,230.64999389648438,231.6300048828125,227.55999755859375,229.16000366210938,217.6549530029297,210900
TRI.TO,2024-07-09,229.16000366210938,230.36000061035156,227.49000549316406,227.80999755859375,216.3727264404297,1153400
TRI.TO,2024-07-10,227.66000366210938,228.91000366210938,227.50999450683594,228.4600067138672,216.99008178710938,250000
TRI.TO,2024-07-11,228.3300018310547,230.74000549316406,224.67999267578125,225.19000244140625,213.88429260253906,512400
TRI.TO,2024-07-12,225.25999450683594,226.6199951171875,225.00999450683594,225.22999572753906,213.9222869873047,299400
TRI.TO,2024-07-15,226.00999450683594,226.57000732421875,223.57000732421875,224.3000030517578,213.03895568847656,387500
TRI.TO,2024-07-16,224.5800018310547,226.22999572753906,224.10000610351562,225.63999938964844,214.31166076660156,435600
TRI.TO,2024-07-17,224.0,224.8800048828125,223.07000732421875,224.5500030517578,213.27639770507812,489400
TRI.TO,2024-07-18,224.72999572753906,224.77000427246094,221.3000030517578,223.69000244140625,212.45956420898438,987500
TRI.TO,2024-07-19,223.83999633789062,224.97000122070312,222.6999969482422,223.44000244140625,212.2221221923828,176700
TRI.TO,2024-07-22,224.49000549316406,227.99000549316406,224.27999877929688,227.72000122070312,216.28726196289062,279400
TRI.TO,2024-07-23,228.0,229.17999267578125,227.08999633789062,227.42999267578125,216.0117950439453,147600
TRI.TO,2024-07-24,226.27999877929688,226.7899932861328,224.52000427246094,225.75,214.41615295410156,324300
TRI.TO,2024-07-25,225.99000549316406,227.32000732421875,224.3800048828125,224.44000244140625,213.1719207763672,249500
TRI.TO,2024-07-26,225.27999877929688,225.88999938964844,222.97999572753906,223.64999389648438,212.42156982421875,289200
TRI.TO,2024-07-29,223.97000122070312,224.89999389648438,222.77999877929688,224.4499969482422,213.18142700195312,213300
TRI.TO,2024-07-30,224.5500030517578,226.41000366210938,221.66000366210938,222.55999755859375,211.38632202148438,420700
TRI.TO,2024-07-31,222.8800048828125,224.49000549316406,221.33999633789062,223.75,212.51654052734375,355500
TRI.TO,2024-08-01,223.3800048828125,223.3800048828125,214.52999877929688,220.47999572753906,209.4107208251953,753000
TRI.TO,2024-08-02,220.67999267578125,220.67999267578125,214.97000122070312,218.24000549316406,207.28317260742188,367300
TRI.TO,2024-08-06,215.94000244140625,219.35000610351562,214.50999450683594,218.35000610351562,207.3876953125,741300
TRI.TO,2024-08-07,219.52999877929688,220.0,216.66000366210938,217.02000427246094,206.12445068359375,374700
TRI.TO,2024-08-08,217.74000549316406,221.02999877929688,217.1999969482422,220.0800018310547,209.03077697753906,329200
TRI.TO,2024-08-09,220.0800018310547,221.8000030517578,219.4199981689453,221.72000122070312,210.58848571777344,356100
TRI.TO,2024-08-12,221.3699951171875,222.24000549316406,220.27000427246094,220.80999755859375,209.7241668701172,266000
TRI.TO,2024-08-13,221.30999755859375,223.47000122070312,220.64999389648438,223.02000427246094,211.82321166992188,261900
TRI.TO,2024-08-14,223.02999877929688,227.5800018310547,223.0,227.42999267578125,216.0117950439453,329900
TRI.TO,2024-08-15,227.32000732421875,228.92999267578125,224.94000244140625,225.49000549316406,214.86929321289062,223300
TRI.TO,2024-08-16,225.3300018310547,226.3000030517578,223.83999633789062,223.94000244140625,213.3922882080078,246900
TRI.TO,2024-08-19,223.97999572753906,225.08999633789062,223.22999572753906,223.38999938964844,212.8682098388672,628800
TRI.TO,2024-08-20,223.14999389648438,223.92999267578125,222.3300018310547,223.02999877929688,212.525146484375,205000
TRI.TO,2024-08-21,222.8800048828125,225.63999938964844,222.8699951171875,225.52000427246094,214.8978729248047,230100
TRI.TO,2024-08-22,226.00999450683594,226.99000549316406,224.60000610351562,225.6999969482422,215.0694122314453,351600
TRI.TO,2024-08-23,225.8699951171875,226.82000732421875,222.9600067138672,224.72999572753906,214.14511108398438,248800
TRI.TO,2024-08-26,224.2899932861328,225.9499969482422,224.17999267578125,225.6199951171875,214.9931640625,149900
TRI.TO,2024-08-27,226.82000732421875,230.8800048828125,226.5,229.8800048828125,219.0525360107422,496100
TRI.TO,2024-08-28,230.02999877929688,230.97000122070312,228.10000610351562,229.6300048828125,218.8142852783203,360400
TRI.TO,2024-08-29,229.89999389648438,230.99000549316406,228.7100067138672,228.77000427246094,217.9947967529297,158400
TRI.TO,2024-08-30,229.10000610351562,231.42999267578125,228.22999572753906,230.82000732421875,219.9482421875,363500
TRI.TO,2024-09-03,230.1199951171875,231.5500030517578,227.58999633789062,227.92999267578125,217.19436645507812,338200
TRI.TO,2024-09-04,226.33999633789062,229.25999450683594,226.33999633789062,228.99000549316406,218.20443725585938,270900
TRI.TO,2024-09-05,227.91000366210938,229.00999450683594,225.86000061035156,226.92999267578125,216.241455078125,191800
TRI.TO,2024-09-06,227.11000061035156,228.69000244140625,224.64999389648438,225.52000427246094,214.8978729248047,230100
TRI.TO,2024-09-09,229.4499969482422,230.52000427246094,227.47999572753906,228.6199951171875,217.8518524169922,270700
TRI.TO,2024-09-10,228.94000244140625,233.67999267578125,227.88999938964844,233.32000732421875,222.33050537109375,397200
TRI.TO,2024-09-11,233.08999633789062,234.24000549316406,230.89999389648438,233.57000732421875,222.5687255859375,236300
TRI.TO,2024-09-12,233.5800018310547,236.33999633789062,233.5800018310547,235.97999572753906,224.86520385742188,259600
TRI.TO,2024-09-13,235.6199951171875,235.8800048828125,233.7899932861328,234.8000030517578,223.7407684326172,194300
TRI.TO,2024-09-16,235.41000366210938,236.10000610351562,234.08999633789062,234.8699951171875,223.80746459960938,228100
TRI.TO,2024-09-17,235.08999633789062,235.80999755859375,227.25,228.52000427246094,217.75657653808594,398900
TRI.TO,2024-09-18,228.42999267578125,230.17999267578125,227.60000610351562,229.07000732421875,218.2806854248047,578100
TRI.TO,2024-09-19,230.6199951171875,231.4199981689453,228.25999450683594,230.9600067138672,220.0816650390625,291800
TRI.TO,2024-09-20,230.86000061035156,231.1999969482422,228.5399932861328,230.1199951171875,219.2812042236328,1660200
TRI.TO,2024-09-23,230.5500030517578,232.5,227.91000366210938,232.05999755859375,221.1298370361328,234500
TRI.TO,2024-09-24,232.05999755859375,232.2899932861328,230.10000610351562,231.4199981689453,220.5199737548828,167400
TRI.TO,2024-09-25,231.6199951171875,233.16000366210938,230.52000427246094,232.6999969482422,221.73968505859375,196500
TRI.TO,2024-09-26,232.94000244140625,233.6199951171875,230.2899932861328,230.99000549316406,220.11026000976562,282500
TRI.TO,2024-09-27,230.99000549316406,231.3800048828125,229.55999755859375,229.61000061035156,218.7952423095703,143000
TRI.TO,2024-09-30,229.4499969482422,230.80999755859375,228.72000122070312,230.69000244140625,219.82435607910156,325200
TRI.TO,2024-10-01,230.66000366210938,231.08999633789062,228.97999572753906,229.32000732421875,218.5189208984375,216700
TRI.TO,2024-10-02,228.13999938964844,230.42999267578125,227.75,230.25,219.40512084960938,137200
TRI.TO,2024-10-03,229.6300048828125,230.30999755859375,228.2899932861328,228.9499969482422,218.16632080078125,250500
TRI.TO,2024-10-04,229.52000427246094,229.52000427246094,224.6999969482422,225.22000122070312,214.6120147705078,188100
TRI.TO,2024-10-07,224.4199981689453,225.77000427246094,223.5500030517578,225.50999450683594,214.88832092285156,148500
TRI.TO,2024-10-08,226.22000122070312,229.9199981689453,225.88999938964844,229.25999450683594,218.46170043945312,264500
TRI.TO,2024-10-09,228.99000549316406,230.39999389648438,227.9600067138672,230.3800048828125,219.5289764404297,233400
TRI.TO,2024-10-10,229.64999389648438,230.27999877929688,228.30999755859375,229.17999267578125,218.385498046875,154200
TRI.TO,2024-10-11,228.61000061035156,231.1699981689453,228.61000061035156,230.1999969482422,219.35743713378906,244800
TRI.TO,2024-10-15,231.38999938964844,233.92999267578125,230.4600067138672,233.36000061035156,222.36859130859375,339700
TRI.TO,2024-10-16,232.86000061035156,233.0399932861328,230.36000061035156,231.0399932861328,220.1578826904297,297000
TRI.TO,2024-10-17,231.75,233.33999633789062,231.75,232.4499969482422,221.50148010253906,235700
TRI.TO,2024-10-18,232.36000061035156,233.5800018310547,231.85000610351562,232.75999450683594,221.796875,270500
TRI.TO,2024-10-21,231.8300018310547,233.86000061035156,230.6300048828125,232.17999267578125,221.2441864013672,170400
TRI.TO,2024-10-22,230.8000030517578,231.67999267578125,229.36000061035156,230.44000244140625,219.58616638183594,207600
TRI.TO,2024-10-23,230.42999267578125,232.42999267578125,229.8000030517578,231.3000030517578,220.4056396484375,142500
TRI.TO,2024-10-24,230.32000732421875,232.44000244140625,229.5,230.6300048828125,219.76719665527344,240000
TRI.TO,2024-10-25,230.66000366210938,232.0500030517578,229.0,229.02000427246094,218.2330322265625,194900
TRI.TO,2024-10-28,229.58999633789062,231.77000427246094,229.58999633789062,231.2100067138672,220.3198699951172,293300
TRI.TO,2024-10-29,230.99000549316406,232.41000366210938,230.9199981689453,231.91000366210938,220.98690795898438,228200
TRI.TO,2024-10-30,230.8699951171875,232.1199951171875,229.74000549316406,231.52999877929688,220.6248016357422,293300
TRI.TO,2024-10-31,230.5800018310547,230.5800018310547,227.63999938964844,227.91000366210938,217.17530822753906,360600
TRI.TO,2024-11-01,228.89999389648438,230.72999572753906,227.5399932861328,230.1199951171875,219.2812042236328,141200
TRI.TO,2024-11-04,229.47000122070312,230.9600067138672,228.2899932861328,229.44000244140625,218.63323974609375,424700
TRI.TO,2024-11-05,229.5399932861328,240.30999755859375,229.5399932861328,236.8699951171875,225.71328735351562,533300
TRI.TO,2024-11-06,230.3300018310547,232.83999633789062,227.38999938964844,231.80999755859375,220.89161682128906,319900
TRI.TO,2024-11-07,231.8800048828125,233.89999389648438,231.3800048828125,233.52999877929688,222.5305938720703,170100
TRI.TO,2024-11-08,233.75,236.1999969482422,233.27999877929688,234.02999877929688,223.00704956054688,205000
TRI.TO,2024-11-11,234.6300048828125,236.25,234.14999389648438,235.69000244140625,224.58885192871094,165000
TRI.TO,2024-11-12,235.5,236.99000549316406,233.77999877929688,236.5,225.36070251464844,294200
TRI.TO,2024-11-13,236.8800048828125,237.41000366210938,235.3000030517578,235.80999755859375,224.7032012939453,309400
TRI.TO,2024-11-14,236.30999755859375,237.14999389648438,230.72000122070312,231.42999267578125,220.52951049804688,267500
TRI.TO,2024-11-15,230.4499969482422,230.77999877929688,227.4600067138672,227.74000549316406,217.01332092285156,299200
TRI.TO,2024-11-18,227.0,228.08999633789062,225.5,225.8000030517578,215.16468811035156,417600
TRI.TO,2024-11-19,224.1999969482422,225.0,222.58999633789062,224.47999572753906,213.90684509277344,339500
TRI.TO,2024-11-20,224.75,224.97999572753906,222.44000244140625,224.5800018310547,214.0021514892578,305900
TRI.TO,2024-11-21,225.25999450683594,226.5800018310547,222.89999389648438,226.17999267578125,216.2537841796875,235900
TRI.TO,2024-11-22,226.91000366210938,227.6300048828125,224.8800048828125,225.25,215.36459350585938,222100
TRI.TO,2024-11-25,226.44000244140625,226.83999633789062,224.36000061035156,224.36000061035156,214.51365661621094,1023500
TRI.TO,2024-11-26,225.47000122070312,227.3800048828125,224.55999755859375,226.1999969482422,216.27291870117188,456300
TRI.TO,2024-11-27,225.97000122070312,228.3000030517578,225.97000122070312,226.74000549316406,216.7892303466797,205200
TRI.TO,2024-11-28,226.05999755859375,227.52000427246094,225.86000061035156,226.55999755859375,216.6171112060547,56000
TRI.TO,2024-11-29,225.9499969482422,229.02999877929688,225.9499969482422,228.44000244140625,218.41461181640625,259100
TRI.TO,2024-12-02,229.50999450683594,232.3000030517578,228.7100067138672,231.22999572753906,221.0821533203125,192300
TRI.TO,2024-12-03,231.0,232.14999389648438,230.0800018310547,231.6699981689453,221.5028533935547,331400
TRI.TO,2024-12-04,232.8300018310547,237.38999938964844,230.61000061035156,237.10000610351562,226.69456481933594,369500
TRI.TO,2024-12-05,237.10000610351562,238.2899932861328,236.02999877929688,237.25,226.8379669189453,227900
TRI.TO,2024-12-06,237.5500030517578,242.16000366210938,237.5500030517578,241.64999389648438,231.0448455810547,218100
TRI.TO,2024-12-09,240.60000610351562,241.9600067138672,237.77999877929688,239.74000549316406,229.2187042236328,292300
TRI.TO,2024-12-10,239.3699951171875,241.42999267578125,238.85000610351562,241.30999755859375,230.71978759765625,260000
TRI.TO,2024-12-11,241.27999877929688,243.4199981689453,238.50999450683594,238.75,228.2721405029297,362000
TRI.TO,2024-12-12,238.6999969482422,240.52999877929688,237.2100067138672,240.5,229.9453125,249400
TRI.TO,2024-12-13,240.5,243.17999267578125,238.42999267578125,239.41000366210938,228.90316772460938,247900
TRI.TO,2024-12-16,238.2899932861328,240.35000610351562,237.97999572753906,238.05999755859375,227.6124267578125,278500
TRI.TO,2024-12-17,237.5,239.4499969482422,237.5,237.97999572753906,227.53591918945312,263100
TRI.TO,2024-12-18,238.58999633789062,240.08999633789062,236.9499969482422,237.42999267578125,227.0100555419922,383900
TRI.TO,2024-12-19,237.19000244140625,237.30999755859375,234.0,234.17999267578125,223.90269470214844,321800
TRI.TO,2024-12-20,233.9199981689453,235.57000732421875,232.57000732421875,233.16000366210938,222.92747497558594,800500
TRI.TO,2024-12-23,233.0,234.9499969482422,232.49000549316406,234.52999877929688,224.2373504638672,152200
TRI.TO,2024-12-24,233.80999755859375,235.02000427246094,233.5,234.1300048828125,223.85488891601562,56600
TRI.TO,2024-12-27,233.47999572753906,234.52999877929688,232.80999755859375,233.72999572753906,223.4724578857422,130100
TRI.TO,2024-12-30,231.50999450683594,232.2899932861328,229.67999267578125,231.4199981689453,221.26380920410156,177100
TRI.TO,2024-12-31,231.27999877929688,232.42999267578125,230.11000061035156,230.82000732421875,220.69017028808594,117100
TRI.TO,2025-01-02,232.08999633789062,234.58999633789062,231.0,232.3000030517578,222.10520935058594,214100
TRI.TO,2025-01-03,232.05999755859375,235.3300018310547,232.05999755859375,234.36000061035156,224.07479858398438,195900
TRI.TO,2025-01-06,234.50999450683594,234.55999755859375,230.4600067138672,230.75999450683594,220.6328125,169200
TRI.TO,2025-01-07,230.75,231.88999938964844,229.33999633789062,230.38999938964844,220.27903747558594,221900
TRI.TO,2025-01-08,230.6699981689453,231.17999267578125,228.66000366210938,229.60000610351562,219.5237274169922,220800
TRI.TO,2025-01-09,229.60000610351562,231.97999572753906,228.19000244140625,228.4499969482422,218.4241943359375,71200
TRI.TO,2025-01-10,227.55999755859375,227.85000610351562,223.75,223.88999938964844,214.06430053710938,343600
TRI.TO,2025-01-13,220.0,223.83999633789062,217.85000610351562,223.1699981689453,213.37588500976562,383400
TRI.TO,2025-01-14,223.8699951171875,224.7100067138672,220.4499969482422,221.64999389648438,211.92259216308594,352000
TRI.TO,2025-01-15,222.9499969482422,225.8800048828125,222.6999969482422,225.8300018310547,215.9191436767578,350200
TRI.TO,2025-01-16,226.66000366210938,228.0800018310547,225.94000244140625,227.63999938964844,217.64971923828125,166200
TRI.TO,2025-01-17,229.13999938964844,231.8699951171875,229.10000610351562,230.50999450683594,220.39376831054688,319400
TRI.TO,2025-01-20,230.60000610351562,232.44000244140625,229.97000122070312,231.00999450683594,220.87181091308594,74200
TRI.TO,2025-01-21,231.52999877929688,233.9199981689453,230.75,232.8699951171875,222.6501922607422,239300
TRI.TO,2025-01-22,233.00999450683594,236.77999877929688,232.86000061035156,236.25999450683594,225.8914031982422,316100
TRI.TO,2025-01-23,236.3000030517578,237.08999633789062,235.6699981689453,236.83999633789062,226.4459686279297,277100
TRI.TO,2025-01-24,236.80999755859375,237.32000732421875,233.7100067138672,234.1699981689453,223.89315795898438,229100
TRI.TO,2025-01-27,232.72999572753906,236.9199981689453,232.69000244140625,236.32000732421875,225.9487762451172,171300
TRI.TO,2025-01-28,237.11000061035156,239.72999572753906,236.3300018310547,239.1699981689453,228.6737060546875,246800
TRI.TO,2025-01-29,239.17999267578125,241.8000030517578,239.17999267578125,240.8000030517578,230.23219299316406,225900
TRI.TO,2025-01-30,242.44000244140625,245.75999450683594,241.19000244140625,244.64999389648438,233.9132080078125,284400
TRI.TO,2025-01-31,245.1999969482422,245.52000427246094,243.75999450683594,244.22999572753906,233.51162719726562,361000
TRI.TO,2025-02-03,237.6999969482422,247.5800018310547,237.6999969482422,246.33999633789062,235.529052734375,487000
TRI.TO,2025-02-04,244.22000122070312,245.61000061035156,240.27000427246094,240.5500030517578,229.9931640625,361600
TRI.TO,2025-02-05,241.11000061035156,244.16000366210938,237.57000732421875,237.57000732421875,227.14393615722656,823600
TRI.TO,2025-02-06,242.0,255.64999389648438,239.80999755859375,253.2100067138672,242.09754943847656,652800
TRI.TO,2025-02-07,252.52000427246094,253.8800048828125,248.8699951171875,252.30999755859375,241.23704528808594,429300
TRI.TO,2025-02-10,254.6300048828125,256.4800109863281,253.49000549316406,256.07000732421875,244.83204650878906,375600
TRI.TO,2025-02-11,256.07000732421875,256.510009765625,254.22000122070312,255.22000122070312,244.0193328857422,384000
TRI.TO,2025-02-12,253.2100067138672,253.75999450683594,250.52999877929688,251.25,240.22357177734375,320900
TRI.TO,2025-02-13,252.05999755859375,254.52000427246094,250.80999755859375,253.86000061035156,242.71902465820312,292400
TRI.TO,2025-02-14,255.11000061035156,255.11000061035156,246.19000244140625,246.24000549316406,235.43344116210938,325400
TRI.TO,2025-02-18,246.47000122070312,247.47000122070312,243.97999572753906,246.35000610351562,235.5386199951172,382800
TRI.TO,2025-02-19,246.1300048828125,246.38999938964844,243.22000122070312,245.4499969482422,234.6781005859375,467500
TRI.TO,2025-02-20,245.60000610351562,251.36000061035156,244.55999755859375,250.32000732421875,240.16314697265625,576700
TRI.TO,2025-02-21,251.32000732421875,253.47000122070312,250.52999877929688,250.5800018310547,240.41259765625,434000
TRI.TO,2025-02-24,251.1199951171875,254.52999877929688,251.1199951171875,251.80999755859375,241.5926513671875,499700
TRI.TO,2025-02-25,251.77999877929688,257.4200134277344,251.0800018310547,256.1400146484375,245.7469940185547,528900
TRI.TO,2025-02-26,256.3999938964844,256.6099853515625,252.91000366210938,253.75999450683594,243.46356201171875,457200
TRI.TO,2025-02-27,254.72999572753906,257.44000244140625,254.25999450683594,254.57000732421875,244.24070739746094,445100
TRI.TO,2025-02-28,256.3599853515625,258.8299865722656,253.8000030517578,258.6300048828125,248.13595581054688,919200
TRI.TO,2025-03-03,257.8999938964844,260.45001220703125,257.4200134277344,258.55999755859375,248.06878662109375,384400
TRI.TO,2025-03-04,257.4800109863281,259.5,254.10000610351562,254.50999450683594,244.18312072753906,322300
TRI.TO,2025-03-05,254.6999969482422,255.11000061035156,252.0399932861328,252.4199981689453,242.17791748046875,548300
TRI.TO,2025-03-06,249.75,254.72999572753906,249.75,250.47000122070312,240.30703735351562,383000
TRI.TO,2025-03-07,249.49000549316406,256.32000732421875,249.49000549316406,255.3000030517578,244.94105529785156,422600
TRI.TO,2025-03-10,254.50999450683594,254.80999755859375,249.6199951171875,250.8000030517578,240.6236572265625,329900
TRI.TO,2025-03-11,248.3300018310547,250.63999938964844,247.30999755859375,247.47999572753906,237.43836975097656,375700
TRI.TO,2025-03-12,248.41000366210938,248.41000366210938,245.08999633789062,245.85000610351562,235.87451171875,378200
TRI.TO,2025-03-13,242.85000610351562,247.2899932861328,242.85000610351562,245.39999389648438,235.4427490234375,338900
TRI.TO,2025-03-14,245.94000244140625,247.74000549316406,245.72999572753906,247.36000061035156,237.3232421875,191600
TRI.TO,2025-03-17,247.25999450683594,248.8000030517578,245.2100067138672,248.33999633789062,238.2634735107422,212000
TRI.TO,2025-03-18,245.5399932861328,248.13999938964844,244.5800018310547,246.42999267578125,236.4309539794922,308300
TRI.TO,2025-03-19,245.36000061035156,246.69000244140625,243.83999633789062,244.85000610351562,234.9150848388672,240800
TRI.TO,2025-03-20,244.22999572753906,245.89999389648438,242.8800048828125,243.4600067138672,233.5814666748047,216400
TRI.TO,2025-03-21,243.5,245.0800018310547,241.4600067138672,243.72000122070312,233.8309326171875,869300
TRI.TO,2025-03-24,244.57000732421875,246.36000061035156,244.02000427246094,245.7100067138672,235.74017333984375,309300
TRI.TO,2025-03-25,246.3000030517578,247.74000549316406,245.16000366210938,246.2899932861328,236.29664611816406,221000
TRI.TO,2025-03-26,246.7899932861328,247.27000427246094,244.9199981689453,245.52999877929688,235.56747436523438,186500
TRI.TO,2025-03-27,245.6699981689453,247.6699981689453,245.08999633789062,247.0500030517578,237.02581787109375,205700
TRI.TO,2025-03-28,247.36000061035156,247.41000366210938,244.30999755859375,244.6999969482422,234.7711639404297,151300
TRI.TO,2025-03-31,243.5,248.72000122070312,243.0,248.3300018310547,238.25389099121094,388600
TRI.TO,2025-04-01,248.27999877929688,250.13999938964844,246.47000122070312,249.1999969482422,239.0885772705078,249300
TRI.TO,2025-04-02,248.1699981689453,251.41000366210938,247.52999877929688,251.41000366210938,241.2089080810547,250500
TRI.TO,2025-04-03,248.58999633789062,250.66000366210938,245.9600067138672,247.77999877929688,237.72618103027344,407700
TRI.TO,2025-04-04,245.35000610351562,247.64999389648438,235.85000610351562,236.22000122070312,226.63523864746094,634600
TRI.TO,2025-04-07,232.64999389648438,237.4600067138672,228.0500030517578,231.61000061035156,222.21231079101562,877400
TRI.TO,2025-04-08,235.89999389648438,236.3300018310547,228.52999877929688,230.24000549316406,220.8979034423828,457900
TRI.TO,2025-04-09,227.8800048828125,241.89999389648438,227.4499969482422,239.88999938964844,230.15635681152344,546200
TRI.TO,2025-04-10,236.13999938964844,238.00999450683594,230.8800048828125,233.82000732421875,224.33265686035156,339800
TRI.TO,2025-04-11,233.58999633789062,240.88999938964844,232.32000732421875,239.92999267578125,230.19471740722656,315000
TRI.TO,2025-04-14,243.1999969482422,244.82000732421875,241.75,244.58999633789062,234.66563415527344,467200
TRI.TO,2025-04-15,244.27999877929688,254.5,244.27999877929688,253.75,243.45396423339844,521900
TRI.TO,2025-04-16,253.33999633789062,255.4600067138672,248.6699981689453,250.0399932861328,239.89450073242188,320900
TRI.TO,2025-04-17,250.0,254.39999389648438,249.14999389648438,251.8800048828125,241.6598358154297,296200
TRI.TO,2025-04-21,251.47999572753906,252.83999633789062,247.5,249.3699951171875,239.25167846679688,192100
TRI.TO,2025-04-22,251.39999389648438,253.4499969482422,250.10000610351562,251.86000061035156,241.640625,401100
TRI.TO,2025-04-23,254.05999755859375,254.75,250.5399932861328,252.67999267578125,242.4273681640625,346100
TRI.TO,2025-04-24,253.33999633789062,253.64999389648438,251.00999450683594,252.27999877929688,242.04359436035156,310900
TRI.TO,2025-04-25,252.4600067138672,252.94000244140625,249.5800018310547,251.72999572753906,241.5159454345703,278600
TRI.TO,2025-04-28,251.05999755859375,253.63999938964844,251.05999755859375,252.0399932861328,241.8133544921875,424400
TRI.TO,2025-04-29,252.61000061035156,255.39999389648438,252.61000061035156,254.72000122070312,244.38458251953125,270000
TRI.TO,2025-04-30,254.2100067138672,256.8399963378906,252.6199951171875,256.5299987792969,246.12115478515625,381700
TRI.TO,2025-05-01,255.94000244140625,262.0899963378906,255.83999633789062,257.04998779296875,246.6200408935547,442100
TRI.TO,2025-05-02,255.02999877929688,255.47999572753906,249.5399932861328,254.63999938964844,244.307861328125,307200
TRI.TO,2025-05-05,253.63999938964844,257.92999267578125,253.63999938964844,256.6000061035156,246.18832397460938,200100
TRI.TO,2025-05-06,255.80999755859375,257.5899963378906,255.22000122070312,256.30999755859375,245.9100799560547,342200
TRI.TO,2025-05-07,255.49000549316406,261.1000061035156,255.49000549316406,260.9200134277344,250.33306884765625,340700
TRI.TO,2025-05-08,261.6099853515625,262.9100036621094,259.29998779296875,260.3399963378906,249.77658081054688,444400
TRI.TO,2025-05-09,260.5400085449219,261.3800048828125,258.739990234375,261.1300048828125,250.53451538085938,196300
TRI.TO,2025-05-12,264.07000732421875,264.07000732421875,254.38999938964844,258.2900085449219,247.80975341796875,455400
TRI.TO,2025-05-13,257.8599853515625,260.4100036621094,256.42999267578125,256.8500061035156,246.42819213867188,211900
TRI.TO,2025-05-14,255.57000732421875,259.239990234375,255.57000732421875,258.95001220703125,248.44296264648438,350000
TRI.TO,2025-05-15,258.760009765625,265.69000244140625,258.760009765625,264.739990234375,254.81576538085938,252900
TRI.TO,2025-05-16,264.9800109863281,267.7099914550781,264.0400085449219,267.54998779296875,257.5204162597656,313500
TRI.TO,2025-05-20,269.7900085449219,273.5899963378906,269.7900085449219,272.7699890136719,262.54473876953125,345800
TRI.TO,2025-05-21,272.0299987792969,272.0299987792969,268.989990234375,270.42999267578125,260.2924499511719,302900
TRI.TO,2025-05-22,269.30999755859375,271.32000732421875,267.760009765625,269.1300048828125,259.04119873046875,204000
TRI.TO,2025-05-23,268.2799987792969,270.0,266.95001220703125,267.7699890136719,257.7321472167969,208000
TRI.TO,2025-05-26,268.7799987792969,271.80999755859375,267.010009765625,269.29998779296875,259.20477294921875,63500
TRI.TO,2025-05-27,263.9100036621094,271.1099853515625,263.55999755859375,269.260009765625,259.1663513183594,345100
TRI.TO,2025-05-28,269.2099914550781,272.7099914550781,269.1400146484375,271.95001220703125,261.7555236816406,309900
TRI.TO,2025-05-29,272.6600036621094,272.6700134277344,270.7300109863281,271.2099914550781,261.043212890625,190500
TRI.TO,2025-05-30,272.1600036621094,273.1199951171875,269.92999267578125,272.6600036621094,262.4388427734375,1085300
TRI.TO,2025-06-02,271.8800048828125,272.8599853515625,268.6600036621094,270.4700012207031,260.3309631347656,392300
TRI.TO,2025-06-03,270.5,271.0,266.1000061035156,267.20001220703125,257.1835632324219,336300
TRI.TO,2025-06-04,267.07000732421875,269.6000061035156,266.0299987792969,267.7300109863281,257.6936950683594,276400
TRI.TO,2025-06-05,268.0199890136719,268.7099914550781,266.19000244140625,266.75,256.7503967285156,253100
TRI.TO,2025-06-06,267.05999755859375,268.3699951171875,266.3500061035156,267.0400085449219,257.0295715332031,171500
TRI.TO,2025-06-09,266.8299865722656,266.92999267578125,261.8500061035156,263.6300048828125,253.7473602294922,267500
TRI.TO,2025-06-10,263.6300048828125,263.82000732421875,261.1700134277344,262.5899963378906,252.74635314941406,292500
TRI.TO,2025-06-11,262.5799865722656,266.6400146484375,261.6700134277344,266.04998779296875,256.07666015625,452400
TRI.TO,2025-06-12,266.3800048828125,268.25,265.3699951171875,268.20001220703125,258.1460876464844,231600
TRI.TO,2025-06-13,266.239990234375,268.5899963378906,264.9700012207031,264.9800109863281,255.0467987060547,543600
TRI.TO,2025-06-16,265.75,267.5199890136719,265.54998779296875,266.3500061035156,256.36541748046875,425000
TRI.TO,2025-06-17,266.2799987792969,267.4700012207031,264.55999755859375,267.3999938964844,257.37603759765625,211600
TRI.TO,2025-06-18,267.94000244140625,269.2699890136719,266.489990234375,268.3999938964844,258.33856201171875,249200
TRI.TO,2025-06-19,267.3900146484375,267.95001220703125,265.6099853515625,267.1499938964844,257.13543701171875,108300
TRI.TO,2025-06-20,268.5,269.5400085449219,265.9100036621094,266.17999267578125,256.2017822265625,644900
TRI.TO,2025-06-23,266.2200012207031,269.2799987792969,266.2200012207031,269.010009765625,258.9256896972656,233200
TRI.TO,2025-06-24,269.3599853515625,271.5299987792969,267.3500061035156,270.6600036621094,260.5138244628906,166000
TRI.TO,2025-06-25,270.6600036621094,270.6600036621094,268.0199890136719,268.3299865722656,258.27117919921875,209100
TRI.TO,2025-06-26,269.69000244140625,269.69000244140625,267.0299987792969,268.8599853515625,258.7812805175781,188700
TRI.TO,2025-06-27,268.82000732421875,271.3999938964844,268.1700134277344,271.1499938964844,260.9854736328125,222700
TRI.TO,2025-06-30,272.3800048828125,274.17999267578125,270.8500061035156,273.8399963378906,263.5746765136719,285300
TRI.TO,2025-07-02,274.44000244140625,274.44000244140625,268.4200134277344,269.8999938964844,259.7823486328125,323200
TRI.TO,2025-07-03,270.5799865722656,272.9700012207031,270.3699951171875,272.44000244140625,262.22711181640625,151400
TRI.TO,2025-07-04,272.29998779296875,272.5799865722656,270.9100036621094,271.8599853515625,261.6688537597656,76400
TRI.TO,2025-07-07,273.3599853515625,276.1600036621094,271.2799987792969,274.8500061035156,264.5467834472656,260000
TRI.TO,2025-07-08,274.54998779296875,276.5,273.1300048828125,274.1000061035156,263.8249206542969,212200
TRI.TO,2025-07-09,274.1600036621094,274.989990234375,273.42999267578125,273.7300109863281,263.4687805175781,263700
TRI.TO,2025-07-10,273.489990234375,276.5899963378906,272.9599914550781,275.3399963378906,265.0184020996094,315800
TRI.TO,2025-07-11,274.54998779296875,275.0199890136719,272.2200012207031,272.45001220703125,262.2367248535156,356900
TRI.TO,2025-07-14,278.739990234375,299.239990234375,278.7200012207031,293.5299987792969,282.5265197753906,1237700
TRI.TO,2025-07-15,294.260009765625,294.2699890136719,288.510009765625,288.510009765625,277.6947021484375,731100
TRI.TO,2025-07-16,288.79998779296875,290.3999938964844,284.0899963378906,288.989990234375,278.1567077636719,521900
TRI.TO,2025-07-17,288.989990234375,291.44000244140625,287.25,287.6499938964844,276.8669128417969,328000
TRI.TO,2025-07-18,287.6600036621094,289.6199951171875,286.79998779296875,287.1600036621094,276.395263671875,343500
TRI.TO,2025-07-21,287.8699951171875,287.8699951171875,278.30999755859375,278.30999755859375,267.8771057128906,404000
TRI.TO,2025-07-22,278.1499938964844,279.45001220703125,275.6000061035156,275.6099853515625,265.2782897949219,296900
TRI.TO,2025-07-23,275.5899963378906,278.45001220703125,275.5899963378906,276.5,266.1349182128906,280700
TRI.TO,2025-07-24,277.3999938964844,280.5,276.5,280.30999755859375,269.8020935058594,252600
TRI.TO,2025-07-25,280.30999755859375,282.7300109863281,278.5199890136719,278.8599853515625,268.40643310546875,372000
TRI.TO,2025-07-28,278.1099853515625,280.4800109863281,275.0,275.7300109863281,265.3938293457031,348400
TRI.TO,2025-07-29,276.6099853515625,277.69000244140625,274.1199951171875,275.7799987792969,265.4419250488281,232400
TRI.TO,2025-07-30,274.2200012207031,277.9700012207031,274.2200012207031,276.2300109863281,265.8750305175781,278800
TRI.TO,2025-07-31,275.7200012207031,279.6099853515625,275.04998779296875,278.0799865722656,267.65570068359375,415300
TRI.TO,2025-08-01,278.2099914550781,279.0,274.8999938964844,277.45001220703125,267.0492858886719,325500
TRI.TO,2025-08-05,276.0,280.8800048828125,274.20001220703125,275.0299987792969,264.7200622558594,374400
TRI.TO,2025-08-06,278.5400085449219,279.0,245.36000061035156,247.36000061035156,238.08729553222656,1699700
TRI.TO,2025-08-07,248.0,251.22999572753906,245.6300048828125,249.6999969482422,240.33958435058594,603500
TRI.TO,2025-08-08,249.4499969482422,251.5500030517578,246.8000030517578,247.38999938964844,238.11614990234375,313700
TRI.TO,2025-08-11,247.38999938964844,248.0399932861328,240.17999267578125,241.0,231.96571350097656,532700
TRI.TO,2025-08-12,240.10000610351562,240.50999450683594,233.52999877929688,234.6300048828125,225.83448791503906,759400
TRI.TO,2025-08-13,233.41000366210938,235.05999755859375,230.77000427246094,233.50999450683594,224.7564697265625,506900
TRI.TO,2025-08-14,233.32000732421875,235.4499969482422,231.8000030517578,231.86000061035156,223.16835021972656,391500
TRI.TO,2025-08-15,233.60000610351562,238.99000549316406,231.75,236.6699981689453,227.79803466796875,500900
TRI.TO,2025-08-18,237.85000610351562,240.72000122070312,236.86000061035156,238.75999450683594,229.80967712402344,365800
TRI.TO,2025-08-19,240.33999633789062,243.36000061035156,239.07000732421875,242.6199951171875,234.3317108154297,637300
TRI.TO,2025-08-20,243.08999633789062,246.1999969482422,243.08999633789062,243.7899932861328,235.4617462158203,517000
TRI.TO,2025-08-21,243.0,245.1699981689453,241.83999633789062,244.8699951171875,236.50485229492188,509200
TRI.TO,2025-08-22,246.00999450683594,247.60000610351562,245.1699981689453,246.86000061035156,238.4268798828125,512900
TRI.TO,2025-08-25,246.47999572753906,248.05999755859375,244.91000366210938,244.9499969482422,236.58213806152344,307100
TRI.TO,2025-08-26,244.9499969482422,245.8300018310547,241.1199951171875,242.16000366210938,233.88743591308594,646700
TRI.TO,2025-08-27,239.8800048828125,242.64999389648438,239.8800048828125,241.1999969482422,232.96022033691406,255500
TRI.TO,2025-08-28,244.55999755859375,245.32000732421875,242.41000366210938,245.1300048828125,236.7559814453125,431300
TRI.TO,2025-08-29,244.05999755859375,245.58999633789062,243.0500030517578,243.91000366210938,235.57763671875,317900
TRI.TO,2025-09-02,244.35000610351562,245.35000610351562,242.99000549316406,244.8800048828125,236.5145263671875,285300
TRI.TO,2025-09-03,244.3699951171875,246.75,243.5399932861328,244.75999450683594,236.39862060546875,387400
TRI.TO,2025-09-04,246.35000610351562,248.16000366210938,245.82000732421875,247.17999267578125,238.7359619140625,296600
TRI.TO,2025-09-05,247.92999267578125,248.5,240.05999755859375,241.92999267578125,233.66529846191406,502600
TRI.TO,2025-09-08,241.3699951171875,241.3699951171875,237.83999633789062,239.6300048828125,231.44387817382812,440400
TRI.TO,2025-09-09,242.82000732421875,243.64999389648438,240.44000244140625,243.33999633789062,235.02713012695312,503200
TRI.TO,2025-09-10,240.88999938964844,241.52999877929688,236.0399932861328,236.3000030517578,228.2276153564453,360600
TRI.TO,2025-09-11,236.16000366210938,241.11000061035156,236.0,239.9499969482422,231.75294494628906,387200
TRI.TO,2025-09-12,239.9499969482422,240.49000549316406,239.1300048828125,239.5,231.3183135986328,209000
TRI.TO,2025-09-15,239.10000610351562,239.8300018310547,235.5500030517578,235.7899932861328,227.73504638671875,340900
TRI.TO,2025-09-16,234.97000122070312,234.97000122070312,233.3000030517578,233.3000030517578,225.33010864257812,674000
TRI.TO,2025-09-17,233.80999755859375,236.16000366210938,232.24000549316406,232.89999389648438,224.94375610351562,611400
TRI.TO,2025-09-18,232.86000061035156,234.0399932861328,221.35000610351562,221.6999969482422,214.1263885498047,1101700
TRI.TO,2025-09-19,224.10000610351562,224.1199951171875,220.77999877929688,224.0,216.34780883789062,1641400
TRI.TO,2025-09-22,223.4600067138672,225.4499969482422,222.35000610351562,225.42999267578125,217.72894287109375,687200
TRI.TO,2025-09-23,224.1300048828125,225.99000549316406,221.60000610351562,222.52000427246094,214.91836547851562,368200
TRI.TO,2025-09-24,222.55999755859375,223.55999755859375,219.0500030517578,219.2899932861328,211.79872131347656,420900
TRI.TO,2025-09-25,220.02000427246094,221.42999267578125,219.0800018310547,220.2899932861328,212.76455688476562,479500
TRI.TO,2025-09-26,221.60000610351562,221.60000610351562,218.19000244140625,218.7899932861328,211.3157958984375,490600
TRI.TO,2025-09-29,218.5,219.72999572753906,216.83999633789062,217.52000427246094,210.08917236328125,509600
TRI.TO,2025-09-30,217.89999389648438,218.77000427246094,215.8300018310547,216.10000610351562,208.7176971435547,794200
TRI.TO,2025-10-01,216.11000061035156,217.0,212.69000244140625,212.77999877929688,205.5111083984375,480400
TRI.TO,2025-10-02,212.44000244140625,212.5500030517578,209.52999877929688,211.5500030517578,204.32313537597656,854900
TRI.TO,2025-10-03,211.0500030517578,214.32000732421875,209.8800048828125,213.47999572753906,206.1871795654297,589100
TRI.TO,2025-10-06,215.5800018310547,215.5800018310547,210.72999572753906,212.22000122070312,204.97024536132812,566800
TRI.TO,2025-10-07,212.57000732421875,212.57000732421875,209.82000732421875,211.35000610351562,204.1299591064453,519200
TRI.TO,2025-10-08,211.41000366210938,212.11000061035156,210.25,211.75,204.51629638671875,634700
TRI.TO,2025-10-09,211.30999755859375,211.58999633789062,209.6999969482422,210.47999572753906,203.28965759277344,292000
TRI.TO,2025-10-10,211.38999938964844,213.02000427246094,209.22999572753906,212.02999877929688,204.7867431640625,474400
TRI.TO,2025-10-14,213.6300048828125,218.44000244140625,212.77999877929688,217.13999938964844,209.72216796875,679200
TRI.TO,2025-10-15,224.3699951171875,225.5,221.49000549316406,223.77999877929688,216.1353302001953,581400
TRI.TO,2025-10-16,224.9600067138672,225.41000366210938,219.50999450683594,219.75,212.24298095703125,426700
TRI.TO,2025-10-17,219.4600067138672,224.07000732421875,218.92999267578125,222.17999267578125,214.5899658203125,440200
TRI.TO,2025-10-20,222.85000610351562,226.16000366210938,222.30999755859375,225.74000549316406,218.02838134765625,287400
TRI.TO,2025-10-21,226.75,227.75999450683594,224.69000244140625,225.7100067138672,217.99940490722656,259700
TRI.TO,2025-10-22,226.85000610351562,228.75999450683594,224.5500030517578,228.1999969482422,220.40432739257812,356900
TRI.TO,2025-10-23,228.75999450683594,228.77000427246094,226.02000427246094,228.63999938964844,220.8292999267578,366500
TRI.TO,2025-10-24,229.16000366210938,230.0,227.14999389648438,227.5500030517578,219.77655029296875,340800
TRI.TO,2025-10-27,228.0800018310547,228.19000244140625,226.05999755859375,227.22000122070312,219.45782470703125,348300
TRI.TO,2025-10-28,226.1199951171875,228.49000549316406,224.97000122070312,225.4600067138672,217.75794982910156,289900
TRI.TO,2025-10-29,223.47000122070312,223.61000061035156,211.3800048828125,213.19000244140625,205.90708923339844,575600
TRI.TO,2025-10-30,213.63999938964844,216.5,213.47999572753906,216.1699981689453,208.7852783203125,539900
TRI.TO,2025-10-31,216.00999450683594,217.4199981689453,214.27000427246094,214.83999633789062,207.500732421875,427200
TRI.TO,2025-11-03,215.3699951171875,219.50999450683594,213.97999572753906,218.9199981689453,211.44134521484375,622900
TRI.TO,2025-11-04,221.10000610351562,221.8699951171875,204.85000610351562,206.6300048828125,199.57119750976562,958600
TRI.TO,2025-11-05,210.0,211.52999877929688,202.7100067138672,203.52999877929688,196.57708740234375,755600
TRI.TO,2025-11-06,202.75,202.7899932861328,195.16000366210938,196.24000549316406,189.5361328125,496600
TRI.TO,2025-11-07,197.86000061035156,198.00999450683594,191.5,192.99000549316406,186.39715576171875,474600
TRI.TO,2025-11-10,192.72000122070312,192.8699951171875,188.6699981689453,190.0,183.50930786132812,497900
TRI.TO,2025-11-11,190.0,192.72000122070312,189.1300048828125,192.4600067138672,185.88526916503906,373500
TRI.TO,2025-11-12,192.10000610351562,194.0399932861328,190.02000427246094,193.75,187.13119506835938,608100
TRI.TO,2025-11-13,192.58999633789062,199.16000366210938,190.92999267578125,197.1199951171875,190.3860626220703,463300
TRI.TO,2025-11-14,197.80999755859375,199.1300048828125,194.9199981689453,198.0500030517578,191.28431701660156,489900
TRI.TO,2025-11-17,198.0500030517578,198.38999938964844,192.3000030517578,192.69000244140625,186.107421875,341400
TRI.TO,2025-11-18,191.61000061035156,193.36000061035156,188.3000030517578,189.80999755859375,184.1246337890625,349700
TRI.TO,2025-11-19,189.61000061035156,190.02999877929688,186.19000244140625,188.86000061035156,183.2030792236328,415800
TRI.TO,2025-11-20,188.8000030517578,189.4499969482422,185.25,185.77000427246094,180.2056427001953,423000
TRI.TO,2025-11-21,185.02999877929688,191.4199981689453,185.0,190.47999572753906,184.77455139160156,504900
TRI.TO,2025-11-24,190.75999450683594,191.10000610351562,186.14999389648438,186.89999389648438,181.3018035888672,1298600
TRI.TO,2025-11-25,186.88999938964844,189.0800018310547,185.52999877929688,188.7100067138672,183.05760192871094,420500
TRI.TO,2025-11-26,188.6999969482422,189.10000610351562,186.2899932861328,188.16000366210938,182.52406311035156,496900
TRI.TO,2025-11-27,188.00999450683594,189.91000366210938,187.75,189.0,183.33889770507812,105100
TRI.TO,2025-11-28,189.11000061035156,189.6300048828125,186.97999572753906,189.5500030517578,183.87240600585938,294700
TRI.TO,2025-12-01,187.1699981689453,188.33999633789062,186.0,186.49000549316406,180.90406799316406,291400
TRI.TO,2025-12-02,187.0,187.0,184.80999755859375,186.4199981689453,180.83616638183594,349400
TRI.TO,2025-12-03,185.82000732421875,188.08999633789062,185.74000549316406,187.47000122070312,181.85472106933594,262400
TRI.TO,2025-12-04,187.52000427246094,188.16000366210938,185.60000610351562,186.63999938964844,181.04957580566406,379300
TRI.TO,2025-12-05,186.9199981689453,188.44000244140625,184.3300018310547,184.66000366210938,179.12890625,571700
TRI.TO,2025-12-08,184.44000244140625,184.44000244140625,179.47999572753906,179.74000549316406,174.3562469482422,449100
TRI.TO,2025-12-09,179.72000122070312,180.72000122070312,178.07000732421875,178.25999450683594,172.92059326171875,417100
TRI.TO,2025-12-10,177.0,179.57000732421875,177.0,179.32000732421875,173.9488525390625,445800
TRI.TO,2025-12-11,179.72000122070312,183.0399932861328,179.4199981689453,181.69000244140625,176.24786376953125,434500
TRI.TO,2025-12-12,181.80999755859375,182.8699951171875,179.19000244140625,179.88999938964844,174.50177001953125,493500
TRI.TO,2025-12-15,180.05999755859375,182.7899932861328,180.05999755859375,181.63999938964844,176.19935607910156,300700
TRI.TO,2025-12-16,180.3699951171875,183.4499969482422,179.88999938964844,182.2100067138672,176.7522735595703,435300
TRI.TO,2025-12-17,181.74000549316406,184.5399932861328,181.0,182.11000061035156,176.65525817871094,292200
TRI.TO,2025-12-18,182.8800048828125,184.0800018310547,180.1199951171875,181.22999572753906,175.80162048339844,433500
TRI.TO,2025-12-19,181.24000549316406,182.60000610351562,180.3000030517578,182.02000427246094,176.56796264648438,1000800
TRI.TO,2025-12-22,182.27000427246094,182.97999572753906,180.25999450683594,182.88999938964844,177.41189575195312,233700
TRI.TO,2025-12-23,182.7899932861328,182.8800048828125,180.77999877929688,182.22000122070312,176.761962890625,244700
TRI.TO,2025-12-24,181.67999267578125,182.86000061035156,180.9199981689453,181.75999450683594,176.31573486328125,105000
TRI.TO,2025-12-29,181.0,182.6300048828125,181.0,182.47999572753906,177.01419067382812,456600
TRI.TO,2025-12-30,182.16000366210938,182.4199981689453,181.10000610351562,181.9199981689453,176.470947265625,245500
TRI.TO,2025-12-31,181.7899932861328,181.89999389648438,180.89999389648438,181.1300048828125,175.7046356201172,206900
TRI.TO,2026-01-02,181.6999969482422,181.6999969482422,173.4600067138672,173.66000366210938,168.45835876464844,469000
TRI.TO,2026-01-05,175.13999938964844,179.17999267578125,175.13999938964844,178.16000366210938,172.82359313964844,430600
TRI.TO,2026-01-06,177.50999450683594,181.08999633789062,175.08999633789062,180.44000244140625,175.03530883789062,381400
TRI.TO,2026-01-07,179.58999633789062,181.63999938964844,176.82000732421875,177.22000122070312,171.9117431640625,412900
TRI.TO,2026-01-08,176.89999389648438,179.91000366210938,176.89999389648438,179.2899932861328,173.9197235107422,290000
TRI.TO,2026-01-09,178.67999267578125,180.64999389648438,177.3699951171875,179.94000244140625,174.55027770996094,269200
TRI.TO,2026-01-12,178.69000244140625,180.30999755859375,178.00999450683594,178.86000061035156,173.5026092529297,298400
TRI.TO,2026-01-13,178.8300018310547,178.8300018310547,174.72999572753906,175.55999755859375,170.30145263671875,360700
TRI.TO,2026-01-14,174.91000366210938,178.0500030517578,174.6300048828125,176.7899932861328,171.49461364746094,545700
TRI.TO,2026-01-15,176.97999572753906,177.55999755859375,172.72000122070312,173.47999572753906,168.28375244140625,486700
TRI.TO,2026-01-16,173.85000610351562,175.00999450683594,171.47999572753906,172.49000549316406,167.3234100341797,511400
TRI.TO,2026-01-19,171.91000366210938,171.91000366210938,168.99000549316406,169.9499969482422,164.85948181152344,225700
TRI.TO,2026-01-20,169.8699951171875,170.3699951171875,167.25,167.30999755859375,162.298583984375,818300
TRI.TO,2026-01-21,167.52000427246094,167.52000427246094,164.00999450683594,166.13999938964844,161.1636199951172,875700
TRI.TO,2026-01-22,166.4499969482422,168.92999267578125,165.3000030517578,168.05999755859375,163.02609252929688,312600
TRI.TO,2026-01-23,167.41000366210938,170.07000732421875,166.9199981689453,169.10000610351562,164.0349578857422,473800
TRI.TO,2026-01-26,169.88999938964844,170.11000061035156,167.94000244140625,169.05999755859375,163.99615478515625,710300
TRI.TO,2026-01-27,168.33999633789062,168.33999633789062,160.7899932861328,161.39999389648438,156.56558227539062,412000
TRI.TO,2026-01-28,161.55999755859375,161.55999755859375,158.74000549316406,158.91000366210938,154.15017700195312,744100
TRI.TO,2026-01-29,158.89999389648438,159.50999450683594,150.99000549316406,151.9499969482422,147.39865112304688,829600
TRI.TO,2026-01-30,150.7100067138672,151.9499969482422,149.66000366210938,150.4499969482422,145.94357299804688,804100
TRI.TO,2026-02-02,155.0,155.0,148.47999572753906,149.0,144.53700256347656,743000
TRI.TO,2026-02-03,134.99000549316406,134.99000549316406,117.97000122070312,125.41000366210938,121.65360260009766,2640000
TRI.TO,2026-02-04,124.94000244140625,129.4600067138672,120.12999725341797,127.87000274658203,124.03990936279297,2001500
TRI.TO,2026-02-05,134.88999938964844,137.6699981689453,116.5,120.94999694824219,117.32719421386719,2674800
TRI.TO,2026-02-06,121.94000244140625,122.87999725341797,116.20999908447266,120.18000030517578,116.58025360107422,1435000
TRI.TO,2026-02-09,120.2699966430664,122.06999969482422,117.33000183105469,121.20999908447266,117.57939910888672,700400
TRI.TO,2026-02-10,121.25,127.41999816894531,117.56999969482422,123.16999816894531,119.48069763183594,1447400
TRI.TO,2026-02-11,123.0,123.0,117.5,120.93000030517578,117.30779266357422,1029700
TRI.TO,2026-02-12,121.19000244140625,121.19000244140625,114.9000015258789,116.76000213623047,113.2626953125,1629400
TRI.TO,2026-02-13,116.95999908447266,120.87000274658203,116.66999816894531,118.44999694824219,114.90206909179688,800300
TRI.TO,2026-02-17,117.13999938964844,117.26000213623047,112.1500015258789,113.4800033569336,110.91715240478516,950900
TRI.TO,2026-02-18,114.04000091552734,118.41000366210938,112.69999694824219,117.37999725341797,114.72906494140625,507400
TRI.TO,2026-02-19,117.38999938964844,118.05000305175781,115.23999786376953,116.66999816894531,114.03510284423828,808300
TRI.TO,2026-02-20,116.2300033569336,118.20999908447266,113.55999755859375,113.98999786376953,111.4156265258789,1050700
TRI.TO,2026-02-23,113.04000091552734,113.04000091552734,109.19999694824219,110.83999633789062,108.3367691040039,1189700
TRI.TO,2026-02-24,112.2300033569336,126.56999969482422,110.93000030517578,123.44999694824219,120.66197967529297,2440800
TRI.TO,2026-02-25,126.05999755859375,138.13999938964844,126.0,135.9199981689453,132.85035705566406,2564900
TRI.TO,2026-02-26,137.1999969482422,139.89999389648438,134.0,136.50999450683594,133.42703247070312,1472000
TRI.TO,2026-02-27,137.1999969482422,137.36000061035156,129.75999450683594,131.3300018310547,128.36402893066406,1705100
TRI.TO,2026-03-02,130.05999755859375,136.8000030517578,127.91999816894531,136.0500030517578,132.9774169921875,1028500
TRI.TO,2026-03-03,134.69000244140625,144.41000366210938,134.69000244140625,144.1699981689453,140.91404724121094,903000
TRI.TO,2026-03-04,143.39999389648438,144.9499969482422,140.41000366210938,142.9199981689453,139.69227600097656,879800
TRI.TO,2026-03-05,143.22000122070312,150.35000610351562,142.50999450683594,149.5800018310547,146.2018585205078,1354600
TRI.TO,2026-03-06,147.38999938964844,151.77999877929688,145.9199981689453,151.44000244140625,148.0198516845703,978100
TRI.TO,2026-03-09,150.99000549316406,153.8300018310547,148.66000366210938,151.38999938964844,147.97097778320312,1031400
TRI.TO,2026-03-10,150.60000610351562,150.60000610351562,139.6300048828125,140.74000549316406,137.56150817871094,1071400
TRI.TO,2026-03-11,141.05999755859375,144.55999755859375,138.0,140.05999755859375,136.8968505859375,805900
TRI.TO,2026-03-12,140.0,144.27999877929688,135.0500030517578,135.35000610351562,132.29324340820312,929900
TRI.TO,2026-03-13,135.75999450683594,136.5,131.75999450683594,132.25,129.26324462890625,1180800
TRI.TO,2026-03-16,131.9600067138672,131.9600067138672,128.47000122070312,131.4600067138672,128.4910888671875,867500
TRI.TO,2026-03-17,132.08999633789062,134.99000549316406,130.36000061035156,130.9199981689453,127.9632797241211,584200
TRI.TO,2026-03-18,129.94000244140625,130.35000610351562,127.77999877929688,129.02000427246094,126.10619354248047,754600
TRI.TO,2026-03-19,129.30999755859375,131.66000366210938,124.9000015258789,128.1999969482422,125.30470275878906,1216400
TRI.TO,2026-03-20,127.56999969482422,129.38999938964844,124.8499984741211,128.0399932861328,125.1483154296875,1182500
TRI.TO,2026-03-23,127.48999786376953,127.94999694824219,122.58000183105469,125.0,122.1769790649414,737800
TRI.TO,2026-03-24,125.41000366210938,125.41000366210938,120.12999725341797,120.41000366210938,117.69064331054688,556900
TRI.TO,2026-03-25,122.0999984741211,122.27999877929688,117.7699966430664,120.87000274658203,118.14025115966797,601900
TRI.TO,2026-03-26,120.72000122070312,125.55999755859375,120.45999908447266,125.36000061035156,122.52884674072266,669300
TRI.TO,2026-03-27,124.48999786376953,125.30999755859375,122.51000213623047,124.26000213623047,121.45369720458984,455700
TRI.TO,2026-03-30,124.83000183105469,128.25,124.83000183105469,126.88999938964844,124.0242919921875,611000
TRI.TO,2026-03-31,128.0,128.3000030517578,123.70999908447266,125.55999755859375,122.72432708740234,706400
TRI.TO,2026-04-01,125.48999786376953,125.8499984741211,121.73999786376953,122.41999816894531,119.6552505493164,810900
TRI.TO,2026-04-02,122.41999816894531,125.58000183105469,120.51000213623047,125.58000183105469,122.74388122558594,659000
TRI.TO,2026-04-06,125.56999969482422,126.76000213623047,124.23999786376953,126.16000366210938,123.31078338623047,295500
TRI.TO,2026-04-07,124.27999877929688,126.43000030517578,122.37999725341797,123.08000183105469,120.30033874511719,488800
TRI.TO,2026-04-08,124.87000274658203,124.87999725341797,118.77999877929688,119.22000122070312,116.52751159667969,719700
TRI.TO,2026-04-09,119.12999725341797,119.12999725341797,113.44000244140625,117.2699966430664,114.62155151367188,796900
TRI.TO,2026-04-10,117.62999725341797,117.6500015258789,113.73999786376953,115.27999877929688,112.67649841308594,516400
TRI.TO,2026-04-13,115.5199966430664,120.87999725341797,115.5199966430664,120.61000061035156,117.88612365722656,572400
TRI.TO,2026-04-14,120.72000122070312,121.91999816894531,118.91000366210938,121.22000122070312,118.48234558105469,620100
TRI.TO,2026-04-15,121.2300033569336,128.4600067138672,121.22000122070312,126.91000366210938,124.0438461303711,842100
TRI.TO,2026-04-16,128.11000061035156,131.2899932861328,127.37000274658203,127.55000305175781,124.66938781738281,1218800
TRI.TO,2026-04-17,129.14999389648438,129.86000061035156,125.51000213623047,127.44999694824219,124.57164764404297,522800
TRI.TO,2026-04-20,127.69000244140625,129.67999267578125,127.19000244140625,129.67999267578125,126.75127410888672,604600
TRI.TO,2026-04-21,129.0,133.9499969482422,128.33999633789062,132.44000244140625,129.44894409179688,954100
TRI.TO,2026-04-22,132.44000244140625,132.9499969482422,125.1500015258789,126.98999786376953,124.12203216552734,638900
TRI.TO,2026-04-23,125.51000213623047,126.5,121.2300033569336,123.51000213623047,120.72062683105469,1253700
TRI.TO,2026-04-24,123.9800033569336,124.08999633789062,120.62000274658203,122.6500015258789,119.88005065917969,573000
TRI.TO,2026-04-27,122.06999969482422,123.62000274658203,121.2300033569336,121.4800033569336,118.73648071289062,359000
TRI.TO,2026-04-28,122.55000305175781,124.31999969482422,119.9000015258789,123.04000091552734,120.26124572753906,546400
TRI.TO,2026-04-29,123.05999755859375,127.73999786376953,122.81999969482422,127.73999786376953,124.85509490966797,441600
TRI.TO,2026-04-30,126.4000015258789,130.49000549316406,126.16000366210938,129.94000244140625,127.00541687011719,673500
TRI.TO,2026-05-01,130.92999267578125,133.14999389648438,128.11000061035156,128.17999267578125,125.28515625,478900
TRI.TO,2026-05-04,129.60000610351562,133.3000030517578,128.0,130.5,129.52320861816406,233500
TRI.TO,2026-05-05,132.77999877929688,139.5,123.80999755859375,129.42999267578125,128.46121215820312,738300
TRI.TO,2026-05-06,130.1199951171875,130.32000732421875,122.16000366210938,125.86000061035156,124.91793823242188,1122500
TRI.TO,2026-05-07,125.23999786376953,130.9499969482422,125.11000061035156,127.29000091552734,126.33723449707031,643400
TRI.TO,2026-05-08,126.83999633789062,127.4800033569336,123.77999877929688,126.94000244140625,125.98985290527344,768200
TRI.TO,2026-05-11,125.55999755859375,127.41000366210938,120.62000274658203,122.0199966430664,121.10667419433594,572400
TRI.TO,2026-05-12,123.68000030517578,124.36000061035156,115.70999908447266,119.5999984741211,118.70478820800781,1067800
TRI.TO,2026-05-13,119.25,119.25,111.75,112.62000274658203,111.77703857421875,841300
TRI.TO,2026-05-14,113.1500015258789,113.80000305175781,107.91000366210938,108.61000061035156,107.79705047607422,881300
TRI.TO,2026-05-15,109.4000015258789,114.11000061035156,109.0,114.05999755859375,113.20625305175781,845300
TRI.TO,2026-05-19,120.08999633789062,125.83999633789062,119.58000183105469,120.23999786376953,119.33999633789062,1438900
TRI.TO,2026-05-20,118.44000244140625,118.9000015258789,115.5,117.25,117.25,573100
TRI.TO,2026-05-21,117.0,118.87999725341797,114.25,117.88999938964844,117.88999938964844,583300
TRI.TO,2026-05-22,116.91999816894531,121.30000305175781,116.91999816894531,118.5999984741211,118.5999984741211,802600
TRI.TO,2026-05-25,119.1500015258789,120.98999786376953,118.58999633789062,119.18000030517578,119.18000030517578,173600
TRI.TO,2026-05-26,118.18000030517578,118.38999938964844,115.30999755859375,115.58999633789062,115.58999633789062,603000
TRI.TO,2026-05-27,115.23999786376953,117.80999755859375,113.5999984741211,113.69999694824219,113.69999694824219,538400
TRI.TO,2026-05-28,114.20999908447266,118.31999969482422,113.5199966430664,116.54000091552734,116.54000091552734,374200
TRI.TO,2026-05-29,116.19000244140625,120.19999694824219,114.68000030517578,119.54000091552734,119.54000091552734,2434800
TRI.TO,2026-06-01,118.86000061035156,130.24000549316406,118.86000061035156,129.86000061035156,129.86000061035156,826300
TRI.TO,2026-06-02,128.60000610351562,128.60000610351562,119.16000366210938,119.41000366210938,119.41000366210938,847600
TRI.TO,2026-06-03,119.25,119.25,115.2300033569336,115.91000366210938,115.91000366210938,438500
TRI.TO,2026-06-04,117.5,121.5999984741211,117.48999786376953,119.3499984741211,119.3499984741211,593100
TRI.TO,2026-06-05,120.0,121.80000305175781,118.55000305175781,120.12000274658203,120.12000274658203,517900
TRI.TO,2026-06-08,118.87000274658203,118.87000274658203,116.02999877929688,116.12000274658203,116.12000274658203,326900
TRI.TO,2026-06-09,115.9800033569336,118.23999786376953,113.91000366210938,114.87000274658203,114.87000274658203,710800
TRI.TO,2026-06-10,114.25,116.12999725341797,110.87000274658203,114.51000213623047,114.51000213623047,785300
TRI.TO,2026-06-11,114.45999908447266,114.47000122070312,111.19999694824219,112.06999969482422,112.06999969482422,564500
TRI.TO,2026-06-12,111.94000244140625,115.31999969482422,109.33999633789062,114.08999633789062,114.08999633789062,724300
TRI.TO,2026-06-15,114.41999816894531,116.7699966430664,112.55999755859375,112.69999694824219,112.69999694824219,561200
TRI.TO,2026-06-16,112.83999633789062,114.51000213623047,111.37999725341797,113.66999816894531,113.66999816894531,685800
TRI.TO,2026-06-17,112.77999877929688,115.69000244140625,111.18000030517578,112.05999755859375,112.05999755859375,1268300
TRI.TO,2026-06-18,111.93000030517578,112.16000366210938,108.83000183105469,111.0199966430664,111.0199966430664,1198300
TRI.TO,2026-06-19,111.5,114.01000213623047,111.5,113.94999694824219,113.94999694824219,1368900
TRI.TO,2026-06-22,111.0,112.36000061035156,108.05999755859375,108.5,108.5,1154000
TRI.TO,2026-06-23,110.5199966430664,114.9800033569336,110.0,114.83999633789062,114.83999633789062,828600
TRI.TO,2026-06-24,114.37000274658203,117.18000030517578,113.0199966430664,115.25,115.25,616600
TRI.TO,2026-06-25,114.76000213623047,117.8499984741211,112.94999694824219,115.0199966430664,115.0199966430664,720000
TRI.TO,2026-06-26,116.08000183105469,119.75,115.83999633789062,119.04000091552734,119.04000091552734,961800
TRI.TO,2026-06-29,120.69999694824219,121.19999694824219,113.9000015258789,117.48999786376953,117.48999786376953,658400
TRI.TO,2026-06-30,115.52999877929688,116.69000244140625,113.68000030517578,115.83999633789062,115.83999633789062,660100
TRI.TO,2026-07-02,119.3499984741211,126.97000122070312,119.26000213623047,126.62000274658203,126.62000274658203,1012500
TRI.TO,2026-07-03,126.08999633789062,126.80999755859375,124.5,124.87999725341797,124.87999725341797,142300
TRI.TO,2026-07-06,125.22000122070312,127.11000061035156,123.4800033569336,124.73999786376953,124.73999786376953,436800
TRI.TO,2026-07-07,127.38999938964844,132.3300018310547,127.38999938964844,128.89999389648438,128.89999389648438,596500
TRI.TO,2026-07-08,128.5,128.97999572753906,125.33000183105469,126.02999877929688,126.02999877929688,204966
